<?xml version="1.0" encoding="UTF-8"?>
<gpx version="1.1" creator="Kairos" xmlns="http://www.topografix.com/GPX/1/1">
  <trk>
    <name>sidecar-srt-4560a621b953dc5b</name>
    <trkseg>
      <trkpt lat="25.086391" lon="104.728897"><time>2026-04-26T05:51:34.000Z</time></trkpt>
      <trkpt lat="25.086391" lon="104.728897"><time>2026-04-26T05:51:34.016Z</time></trkpt>
      <trkpt lat="25.086391" lon="104.728897"><time>2026-04-26T05:51:34.032Z</time></trkpt>
      <trkpt lat="25.086391" lon="104.728897"><time>2026-04-26T05:51:34.049Z</time></trkpt>
      <trkpt lat="25.086391" lon="104.728897"><time>2026-04-26T05:51:34.066Z</time></trkpt>
      <trkpt lat="25.086391" lon="104.728897"><time>2026-04-26T05:51:34.082Z</time></trkpt>
      <trkpt lat="25.086391" lon="104.728897"><time>2026-04-26T05:51:34.099Z</time></trkpt>
      <trkpt lat="25.086391" lon="104.728897"><time>2026-04-26T05:51:34.116Z</time></trkpt>
      <trkpt lat="25.086391" lon="104.728897"><time>2026-04-26T05:51:34.132Z</time></trkpt>
      <trkpt lat="25.086391" lon="104.728897"><time>2026-04-26T05:51:34.149Z</time></trkpt>
      <trkpt lat="25.086391" lon="104.728897"><time>2026-04-26T05:51:34.166Z</time></trkpt>
      <trkpt lat="25.086391" lon="104.728897"><time>2026-04-26T05:51:34.182Z</time></trkpt>
      <trkpt lat="25.086391" lon="104.728897"><time>2026-04-26T05:51:34.199Z</time></trkpt>
      <trkpt lat="25.086391" lon="104.728897"><time>2026-04-26T05:51:34.216Z</time></trkpt>
      <trkpt lat="25.086391" lon="104.728897"><time>2026-04-26T05:51:34.232Z</time></trkpt>
      <trkpt lat="25.086391" lon="104.728897"><time>2026-04-26T05:51:34.249Z</time></trkpt>
      <trkpt lat="25.086391" lon="104.728897"><time>2026-04-26T05:51:34.266Z</time></trkpt>
      <trkpt lat="25.086391" lon="104.728897"><time>2026-04-26T05:51:34.282Z</time></trkpt>
      <trkpt lat="25.086391" lon="104.728897"><time>2026-04-26T05:51:34.299Z</time></trkpt>
      <trkpt lat="25.086391" lon="104.728897"><time>2026-04-26T05:51:34.316Z</time></trkpt>
      <trkpt lat="25.086391" lon="104.728897"><time>2026-04-26T05:51:34.333Z</time></trkpt>
      <trkpt lat="25.086391" lon="104.728897"><time>2026-04-26T05:51:34.349Z</time></trkpt>
      <trkpt lat="25.086391" lon="104.728897"><time>2026-04-26T05:51:34.366Z</time></trkpt>
      <trkpt lat="25.086391" lon="104.728897"><time>2026-04-26T05:51:34.383Z</time></trkpt>
      <trkpt lat="25.086391" lon="104.728897"><time>2026-04-26T05:51:34.399Z</time></trkpt>
      <trkpt lat="25.086391" lon="104.728897"><time>2026-04-26T05:51:34.416Z</time></trkpt>
      <trkpt lat="25.086391" lon="104.728897"><time>2026-04-26T05:51:34.433Z</time></trkpt>
      <trkpt lat="25.086391" lon="104.728897"><time>2026-04-26T05:51:34.449Z</time></trkpt>
      <trkpt lat="25.086391" lon="104.728897"><time>2026-04-26T05:51:34.466Z</time></trkpt>
      <trkpt lat="25.086391" lon="104.728897"><time>2026-04-26T05:51:34.483Z</time></trkpt>
      <trkpt lat="25.086391" lon="104.728897"><time>2026-04-26T05:51:34.499Z</time></trkpt>
      <trkpt lat="25.086391" lon="104.728897"><time>2026-04-26T05:51:34.516Z</time></trkpt>
      <trkpt lat="25.086391" lon="104.728897"><time>2026-04-26T05:51:34.533Z</time></trkpt>
      <trkpt lat="25.086391" lon="104.728897"><time>2026-04-26T05:51:34.549Z</time></trkpt>
      <trkpt lat="25.086391" lon="104.728897"><time>2026-04-26T05:51:34.566Z</time></trkpt>
      <trkpt lat="25.086391" lon="104.728897"><time>2026-04-26T05:51:34.583Z</time></trkpt>
      <trkpt lat="25.086391" lon="104.728897"><time>2026-04-26T05:51:34.599Z</time></trkpt>
      <trkpt lat="25.086391" lon="104.728897"><time>2026-04-26T05:51:34.616Z</time></trkpt>
      <trkpt lat="25.086391" lon="104.728897"><time>2026-04-26T05:51:34.633Z</time></trkpt>
      <trkpt lat="25.086391" lon="104.728897"><time>2026-04-26T05:51:34.650Z</time></trkpt>
      <trkpt lat="25.086391" lon="104.728897"><time>2026-04-26T05:51:34.666Z</time></trkpt>
      <trkpt lat="25.086391" lon="104.728897"><time>2026-04-26T05:51:34.683Z</time></trkpt>
      <trkpt lat="25.086391" lon="104.728897"><time>2026-04-26T05:51:34.700Z</time></trkpt>
      <trkpt lat="25.086391" lon="104.728897"><time>2026-04-26T05:51:34.716Z</time></trkpt>
      <trkpt lat="25.086391" lon="104.728897"><time>2026-04-26T05:51:34.733Z</time></trkpt>
      <trkpt lat="25.086391" lon="104.728897"><time>2026-04-26T05:51:34.750Z</time></trkpt>
      <trkpt lat="25.086391" lon="104.728897"><time>2026-04-26T05:51:34.766Z</time></trkpt>
      <trkpt lat="25.086391" lon="104.728897"><time>2026-04-26T05:51:34.783Z</time></trkpt>
      <trkpt lat="25.086391" lon="104.728897"><time>2026-04-26T05:51:34.800Z</time></trkpt>
      <trkpt lat="25.086391" lon="104.728897"><time>2026-04-26T05:51:34.816Z</time></trkpt>
      <trkpt lat="25.086391" lon="104.728897"><time>2026-04-26T05:51:34.833Z</time></trkpt>
      <trkpt lat="25.086391" lon="104.728897"><time>2026-04-26T05:51:34.850Z</time></trkpt>
      <trkpt lat="25.086391" lon="104.728897"><time>2026-04-26T05:51:34.866Z</time></trkpt>
      <trkpt lat="25.086391" lon="104.728897"><time>2026-04-26T05:51:34.883Z</time></trkpt>
      <trkpt lat="25.086391" lon="104.728897"><time>2026-04-26T05:51:34.900Z</time></trkpt>
      <trkpt lat="25.086391" lon="104.728897"><time>2026-04-26T05:51:34.916Z</time></trkpt>
      <trkpt lat="25.086391" lon="104.728897"><time>2026-04-26T05:51:34.933Z</time></trkpt>
      <trkpt lat="25.086391" lon="104.728897"><time>2026-04-26T05:51:34.950Z</time></trkpt>
      <trkpt lat="25.08639" lon="104.728896"><time>2026-04-26T05:51:34.967Z</time></trkpt>
      <trkpt lat="25.08639" lon="104.728896"><time>2026-04-26T05:51:34.983Z</time></trkpt>
      <trkpt lat="25.08639" lon="104.728896"><time>2026-04-26T05:51:35.000Z</time></trkpt>
      <trkpt lat="25.08639" lon="104.728896"><time>2026-04-26T05:51:35.017Z</time></trkpt>
      <trkpt lat="25.08639" lon="104.728896"><time>2026-04-26T05:51:35.033Z</time></trkpt>
      <trkpt lat="25.08639" lon="104.728896"><time>2026-04-26T05:51:35.050Z</time></trkpt>
      <trkpt lat="25.086389" lon="104.728896"><time>2026-04-26T05:51:35.067Z</time></trkpt>
      <trkpt lat="25.086389" lon="104.728896"><time>2026-04-26T05:51:35.083Z</time></trkpt>
      <trkpt lat="25.086389" lon="104.728896"><time>2026-04-26T05:51:35.100Z</time></trkpt>
      <trkpt lat="25.086389" lon="104.728896"><time>2026-04-26T05:51:35.117Z</time></trkpt>
      <trkpt lat="25.086389" lon="104.728896"><time>2026-04-26T05:51:35.133Z</time></trkpt>
      <trkpt lat="25.086389" lon="104.728896"><time>2026-04-26T05:51:35.150Z</time></trkpt>
      <trkpt lat="25.086388" lon="104.728895"><time>2026-04-26T05:51:35.167Z</time></trkpt>
      <trkpt lat="25.086388" lon="104.728895"><time>2026-04-26T05:51:35.183Z</time></trkpt>
      <trkpt lat="25.086388" lon="104.728895"><time>2026-04-26T05:51:35.200Z</time></trkpt>
      <trkpt lat="25.086388" lon="104.728895"><time>2026-04-26T05:51:35.217Z</time></trkpt>
      <trkpt lat="25.086388" lon="104.728895"><time>2026-04-26T05:51:35.233Z</time></trkpt>
      <trkpt lat="25.086388" lon="104.728895"><time>2026-04-26T05:51:35.250Z</time></trkpt>
      <trkpt lat="25.086386" lon="104.728893"><time>2026-04-26T05:51:35.267Z</time></trkpt>
      <trkpt lat="25.086386" lon="104.728893"><time>2026-04-26T05:51:35.284Z</time></trkpt>
      <trkpt lat="25.086386" lon="104.728893"><time>2026-04-26T05:51:35.300Z</time></trkpt>
      <trkpt lat="25.086386" lon="104.728893"><time>2026-04-26T05:51:35.317Z</time></trkpt>
      <trkpt lat="25.086386" lon="104.728893"><time>2026-04-26T05:51:35.334Z</time></trkpt>
      <trkpt lat="25.086386" lon="104.728893"><time>2026-04-26T05:51:35.350Z</time></trkpt>
      <trkpt lat="25.086383" lon="104.728892"><time>2026-04-26T05:51:35.367Z</time></trkpt>
      <trkpt lat="25.086383" lon="104.728892"><time>2026-04-26T05:51:35.384Z</time></trkpt>
      <trkpt lat="25.086383" lon="104.728892"><time>2026-04-26T05:51:35.400Z</time></trkpt>
      <trkpt lat="25.086383" lon="104.728892"><time>2026-04-26T05:51:35.417Z</time></trkpt>
      <trkpt lat="25.086383" lon="104.728892"><time>2026-04-26T05:51:35.434Z</time></trkpt>
      <trkpt lat="25.086383" lon="104.728892"><time>2026-04-26T05:51:35.450Z</time></trkpt>
      <trkpt lat="25.08638" lon="104.72889"><time>2026-04-26T05:51:35.467Z</time></trkpt>
      <trkpt lat="25.08638" lon="104.72889"><time>2026-04-26T05:51:35.484Z</time></trkpt>
      <trkpt lat="25.08638" lon="104.72889"><time>2026-04-26T05:51:35.500Z</time></trkpt>
      <trkpt lat="25.08638" lon="104.72889"><time>2026-04-26T05:51:35.517Z</time></trkpt>
      <trkpt lat="25.08638" lon="104.72889"><time>2026-04-26T05:51:35.534Z</time></trkpt>
      <trkpt lat="25.08638" lon="104.72889"><time>2026-04-26T05:51:35.550Z</time></trkpt>
      <trkpt lat="25.086377" lon="104.728888"><time>2026-04-26T05:51:35.567Z</time></trkpt>
      <trkpt lat="25.086377" lon="104.728888"><time>2026-04-26T05:51:35.584Z</time></trkpt>
      <trkpt lat="25.086377" lon="104.728888"><time>2026-04-26T05:51:35.600Z</time></trkpt>
      <trkpt lat="25.086377" lon="104.728888"><time>2026-04-26T05:51:35.617Z</time></trkpt>
      <trkpt lat="25.086377" lon="104.728888"><time>2026-04-26T05:51:35.634Z</time></trkpt>
      <trkpt lat="25.086377" lon="104.728888"><time>2026-04-26T05:51:35.651Z</time></trkpt>
      <trkpt lat="25.086374" lon="104.728886"><time>2026-04-26T05:51:35.667Z</time></trkpt>
      <trkpt lat="25.086374" lon="104.728886"><time>2026-04-26T05:51:35.684Z</time></trkpt>
      <trkpt lat="25.086374" lon="104.728886"><time>2026-04-26T05:51:35.701Z</time></trkpt>
      <trkpt lat="25.086374" lon="104.728886"><time>2026-04-26T05:51:35.717Z</time></trkpt>
      <trkpt lat="25.086374" lon="104.728886"><time>2026-04-26T05:51:35.734Z</time></trkpt>
      <trkpt lat="25.086374" lon="104.728886"><time>2026-04-26T05:51:35.751Z</time></trkpt>
      <trkpt lat="25.08637" lon="104.728883"><time>2026-04-26T05:51:35.767Z</time></trkpt>
      <trkpt lat="25.08637" lon="104.728883"><time>2026-04-26T05:51:35.784Z</time></trkpt>
      <trkpt lat="25.08637" lon="104.728883"><time>2026-04-26T05:51:35.801Z</time></trkpt>
      <trkpt lat="25.08637" lon="104.728883"><time>2026-04-26T05:51:35.817Z</time></trkpt>
      <trkpt lat="25.08637" lon="104.728883"><time>2026-04-26T05:51:35.834Z</time></trkpt>
      <trkpt lat="25.08637" lon="104.728883"><time>2026-04-26T05:51:35.851Z</time></trkpt>
      <trkpt lat="25.086366" lon="104.72888"><time>2026-04-26T05:51:35.867Z</time></trkpt>
      <trkpt lat="25.086366" lon="104.72888"><time>2026-04-26T05:51:35.884Z</time></trkpt>
      <trkpt lat="25.086366" lon="104.72888"><time>2026-04-26T05:51:35.901Z</time></trkpt>
      <trkpt lat="25.086366" lon="104.72888"><time>2026-04-26T05:51:35.917Z</time></trkpt>
      <trkpt lat="25.086366" lon="104.72888"><time>2026-04-26T05:51:35.934Z</time></trkpt>
      <trkpt lat="25.086366" lon="104.72888"><time>2026-04-26T05:51:35.951Z</time></trkpt>
      <trkpt lat="25.086361" lon="104.728877"><time>2026-04-26T05:51:35.968Z</time></trkpt>
      <trkpt lat="25.086361" lon="104.728877"><time>2026-04-26T05:51:35.984Z</time></trkpt>
      <trkpt lat="25.086361" lon="104.728877"><time>2026-04-26T05:51:36.001Z</time></trkpt>
      <trkpt lat="25.086361" lon="104.728877"><time>2026-04-26T05:51:36.018Z</time></trkpt>
      <trkpt lat="25.086361" lon="104.728877"><time>2026-04-26T05:51:36.034Z</time></trkpt>
      <trkpt lat="25.086361" lon="104.728877"><time>2026-04-26T05:51:36.051Z</time></trkpt>
      <trkpt lat="25.086356" lon="104.728874"><time>2026-04-26T05:51:36.068Z</time></trkpt>
      <trkpt lat="25.086356" lon="104.728874"><time>2026-04-26T05:51:36.084Z</time></trkpt>
      <trkpt lat="25.086356" lon="104.728874"><time>2026-04-26T05:51:36.101Z</time></trkpt>
      <trkpt lat="25.086356" lon="104.728874"><time>2026-04-26T05:51:36.118Z</time></trkpt>
      <trkpt lat="25.086356" lon="104.728874"><time>2026-04-26T05:51:36.134Z</time></trkpt>
      <trkpt lat="25.086356" lon="104.728874"><time>2026-04-26T05:51:36.151Z</time></trkpt>
      <trkpt lat="25.086351" lon="104.72887"><time>2026-04-26T05:51:36.168Z</time></trkpt>
      <trkpt lat="25.086351" lon="104.72887"><time>2026-04-26T05:51:36.184Z</time></trkpt>
      <trkpt lat="25.086351" lon="104.72887"><time>2026-04-26T05:51:36.201Z</time></trkpt>
      <trkpt lat="25.086351" lon="104.72887"><time>2026-04-26T05:51:36.218Z</time></trkpt>
      <trkpt lat="25.086351" lon="104.72887"><time>2026-04-26T05:51:36.234Z</time></trkpt>
      <trkpt lat="25.086351" lon="104.72887"><time>2026-04-26T05:51:36.251Z</time></trkpt>
      <trkpt lat="25.086345" lon="104.728867"><time>2026-04-26T05:51:36.268Z</time></trkpt>
      <trkpt lat="25.086345" lon="104.728867"><time>2026-04-26T05:51:36.285Z</time></trkpt>
      <trkpt lat="25.086345" lon="104.728867"><time>2026-04-26T05:51:36.301Z</time></trkpt>
      <trkpt lat="25.086345" lon="104.728867"><time>2026-04-26T05:51:36.318Z</time></trkpt>
      <trkpt lat="25.086345" lon="104.728867"><time>2026-04-26T05:51:36.335Z</time></trkpt>
      <trkpt lat="25.086345" lon="104.728867"><time>2026-04-26T05:51:36.351Z</time></trkpt>
      <trkpt lat="25.08634" lon="104.728863"><time>2026-04-26T05:51:36.368Z</time></trkpt>
      <trkpt lat="25.08634" lon="104.728863"><time>2026-04-26T05:51:36.385Z</time></trkpt>
      <trkpt lat="25.08634" lon="104.728863"><time>2026-04-26T05:51:36.401Z</time></trkpt>
      <trkpt lat="25.08634" lon="104.728863"><time>2026-04-26T05:51:36.418Z</time></trkpt>
      <trkpt lat="25.08634" lon="104.728863"><time>2026-04-26T05:51:36.435Z</time></trkpt>
      <trkpt lat="25.08634" lon="104.728863"><time>2026-04-26T05:51:36.451Z</time></trkpt>
      <trkpt lat="25.086333" lon="104.728859"><time>2026-04-26T05:51:36.468Z</time></trkpt>
      <trkpt lat="25.086333" lon="104.728859"><time>2026-04-26T05:51:36.485Z</time></trkpt>
      <trkpt lat="25.086333" lon="104.728859"><time>2026-04-26T05:51:36.501Z</time></trkpt>
      <trkpt lat="25.086333" lon="104.728859"><time>2026-04-26T05:51:36.518Z</time></trkpt>
      <trkpt lat="25.086333" lon="104.728859"><time>2026-04-26T05:51:36.535Z</time></trkpt>
      <trkpt lat="25.086333" lon="104.728859"><time>2026-04-26T05:51:36.551Z</time></trkpt>
      <trkpt lat="25.086327" lon="104.728854"><time>2026-04-26T05:51:36.568Z</time></trkpt>
      <trkpt lat="25.086327" lon="104.728854"><time>2026-04-26T05:51:36.585Z</time></trkpt>
      <trkpt lat="25.086327" lon="104.728854"><time>2026-04-26T05:51:36.602Z</time></trkpt>
      <trkpt lat="25.086327" lon="104.728854"><time>2026-04-26T05:51:36.618Z</time></trkpt>
      <trkpt lat="25.086327" lon="104.728854"><time>2026-04-26T05:51:36.635Z</time></trkpt>
      <trkpt lat="25.086327" lon="104.728854"><time>2026-04-26T05:51:36.652Z</time></trkpt>
      <trkpt lat="25.08632" lon="104.72885"><time>2026-04-26T05:51:36.668Z</time></trkpt>
      <trkpt lat="25.08632" lon="104.72885"><time>2026-04-26T05:51:36.685Z</time></trkpt>
      <trkpt lat="25.08632" lon="104.72885"><time>2026-04-26T05:51:36.702Z</time></trkpt>
      <trkpt lat="25.08632" lon="104.72885"><time>2026-04-26T05:51:36.718Z</time></trkpt>
      <trkpt lat="25.08632" lon="104.72885"><time>2026-04-26T05:51:36.735Z</time></trkpt>
      <trkpt lat="25.08632" lon="104.72885"><time>2026-04-26T05:51:36.752Z</time></trkpt>
      <trkpt lat="25.086314" lon="104.728845"><time>2026-04-26T05:51:36.768Z</time></trkpt>
      <trkpt lat="25.086314" lon="104.728845"><time>2026-04-26T05:51:36.785Z</time></trkpt>
      <trkpt lat="25.086314" lon="104.728845"><time>2026-04-26T05:51:36.802Z</time></trkpt>
      <trkpt lat="25.086314" lon="104.728845"><time>2026-04-26T05:51:36.818Z</time></trkpt>
      <trkpt lat="25.086314" lon="104.728845"><time>2026-04-26T05:51:36.835Z</time></trkpt>
      <trkpt lat="25.086314" lon="104.728845"><time>2026-04-26T05:51:36.852Z</time></trkpt>
      <trkpt lat="25.086307" lon="104.72884"><time>2026-04-26T05:51:36.868Z</time></trkpt>
      <trkpt lat="25.086307" lon="104.72884"><time>2026-04-26T05:51:36.885Z</time></trkpt>
      <trkpt lat="25.086307" lon="104.72884"><time>2026-04-26T05:51:36.902Z</time></trkpt>
      <trkpt lat="25.086307" lon="104.72884"><time>2026-04-26T05:51:36.919Z</time></trkpt>
      <trkpt lat="25.086307" lon="104.72884"><time>2026-04-26T05:51:36.935Z</time></trkpt>
      <trkpt lat="25.086307" lon="104.72884"><time>2026-04-26T05:51:36.952Z</time></trkpt>
      <trkpt lat="25.0863" lon="104.728836"><time>2026-04-26T05:51:36.969Z</time></trkpt>
      <trkpt lat="25.0863" lon="104.728836"><time>2026-04-26T05:51:36.985Z</time></trkpt>
      <trkpt lat="25.0863" lon="104.728836"><time>2026-04-26T05:51:37.002Z</time></trkpt>
      <trkpt lat="25.0863" lon="104.728836"><time>2026-04-26T05:51:37.019Z</time></trkpt>
      <trkpt lat="25.0863" lon="104.728836"><time>2026-04-26T05:51:37.035Z</time></trkpt>
      <trkpt lat="25.0863" lon="104.728836"><time>2026-04-26T05:51:37.052Z</time></trkpt>
      <trkpt lat="25.086292" lon="104.728831"><time>2026-04-26T05:51:37.069Z</time></trkpt>
      <trkpt lat="25.086292" lon="104.728831"><time>2026-04-26T05:51:37.085Z</time></trkpt>
      <trkpt lat="25.086292" lon="104.728831"><time>2026-04-26T05:51:37.102Z</time></trkpt>
      <trkpt lat="25.086292" lon="104.728831"><time>2026-04-26T05:51:37.119Z</time></trkpt>
      <trkpt lat="25.086292" lon="104.728831"><time>2026-04-26T05:51:37.135Z</time></trkpt>
      <trkpt lat="25.086292" lon="104.728831"><time>2026-04-26T05:51:37.152Z</time></trkpt>
      <trkpt lat="25.086285" lon="104.728826"><time>2026-04-26T05:51:37.169Z</time></trkpt>
      <trkpt lat="25.086285" lon="104.728826"><time>2026-04-26T05:51:37.185Z</time></trkpt>
      <trkpt lat="25.086285" lon="104.728826"><time>2026-04-26T05:51:37.202Z</time></trkpt>
      <trkpt lat="25.086285" lon="104.728826"><time>2026-04-26T05:51:37.219Z</time></trkpt>
      <trkpt lat="25.086285" lon="104.728826"><time>2026-04-26T05:51:37.236Z</time></trkpt>
      <trkpt lat="25.086285" lon="104.728826"><time>2026-04-26T05:51:37.252Z</time></trkpt>
      <trkpt lat="25.086277" lon="104.728821"><time>2026-04-26T05:51:37.269Z</time></trkpt>
      <trkpt lat="25.086277" lon="104.728821"><time>2026-04-26T05:51:37.286Z</time></trkpt>
      <trkpt lat="25.086277" lon="104.728821"><time>2026-04-26T05:51:37.302Z</time></trkpt>
      <trkpt lat="25.086277" lon="104.728821"><time>2026-04-26T05:51:37.319Z</time></trkpt>
      <trkpt lat="25.086277" lon="104.728821"><time>2026-04-26T05:51:37.336Z</time></trkpt>
      <trkpt lat="25.086277" lon="104.728821"><time>2026-04-26T05:51:37.352Z</time></trkpt>
      <trkpt lat="25.086268" lon="104.728816"><time>2026-04-26T05:51:37.369Z</time></trkpt>
      <trkpt lat="25.086268" lon="104.728816"><time>2026-04-26T05:51:37.386Z</time></trkpt>
      <trkpt lat="25.086268" lon="104.728816"><time>2026-04-26T05:51:37.402Z</time></trkpt>
      <trkpt lat="25.086268" lon="104.728816"><time>2026-04-26T05:51:37.419Z</time></trkpt>
      <trkpt lat="25.086268" lon="104.728816"><time>2026-04-26T05:51:37.436Z</time></trkpt>
      <trkpt lat="25.086268" lon="104.728816"><time>2026-04-26T05:51:37.452Z</time></trkpt>
      <trkpt lat="25.08626" lon="104.728811"><time>2026-04-26T05:51:37.469Z</time></trkpt>
      <trkpt lat="25.08626" lon="104.728811"><time>2026-04-26T05:51:37.486Z</time></trkpt>
      <trkpt lat="25.08626" lon="104.728811"><time>2026-04-26T05:51:37.502Z</time></trkpt>
      <trkpt lat="25.08626" lon="104.728811"><time>2026-04-26T05:51:37.519Z</time></trkpt>
      <trkpt lat="25.08626" lon="104.728811"><time>2026-04-26T05:51:37.536Z</time></trkpt>
      <trkpt lat="25.08626" lon="104.728811"><time>2026-04-26T05:51:37.553Z</time></trkpt>
      <trkpt lat="25.086252" lon="104.728805"><time>2026-04-26T05:51:37.569Z</time></trkpt>
      <trkpt lat="25.086252" lon="104.728805"><time>2026-04-26T05:51:37.586Z</time></trkpt>
      <trkpt lat="25.086252" lon="104.728805"><time>2026-04-26T05:51:37.603Z</time></trkpt>
      <trkpt lat="25.086252" lon="104.728805"><time>2026-04-26T05:51:37.619Z</time></trkpt>
      <trkpt lat="25.086252" lon="104.728805"><time>2026-04-26T05:51:37.636Z</time></trkpt>
      <trkpt lat="25.086252" lon="104.728805"><time>2026-04-26T05:51:37.653Z</time></trkpt>
      <trkpt lat="25.086244" lon="104.728799"><time>2026-04-26T05:51:37.669Z</time></trkpt>
      <trkpt lat="25.086244" lon="104.728799"><time>2026-04-26T05:51:37.686Z</time></trkpt>
      <trkpt lat="25.086244" lon="104.728799"><time>2026-04-26T05:51:37.703Z</time></trkpt>
      <trkpt lat="25.086244" lon="104.728799"><time>2026-04-26T05:51:37.719Z</time></trkpt>
      <trkpt lat="25.086244" lon="104.728799"><time>2026-04-26T05:51:37.736Z</time></trkpt>
      <trkpt lat="25.086236" lon="104.728794"><time>2026-04-26T05:51:37.753Z</time></trkpt>
      <trkpt lat="25.086236" lon="104.728794"><time>2026-04-26T05:51:37.769Z</time></trkpt>
      <trkpt lat="25.086236" lon="104.728794"><time>2026-04-26T05:51:37.786Z</time></trkpt>
      <trkpt lat="25.086236" lon="104.728794"><time>2026-04-26T05:51:37.803Z</time></trkpt>
      <trkpt lat="25.086236" lon="104.728794"><time>2026-04-26T05:51:37.819Z</time></trkpt>
      <trkpt lat="25.086236" lon="104.728794"><time>2026-04-26T05:51:37.836Z</time></trkpt>
      <trkpt lat="25.086236" lon="104.728794"><time>2026-04-26T05:51:37.853Z</time></trkpt>
      <trkpt lat="25.086227" lon="104.728788"><time>2026-04-26T05:51:37.870Z</time></trkpt>
      <trkpt lat="25.086227" lon="104.728788"><time>2026-04-26T05:51:37.886Z</time></trkpt>
      <trkpt lat="25.086227" lon="104.728788"><time>2026-04-26T05:51:37.903Z</time></trkpt>
      <trkpt lat="25.086227" lon="104.728788"><time>2026-04-26T05:51:37.920Z</time></trkpt>
      <trkpt lat="25.086227" lon="104.728788"><time>2026-04-26T05:51:37.936Z</time></trkpt>
      <trkpt lat="25.086227" lon="104.728788"><time>2026-04-26T05:51:37.953Z</time></trkpt>
      <trkpt lat="25.086218" lon="104.728782"><time>2026-04-26T05:51:37.970Z</time></trkpt>
      <trkpt lat="25.086218" lon="104.728782"><time>2026-04-26T05:51:37.986Z</time></trkpt>
      <trkpt lat="25.086218" lon="104.728782"><time>2026-04-26T05:51:38.003Z</time></trkpt>
      <trkpt lat="25.086218" lon="104.728782"><time>2026-04-26T05:51:38.020Z</time></trkpt>
      <trkpt lat="25.086218" lon="104.728782"><time>2026-04-26T05:51:38.036Z</time></trkpt>
      <trkpt lat="25.086209" lon="104.728776"><time>2026-04-26T05:51:38.053Z</time></trkpt>
      <trkpt lat="25.086209" lon="104.728776"><time>2026-04-26T05:51:38.070Z</time></trkpt>
      <trkpt lat="25.086209" lon="104.728776"><time>2026-04-26T05:51:38.086Z</time></trkpt>
      <trkpt lat="25.086209" lon="104.728776"><time>2026-04-26T05:51:38.103Z</time></trkpt>
      <trkpt lat="25.086209" lon="104.728776"><time>2026-04-26T05:51:38.120Z</time></trkpt>
      <trkpt lat="25.086209" lon="104.728776"><time>2026-04-26T05:51:38.136Z</time></trkpt>
      <trkpt lat="25.086209" lon="104.728776"><time>2026-04-26T05:51:38.153Z</time></trkpt>
      <trkpt lat="25.086201" lon="104.72877"><time>2026-04-26T05:51:38.170Z</time></trkpt>
      <trkpt lat="25.086201" lon="104.72877"><time>2026-04-26T05:51:38.187Z</time></trkpt>
      <trkpt lat="25.086201" lon="104.72877"><time>2026-04-26T05:51:38.203Z</time></trkpt>
      <trkpt lat="25.086201" lon="104.72877"><time>2026-04-26T05:51:38.220Z</time></trkpt>
      <trkpt lat="25.086201" lon="104.72877"><time>2026-04-26T05:51:38.237Z</time></trkpt>
      <trkpt lat="25.086191" lon="104.728763"><time>2026-04-26T05:51:38.253Z</time></trkpt>
      <trkpt lat="25.086191" lon="104.728763"><time>2026-04-26T05:51:38.270Z</time></trkpt>
      <trkpt lat="25.086191" lon="104.728763"><time>2026-04-26T05:51:38.287Z</time></trkpt>
      <trkpt lat="25.086191" lon="104.728763"><time>2026-04-26T05:51:38.303Z</time></trkpt>
      <trkpt lat="25.086191" lon="104.728763"><time>2026-04-26T05:51:38.320Z</time></trkpt>
      <trkpt lat="25.086191" lon="104.728763"><time>2026-04-26T05:51:38.337Z</time></trkpt>
      <trkpt lat="25.086182" lon="104.728757"><time>2026-04-26T05:51:38.353Z</time></trkpt>
      <trkpt lat="25.086182" lon="104.728757"><time>2026-04-26T05:51:38.370Z</time></trkpt>
      <trkpt lat="25.086182" lon="104.728757"><time>2026-04-26T05:51:38.387Z</time></trkpt>
      <trkpt lat="25.086182" lon="104.728757"><time>2026-04-26T05:51:38.403Z</time></trkpt>
      <trkpt lat="25.086182" lon="104.728757"><time>2026-04-26T05:51:38.420Z</time></trkpt>
      <trkpt lat="25.086182" lon="104.728757"><time>2026-04-26T05:51:38.437Z</time></trkpt>
      <trkpt lat="25.086172" lon="104.72875"><time>2026-04-26T05:51:38.453Z</time></trkpt>
      <trkpt lat="25.086172" lon="104.72875"><time>2026-04-26T05:51:38.470Z</time></trkpt>
      <trkpt lat="25.086172" lon="104.72875"><time>2026-04-26T05:51:38.487Z</time></trkpt>
      <trkpt lat="25.086172" lon="104.72875"><time>2026-04-26T05:51:38.504Z</time></trkpt>
      <trkpt lat="25.086172" lon="104.72875"><time>2026-04-26T05:51:38.520Z</time></trkpt>
      <trkpt lat="25.086172" lon="104.72875"><time>2026-04-26T05:51:38.537Z</time></trkpt>
      <trkpt lat="25.086162" lon="104.728743"><time>2026-04-26T05:51:38.554Z</time></trkpt>
      <trkpt lat="25.086162" lon="104.728743"><time>2026-04-26T05:51:38.570Z</time></trkpt>
      <trkpt lat="25.086162" lon="104.728743"><time>2026-04-26T05:51:38.587Z</time></trkpt>
      <trkpt lat="25.086162" lon="104.728743"><time>2026-04-26T05:51:38.604Z</time></trkpt>
      <trkpt lat="25.086162" lon="104.728743"><time>2026-04-26T05:51:38.620Z</time></trkpt>
      <trkpt lat="25.086162" lon="104.728743"><time>2026-04-26T05:51:38.637Z</time></trkpt>
      <trkpt lat="25.086162" lon="104.728743"><time>2026-04-26T05:51:38.654Z</time></trkpt>
      <trkpt lat="25.086152" lon="104.728737"><time>2026-04-26T05:51:38.670Z</time></trkpt>
      <trkpt lat="25.086152" lon="104.728737"><time>2026-04-26T05:51:38.687Z</time></trkpt>
      <trkpt lat="25.086152" lon="104.728737"><time>2026-04-26T05:51:38.704Z</time></trkpt>
      <trkpt lat="25.086152" lon="104.728737"><time>2026-04-26T05:51:38.720Z</time></trkpt>
      <trkpt lat="25.086152" lon="104.728737"><time>2026-04-26T05:51:38.737Z</time></trkpt>
      <trkpt lat="25.086142" lon="104.728729"><time>2026-04-26T05:51:38.754Z</time></trkpt>
      <trkpt lat="25.086142" lon="104.728729"><time>2026-04-26T05:51:38.770Z</time></trkpt>
      <trkpt lat="25.086142" lon="104.728729"><time>2026-04-26T05:51:38.787Z</time></trkpt>
      <trkpt lat="25.086142" lon="104.728729"><time>2026-04-26T05:51:38.804Z</time></trkpt>
      <trkpt lat="25.086142" lon="104.728729"><time>2026-04-26T05:51:38.821Z</time></trkpt>
      <trkpt lat="25.086142" lon="104.728729"><time>2026-04-26T05:51:38.837Z</time></trkpt>
      <trkpt lat="25.086131" lon="104.728722"><time>2026-04-26T05:51:38.854Z</time></trkpt>
      <trkpt lat="25.086131" lon="104.728722"><time>2026-04-26T05:51:38.871Z</time></trkpt>
      <trkpt lat="25.086131" lon="104.728722"><time>2026-04-26T05:51:38.887Z</time></trkpt>
      <trkpt lat="25.086131" lon="104.728722"><time>2026-04-26T05:51:38.904Z</time></trkpt>
      <trkpt lat="25.086131" lon="104.728722"><time>2026-04-26T05:51:38.921Z</time></trkpt>
      <trkpt lat="25.086131" lon="104.728722"><time>2026-04-26T05:51:38.937Z</time></trkpt>
      <trkpt lat="25.086121" lon="104.728715"><time>2026-04-26T05:51:38.954Z</time></trkpt>
      <trkpt lat="25.086121" lon="104.728715"><time>2026-04-26T05:51:38.971Z</time></trkpt>
      <trkpt lat="25.086121" lon="104.728715"><time>2026-04-26T05:51:38.987Z</time></trkpt>
      <trkpt lat="25.086121" lon="104.728715"><time>2026-04-26T05:51:39.004Z</time></trkpt>
      <trkpt lat="25.086121" lon="104.728715"><time>2026-04-26T05:51:39.021Z</time></trkpt>
      <trkpt lat="25.086121" lon="104.728715"><time>2026-04-26T05:51:39.037Z</time></trkpt>
      <trkpt lat="25.086121" lon="104.728715"><time>2026-04-26T05:51:39.054Z</time></trkpt>
      <trkpt lat="25.08611" lon="104.728708"><time>2026-04-26T05:51:39.071Z</time></trkpt>
      <trkpt lat="25.08611" lon="104.728708"><time>2026-04-26T05:51:39.087Z</time></trkpt>
      <trkpt lat="25.08611" lon="104.728708"><time>2026-04-26T05:51:39.104Z</time></trkpt>
      <trkpt lat="25.08611" lon="104.728708"><time>2026-04-26T05:51:39.121Z</time></trkpt>
      <trkpt lat="25.08611" lon="104.728708"><time>2026-04-26T05:51:39.138Z</time></trkpt>
      <trkpt lat="25.0861" lon="104.728701"><time>2026-04-26T05:51:39.154Z</time></trkpt>
      <trkpt lat="25.0861" lon="104.728701"><time>2026-04-26T05:51:39.171Z</time></trkpt>
      <trkpt lat="25.0861" lon="104.728701"><time>2026-04-26T05:51:39.188Z</time></trkpt>
      <trkpt lat="25.0861" lon="104.728701"><time>2026-04-26T05:51:39.204Z</time></trkpt>
      <trkpt lat="25.0861" lon="104.728701"><time>2026-04-26T05:51:39.221Z</time></trkpt>
      <trkpt lat="25.0861" lon="104.728701"><time>2026-04-26T05:51:39.238Z</time></trkpt>
      <trkpt lat="25.086089" lon="104.728693"><time>2026-04-26T05:51:39.254Z</time></trkpt>
      <trkpt lat="25.086089" lon="104.728693"><time>2026-04-26T05:51:39.271Z</time></trkpt>
      <trkpt lat="25.086089" lon="104.728693"><time>2026-04-26T05:51:39.288Z</time></trkpt>
      <trkpt lat="25.086089" lon="104.728693"><time>2026-04-26T05:51:39.304Z</time></trkpt>
      <trkpt lat="25.086089" lon="104.728693"><time>2026-04-26T05:51:39.321Z</time></trkpt>
      <trkpt lat="25.086089" lon="104.728693"><time>2026-04-26T05:51:39.338Z</time></trkpt>
      <trkpt lat="25.086078" lon="104.728686"><time>2026-04-26T05:51:39.354Z</time></trkpt>
      <trkpt lat="25.086078" lon="104.728686"><time>2026-04-26T05:51:39.371Z</time></trkpt>
      <trkpt lat="25.086078" lon="104.728686"><time>2026-04-26T05:51:39.388Z</time></trkpt>
      <trkpt lat="25.086078" lon="104.728686"><time>2026-04-26T05:51:39.404Z</time></trkpt>
      <trkpt lat="25.086078" lon="104.728686"><time>2026-04-26T05:51:39.421Z</time></trkpt>
      <trkpt lat="25.086078" lon="104.728686"><time>2026-04-26T05:51:39.438Z</time></trkpt>
      <trkpt lat="25.086067" lon="104.728678"><time>2026-04-26T05:51:39.455Z</time></trkpt>
      <trkpt lat="25.086067" lon="104.728678"><time>2026-04-26T05:51:39.471Z</time></trkpt>
      <trkpt lat="25.086067" lon="104.728678"><time>2026-04-26T05:51:39.488Z</time></trkpt>
      <trkpt lat="25.086067" lon="104.728678"><time>2026-04-26T05:51:39.505Z</time></trkpt>
      <trkpt lat="25.086067" lon="104.728678"><time>2026-04-26T05:51:39.521Z</time></trkpt>
      <trkpt lat="25.086067" lon="104.728678"><time>2026-04-26T05:51:39.538Z</time></trkpt>
      <trkpt lat="25.086056" lon="104.728671"><time>2026-04-26T05:51:39.555Z</time></trkpt>
      <trkpt lat="25.086056" lon="104.728671"><time>2026-04-26T05:51:39.571Z</time></trkpt>
      <trkpt lat="25.086056" lon="104.728671"><time>2026-04-26T05:51:39.588Z</time></trkpt>
      <trkpt lat="25.086056" lon="104.728671"><time>2026-04-26T05:51:39.605Z</time></trkpt>
      <trkpt lat="25.086056" lon="104.728671"><time>2026-04-26T05:51:39.621Z</time></trkpt>
      <trkpt lat="25.086056" lon="104.728671"><time>2026-04-26T05:51:39.638Z</time></trkpt>
      <trkpt lat="25.086045" lon="104.728663"><time>2026-04-26T05:51:39.655Z</time></trkpt>
      <trkpt lat="25.086045" lon="104.728663"><time>2026-04-26T05:51:39.671Z</time></trkpt>
      <trkpt lat="25.086045" lon="104.728663"><time>2026-04-26T05:51:39.688Z</time></trkpt>
      <trkpt lat="25.086045" lon="104.728663"><time>2026-04-26T05:51:39.705Z</time></trkpt>
      <trkpt lat="25.086045" lon="104.728663"><time>2026-04-26T05:51:39.721Z</time></trkpt>
      <trkpt lat="25.086045" lon="104.728663"><time>2026-04-26T05:51:39.738Z</time></trkpt>
      <trkpt lat="25.086034" lon="104.728656"><time>2026-04-26T05:51:39.755Z</time></trkpt>
      <trkpt lat="25.086034" lon="104.728656"><time>2026-04-26T05:51:39.772Z</time></trkpt>
      <trkpt lat="25.086034" lon="104.728656"><time>2026-04-26T05:51:39.788Z</time></trkpt>
      <trkpt lat="25.086034" lon="104.728656"><time>2026-04-26T05:51:39.805Z</time></trkpt>
      <trkpt lat="25.086034" lon="104.728656"><time>2026-04-26T05:51:39.822Z</time></trkpt>
      <trkpt lat="25.086034" lon="104.728656"><time>2026-04-26T05:51:39.838Z</time></trkpt>
      <trkpt lat="25.086022" lon="104.728648"><time>2026-04-26T05:51:39.855Z</time></trkpt>
      <trkpt lat="25.086022" lon="104.728648"><time>2026-04-26T05:51:39.872Z</time></trkpt>
      <trkpt lat="25.086022" lon="104.728648"><time>2026-04-26T05:51:39.888Z</time></trkpt>
      <trkpt lat="25.086022" lon="104.728648"><time>2026-04-26T05:51:39.905Z</time></trkpt>
      <trkpt lat="25.086022" lon="104.728648"><time>2026-04-26T05:51:39.922Z</time></trkpt>
      <trkpt lat="25.086022" lon="104.728648"><time>2026-04-26T05:51:39.938Z</time></trkpt>
      <trkpt lat="25.08601" lon="104.72864"><time>2026-04-26T05:51:39.955Z</time></trkpt>
      <trkpt lat="25.08601" lon="104.72864"><time>2026-04-26T05:51:39.972Z</time></trkpt>
      <trkpt lat="25.08601" lon="104.72864"><time>2026-04-26T05:51:39.988Z</time></trkpt>
      <trkpt lat="25.08601" lon="104.72864"><time>2026-04-26T05:51:40.005Z</time></trkpt>
      <trkpt lat="25.08601" lon="104.72864"><time>2026-04-26T05:51:40.022Z</time></trkpt>
      <trkpt lat="25.08601" lon="104.72864"><time>2026-04-26T05:51:40.038Z</time></trkpt>
      <trkpt lat="25.085999" lon="104.728632"><time>2026-04-26T05:51:40.055Z</time></trkpt>
      <trkpt lat="25.085999" lon="104.728632"><time>2026-04-26T05:51:40.072Z</time></trkpt>
      <trkpt lat="25.085999" lon="104.728632"><time>2026-04-26T05:51:40.089Z</time></trkpt>
      <trkpt lat="25.085999" lon="104.728632"><time>2026-04-26T05:51:40.105Z</time></trkpt>
      <trkpt lat="25.085999" lon="104.728632"><time>2026-04-26T05:51:40.122Z</time></trkpt>
      <trkpt lat="25.085999" lon="104.728632"><time>2026-04-26T05:51:40.139Z</time></trkpt>
      <trkpt lat="25.085987" lon="104.728624"><time>2026-04-26T05:51:40.155Z</time></trkpt>
      <trkpt lat="25.085987" lon="104.728624"><time>2026-04-26T05:51:40.172Z</time></trkpt>
      <trkpt lat="25.085987" lon="104.728624"><time>2026-04-26T05:51:40.189Z</time></trkpt>
      <trkpt lat="25.085987" lon="104.728624"><time>2026-04-26T05:51:40.205Z</time></trkpt>
      <trkpt lat="25.085987" lon="104.728624"><time>2026-04-26T05:51:40.222Z</time></trkpt>
      <trkpt lat="25.085987" lon="104.728624"><time>2026-04-26T05:51:40.239Z</time></trkpt>
      <trkpt lat="25.085975" lon="104.728617"><time>2026-04-26T05:51:40.255Z</time></trkpt>
      <trkpt lat="25.085975" lon="104.728617"><time>2026-04-26T05:51:40.272Z</time></trkpt>
      <trkpt lat="25.085975" lon="104.728617"><time>2026-04-26T05:51:40.289Z</time></trkpt>
      <trkpt lat="25.085975" lon="104.728617"><time>2026-04-26T05:51:40.305Z</time></trkpt>
      <trkpt lat="25.085975" lon="104.728617"><time>2026-04-26T05:51:40.322Z</time></trkpt>
      <trkpt lat="25.085975" lon="104.728617"><time>2026-04-26T05:51:40.339Z</time></trkpt>
      <trkpt lat="25.085963" lon="104.728608"><time>2026-04-26T05:51:40.355Z</time></trkpt>
      <trkpt lat="25.085963" lon="104.728608"><time>2026-04-26T05:51:40.372Z</time></trkpt>
      <trkpt lat="25.085963" lon="104.728608"><time>2026-04-26T05:51:40.389Z</time></trkpt>
      <trkpt lat="25.085963" lon="104.728608"><time>2026-04-26T05:51:40.406Z</time></trkpt>
      <trkpt lat="25.085963" lon="104.728608"><time>2026-04-26T05:51:40.422Z</time></trkpt>
      <trkpt lat="25.085963" lon="104.728608"><time>2026-04-26T05:51:40.439Z</time></trkpt>
      <trkpt lat="25.085951" lon="104.7286"><time>2026-04-26T05:51:40.456Z</time></trkpt>
      <trkpt lat="25.085951" lon="104.7286"><time>2026-04-26T05:51:40.472Z</time></trkpt>
      <trkpt lat="25.085951" lon="104.7286"><time>2026-04-26T05:51:40.489Z</time></trkpt>
      <trkpt lat="25.085951" lon="104.7286"><time>2026-04-26T05:51:40.506Z</time></trkpt>
      <trkpt lat="25.085951" lon="104.7286"><time>2026-04-26T05:51:40.522Z</time></trkpt>
      <trkpt lat="25.085951" lon="104.7286"><time>2026-04-26T05:51:40.539Z</time></trkpt>
      <trkpt lat="25.085939" lon="104.728592"><time>2026-04-26T05:51:40.556Z</time></trkpt>
      <trkpt lat="25.085939" lon="104.728592"><time>2026-04-26T05:51:40.572Z</time></trkpt>
      <trkpt lat="25.085939" lon="104.728592"><time>2026-04-26T05:51:40.589Z</time></trkpt>
      <trkpt lat="25.085939" lon="104.728592"><time>2026-04-26T05:51:40.606Z</time></trkpt>
      <trkpt lat="25.085939" lon="104.728592"><time>2026-04-26T05:51:40.622Z</time></trkpt>
      <trkpt lat="25.085939" lon="104.728592"><time>2026-04-26T05:51:40.639Z</time></trkpt>
      <trkpt lat="25.085927" lon="104.728584"><time>2026-04-26T05:51:40.656Z</time></trkpt>
      <trkpt lat="25.085927" lon="104.728584"><time>2026-04-26T05:51:40.672Z</time></trkpt>
      <trkpt lat="25.085927" lon="104.728584"><time>2026-04-26T05:51:40.689Z</time></trkpt>
      <trkpt lat="25.085927" lon="104.728584"><time>2026-04-26T05:51:40.706Z</time></trkpt>
      <trkpt lat="25.085927" lon="104.728584"><time>2026-04-26T05:51:40.723Z</time></trkpt>
      <trkpt lat="25.085927" lon="104.728584"><time>2026-04-26T05:51:40.739Z</time></trkpt>
      <trkpt lat="25.085914" lon="104.728576"><time>2026-04-26T05:51:40.756Z</time></trkpt>
      <trkpt lat="25.085914" lon="104.728576"><time>2026-04-26T05:51:40.773Z</time></trkpt>
      <trkpt lat="25.085914" lon="104.728576"><time>2026-04-26T05:51:40.789Z</time></trkpt>
      <trkpt lat="25.085914" lon="104.728576"><time>2026-04-26T05:51:40.806Z</time></trkpt>
      <trkpt lat="25.085914" lon="104.728576"><time>2026-04-26T05:51:40.823Z</time></trkpt>
      <trkpt lat="25.085914" lon="104.728576"><time>2026-04-26T05:51:40.839Z</time></trkpt>
      <trkpt lat="25.085902" lon="104.728568"><time>2026-04-26T05:51:40.856Z</time></trkpt>
      <trkpt lat="25.085902" lon="104.728568"><time>2026-04-26T05:51:40.873Z</time></trkpt>
      <trkpt lat="25.085902" lon="104.728568"><time>2026-04-26T05:51:40.889Z</time></trkpt>
      <trkpt lat="25.085902" lon="104.728568"><time>2026-04-26T05:51:40.906Z</time></trkpt>
      <trkpt lat="25.085902" lon="104.728568"><time>2026-04-26T05:51:40.923Z</time></trkpt>
      <trkpt lat="25.085902" lon="104.728568"><time>2026-04-26T05:51:40.939Z</time></trkpt>
      <trkpt lat="25.08589" lon="104.72856"><time>2026-04-26T05:51:40.956Z</time></trkpt>
      <trkpt lat="25.08589" lon="104.72856"><time>2026-04-26T05:51:40.973Z</time></trkpt>
      <trkpt lat="25.08589" lon="104.72856"><time>2026-04-26T05:51:40.989Z</time></trkpt>
      <trkpt lat="25.08589" lon="104.72856"><time>2026-04-26T05:51:41.006Z</time></trkpt>
      <trkpt lat="25.08589" lon="104.72856"><time>2026-04-26T05:51:41.023Z</time></trkpt>
      <trkpt lat="25.08589" lon="104.72856"><time>2026-04-26T05:51:41.040Z</time></trkpt>
      <trkpt lat="25.085878" lon="104.728552"><time>2026-04-26T05:51:41.056Z</time></trkpt>
      <trkpt lat="25.085878" lon="104.728552"><time>2026-04-26T05:51:41.073Z</time></trkpt>
      <trkpt lat="25.085878" lon="104.728552"><time>2026-04-26T05:51:41.090Z</time></trkpt>
      <trkpt lat="25.085878" lon="104.728552"><time>2026-04-26T05:51:41.106Z</time></trkpt>
      <trkpt lat="25.085878" lon="104.728552"><time>2026-04-26T05:51:41.123Z</time></trkpt>
      <trkpt lat="25.085878" lon="104.728552"><time>2026-04-26T05:51:41.140Z</time></trkpt>
      <trkpt lat="25.085866" lon="104.728544"><time>2026-04-26T05:51:41.156Z</time></trkpt>
      <trkpt lat="25.085866" lon="104.728544"><time>2026-04-26T05:51:41.173Z</time></trkpt>
      <trkpt lat="25.085866" lon="104.728544"><time>2026-04-26T05:51:41.190Z</time></trkpt>
      <trkpt lat="25.085866" lon="104.728544"><time>2026-04-26T05:51:41.206Z</time></trkpt>
      <trkpt lat="25.085866" lon="104.728544"><time>2026-04-26T05:51:41.223Z</time></trkpt>
      <trkpt lat="25.085866" lon="104.728544"><time>2026-04-26T05:51:41.240Z</time></trkpt>
      <trkpt lat="25.085853" lon="104.728536"><time>2026-04-26T05:51:41.256Z</time></trkpt>
      <trkpt lat="25.085853" lon="104.728536"><time>2026-04-26T05:51:41.273Z</time></trkpt>
      <trkpt lat="25.085853" lon="104.728536"><time>2026-04-26T05:51:41.290Z</time></trkpt>
      <trkpt lat="25.085853" lon="104.728536"><time>2026-04-26T05:51:41.306Z</time></trkpt>
      <trkpt lat="25.085853" lon="104.728536"><time>2026-04-26T05:51:41.323Z</time></trkpt>
      <trkpt lat="25.085853" lon="104.728536"><time>2026-04-26T05:51:41.340Z</time></trkpt>
      <trkpt lat="25.08584" lon="104.728527"><time>2026-04-26T05:51:41.357Z</time></trkpt>
      <trkpt lat="25.08584" lon="104.728527"><time>2026-04-26T05:51:41.373Z</time></trkpt>
      <trkpt lat="25.08584" lon="104.728527"><time>2026-04-26T05:51:41.390Z</time></trkpt>
      <trkpt lat="25.08584" lon="104.728527"><time>2026-04-26T05:51:41.407Z</time></trkpt>
      <trkpt lat="25.08584" lon="104.728527"><time>2026-04-26T05:51:41.423Z</time></trkpt>
      <trkpt lat="25.08584" lon="104.728527"><time>2026-04-26T05:51:41.440Z</time></trkpt>
      <trkpt lat="25.085828" lon="104.728519"><time>2026-04-26T05:51:41.457Z</time></trkpt>
      <trkpt lat="25.085828" lon="104.728519"><time>2026-04-26T05:51:41.473Z</time></trkpt>
      <trkpt lat="25.085828" lon="104.728519"><time>2026-04-26T05:51:41.490Z</time></trkpt>
      <trkpt lat="25.085828" lon="104.728519"><time>2026-04-26T05:51:41.507Z</time></trkpt>
      <trkpt lat="25.085828" lon="104.728519"><time>2026-04-26T05:51:41.523Z</time></trkpt>
      <trkpt lat="25.085828" lon="104.728519"><time>2026-04-26T05:51:41.540Z</time></trkpt>
      <trkpt lat="25.085815" lon="104.72851"><time>2026-04-26T05:51:41.557Z</time></trkpt>
      <trkpt lat="25.085815" lon="104.72851"><time>2026-04-26T05:51:41.573Z</time></trkpt>
      <trkpt lat="25.085815" lon="104.72851"><time>2026-04-26T05:51:41.590Z</time></trkpt>
      <trkpt lat="25.085815" lon="104.72851"><time>2026-04-26T05:51:41.607Z</time></trkpt>
      <trkpt lat="25.085815" lon="104.72851"><time>2026-04-26T05:51:41.623Z</time></trkpt>
      <trkpt lat="25.085815" lon="104.72851"><time>2026-04-26T05:51:41.640Z</time></trkpt>
      <trkpt lat="25.085802" lon="104.728502"><time>2026-04-26T05:51:41.657Z</time></trkpt>
      <trkpt lat="25.085802" lon="104.728502"><time>2026-04-26T05:51:41.674Z</time></trkpt>
      <trkpt lat="25.085802" lon="104.728502"><time>2026-04-26T05:51:41.690Z</time></trkpt>
      <trkpt lat="25.085802" lon="104.728502"><time>2026-04-26T05:51:41.707Z</time></trkpt>
      <trkpt lat="25.085802" lon="104.728502"><time>2026-04-26T05:51:41.724Z</time></trkpt>
      <trkpt lat="25.085802" lon="104.728502"><time>2026-04-26T05:51:41.740Z</time></trkpt>
      <trkpt lat="25.085789" lon="104.728493"><time>2026-04-26T05:51:41.757Z</time></trkpt>
      <trkpt lat="25.085789" lon="104.728493"><time>2026-04-26T05:51:41.774Z</time></trkpt>
      <trkpt lat="25.085789" lon="104.728493"><time>2026-04-26T05:51:41.790Z</time></trkpt>
      <trkpt lat="25.085789" lon="104.728493"><time>2026-04-26T05:51:41.807Z</time></trkpt>
      <trkpt lat="25.085789" lon="104.728493"><time>2026-04-26T05:51:41.824Z</time></trkpt>
      <trkpt lat="25.085789" lon="104.728493"><time>2026-04-26T05:51:41.840Z</time></trkpt>
      <trkpt lat="25.085776" lon="104.728485"><time>2026-04-26T05:51:41.857Z</time></trkpt>
      <trkpt lat="25.085776" lon="104.728485"><time>2026-04-26T05:51:41.874Z</time></trkpt>
      <trkpt lat="25.085776" lon="104.728485"><time>2026-04-26T05:51:41.890Z</time></trkpt>
      <trkpt lat="25.085776" lon="104.728485"><time>2026-04-26T05:51:41.907Z</time></trkpt>
      <trkpt lat="25.085776" lon="104.728485"><time>2026-04-26T05:51:41.924Z</time></trkpt>
      <trkpt lat="25.085776" lon="104.728485"><time>2026-04-26T05:51:41.940Z</time></trkpt>
      <trkpt lat="25.085763" lon="104.728476"><time>2026-04-26T05:51:41.957Z</time></trkpt>
      <trkpt lat="25.085763" lon="104.728476"><time>2026-04-26T05:51:41.974Z</time></trkpt>
      <trkpt lat="25.085763" lon="104.728476"><time>2026-04-26T05:51:41.990Z</time></trkpt>
      <trkpt lat="25.085763" lon="104.728476"><time>2026-04-26T05:51:42.007Z</time></trkpt>
      <trkpt lat="25.085763" lon="104.728476"><time>2026-04-26T05:51:42.024Z</time></trkpt>
      <trkpt lat="25.085763" lon="104.728476"><time>2026-04-26T05:51:42.041Z</time></trkpt>
      <trkpt lat="25.085751" lon="104.728468"><time>2026-04-26T05:51:42.057Z</time></trkpt>
      <trkpt lat="25.085751" lon="104.728468"><time>2026-04-26T05:51:42.074Z</time></trkpt>
      <trkpt lat="25.085751" lon="104.728468"><time>2026-04-26T05:51:42.091Z</time></trkpt>
      <trkpt lat="25.085751" lon="104.728468"><time>2026-04-26T05:51:42.107Z</time></trkpt>
      <trkpt lat="25.085751" lon="104.728468"><time>2026-04-26T05:51:42.124Z</time></trkpt>
      <trkpt lat="25.085751" lon="104.728468"><time>2026-04-26T05:51:42.141Z</time></trkpt>
      <trkpt lat="25.085737" lon="104.728459"><time>2026-04-26T05:51:42.157Z</time></trkpt>
      <trkpt lat="25.085737" lon="104.728459"><time>2026-04-26T05:51:42.174Z</time></trkpt>
      <trkpt lat="25.085737" lon="104.728459"><time>2026-04-26T05:51:42.191Z</time></trkpt>
      <trkpt lat="25.085737" lon="104.728459"><time>2026-04-26T05:51:42.207Z</time></trkpt>
      <trkpt lat="25.085737" lon="104.728459"><time>2026-04-26T05:51:42.224Z</time></trkpt>
      <trkpt lat="25.085737" lon="104.728459"><time>2026-04-26T05:51:42.241Z</time></trkpt>
      <trkpt lat="25.085725" lon="104.728452"><time>2026-04-26T05:51:42.257Z</time></trkpt>
      <trkpt lat="25.085725" lon="104.728452"><time>2026-04-26T05:51:42.274Z</time></trkpt>
      <trkpt lat="25.085725" lon="104.728452"><time>2026-04-26T05:51:42.291Z</time></trkpt>
      <trkpt lat="25.085725" lon="104.728452"><time>2026-04-26T05:51:42.307Z</time></trkpt>
      <trkpt lat="25.085725" lon="104.728452"><time>2026-04-26T05:51:42.324Z</time></trkpt>
      <trkpt lat="25.085725" lon="104.728452"><time>2026-04-26T05:51:42.341Z</time></trkpt>
      <trkpt lat="25.085711" lon="104.728443"><time>2026-04-26T05:51:42.358Z</time></trkpt>
      <trkpt lat="25.085711" lon="104.728443"><time>2026-04-26T05:51:42.374Z</time></trkpt>
      <trkpt lat="25.085711" lon="104.728443"><time>2026-04-26T05:51:42.391Z</time></trkpt>
      <trkpt lat="25.085711" lon="104.728443"><time>2026-04-26T05:51:42.408Z</time></trkpt>
      <trkpt lat="25.085711" lon="104.728443"><time>2026-04-26T05:51:42.424Z</time></trkpt>
      <trkpt lat="25.085711" lon="104.728443"><time>2026-04-26T05:51:42.441Z</time></trkpt>
      <trkpt lat="25.085699" lon="104.728435"><time>2026-04-26T05:51:42.458Z</time></trkpt>
      <trkpt lat="25.085699" lon="104.728435"><time>2026-04-26T05:51:42.474Z</time></trkpt>
      <trkpt lat="25.085699" lon="104.728435"><time>2026-04-26T05:51:42.491Z</time></trkpt>
      <trkpt lat="25.085699" lon="104.728435"><time>2026-04-26T05:51:42.508Z</time></trkpt>
      <trkpt lat="25.085699" lon="104.728435"><time>2026-04-26T05:51:42.524Z</time></trkpt>
      <trkpt lat="25.085699" lon="104.728435"><time>2026-04-26T05:51:42.541Z</time></trkpt>
      <trkpt lat="25.085685" lon="104.728426"><time>2026-04-26T05:51:42.558Z</time></trkpt>
      <trkpt lat="25.085685" lon="104.728426"><time>2026-04-26T05:51:42.574Z</time></trkpt>
      <trkpt lat="25.085685" lon="104.728426"><time>2026-04-26T05:51:42.591Z</time></trkpt>
      <trkpt lat="25.085685" lon="104.728426"><time>2026-04-26T05:51:42.608Z</time></trkpt>
      <trkpt lat="25.085685" lon="104.728426"><time>2026-04-26T05:51:42.624Z</time></trkpt>
      <trkpt lat="25.085685" lon="104.728426"><time>2026-04-26T05:51:42.641Z</time></trkpt>
      <trkpt lat="25.085672" lon="104.728417"><time>2026-04-26T05:51:42.658Z</time></trkpt>
      <trkpt lat="25.085672" lon="104.728417"><time>2026-04-26T05:51:42.675Z</time></trkpt>
      <trkpt lat="25.085672" lon="104.728417"><time>2026-04-26T05:51:42.691Z</time></trkpt>
      <trkpt lat="25.085672" lon="104.728417"><time>2026-04-26T05:51:42.708Z</time></trkpt>
      <trkpt lat="25.085672" lon="104.728417"><time>2026-04-26T05:51:42.725Z</time></trkpt>
      <trkpt lat="25.085672" lon="104.728417"><time>2026-04-26T05:51:42.741Z</time></trkpt>
      <trkpt lat="25.085658" lon="104.728408"><time>2026-04-26T05:51:42.758Z</time></trkpt>
      <trkpt lat="25.085658" lon="104.728408"><time>2026-04-26T05:51:42.775Z</time></trkpt>
      <trkpt lat="25.085658" lon="104.728408"><time>2026-04-26T05:51:42.791Z</time></trkpt>
      <trkpt lat="25.085658" lon="104.728408"><time>2026-04-26T05:51:42.808Z</time></trkpt>
      <trkpt lat="25.085658" lon="104.728408"><time>2026-04-26T05:51:42.825Z</time></trkpt>
      <trkpt lat="25.085658" lon="104.728408"><time>2026-04-26T05:51:42.841Z</time></trkpt>
      <trkpt lat="25.085646" lon="104.7284"><time>2026-04-26T05:51:42.858Z</time></trkpt>
      <trkpt lat="25.085646" lon="104.7284"><time>2026-04-26T05:51:42.875Z</time></trkpt>
      <trkpt lat="25.085646" lon="104.7284"><time>2026-04-26T05:51:42.891Z</time></trkpt>
      <trkpt lat="25.085646" lon="104.7284"><time>2026-04-26T05:51:42.908Z</time></trkpt>
      <trkpt lat="25.085646" lon="104.7284"><time>2026-04-26T05:51:42.925Z</time></trkpt>
      <trkpt lat="25.085646" lon="104.7284"><time>2026-04-26T05:51:42.941Z</time></trkpt>
      <trkpt lat="25.085632" lon="104.728391"><time>2026-04-26T05:51:42.958Z</time></trkpt>
      <trkpt lat="25.085632" lon="104.728391"><time>2026-04-26T05:51:42.975Z</time></trkpt>
      <trkpt lat="25.085632" lon="104.728391"><time>2026-04-26T05:51:42.992Z</time></trkpt>
      <trkpt lat="25.085632" lon="104.728391"><time>2026-04-26T05:51:43.008Z</time></trkpt>
      <trkpt lat="25.085632" lon="104.728391"><time>2026-04-26T05:51:43.025Z</time></trkpt>
      <trkpt lat="25.085632" lon="104.728391"><time>2026-04-26T05:51:43.042Z</time></trkpt>
      <trkpt lat="25.085619" lon="104.728382"><time>2026-04-26T05:51:43.058Z</time></trkpt>
      <trkpt lat="25.085619" lon="104.728382"><time>2026-04-26T05:51:43.075Z</time></trkpt>
      <trkpt lat="25.085619" lon="104.728382"><time>2026-04-26T05:51:43.092Z</time></trkpt>
      <trkpt lat="25.085619" lon="104.728382"><time>2026-04-26T05:51:43.108Z</time></trkpt>
      <trkpt lat="25.085619" lon="104.728382"><time>2026-04-26T05:51:43.125Z</time></trkpt>
      <trkpt lat="25.085619" lon="104.728382"><time>2026-04-26T05:51:43.142Z</time></trkpt>
      <trkpt lat="25.085605" lon="104.728373"><time>2026-04-26T05:51:43.158Z</time></trkpt>
      <trkpt lat="25.085605" lon="104.728373"><time>2026-04-26T05:51:43.175Z</time></trkpt>
      <trkpt lat="25.085605" lon="104.728373"><time>2026-04-26T05:51:43.192Z</time></trkpt>
      <trkpt lat="25.085605" lon="104.728373"><time>2026-04-26T05:51:43.208Z</time></trkpt>
      <trkpt lat="25.085605" lon="104.728373"><time>2026-04-26T05:51:43.225Z</time></trkpt>
      <trkpt lat="25.085605" lon="104.728373"><time>2026-04-26T05:51:43.242Z</time></trkpt>
      <trkpt lat="25.085592" lon="104.728364"><time>2026-04-26T05:51:43.258Z</time></trkpt>
      <trkpt lat="25.085592" lon="104.728364"><time>2026-04-26T05:51:43.275Z</time></trkpt>
      <trkpt lat="25.085592" lon="104.728364"><time>2026-04-26T05:51:43.292Z</time></trkpt>
      <trkpt lat="25.085592" lon="104.728364"><time>2026-04-26T05:51:43.309Z</time></trkpt>
      <trkpt lat="25.085592" lon="104.728364"><time>2026-04-26T05:51:43.325Z</time></trkpt>
      <trkpt lat="25.085592" lon="104.728364"><time>2026-04-26T05:51:43.342Z</time></trkpt>
      <trkpt lat="25.085579" lon="104.728355"><time>2026-04-26T05:51:43.359Z</time></trkpt>
      <trkpt lat="25.085579" lon="104.728355"><time>2026-04-26T05:51:43.375Z</time></trkpt>
      <trkpt lat="25.085579" lon="104.728355"><time>2026-04-26T05:51:43.392Z</time></trkpt>
      <trkpt lat="25.085579" lon="104.728355"><time>2026-04-26T05:51:43.409Z</time></trkpt>
      <trkpt lat="25.085579" lon="104.728355"><time>2026-04-26T05:51:43.425Z</time></trkpt>
      <trkpt lat="25.085579" lon="104.728355"><time>2026-04-26T05:51:43.442Z</time></trkpt>
      <trkpt lat="25.085565" lon="104.728347"><time>2026-04-26T05:51:43.459Z</time></trkpt>
      <trkpt lat="25.085565" lon="104.728347"><time>2026-04-26T05:51:43.475Z</time></trkpt>
      <trkpt lat="25.085565" lon="104.728347"><time>2026-04-26T05:51:43.492Z</time></trkpt>
      <trkpt lat="25.085565" lon="104.728347"><time>2026-04-26T05:51:43.509Z</time></trkpt>
      <trkpt lat="25.085565" lon="104.728347"><time>2026-04-26T05:51:43.525Z</time></trkpt>
      <trkpt lat="25.085565" lon="104.728347"><time>2026-04-26T05:51:43.542Z</time></trkpt>
      <trkpt lat="25.085552" lon="104.728338"><time>2026-04-26T05:51:43.559Z</time></trkpt>
      <trkpt lat="25.085552" lon="104.728338"><time>2026-04-26T05:51:43.575Z</time></trkpt>
      <trkpt lat="25.085552" lon="104.728338"><time>2026-04-26T05:51:43.592Z</time></trkpt>
      <trkpt lat="25.085552" lon="104.728338"><time>2026-04-26T05:51:43.609Z</time></trkpt>
      <trkpt lat="25.085552" lon="104.728338"><time>2026-04-26T05:51:43.626Z</time></trkpt>
      <trkpt lat="25.085552" lon="104.728338"><time>2026-04-26T05:51:43.642Z</time></trkpt>
      <trkpt lat="25.085539" lon="104.728329"><time>2026-04-26T05:51:43.659Z</time></trkpt>
      <trkpt lat="25.085539" lon="104.728329"><time>2026-04-26T05:51:43.676Z</time></trkpt>
      <trkpt lat="25.085539" lon="104.728329"><time>2026-04-26T05:51:43.692Z</time></trkpt>
      <trkpt lat="25.085539" lon="104.728329"><time>2026-04-26T05:51:43.709Z</time></trkpt>
      <trkpt lat="25.085539" lon="104.728329"><time>2026-04-26T05:51:43.726Z</time></trkpt>
      <trkpt lat="25.085539" lon="104.728329"><time>2026-04-26T05:51:43.742Z</time></trkpt>
      <trkpt lat="25.085525" lon="104.728319"><time>2026-04-26T05:51:43.759Z</time></trkpt>
      <trkpt lat="25.085525" lon="104.728319"><time>2026-04-26T05:51:43.776Z</time></trkpt>
      <trkpt lat="25.085525" lon="104.728319"><time>2026-04-26T05:51:43.792Z</time></trkpt>
      <trkpt lat="25.085525" lon="104.728319"><time>2026-04-26T05:51:43.809Z</time></trkpt>
      <trkpt lat="25.085525" lon="104.728319"><time>2026-04-26T05:51:43.826Z</time></trkpt>
      <trkpt lat="25.085525" lon="104.728319"><time>2026-04-26T05:51:43.842Z</time></trkpt>
      <trkpt lat="25.085512" lon="104.72831"><time>2026-04-26T05:51:43.859Z</time></trkpt>
      <trkpt lat="25.085512" lon="104.72831"><time>2026-04-26T05:51:43.876Z</time></trkpt>
      <trkpt lat="25.085512" lon="104.72831"><time>2026-04-26T05:51:43.892Z</time></trkpt>
      <trkpt lat="25.085512" lon="104.72831"><time>2026-04-26T05:51:43.909Z</time></trkpt>
      <trkpt lat="25.085512" lon="104.72831"><time>2026-04-26T05:51:43.926Z</time></trkpt>
      <trkpt lat="25.085512" lon="104.72831"><time>2026-04-26T05:51:43.943Z</time></trkpt>
      <trkpt lat="25.085498" lon="104.728301"><time>2026-04-26T05:51:43.959Z</time></trkpt>
      <trkpt lat="25.085498" lon="104.728301"><time>2026-04-26T05:51:43.976Z</time></trkpt>
      <trkpt lat="25.085498" lon="104.728301"><time>2026-04-26T05:51:43.993Z</time></trkpt>
      <trkpt lat="25.085498" lon="104.728301"><time>2026-04-26T05:51:44.009Z</time></trkpt>
      <trkpt lat="25.085498" lon="104.728301"><time>2026-04-26T05:51:44.026Z</time></trkpt>
      <trkpt lat="25.085498" lon="104.728301"><time>2026-04-26T05:51:44.043Z</time></trkpt>
      <trkpt lat="25.085485" lon="104.728292"><time>2026-04-26T05:51:44.059Z</time></trkpt>
      <trkpt lat="25.085485" lon="104.728292"><time>2026-04-26T05:51:44.076Z</time></trkpt>
      <trkpt lat="25.085485" lon="104.728292"><time>2026-04-26T05:51:44.093Z</time></trkpt>
      <trkpt lat="25.085485" lon="104.728292"><time>2026-04-26T05:51:44.109Z</time></trkpt>
      <trkpt lat="25.085485" lon="104.728292"><time>2026-04-26T05:51:44.126Z</time></trkpt>
      <trkpt lat="25.085485" lon="104.728292"><time>2026-04-26T05:51:44.143Z</time></trkpt>
      <trkpt lat="25.085471" lon="104.728283"><time>2026-04-26T05:51:44.159Z</time></trkpt>
      <trkpt lat="25.085471" lon="104.728283"><time>2026-04-26T05:51:44.176Z</time></trkpt>
      <trkpt lat="25.085471" lon="104.728283"><time>2026-04-26T05:51:44.193Z</time></trkpt>
      <trkpt lat="25.085471" lon="104.728283"><time>2026-04-26T05:51:44.209Z</time></trkpt>
      <trkpt lat="25.085471" lon="104.728283"><time>2026-04-26T05:51:44.226Z</time></trkpt>
      <trkpt lat="25.085471" lon="104.728283"><time>2026-04-26T05:51:44.243Z</time></trkpt>
      <trkpt lat="25.085458" lon="104.728274"><time>2026-04-26T05:51:44.260Z</time></trkpt>
      <trkpt lat="25.085458" lon="104.728274"><time>2026-04-26T05:51:44.276Z</time></trkpt>
      <trkpt lat="25.085458" lon="104.728274"><time>2026-04-26T05:51:44.293Z</time></trkpt>
      <trkpt lat="25.085458" lon="104.728274"><time>2026-04-26T05:51:44.310Z</time></trkpt>
      <trkpt lat="25.085458" lon="104.728274"><time>2026-04-26T05:51:44.326Z</time></trkpt>
      <trkpt lat="25.085458" lon="104.728274"><time>2026-04-26T05:51:44.343Z</time></trkpt>
      <trkpt lat="25.085445" lon="104.728264"><time>2026-04-26T05:51:44.360Z</time></trkpt>
      <trkpt lat="25.085445" lon="104.728264"><time>2026-04-26T05:51:44.376Z</time></trkpt>
      <trkpt lat="25.085445" lon="104.728264"><time>2026-04-26T05:51:44.393Z</time></trkpt>
      <trkpt lat="25.085445" lon="104.728264"><time>2026-04-26T05:51:44.410Z</time></trkpt>
      <trkpt lat="25.085445" lon="104.728264"><time>2026-04-26T05:51:44.426Z</time></trkpt>
      <trkpt lat="25.085445" lon="104.728264"><time>2026-04-26T05:51:44.443Z</time></trkpt>
      <trkpt lat="25.085431" lon="104.728255"><time>2026-04-26T05:51:44.460Z</time></trkpt>
      <trkpt lat="25.085431" lon="104.728255"><time>2026-04-26T05:51:44.476Z</time></trkpt>
      <trkpt lat="25.085431" lon="104.728255"><time>2026-04-26T05:51:44.493Z</time></trkpt>
      <trkpt lat="25.085431" lon="104.728255"><time>2026-04-26T05:51:44.510Z</time></trkpt>
      <trkpt lat="25.085431" lon="104.728255"><time>2026-04-26T05:51:44.526Z</time></trkpt>
      <trkpt lat="25.085431" lon="104.728255"><time>2026-04-26T05:51:44.543Z</time></trkpt>
      <trkpt lat="25.085418" lon="104.728246"><time>2026-04-26T05:51:44.560Z</time></trkpt>
      <trkpt lat="25.085418" lon="104.728246"><time>2026-04-26T05:51:44.577Z</time></trkpt>
      <trkpt lat="25.085418" lon="104.728246"><time>2026-04-26T05:51:44.593Z</time></trkpt>
      <trkpt lat="25.085418" lon="104.728246"><time>2026-04-26T05:51:44.610Z</time></trkpt>
      <trkpt lat="25.085418" lon="104.728246"><time>2026-04-26T05:51:44.627Z</time></trkpt>
      <trkpt lat="25.085418" lon="104.728246"><time>2026-04-26T05:51:44.643Z</time></trkpt>
      <trkpt lat="25.085405" lon="104.728236"><time>2026-04-26T05:51:44.660Z</time></trkpt>
      <trkpt lat="25.085405" lon="104.728236"><time>2026-04-26T05:51:44.677Z</time></trkpt>
      <trkpt lat="25.085405" lon="104.728236"><time>2026-04-26T05:51:44.693Z</time></trkpt>
      <trkpt lat="25.085405" lon="104.728236"><time>2026-04-26T05:51:44.710Z</time></trkpt>
      <trkpt lat="25.085405" lon="104.728236"><time>2026-04-26T05:51:44.727Z</time></trkpt>
      <trkpt lat="25.085405" lon="104.728236"><time>2026-04-26T05:51:44.743Z</time></trkpt>
      <trkpt lat="25.085392" lon="104.728227"><time>2026-04-26T05:51:44.760Z</time></trkpt>
      <trkpt lat="25.085392" lon="104.728227"><time>2026-04-26T05:51:44.777Z</time></trkpt>
      <trkpt lat="25.085392" lon="104.728227"><time>2026-04-26T05:51:44.793Z</time></trkpt>
      <trkpt lat="25.085392" lon="104.728227"><time>2026-04-26T05:51:44.810Z</time></trkpt>
      <trkpt lat="25.085392" lon="104.728227"><time>2026-04-26T05:51:44.827Z</time></trkpt>
      <trkpt lat="25.085392" lon="104.728227"><time>2026-04-26T05:51:44.843Z</time></trkpt>
      <trkpt lat="25.085379" lon="104.728217"><time>2026-04-26T05:51:44.860Z</time></trkpt>
      <trkpt lat="25.085379" lon="104.728217"><time>2026-04-26T05:51:44.877Z</time></trkpt>
      <trkpt lat="25.085379" lon="104.728217"><time>2026-04-26T05:51:44.894Z</time></trkpt>
      <trkpt lat="25.085379" lon="104.728217"><time>2026-04-26T05:51:44.910Z</time></trkpt>
      <trkpt lat="25.085379" lon="104.728217"><time>2026-04-26T05:51:44.927Z</time></trkpt>
      <trkpt lat="25.085379" lon="104.728217"><time>2026-04-26T05:51:44.944Z</time></trkpt>
      <trkpt lat="25.085366" lon="104.728208"><time>2026-04-26T05:51:44.960Z</time></trkpt>
      <trkpt lat="25.085366" lon="104.728208"><time>2026-04-26T05:51:44.977Z</time></trkpt>
      <trkpt lat="25.085366" lon="104.728208"><time>2026-04-26T05:51:44.994Z</time></trkpt>
      <trkpt lat="25.085366" lon="104.728208"><time>2026-04-26T05:51:45.010Z</time></trkpt>
      <trkpt lat="25.085366" lon="104.728208"><time>2026-04-26T05:51:45.027Z</time></trkpt>
      <trkpt lat="25.085366" lon="104.728208"><time>2026-04-26T05:51:45.044Z</time></trkpt>
      <trkpt lat="25.085352" lon="104.728198"><time>2026-04-26T05:51:45.060Z</time></trkpt>
      <trkpt lat="25.085352" lon="104.728198"><time>2026-04-26T05:51:45.077Z</time></trkpt>
      <trkpt lat="25.085352" lon="104.728198"><time>2026-04-26T05:51:45.094Z</time></trkpt>
      <trkpt lat="25.085352" lon="104.728198"><time>2026-04-26T05:51:45.110Z</time></trkpt>
      <trkpt lat="25.085352" lon="104.728198"><time>2026-04-26T05:51:45.127Z</time></trkpt>
      <trkpt lat="25.085352" lon="104.728198"><time>2026-04-26T05:51:45.144Z</time></trkpt>
      <trkpt lat="25.085339" lon="104.728188"><time>2026-04-26T05:51:45.160Z</time></trkpt>
      <trkpt lat="25.085339" lon="104.728188"><time>2026-04-26T05:51:45.177Z</time></trkpt>
      <trkpt lat="25.085339" lon="104.728188"><time>2026-04-26T05:51:45.194Z</time></trkpt>
      <trkpt lat="25.085339" lon="104.728188"><time>2026-04-26T05:51:45.211Z</time></trkpt>
      <trkpt lat="25.085339" lon="104.728188"><time>2026-04-26T05:51:45.227Z</time></trkpt>
      <trkpt lat="25.085339" lon="104.728188"><time>2026-04-26T05:51:45.244Z</time></trkpt>
      <trkpt lat="25.085327" lon="104.728179"><time>2026-04-26T05:51:45.261Z</time></trkpt>
      <trkpt lat="25.085327" lon="104.728179"><time>2026-04-26T05:51:45.277Z</time></trkpt>
      <trkpt lat="25.085327" lon="104.728179"><time>2026-04-26T05:51:45.294Z</time></trkpt>
      <trkpt lat="25.085327" lon="104.728179"><time>2026-04-26T05:51:45.311Z</time></trkpt>
      <trkpt lat="25.085327" lon="104.728179"><time>2026-04-26T05:51:45.327Z</time></trkpt>
      <trkpt lat="25.085327" lon="104.728179"><time>2026-04-26T05:51:45.344Z</time></trkpt>
      <trkpt lat="25.085312" lon="104.728171"><time>2026-04-26T05:51:45.361Z</time></trkpt>
      <trkpt lat="25.085312" lon="104.728171"><time>2026-04-26T05:51:45.377Z</time></trkpt>
      <trkpt lat="25.085312" lon="104.728171"><time>2026-04-26T05:51:45.394Z</time></trkpt>
      <trkpt lat="25.085312" lon="104.728171"><time>2026-04-26T05:51:45.411Z</time></trkpt>
      <trkpt lat="25.085312" lon="104.728171"><time>2026-04-26T05:51:45.427Z</time></trkpt>
      <trkpt lat="25.085312" lon="104.728171"><time>2026-04-26T05:51:45.444Z</time></trkpt>
      <trkpt lat="25.085299" lon="104.728162"><time>2026-04-26T05:51:45.461Z</time></trkpt>
      <trkpt lat="25.085299" lon="104.728162"><time>2026-04-26T05:51:45.477Z</time></trkpt>
      <trkpt lat="25.085299" lon="104.728162"><time>2026-04-26T05:51:45.494Z</time></trkpt>
      <trkpt lat="25.085299" lon="104.728162"><time>2026-04-26T05:51:45.511Z</time></trkpt>
      <trkpt lat="25.085299" lon="104.728162"><time>2026-04-26T05:51:45.528Z</time></trkpt>
      <trkpt lat="25.085299" lon="104.728162"><time>2026-04-26T05:51:45.544Z</time></trkpt>
      <trkpt lat="25.085285" lon="104.728151"><time>2026-04-26T05:51:45.561Z</time></trkpt>
      <trkpt lat="25.085285" lon="104.728151"><time>2026-04-26T05:51:45.578Z</time></trkpt>
      <trkpt lat="25.085285" lon="104.728151"><time>2026-04-26T05:51:45.594Z</time></trkpt>
      <trkpt lat="25.085285" lon="104.728151"><time>2026-04-26T05:51:45.611Z</time></trkpt>
      <trkpt lat="25.085285" lon="104.728151"><time>2026-04-26T05:51:45.628Z</time></trkpt>
      <trkpt lat="25.085285" lon="104.728151"><time>2026-04-26T05:51:45.644Z</time></trkpt>
      <trkpt lat="25.085272" lon="104.728141"><time>2026-04-26T05:51:45.661Z</time></trkpt>
      <trkpt lat="25.085272" lon="104.728141"><time>2026-04-26T05:51:45.678Z</time></trkpt>
      <trkpt lat="25.085272" lon="104.728141"><time>2026-04-26T05:51:45.694Z</time></trkpt>
      <trkpt lat="25.085272" lon="104.728141"><time>2026-04-26T05:51:45.711Z</time></trkpt>
      <trkpt lat="25.085272" lon="104.728141"><time>2026-04-26T05:51:45.728Z</time></trkpt>
      <trkpt lat="25.085272" lon="104.728141"><time>2026-04-26T05:51:45.744Z</time></trkpt>
      <trkpt lat="25.085259" lon="104.72813"><time>2026-04-26T05:51:45.761Z</time></trkpt>
      <trkpt lat="25.085259" lon="104.72813"><time>2026-04-26T05:51:45.778Z</time></trkpt>
      <trkpt lat="25.085259" lon="104.72813"><time>2026-04-26T05:51:45.794Z</time></trkpt>
      <trkpt lat="25.085259" lon="104.72813"><time>2026-04-26T05:51:45.811Z</time></trkpt>
      <trkpt lat="25.085259" lon="104.72813"><time>2026-04-26T05:51:45.828Z</time></trkpt>
      <trkpt lat="25.085259" lon="104.72813"><time>2026-04-26T05:51:45.845Z</time></trkpt>
      <trkpt lat="25.085246" lon="104.72812"><time>2026-04-26T05:51:45.861Z</time></trkpt>
      <trkpt lat="25.085246" lon="104.72812"><time>2026-04-26T05:51:45.878Z</time></trkpt>
      <trkpt lat="25.085246" lon="104.72812"><time>2026-04-26T05:51:45.895Z</time></trkpt>
      <trkpt lat="25.085246" lon="104.72812"><time>2026-04-26T05:51:45.911Z</time></trkpt>
      <trkpt lat="25.085246" lon="104.72812"><time>2026-04-26T05:51:45.928Z</time></trkpt>
      <trkpt lat="25.085246" lon="104.72812"><time>2026-04-26T05:51:45.945Z</time></trkpt>
      <trkpt lat="25.085233" lon="104.728109"><time>2026-04-26T05:51:45.961Z</time></trkpt>
      <trkpt lat="25.085233" lon="104.728109"><time>2026-04-26T05:51:45.978Z</time></trkpt>
      <trkpt lat="25.085233" lon="104.728109"><time>2026-04-26T05:51:45.995Z</time></trkpt>
      <trkpt lat="25.085233" lon="104.728109"><time>2026-04-26T05:51:46.011Z</time></trkpt>
      <trkpt lat="25.085233" lon="104.728109"><time>2026-04-26T05:51:46.028Z</time></trkpt>
      <trkpt lat="25.085233" lon="104.728109"><time>2026-04-26T05:51:46.045Z</time></trkpt>
      <trkpt lat="25.085219" lon="104.728099"><time>2026-04-26T05:51:46.061Z</time></trkpt>
      <trkpt lat="25.085219" lon="104.728099"><time>2026-04-26T05:51:46.078Z</time></trkpt>
      <trkpt lat="25.085219" lon="104.728099"><time>2026-04-26T05:51:46.095Z</time></trkpt>
      <trkpt lat="25.085219" lon="104.728099"><time>2026-04-26T05:51:46.111Z</time></trkpt>
      <trkpt lat="25.085219" lon="104.728099"><time>2026-04-26T05:51:46.128Z</time></trkpt>
      <trkpt lat="25.085219" lon="104.728099"><time>2026-04-26T05:51:46.145Z</time></trkpt>
      <trkpt lat="25.085206" lon="104.728088"><time>2026-04-26T05:51:46.162Z</time></trkpt>
      <trkpt lat="25.085206" lon="104.728088"><time>2026-04-26T05:51:46.178Z</time></trkpt>
      <trkpt lat="25.085206" lon="104.728088"><time>2026-04-26T05:51:46.195Z</time></trkpt>
      <trkpt lat="25.085206" lon="104.728088"><time>2026-04-26T05:51:46.212Z</time></trkpt>
      <trkpt lat="25.085206" lon="104.728088"><time>2026-04-26T05:51:46.228Z</time></trkpt>
      <trkpt lat="25.085206" lon="104.728088"><time>2026-04-26T05:51:46.245Z</time></trkpt>
      <trkpt lat="25.085193" lon="104.728077"><time>2026-04-26T05:51:46.262Z</time></trkpt>
      <trkpt lat="25.085193" lon="104.728077"><time>2026-04-26T05:51:46.278Z</time></trkpt>
      <trkpt lat="25.085193" lon="104.728077"><time>2026-04-26T05:51:46.295Z</time></trkpt>
      <trkpt lat="25.085193" lon="104.728077"><time>2026-04-26T05:51:46.312Z</time></trkpt>
      <trkpt lat="25.085193" lon="104.728077"><time>2026-04-26T05:51:46.328Z</time></trkpt>
      <trkpt lat="25.085193" lon="104.728077"><time>2026-04-26T05:51:46.345Z</time></trkpt>
      <trkpt lat="25.08518" lon="104.728067"><time>2026-04-26T05:51:46.362Z</time></trkpt>
      <trkpt lat="25.08518" lon="104.728067"><time>2026-04-26T05:51:46.378Z</time></trkpt>
      <trkpt lat="25.08518" lon="104.728067"><time>2026-04-26T05:51:46.395Z</time></trkpt>
      <trkpt lat="25.08518" lon="104.728067"><time>2026-04-26T05:51:46.412Z</time></trkpt>
      <trkpt lat="25.08518" lon="104.728067"><time>2026-04-26T05:51:46.428Z</time></trkpt>
      <trkpt lat="25.08518" lon="104.728067"><time>2026-04-26T05:51:46.445Z</time></trkpt>
      <trkpt lat="25.085167" lon="104.728056"><time>2026-04-26T05:51:46.462Z</time></trkpt>
      <trkpt lat="25.085167" lon="104.728056"><time>2026-04-26T05:51:46.479Z</time></trkpt>
      <trkpt lat="25.085167" lon="104.728056"><time>2026-04-26T05:51:46.495Z</time></trkpt>
      <trkpt lat="25.085167" lon="104.728056"><time>2026-04-26T05:51:46.512Z</time></trkpt>
      <trkpt lat="25.085167" lon="104.728056"><time>2026-04-26T05:51:46.529Z</time></trkpt>
      <trkpt lat="25.085167" lon="104.728056"><time>2026-04-26T05:51:46.545Z</time></trkpt>
      <trkpt lat="25.085154" lon="104.728045"><time>2026-04-26T05:51:46.562Z</time></trkpt>
      <trkpt lat="25.085154" lon="104.728045"><time>2026-04-26T05:51:46.579Z</time></trkpt>
      <trkpt lat="25.085154" lon="104.728045"><time>2026-04-26T05:51:46.595Z</time></trkpt>
      <trkpt lat="25.085154" lon="104.728045"><time>2026-04-26T05:51:46.612Z</time></trkpt>
      <trkpt lat="25.085154" lon="104.728045"><time>2026-04-26T05:51:46.629Z</time></trkpt>
      <trkpt lat="25.085154" lon="104.728045"><time>2026-04-26T05:51:46.645Z</time></trkpt>
      <trkpt lat="25.085141" lon="104.728034"><time>2026-04-26T05:51:46.662Z</time></trkpt>
      <trkpt lat="25.085141" lon="104.728034"><time>2026-04-26T05:51:46.679Z</time></trkpt>
      <trkpt lat="25.085141" lon="104.728034"><time>2026-04-26T05:51:46.695Z</time></trkpt>
      <trkpt lat="25.085141" lon="104.728034"><time>2026-04-26T05:51:46.712Z</time></trkpt>
      <trkpt lat="25.085141" lon="104.728034"><time>2026-04-26T05:51:46.729Z</time></trkpt>
      <trkpt lat="25.085141" lon="104.728034"><time>2026-04-26T05:51:46.745Z</time></trkpt>
      <trkpt lat="25.085128" lon="104.728023"><time>2026-04-26T05:51:46.762Z</time></trkpt>
      <trkpt lat="25.085128" lon="104.728023"><time>2026-04-26T05:51:46.779Z</time></trkpt>
      <trkpt lat="25.085128" lon="104.728023"><time>2026-04-26T05:51:46.796Z</time></trkpt>
      <trkpt lat="25.085128" lon="104.728023"><time>2026-04-26T05:51:46.812Z</time></trkpt>
      <trkpt lat="25.085128" lon="104.728023"><time>2026-04-26T05:51:46.829Z</time></trkpt>
      <trkpt lat="25.085128" lon="104.728023"><time>2026-04-26T05:51:46.846Z</time></trkpt>
      <trkpt lat="25.085115" lon="104.728012"><time>2026-04-26T05:51:46.862Z</time></trkpt>
      <trkpt lat="25.085115" lon="104.728012"><time>2026-04-26T05:51:46.879Z</time></trkpt>
      <trkpt lat="25.085115" lon="104.728012"><time>2026-04-26T05:51:46.896Z</time></trkpt>
      <trkpt lat="25.085115" lon="104.728012"><time>2026-04-26T05:51:46.912Z</time></trkpt>
      <trkpt lat="25.085115" lon="104.728012"><time>2026-04-26T05:51:46.929Z</time></trkpt>
      <trkpt lat="25.085115" lon="104.728012"><time>2026-04-26T05:51:46.946Z</time></trkpt>
      <trkpt lat="25.085102" lon="104.728"><time>2026-04-26T05:51:46.962Z</time></trkpt>
      <trkpt lat="25.085102" lon="104.728"><time>2026-04-26T05:51:46.979Z</time></trkpt>
      <trkpt lat="25.085102" lon="104.728"><time>2026-04-26T05:51:46.996Z</time></trkpt>
      <trkpt lat="25.085102" lon="104.728"><time>2026-04-26T05:51:47.012Z</time></trkpt>
      <trkpt lat="25.085102" lon="104.728"><time>2026-04-26T05:51:47.029Z</time></trkpt>
      <trkpt lat="25.085102" lon="104.728"><time>2026-04-26T05:51:47.046Z</time></trkpt>
      <trkpt lat="25.085089" lon="104.727989"><time>2026-04-26T05:51:47.062Z</time></trkpt>
      <trkpt lat="25.085089" lon="104.727989"><time>2026-04-26T05:51:47.079Z</time></trkpt>
      <trkpt lat="25.085089" lon="104.727989"><time>2026-04-26T05:51:47.096Z</time></trkpt>
      <trkpt lat="25.085089" lon="104.727989"><time>2026-04-26T05:51:47.113Z</time></trkpt>
      <trkpt lat="25.085089" lon="104.727989"><time>2026-04-26T05:51:47.129Z</time></trkpt>
      <trkpt lat="25.085089" lon="104.727989"><time>2026-04-26T05:51:47.146Z</time></trkpt>
      <trkpt lat="25.085076" lon="104.727978"><time>2026-04-26T05:51:47.163Z</time></trkpt>
      <trkpt lat="25.085076" lon="104.727978"><time>2026-04-26T05:51:47.179Z</time></trkpt>
      <trkpt lat="25.085076" lon="104.727978"><time>2026-04-26T05:51:47.196Z</time></trkpt>
      <trkpt lat="25.085076" lon="104.727978"><time>2026-04-26T05:51:47.213Z</time></trkpt>
      <trkpt lat="25.085076" lon="104.727978"><time>2026-04-26T05:51:47.229Z</time></trkpt>
      <trkpt lat="25.085076" lon="104.727978"><time>2026-04-26T05:51:47.246Z</time></trkpt>
      <trkpt lat="25.085063" lon="104.727967"><time>2026-04-26T05:51:47.263Z</time></trkpt>
      <trkpt lat="25.085063" lon="104.727967"><time>2026-04-26T05:51:47.279Z</time></trkpt>
      <trkpt lat="25.085063" lon="104.727967"><time>2026-04-26T05:51:47.296Z</time></trkpt>
      <trkpt lat="25.085063" lon="104.727967"><time>2026-04-26T05:51:47.313Z</time></trkpt>
      <trkpt lat="25.085063" lon="104.727967"><time>2026-04-26T05:51:47.329Z</time></trkpt>
      <trkpt lat="25.085063" lon="104.727967"><time>2026-04-26T05:51:47.346Z</time></trkpt>
      <trkpt lat="25.08505" lon="104.727955"><time>2026-04-26T05:51:47.363Z</time></trkpt>
      <trkpt lat="25.08505" lon="104.727955"><time>2026-04-26T05:51:47.379Z</time></trkpt>
      <trkpt lat="25.08505" lon="104.727955"><time>2026-04-26T05:51:47.396Z</time></trkpt>
      <trkpt lat="25.08505" lon="104.727955"><time>2026-04-26T05:51:47.413Z</time></trkpt>
      <trkpt lat="25.08505" lon="104.727955"><time>2026-04-26T05:51:47.430Z</time></trkpt>
      <trkpt lat="25.08505" lon="104.727955"><time>2026-04-26T05:51:47.446Z</time></trkpt>
      <trkpt lat="25.085037" lon="104.727944"><time>2026-04-26T05:51:47.463Z</time></trkpt>
      <trkpt lat="25.085037" lon="104.727944"><time>2026-04-26T05:51:47.480Z</time></trkpt>
      <trkpt lat="25.085037" lon="104.727944"><time>2026-04-26T05:51:47.496Z</time></trkpt>
      <trkpt lat="25.085037" lon="104.727944"><time>2026-04-26T05:51:47.513Z</time></trkpt>
      <trkpt lat="25.085037" lon="104.727944"><time>2026-04-26T05:51:47.530Z</time></trkpt>
      <trkpt lat="25.085037" lon="104.727944"><time>2026-04-26T05:51:47.546Z</time></trkpt>
      <trkpt lat="25.085024" lon="104.727932"><time>2026-04-26T05:51:47.563Z</time></trkpt>
      <trkpt lat="25.085024" lon="104.727932"><time>2026-04-26T05:51:47.580Z</time></trkpt>
      <trkpt lat="25.085024" lon="104.727932"><time>2026-04-26T05:51:47.596Z</time></trkpt>
      <trkpt lat="25.085024" lon="104.727932"><time>2026-04-26T05:51:47.613Z</time></trkpt>
      <trkpt lat="25.085024" lon="104.727932"><time>2026-04-26T05:51:47.630Z</time></trkpt>
      <trkpt lat="25.085024" lon="104.727932"><time>2026-04-26T05:51:47.646Z</time></trkpt>
      <trkpt lat="25.085012" lon="104.727921"><time>2026-04-26T05:51:47.663Z</time></trkpt>
      <trkpt lat="25.085012" lon="104.727921"><time>2026-04-26T05:51:47.680Z</time></trkpt>
      <trkpt lat="25.085012" lon="104.727921"><time>2026-04-26T05:51:47.696Z</time></trkpt>
      <trkpt lat="25.085012" lon="104.727921"><time>2026-04-26T05:51:47.713Z</time></trkpt>
      <trkpt lat="25.085012" lon="104.727921"><time>2026-04-26T05:51:47.730Z</time></trkpt>
      <trkpt lat="25.085012" lon="104.727921"><time>2026-04-26T05:51:47.747Z</time></trkpt>
      <trkpt lat="25.084999" lon="104.727909"><time>2026-04-26T05:51:47.763Z</time></trkpt>
      <trkpt lat="25.084999" lon="104.727909"><time>2026-04-26T05:51:47.780Z</time></trkpt>
      <trkpt lat="25.084999" lon="104.727909"><time>2026-04-26T05:51:47.797Z</time></trkpt>
      <trkpt lat="25.084999" lon="104.727909"><time>2026-04-26T05:51:47.813Z</time></trkpt>
      <trkpt lat="25.084999" lon="104.727909"><time>2026-04-26T05:51:47.830Z</time></trkpt>
      <trkpt lat="25.084999" lon="104.727909"><time>2026-04-26T05:51:47.847Z</time></trkpt>
      <trkpt lat="25.084987" lon="104.727897"><time>2026-04-26T05:51:47.863Z</time></trkpt>
      <trkpt lat="25.084987" lon="104.727897"><time>2026-04-26T05:51:47.880Z</time></trkpt>
      <trkpt lat="25.084987" lon="104.727897"><time>2026-04-26T05:51:47.897Z</time></trkpt>
      <trkpt lat="25.084987" lon="104.727897"><time>2026-04-26T05:51:47.913Z</time></trkpt>
      <trkpt lat="25.084987" lon="104.727897"><time>2026-04-26T05:51:47.930Z</time></trkpt>
      <trkpt lat="25.084987" lon="104.727897"><time>2026-04-26T05:51:47.947Z</time></trkpt>
      <trkpt lat="25.084974" lon="104.727885"><time>2026-04-26T05:51:47.963Z</time></trkpt>
      <trkpt lat="25.084974" lon="104.727885"><time>2026-04-26T05:51:47.980Z</time></trkpt>
      <trkpt lat="25.084974" lon="104.727885"><time>2026-04-26T05:51:47.997Z</time></trkpt>
      <trkpt lat="25.084974" lon="104.727885"><time>2026-04-26T05:51:48.013Z</time></trkpt>
      <trkpt lat="25.084974" lon="104.727885"><time>2026-04-26T05:51:48.030Z</time></trkpt>
      <trkpt lat="25.084974" lon="104.727885"><time>2026-04-26T05:51:48.047Z</time></trkpt>
      <trkpt lat="25.084962" lon="104.727873"><time>2026-04-26T05:51:48.064Z</time></trkpt>
      <trkpt lat="25.084962" lon="104.727873"><time>2026-04-26T05:51:48.080Z</time></trkpt>
      <trkpt lat="25.084962" lon="104.727873"><time>2026-04-26T05:51:48.097Z</time></trkpt>
      <trkpt lat="25.084962" lon="104.727873"><time>2026-04-26T05:51:48.114Z</time></trkpt>
      <trkpt lat="25.084962" lon="104.727873"><time>2026-04-26T05:51:48.130Z</time></trkpt>
      <trkpt lat="25.084962" lon="104.727873"><time>2026-04-26T05:51:48.147Z</time></trkpt>
      <trkpt lat="25.084949" lon="104.727861"><time>2026-04-26T05:51:48.164Z</time></trkpt>
      <trkpt lat="25.084949" lon="104.727861"><time>2026-04-26T05:51:48.180Z</time></trkpt>
      <trkpt lat="25.084949" lon="104.727861"><time>2026-04-26T05:51:48.197Z</time></trkpt>
      <trkpt lat="25.084949" lon="104.727861"><time>2026-04-26T05:51:48.214Z</time></trkpt>
      <trkpt lat="25.084949" lon="104.727861"><time>2026-04-26T05:51:48.230Z</time></trkpt>
      <trkpt lat="25.084949" lon="104.727861"><time>2026-04-26T05:51:48.247Z</time></trkpt>
      <trkpt lat="25.084937" lon="104.727849"><time>2026-04-26T05:51:48.264Z</time></trkpt>
      <trkpt lat="25.084937" lon="104.727849"><time>2026-04-26T05:51:48.280Z</time></trkpt>
      <trkpt lat="25.084937" lon="104.727849"><time>2026-04-26T05:51:48.297Z</time></trkpt>
      <trkpt lat="25.084937" lon="104.727849"><time>2026-04-26T05:51:48.314Z</time></trkpt>
      <trkpt lat="25.084937" lon="104.727849"><time>2026-04-26T05:51:48.330Z</time></trkpt>
      <trkpt lat="25.084937" lon="104.727849"><time>2026-04-26T05:51:48.347Z</time></trkpt>
      <trkpt lat="25.084924" lon="104.727837"><time>2026-04-26T05:51:48.364Z</time></trkpt>
      <trkpt lat="25.084924" lon="104.727837"><time>2026-04-26T05:51:48.381Z</time></trkpt>
      <trkpt lat="25.084924" lon="104.727837"><time>2026-04-26T05:51:48.397Z</time></trkpt>
      <trkpt lat="25.084924" lon="104.727837"><time>2026-04-26T05:51:48.414Z</time></trkpt>
      <trkpt lat="25.084924" lon="104.727837"><time>2026-04-26T05:51:48.431Z</time></trkpt>
      <trkpt lat="25.084924" lon="104.727837"><time>2026-04-26T05:51:48.447Z</time></trkpt>
      <trkpt lat="25.084912" lon="104.727825"><time>2026-04-26T05:51:48.464Z</time></trkpt>
      <trkpt lat="25.084912" lon="104.727825"><time>2026-04-26T05:51:48.481Z</time></trkpt>
      <trkpt lat="25.084912" lon="104.727825"><time>2026-04-26T05:51:48.497Z</time></trkpt>
      <trkpt lat="25.084912" lon="104.727825"><time>2026-04-26T05:51:48.514Z</time></trkpt>
      <trkpt lat="25.084912" lon="104.727825"><time>2026-04-26T05:51:48.531Z</time></trkpt>
      <trkpt lat="25.084912" lon="104.727825"><time>2026-04-26T05:51:48.547Z</time></trkpt>
      <trkpt lat="25.0849" lon="104.727814"><time>2026-04-26T05:51:48.564Z</time></trkpt>
      <trkpt lat="25.0849" lon="104.727814"><time>2026-04-26T05:51:48.581Z</time></trkpt>
      <trkpt lat="25.0849" lon="104.727814"><time>2026-04-26T05:51:48.597Z</time></trkpt>
      <trkpt lat="25.0849" lon="104.727814"><time>2026-04-26T05:51:48.614Z</time></trkpt>
      <trkpt lat="25.0849" lon="104.727814"><time>2026-04-26T05:51:48.631Z</time></trkpt>
      <trkpt lat="25.0849" lon="104.727814"><time>2026-04-26T05:51:48.647Z</time></trkpt>
      <trkpt lat="25.084886" lon="104.727801"><time>2026-04-26T05:51:48.664Z</time></trkpt>
      <trkpt lat="25.084886" lon="104.727801"><time>2026-04-26T05:51:48.681Z</time></trkpt>
      <trkpt lat="25.084886" lon="104.727801"><time>2026-04-26T05:51:48.697Z</time></trkpt>
      <trkpt lat="25.084886" lon="104.727801"><time>2026-04-26T05:51:48.714Z</time></trkpt>
      <trkpt lat="25.084886" lon="104.727801"><time>2026-04-26T05:51:48.731Z</time></trkpt>
      <trkpt lat="25.084886" lon="104.727801"><time>2026-04-26T05:51:48.748Z</time></trkpt>
      <trkpt lat="25.084873" lon="104.727789"><time>2026-04-26T05:51:48.764Z</time></trkpt>
      <trkpt lat="25.084873" lon="104.727789"><time>2026-04-26T05:51:48.781Z</time></trkpt>
      <trkpt lat="25.084873" lon="104.727789"><time>2026-04-26T05:51:48.798Z</time></trkpt>
      <trkpt lat="25.084873" lon="104.727789"><time>2026-04-26T05:51:48.814Z</time></trkpt>
      <trkpt lat="25.084873" lon="104.727789"><time>2026-04-26T05:51:48.831Z</time></trkpt>
      <trkpt lat="25.084873" lon="104.727789"><time>2026-04-26T05:51:48.848Z</time></trkpt>
      <trkpt lat="25.08486" lon="104.727777"><time>2026-04-26T05:51:48.864Z</time></trkpt>
      <trkpt lat="25.08486" lon="104.727777"><time>2026-04-26T05:51:48.881Z</time></trkpt>
      <trkpt lat="25.08486" lon="104.727777"><time>2026-04-26T05:51:48.898Z</time></trkpt>
      <trkpt lat="25.08486" lon="104.727777"><time>2026-04-26T05:51:48.914Z</time></trkpt>
      <trkpt lat="25.08486" lon="104.727777"><time>2026-04-26T05:51:48.931Z</time></trkpt>
      <trkpt lat="25.08486" lon="104.727777"><time>2026-04-26T05:51:48.948Z</time></trkpt>
      <trkpt lat="25.084847" lon="104.727765"><time>2026-04-26T05:51:48.964Z</time></trkpt>
      <trkpt lat="25.084847" lon="104.727765"><time>2026-04-26T05:51:48.981Z</time></trkpt>
      <trkpt lat="25.084847" lon="104.727765"><time>2026-04-26T05:51:48.998Z</time></trkpt>
      <trkpt lat="25.084847" lon="104.727765"><time>2026-04-26T05:51:49.014Z</time></trkpt>
      <trkpt lat="25.084847" lon="104.727765"><time>2026-04-26T05:51:49.031Z</time></trkpt>
      <trkpt lat="25.084847" lon="104.727765"><time>2026-04-26T05:51:49.048Z</time></trkpt>
      <trkpt lat="25.084834" lon="104.727752"><time>2026-04-26T05:51:49.065Z</time></trkpt>
      <trkpt lat="25.084834" lon="104.727752"><time>2026-04-26T05:51:49.081Z</time></trkpt>
      <trkpt lat="25.084834" lon="104.727752"><time>2026-04-26T05:51:49.098Z</time></trkpt>
      <trkpt lat="25.084834" lon="104.727752"><time>2026-04-26T05:51:49.115Z</time></trkpt>
      <trkpt lat="25.084834" lon="104.727752"><time>2026-04-26T05:51:49.131Z</time></trkpt>
      <trkpt lat="25.084834" lon="104.727752"><time>2026-04-26T05:51:49.148Z</time></trkpt>
      <trkpt lat="25.084822" lon="104.72774"><time>2026-04-26T05:51:49.165Z</time></trkpt>
      <trkpt lat="25.084822" lon="104.72774"><time>2026-04-26T05:51:49.181Z</time></trkpt>
      <trkpt lat="25.084822" lon="104.72774"><time>2026-04-26T05:51:49.198Z</time></trkpt>
      <trkpt lat="25.084822" lon="104.72774"><time>2026-04-26T05:51:49.215Z</time></trkpt>
      <trkpt lat="25.084822" lon="104.72774"><time>2026-04-26T05:51:49.231Z</time></trkpt>
      <trkpt lat="25.084822" lon="104.72774"><time>2026-04-26T05:51:49.248Z</time></trkpt>
      <trkpt lat="25.084809" lon="104.727728"><time>2026-04-26T05:51:49.265Z</time></trkpt>
      <trkpt lat="25.084809" lon="104.727728"><time>2026-04-26T05:51:49.281Z</time></trkpt>
      <trkpt lat="25.084809" lon="104.727728"><time>2026-04-26T05:51:49.298Z</time></trkpt>
      <trkpt lat="25.084809" lon="104.727728"><time>2026-04-26T05:51:49.315Z</time></trkpt>
      <trkpt lat="25.084809" lon="104.727728"><time>2026-04-26T05:51:49.331Z</time></trkpt>
      <trkpt lat="25.084809" lon="104.727728"><time>2026-04-26T05:51:49.348Z</time></trkpt>
      <trkpt lat="25.084796" lon="104.727715"><time>2026-04-26T05:51:49.365Z</time></trkpt>
      <trkpt lat="25.084796" lon="104.727715"><time>2026-04-26T05:51:49.382Z</time></trkpt>
      <trkpt lat="25.084796" lon="104.727715"><time>2026-04-26T05:51:49.398Z</time></trkpt>
      <trkpt lat="25.084796" lon="104.727715"><time>2026-04-26T05:51:49.415Z</time></trkpt>
      <trkpt lat="25.084796" lon="104.727715"><time>2026-04-26T05:51:49.432Z</time></trkpt>
      <trkpt lat="25.084796" lon="104.727715"><time>2026-04-26T05:51:49.448Z</time></trkpt>
      <trkpt lat="25.084784" lon="104.727704"><time>2026-04-26T05:51:49.465Z</time></trkpt>
      <trkpt lat="25.084784" lon="104.727704"><time>2026-04-26T05:51:49.482Z</time></trkpt>
      <trkpt lat="25.084784" lon="104.727704"><time>2026-04-26T05:51:49.498Z</time></trkpt>
      <trkpt lat="25.084784" lon="104.727704"><time>2026-04-26T05:51:49.515Z</time></trkpt>
      <trkpt lat="25.084784" lon="104.727704"><time>2026-04-26T05:51:49.532Z</time></trkpt>
      <trkpt lat="25.084784" lon="104.727704"><time>2026-04-26T05:51:49.548Z</time></trkpt>
      <trkpt lat="25.084771" lon="104.727691"><time>2026-04-26T05:51:49.565Z</time></trkpt>
      <trkpt lat="25.084771" lon="104.727691"><time>2026-04-26T05:51:49.582Z</time></trkpt>
      <trkpt lat="25.084771" lon="104.727691"><time>2026-04-26T05:51:49.598Z</time></trkpt>
      <trkpt lat="25.084771" lon="104.727691"><time>2026-04-26T05:51:49.615Z</time></trkpt>
      <trkpt lat="25.084771" lon="104.727691"><time>2026-04-26T05:51:49.632Z</time></trkpt>
      <trkpt lat="25.084771" lon="104.727691"><time>2026-04-26T05:51:49.648Z</time></trkpt>
      <trkpt lat="25.084758" lon="104.727679"><time>2026-04-26T05:51:49.665Z</time></trkpt>
      <trkpt lat="25.084758" lon="104.727679"><time>2026-04-26T05:51:49.682Z</time></trkpt>
      <trkpt lat="25.084758" lon="104.727679"><time>2026-04-26T05:51:49.699Z</time></trkpt>
      <trkpt lat="25.084758" lon="104.727679"><time>2026-04-26T05:51:49.715Z</time></trkpt>
      <trkpt lat="25.084758" lon="104.727679"><time>2026-04-26T05:51:49.732Z</time></trkpt>
      <trkpt lat="25.084758" lon="104.727679"><time>2026-04-26T05:51:49.749Z</time></trkpt>
      <trkpt lat="25.084746" lon="104.727667"><time>2026-04-26T05:51:49.765Z</time></trkpt>
      <trkpt lat="25.084746" lon="104.727667"><time>2026-04-26T05:51:49.782Z</time></trkpt>
      <trkpt lat="25.084746" lon="104.727667"><time>2026-04-26T05:51:49.799Z</time></trkpt>
      <trkpt lat="25.084746" lon="104.727667"><time>2026-04-26T05:51:49.815Z</time></trkpt>
      <trkpt lat="25.084746" lon="104.727667"><time>2026-04-26T05:51:49.832Z</time></trkpt>
      <trkpt lat="25.084746" lon="104.727667"><time>2026-04-26T05:51:49.849Z</time></trkpt>
      <trkpt lat="25.084734" lon="104.727655"><time>2026-04-26T05:51:49.865Z</time></trkpt>
      <trkpt lat="25.084734" lon="104.727655"><time>2026-04-26T05:51:49.882Z</time></trkpt>
      <trkpt lat="25.084734" lon="104.727655"><time>2026-04-26T05:51:49.899Z</time></trkpt>
      <trkpt lat="25.084734" lon="104.727655"><time>2026-04-26T05:51:49.915Z</time></trkpt>
      <trkpt lat="25.084734" lon="104.727655"><time>2026-04-26T05:51:49.932Z</time></trkpt>
      <trkpt lat="25.084734" lon="104.727655"><time>2026-04-26T05:51:49.949Z</time></trkpt>
      <trkpt lat="25.084722" lon="104.727643"><time>2026-04-26T05:51:49.965Z</time></trkpt>
      <trkpt lat="25.084722" lon="104.727643"><time>2026-04-26T05:51:49.982Z</time></trkpt>
      <trkpt lat="25.084722" lon="104.727643"><time>2026-04-26T05:51:49.999Z</time></trkpt>
      <trkpt lat="25.084722" lon="104.727643"><time>2026-04-26T05:51:50.016Z</time></trkpt>
      <trkpt lat="25.084722" lon="104.727643"><time>2026-04-26T05:51:50.032Z</time></trkpt>
      <trkpt lat="25.084722" lon="104.727643"><time>2026-04-26T05:51:50.049Z</time></trkpt>
      <trkpt lat="25.084709" lon="104.727631"><time>2026-04-26T05:51:50.066Z</time></trkpt>
      <trkpt lat="25.084709" lon="104.727631"><time>2026-04-26T05:51:50.082Z</time></trkpt>
      <trkpt lat="25.084709" lon="104.727631"><time>2026-04-26T05:51:50.099Z</time></trkpt>
      <trkpt lat="25.084709" lon="104.727631"><time>2026-04-26T05:51:50.116Z</time></trkpt>
      <trkpt lat="25.084709" lon="104.727631"><time>2026-04-26T05:51:50.132Z</time></trkpt>
      <trkpt lat="25.084709" lon="104.727631"><time>2026-04-26T05:51:50.149Z</time></trkpt>
      <trkpt lat="25.084696" lon="104.727619"><time>2026-04-26T05:51:50.166Z</time></trkpt>
      <trkpt lat="25.084696" lon="104.727619"><time>2026-04-26T05:51:50.182Z</time></trkpt>
      <trkpt lat="25.084696" lon="104.727619"><time>2026-04-26T05:51:50.199Z</time></trkpt>
      <trkpt lat="25.084696" lon="104.727619"><time>2026-04-26T05:51:50.216Z</time></trkpt>
      <trkpt lat="25.084696" lon="104.727619"><time>2026-04-26T05:51:50.232Z</time></trkpt>
      <trkpt lat="25.084696" lon="104.727619"><time>2026-04-26T05:51:50.249Z</time></trkpt>
      <trkpt lat="25.084683" lon="104.727606"><time>2026-04-26T05:51:50.266Z</time></trkpt>
      <trkpt lat="25.084683" lon="104.727606"><time>2026-04-26T05:51:50.282Z</time></trkpt>
      <trkpt lat="25.084683" lon="104.727606"><time>2026-04-26T05:51:50.299Z</time></trkpt>
      <trkpt lat="25.084683" lon="104.727606"><time>2026-04-26T05:51:50.316Z</time></trkpt>
      <trkpt lat="25.084683" lon="104.727606"><time>2026-04-26T05:51:50.333Z</time></trkpt>
      <trkpt lat="25.084683" lon="104.727606"><time>2026-04-26T05:51:50.349Z</time></trkpt>
      <trkpt lat="25.084671" lon="104.727594"><time>2026-04-26T05:51:50.366Z</time></trkpt>
      <trkpt lat="25.084671" lon="104.727594"><time>2026-04-26T05:51:50.383Z</time></trkpt>
      <trkpt lat="25.084671" lon="104.727594"><time>2026-04-26T05:51:50.399Z</time></trkpt>
      <trkpt lat="25.084671" lon="104.727594"><time>2026-04-26T05:51:50.416Z</time></trkpt>
      <trkpt lat="25.084671" lon="104.727594"><time>2026-04-26T05:51:50.433Z</time></trkpt>
      <trkpt lat="25.084671" lon="104.727594"><time>2026-04-26T05:51:50.449Z</time></trkpt>
      <trkpt lat="25.084658" lon="104.727582"><time>2026-04-26T05:51:50.466Z</time></trkpt>
      <trkpt lat="25.084658" lon="104.727582"><time>2026-04-26T05:51:50.483Z</time></trkpt>
      <trkpt lat="25.084658" lon="104.727582"><time>2026-04-26T05:51:50.499Z</time></trkpt>
      <trkpt lat="25.084658" lon="104.727582"><time>2026-04-26T05:51:50.516Z</time></trkpt>
      <trkpt lat="25.084658" lon="104.727582"><time>2026-04-26T05:51:50.533Z</time></trkpt>
      <trkpt lat="25.084658" lon="104.727582"><time>2026-04-26T05:51:50.549Z</time></trkpt>
      <trkpt lat="25.084646" lon="104.727571"><time>2026-04-26T05:51:50.566Z</time></trkpt>
      <trkpt lat="25.084646" lon="104.727571"><time>2026-04-26T05:51:50.583Z</time></trkpt>
      <trkpt lat="25.084646" lon="104.727571"><time>2026-04-26T05:51:50.599Z</time></trkpt>
      <trkpt lat="25.084646" lon="104.727571"><time>2026-04-26T05:51:50.616Z</time></trkpt>
      <trkpt lat="25.084646" lon="104.727571"><time>2026-04-26T05:51:50.633Z</time></trkpt>
      <trkpt lat="25.084646" lon="104.727571"><time>2026-04-26T05:51:50.650Z</time></trkpt>
      <trkpt lat="25.084633" lon="104.727559"><time>2026-04-26T05:51:50.666Z</time></trkpt>
      <trkpt lat="25.084633" lon="104.727559"><time>2026-04-26T05:51:50.683Z</time></trkpt>
      <trkpt lat="25.084633" lon="104.727559"><time>2026-04-26T05:51:50.700Z</time></trkpt>
      <trkpt lat="25.084633" lon="104.727559"><time>2026-04-26T05:51:50.716Z</time></trkpt>
      <trkpt lat="25.084633" lon="104.727559"><time>2026-04-26T05:51:50.733Z</time></trkpt>
      <trkpt lat="25.084633" lon="104.727559"><time>2026-04-26T05:51:50.750Z</time></trkpt>
      <trkpt lat="25.084619" lon="104.727546"><time>2026-04-26T05:51:50.766Z</time></trkpt>
      <trkpt lat="25.084619" lon="104.727546"><time>2026-04-26T05:51:50.783Z</time></trkpt>
      <trkpt lat="25.084619" lon="104.727546"><time>2026-04-26T05:51:50.800Z</time></trkpt>
      <trkpt lat="25.084619" lon="104.727546"><time>2026-04-26T05:51:50.816Z</time></trkpt>
      <trkpt lat="25.084619" lon="104.727546"><time>2026-04-26T05:51:50.833Z</time></trkpt>
      <trkpt lat="25.084619" lon="104.727546"><time>2026-04-26T05:51:50.850Z</time></trkpt>
      <trkpt lat="25.084608" lon="104.727532"><time>2026-04-26T05:51:50.866Z</time></trkpt>
      <trkpt lat="25.084608" lon="104.727532"><time>2026-04-26T05:51:50.883Z</time></trkpt>
      <trkpt lat="25.084608" lon="104.727532"><time>2026-04-26T05:51:50.900Z</time></trkpt>
      <trkpt lat="25.084608" lon="104.727532"><time>2026-04-26T05:51:50.916Z</time></trkpt>
      <trkpt lat="25.084608" lon="104.727532"><time>2026-04-26T05:51:50.933Z</time></trkpt>
      <trkpt lat="25.084608" lon="104.727532"><time>2026-04-26T05:51:50.950Z</time></trkpt>
      <trkpt lat="25.084594" lon="104.727519"><time>2026-04-26T05:51:50.967Z</time></trkpt>
      <trkpt lat="25.084594" lon="104.727519"><time>2026-04-26T05:51:50.983Z</time></trkpt>
      <trkpt lat="25.084594" lon="104.727519"><time>2026-04-26T05:51:51.000Z</time></trkpt>
      <trkpt lat="25.084594" lon="104.727519"><time>2026-04-26T05:51:51.017Z</time></trkpt>
      <trkpt lat="25.084594" lon="104.727519"><time>2026-04-26T05:51:51.033Z</time></trkpt>
      <trkpt lat="25.084594" lon="104.727519"><time>2026-04-26T05:51:51.050Z</time></trkpt>
      <trkpt lat="25.084582" lon="104.727507"><time>2026-04-26T05:51:51.067Z</time></trkpt>
      <trkpt lat="25.084582" lon="104.727507"><time>2026-04-26T05:51:51.083Z</time></trkpt>
      <trkpt lat="25.084582" lon="104.727507"><time>2026-04-26T05:51:51.100Z</time></trkpt>
      <trkpt lat="25.084582" lon="104.727507"><time>2026-04-26T05:51:51.117Z</time></trkpt>
      <trkpt lat="25.084582" lon="104.727507"><time>2026-04-26T05:51:51.133Z</time></trkpt>
      <trkpt lat="25.084582" lon="104.727507"><time>2026-04-26T05:51:51.150Z</time></trkpt>
      <trkpt lat="25.084569" lon="104.727495"><time>2026-04-26T05:51:51.167Z</time></trkpt>
      <trkpt lat="25.084569" lon="104.727495"><time>2026-04-26T05:51:51.183Z</time></trkpt>
      <trkpt lat="25.084569" lon="104.727495"><time>2026-04-26T05:51:51.200Z</time></trkpt>
      <trkpt lat="25.084569" lon="104.727495"><time>2026-04-26T05:51:51.217Z</time></trkpt>
      <trkpt lat="25.084569" lon="104.727495"><time>2026-04-26T05:51:51.233Z</time></trkpt>
      <trkpt lat="25.084569" lon="104.727495"><time>2026-04-26T05:51:51.250Z</time></trkpt>
      <trkpt lat="25.084556" lon="104.727482"><time>2026-04-26T05:51:51.267Z</time></trkpt>
      <trkpt lat="25.084556" lon="104.727482"><time>2026-04-26T05:51:51.284Z</time></trkpt>
      <trkpt lat="25.084556" lon="104.727482"><time>2026-04-26T05:51:51.300Z</time></trkpt>
      <trkpt lat="25.084556" lon="104.727482"><time>2026-04-26T05:51:51.317Z</time></trkpt>
      <trkpt lat="25.084556" lon="104.727482"><time>2026-04-26T05:51:51.334Z</time></trkpt>
      <trkpt lat="25.084556" lon="104.727482"><time>2026-04-26T05:51:51.350Z</time></trkpt>
      <trkpt lat="25.084543" lon="104.72747"><time>2026-04-26T05:51:51.367Z</time></trkpt>
      <trkpt lat="25.084543" lon="104.72747"><time>2026-04-26T05:51:51.384Z</time></trkpt>
      <trkpt lat="25.084543" lon="104.72747"><time>2026-04-26T05:51:51.400Z</time></trkpt>
      <trkpt lat="25.084543" lon="104.72747"><time>2026-04-26T05:51:51.417Z</time></trkpt>
      <trkpt lat="25.084543" lon="104.72747"><time>2026-04-26T05:51:51.434Z</time></trkpt>
      <trkpt lat="25.084543" lon="104.72747"><time>2026-04-26T05:51:51.450Z</time></trkpt>
      <trkpt lat="25.08453" lon="104.727458"><time>2026-04-26T05:51:51.467Z</time></trkpt>
      <trkpt lat="25.08453" lon="104.727458"><time>2026-04-26T05:51:51.484Z</time></trkpt>
      <trkpt lat="25.08453" lon="104.727458"><time>2026-04-26T05:51:51.500Z</time></trkpt>
      <trkpt lat="25.08453" lon="104.727458"><time>2026-04-26T05:51:51.517Z</time></trkpt>
      <trkpt lat="25.08453" lon="104.727458"><time>2026-04-26T05:51:51.534Z</time></trkpt>
      <trkpt lat="25.08453" lon="104.727458"><time>2026-04-26T05:51:51.550Z</time></trkpt>
      <trkpt lat="25.084517" lon="104.727446"><time>2026-04-26T05:51:51.567Z</time></trkpt>
      <trkpt lat="25.084517" lon="104.727446"><time>2026-04-26T05:51:51.584Z</time></trkpt>
      <trkpt lat="25.084517" lon="104.727446"><time>2026-04-26T05:51:51.601Z</time></trkpt>
      <trkpt lat="25.084517" lon="104.727446"><time>2026-04-26T05:51:51.617Z</time></trkpt>
      <trkpt lat="25.084517" lon="104.727446"><time>2026-04-26T05:51:51.634Z</time></trkpt>
      <trkpt lat="25.084517" lon="104.727446"><time>2026-04-26T05:51:51.651Z</time></trkpt>
      <trkpt lat="25.084504" lon="104.727433"><time>2026-04-26T05:51:51.667Z</time></trkpt>
      <trkpt lat="25.084504" lon="104.727433"><time>2026-04-26T05:51:51.684Z</time></trkpt>
      <trkpt lat="25.084504" lon="104.727433"><time>2026-04-26T05:51:51.701Z</time></trkpt>
      <trkpt lat="25.084504" lon="104.727433"><time>2026-04-26T05:51:51.717Z</time></trkpt>
      <trkpt lat="25.084504" lon="104.727433"><time>2026-04-26T05:51:51.734Z</time></trkpt>
      <trkpt lat="25.084504" lon="104.727433"><time>2026-04-26T05:51:51.751Z</time></trkpt>
      <trkpt lat="25.084491" lon="104.727421"><time>2026-04-26T05:51:51.767Z</time></trkpt>
      <trkpt lat="25.084491" lon="104.727421"><time>2026-04-26T05:51:51.784Z</time></trkpt>
      <trkpt lat="25.084491" lon="104.727421"><time>2026-04-26T05:51:51.801Z</time></trkpt>
      <trkpt lat="25.084491" lon="104.727421"><time>2026-04-26T05:51:51.817Z</time></trkpt>
      <trkpt lat="25.084491" lon="104.727421"><time>2026-04-26T05:51:51.834Z</time></trkpt>
      <trkpt lat="25.084491" lon="104.727421"><time>2026-04-26T05:51:51.851Z</time></trkpt>
      <trkpt lat="25.084478" lon="104.72741"><time>2026-04-26T05:51:51.867Z</time></trkpt>
      <trkpt lat="25.084478" lon="104.72741"><time>2026-04-26T05:51:51.884Z</time></trkpt>
      <trkpt lat="25.084478" lon="104.72741"><time>2026-04-26T05:51:51.901Z</time></trkpt>
      <trkpt lat="25.084478" lon="104.72741"><time>2026-04-26T05:51:51.918Z</time></trkpt>
      <trkpt lat="25.084478" lon="104.72741"><time>2026-04-26T05:51:51.934Z</time></trkpt>
      <trkpt lat="25.084478" lon="104.72741"><time>2026-04-26T05:51:51.951Z</time></trkpt>
      <trkpt lat="25.084465" lon="104.727397"><time>2026-04-26T05:51:51.968Z</time></trkpt>
      <trkpt lat="25.084465" lon="104.727397"><time>2026-04-26T05:51:51.984Z</time></trkpt>
      <trkpt lat="25.084465" lon="104.727397"><time>2026-04-26T05:51:52.001Z</time></trkpt>
      <trkpt lat="25.084465" lon="104.727397"><time>2026-04-26T05:51:52.018Z</time></trkpt>
      <trkpt lat="25.084465" lon="104.727397"><time>2026-04-26T05:51:52.034Z</time></trkpt>
      <trkpt lat="25.084465" lon="104.727397"><time>2026-04-26T05:51:52.051Z</time></trkpt>
      <trkpt lat="25.084452" lon="104.727384"><time>2026-04-26T05:51:52.068Z</time></trkpt>
      <trkpt lat="25.084452" lon="104.727384"><time>2026-04-26T05:51:52.084Z</time></trkpt>
      <trkpt lat="25.084452" lon="104.727384"><time>2026-04-26T05:51:52.101Z</time></trkpt>
      <trkpt lat="25.084452" lon="104.727384"><time>2026-04-26T05:51:52.118Z</time></trkpt>
      <trkpt lat="25.084452" lon="104.727384"><time>2026-04-26T05:51:52.134Z</time></trkpt>
      <trkpt lat="25.084452" lon="104.727384"><time>2026-04-26T05:51:52.151Z</time></trkpt>
      <trkpt lat="25.084439" lon="104.727372"><time>2026-04-26T05:51:52.168Z</time></trkpt>
      <trkpt lat="25.084439" lon="104.727372"><time>2026-04-26T05:51:52.184Z</time></trkpt>
      <trkpt lat="25.084439" lon="104.727372"><time>2026-04-26T05:51:52.201Z</time></trkpt>
      <trkpt lat="25.084439" lon="104.727372"><time>2026-04-26T05:51:52.218Z</time></trkpt>
      <trkpt lat="25.084439" lon="104.727372"><time>2026-04-26T05:51:52.235Z</time></trkpt>
      <trkpt lat="25.084439" lon="104.727372"><time>2026-04-26T05:51:52.251Z</time></trkpt>
      <trkpt lat="25.084426" lon="104.72736"><time>2026-04-26T05:51:52.268Z</time></trkpt>
      <trkpt lat="25.084426" lon="104.72736"><time>2026-04-26T05:51:52.285Z</time></trkpt>
      <trkpt lat="25.084426" lon="104.72736"><time>2026-04-26T05:51:52.301Z</time></trkpt>
      <trkpt lat="25.084426" lon="104.72736"><time>2026-04-26T05:51:52.318Z</time></trkpt>
      <trkpt lat="25.084426" lon="104.72736"><time>2026-04-26T05:51:52.335Z</time></trkpt>
      <trkpt lat="25.084426" lon="104.72736"><time>2026-04-26T05:51:52.351Z</time></trkpt>
      <trkpt lat="25.084414" lon="104.727347"><time>2026-04-26T05:51:52.368Z</time></trkpt>
      <trkpt lat="25.084414" lon="104.727347"><time>2026-04-26T05:51:52.385Z</time></trkpt>
      <trkpt lat="25.084414" lon="104.727347"><time>2026-04-26T05:51:52.401Z</time></trkpt>
      <trkpt lat="25.084414" lon="104.727347"><time>2026-04-26T05:51:52.418Z</time></trkpt>
      <trkpt lat="25.084414" lon="104.727347"><time>2026-04-26T05:51:52.435Z</time></trkpt>
      <trkpt lat="25.084414" lon="104.727347"><time>2026-04-26T05:51:52.451Z</time></trkpt>
      <trkpt lat="25.084401" lon="104.727335"><time>2026-04-26T05:51:52.468Z</time></trkpt>
      <trkpt lat="25.084401" lon="104.727335"><time>2026-04-26T05:51:52.485Z</time></trkpt>
      <trkpt lat="25.084401" lon="104.727335"><time>2026-04-26T05:51:52.501Z</time></trkpt>
      <trkpt lat="25.084401" lon="104.727335"><time>2026-04-26T05:51:52.518Z</time></trkpt>
      <trkpt lat="25.084401" lon="104.727335"><time>2026-04-26T05:51:52.535Z</time></trkpt>
      <trkpt lat="25.084401" lon="104.727335"><time>2026-04-26T05:51:52.552Z</time></trkpt>
      <trkpt lat="25.084389" lon="104.727323"><time>2026-04-26T05:51:52.568Z</time></trkpt>
      <trkpt lat="25.084389" lon="104.727323"><time>2026-04-26T05:51:52.585Z</time></trkpt>
      <trkpt lat="25.084389" lon="104.727323"><time>2026-04-26T05:51:52.602Z</time></trkpt>
      <trkpt lat="25.084389" lon="104.727323"><time>2026-04-26T05:51:52.618Z</time></trkpt>
      <trkpt lat="25.084389" lon="104.727323"><time>2026-04-26T05:51:52.635Z</time></trkpt>
      <trkpt lat="25.084389" lon="104.727323"><time>2026-04-26T05:51:52.652Z</time></trkpt>
      <trkpt lat="25.084376" lon="104.727311"><time>2026-04-26T05:51:52.668Z</time></trkpt>
      <trkpt lat="25.084376" lon="104.727311"><time>2026-04-26T05:51:52.685Z</time></trkpt>
      <trkpt lat="25.084376" lon="104.727311"><time>2026-04-26T05:51:52.702Z</time></trkpt>
      <trkpt lat="25.084376" lon="104.727311"><time>2026-04-26T05:51:52.718Z</time></trkpt>
      <trkpt lat="25.084376" lon="104.727311"><time>2026-04-26T05:51:52.735Z</time></trkpt>
      <trkpt lat="25.084376" lon="104.727311"><time>2026-04-26T05:51:52.752Z</time></trkpt>
      <trkpt lat="25.084364" lon="104.727299"><time>2026-04-26T05:51:52.768Z</time></trkpt>
      <trkpt lat="25.084364" lon="104.727299"><time>2026-04-26T05:51:52.785Z</time></trkpt>
      <trkpt lat="25.084364" lon="104.727299"><time>2026-04-26T05:51:52.802Z</time></trkpt>
      <trkpt lat="25.084364" lon="104.727299"><time>2026-04-26T05:51:52.818Z</time></trkpt>
      <trkpt lat="25.084364" lon="104.727299"><time>2026-04-26T05:51:52.835Z</time></trkpt>
      <trkpt lat="25.084364" lon="104.727299"><time>2026-04-26T05:51:52.852Z</time></trkpt>
      <trkpt lat="25.084352" lon="104.727287"><time>2026-04-26T05:51:52.869Z</time></trkpt>
      <trkpt lat="25.084352" lon="104.727287"><time>2026-04-26T05:51:52.885Z</time></trkpt>
      <trkpt lat="25.084352" lon="104.727287"><time>2026-04-26T05:51:52.902Z</time></trkpt>
      <trkpt lat="25.084352" lon="104.727287"><time>2026-04-26T05:51:52.919Z</time></trkpt>
      <trkpt lat="25.084352" lon="104.727287"><time>2026-04-26T05:51:52.935Z</time></trkpt>
      <trkpt lat="25.084352" lon="104.727287"><time>2026-04-26T05:51:52.952Z</time></trkpt>
      <trkpt lat="25.084339" lon="104.727275"><time>2026-04-26T05:51:52.969Z</time></trkpt>
      <trkpt lat="25.084339" lon="104.727275"><time>2026-04-26T05:51:52.985Z</time></trkpt>
      <trkpt lat="25.084339" lon="104.727275"><time>2026-04-26T05:51:53.002Z</time></trkpt>
      <trkpt lat="25.084339" lon="104.727275"><time>2026-04-26T05:51:53.019Z</time></trkpt>
      <trkpt lat="25.084339" lon="104.727275"><time>2026-04-26T05:51:53.035Z</time></trkpt>
      <trkpt lat="25.084339" lon="104.727275"><time>2026-04-26T05:51:53.052Z</time></trkpt>
      <trkpt lat="25.084327" lon="104.727263"><time>2026-04-26T05:51:53.069Z</time></trkpt>
      <trkpt lat="25.084327" lon="104.727263"><time>2026-04-26T05:51:53.085Z</time></trkpt>
      <trkpt lat="25.084327" lon="104.727263"><time>2026-04-26T05:51:53.102Z</time></trkpt>
      <trkpt lat="25.084327" lon="104.727263"><time>2026-04-26T05:51:53.119Z</time></trkpt>
      <trkpt lat="25.084327" lon="104.727263"><time>2026-04-26T05:51:53.135Z</time></trkpt>
      <trkpt lat="25.084327" lon="104.727263"><time>2026-04-26T05:51:53.152Z</time></trkpt>
      <trkpt lat="25.084314" lon="104.727251"><time>2026-04-26T05:51:53.169Z</time></trkpt>
      <trkpt lat="25.084314" lon="104.727251"><time>2026-04-26T05:51:53.186Z</time></trkpt>
      <trkpt lat="25.084314" lon="104.727251"><time>2026-04-26T05:51:53.202Z</time></trkpt>
      <trkpt lat="25.084314" lon="104.727251"><time>2026-04-26T05:51:53.219Z</time></trkpt>
      <trkpt lat="25.084314" lon="104.727251"><time>2026-04-26T05:51:53.236Z</time></trkpt>
      <trkpt lat="25.084314" lon="104.727251"><time>2026-04-26T05:51:53.252Z</time></trkpt>
      <trkpt lat="25.084303" lon="104.727239"><time>2026-04-26T05:51:53.269Z</time></trkpt>
      <trkpt lat="25.084303" lon="104.727239"><time>2026-04-26T05:51:53.286Z</time></trkpt>
      <trkpt lat="25.084303" lon="104.727239"><time>2026-04-26T05:51:53.302Z</time></trkpt>
      <trkpt lat="25.084303" lon="104.727239"><time>2026-04-26T05:51:53.319Z</time></trkpt>
      <trkpt lat="25.084303" lon="104.727239"><time>2026-04-26T05:51:53.336Z</time></trkpt>
      <trkpt lat="25.084303" lon="104.727239"><time>2026-04-26T05:51:53.352Z</time></trkpt>
      <trkpt lat="25.08429" lon="104.727226"><time>2026-04-26T05:51:53.369Z</time></trkpt>
      <trkpt lat="25.08429" lon="104.727226"><time>2026-04-26T05:51:53.386Z</time></trkpt>
      <trkpt lat="25.08429" lon="104.727226"><time>2026-04-26T05:51:53.402Z</time></trkpt>
      <trkpt lat="25.08429" lon="104.727226"><time>2026-04-26T05:51:53.419Z</time></trkpt>
      <trkpt lat="25.08429" lon="104.727226"><time>2026-04-26T05:51:53.436Z</time></trkpt>
      <trkpt lat="25.08429" lon="104.727226"><time>2026-04-26T05:51:53.452Z</time></trkpt>
      <trkpt lat="25.084277" lon="104.727214"><time>2026-04-26T05:51:53.469Z</time></trkpt>
      <trkpt lat="25.084277" lon="104.727214"><time>2026-04-26T05:51:53.486Z</time></trkpt>
      <trkpt lat="25.084277" lon="104.727214"><time>2026-04-26T05:51:53.503Z</time></trkpt>
      <trkpt lat="25.084277" lon="104.727214"><time>2026-04-26T05:51:53.519Z</time></trkpt>
      <trkpt lat="25.084277" lon="104.727214"><time>2026-04-26T05:51:53.536Z</time></trkpt>
      <trkpt lat="25.084277" lon="104.727214"><time>2026-04-26T05:51:53.553Z</time></trkpt>
      <trkpt lat="25.084264" lon="104.727202"><time>2026-04-26T05:51:53.569Z</time></trkpt>
      <trkpt lat="25.084264" lon="104.727202"><time>2026-04-26T05:51:53.586Z</time></trkpt>
      <trkpt lat="25.084264" lon="104.727202"><time>2026-04-26T05:51:53.603Z</time></trkpt>
      <trkpt lat="25.084264" lon="104.727202"><time>2026-04-26T05:51:53.619Z</time></trkpt>
      <trkpt lat="25.084264" lon="104.727202"><time>2026-04-26T05:51:53.636Z</time></trkpt>
      <trkpt lat="25.084264" lon="104.727202"><time>2026-04-26T05:51:53.653Z</time></trkpt>
      <trkpt lat="25.084253" lon="104.727189"><time>2026-04-26T05:51:53.669Z</time></trkpt>
      <trkpt lat="25.084253" lon="104.727189"><time>2026-04-26T05:51:53.686Z</time></trkpt>
      <trkpt lat="25.084253" lon="104.727189"><time>2026-04-26T05:51:53.703Z</time></trkpt>
      <trkpt lat="25.084253" lon="104.727189"><time>2026-04-26T05:51:53.719Z</time></trkpt>
      <trkpt lat="25.084253" lon="104.727189"><time>2026-04-26T05:51:53.736Z</time></trkpt>
      <trkpt lat="25.084253" lon="104.727189"><time>2026-04-26T05:51:53.753Z</time></trkpt>
      <trkpt lat="25.084241" lon="104.727177"><time>2026-04-26T05:51:53.769Z</time></trkpt>
      <trkpt lat="25.084241" lon="104.727177"><time>2026-04-26T05:51:53.786Z</time></trkpt>
      <trkpt lat="25.084241" lon="104.727177"><time>2026-04-26T05:51:53.803Z</time></trkpt>
      <trkpt lat="25.084241" lon="104.727177"><time>2026-04-26T05:51:53.820Z</time></trkpt>
      <trkpt lat="25.084241" lon="104.727177"><time>2026-04-26T05:51:53.836Z</time></trkpt>
      <trkpt lat="25.084228" lon="104.727164"><time>2026-04-26T05:51:53.853Z</time></trkpt>
      <trkpt lat="25.084228" lon="104.727164"><time>2026-04-26T05:51:53.870Z</time></trkpt>
      <trkpt lat="25.084228" lon="104.727164"><time>2026-04-26T05:51:53.886Z</time></trkpt>
      <trkpt lat="25.084228" lon="104.727164"><time>2026-04-26T05:51:53.903Z</time></trkpt>
      <trkpt lat="25.084228" lon="104.727164"><time>2026-04-26T05:51:53.920Z</time></trkpt>
      <trkpt lat="25.084228" lon="104.727164"><time>2026-04-26T05:51:53.936Z</time></trkpt>
      <trkpt lat="25.084215" lon="104.727152"><time>2026-04-26T05:51:53.953Z</time></trkpt>
      <trkpt lat="25.084215" lon="104.727152"><time>2026-04-26T05:51:53.970Z</time></trkpt>
      <trkpt lat="25.084215" lon="104.727152"><time>2026-04-26T05:51:53.986Z</time></trkpt>
      <trkpt lat="25.084215" lon="104.727152"><time>2026-04-26T05:51:54.003Z</time></trkpt>
      <trkpt lat="25.084215" lon="104.727152"><time>2026-04-26T05:51:54.020Z</time></trkpt>
      <trkpt lat="25.084215" lon="104.727152"><time>2026-04-26T05:51:54.036Z</time></trkpt>
      <trkpt lat="25.084203" lon="104.72714"><time>2026-04-26T05:51:54.053Z</time></trkpt>
      <trkpt lat="25.084203" lon="104.72714"><time>2026-04-26T05:51:54.070Z</time></trkpt>
      <trkpt lat="25.084203" lon="104.72714"><time>2026-04-26T05:51:54.086Z</time></trkpt>
      <trkpt lat="25.084203" lon="104.72714"><time>2026-04-26T05:51:54.103Z</time></trkpt>
      <trkpt lat="25.084203" lon="104.72714"><time>2026-04-26T05:51:54.120Z</time></trkpt>
      <trkpt lat="25.084203" lon="104.72714"><time>2026-04-26T05:51:54.137Z</time></trkpt>
      <trkpt lat="25.084203" lon="104.72714"><time>2026-04-26T05:51:54.153Z</time></trkpt>
      <trkpt lat="25.08419" lon="104.727128"><time>2026-04-26T05:51:54.170Z</time></trkpt>
      <trkpt lat="25.08419" lon="104.727128"><time>2026-04-26T05:51:54.187Z</time></trkpt>
      <trkpt lat="25.08419" lon="104.727128"><time>2026-04-26T05:51:54.203Z</time></trkpt>
      <trkpt lat="25.08419" lon="104.727128"><time>2026-04-26T05:51:54.220Z</time></trkpt>
      <trkpt lat="25.08419" lon="104.727128"><time>2026-04-26T05:51:54.237Z</time></trkpt>
      <trkpt lat="25.084179" lon="104.727116"><time>2026-04-26T05:51:54.253Z</time></trkpt>
      <trkpt lat="25.084179" lon="104.727116"><time>2026-04-26T05:51:54.270Z</time></trkpt>
      <trkpt lat="25.084179" lon="104.727116"><time>2026-04-26T05:51:54.287Z</time></trkpt>
      <trkpt lat="25.084179" lon="104.727116"><time>2026-04-26T05:51:54.303Z</time></trkpt>
      <trkpt lat="25.084179" lon="104.727116"><time>2026-04-26T05:51:54.320Z</time></trkpt>
      <trkpt lat="25.084179" lon="104.727116"><time>2026-04-26T05:51:54.337Z</time></trkpt>
      <trkpt lat="25.084165" lon="104.727104"><time>2026-04-26T05:51:54.353Z</time></trkpt>
      <trkpt lat="25.084165" lon="104.727104"><time>2026-04-26T05:51:54.370Z</time></trkpt>
      <trkpt lat="25.084165" lon="104.727104"><time>2026-04-26T05:51:54.387Z</time></trkpt>
      <trkpt lat="25.084165" lon="104.727104"><time>2026-04-26T05:51:54.403Z</time></trkpt>
      <trkpt lat="25.084165" lon="104.727104"><time>2026-04-26T05:51:54.420Z</time></trkpt>
      <trkpt lat="25.084165" lon="104.727104"><time>2026-04-26T05:51:54.437Z</time></trkpt>
      <trkpt lat="25.084154" lon="104.727092"><time>2026-04-26T05:51:54.454Z</time></trkpt>
      <trkpt lat="25.084154" lon="104.727092"><time>2026-04-26T05:51:54.470Z</time></trkpt>
      <trkpt lat="25.084154" lon="104.727092"><time>2026-04-26T05:51:54.487Z</time></trkpt>
      <trkpt lat="25.084154" lon="104.727092"><time>2026-04-26T05:51:54.504Z</time></trkpt>
      <trkpt lat="25.084154" lon="104.727092"><time>2026-04-26T05:51:54.520Z</time></trkpt>
      <trkpt lat="25.084154" lon="104.727092"><time>2026-04-26T05:51:54.537Z</time></trkpt>
      <trkpt lat="25.084141" lon="104.72708"><time>2026-04-26T05:51:54.554Z</time></trkpt>
      <trkpt lat="25.084141" lon="104.72708"><time>2026-04-26T05:51:54.570Z</time></trkpt>
      <trkpt lat="25.084141" lon="104.72708"><time>2026-04-26T05:51:54.587Z</time></trkpt>
      <trkpt lat="25.084141" lon="104.72708"><time>2026-04-26T05:51:54.604Z</time></trkpt>
      <trkpt lat="25.084141" lon="104.72708"><time>2026-04-26T05:51:54.620Z</time></trkpt>
      <trkpt lat="25.084141" lon="104.72708"><time>2026-04-26T05:51:54.637Z</time></trkpt>
      <trkpt lat="25.084128" lon="104.727068"><time>2026-04-26T05:51:54.654Z</time></trkpt>
      <trkpt lat="25.084128" lon="104.727068"><time>2026-04-26T05:51:54.670Z</time></trkpt>
      <trkpt lat="25.084128" lon="104.727068"><time>2026-04-26T05:51:54.687Z</time></trkpt>
      <trkpt lat="25.084128" lon="104.727068"><time>2026-04-26T05:51:54.704Z</time></trkpt>
      <trkpt lat="25.084128" lon="104.727068"><time>2026-04-26T05:51:54.720Z</time></trkpt>
      <trkpt lat="25.084128" lon="104.727068"><time>2026-04-26T05:51:54.737Z</time></trkpt>
      <trkpt lat="25.084115" lon="104.727056"><time>2026-04-26T05:51:54.754Z</time></trkpt>
      <trkpt lat="25.084115" lon="104.727056"><time>2026-04-26T05:51:54.771Z</time></trkpt>
      <trkpt lat="25.084115" lon="104.727056"><time>2026-04-26T05:51:54.787Z</time></trkpt>
      <trkpt lat="25.084115" lon="104.727056"><time>2026-04-26T05:51:54.804Z</time></trkpt>
      <trkpt lat="25.084115" lon="104.727056"><time>2026-04-26T05:51:54.821Z</time></trkpt>
      <trkpt lat="25.084115" lon="104.727056"><time>2026-04-26T05:51:54.837Z</time></trkpt>
      <trkpt lat="25.084103" lon="104.727044"><time>2026-04-26T05:51:54.854Z</time></trkpt>
      <trkpt lat="25.084103" lon="104.727044"><time>2026-04-26T05:51:54.871Z</time></trkpt>
      <trkpt lat="25.084103" lon="104.727044"><time>2026-04-26T05:51:54.887Z</time></trkpt>
      <trkpt lat="25.084103" lon="104.727044"><time>2026-04-26T05:51:54.904Z</time></trkpt>
      <trkpt lat="25.084103" lon="104.727044"><time>2026-04-26T05:51:54.921Z</time></trkpt>
      <trkpt lat="25.084103" lon="104.727044"><time>2026-04-26T05:51:54.937Z</time></trkpt>
      <trkpt lat="25.08409" lon="104.727032"><time>2026-04-26T05:51:54.954Z</time></trkpt>
      <trkpt lat="25.08409" lon="104.727032"><time>2026-04-26T05:51:54.971Z</time></trkpt>
      <trkpt lat="25.08409" lon="104.727032"><time>2026-04-26T05:51:54.987Z</time></trkpt>
      <trkpt lat="25.08409" lon="104.727032"><time>2026-04-26T05:51:55.004Z</time></trkpt>
      <trkpt lat="25.08409" lon="104.727032"><time>2026-04-26T05:51:55.021Z</time></trkpt>
      <trkpt lat="25.08409" lon="104.727032"><time>2026-04-26T05:51:55.037Z</time></trkpt>
      <trkpt lat="25.084078" lon="104.72702"><time>2026-04-26T05:51:55.054Z</time></trkpt>
      <trkpt lat="25.084078" lon="104.72702"><time>2026-04-26T05:51:55.071Z</time></trkpt>
      <trkpt lat="25.084078" lon="104.72702"><time>2026-04-26T05:51:55.087Z</time></trkpt>
      <trkpt lat="25.084078" lon="104.72702"><time>2026-04-26T05:51:55.104Z</time></trkpt>
      <trkpt lat="25.084078" lon="104.72702"><time>2026-04-26T05:51:55.121Z</time></trkpt>
      <trkpt lat="25.084078" lon="104.72702"><time>2026-04-26T05:51:55.138Z</time></trkpt>
      <trkpt lat="25.084066" lon="104.727009"><time>2026-04-26T05:51:55.154Z</time></trkpt>
      <trkpt lat="25.084066" lon="104.727009"><time>2026-04-26T05:51:55.171Z</time></trkpt>
      <trkpt lat="25.084066" lon="104.727009"><time>2026-04-26T05:51:55.188Z</time></trkpt>
      <trkpt lat="25.084066" lon="104.727009"><time>2026-04-26T05:51:55.204Z</time></trkpt>
      <trkpt lat="25.084066" lon="104.727009"><time>2026-04-26T05:51:55.221Z</time></trkpt>
      <trkpt lat="25.084066" lon="104.727009"><time>2026-04-26T05:51:55.238Z</time></trkpt>
      <trkpt lat="25.084053" lon="104.726996"><time>2026-04-26T05:51:55.254Z</time></trkpt>
      <trkpt lat="25.084053" lon="104.726996"><time>2026-04-26T05:51:55.271Z</time></trkpt>
      <trkpt lat="25.084053" lon="104.726996"><time>2026-04-26T05:51:55.288Z</time></trkpt>
      <trkpt lat="25.084053" lon="104.726996"><time>2026-04-26T05:51:55.304Z</time></trkpt>
      <trkpt lat="25.084053" lon="104.726996"><time>2026-04-26T05:51:55.321Z</time></trkpt>
      <trkpt lat="25.084053" lon="104.726996"><time>2026-04-26T05:51:55.338Z</time></trkpt>
      <trkpt lat="25.08404" lon="104.726984"><time>2026-04-26T05:51:55.354Z</time></trkpt>
      <trkpt lat="25.08404" lon="104.726984"><time>2026-04-26T05:51:55.371Z</time></trkpt>
      <trkpt lat="25.08404" lon="104.726984"><time>2026-04-26T05:51:55.388Z</time></trkpt>
      <trkpt lat="25.08404" lon="104.726984"><time>2026-04-26T05:51:55.404Z</time></trkpt>
      <trkpt lat="25.08404" lon="104.726984"><time>2026-04-26T05:51:55.421Z</time></trkpt>
      <trkpt lat="25.08404" lon="104.726984"><time>2026-04-26T05:51:55.438Z</time></trkpt>
      <trkpt lat="25.084028" lon="104.726973"><time>2026-04-26T05:51:55.455Z</time></trkpt>
      <trkpt lat="25.084028" lon="104.726973"><time>2026-04-26T05:51:55.471Z</time></trkpt>
      <trkpt lat="25.084028" lon="104.726973"><time>2026-04-26T05:51:55.488Z</time></trkpt>
      <trkpt lat="25.084028" lon="104.726973"><time>2026-04-26T05:51:55.505Z</time></trkpt>
      <trkpt lat="25.084028" lon="104.726973"><time>2026-04-26T05:51:55.521Z</time></trkpt>
      <trkpt lat="25.084028" lon="104.726973"><time>2026-04-26T05:51:55.538Z</time></trkpt>
      <trkpt lat="25.084015" lon="104.726961"><time>2026-04-26T05:51:55.555Z</time></trkpt>
      <trkpt lat="25.084015" lon="104.726961"><time>2026-04-26T05:51:55.571Z</time></trkpt>
      <trkpt lat="25.084015" lon="104.726961"><time>2026-04-26T05:51:55.588Z</time></trkpt>
      <trkpt lat="25.084015" lon="104.726961"><time>2026-04-26T05:51:55.605Z</time></trkpt>
      <trkpt lat="25.084015" lon="104.726961"><time>2026-04-26T05:51:55.621Z</time></trkpt>
      <trkpt lat="25.084015" lon="104.726961"><time>2026-04-26T05:51:55.638Z</time></trkpt>
      <trkpt lat="25.084002" lon="104.726949"><time>2026-04-26T05:51:55.655Z</time></trkpt>
      <trkpt lat="25.084002" lon="104.726949"><time>2026-04-26T05:51:55.671Z</time></trkpt>
      <trkpt lat="25.084002" lon="104.726949"><time>2026-04-26T05:51:55.688Z</time></trkpt>
      <trkpt lat="25.084002" lon="104.726949"><time>2026-04-26T05:51:55.705Z</time></trkpt>
      <trkpt lat="25.084002" lon="104.726949"><time>2026-04-26T05:51:55.721Z</time></trkpt>
      <trkpt lat="25.084002" lon="104.726949"><time>2026-04-26T05:51:55.738Z</time></trkpt>
      <trkpt lat="25.08399" lon="104.726938"><time>2026-04-26T05:51:55.755Z</time></trkpt>
      <trkpt lat="25.08399" lon="104.726938"><time>2026-04-26T05:51:55.772Z</time></trkpt>
      <trkpt lat="25.08399" lon="104.726938"><time>2026-04-26T05:51:55.788Z</time></trkpt>
      <trkpt lat="25.08399" lon="104.726938"><time>2026-04-26T05:51:55.805Z</time></trkpt>
      <trkpt lat="25.08399" lon="104.726938"><time>2026-04-26T05:51:55.822Z</time></trkpt>
      <trkpt lat="25.08399" lon="104.726938"><time>2026-04-26T05:51:55.838Z</time></trkpt>
      <trkpt lat="25.083978" lon="104.726926"><time>2026-04-26T05:51:55.855Z</time></trkpt>
      <trkpt lat="25.083978" lon="104.726926"><time>2026-04-26T05:51:55.872Z</time></trkpt>
      <trkpt lat="25.083978" lon="104.726926"><time>2026-04-26T05:51:55.888Z</time></trkpt>
      <trkpt lat="25.083978" lon="104.726926"><time>2026-04-26T05:51:55.905Z</time></trkpt>
      <trkpt lat="25.083978" lon="104.726926"><time>2026-04-26T05:51:55.922Z</time></trkpt>
      <trkpt lat="25.083978" lon="104.726926"><time>2026-04-26T05:51:55.938Z</time></trkpt>
      <trkpt lat="25.083966" lon="104.726915"><time>2026-04-26T05:51:55.955Z</time></trkpt>
      <trkpt lat="25.083966" lon="104.726915"><time>2026-04-26T05:51:55.972Z</time></trkpt>
      <trkpt lat="25.083966" lon="104.726915"><time>2026-04-26T05:51:55.988Z</time></trkpt>
      <trkpt lat="25.083966" lon="104.726915"><time>2026-04-26T05:51:56.005Z</time></trkpt>
      <trkpt lat="25.083966" lon="104.726915"><time>2026-04-26T05:51:56.022Z</time></trkpt>
      <trkpt lat="25.083966" lon="104.726915"><time>2026-04-26T05:51:56.038Z</time></trkpt>
      <trkpt lat="25.083953" lon="104.726903"><time>2026-04-26T05:51:56.055Z</time></trkpt>
      <trkpt lat="25.083953" lon="104.726903"><time>2026-04-26T05:51:56.072Z</time></trkpt>
      <trkpt lat="25.083953" lon="104.726903"><time>2026-04-26T05:51:56.089Z</time></trkpt>
      <trkpt lat="25.083953" lon="104.726903"><time>2026-04-26T05:51:56.105Z</time></trkpt>
      <trkpt lat="25.083953" lon="104.726903"><time>2026-04-26T05:51:56.122Z</time></trkpt>
      <trkpt lat="25.083953" lon="104.726903"><time>2026-04-26T05:51:56.139Z</time></trkpt>
      <trkpt lat="25.083941" lon="104.726892"><time>2026-04-26T05:51:56.155Z</time></trkpt>
      <trkpt lat="25.083941" lon="104.726892"><time>2026-04-26T05:51:56.172Z</time></trkpt>
      <trkpt lat="25.083941" lon="104.726892"><time>2026-04-26T05:51:56.189Z</time></trkpt>
      <trkpt lat="25.083941" lon="104.726892"><time>2026-04-26T05:51:56.205Z</time></trkpt>
      <trkpt lat="25.083941" lon="104.726892"><time>2026-04-26T05:51:56.222Z</time></trkpt>
      <trkpt lat="25.083941" lon="104.726892"><time>2026-04-26T05:51:56.239Z</time></trkpt>
      <trkpt lat="25.083928" lon="104.72688"><time>2026-04-26T05:51:56.255Z</time></trkpt>
      <trkpt lat="25.083928" lon="104.72688"><time>2026-04-26T05:51:56.272Z</time></trkpt>
      <trkpt lat="25.083928" lon="104.72688"><time>2026-04-26T05:51:56.289Z</time></trkpt>
      <trkpt lat="25.083928" lon="104.72688"><time>2026-04-26T05:51:56.305Z</time></trkpt>
      <trkpt lat="25.083928" lon="104.72688"><time>2026-04-26T05:51:56.322Z</time></trkpt>
      <trkpt lat="25.083928" lon="104.72688"><time>2026-04-26T05:51:56.339Z</time></trkpt>
      <trkpt lat="25.083915" lon="104.726868"><time>2026-04-26T05:51:56.355Z</time></trkpt>
      <trkpt lat="25.083915" lon="104.726868"><time>2026-04-26T05:51:56.372Z</time></trkpt>
      <trkpt lat="25.083915" lon="104.726868"><time>2026-04-26T05:51:56.389Z</time></trkpt>
      <trkpt lat="25.083915" lon="104.726868"><time>2026-04-26T05:51:56.406Z</time></trkpt>
      <trkpt lat="25.083915" lon="104.726868"><time>2026-04-26T05:51:56.422Z</time></trkpt>
      <trkpt lat="25.083915" lon="104.726868"><time>2026-04-26T05:51:56.439Z</time></trkpt>
      <trkpt lat="25.083903" lon="104.726857"><time>2026-04-26T05:51:56.456Z</time></trkpt>
      <trkpt lat="25.083903" lon="104.726857"><time>2026-04-26T05:51:56.472Z</time></trkpt>
      <trkpt lat="25.083903" lon="104.726857"><time>2026-04-26T05:51:56.489Z</time></trkpt>
      <trkpt lat="25.083903" lon="104.726857"><time>2026-04-26T05:51:56.506Z</time></trkpt>
      <trkpt lat="25.083903" lon="104.726857"><time>2026-04-26T05:51:56.522Z</time></trkpt>
      <trkpt lat="25.083903" lon="104.726857"><time>2026-04-26T05:51:56.539Z</time></trkpt>
      <trkpt lat="25.08389" lon="104.726844"><time>2026-04-26T05:51:56.556Z</time></trkpt>
      <trkpt lat="25.08389" lon="104.726844"><time>2026-04-26T05:51:56.572Z</time></trkpt>
      <trkpt lat="25.08389" lon="104.726844"><time>2026-04-26T05:51:56.589Z</time></trkpt>
      <trkpt lat="25.08389" lon="104.726844"><time>2026-04-26T05:51:56.606Z</time></trkpt>
      <trkpt lat="25.08389" lon="104.726844"><time>2026-04-26T05:51:56.622Z</time></trkpt>
      <trkpt lat="25.08389" lon="104.726844"><time>2026-04-26T05:51:56.639Z</time></trkpt>
      <trkpt lat="25.083878" lon="104.726832"><time>2026-04-26T05:51:56.656Z</time></trkpt>
      <trkpt lat="25.083878" lon="104.726832"><time>2026-04-26T05:51:56.672Z</time></trkpt>
      <trkpt lat="25.083878" lon="104.726832"><time>2026-04-26T05:51:56.689Z</time></trkpt>
      <trkpt lat="25.083878" lon="104.726832"><time>2026-04-26T05:51:56.706Z</time></trkpt>
      <trkpt lat="25.083878" lon="104.726832"><time>2026-04-26T05:51:56.723Z</time></trkpt>
      <trkpt lat="25.083878" lon="104.726832"><time>2026-04-26T05:51:56.739Z</time></trkpt>
      <trkpt lat="25.083865" lon="104.72682"><time>2026-04-26T05:51:56.756Z</time></trkpt>
      <trkpt lat="25.083865" lon="104.72682"><time>2026-04-26T05:51:56.773Z</time></trkpt>
      <trkpt lat="25.083865" lon="104.72682"><time>2026-04-26T05:51:56.789Z</time></trkpt>
      <trkpt lat="25.083865" lon="104.72682"><time>2026-04-26T05:51:56.806Z</time></trkpt>
      <trkpt lat="25.083865" lon="104.72682"><time>2026-04-26T05:51:56.823Z</time></trkpt>
      <trkpt lat="25.083865" lon="104.72682"><time>2026-04-26T05:51:56.839Z</time></trkpt>
      <trkpt lat="25.083853" lon="104.726809"><time>2026-04-26T05:51:56.856Z</time></trkpt>
      <trkpt lat="25.083853" lon="104.726809"><time>2026-04-26T05:51:56.873Z</time></trkpt>
      <trkpt lat="25.083853" lon="104.726809"><time>2026-04-26T05:51:56.889Z</time></trkpt>
      <trkpt lat="25.083853" lon="104.726809"><time>2026-04-26T05:51:56.906Z</time></trkpt>
      <trkpt lat="25.083853" lon="104.726809"><time>2026-04-26T05:51:56.923Z</time></trkpt>
      <trkpt lat="25.083853" lon="104.726809"><time>2026-04-26T05:51:56.939Z</time></trkpt>
      <trkpt lat="25.083841" lon="104.726797"><time>2026-04-26T05:51:56.956Z</time></trkpt>
      <trkpt lat="25.083841" lon="104.726797"><time>2026-04-26T05:51:56.973Z</time></trkpt>
      <trkpt lat="25.083841" lon="104.726797"><time>2026-04-26T05:51:56.989Z</time></trkpt>
      <trkpt lat="25.083841" lon="104.726797"><time>2026-04-26T05:51:57.006Z</time></trkpt>
      <trkpt lat="25.083841" lon="104.726797"><time>2026-04-26T05:51:57.023Z</time></trkpt>
      <trkpt lat="25.083841" lon="104.726797"><time>2026-04-26T05:51:57.040Z</time></trkpt>
      <trkpt lat="25.083828" lon="104.726785"><time>2026-04-26T05:51:57.056Z</time></trkpt>
      <trkpt lat="25.083828" lon="104.726785"><time>2026-04-26T05:51:57.073Z</time></trkpt>
      <trkpt lat="25.083828" lon="104.726785"><time>2026-04-26T05:51:57.090Z</time></trkpt>
      <trkpt lat="25.083828" lon="104.726785"><time>2026-04-26T05:51:57.106Z</time></trkpt>
      <trkpt lat="25.083828" lon="104.726785"><time>2026-04-26T05:51:57.123Z</time></trkpt>
      <trkpt lat="25.083828" lon="104.726785"><time>2026-04-26T05:51:57.140Z</time></trkpt>
      <trkpt lat="25.083815" lon="104.726773"><time>2026-04-26T05:51:57.156Z</time></trkpt>
      <trkpt lat="25.083815" lon="104.726773"><time>2026-04-26T05:51:57.173Z</time></trkpt>
      <trkpt lat="25.083815" lon="104.726773"><time>2026-04-26T05:51:57.190Z</time></trkpt>
      <trkpt lat="25.083815" lon="104.726773"><time>2026-04-26T05:51:57.206Z</time></trkpt>
      <trkpt lat="25.083815" lon="104.726773"><time>2026-04-26T05:51:57.223Z</time></trkpt>
      <trkpt lat="25.083815" lon="104.726773"><time>2026-04-26T05:51:57.240Z</time></trkpt>
      <trkpt lat="25.083803" lon="104.726762"><time>2026-04-26T05:51:57.256Z</time></trkpt>
      <trkpt lat="25.083803" lon="104.726762"><time>2026-04-26T05:51:57.273Z</time></trkpt>
      <trkpt lat="25.083803" lon="104.726762"><time>2026-04-26T05:51:57.290Z</time></trkpt>
      <trkpt lat="25.083803" lon="104.726762"><time>2026-04-26T05:51:57.306Z</time></trkpt>
      <trkpt lat="25.083803" lon="104.726762"><time>2026-04-26T05:51:57.323Z</time></trkpt>
      <trkpt lat="25.083803" lon="104.726762"><time>2026-04-26T05:51:57.340Z</time></trkpt>
      <trkpt lat="25.08379" lon="104.72675"><time>2026-04-26T05:51:57.357Z</time></trkpt>
      <trkpt lat="25.08379" lon="104.72675"><time>2026-04-26T05:51:57.373Z</time></trkpt>
      <trkpt lat="25.08379" lon="104.72675"><time>2026-04-26T05:51:57.390Z</time></trkpt>
      <trkpt lat="25.08379" lon="104.72675"><time>2026-04-26T05:51:57.407Z</time></trkpt>
      <trkpt lat="25.08379" lon="104.72675"><time>2026-04-26T05:51:57.423Z</time></trkpt>
      <trkpt lat="25.08379" lon="104.72675"><time>2026-04-26T05:51:57.440Z</time></trkpt>
      <trkpt lat="25.083778" lon="104.726739"><time>2026-04-26T05:51:57.457Z</time></trkpt>
      <trkpt lat="25.083778" lon="104.726739"><time>2026-04-26T05:51:57.473Z</time></trkpt>
      <trkpt lat="25.083778" lon="104.726739"><time>2026-04-26T05:51:57.490Z</time></trkpt>
      <trkpt lat="25.083778" lon="104.726739"><time>2026-04-26T05:51:57.507Z</time></trkpt>
      <trkpt lat="25.083778" lon="104.726739"><time>2026-04-26T05:51:57.523Z</time></trkpt>
      <trkpt lat="25.083778" lon="104.726739"><time>2026-04-26T05:51:57.540Z</time></trkpt>
      <trkpt lat="25.083766" lon="104.726727"><time>2026-04-26T05:51:57.557Z</time></trkpt>
      <trkpt lat="25.083766" lon="104.726727"><time>2026-04-26T05:51:57.573Z</time></trkpt>
      <trkpt lat="25.083766" lon="104.726727"><time>2026-04-26T05:51:57.590Z</time></trkpt>
      <trkpt lat="25.083766" lon="104.726727"><time>2026-04-26T05:51:57.607Z</time></trkpt>
      <trkpt lat="25.083766" lon="104.726727"><time>2026-04-26T05:51:57.623Z</time></trkpt>
      <trkpt lat="25.083766" lon="104.726727"><time>2026-04-26T05:51:57.640Z</time></trkpt>
      <trkpt lat="25.083753" lon="104.726716"><time>2026-04-26T05:51:57.657Z</time></trkpt>
      <trkpt lat="25.083753" lon="104.726716"><time>2026-04-26T05:51:57.674Z</time></trkpt>
      <trkpt lat="25.083753" lon="104.726716"><time>2026-04-26T05:51:57.690Z</time></trkpt>
      <trkpt lat="25.083753" lon="104.726716"><time>2026-04-26T05:51:57.707Z</time></trkpt>
      <trkpt lat="25.083753" lon="104.726716"><time>2026-04-26T05:51:57.724Z</time></trkpt>
      <trkpt lat="25.083753" lon="104.726716"><time>2026-04-26T05:51:57.740Z</time></trkpt>
      <trkpt lat="25.083741" lon="104.726704"><time>2026-04-26T05:51:57.757Z</time></trkpt>
      <trkpt lat="25.083741" lon="104.726704"><time>2026-04-26T05:51:57.774Z</time></trkpt>
      <trkpt lat="25.083741" lon="104.726704"><time>2026-04-26T05:51:57.790Z</time></trkpt>
      <trkpt lat="25.083741" lon="104.726704"><time>2026-04-26T05:51:57.807Z</time></trkpt>
      <trkpt lat="25.083741" lon="104.726704"><time>2026-04-26T05:51:57.824Z</time></trkpt>
      <trkpt lat="25.083741" lon="104.726704"><time>2026-04-26T05:51:57.840Z</time></trkpt>
      <trkpt lat="25.083729" lon="104.726693"><time>2026-04-26T05:51:57.857Z</time></trkpt>
      <trkpt lat="25.083729" lon="104.726693"><time>2026-04-26T05:51:57.874Z</time></trkpt>
      <trkpt lat="25.083729" lon="104.726693"><time>2026-04-26T05:51:57.890Z</time></trkpt>
      <trkpt lat="25.083729" lon="104.726693"><time>2026-04-26T05:51:57.907Z</time></trkpt>
      <trkpt lat="25.083729" lon="104.726693"><time>2026-04-26T05:51:57.924Z</time></trkpt>
      <trkpt lat="25.083729" lon="104.726693"><time>2026-04-26T05:51:57.940Z</time></trkpt>
      <trkpt lat="25.083716" lon="104.726681"><time>2026-04-26T05:51:57.957Z</time></trkpt>
      <trkpt lat="25.083716" lon="104.726681"><time>2026-04-26T05:51:57.974Z</time></trkpt>
      <trkpt lat="25.083716" lon="104.726681"><time>2026-04-26T05:51:57.991Z</time></trkpt>
      <trkpt lat="25.083716" lon="104.726681"><time>2026-04-26T05:51:58.007Z</time></trkpt>
      <trkpt lat="25.083716" lon="104.726681"><time>2026-04-26T05:51:58.024Z</time></trkpt>
      <trkpt lat="25.083716" lon="104.726681"><time>2026-04-26T05:51:58.041Z</time></trkpt>
      <trkpt lat="25.083704" lon="104.726669"><time>2026-04-26T05:51:58.057Z</time></trkpt>
      <trkpt lat="25.083704" lon="104.726669"><time>2026-04-26T05:51:58.074Z</time></trkpt>
      <trkpt lat="25.083704" lon="104.726669"><time>2026-04-26T05:51:58.091Z</time></trkpt>
      <trkpt lat="25.083704" lon="104.726669"><time>2026-04-26T05:51:58.107Z</time></trkpt>
      <trkpt lat="25.083704" lon="104.726669"><time>2026-04-26T05:51:58.124Z</time></trkpt>
      <trkpt lat="25.083704" lon="104.726669"><time>2026-04-26T05:51:58.141Z</time></trkpt>
      <trkpt lat="25.083692" lon="104.726657"><time>2026-04-26T05:51:58.157Z</time></trkpt>
      <trkpt lat="25.083692" lon="104.726657"><time>2026-04-26T05:51:58.174Z</time></trkpt>
      <trkpt lat="25.083692" lon="104.726657"><time>2026-04-26T05:51:58.191Z</time></trkpt>
      <trkpt lat="25.083692" lon="104.726657"><time>2026-04-26T05:51:58.207Z</time></trkpt>
      <trkpt lat="25.083692" lon="104.726657"><time>2026-04-26T05:51:58.224Z</time></trkpt>
      <trkpt lat="25.083692" lon="104.726657"><time>2026-04-26T05:51:58.241Z</time></trkpt>
      <trkpt lat="25.083679" lon="104.726645"><time>2026-04-26T05:51:58.257Z</time></trkpt>
      <trkpt lat="25.083679" lon="104.726645"><time>2026-04-26T05:51:58.274Z</time></trkpt>
      <trkpt lat="25.083679" lon="104.726645"><time>2026-04-26T05:51:58.291Z</time></trkpt>
      <trkpt lat="25.083679" lon="104.726645"><time>2026-04-26T05:51:58.308Z</time></trkpt>
      <trkpt lat="25.083679" lon="104.726645"><time>2026-04-26T05:51:58.324Z</time></trkpt>
      <trkpt lat="25.083679" lon="104.726645"><time>2026-04-26T05:51:58.341Z</time></trkpt>
      <trkpt lat="25.083667" lon="104.726633"><time>2026-04-26T05:51:58.358Z</time></trkpt>
      <trkpt lat="25.083667" lon="104.726633"><time>2026-04-26T05:51:58.374Z</time></trkpt>
      <trkpt lat="25.083667" lon="104.726633"><time>2026-04-26T05:51:58.391Z</time></trkpt>
      <trkpt lat="25.083667" lon="104.726633"><time>2026-04-26T05:51:58.408Z</time></trkpt>
      <trkpt lat="25.083667" lon="104.726633"><time>2026-04-26T05:51:58.424Z</time></trkpt>
      <trkpt lat="25.083667" lon="104.726633"><time>2026-04-26T05:51:58.441Z</time></trkpt>
      <trkpt lat="25.083654" lon="104.726622"><time>2026-04-26T05:51:58.458Z</time></trkpt>
      <trkpt lat="25.083654" lon="104.726622"><time>2026-04-26T05:51:58.474Z</time></trkpt>
      <trkpt lat="25.083654" lon="104.726622"><time>2026-04-26T05:51:58.491Z</time></trkpt>
      <trkpt lat="25.083654" lon="104.726622"><time>2026-04-26T05:51:58.508Z</time></trkpt>
      <trkpt lat="25.083654" lon="104.726622"><time>2026-04-26T05:51:58.524Z</time></trkpt>
      <trkpt lat="25.083654" lon="104.726622"><time>2026-04-26T05:51:58.541Z</time></trkpt>
      <trkpt lat="25.083642" lon="104.72661"><time>2026-04-26T05:51:58.558Z</time></trkpt>
      <trkpt lat="25.083642" lon="104.72661"><time>2026-04-26T05:51:58.574Z</time></trkpt>
      <trkpt lat="25.083642" lon="104.72661"><time>2026-04-26T05:51:58.591Z</time></trkpt>
      <trkpt lat="25.083642" lon="104.72661"><time>2026-04-26T05:51:58.608Z</time></trkpt>
      <trkpt lat="25.083642" lon="104.72661"><time>2026-04-26T05:51:58.625Z</time></trkpt>
      <trkpt lat="25.083642" lon="104.72661"><time>2026-04-26T05:51:58.641Z</time></trkpt>
      <trkpt lat="25.083629" lon="104.726598"><time>2026-04-26T05:51:58.658Z</time></trkpt>
      <trkpt lat="25.083629" lon="104.726598"><time>2026-04-26T05:51:58.675Z</time></trkpt>
      <trkpt lat="25.083629" lon="104.726598"><time>2026-04-26T05:51:58.691Z</time></trkpt>
      <trkpt lat="25.083629" lon="104.726598"><time>2026-04-26T05:51:58.708Z</time></trkpt>
      <trkpt lat="25.083629" lon="104.726598"><time>2026-04-26T05:51:58.725Z</time></trkpt>
      <trkpt lat="25.083629" lon="104.726598"><time>2026-04-26T05:51:58.741Z</time></trkpt>
      <trkpt lat="25.083616" lon="104.726586"><time>2026-04-26T05:51:58.758Z</time></trkpt>
      <trkpt lat="25.083616" lon="104.726586"><time>2026-04-26T05:51:58.775Z</time></trkpt>
      <trkpt lat="25.083616" lon="104.726586"><time>2026-04-26T05:51:58.791Z</time></trkpt>
      <trkpt lat="25.083616" lon="104.726586"><time>2026-04-26T05:51:58.808Z</time></trkpt>
      <trkpt lat="25.083616" lon="104.726586"><time>2026-04-26T05:51:58.825Z</time></trkpt>
      <trkpt lat="25.083616" lon="104.726586"><time>2026-04-26T05:51:58.841Z</time></trkpt>
      <trkpt lat="25.083605" lon="104.726575"><time>2026-04-26T05:51:58.858Z</time></trkpt>
      <trkpt lat="25.083605" lon="104.726575"><time>2026-04-26T05:51:58.875Z</time></trkpt>
      <trkpt lat="25.083605" lon="104.726575"><time>2026-04-26T05:51:58.891Z</time></trkpt>
      <trkpt lat="25.083605" lon="104.726575"><time>2026-04-26T05:51:58.908Z</time></trkpt>
      <trkpt lat="25.083605" lon="104.726575"><time>2026-04-26T05:51:58.925Z</time></trkpt>
      <trkpt lat="25.083605" lon="104.726575"><time>2026-04-26T05:51:58.942Z</time></trkpt>
      <trkpt lat="25.083591" lon="104.726563"><time>2026-04-26T05:51:58.958Z</time></trkpt>
      <trkpt lat="25.083591" lon="104.726563"><time>2026-04-26T05:51:58.975Z</time></trkpt>
      <trkpt lat="25.083591" lon="104.726563"><time>2026-04-26T05:51:58.992Z</time></trkpt>
      <trkpt lat="25.083591" lon="104.726563"><time>2026-04-26T05:51:59.008Z</time></trkpt>
      <trkpt lat="25.083591" lon="104.726563"><time>2026-04-26T05:51:59.025Z</time></trkpt>
      <trkpt lat="25.083591" lon="104.726563"><time>2026-04-26T05:51:59.042Z</time></trkpt>
      <trkpt lat="25.08358" lon="104.726551"><time>2026-04-26T05:51:59.058Z</time></trkpt>
      <trkpt lat="25.08358" lon="104.726551"><time>2026-04-26T05:51:59.075Z</time></trkpt>
      <trkpt lat="25.08358" lon="104.726551"><time>2026-04-26T05:51:59.092Z</time></trkpt>
      <trkpt lat="25.08358" lon="104.726551"><time>2026-04-26T05:51:59.108Z</time></trkpt>
      <trkpt lat="25.08358" lon="104.726551"><time>2026-04-26T05:51:59.125Z</time></trkpt>
      <trkpt lat="25.08358" lon="104.726551"><time>2026-04-26T05:51:59.142Z</time></trkpt>
      <trkpt lat="25.083567" lon="104.726539"><time>2026-04-26T05:51:59.158Z</time></trkpt>
      <trkpt lat="25.083567" lon="104.726539"><time>2026-04-26T05:51:59.175Z</time></trkpt>
      <trkpt lat="25.083567" lon="104.726539"><time>2026-04-26T05:51:59.192Z</time></trkpt>
      <trkpt lat="25.083567" lon="104.726539"><time>2026-04-26T05:51:59.208Z</time></trkpt>
      <trkpt lat="25.083567" lon="104.726539"><time>2026-04-26T05:51:59.225Z</time></trkpt>
      <trkpt lat="25.083567" lon="104.726539"><time>2026-04-26T05:51:59.242Z</time></trkpt>
      <trkpt lat="25.083554" lon="104.726527"><time>2026-04-26T05:51:59.259Z</time></trkpt>
      <trkpt lat="25.083554" lon="104.726527"><time>2026-04-26T05:51:59.275Z</time></trkpt>
      <trkpt lat="25.083554" lon="104.726527"><time>2026-04-26T05:51:59.292Z</time></trkpt>
      <trkpt lat="25.083554" lon="104.726527"><time>2026-04-26T05:51:59.309Z</time></trkpt>
      <trkpt lat="25.083554" lon="104.726527"><time>2026-04-26T05:51:59.325Z</time></trkpt>
      <trkpt lat="25.083554" lon="104.726527"><time>2026-04-26T05:51:59.342Z</time></trkpt>
      <trkpt lat="25.083543" lon="104.726516"><time>2026-04-26T05:51:59.359Z</time></trkpt>
      <trkpt lat="25.083543" lon="104.726516"><time>2026-04-26T05:51:59.375Z</time></trkpt>
      <trkpt lat="25.083543" lon="104.726516"><time>2026-04-26T05:51:59.392Z</time></trkpt>
      <trkpt lat="25.083543" lon="104.726516"><time>2026-04-26T05:51:59.409Z</time></trkpt>
      <trkpt lat="25.083543" lon="104.726516"><time>2026-04-26T05:51:59.425Z</time></trkpt>
      <trkpt lat="25.083543" lon="104.726516"><time>2026-04-26T05:51:59.442Z</time></trkpt>
      <trkpt lat="25.08353" lon="104.726503"><time>2026-04-26T05:51:59.459Z</time></trkpt>
      <trkpt lat="25.08353" lon="104.726503"><time>2026-04-26T05:51:59.475Z</time></trkpt>
      <trkpt lat="25.08353" lon="104.726503"><time>2026-04-26T05:51:59.492Z</time></trkpt>
      <trkpt lat="25.08353" lon="104.726503"><time>2026-04-26T05:51:59.509Z</time></trkpt>
      <trkpt lat="25.08353" lon="104.726503"><time>2026-04-26T05:51:59.525Z</time></trkpt>
      <trkpt lat="25.08353" lon="104.726503"><time>2026-04-26T05:51:59.542Z</time></trkpt>
      <trkpt lat="25.083518" lon="104.726491"><time>2026-04-26T05:51:59.559Z</time></trkpt>
      <trkpt lat="25.083518" lon="104.726491"><time>2026-04-26T05:51:59.576Z</time></trkpt>
      <trkpt lat="25.083518" lon="104.726491"><time>2026-04-26T05:51:59.592Z</time></trkpt>
      <trkpt lat="25.083518" lon="104.726491"><time>2026-04-26T05:51:59.609Z</time></trkpt>
      <trkpt lat="25.083518" lon="104.726491"><time>2026-04-26T05:51:59.626Z</time></trkpt>
      <trkpt lat="25.083518" lon="104.726491"><time>2026-04-26T05:51:59.642Z</time></trkpt>
      <trkpt lat="25.083505" lon="104.726478"><time>2026-04-26T05:51:59.659Z</time></trkpt>
      <trkpt lat="25.083505" lon="104.726478"><time>2026-04-26T05:51:59.676Z</time></trkpt>
      <trkpt lat="25.083505" lon="104.726478"><time>2026-04-26T05:51:59.692Z</time></trkpt>
      <trkpt lat="25.083505" lon="104.726478"><time>2026-04-26T05:51:59.709Z</time></trkpt>
      <trkpt lat="25.083505" lon="104.726478"><time>2026-04-26T05:51:59.726Z</time></trkpt>
      <trkpt lat="25.083505" lon="104.726478"><time>2026-04-26T05:51:59.742Z</time></trkpt>
      <trkpt lat="25.083493" lon="104.726466"><time>2026-04-26T05:51:59.759Z</time></trkpt>
      <trkpt lat="25.083493" lon="104.726466"><time>2026-04-26T05:51:59.776Z</time></trkpt>
      <trkpt lat="25.083493" lon="104.726466"><time>2026-04-26T05:51:59.792Z</time></trkpt>
      <trkpt lat="25.083493" lon="104.726466"><time>2026-04-26T05:51:59.809Z</time></trkpt>
      <trkpt lat="25.083493" lon="104.726466"><time>2026-04-26T05:51:59.826Z</time></trkpt>
      <trkpt lat="25.083493" lon="104.726466"><time>2026-04-26T05:51:59.842Z</time></trkpt>
      <trkpt lat="25.083481" lon="104.726454"><time>2026-04-26T05:51:59.859Z</time></trkpt>
      <trkpt lat="25.083481" lon="104.726454"><time>2026-04-26T05:51:59.876Z</time></trkpt>
      <trkpt lat="25.083481" lon="104.726454"><time>2026-04-26T05:51:59.893Z</time></trkpt>
      <trkpt lat="25.083481" lon="104.726454"><time>2026-04-26T05:51:59.909Z</time></trkpt>
      <trkpt lat="25.083481" lon="104.726454"><time>2026-04-26T05:51:59.926Z</time></trkpt>
      <trkpt lat="25.083481" lon="104.726454"><time>2026-04-26T05:51:59.943Z</time></trkpt>
      <trkpt lat="25.083469" lon="104.726442"><time>2026-04-26T05:51:59.959Z</time></trkpt>
      <trkpt lat="25.083469" lon="104.726442"><time>2026-04-26T05:51:59.976Z</time></trkpt>
      <trkpt lat="25.083469" lon="104.726442"><time>2026-04-26T05:51:59.993Z</time></trkpt>
      <trkpt lat="25.083469" lon="104.726442"><time>2026-04-26T05:52:00.009Z</time></trkpt>
      <trkpt lat="25.083469" lon="104.726442"><time>2026-04-26T05:52:00.026Z</time></trkpt>
      <trkpt lat="25.083469" lon="104.726442"><time>2026-04-26T05:52:00.043Z</time></trkpt>
      <trkpt lat="25.083456" lon="104.726428"><time>2026-04-26T05:52:00.059Z</time></trkpt>
      <trkpt lat="25.083456" lon="104.726428"><time>2026-04-26T05:52:00.076Z</time></trkpt>
      <trkpt lat="25.083456" lon="104.726428"><time>2026-04-26T05:52:00.093Z</time></trkpt>
      <trkpt lat="25.083456" lon="104.726428"><time>2026-04-26T05:52:00.109Z</time></trkpt>
      <trkpt lat="25.083456" lon="104.726428"><time>2026-04-26T05:52:00.126Z</time></trkpt>
      <trkpt lat="25.083456" lon="104.726428"><time>2026-04-26T05:52:00.143Z</time></trkpt>
      <trkpt lat="25.083445" lon="104.726415"><time>2026-04-26T05:52:00.159Z</time></trkpt>
      <trkpt lat="25.083445" lon="104.726415"><time>2026-04-26T05:52:00.176Z</time></trkpt>
      <trkpt lat="25.083445" lon="104.726415"><time>2026-04-26T05:52:00.193Z</time></trkpt>
      <trkpt lat="25.083445" lon="104.726415"><time>2026-04-26T05:52:00.210Z</time></trkpt>
      <trkpt lat="25.083445" lon="104.726415"><time>2026-04-26T05:52:00.226Z</time></trkpt>
      <trkpt lat="25.083445" lon="104.726415"><time>2026-04-26T05:52:00.243Z</time></trkpt>
      <trkpt lat="25.083432" lon="104.726403"><time>2026-04-26T05:52:00.260Z</time></trkpt>
      <trkpt lat="25.083432" lon="104.726403"><time>2026-04-26T05:52:00.276Z</time></trkpt>
      <trkpt lat="25.083432" lon="104.726403"><time>2026-04-26T05:52:00.293Z</time></trkpt>
      <trkpt lat="25.083432" lon="104.726403"><time>2026-04-26T05:52:00.310Z</time></trkpt>
      <trkpt lat="25.083432" lon="104.726403"><time>2026-04-26T05:52:00.326Z</time></trkpt>
      <trkpt lat="25.083432" lon="104.726403"><time>2026-04-26T05:52:00.343Z</time></trkpt>
      <trkpt lat="25.083419" lon="104.726391"><time>2026-04-26T05:52:00.360Z</time></trkpt>
      <trkpt lat="25.083419" lon="104.726391"><time>2026-04-26T05:52:00.376Z</time></trkpt>
      <trkpt lat="25.083419" lon="104.726391"><time>2026-04-26T05:52:00.393Z</time></trkpt>
      <trkpt lat="25.083419" lon="104.726391"><time>2026-04-26T05:52:00.410Z</time></trkpt>
      <trkpt lat="25.083419" lon="104.726391"><time>2026-04-26T05:52:00.426Z</time></trkpt>
      <trkpt lat="25.083419" lon="104.726391"><time>2026-04-26T05:52:00.443Z</time></trkpt>
      <trkpt lat="25.083406" lon="104.72638"><time>2026-04-26T05:52:00.460Z</time></trkpt>
      <trkpt lat="25.083406" lon="104.72638"><time>2026-04-26T05:52:00.476Z</time></trkpt>
      <trkpt lat="25.083406" lon="104.72638"><time>2026-04-26T05:52:00.493Z</time></trkpt>
      <trkpt lat="25.083406" lon="104.72638"><time>2026-04-26T05:52:00.510Z</time></trkpt>
      <trkpt lat="25.083406" lon="104.72638"><time>2026-04-26T05:52:00.527Z</time></trkpt>
      <trkpt lat="25.083406" lon="104.72638"><time>2026-04-26T05:52:00.543Z</time></trkpt>
      <trkpt lat="25.083393" lon="104.726369"><time>2026-04-26T05:52:00.560Z</time></trkpt>
      <trkpt lat="25.083393" lon="104.726369"><time>2026-04-26T05:52:00.577Z</time></trkpt>
      <trkpt lat="25.083393" lon="104.726369"><time>2026-04-26T05:52:00.593Z</time></trkpt>
      <trkpt lat="25.083393" lon="104.726369"><time>2026-04-26T05:52:00.610Z</time></trkpt>
      <trkpt lat="25.083393" lon="104.726369"><time>2026-04-26T05:52:00.627Z</time></trkpt>
      <trkpt lat="25.083393" lon="104.726369"><time>2026-04-26T05:52:00.643Z</time></trkpt>
      <trkpt lat="25.08338" lon="104.726358"><time>2026-04-26T05:52:00.660Z</time></trkpt>
      <trkpt lat="25.08338" lon="104.726358"><time>2026-04-26T05:52:00.677Z</time></trkpt>
      <trkpt lat="25.08338" lon="104.726358"><time>2026-04-26T05:52:00.693Z</time></trkpt>
      <trkpt lat="25.08338" lon="104.726358"><time>2026-04-26T05:52:00.710Z</time></trkpt>
      <trkpt lat="25.08338" lon="104.726358"><time>2026-04-26T05:52:00.727Z</time></trkpt>
      <trkpt lat="25.08338" lon="104.726358"><time>2026-04-26T05:52:00.743Z</time></trkpt>
      <trkpt lat="25.083367" lon="104.726349"><time>2026-04-26T05:52:00.760Z</time></trkpt>
      <trkpt lat="25.083367" lon="104.726349"><time>2026-04-26T05:52:00.777Z</time></trkpt>
      <trkpt lat="25.083367" lon="104.726349"><time>2026-04-26T05:52:00.793Z</time></trkpt>
      <trkpt lat="25.083367" lon="104.726349"><time>2026-04-26T05:52:00.810Z</time></trkpt>
      <trkpt lat="25.083367" lon="104.726349"><time>2026-04-26T05:52:00.827Z</time></trkpt>
      <trkpt lat="25.083367" lon="104.726349"><time>2026-04-26T05:52:00.844Z</time></trkpt>
      <trkpt lat="25.083353" lon="104.726339"><time>2026-04-26T05:52:00.860Z</time></trkpt>
      <trkpt lat="25.083353" lon="104.726339"><time>2026-04-26T05:52:00.877Z</time></trkpt>
      <trkpt lat="25.083353" lon="104.726339"><time>2026-04-26T05:52:00.894Z</time></trkpt>
      <trkpt lat="25.083353" lon="104.726339"><time>2026-04-26T05:52:00.910Z</time></trkpt>
      <trkpt lat="25.083353" lon="104.726339"><time>2026-04-26T05:52:00.927Z</time></trkpt>
      <trkpt lat="25.083353" lon="104.726339"><time>2026-04-26T05:52:00.944Z</time></trkpt>
      <trkpt lat="25.08334" lon="104.72633"><time>2026-04-26T05:52:00.960Z</time></trkpt>
      <trkpt lat="25.08334" lon="104.72633"><time>2026-04-26T05:52:00.977Z</time></trkpt>
      <trkpt lat="25.08334" lon="104.72633"><time>2026-04-26T05:52:00.994Z</time></trkpt>
      <trkpt lat="25.08334" lon="104.72633"><time>2026-04-26T05:52:01.010Z</time></trkpt>
      <trkpt lat="25.08334" lon="104.72633"><time>2026-04-26T05:52:01.027Z</time></trkpt>
      <trkpt lat="25.08334" lon="104.72633"><time>2026-04-26T05:52:01.044Z</time></trkpt>
      <trkpt lat="25.083326" lon="104.726321"><time>2026-04-26T05:52:01.060Z</time></trkpt>
      <trkpt lat="25.083326" lon="104.726321"><time>2026-04-26T05:52:01.077Z</time></trkpt>
      <trkpt lat="25.083326" lon="104.726321"><time>2026-04-26T05:52:01.094Z</time></trkpt>
      <trkpt lat="25.083326" lon="104.726321"><time>2026-04-26T05:52:01.110Z</time></trkpt>
      <trkpt lat="25.083326" lon="104.726321"><time>2026-04-26T05:52:01.127Z</time></trkpt>
      <trkpt lat="25.083326" lon="104.726321"><time>2026-04-26T05:52:01.144Z</time></trkpt>
      <trkpt lat="25.083313" lon="104.726313"><time>2026-04-26T05:52:01.161Z</time></trkpt>
      <trkpt lat="25.083313" lon="104.726313"><time>2026-04-26T05:52:01.177Z</time></trkpt>
      <trkpt lat="25.083313" lon="104.726313"><time>2026-04-26T05:52:01.194Z</time></trkpt>
      <trkpt lat="25.083313" lon="104.726313"><time>2026-04-26T05:52:01.211Z</time></trkpt>
      <trkpt lat="25.083313" lon="104.726313"><time>2026-04-26T05:52:01.227Z</time></trkpt>
      <trkpt lat="25.083313" lon="104.726313"><time>2026-04-26T05:52:01.244Z</time></trkpt>
      <trkpt lat="25.083299" lon="104.726305"><time>2026-04-26T05:52:01.261Z</time></trkpt>
      <trkpt lat="25.083299" lon="104.726305"><time>2026-04-26T05:52:01.277Z</time></trkpt>
      <trkpt lat="25.083299" lon="104.726305"><time>2026-04-26T05:52:01.294Z</time></trkpt>
      <trkpt lat="25.083299" lon="104.726305"><time>2026-04-26T05:52:01.311Z</time></trkpt>
      <trkpt lat="25.083299" lon="104.726305"><time>2026-04-26T05:52:01.327Z</time></trkpt>
      <trkpt lat="25.083299" lon="104.726305"><time>2026-04-26T05:52:01.344Z</time></trkpt>
      <trkpt lat="25.083286" lon="104.726298"><time>2026-04-26T05:52:01.361Z</time></trkpt>
      <trkpt lat="25.083286" lon="104.726298"><time>2026-04-26T05:52:01.377Z</time></trkpt>
      <trkpt lat="25.083286" lon="104.726298"><time>2026-04-26T05:52:01.394Z</time></trkpt>
      <trkpt lat="25.083286" lon="104.726298"><time>2026-04-26T05:52:01.411Z</time></trkpt>
      <trkpt lat="25.083286" lon="104.726298"><time>2026-04-26T05:52:01.427Z</time></trkpt>
      <trkpt lat="25.083286" lon="104.726298"><time>2026-04-26T05:52:01.444Z</time></trkpt>
      <trkpt lat="25.083272" lon="104.726291"><time>2026-04-26T05:52:01.461Z</time></trkpt>
      <trkpt lat="25.083272" lon="104.726291"><time>2026-04-26T05:52:01.478Z</time></trkpt>
      <trkpt lat="25.083272" lon="104.726291"><time>2026-04-26T05:52:01.494Z</time></trkpt>
      <trkpt lat="25.083272" lon="104.726291"><time>2026-04-26T05:52:01.511Z</time></trkpt>
      <trkpt lat="25.083272" lon="104.726291"><time>2026-04-26T05:52:01.528Z</time></trkpt>
      <trkpt lat="25.083272" lon="104.726291"><time>2026-04-26T05:52:01.544Z</time></trkpt>
      <trkpt lat="25.083258" lon="104.726284"><time>2026-04-26T05:52:01.561Z</time></trkpt>
      <trkpt lat="25.083258" lon="104.726284"><time>2026-04-26T05:52:01.578Z</time></trkpt>
      <trkpt lat="25.083258" lon="104.726284"><time>2026-04-26T05:52:01.594Z</time></trkpt>
      <trkpt lat="25.083258" lon="104.726284"><time>2026-04-26T05:52:01.611Z</time></trkpt>
      <trkpt lat="25.083258" lon="104.726284"><time>2026-04-26T05:52:01.628Z</time></trkpt>
      <trkpt lat="25.083258" lon="104.726284"><time>2026-04-26T05:52:01.644Z</time></trkpt>
      <trkpt lat="25.083245" lon="104.726277"><time>2026-04-26T05:52:01.661Z</time></trkpt>
      <trkpt lat="25.083245" lon="104.726277"><time>2026-04-26T05:52:01.678Z</time></trkpt>
      <trkpt lat="25.083245" lon="104.726277"><time>2026-04-26T05:52:01.694Z</time></trkpt>
      <trkpt lat="25.083245" lon="104.726277"><time>2026-04-26T05:52:01.711Z</time></trkpt>
      <trkpt lat="25.083245" lon="104.726277"><time>2026-04-26T05:52:01.728Z</time></trkpt>
      <trkpt lat="25.083245" lon="104.726277"><time>2026-04-26T05:52:01.744Z</time></trkpt>
      <trkpt lat="25.08323" lon="104.726271"><time>2026-04-26T05:52:01.761Z</time></trkpt>
      <trkpt lat="25.08323" lon="104.726271"><time>2026-04-26T05:52:01.778Z</time></trkpt>
      <trkpt lat="25.08323" lon="104.726271"><time>2026-04-26T05:52:01.794Z</time></trkpt>
      <trkpt lat="25.08323" lon="104.726271"><time>2026-04-26T05:52:01.811Z</time></trkpt>
      <trkpt lat="25.08323" lon="104.726271"><time>2026-04-26T05:52:01.828Z</time></trkpt>
      <trkpt lat="25.08323" lon="104.726271"><time>2026-04-26T05:52:01.845Z</time></trkpt>
      <trkpt lat="25.083217" lon="104.726264"><time>2026-04-26T05:52:01.861Z</time></trkpt>
      <trkpt lat="25.083217" lon="104.726264"><time>2026-04-26T05:52:01.878Z</time></trkpt>
      <trkpt lat="25.083217" lon="104.726264"><time>2026-04-26T05:52:01.895Z</time></trkpt>
      <trkpt lat="25.083217" lon="104.726264"><time>2026-04-26T05:52:01.911Z</time></trkpt>
      <trkpt lat="25.083217" lon="104.726264"><time>2026-04-26T05:52:01.928Z</time></trkpt>
      <trkpt lat="25.083217" lon="104.726264"><time>2026-04-26T05:52:01.945Z</time></trkpt>
      <trkpt lat="25.083202" lon="104.726259"><time>2026-04-26T05:52:01.961Z</time></trkpt>
      <trkpt lat="25.083202" lon="104.726259"><time>2026-04-26T05:52:01.978Z</time></trkpt>
      <trkpt lat="25.083202" lon="104.726259"><time>2026-04-26T05:52:01.995Z</time></trkpt>
      <trkpt lat="25.083202" lon="104.726259"><time>2026-04-26T05:52:02.011Z</time></trkpt>
      <trkpt lat="25.083202" lon="104.726259"><time>2026-04-26T05:52:02.028Z</time></trkpt>
      <trkpt lat="25.083202" lon="104.726259"><time>2026-04-26T05:52:02.045Z</time></trkpt>
      <trkpt lat="25.083188" lon="104.726253"><time>2026-04-26T05:52:02.061Z</time></trkpt>
      <trkpt lat="25.083188" lon="104.726253"><time>2026-04-26T05:52:02.078Z</time></trkpt>
      <trkpt lat="25.083188" lon="104.726253"><time>2026-04-26T05:52:02.095Z</time></trkpt>
      <trkpt lat="25.083188" lon="104.726253"><time>2026-04-26T05:52:02.111Z</time></trkpt>
      <trkpt lat="25.083188" lon="104.726253"><time>2026-04-26T05:52:02.128Z</time></trkpt>
      <trkpt lat="25.083188" lon="104.726253"><time>2026-04-26T05:52:02.145Z</time></trkpt>
      <trkpt lat="25.083174" lon="104.726248"><time>2026-04-26T05:52:02.162Z</time></trkpt>
      <trkpt lat="25.083174" lon="104.726248"><time>2026-04-26T05:52:02.178Z</time></trkpt>
      <trkpt lat="25.083174" lon="104.726248"><time>2026-04-26T05:52:02.195Z</time></trkpt>
      <trkpt lat="25.083174" lon="104.726248"><time>2026-04-26T05:52:02.212Z</time></trkpt>
      <trkpt lat="25.083174" lon="104.726248"><time>2026-04-26T05:52:02.228Z</time></trkpt>
      <trkpt lat="25.083174" lon="104.726248"><time>2026-04-26T05:52:02.245Z</time></trkpt>
      <trkpt lat="25.08316" lon="104.726243"><time>2026-04-26T05:52:02.262Z</time></trkpt>
      <trkpt lat="25.08316" lon="104.726243"><time>2026-04-26T05:52:02.278Z</time></trkpt>
      <trkpt lat="25.08316" lon="104.726243"><time>2026-04-26T05:52:02.295Z</time></trkpt>
      <trkpt lat="25.08316" lon="104.726243"><time>2026-04-26T05:52:02.312Z</time></trkpt>
      <trkpt lat="25.08316" lon="104.726243"><time>2026-04-26T05:52:02.328Z</time></trkpt>
      <trkpt lat="25.08316" lon="104.726243"><time>2026-04-26T05:52:02.345Z</time></trkpt>
      <trkpt lat="25.083146" lon="104.726238"><time>2026-04-26T05:52:02.362Z</time></trkpt>
      <trkpt lat="25.083146" lon="104.726238"><time>2026-04-26T05:52:02.378Z</time></trkpt>
      <trkpt lat="25.083146" lon="104.726238"><time>2026-04-26T05:52:02.395Z</time></trkpt>
      <trkpt lat="25.083146" lon="104.726238"><time>2026-04-26T05:52:02.412Z</time></trkpt>
      <trkpt lat="25.083146" lon="104.726238"><time>2026-04-26T05:52:02.428Z</time></trkpt>
      <trkpt lat="25.083146" lon="104.726238"><time>2026-04-26T05:52:02.445Z</time></trkpt>
      <trkpt lat="25.083131" lon="104.726233"><time>2026-04-26T05:52:02.462Z</time></trkpt>
      <trkpt lat="25.083131" lon="104.726233"><time>2026-04-26T05:52:02.479Z</time></trkpt>
      <trkpt lat="25.083131" lon="104.726233"><time>2026-04-26T05:52:02.495Z</time></trkpt>
      <trkpt lat="25.083131" lon="104.726233"><time>2026-04-26T05:52:02.512Z</time></trkpt>
      <trkpt lat="25.083131" lon="104.726233"><time>2026-04-26T05:52:02.529Z</time></trkpt>
      <trkpt lat="25.083131" lon="104.726233"><time>2026-04-26T05:52:02.545Z</time></trkpt>
      <trkpt lat="25.083116" lon="104.726229"><time>2026-04-26T05:52:02.562Z</time></trkpt>
      <trkpt lat="25.083116" lon="104.726229"><time>2026-04-26T05:52:02.579Z</time></trkpt>
      <trkpt lat="25.083116" lon="104.726229"><time>2026-04-26T05:52:02.595Z</time></trkpt>
      <trkpt lat="25.083116" lon="104.726229"><time>2026-04-26T05:52:02.612Z</time></trkpt>
      <trkpt lat="25.083116" lon="104.726229"><time>2026-04-26T05:52:02.629Z</time></trkpt>
      <trkpt lat="25.083116" lon="104.726229"><time>2026-04-26T05:52:02.645Z</time></trkpt>
      <trkpt lat="25.083102" lon="104.726224"><time>2026-04-26T05:52:02.662Z</time></trkpt>
      <trkpt lat="25.083102" lon="104.726224"><time>2026-04-26T05:52:02.679Z</time></trkpt>
      <trkpt lat="25.083102" lon="104.726224"><time>2026-04-26T05:52:02.695Z</time></trkpt>
      <trkpt lat="25.083102" lon="104.726224"><time>2026-04-26T05:52:02.712Z</time></trkpt>
      <trkpt lat="25.083102" lon="104.726224"><time>2026-04-26T05:52:02.729Z</time></trkpt>
      <trkpt lat="25.083102" lon="104.726224"><time>2026-04-26T05:52:02.745Z</time></trkpt>
      <trkpt lat="25.083087" lon="104.72622"><time>2026-04-26T05:52:02.762Z</time></trkpt>
      <trkpt lat="25.083087" lon="104.72622"><time>2026-04-26T05:52:02.779Z</time></trkpt>
      <trkpt lat="25.083087" lon="104.72622"><time>2026-04-26T05:52:02.796Z</time></trkpt>
      <trkpt lat="25.083087" lon="104.72622"><time>2026-04-26T05:52:02.812Z</time></trkpt>
      <trkpt lat="25.083087" lon="104.72622"><time>2026-04-26T05:52:02.829Z</time></trkpt>
      <trkpt lat="25.083087" lon="104.72622"><time>2026-04-26T05:52:02.846Z</time></trkpt>
      <trkpt lat="25.083072" lon="104.726216"><time>2026-04-26T05:52:02.862Z</time></trkpt>
      <trkpt lat="25.083072" lon="104.726216"><time>2026-04-26T05:52:02.879Z</time></trkpt>
      <trkpt lat="25.083072" lon="104.726216"><time>2026-04-26T05:52:02.896Z</time></trkpt>
      <trkpt lat="25.083072" lon="104.726216"><time>2026-04-26T05:52:02.912Z</time></trkpt>
      <trkpt lat="25.083072" lon="104.726216"><time>2026-04-26T05:52:02.929Z</time></trkpt>
      <trkpt lat="25.083072" lon="104.726216"><time>2026-04-26T05:52:02.946Z</time></trkpt>
      <trkpt lat="25.083058" lon="104.726212"><time>2026-04-26T05:52:02.962Z</time></trkpt>
      <trkpt lat="25.083058" lon="104.726212"><time>2026-04-26T05:52:02.979Z</time></trkpt>
      <trkpt lat="25.083058" lon="104.726212"><time>2026-04-26T05:52:02.996Z</time></trkpt>
      <trkpt lat="25.083058" lon="104.726212"><time>2026-04-26T05:52:03.012Z</time></trkpt>
      <trkpt lat="25.083058" lon="104.726212"><time>2026-04-26T05:52:03.029Z</time></trkpt>
      <trkpt lat="25.083058" lon="104.726212"><time>2026-04-26T05:52:03.046Z</time></trkpt>
      <trkpt lat="25.083043" lon="104.726208"><time>2026-04-26T05:52:03.062Z</time></trkpt>
      <trkpt lat="25.083043" lon="104.726208"><time>2026-04-26T05:52:03.079Z</time></trkpt>
      <trkpt lat="25.083043" lon="104.726208"><time>2026-04-26T05:52:03.096Z</time></trkpt>
      <trkpt lat="25.083043" lon="104.726208"><time>2026-04-26T05:52:03.113Z</time></trkpt>
      <trkpt lat="25.083043" lon="104.726208"><time>2026-04-26T05:52:03.129Z</time></trkpt>
      <trkpt lat="25.083043" lon="104.726208"><time>2026-04-26T05:52:03.146Z</time></trkpt>
      <trkpt lat="25.083028" lon="104.726204"><time>2026-04-26T05:52:03.163Z</time></trkpt>
      <trkpt lat="25.083028" lon="104.726204"><time>2026-04-26T05:52:03.179Z</time></trkpt>
      <trkpt lat="25.083028" lon="104.726204"><time>2026-04-26T05:52:03.196Z</time></trkpt>
      <trkpt lat="25.083028" lon="104.726204"><time>2026-04-26T05:52:03.213Z</time></trkpt>
      <trkpt lat="25.083028" lon="104.726204"><time>2026-04-26T05:52:03.229Z</time></trkpt>
      <trkpt lat="25.083028" lon="104.726204"><time>2026-04-26T05:52:03.246Z</time></trkpt>
      <trkpt lat="25.083014" lon="104.726201"><time>2026-04-26T05:52:03.263Z</time></trkpt>
      <trkpt lat="25.083014" lon="104.726201"><time>2026-04-26T05:52:03.279Z</time></trkpt>
      <trkpt lat="25.083014" lon="104.726201"><time>2026-04-26T05:52:03.296Z</time></trkpt>
      <trkpt lat="25.083014" lon="104.726201"><time>2026-04-26T05:52:03.313Z</time></trkpt>
      <trkpt lat="25.083014" lon="104.726201"><time>2026-04-26T05:52:03.329Z</time></trkpt>
      <trkpt lat="25.083014" lon="104.726201"><time>2026-04-26T05:52:03.346Z</time></trkpt>
      <trkpt lat="25.082999" lon="104.726197"><time>2026-04-26T05:52:03.363Z</time></trkpt>
      <trkpt lat="25.082999" lon="104.726197"><time>2026-04-26T05:52:03.379Z</time></trkpt>
      <trkpt lat="25.082999" lon="104.726197"><time>2026-04-26T05:52:03.396Z</time></trkpt>
      <trkpt lat="25.082999" lon="104.726197"><time>2026-04-26T05:52:03.413Z</time></trkpt>
      <trkpt lat="25.082999" lon="104.726197"><time>2026-04-26T05:52:03.430Z</time></trkpt>
      <trkpt lat="25.082999" lon="104.726197"><time>2026-04-26T05:52:03.446Z</time></trkpt>
      <trkpt lat="25.082984" lon="104.726192"><time>2026-04-26T05:52:03.463Z</time></trkpt>
      <trkpt lat="25.082984" lon="104.726192"><time>2026-04-26T05:52:03.480Z</time></trkpt>
      <trkpt lat="25.082984" lon="104.726192"><time>2026-04-26T05:52:03.496Z</time></trkpt>
      <trkpt lat="25.082984" lon="104.726192"><time>2026-04-26T05:52:03.513Z</time></trkpt>
      <trkpt lat="25.082984" lon="104.726192"><time>2026-04-26T05:52:03.530Z</time></trkpt>
      <trkpt lat="25.082984" lon="104.726192"><time>2026-04-26T05:52:03.546Z</time></trkpt>
      <trkpt lat="25.082969" lon="104.726189"><time>2026-04-26T05:52:03.563Z</time></trkpt>
      <trkpt lat="25.082969" lon="104.726189"><time>2026-04-26T05:52:03.580Z</time></trkpt>
      <trkpt lat="25.082969" lon="104.726189"><time>2026-04-26T05:52:03.596Z</time></trkpt>
      <trkpt lat="25.082969" lon="104.726189"><time>2026-04-26T05:52:03.613Z</time></trkpt>
      <trkpt lat="25.082969" lon="104.726189"><time>2026-04-26T05:52:03.630Z</time></trkpt>
      <trkpt lat="25.082969" lon="104.726189"><time>2026-04-26T05:52:03.646Z</time></trkpt>
      <trkpt lat="25.082954" lon="104.726186"><time>2026-04-26T05:52:03.663Z</time></trkpt>
      <trkpt lat="25.082954" lon="104.726186"><time>2026-04-26T05:52:03.680Z</time></trkpt>
      <trkpt lat="25.082954" lon="104.726186"><time>2026-04-26T05:52:03.696Z</time></trkpt>
      <trkpt lat="25.082954" lon="104.726186"><time>2026-04-26T05:52:03.713Z</time></trkpt>
      <trkpt lat="25.082954" lon="104.726186"><time>2026-04-26T05:52:03.730Z</time></trkpt>
      <trkpt lat="25.082954" lon="104.726186"><time>2026-04-26T05:52:03.747Z</time></trkpt>
      <trkpt lat="25.082939" lon="104.726182"><time>2026-04-26T05:52:03.763Z</time></trkpt>
      <trkpt lat="25.082939" lon="104.726182"><time>2026-04-26T05:52:03.780Z</time></trkpt>
      <trkpt lat="25.082939" lon="104.726182"><time>2026-04-26T05:52:03.797Z</time></trkpt>
      <trkpt lat="25.082939" lon="104.726182"><time>2026-04-26T05:52:03.813Z</time></trkpt>
      <trkpt lat="25.082939" lon="104.726182"><time>2026-04-26T05:52:03.830Z</time></trkpt>
      <trkpt lat="25.082939" lon="104.726182"><time>2026-04-26T05:52:03.847Z</time></trkpt>
      <trkpt lat="25.082924" lon="104.726179"><time>2026-04-26T05:52:03.863Z</time></trkpt>
      <trkpt lat="25.082924" lon="104.726179"><time>2026-04-26T05:52:03.880Z</time></trkpt>
      <trkpt lat="25.082924" lon="104.726179"><time>2026-04-26T05:52:03.897Z</time></trkpt>
      <trkpt lat="25.082924" lon="104.726179"><time>2026-04-26T05:52:03.913Z</time></trkpt>
      <trkpt lat="25.082924" lon="104.726179"><time>2026-04-26T05:52:03.930Z</time></trkpt>
      <trkpt lat="25.082924" lon="104.726179"><time>2026-04-26T05:52:03.947Z</time></trkpt>
      <trkpt lat="25.082909" lon="104.726175"><time>2026-04-26T05:52:03.963Z</time></trkpt>
      <trkpt lat="25.082909" lon="104.726175"><time>2026-04-26T05:52:03.980Z</time></trkpt>
      <trkpt lat="25.082909" lon="104.726175"><time>2026-04-26T05:52:03.997Z</time></trkpt>
      <trkpt lat="25.082909" lon="104.726175"><time>2026-04-26T05:52:04.013Z</time></trkpt>
      <trkpt lat="25.082909" lon="104.726175"><time>2026-04-26T05:52:04.030Z</time></trkpt>
      <trkpt lat="25.082909" lon="104.726175"><time>2026-04-26T05:52:04.047Z</time></trkpt>
      <trkpt lat="25.082893" lon="104.726171"><time>2026-04-26T05:52:04.064Z</time></trkpt>
      <trkpt lat="25.082893" lon="104.726171"><time>2026-04-26T05:52:04.080Z</time></trkpt>
      <trkpt lat="25.082893" lon="104.726171"><time>2026-04-26T05:52:04.097Z</time></trkpt>
      <trkpt lat="25.082893" lon="104.726171"><time>2026-04-26T05:52:04.114Z</time></trkpt>
      <trkpt lat="25.082893" lon="104.726171"><time>2026-04-26T05:52:04.130Z</time></trkpt>
      <trkpt lat="25.082893" lon="104.726171"><time>2026-04-26T05:52:04.147Z</time></trkpt>
      <trkpt lat="25.082877" lon="104.726167"><time>2026-04-26T05:52:04.164Z</time></trkpt>
      <trkpt lat="25.082877" lon="104.726167"><time>2026-04-26T05:52:04.180Z</time></trkpt>
      <trkpt lat="25.082877" lon="104.726167"><time>2026-04-26T05:52:04.197Z</time></trkpt>
      <trkpt lat="25.082877" lon="104.726167"><time>2026-04-26T05:52:04.214Z</time></trkpt>
      <trkpt lat="25.082877" lon="104.726167"><time>2026-04-26T05:52:04.230Z</time></trkpt>
      <trkpt lat="25.082877" lon="104.726167"><time>2026-04-26T05:52:04.247Z</time></trkpt>
      <trkpt lat="25.082862" lon="104.726164"><time>2026-04-26T05:52:04.264Z</time></trkpt>
      <trkpt lat="25.082862" lon="104.726164"><time>2026-04-26T05:52:04.280Z</time></trkpt>
      <trkpt lat="25.082862" lon="104.726164"><time>2026-04-26T05:52:04.297Z</time></trkpt>
      <trkpt lat="25.082862" lon="104.726164"><time>2026-04-26T05:52:04.314Z</time></trkpt>
      <trkpt lat="25.082862" lon="104.726164"><time>2026-04-26T05:52:04.330Z</time></trkpt>
      <trkpt lat="25.082862" lon="104.726164"><time>2026-04-26T05:52:04.347Z</time></trkpt>
      <trkpt lat="25.082846" lon="104.72616"><time>2026-04-26T05:52:04.364Z</time></trkpt>
      <trkpt lat="25.082846" lon="104.72616"><time>2026-04-26T05:52:04.381Z</time></trkpt>
      <trkpt lat="25.082846" lon="104.72616"><time>2026-04-26T05:52:04.397Z</time></trkpt>
      <trkpt lat="25.082846" lon="104.72616"><time>2026-04-26T05:52:04.414Z</time></trkpt>
      <trkpt lat="25.082846" lon="104.72616"><time>2026-04-26T05:52:04.431Z</time></trkpt>
      <trkpt lat="25.082846" lon="104.72616"><time>2026-04-26T05:52:04.447Z</time></trkpt>
      <trkpt lat="25.082831" lon="104.726156"><time>2026-04-26T05:52:04.464Z</time></trkpt>
      <trkpt lat="25.082831" lon="104.726156"><time>2026-04-26T05:52:04.481Z</time></trkpt>
      <trkpt lat="25.082831" lon="104.726156"><time>2026-04-26T05:52:04.497Z</time></trkpt>
      <trkpt lat="25.082831" lon="104.726156"><time>2026-04-26T05:52:04.514Z</time></trkpt>
      <trkpt lat="25.082831" lon="104.726156"><time>2026-04-26T05:52:04.531Z</time></trkpt>
      <trkpt lat="25.082831" lon="104.726156"><time>2026-04-26T05:52:04.547Z</time></trkpt>
      <trkpt lat="25.082815" lon="104.726152"><time>2026-04-26T05:52:04.564Z</time></trkpt>
      <trkpt lat="25.082815" lon="104.726152"><time>2026-04-26T05:52:04.581Z</time></trkpt>
      <trkpt lat="25.082815" lon="104.726152"><time>2026-04-26T05:52:04.597Z</time></trkpt>
      <trkpt lat="25.082815" lon="104.726152"><time>2026-04-26T05:52:04.614Z</time></trkpt>
      <trkpt lat="25.082815" lon="104.726152"><time>2026-04-26T05:52:04.631Z</time></trkpt>
      <trkpt lat="25.082815" lon="104.726152"><time>2026-04-26T05:52:04.647Z</time></trkpt>
      <trkpt lat="25.082799" lon="104.726148"><time>2026-04-26T05:52:04.664Z</time></trkpt>
      <trkpt lat="25.082799" lon="104.726148"><time>2026-04-26T05:52:04.681Z</time></trkpt>
      <trkpt lat="25.082799" lon="104.726148"><time>2026-04-26T05:52:04.698Z</time></trkpt>
      <trkpt lat="25.082799" lon="104.726148"><time>2026-04-26T05:52:04.714Z</time></trkpt>
      <trkpt lat="25.082799" lon="104.726148"><time>2026-04-26T05:52:04.731Z</time></trkpt>
      <trkpt lat="25.082799" lon="104.726148"><time>2026-04-26T05:52:04.748Z</time></trkpt>
      <trkpt lat="25.082783" lon="104.726144"><time>2026-04-26T05:52:04.764Z</time></trkpt>
      <trkpt lat="25.082783" lon="104.726144"><time>2026-04-26T05:52:04.781Z</time></trkpt>
      <trkpt lat="25.082783" lon="104.726144"><time>2026-04-26T05:52:04.798Z</time></trkpt>
      <trkpt lat="25.082783" lon="104.726144"><time>2026-04-26T05:52:04.814Z</time></trkpt>
      <trkpt lat="25.082783" lon="104.726144"><time>2026-04-26T05:52:04.831Z</time></trkpt>
      <trkpt lat="25.082783" lon="104.726144"><time>2026-04-26T05:52:04.848Z</time></trkpt>
      <trkpt lat="25.082767" lon="104.726139"><time>2026-04-26T05:52:04.864Z</time></trkpt>
      <trkpt lat="25.082767" lon="104.726139"><time>2026-04-26T05:52:04.881Z</time></trkpt>
      <trkpt lat="25.082767" lon="104.726139"><time>2026-04-26T05:52:04.898Z</time></trkpt>
      <trkpt lat="25.082767" lon="104.726139"><time>2026-04-26T05:52:04.914Z</time></trkpt>
      <trkpt lat="25.082767" lon="104.726139"><time>2026-04-26T05:52:04.931Z</time></trkpt>
      <trkpt lat="25.082767" lon="104.726139"><time>2026-04-26T05:52:04.948Z</time></trkpt>
      <trkpt lat="25.082751" lon="104.726135"><time>2026-04-26T05:52:04.964Z</time></trkpt>
      <trkpt lat="25.082751" lon="104.726135"><time>2026-04-26T05:52:04.981Z</time></trkpt>
      <trkpt lat="25.082751" lon="104.726135"><time>2026-04-26T05:52:04.998Z</time></trkpt>
      <trkpt lat="25.082751" lon="104.726135"><time>2026-04-26T05:52:05.015Z</time></trkpt>
      <trkpt lat="25.082751" lon="104.726135"><time>2026-04-26T05:52:05.031Z</time></trkpt>
      <trkpt lat="25.082751" lon="104.726135"><time>2026-04-26T05:52:05.048Z</time></trkpt>
      <trkpt lat="25.082737" lon="104.72613"><time>2026-04-26T05:52:05.065Z</time></trkpt>
      <trkpt lat="25.082737" lon="104.72613"><time>2026-04-26T05:52:05.081Z</time></trkpt>
      <trkpt lat="25.082737" lon="104.72613"><time>2026-04-26T05:52:05.098Z</time></trkpt>
      <trkpt lat="25.082737" lon="104.72613"><time>2026-04-26T05:52:05.115Z</time></trkpt>
      <trkpt lat="25.082737" lon="104.72613"><time>2026-04-26T05:52:05.131Z</time></trkpt>
      <trkpt lat="25.082737" lon="104.72613"><time>2026-04-26T05:52:05.148Z</time></trkpt>
      <trkpt lat="25.08272" lon="104.726125"><time>2026-04-26T05:52:05.165Z</time></trkpt>
      <trkpt lat="25.08272" lon="104.726125"><time>2026-04-26T05:52:05.181Z</time></trkpt>
      <trkpt lat="25.08272" lon="104.726125"><time>2026-04-26T05:52:05.198Z</time></trkpt>
      <trkpt lat="25.08272" lon="104.726125"><time>2026-04-26T05:52:05.215Z</time></trkpt>
      <trkpt lat="25.08272" lon="104.726125"><time>2026-04-26T05:52:05.231Z</time></trkpt>
      <trkpt lat="25.08272" lon="104.726125"><time>2026-04-26T05:52:05.248Z</time></trkpt>
      <trkpt lat="25.082705" lon="104.72612"><time>2026-04-26T05:52:05.265Z</time></trkpt>
      <trkpt lat="25.082705" lon="104.72612"><time>2026-04-26T05:52:05.281Z</time></trkpt>
      <trkpt lat="25.082705" lon="104.72612"><time>2026-04-26T05:52:05.298Z</time></trkpt>
      <trkpt lat="25.082705" lon="104.72612"><time>2026-04-26T05:52:05.315Z</time></trkpt>
      <trkpt lat="25.082705" lon="104.72612"><time>2026-04-26T05:52:05.332Z</time></trkpt>
      <trkpt lat="25.082705" lon="104.72612"><time>2026-04-26T05:52:05.348Z</time></trkpt>
      <trkpt lat="25.082689" lon="104.726115"><time>2026-04-26T05:52:05.365Z</time></trkpt>
      <trkpt lat="25.082689" lon="104.726115"><time>2026-04-26T05:52:05.382Z</time></trkpt>
      <trkpt lat="25.082689" lon="104.726115"><time>2026-04-26T05:52:05.398Z</time></trkpt>
      <trkpt lat="25.082689" lon="104.726115"><time>2026-04-26T05:52:05.415Z</time></trkpt>
      <trkpt lat="25.082689" lon="104.726115"><time>2026-04-26T05:52:05.432Z</time></trkpt>
      <trkpt lat="25.082689" lon="104.726115"><time>2026-04-26T05:52:05.448Z</time></trkpt>
      <trkpt lat="25.082673" lon="104.72611"><time>2026-04-26T05:52:05.465Z</time></trkpt>
      <trkpt lat="25.082673" lon="104.72611"><time>2026-04-26T05:52:05.482Z</time></trkpt>
      <trkpt lat="25.082673" lon="104.72611"><time>2026-04-26T05:52:05.498Z</time></trkpt>
      <trkpt lat="25.082673" lon="104.72611"><time>2026-04-26T05:52:05.515Z</time></trkpt>
      <trkpt lat="25.082673" lon="104.72611"><time>2026-04-26T05:52:05.532Z</time></trkpt>
      <trkpt lat="25.082673" lon="104.72611"><time>2026-04-26T05:52:05.548Z</time></trkpt>
      <trkpt lat="25.082658" lon="104.726105"><time>2026-04-26T05:52:05.565Z</time></trkpt>
      <trkpt lat="25.082658" lon="104.726105"><time>2026-04-26T05:52:05.582Z</time></trkpt>
      <trkpt lat="25.082658" lon="104.726105"><time>2026-04-26T05:52:05.598Z</time></trkpt>
      <trkpt lat="25.082658" lon="104.726105"><time>2026-04-26T05:52:05.615Z</time></trkpt>
      <trkpt lat="25.082658" lon="104.726105"><time>2026-04-26T05:52:05.632Z</time></trkpt>
      <trkpt lat="25.082658" lon="104.726105"><time>2026-04-26T05:52:05.649Z</time></trkpt>
      <trkpt lat="25.082642" lon="104.726099"><time>2026-04-26T05:52:05.665Z</time></trkpt>
      <trkpt lat="25.082642" lon="104.726099"><time>2026-04-26T05:52:05.682Z</time></trkpt>
      <trkpt lat="25.082642" lon="104.726099"><time>2026-04-26T05:52:05.699Z</time></trkpt>
      <trkpt lat="25.082642" lon="104.726099"><time>2026-04-26T05:52:05.715Z</time></trkpt>
      <trkpt lat="25.082642" lon="104.726099"><time>2026-04-26T05:52:05.732Z</time></trkpt>
      <trkpt lat="25.082642" lon="104.726099"><time>2026-04-26T05:52:05.749Z</time></trkpt>
      <trkpt lat="25.082626" lon="104.726093"><time>2026-04-26T05:52:05.765Z</time></trkpt>
      <trkpt lat="25.082626" lon="104.726093"><time>2026-04-26T05:52:05.782Z</time></trkpt>
      <trkpt lat="25.082626" lon="104.726093"><time>2026-04-26T05:52:05.799Z</time></trkpt>
      <trkpt lat="25.082626" lon="104.726093"><time>2026-04-26T05:52:05.815Z</time></trkpt>
      <trkpt lat="25.082626" lon="104.726093"><time>2026-04-26T05:52:05.832Z</time></trkpt>
      <trkpt lat="25.082626" lon="104.726093"><time>2026-04-26T05:52:05.849Z</time></trkpt>
      <trkpt lat="25.08261" lon="104.726088"><time>2026-04-26T05:52:05.865Z</time></trkpt>
      <trkpt lat="25.08261" lon="104.726088"><time>2026-04-26T05:52:05.882Z</time></trkpt>
      <trkpt lat="25.08261" lon="104.726088"><time>2026-04-26T05:52:05.899Z</time></trkpt>
      <trkpt lat="25.08261" lon="104.726088"><time>2026-04-26T05:52:05.915Z</time></trkpt>
      <trkpt lat="25.08261" lon="104.726088"><time>2026-04-26T05:52:05.932Z</time></trkpt>
      <trkpt lat="25.08261" lon="104.726088"><time>2026-04-26T05:52:05.949Z</time></trkpt>
      <trkpt lat="25.082594" lon="104.726082"><time>2026-04-26T05:52:05.966Z</time></trkpt>
      <trkpt lat="25.082594" lon="104.726082"><time>2026-04-26T05:52:05.982Z</time></trkpt>
      <trkpt lat="25.082594" lon="104.726082"><time>2026-04-26T05:52:05.999Z</time></trkpt>
      <trkpt lat="25.082594" lon="104.726082"><time>2026-04-26T05:52:06.016Z</time></trkpt>
      <trkpt lat="25.082594" lon="104.726082"><time>2026-04-26T05:52:06.032Z</time></trkpt>
      <trkpt lat="25.082594" lon="104.726082"><time>2026-04-26T05:52:06.049Z</time></trkpt>
      <trkpt lat="25.082579" lon="104.726076"><time>2026-04-26T05:52:06.066Z</time></trkpt>
      <trkpt lat="25.082579" lon="104.726076"><time>2026-04-26T05:52:06.082Z</time></trkpt>
      <trkpt lat="25.082579" lon="104.726076"><time>2026-04-26T05:52:06.099Z</time></trkpt>
      <trkpt lat="25.082579" lon="104.726076"><time>2026-04-26T05:52:06.116Z</time></trkpt>
      <trkpt lat="25.082579" lon="104.726076"><time>2026-04-26T05:52:06.132Z</time></trkpt>
      <trkpt lat="25.082579" lon="104.726076"><time>2026-04-26T05:52:06.149Z</time></trkpt>
      <trkpt lat="25.082563" lon="104.72607"><time>2026-04-26T05:52:06.166Z</time></trkpt>
      <trkpt lat="25.082563" lon="104.72607"><time>2026-04-26T05:52:06.182Z</time></trkpt>
      <trkpt lat="25.082563" lon="104.72607"><time>2026-04-26T05:52:06.199Z</time></trkpt>
      <trkpt lat="25.082563" lon="104.72607"><time>2026-04-26T05:52:06.216Z</time></trkpt>
      <trkpt lat="25.082563" lon="104.72607"><time>2026-04-26T05:52:06.232Z</time></trkpt>
      <trkpt lat="25.082563" lon="104.72607"><time>2026-04-26T05:52:06.249Z</time></trkpt>
      <trkpt lat="25.082547" lon="104.726064"><time>2026-04-26T05:52:06.266Z</time></trkpt>
      <trkpt lat="25.082547" lon="104.726064"><time>2026-04-26T05:52:06.283Z</time></trkpt>
      <trkpt lat="25.082547" lon="104.726064"><time>2026-04-26T05:52:06.299Z</time></trkpt>
      <trkpt lat="25.082547" lon="104.726064"><time>2026-04-26T05:52:06.316Z</time></trkpt>
      <trkpt lat="25.082547" lon="104.726064"><time>2026-04-26T05:52:06.333Z</time></trkpt>
      <trkpt lat="25.082547" lon="104.726064"><time>2026-04-26T05:52:06.349Z</time></trkpt>
      <trkpt lat="25.082532" lon="104.726058"><time>2026-04-26T05:52:06.366Z</time></trkpt>
      <trkpt lat="25.082532" lon="104.726058"><time>2026-04-26T05:52:06.383Z</time></trkpt>
      <trkpt lat="25.082532" lon="104.726058"><time>2026-04-26T05:52:06.399Z</time></trkpt>
      <trkpt lat="25.082532" lon="104.726058"><time>2026-04-26T05:52:06.416Z</time></trkpt>
      <trkpt lat="25.082532" lon="104.726058"><time>2026-04-26T05:52:06.433Z</time></trkpt>
      <trkpt lat="25.082532" lon="104.726058"><time>2026-04-26T05:52:06.449Z</time></trkpt>
      <trkpt lat="25.082517" lon="104.726051"><time>2026-04-26T05:52:06.466Z</time></trkpt>
      <trkpt lat="25.082517" lon="104.726051"><time>2026-04-26T05:52:06.483Z</time></trkpt>
      <trkpt lat="25.082517" lon="104.726051"><time>2026-04-26T05:52:06.499Z</time></trkpt>
      <trkpt lat="25.082517" lon="104.726051"><time>2026-04-26T05:52:06.516Z</time></trkpt>
      <trkpt lat="25.082517" lon="104.726051"><time>2026-04-26T05:52:06.533Z</time></trkpt>
      <trkpt lat="25.082517" lon="104.726051"><time>2026-04-26T05:52:06.549Z</time></trkpt>
      <trkpt lat="25.082501" lon="104.726045"><time>2026-04-26T05:52:06.566Z</time></trkpt>
      <trkpt lat="25.082501" lon="104.726045"><time>2026-04-26T05:52:06.583Z</time></trkpt>
      <trkpt lat="25.082501" lon="104.726045"><time>2026-04-26T05:52:06.600Z</time></trkpt>
      <trkpt lat="25.082501" lon="104.726045"><time>2026-04-26T05:52:06.616Z</time></trkpt>
      <trkpt lat="25.082501" lon="104.726045"><time>2026-04-26T05:52:06.633Z</time></trkpt>
      <trkpt lat="25.082501" lon="104.726045"><time>2026-04-26T05:52:06.650Z</time></trkpt>
      <trkpt lat="25.082486" lon="104.726038"><time>2026-04-26T05:52:06.666Z</time></trkpt>
      <trkpt lat="25.082486" lon="104.726038"><time>2026-04-26T05:52:06.683Z</time></trkpt>
      <trkpt lat="25.082486" lon="104.726038"><time>2026-04-26T05:52:06.700Z</time></trkpt>
      <trkpt lat="25.082486" lon="104.726038"><time>2026-04-26T05:52:06.716Z</time></trkpt>
      <trkpt lat="25.082486" lon="104.726038"><time>2026-04-26T05:52:06.733Z</time></trkpt>
      <trkpt lat="25.082486" lon="104.726038"><time>2026-04-26T05:52:06.750Z</time></trkpt>
      <trkpt lat="25.082471" lon="104.72603"><time>2026-04-26T05:52:06.766Z</time></trkpt>
      <trkpt lat="25.082471" lon="104.72603"><time>2026-04-26T05:52:06.783Z</time></trkpt>
      <trkpt lat="25.082471" lon="104.72603"><time>2026-04-26T05:52:06.800Z</time></trkpt>
      <trkpt lat="25.082471" lon="104.72603"><time>2026-04-26T05:52:06.816Z</time></trkpt>
      <trkpt lat="25.082471" lon="104.72603"><time>2026-04-26T05:52:06.833Z</time></trkpt>
      <trkpt lat="25.082471" lon="104.72603"><time>2026-04-26T05:52:06.850Z</time></trkpt>
      <trkpt lat="25.082456" lon="104.726023"><time>2026-04-26T05:52:06.866Z</time></trkpt>
      <trkpt lat="25.082456" lon="104.726023"><time>2026-04-26T05:52:06.883Z</time></trkpt>
      <trkpt lat="25.082456" lon="104.726023"><time>2026-04-26T05:52:06.900Z</time></trkpt>
      <trkpt lat="25.082456" lon="104.726023"><time>2026-04-26T05:52:06.917Z</time></trkpt>
      <trkpt lat="25.082456" lon="104.726023"><time>2026-04-26T05:52:06.933Z</time></trkpt>
      <trkpt lat="25.082456" lon="104.726023"><time>2026-04-26T05:52:06.950Z</time></trkpt>
      <trkpt lat="25.082441" lon="104.726015"><time>2026-04-26T05:52:06.967Z</time></trkpt>
      <trkpt lat="25.082441" lon="104.726015"><time>2026-04-26T05:52:06.983Z</time></trkpt>
      <trkpt lat="25.082441" lon="104.726015"><time>2026-04-26T05:52:07.000Z</time></trkpt>
      <trkpt lat="25.082441" lon="104.726015"><time>2026-04-26T05:52:07.017Z</time></trkpt>
      <trkpt lat="25.082441" lon="104.726015"><time>2026-04-26T05:52:07.033Z</time></trkpt>
      <trkpt lat="25.082441" lon="104.726015"><time>2026-04-26T05:52:07.050Z</time></trkpt>
      <trkpt lat="25.082426" lon="104.726006"><time>2026-04-26T05:52:07.067Z</time></trkpt>
      <trkpt lat="25.082426" lon="104.726006"><time>2026-04-26T05:52:07.083Z</time></trkpt>
      <trkpt lat="25.082426" lon="104.726006"><time>2026-04-26T05:52:07.100Z</time></trkpt>
      <trkpt lat="25.082426" lon="104.726006"><time>2026-04-26T05:52:07.117Z</time></trkpt>
      <trkpt lat="25.082426" lon="104.726006"><time>2026-04-26T05:52:07.133Z</time></trkpt>
      <trkpt lat="25.082426" lon="104.726006"><time>2026-04-26T05:52:07.150Z</time></trkpt>
      <trkpt lat="25.082413" lon="104.725998"><time>2026-04-26T05:52:07.167Z</time></trkpt>
      <trkpt lat="25.082413" lon="104.725998"><time>2026-04-26T05:52:07.183Z</time></trkpt>
      <trkpt lat="25.082413" lon="104.725998"><time>2026-04-26T05:52:07.200Z</time></trkpt>
      <trkpt lat="25.082413" lon="104.725998"><time>2026-04-26T05:52:07.217Z</time></trkpt>
      <trkpt lat="25.082413" lon="104.725998"><time>2026-04-26T05:52:07.234Z</time></trkpt>
      <trkpt lat="25.082413" lon="104.725998"><time>2026-04-26T05:52:07.250Z</time></trkpt>
      <trkpt lat="25.082398" lon="104.725988"><time>2026-04-26T05:52:07.267Z</time></trkpt>
      <trkpt lat="25.082398" lon="104.725988"><time>2026-04-26T05:52:07.284Z</time></trkpt>
      <trkpt lat="25.082398" lon="104.725988"><time>2026-04-26T05:52:07.300Z</time></trkpt>
      <trkpt lat="25.082398" lon="104.725988"><time>2026-04-26T05:52:07.317Z</time></trkpt>
      <trkpt lat="25.082398" lon="104.725988"><time>2026-04-26T05:52:07.334Z</time></trkpt>
      <trkpt lat="25.082398" lon="104.725988"><time>2026-04-26T05:52:07.350Z</time></trkpt>
      <trkpt lat="25.082384" lon="104.725978"><time>2026-04-26T05:52:07.367Z</time></trkpt>
      <trkpt lat="25.082384" lon="104.725978"><time>2026-04-26T05:52:07.384Z</time></trkpt>
      <trkpt lat="25.082384" lon="104.725978"><time>2026-04-26T05:52:07.400Z</time></trkpt>
      <trkpt lat="25.082384" lon="104.725978"><time>2026-04-26T05:52:07.417Z</time></trkpt>
      <trkpt lat="25.082384" lon="104.725978"><time>2026-04-26T05:52:07.434Z</time></trkpt>
      <trkpt lat="25.082384" lon="104.725978"><time>2026-04-26T05:52:07.450Z</time></trkpt>
      <trkpt lat="25.082371" lon="104.725968"><time>2026-04-26T05:52:07.467Z</time></trkpt>
      <trkpt lat="25.082371" lon="104.725968"><time>2026-04-26T05:52:07.484Z</time></trkpt>
      <trkpt lat="25.082371" lon="104.725968"><time>2026-04-26T05:52:07.500Z</time></trkpt>
      <trkpt lat="25.082371" lon="104.725968"><time>2026-04-26T05:52:07.517Z</time></trkpt>
      <trkpt lat="25.082371" lon="104.725968"><time>2026-04-26T05:52:07.534Z</time></trkpt>
      <trkpt lat="25.082371" lon="104.725968"><time>2026-04-26T05:52:07.551Z</time></trkpt>
      <trkpt lat="25.082359" lon="104.725958"><time>2026-04-26T05:52:07.567Z</time></trkpt>
      <trkpt lat="25.082359" lon="104.725958"><time>2026-04-26T05:52:07.584Z</time></trkpt>
      <trkpt lat="25.082359" lon="104.725958"><time>2026-04-26T05:52:07.601Z</time></trkpt>
      <trkpt lat="25.082359" lon="104.725958"><time>2026-04-26T05:52:07.617Z</time></trkpt>
      <trkpt lat="25.082359" lon="104.725958"><time>2026-04-26T05:52:07.634Z</time></trkpt>
      <trkpt lat="25.082359" lon="104.725958"><time>2026-04-26T05:52:07.651Z</time></trkpt>
      <trkpt lat="25.082347" lon="104.725947"><time>2026-04-26T05:52:07.667Z</time></trkpt>
      <trkpt lat="25.082347" lon="104.725947"><time>2026-04-26T05:52:07.684Z</time></trkpt>
      <trkpt lat="25.082347" lon="104.725947"><time>2026-04-26T05:52:07.701Z</time></trkpt>
      <trkpt lat="25.082347" lon="104.725947"><time>2026-04-26T05:52:07.717Z</time></trkpt>
      <trkpt lat="25.082347" lon="104.725947"><time>2026-04-26T05:52:07.734Z</time></trkpt>
      <trkpt lat="25.082347" lon="104.725947"><time>2026-04-26T05:52:07.751Z</time></trkpt>
      <trkpt lat="25.082336" lon="104.725936"><time>2026-04-26T05:52:07.767Z</time></trkpt>
      <trkpt lat="25.082336" lon="104.725936"><time>2026-04-26T05:52:07.784Z</time></trkpt>
      <trkpt lat="25.082336" lon="104.725936"><time>2026-04-26T05:52:07.801Z</time></trkpt>
      <trkpt lat="25.082336" lon="104.725936"><time>2026-04-26T05:52:07.817Z</time></trkpt>
      <trkpt lat="25.082336" lon="104.725936"><time>2026-04-26T05:52:07.834Z</time></trkpt>
      <trkpt lat="25.082336" lon="104.725936"><time>2026-04-26T05:52:07.851Z</time></trkpt>
      <trkpt lat="25.082326" lon="104.725925"><time>2026-04-26T05:52:07.868Z</time></trkpt>
      <trkpt lat="25.082326" lon="104.725925"><time>2026-04-26T05:52:07.884Z</time></trkpt>
      <trkpt lat="25.082326" lon="104.725925"><time>2026-04-26T05:52:07.901Z</time></trkpt>
      <trkpt lat="25.082326" lon="104.725925"><time>2026-04-26T05:52:07.918Z</time></trkpt>
      <trkpt lat="25.082326" lon="104.725925"><time>2026-04-26T05:52:07.934Z</time></trkpt>
      <trkpt lat="25.082326" lon="104.725925"><time>2026-04-26T05:52:07.951Z</time></trkpt>
      <trkpt lat="25.082317" lon="104.725913"><time>2026-04-26T05:52:07.968Z</time></trkpt>
      <trkpt lat="25.082317" lon="104.725913"><time>2026-04-26T05:52:07.984Z</time></trkpt>
      <trkpt lat="25.082317" lon="104.725913"><time>2026-04-26T05:52:08.001Z</time></trkpt>
      <trkpt lat="25.082317" lon="104.725913"><time>2026-04-26T05:52:08.018Z</time></trkpt>
      <trkpt lat="25.082317" lon="104.725913"><time>2026-04-26T05:52:08.034Z</time></trkpt>
      <trkpt lat="25.082317" lon="104.725913"><time>2026-04-26T05:52:08.051Z</time></trkpt>
      <trkpt lat="25.082308" lon="104.725901"><time>2026-04-26T05:52:08.068Z</time></trkpt>
      <trkpt lat="25.082308" lon="104.725901"><time>2026-04-26T05:52:08.084Z</time></trkpt>
      <trkpt lat="25.082308" lon="104.725901"><time>2026-04-26T05:52:08.101Z</time></trkpt>
      <trkpt lat="25.082308" lon="104.725901"><time>2026-04-26T05:52:08.118Z</time></trkpt>
      <trkpt lat="25.082308" lon="104.725901"><time>2026-04-26T05:52:08.134Z</time></trkpt>
      <trkpt lat="25.082308" lon="104.725901"><time>2026-04-26T05:52:08.151Z</time></trkpt>
      <trkpt lat="25.082301" lon="104.725889"><time>2026-04-26T05:52:08.168Z</time></trkpt>
      <trkpt lat="25.082301" lon="104.725889"><time>2026-04-26T05:52:08.184Z</time></trkpt>
      <trkpt lat="25.082301" lon="104.725889"><time>2026-04-26T05:52:08.201Z</time></trkpt>
      <trkpt lat="25.082301" lon="104.725889"><time>2026-04-26T05:52:08.218Z</time></trkpt>
      <trkpt lat="25.082301" lon="104.725889"><time>2026-04-26T05:52:08.235Z</time></trkpt>
      <trkpt lat="25.082301" lon="104.725889"><time>2026-04-26T05:52:08.251Z</time></trkpt>
      <trkpt lat="25.082293" lon="104.725876"><time>2026-04-26T05:52:08.268Z</time></trkpt>
      <trkpt lat="25.082293" lon="104.725876"><time>2026-04-26T05:52:08.285Z</time></trkpt>
      <trkpt lat="25.082293" lon="104.725876"><time>2026-04-26T05:52:08.301Z</time></trkpt>
      <trkpt lat="25.082293" lon="104.725876"><time>2026-04-26T05:52:08.318Z</time></trkpt>
      <trkpt lat="25.082293" lon="104.725876"><time>2026-04-26T05:52:08.335Z</time></trkpt>
      <trkpt lat="25.082293" lon="104.725876"><time>2026-04-26T05:52:08.351Z</time></trkpt>
      <trkpt lat="25.082286" lon="104.725864"><time>2026-04-26T05:52:08.368Z</time></trkpt>
      <trkpt lat="25.082286" lon="104.725864"><time>2026-04-26T05:52:08.385Z</time></trkpt>
      <trkpt lat="25.082286" lon="104.725864"><time>2026-04-26T05:52:08.401Z</time></trkpt>
      <trkpt lat="25.082286" lon="104.725864"><time>2026-04-26T05:52:08.418Z</time></trkpt>
      <trkpt lat="25.082286" lon="104.725864"><time>2026-04-26T05:52:08.435Z</time></trkpt>
      <trkpt lat="25.082286" lon="104.725864"><time>2026-04-26T05:52:08.451Z</time></trkpt>
      <trkpt lat="25.08228" lon="104.725851"><time>2026-04-26T05:52:08.468Z</time></trkpt>
      <trkpt lat="25.08228" lon="104.725851"><time>2026-04-26T05:52:08.485Z</time></trkpt>
      <trkpt lat="25.08228" lon="104.725851"><time>2026-04-26T05:52:08.501Z</time></trkpt>
      <trkpt lat="25.08228" lon="104.725851"><time>2026-04-26T05:52:08.518Z</time></trkpt>
      <trkpt lat="25.08228" lon="104.725851"><time>2026-04-26T05:52:08.535Z</time></trkpt>
      <trkpt lat="25.08228" lon="104.725851"><time>2026-04-26T05:52:08.552Z</time></trkpt>
      <trkpt lat="25.082274" lon="104.725838"><time>2026-04-26T05:52:08.568Z</time></trkpt>
      <trkpt lat="25.082274" lon="104.725838"><time>2026-04-26T05:52:08.585Z</time></trkpt>
      <trkpt lat="25.082274" lon="104.725838"><time>2026-04-26T05:52:08.602Z</time></trkpt>
      <trkpt lat="25.082274" lon="104.725838"><time>2026-04-26T05:52:08.618Z</time></trkpt>
      <trkpt lat="25.082274" lon="104.725838"><time>2026-04-26T05:52:08.635Z</time></trkpt>
      <trkpt lat="25.082274" lon="104.725838"><time>2026-04-26T05:52:08.652Z</time></trkpt>
      <trkpt lat="25.082269" lon="104.725825"><time>2026-04-26T05:52:08.668Z</time></trkpt>
      <trkpt lat="25.082269" lon="104.725825"><time>2026-04-26T05:52:08.685Z</time></trkpt>
      <trkpt lat="25.082269" lon="104.725825"><time>2026-04-26T05:52:08.702Z</time></trkpt>
      <trkpt lat="25.082269" lon="104.725825"><time>2026-04-26T05:52:08.718Z</time></trkpt>
      <trkpt lat="25.082269" lon="104.725825"><time>2026-04-26T05:52:08.735Z</time></trkpt>
      <trkpt lat="25.082269" lon="104.725825"><time>2026-04-26T05:52:08.752Z</time></trkpt>
      <trkpt lat="25.082264" lon="104.725812"><time>2026-04-26T05:52:08.768Z</time></trkpt>
      <trkpt lat="25.082264" lon="104.725812"><time>2026-04-26T05:52:08.785Z</time></trkpt>
      <trkpt lat="25.082264" lon="104.725812"><time>2026-04-26T05:52:08.802Z</time></trkpt>
      <trkpt lat="25.082264" lon="104.725812"><time>2026-04-26T05:52:08.818Z</time></trkpt>
      <trkpt lat="25.082264" lon="104.725812"><time>2026-04-26T05:52:08.835Z</time></trkpt>
      <trkpt lat="25.082264" lon="104.725812"><time>2026-04-26T05:52:08.852Z</time></trkpt>
      <trkpt lat="25.082259" lon="104.7258"><time>2026-04-26T05:52:08.869Z</time></trkpt>
      <trkpt lat="25.082259" lon="104.7258"><time>2026-04-26T05:52:08.885Z</time></trkpt>
      <trkpt lat="25.082259" lon="104.7258"><time>2026-04-26T05:52:08.902Z</time></trkpt>
      <trkpt lat="25.082259" lon="104.7258"><time>2026-04-26T05:52:08.919Z</time></trkpt>
      <trkpt lat="25.082259" lon="104.7258"><time>2026-04-26T05:52:08.935Z</time></trkpt>
      <trkpt lat="25.082259" lon="104.7258"><time>2026-04-26T05:52:08.952Z</time></trkpt>
      <trkpt lat="25.082254" lon="104.725786"><time>2026-04-26T05:52:08.969Z</time></trkpt>
      <trkpt lat="25.082254" lon="104.725786"><time>2026-04-26T05:52:08.985Z</time></trkpt>
      <trkpt lat="25.082254" lon="104.725786"><time>2026-04-26T05:52:09.002Z</time></trkpt>
      <trkpt lat="25.082254" lon="104.725786"><time>2026-04-26T05:52:09.019Z</time></trkpt>
      <trkpt lat="25.082254" lon="104.725786"><time>2026-04-26T05:52:09.035Z</time></trkpt>
      <trkpt lat="25.082254" lon="104.725786"><time>2026-04-26T05:52:09.052Z</time></trkpt>
      <trkpt lat="25.082249" lon="104.725774"><time>2026-04-26T05:52:09.069Z</time></trkpt>
      <trkpt lat="25.082249" lon="104.725774"><time>2026-04-26T05:52:09.085Z</time></trkpt>
      <trkpt lat="25.082249" lon="104.725774"><time>2026-04-26T05:52:09.102Z</time></trkpt>
      <trkpt lat="25.082249" lon="104.725774"><time>2026-04-26T05:52:09.119Z</time></trkpt>
      <trkpt lat="25.082249" lon="104.725774"><time>2026-04-26T05:52:09.135Z</time></trkpt>
      <trkpt lat="25.082249" lon="104.725774"><time>2026-04-26T05:52:09.152Z</time></trkpt>
      <trkpt lat="25.082243" lon="104.725762"><time>2026-04-26T05:52:09.169Z</time></trkpt>
      <trkpt lat="25.082243" lon="104.725762"><time>2026-04-26T05:52:09.186Z</time></trkpt>
      <trkpt lat="25.082243" lon="104.725762"><time>2026-04-26T05:52:09.202Z</time></trkpt>
      <trkpt lat="25.082243" lon="104.725762"><time>2026-04-26T05:52:09.219Z</time></trkpt>
      <trkpt lat="25.082243" lon="104.725762"><time>2026-04-26T05:52:09.236Z</time></trkpt>
      <trkpt lat="25.082243" lon="104.725762"><time>2026-04-26T05:52:09.252Z</time></trkpt>
      <trkpt lat="25.082237" lon="104.72575"><time>2026-04-26T05:52:09.269Z</time></trkpt>
      <trkpt lat="25.082237" lon="104.72575"><time>2026-04-26T05:52:09.286Z</time></trkpt>
      <trkpt lat="25.082237" lon="104.72575"><time>2026-04-26T05:52:09.302Z</time></trkpt>
      <trkpt lat="25.082237" lon="104.72575"><time>2026-04-26T05:52:09.319Z</time></trkpt>
      <trkpt lat="25.082237" lon="104.72575"><time>2026-04-26T05:52:09.336Z</time></trkpt>
      <trkpt lat="25.082237" lon="104.72575"><time>2026-04-26T05:52:09.352Z</time></trkpt>
      <trkpt lat="25.08223" lon="104.725738"><time>2026-04-26T05:52:09.369Z</time></trkpt>
      <trkpt lat="25.08223" lon="104.725738"><time>2026-04-26T05:52:09.386Z</time></trkpt>
      <trkpt lat="25.08223" lon="104.725738"><time>2026-04-26T05:52:09.402Z</time></trkpt>
      <trkpt lat="25.08223" lon="104.725738"><time>2026-04-26T05:52:09.419Z</time></trkpt>
      <trkpt lat="25.08223" lon="104.725738"><time>2026-04-26T05:52:09.436Z</time></trkpt>
      <trkpt lat="25.08223" lon="104.725738"><time>2026-04-26T05:52:09.452Z</time></trkpt>
      <trkpt lat="25.082224" lon="104.725727"><time>2026-04-26T05:52:09.469Z</time></trkpt>
      <trkpt lat="25.082224" lon="104.725727"><time>2026-04-26T05:52:09.486Z</time></trkpt>
      <trkpt lat="25.082224" lon="104.725727"><time>2026-04-26T05:52:09.503Z</time></trkpt>
      <trkpt lat="25.082224" lon="104.725727"><time>2026-04-26T05:52:09.519Z</time></trkpt>
      <trkpt lat="25.082224" lon="104.725727"><time>2026-04-26T05:52:09.536Z</time></trkpt>
      <trkpt lat="25.082217" lon="104.725715"><time>2026-04-26T05:52:09.553Z</time></trkpt>
      <trkpt lat="25.082217" lon="104.725715"><time>2026-04-26T05:52:09.569Z</time></trkpt>
      <trkpt lat="25.082217" lon="104.725715"><time>2026-04-26T05:52:09.586Z</time></trkpt>
      <trkpt lat="25.082217" lon="104.725715"><time>2026-04-26T05:52:09.603Z</time></trkpt>
      <trkpt lat="25.082217" lon="104.725715"><time>2026-04-26T05:52:09.619Z</time></trkpt>
      <trkpt lat="25.082217" lon="104.725715"><time>2026-04-26T05:52:09.636Z</time></trkpt>
      <trkpt lat="25.082217" lon="104.725715"><time>2026-04-26T05:52:09.653Z</time></trkpt>
      <trkpt lat="25.08221" lon="104.725703"><time>2026-04-26T05:52:09.669Z</time></trkpt>
      <trkpt lat="25.08221" lon="104.725703"><time>2026-04-26T05:52:09.686Z</time></trkpt>
      <trkpt lat="25.08221" lon="104.725703"><time>2026-04-26T05:52:09.703Z</time></trkpt>
      <trkpt lat="25.08221" lon="104.725703"><time>2026-04-26T05:52:09.719Z</time></trkpt>
      <trkpt lat="25.08221" lon="104.725703"><time>2026-04-26T05:52:09.736Z</time></trkpt>
      <trkpt lat="25.08221" lon="104.725703"><time>2026-04-26T05:52:09.753Z</time></trkpt>
      <trkpt lat="25.082202" lon="104.725692"><time>2026-04-26T05:52:09.769Z</time></trkpt>
      <trkpt lat="25.082202" lon="104.725692"><time>2026-04-26T05:52:09.786Z</time></trkpt>
      <trkpt lat="25.082202" lon="104.725692"><time>2026-04-26T05:52:09.803Z</time></trkpt>
      <trkpt lat="25.082202" lon="104.725692"><time>2026-04-26T05:52:09.820Z</time></trkpt>
      <trkpt lat="25.082202" lon="104.725692"><time>2026-04-26T05:52:09.836Z</time></trkpt>
      <trkpt lat="25.082195" lon="104.72568"><time>2026-04-26T05:52:09.853Z</time></trkpt>
      <trkpt lat="25.082195" lon="104.72568"><time>2026-04-26T05:52:09.870Z</time></trkpt>
      <trkpt lat="25.082195" lon="104.72568"><time>2026-04-26T05:52:09.886Z</time></trkpt>
      <trkpt lat="25.082195" lon="104.72568"><time>2026-04-26T05:52:09.903Z</time></trkpt>
      <trkpt lat="25.082195" lon="104.72568"><time>2026-04-26T05:52:09.920Z</time></trkpt>
      <trkpt lat="25.082195" lon="104.72568"><time>2026-04-26T05:52:09.936Z</time></trkpt>
      <trkpt lat="25.082195" lon="104.72568"><time>2026-04-26T05:52:09.953Z</time></trkpt>
      <trkpt lat="25.082188" lon="104.725668"><time>2026-04-26T05:52:09.970Z</time></trkpt>
      <trkpt lat="25.082188" lon="104.725668"><time>2026-04-26T05:52:09.986Z</time></trkpt>
      <trkpt lat="25.082188" lon="104.725668"><time>2026-04-26T05:52:10.003Z</time></trkpt>
      <trkpt lat="25.082188" lon="104.725668"><time>2026-04-26T05:52:10.020Z</time></trkpt>
      <trkpt lat="25.082188" lon="104.725668"><time>2026-04-26T05:52:10.036Z</time></trkpt>
      <trkpt lat="25.082182" lon="104.725655"><time>2026-04-26T05:52:10.053Z</time></trkpt>
      <trkpt lat="25.082182" lon="104.725655"><time>2026-04-26T05:52:10.070Z</time></trkpt>
      <trkpt lat="25.082182" lon="104.725655"><time>2026-04-26T05:52:10.086Z</time></trkpt>
      <trkpt lat="25.082182" lon="104.725655"><time>2026-04-26T05:52:10.103Z</time></trkpt>
      <trkpt lat="25.082182" lon="104.725655"><time>2026-04-26T05:52:10.120Z</time></trkpt>
      <trkpt lat="25.082182" lon="104.725655"><time>2026-04-26T05:52:10.137Z</time></trkpt>
      <trkpt lat="25.082176" lon="104.725642"><time>2026-04-26T05:52:10.153Z</time></trkpt>
      <trkpt lat="25.082176" lon="104.725642"><time>2026-04-26T05:52:10.170Z</time></trkpt>
      <trkpt lat="25.082176" lon="104.725642"><time>2026-04-26T05:52:10.187Z</time></trkpt>
      <trkpt lat="25.082176" lon="104.725642"><time>2026-04-26T05:52:10.203Z</time></trkpt>
      <trkpt lat="25.082176" lon="104.725642"><time>2026-04-26T05:52:10.220Z</time></trkpt>
      <trkpt lat="25.082176" lon="104.725642"><time>2026-04-26T05:52:10.237Z</time></trkpt>
      <trkpt lat="25.082171" lon="104.725628"><time>2026-04-26T05:52:10.253Z</time></trkpt>
      <trkpt lat="25.082171" lon="104.725628"><time>2026-04-26T05:52:10.270Z</time></trkpt>
      <trkpt lat="25.082171" lon="104.725628"><time>2026-04-26T05:52:10.287Z</time></trkpt>
      <trkpt lat="25.082171" lon="104.725628"><time>2026-04-26T05:52:10.303Z</time></trkpt>
      <trkpt lat="25.082171" lon="104.725628"><time>2026-04-26T05:52:10.320Z</time></trkpt>
      <trkpt lat="25.082171" lon="104.725628"><time>2026-04-26T05:52:10.337Z</time></trkpt>
      <trkpt lat="25.082167" lon="104.725614"><time>2026-04-26T05:52:10.353Z</time></trkpt>
      <trkpt lat="25.082167" lon="104.725614"><time>2026-04-26T05:52:10.370Z</time></trkpt>
      <trkpt lat="25.082167" lon="104.725614"><time>2026-04-26T05:52:10.387Z</time></trkpt>
      <trkpt lat="25.082167" lon="104.725614"><time>2026-04-26T05:52:10.403Z</time></trkpt>
      <trkpt lat="25.082167" lon="104.725614"><time>2026-04-26T05:52:10.420Z</time></trkpt>
      <trkpt lat="25.082167" lon="104.725614"><time>2026-04-26T05:52:10.437Z</time></trkpt>
      <trkpt lat="25.082163" lon="104.7256"><time>2026-04-26T05:52:10.454Z</time></trkpt>
      <trkpt lat="25.082163" lon="104.7256"><time>2026-04-26T05:52:10.470Z</time></trkpt>
      <trkpt lat="25.082163" lon="104.7256"><time>2026-04-26T05:52:10.487Z</time></trkpt>
      <trkpt lat="25.082163" lon="104.7256"><time>2026-04-26T05:52:10.504Z</time></trkpt>
      <trkpt lat="25.082163" lon="104.7256"><time>2026-04-26T05:52:10.520Z</time></trkpt>
      <trkpt lat="25.082163" lon="104.7256"><time>2026-04-26T05:52:10.537Z</time></trkpt>
      <trkpt lat="25.082159" lon="104.725586"><time>2026-04-26T05:52:10.554Z</time></trkpt>
      <trkpt lat="25.082159" lon="104.725586"><time>2026-04-26T05:52:10.570Z</time></trkpt>
      <trkpt lat="25.082159" lon="104.725586"><time>2026-04-26T05:52:10.587Z</time></trkpt>
      <trkpt lat="25.082159" lon="104.725586"><time>2026-04-26T05:52:10.604Z</time></trkpt>
      <trkpt lat="25.082159" lon="104.725586"><time>2026-04-26T05:52:10.620Z</time></trkpt>
      <trkpt lat="25.082159" lon="104.725586"><time>2026-04-26T05:52:10.637Z</time></trkpt>
      <trkpt lat="25.082156" lon="104.725572"><time>2026-04-26T05:52:10.654Z</time></trkpt>
      <trkpt lat="25.082156" lon="104.725572"><time>2026-04-26T05:52:10.670Z</time></trkpt>
      <trkpt lat="25.082156" lon="104.725572"><time>2026-04-26T05:52:10.687Z</time></trkpt>
      <trkpt lat="25.082156" lon="104.725572"><time>2026-04-26T05:52:10.704Z</time></trkpt>
      <trkpt lat="25.082156" lon="104.725572"><time>2026-04-26T05:52:10.720Z</time></trkpt>
      <trkpt lat="25.082156" lon="104.725572"><time>2026-04-26T05:52:10.737Z</time></trkpt>
      <trkpt lat="25.082153" lon="104.725559"><time>2026-04-26T05:52:10.754Z</time></trkpt>
      <trkpt lat="25.082153" lon="104.725559"><time>2026-04-26T05:52:10.771Z</time></trkpt>
      <trkpt lat="25.082153" lon="104.725559"><time>2026-04-26T05:52:10.787Z</time></trkpt>
      <trkpt lat="25.082153" lon="104.725559"><time>2026-04-26T05:52:10.804Z</time></trkpt>
      <trkpt lat="25.082153" lon="104.725559"><time>2026-04-26T05:52:10.821Z</time></trkpt>
      <trkpt lat="25.082153" lon="104.725559"><time>2026-04-26T05:52:10.837Z</time></trkpt>
      <trkpt lat="25.082151" lon="104.725545"><time>2026-04-26T05:52:10.854Z</time></trkpt>
      <trkpt lat="25.082151" lon="104.725545"><time>2026-04-26T05:52:10.871Z</time></trkpt>
      <trkpt lat="25.082151" lon="104.725545"><time>2026-04-26T05:52:10.887Z</time></trkpt>
      <trkpt lat="25.082151" lon="104.725545"><time>2026-04-26T05:52:10.904Z</time></trkpt>
      <trkpt lat="25.082151" lon="104.725545"><time>2026-04-26T05:52:10.921Z</time></trkpt>
      <trkpt lat="25.082151" lon="104.725545"><time>2026-04-26T05:52:10.937Z</time></trkpt>
      <trkpt lat="25.082149" lon="104.725531"><time>2026-04-26T05:52:10.954Z</time></trkpt>
      <trkpt lat="25.082149" lon="104.725531"><time>2026-04-26T05:52:10.971Z</time></trkpt>
      <trkpt lat="25.082149" lon="104.725531"><time>2026-04-26T05:52:10.987Z</time></trkpt>
      <trkpt lat="25.082149" lon="104.725531"><time>2026-04-26T05:52:11.004Z</time></trkpt>
      <trkpt lat="25.082149" lon="104.725531"><time>2026-04-26T05:52:11.021Z</time></trkpt>
      <trkpt lat="25.082149" lon="104.725531"><time>2026-04-26T05:52:11.037Z</time></trkpt>
      <trkpt lat="25.082148" lon="104.725518"><time>2026-04-26T05:52:11.054Z</time></trkpt>
      <trkpt lat="25.082148" lon="104.725518"><time>2026-04-26T05:52:11.071Z</time></trkpt>
      <trkpt lat="25.082148" lon="104.725518"><time>2026-04-26T05:52:11.088Z</time></trkpt>
      <trkpt lat="25.082148" lon="104.725518"><time>2026-04-26T05:52:11.104Z</time></trkpt>
      <trkpt lat="25.082148" lon="104.725518"><time>2026-04-26T05:52:11.121Z</time></trkpt>
      <trkpt lat="25.082148" lon="104.725518"><time>2026-04-26T05:52:11.138Z</time></trkpt>
      <trkpt lat="25.082148" lon="104.725504"><time>2026-04-26T05:52:11.154Z</time></trkpt>
      <trkpt lat="25.082148" lon="104.725504"><time>2026-04-26T05:52:11.171Z</time></trkpt>
      <trkpt lat="25.082148" lon="104.725504"><time>2026-04-26T05:52:11.188Z</time></trkpt>
      <trkpt lat="25.082148" lon="104.725504"><time>2026-04-26T05:52:11.204Z</time></trkpt>
      <trkpt lat="25.082148" lon="104.725504"><time>2026-04-26T05:52:11.221Z</time></trkpt>
      <trkpt lat="25.082148" lon="104.725504"><time>2026-04-26T05:52:11.238Z</time></trkpt>
      <trkpt lat="25.082148" lon="104.72549"><time>2026-04-26T05:52:11.254Z</time></trkpt>
      <trkpt lat="25.082148" lon="104.72549"><time>2026-04-26T05:52:11.271Z</time></trkpt>
      <trkpt lat="25.082148" lon="104.72549"><time>2026-04-26T05:52:11.288Z</time></trkpt>
      <trkpt lat="25.082148" lon="104.72549"><time>2026-04-26T05:52:11.304Z</time></trkpt>
      <trkpt lat="25.082148" lon="104.72549"><time>2026-04-26T05:52:11.321Z</time></trkpt>
      <trkpt lat="25.082148" lon="104.72549"><time>2026-04-26T05:52:11.338Z</time></trkpt>
      <trkpt lat="25.082148" lon="104.725477"><time>2026-04-26T05:52:11.354Z</time></trkpt>
      <trkpt lat="25.082148" lon="104.725477"><time>2026-04-26T05:52:11.371Z</time></trkpt>
      <trkpt lat="25.082148" lon="104.725477"><time>2026-04-26T05:52:11.388Z</time></trkpt>
      <trkpt lat="25.082148" lon="104.725477"><time>2026-04-26T05:52:11.405Z</time></trkpt>
      <trkpt lat="25.082148" lon="104.725477"><time>2026-04-26T05:52:11.421Z</time></trkpt>
      <trkpt lat="25.082148" lon="104.725477"><time>2026-04-26T05:52:11.438Z</time></trkpt>
      <trkpt lat="25.082148" lon="104.725477"><time>2026-04-26T05:52:11.455Z</time></trkpt>
      <trkpt lat="25.082149" lon="104.725463"><time>2026-04-26T05:52:11.471Z</time></trkpt>
      <trkpt lat="25.082149" lon="104.725463"><time>2026-04-26T05:52:11.488Z</time></trkpt>
      <trkpt lat="25.082149" lon="104.725463"><time>2026-04-26T05:52:11.505Z</time></trkpt>
      <trkpt lat="25.082149" lon="104.725463"><time>2026-04-26T05:52:11.521Z</time></trkpt>
      <trkpt lat="25.082149" lon="104.725463"><time>2026-04-26T05:52:11.538Z</time></trkpt>
      <trkpt lat="25.082151" lon="104.72545"><time>2026-04-26T05:52:11.555Z</time></trkpt>
      <trkpt lat="25.082151" lon="104.72545"><time>2026-04-26T05:52:11.571Z</time></trkpt>
      <trkpt lat="25.082151" lon="104.72545"><time>2026-04-26T05:52:11.588Z</time></trkpt>
      <trkpt lat="25.082151" lon="104.72545"><time>2026-04-26T05:52:11.605Z</time></trkpt>
      <trkpt lat="25.082151" lon="104.72545"><time>2026-04-26T05:52:11.621Z</time></trkpt>
      <trkpt lat="25.082151" lon="104.72545"><time>2026-04-26T05:52:11.638Z</time></trkpt>
      <trkpt lat="25.082152" lon="104.725436"><time>2026-04-26T05:52:11.655Z</time></trkpt>
      <trkpt lat="25.082152" lon="104.725436"><time>2026-04-26T05:52:11.671Z</time></trkpt>
      <trkpt lat="25.082152" lon="104.725436"><time>2026-04-26T05:52:11.688Z</time></trkpt>
      <trkpt lat="25.082152" lon="104.725436"><time>2026-04-26T05:52:11.705Z</time></trkpt>
      <trkpt lat="25.082152" lon="104.725436"><time>2026-04-26T05:52:11.722Z</time></trkpt>
      <trkpt lat="25.082152" lon="104.725436"><time>2026-04-26T05:52:11.738Z</time></trkpt>
      <trkpt lat="25.082155" lon="104.725422"><time>2026-04-26T05:52:11.755Z</time></trkpt>
      <trkpt lat="25.082155" lon="104.725422"><time>2026-04-26T05:52:11.772Z</time></trkpt>
      <trkpt lat="25.082155" lon="104.725422"><time>2026-04-26T05:52:11.788Z</time></trkpt>
      <trkpt lat="25.082155" lon="104.725422"><time>2026-04-26T05:52:11.805Z</time></trkpt>
      <trkpt lat="25.082155" lon="104.725422"><time>2026-04-26T05:52:11.822Z</time></trkpt>
      <trkpt lat="25.082155" lon="104.725422"><time>2026-04-26T05:52:11.838Z</time></trkpt>
      <trkpt lat="25.082158" lon="104.725408"><time>2026-04-26T05:52:11.855Z</time></trkpt>
      <trkpt lat="25.082158" lon="104.725408"><time>2026-04-26T05:52:11.872Z</time></trkpt>
      <trkpt lat="25.082158" lon="104.725408"><time>2026-04-26T05:52:11.888Z</time></trkpt>
      <trkpt lat="25.082158" lon="104.725408"><time>2026-04-26T05:52:11.905Z</time></trkpt>
    </trkseg>
  </trk>
</gpx>
