<?xml version="1.0" encoding="UTF-8"?>
<gpx version="1.1" creator="Kairos" xmlns="http://www.topografix.com/GPX/1/1">
  <trk>
    <name>sidecar-srt-91a0799af728ab34</name>
    <trkseg>
      <trkpt lat="28.021199" lon="98.622538"><time>2026-04-28T11:13:24.000Z</time></trkpt>
      <trkpt lat="28.021199" lon="98.622538"><time>2026-04-28T11:13:24.016Z</time></trkpt>
      <trkpt lat="28.021199" lon="98.622538"><time>2026-04-28T11:13:24.032Z</time></trkpt>
      <trkpt lat="28.021199" lon="98.622538"><time>2026-04-28T11:13:24.049Z</time></trkpt>
      <trkpt lat="28.021199" lon="98.622538"><time>2026-04-28T11:13:24.066Z</time></trkpt>
      <trkpt lat="28.021199" lon="98.622538"><time>2026-04-28T11:13:24.082Z</time></trkpt>
      <trkpt lat="28.021211" lon="98.622536"><time>2026-04-28T11:13:24.099Z</time></trkpt>
      <trkpt lat="28.021211" lon="98.622536"><time>2026-04-28T11:13:24.116Z</time></trkpt>
      <trkpt lat="28.021211" lon="98.622536"><time>2026-04-28T11:13:24.132Z</time></trkpt>
      <trkpt lat="28.021211" lon="98.622536"><time>2026-04-28T11:13:24.149Z</time></trkpt>
      <trkpt lat="28.021211" lon="98.622536"><time>2026-04-28T11:13:24.166Z</time></trkpt>
      <trkpt lat="28.021211" lon="98.622536"><time>2026-04-28T11:13:24.182Z</time></trkpt>
      <trkpt lat="28.021222" lon="98.622532"><time>2026-04-28T11:13:24.199Z</time></trkpt>
      <trkpt lat="28.021222" lon="98.622532"><time>2026-04-28T11:13:24.216Z</time></trkpt>
      <trkpt lat="28.021222" lon="98.622532"><time>2026-04-28T11:13:24.232Z</time></trkpt>
      <trkpt lat="28.021222" lon="98.622532"><time>2026-04-28T11:13:24.249Z</time></trkpt>
      <trkpt lat="28.021222" lon="98.622532"><time>2026-04-28T11:13:24.266Z</time></trkpt>
      <trkpt lat="28.021222" lon="98.622532"><time>2026-04-28T11:13:24.282Z</time></trkpt>
      <trkpt lat="28.021234" lon="98.622528"><time>2026-04-28T11:13:24.299Z</time></trkpt>
      <trkpt lat="28.021234" lon="98.622528"><time>2026-04-28T11:13:24.316Z</time></trkpt>
      <trkpt lat="28.021234" lon="98.622528"><time>2026-04-28T11:13:24.333Z</time></trkpt>
      <trkpt lat="28.021234" lon="98.622528"><time>2026-04-28T11:13:24.349Z</time></trkpt>
      <trkpt lat="28.021234" lon="98.622528"><time>2026-04-28T11:13:24.366Z</time></trkpt>
      <trkpt lat="28.021234" lon="98.622528"><time>2026-04-28T11:13:24.383Z</time></trkpt>
      <trkpt lat="28.021246" lon="98.622524"><time>2026-04-28T11:13:24.399Z</time></trkpt>
      <trkpt lat="28.021246" lon="98.622524"><time>2026-04-28T11:13:24.416Z</time></trkpt>
      <trkpt lat="28.021246" lon="98.622524"><time>2026-04-28T11:13:24.433Z</time></trkpt>
      <trkpt lat="28.021246" lon="98.622524"><time>2026-04-28T11:13:24.449Z</time></trkpt>
      <trkpt lat="28.021246" lon="98.622524"><time>2026-04-28T11:13:24.466Z</time></trkpt>
      <trkpt lat="28.021246" lon="98.622524"><time>2026-04-28T11:13:24.483Z</time></trkpt>
      <trkpt lat="28.021259" lon="98.62252"><time>2026-04-28T11:13:24.499Z</time></trkpt>
      <trkpt lat="28.021259" lon="98.62252"><time>2026-04-28T11:13:24.516Z</time></trkpt>
      <trkpt lat="28.021259" lon="98.62252"><time>2026-04-28T11:13:24.533Z</time></trkpt>
      <trkpt lat="28.021259" lon="98.62252"><time>2026-04-28T11:13:24.549Z</time></trkpt>
      <trkpt lat="28.021259" lon="98.62252"><time>2026-04-28T11:13:24.566Z</time></trkpt>
      <trkpt lat="28.021259" lon="98.62252"><time>2026-04-28T11:13:24.583Z</time></trkpt>
      <trkpt lat="28.021271" lon="98.622515"><time>2026-04-28T11:13:24.599Z</time></trkpt>
      <trkpt lat="28.021271" lon="98.622515"><time>2026-04-28T11:13:24.616Z</time></trkpt>
      <trkpt lat="28.021271" lon="98.622515"><time>2026-04-28T11:13:24.633Z</time></trkpt>
      <trkpt lat="28.021271" lon="98.622515"><time>2026-04-28T11:13:24.650Z</time></trkpt>
      <trkpt lat="28.021271" lon="98.622515"><time>2026-04-28T11:13:24.666Z</time></trkpt>
      <trkpt lat="28.021271" lon="98.622515"><time>2026-04-28T11:13:24.683Z</time></trkpt>
      <trkpt lat="28.021284" lon="98.622511"><time>2026-04-28T11:13:24.700Z</time></trkpt>
      <trkpt lat="28.021284" lon="98.622511"><time>2026-04-28T11:13:24.716Z</time></trkpt>
      <trkpt lat="28.021284" lon="98.622511"><time>2026-04-28T11:13:24.733Z</time></trkpt>
      <trkpt lat="28.021284" lon="98.622511"><time>2026-04-28T11:13:24.750Z</time></trkpt>
      <trkpt lat="28.021284" lon="98.622511"><time>2026-04-28T11:13:24.766Z</time></trkpt>
      <trkpt lat="28.021284" lon="98.622511"><time>2026-04-28T11:13:24.783Z</time></trkpt>
      <trkpt lat="28.021297" lon="98.622507"><time>2026-04-28T11:13:24.800Z</time></trkpt>
      <trkpt lat="28.021297" lon="98.622507"><time>2026-04-28T11:13:24.816Z</time></trkpt>
      <trkpt lat="28.021297" lon="98.622507"><time>2026-04-28T11:13:24.833Z</time></trkpt>
      <trkpt lat="28.021297" lon="98.622507"><time>2026-04-28T11:13:24.850Z</time></trkpt>
      <trkpt lat="28.021297" lon="98.622507"><time>2026-04-28T11:13:24.866Z</time></trkpt>
      <trkpt lat="28.021297" lon="98.622507"><time>2026-04-28T11:13:24.883Z</time></trkpt>
      <trkpt lat="28.02131" lon="98.622503"><time>2026-04-28T11:13:24.900Z</time></trkpt>
      <trkpt lat="28.02131" lon="98.622503"><time>2026-04-28T11:13:24.916Z</time></trkpt>
      <trkpt lat="28.02131" lon="98.622503"><time>2026-04-28T11:13:24.933Z</time></trkpt>
      <trkpt lat="28.02131" lon="98.622503"><time>2026-04-28T11:13:24.950Z</time></trkpt>
      <trkpt lat="28.02131" lon="98.622503"><time>2026-04-28T11:13:24.967Z</time></trkpt>
      <trkpt lat="28.02131" lon="98.622503"><time>2026-04-28T11:13:24.983Z</time></trkpt>
      <trkpt lat="28.021323" lon="98.622499"><time>2026-04-28T11:13:25.000Z</time></trkpt>
      <trkpt lat="28.021323" lon="98.622499"><time>2026-04-28T11:13:25.017Z</time></trkpt>
      <trkpt lat="28.021323" lon="98.622499"><time>2026-04-28T11:13:25.033Z</time></trkpt>
      <trkpt lat="28.021323" lon="98.622499"><time>2026-04-28T11:13:25.050Z</time></trkpt>
      <trkpt lat="28.021323" lon="98.622499"><time>2026-04-28T11:13:25.067Z</time></trkpt>
      <trkpt lat="28.021323" lon="98.622499"><time>2026-04-28T11:13:25.083Z</time></trkpt>
      <trkpt lat="28.021335" lon="98.622495"><time>2026-04-28T11:13:25.100Z</time></trkpt>
      <trkpt lat="28.021335" lon="98.622495"><time>2026-04-28T11:13:25.117Z</time></trkpt>
      <trkpt lat="28.021335" lon="98.622495"><time>2026-04-28T11:13:25.133Z</time></trkpt>
      <trkpt lat="28.021335" lon="98.622495"><time>2026-04-28T11:13:25.150Z</time></trkpt>
      <trkpt lat="28.021335" lon="98.622495"><time>2026-04-28T11:13:25.167Z</time></trkpt>
      <trkpt lat="28.021335" lon="98.622495"><time>2026-04-28T11:13:25.183Z</time></trkpt>
      <trkpt lat="28.021348" lon="98.622491"><time>2026-04-28T11:13:25.200Z</time></trkpt>
      <trkpt lat="28.021348" lon="98.622491"><time>2026-04-28T11:13:25.217Z</time></trkpt>
      <trkpt lat="28.021348" lon="98.622491"><time>2026-04-28T11:13:25.233Z</time></trkpt>
      <trkpt lat="28.021348" lon="98.622491"><time>2026-04-28T11:13:25.250Z</time></trkpt>
      <trkpt lat="28.021348" lon="98.622491"><time>2026-04-28T11:13:25.267Z</time></trkpt>
      <trkpt lat="28.021348" lon="98.622491"><time>2026-04-28T11:13:25.283Z</time></trkpt>
      <trkpt lat="28.02136" lon="98.622488"><time>2026-04-28T11:13:25.300Z</time></trkpt>
      <trkpt lat="28.02136" lon="98.622488"><time>2026-04-28T11:13:25.317Z</time></trkpt>
      <trkpt lat="28.02136" lon="98.622488"><time>2026-04-28T11:13:25.334Z</time></trkpt>
      <trkpt lat="28.02136" lon="98.622488"><time>2026-04-28T11:13:25.350Z</time></trkpt>
      <trkpt lat="28.02136" lon="98.622488"><time>2026-04-28T11:13:25.367Z</time></trkpt>
      <trkpt lat="28.02136" lon="98.622488"><time>2026-04-28T11:13:25.384Z</time></trkpt>
      <trkpt lat="28.021371" lon="98.622485"><time>2026-04-28T11:13:25.400Z</time></trkpt>
      <trkpt lat="28.021371" lon="98.622485"><time>2026-04-28T11:13:25.417Z</time></trkpt>
      <trkpt lat="28.021371" lon="98.622485"><time>2026-04-28T11:13:25.434Z</time></trkpt>
      <trkpt lat="28.021371" lon="98.622485"><time>2026-04-28T11:13:25.450Z</time></trkpt>
      <trkpt lat="28.021371" lon="98.622485"><time>2026-04-28T11:13:25.467Z</time></trkpt>
      <trkpt lat="28.021371" lon="98.622485"><time>2026-04-28T11:13:25.484Z</time></trkpt>
      <trkpt lat="28.021381" lon="98.622482"><time>2026-04-28T11:13:25.500Z</time></trkpt>
      <trkpt lat="28.021381" lon="98.622482"><time>2026-04-28T11:13:25.517Z</time></trkpt>
      <trkpt lat="28.021381" lon="98.622482"><time>2026-04-28T11:13:25.534Z</time></trkpt>
      <trkpt lat="28.021381" lon="98.622482"><time>2026-04-28T11:13:25.550Z</time></trkpt>
      <trkpt lat="28.021381" lon="98.622482"><time>2026-04-28T11:13:25.567Z</time></trkpt>
      <trkpt lat="28.021381" lon="98.622482"><time>2026-04-28T11:13:25.584Z</time></trkpt>
      <trkpt lat="28.021391" lon="98.622479"><time>2026-04-28T11:13:25.600Z</time></trkpt>
      <trkpt lat="28.021391" lon="98.622479"><time>2026-04-28T11:13:25.617Z</time></trkpt>
      <trkpt lat="28.021391" lon="98.622479"><time>2026-04-28T11:13:25.634Z</time></trkpt>
      <trkpt lat="28.021391" lon="98.622479"><time>2026-04-28T11:13:25.651Z</time></trkpt>
      <trkpt lat="28.021391" lon="98.622479"><time>2026-04-28T11:13:25.667Z</time></trkpt>
      <trkpt lat="28.021391" lon="98.622479"><time>2026-04-28T11:13:25.684Z</time></trkpt>
      <trkpt lat="28.021401" lon="98.622477"><time>2026-04-28T11:13:25.701Z</time></trkpt>
      <trkpt lat="28.021401" lon="98.622477"><time>2026-04-28T11:13:25.717Z</time></trkpt>
      <trkpt lat="28.021401" lon="98.622477"><time>2026-04-28T11:13:25.734Z</time></trkpt>
      <trkpt lat="28.021401" lon="98.622477"><time>2026-04-28T11:13:25.751Z</time></trkpt>
      <trkpt lat="28.021401" lon="98.622477"><time>2026-04-28T11:13:25.767Z</time></trkpt>
      <trkpt lat="28.021401" lon="98.622477"><time>2026-04-28T11:13:25.784Z</time></trkpt>
      <trkpt lat="28.021411" lon="98.622474"><time>2026-04-28T11:13:25.801Z</time></trkpt>
      <trkpt lat="28.021411" lon="98.622474"><time>2026-04-28T11:13:25.817Z</time></trkpt>
      <trkpt lat="28.021411" lon="98.622474"><time>2026-04-28T11:13:25.834Z</time></trkpt>
      <trkpt lat="28.021411" lon="98.622474"><time>2026-04-28T11:13:25.851Z</time></trkpt>
      <trkpt lat="28.021411" lon="98.622474"><time>2026-04-28T11:13:25.867Z</time></trkpt>
      <trkpt lat="28.021411" lon="98.622474"><time>2026-04-28T11:13:25.884Z</time></trkpt>
      <trkpt lat="28.02142" lon="98.622473"><time>2026-04-28T11:13:25.901Z</time></trkpt>
      <trkpt lat="28.02142" lon="98.622473"><time>2026-04-28T11:13:25.917Z</time></trkpt>
      <trkpt lat="28.02142" lon="98.622473"><time>2026-04-28T11:13:25.934Z</time></trkpt>
      <trkpt lat="28.02142" lon="98.622473"><time>2026-04-28T11:13:25.951Z</time></trkpt>
      <trkpt lat="28.02142" lon="98.622473"><time>2026-04-28T11:13:25.968Z</time></trkpt>
      <trkpt lat="28.02142" lon="98.622473"><time>2026-04-28T11:13:25.984Z</time></trkpt>
      <trkpt lat="28.021429" lon="98.622472"><time>2026-04-28T11:13:26.001Z</time></trkpt>
      <trkpt lat="28.021429" lon="98.622472"><time>2026-04-28T11:13:26.018Z</time></trkpt>
      <trkpt lat="28.021429" lon="98.622472"><time>2026-04-28T11:13:26.034Z</time></trkpt>
      <trkpt lat="28.021429" lon="98.622472"><time>2026-04-28T11:13:26.051Z</time></trkpt>
      <trkpt lat="28.021429" lon="98.622472"><time>2026-04-28T11:13:26.068Z</time></trkpt>
      <trkpt lat="28.021429" lon="98.622472"><time>2026-04-28T11:13:26.084Z</time></trkpt>
      <trkpt lat="28.021438" lon="98.622472"><time>2026-04-28T11:13:26.101Z</time></trkpt>
      <trkpt lat="28.021438" lon="98.622472"><time>2026-04-28T11:13:26.118Z</time></trkpt>
      <trkpt lat="28.021438" lon="98.622472"><time>2026-04-28T11:13:26.134Z</time></trkpt>
      <trkpt lat="28.021438" lon="98.622472"><time>2026-04-28T11:13:26.151Z</time></trkpt>
      <trkpt lat="28.021438" lon="98.622472"><time>2026-04-28T11:13:26.168Z</time></trkpt>
      <trkpt lat="28.021438" lon="98.622472"><time>2026-04-28T11:13:26.184Z</time></trkpt>
      <trkpt lat="28.021446" lon="98.622472"><time>2026-04-28T11:13:26.201Z</time></trkpt>
      <trkpt lat="28.021446" lon="98.622472"><time>2026-04-28T11:13:26.218Z</time></trkpt>
      <trkpt lat="28.021446" lon="98.622472"><time>2026-04-28T11:13:26.234Z</time></trkpt>
      <trkpt lat="28.021446" lon="98.622472"><time>2026-04-28T11:13:26.251Z</time></trkpt>
      <trkpt lat="28.021446" lon="98.622472"><time>2026-04-28T11:13:26.268Z</time></trkpt>
      <trkpt lat="28.021446" lon="98.622472"><time>2026-04-28T11:13:26.285Z</time></trkpt>
      <trkpt lat="28.021455" lon="98.622473"><time>2026-04-28T11:13:26.301Z</time></trkpt>
      <trkpt lat="28.021455" lon="98.622473"><time>2026-04-28T11:13:26.318Z</time></trkpt>
      <trkpt lat="28.021455" lon="98.622473"><time>2026-04-28T11:13:26.335Z</time></trkpt>
      <trkpt lat="28.021455" lon="98.622473"><time>2026-04-28T11:13:26.351Z</time></trkpt>
      <trkpt lat="28.021455" lon="98.622473"><time>2026-04-28T11:13:26.368Z</time></trkpt>
      <trkpt lat="28.021455" lon="98.622473"><time>2026-04-28T11:13:26.385Z</time></trkpt>
      <trkpt lat="28.021463" lon="98.622474"><time>2026-04-28T11:13:26.401Z</time></trkpt>
      <trkpt lat="28.021463" lon="98.622474"><time>2026-04-28T11:13:26.418Z</time></trkpt>
      <trkpt lat="28.021463" lon="98.622474"><time>2026-04-28T11:13:26.435Z</time></trkpt>
      <trkpt lat="28.021463" lon="98.622474"><time>2026-04-28T11:13:26.451Z</time></trkpt>
      <trkpt lat="28.021463" lon="98.622474"><time>2026-04-28T11:13:26.468Z</time></trkpt>
      <trkpt lat="28.021463" lon="98.622474"><time>2026-04-28T11:13:26.485Z</time></trkpt>
      <trkpt lat="28.02147" lon="98.622475"><time>2026-04-28T11:13:26.501Z</time></trkpt>
      <trkpt lat="28.02147" lon="98.622475"><time>2026-04-28T11:13:26.518Z</time></trkpt>
      <trkpt lat="28.02147" lon="98.622475"><time>2026-04-28T11:13:26.535Z</time></trkpt>
      <trkpt lat="28.02147" lon="98.622475"><time>2026-04-28T11:13:26.551Z</time></trkpt>
      <trkpt lat="28.02147" lon="98.622475"><time>2026-04-28T11:13:26.568Z</time></trkpt>
      <trkpt lat="28.02147" lon="98.622475"><time>2026-04-28T11:13:26.585Z</time></trkpt>
      <trkpt lat="28.021478" lon="98.622478"><time>2026-04-28T11:13:26.602Z</time></trkpt>
      <trkpt lat="28.021478" lon="98.622478"><time>2026-04-28T11:13:26.618Z</time></trkpt>
      <trkpt lat="28.021478" lon="98.622478"><time>2026-04-28T11:13:26.635Z</time></trkpt>
      <trkpt lat="28.021478" lon="98.622478"><time>2026-04-28T11:13:26.652Z</time></trkpt>
      <trkpt lat="28.021478" lon="98.622478"><time>2026-04-28T11:13:26.668Z</time></trkpt>
      <trkpt lat="28.021478" lon="98.622478"><time>2026-04-28T11:13:26.685Z</time></trkpt>
      <trkpt lat="28.021485" lon="98.62248"><time>2026-04-28T11:13:26.702Z</time></trkpt>
      <trkpt lat="28.021485" lon="98.62248"><time>2026-04-28T11:13:26.718Z</time></trkpt>
      <trkpt lat="28.021485" lon="98.62248"><time>2026-04-28T11:13:26.735Z</time></trkpt>
      <trkpt lat="28.021485" lon="98.62248"><time>2026-04-28T11:13:26.752Z</time></trkpt>
      <trkpt lat="28.021485" lon="98.62248"><time>2026-04-28T11:13:26.768Z</time></trkpt>
      <trkpt lat="28.021485" lon="98.62248"><time>2026-04-28T11:13:26.785Z</time></trkpt>
      <trkpt lat="28.021492" lon="98.622483"><time>2026-04-28T11:13:26.802Z</time></trkpt>
      <trkpt lat="28.021492" lon="98.622483"><time>2026-04-28T11:13:26.818Z</time></trkpt>
      <trkpt lat="28.021492" lon="98.622483"><time>2026-04-28T11:13:26.835Z</time></trkpt>
      <trkpt lat="28.021492" lon="98.622483"><time>2026-04-28T11:13:26.852Z</time></trkpt>
      <trkpt lat="28.021492" lon="98.622483"><time>2026-04-28T11:13:26.868Z</time></trkpt>
      <trkpt lat="28.021492" lon="98.622483"><time>2026-04-28T11:13:26.885Z</time></trkpt>
      <trkpt lat="28.021499" lon="98.622487"><time>2026-04-28T11:13:26.902Z</time></trkpt>
      <trkpt lat="28.021499" lon="98.622487"><time>2026-04-28T11:13:26.919Z</time></trkpt>
      <trkpt lat="28.021499" lon="98.622487"><time>2026-04-28T11:13:26.935Z</time></trkpt>
      <trkpt lat="28.021499" lon="98.622487"><time>2026-04-28T11:13:26.952Z</time></trkpt>
      <trkpt lat="28.021499" lon="98.622487"><time>2026-04-28T11:13:26.969Z</time></trkpt>
      <trkpt lat="28.021499" lon="98.622487"><time>2026-04-28T11:13:26.985Z</time></trkpt>
      <trkpt lat="28.021506" lon="98.622491"><time>2026-04-28T11:13:27.002Z</time></trkpt>
      <trkpt lat="28.021506" lon="98.622491"><time>2026-04-28T11:13:27.019Z</time></trkpt>
      <trkpt lat="28.021506" lon="98.622491"><time>2026-04-28T11:13:27.035Z</time></trkpt>
      <trkpt lat="28.021506" lon="98.622491"><time>2026-04-28T11:13:27.052Z</time></trkpt>
      <trkpt lat="28.021506" lon="98.622491"><time>2026-04-28T11:13:27.069Z</time></trkpt>
      <trkpt lat="28.021506" lon="98.622491"><time>2026-04-28T11:13:27.085Z</time></trkpt>
      <trkpt lat="28.021512" lon="98.622495"><time>2026-04-28T11:13:27.102Z</time></trkpt>
      <trkpt lat="28.021512" lon="98.622495"><time>2026-04-28T11:13:27.119Z</time></trkpt>
      <trkpt lat="28.021512" lon="98.622495"><time>2026-04-28T11:13:27.135Z</time></trkpt>
      <trkpt lat="28.021512" lon="98.622495"><time>2026-04-28T11:13:27.152Z</time></trkpt>
      <trkpt lat="28.021512" lon="98.622495"><time>2026-04-28T11:13:27.169Z</time></trkpt>
      <trkpt lat="28.021512" lon="98.622495"><time>2026-04-28T11:13:27.185Z</time></trkpt>
      <trkpt lat="28.021519" lon="98.6225"><time>2026-04-28T11:13:27.202Z</time></trkpt>
      <trkpt lat="28.021519" lon="98.6225"><time>2026-04-28T11:13:27.219Z</time></trkpt>
      <trkpt lat="28.021519" lon="98.6225"><time>2026-04-28T11:13:27.236Z</time></trkpt>
      <trkpt lat="28.021519" lon="98.6225"><time>2026-04-28T11:13:27.252Z</time></trkpt>
      <trkpt lat="28.021519" lon="98.6225"><time>2026-04-28T11:13:27.269Z</time></trkpt>
      <trkpt lat="28.021519" lon="98.6225"><time>2026-04-28T11:13:27.286Z</time></trkpt>
      <trkpt lat="28.021525" lon="98.622505"><time>2026-04-28T11:13:27.302Z</time></trkpt>
      <trkpt lat="28.021525" lon="98.622505"><time>2026-04-28T11:13:27.319Z</time></trkpt>
      <trkpt lat="28.021525" lon="98.622505"><time>2026-04-28T11:13:27.336Z</time></trkpt>
      <trkpt lat="28.021525" lon="98.622505"><time>2026-04-28T11:13:27.352Z</time></trkpt>
      <trkpt lat="28.021525" lon="98.622505"><time>2026-04-28T11:13:27.369Z</time></trkpt>
      <trkpt lat="28.021525" lon="98.622505"><time>2026-04-28T11:13:27.386Z</time></trkpt>
      <trkpt lat="28.021531" lon="98.622511"><time>2026-04-28T11:13:27.402Z</time></trkpt>
      <trkpt lat="28.021531" lon="98.622511"><time>2026-04-28T11:13:27.419Z</time></trkpt>
      <trkpt lat="28.021531" lon="98.622511"><time>2026-04-28T11:13:27.436Z</time></trkpt>
      <trkpt lat="28.021531" lon="98.622511"><time>2026-04-28T11:13:27.452Z</time></trkpt>
      <trkpt lat="28.021531" lon="98.622511"><time>2026-04-28T11:13:27.469Z</time></trkpt>
      <trkpt lat="28.021531" lon="98.622511"><time>2026-04-28T11:13:27.486Z</time></trkpt>
      <trkpt lat="28.021537" lon="98.622517"><time>2026-04-28T11:13:27.502Z</time></trkpt>
      <trkpt lat="28.021537" lon="98.622517"><time>2026-04-28T11:13:27.519Z</time></trkpt>
      <trkpt lat="28.021537" lon="98.622517"><time>2026-04-28T11:13:27.536Z</time></trkpt>
      <trkpt lat="28.021537" lon="98.622517"><time>2026-04-28T11:13:27.553Z</time></trkpt>
      <trkpt lat="28.021537" lon="98.622517"><time>2026-04-28T11:13:27.569Z</time></trkpt>
      <trkpt lat="28.021537" lon="98.622517"><time>2026-04-28T11:13:27.586Z</time></trkpt>
      <trkpt lat="28.021542" lon="98.622523"><time>2026-04-28T11:13:27.603Z</time></trkpt>
      <trkpt lat="28.021542" lon="98.622523"><time>2026-04-28T11:13:27.619Z</time></trkpt>
      <trkpt lat="28.021542" lon="98.622523"><time>2026-04-28T11:13:27.636Z</time></trkpt>
      <trkpt lat="28.021542" lon="98.622523"><time>2026-04-28T11:13:27.653Z</time></trkpt>
      <trkpt lat="28.021542" lon="98.622523"><time>2026-04-28T11:13:27.669Z</time></trkpt>
      <trkpt lat="28.021542" lon="98.622523"><time>2026-04-28T11:13:27.686Z</time></trkpt>
      <trkpt lat="28.021548" lon="98.62253"><time>2026-04-28T11:13:27.703Z</time></trkpt>
      <trkpt lat="28.021548" lon="98.62253"><time>2026-04-28T11:13:27.719Z</time></trkpt>
      <trkpt lat="28.021548" lon="98.62253"><time>2026-04-28T11:13:27.736Z</time></trkpt>
      <trkpt lat="28.021548" lon="98.62253"><time>2026-04-28T11:13:27.753Z</time></trkpt>
      <trkpt lat="28.021548" lon="98.62253"><time>2026-04-28T11:13:27.769Z</time></trkpt>
      <trkpt lat="28.021548" lon="98.62253"><time>2026-04-28T11:13:27.786Z</time></trkpt>
      <trkpt lat="28.021554" lon="98.622537"><time>2026-04-28T11:13:27.803Z</time></trkpt>
      <trkpt lat="28.021554" lon="98.622537"><time>2026-04-28T11:13:27.819Z</time></trkpt>
      <trkpt lat="28.021554" lon="98.622537"><time>2026-04-28T11:13:27.836Z</time></trkpt>
      <trkpt lat="28.021554" lon="98.622537"><time>2026-04-28T11:13:27.853Z</time></trkpt>
      <trkpt lat="28.021554" lon="98.622537"><time>2026-04-28T11:13:27.870Z</time></trkpt>
      <trkpt lat="28.021554" lon="98.622537"><time>2026-04-28T11:13:27.886Z</time></trkpt>
      <trkpt lat="28.02156" lon="98.622544"><time>2026-04-28T11:13:27.903Z</time></trkpt>
      <trkpt lat="28.02156" lon="98.622544"><time>2026-04-28T11:13:27.920Z</time></trkpt>
      <trkpt lat="28.02156" lon="98.622544"><time>2026-04-28T11:13:27.936Z</time></trkpt>
      <trkpt lat="28.02156" lon="98.622544"><time>2026-04-28T11:13:27.953Z</time></trkpt>
      <trkpt lat="28.02156" lon="98.622544"><time>2026-04-28T11:13:27.970Z</time></trkpt>
      <trkpt lat="28.02156" lon="98.622544"><time>2026-04-28T11:13:27.986Z</time></trkpt>
      <trkpt lat="28.021566" lon="98.622552"><time>2026-04-28T11:13:28.003Z</time></trkpt>
      <trkpt lat="28.021566" lon="98.622552"><time>2026-04-28T11:13:28.020Z</time></trkpt>
      <trkpt lat="28.021566" lon="98.622552"><time>2026-04-28T11:13:28.036Z</time></trkpt>
      <trkpt lat="28.021566" lon="98.622552"><time>2026-04-28T11:13:28.053Z</time></trkpt>
      <trkpt lat="28.021566" lon="98.622552"><time>2026-04-28T11:13:28.070Z</time></trkpt>
      <trkpt lat="28.021566" lon="98.622552"><time>2026-04-28T11:13:28.086Z</time></trkpt>
      <trkpt lat="28.021572" lon="98.62256"><time>2026-04-28T11:13:28.103Z</time></trkpt>
      <trkpt lat="28.021572" lon="98.62256"><time>2026-04-28T11:13:28.120Z</time></trkpt>
      <trkpt lat="28.021572" lon="98.62256"><time>2026-04-28T11:13:28.136Z</time></trkpt>
      <trkpt lat="28.021572" lon="98.62256"><time>2026-04-28T11:13:28.153Z</time></trkpt>
      <trkpt lat="28.021572" lon="98.62256"><time>2026-04-28T11:13:28.170Z</time></trkpt>
      <trkpt lat="28.021572" lon="98.62256"><time>2026-04-28T11:13:28.187Z</time></trkpt>
      <trkpt lat="28.021579" lon="98.622569"><time>2026-04-28T11:13:28.203Z</time></trkpt>
      <trkpt lat="28.021579" lon="98.622569"><time>2026-04-28T11:13:28.220Z</time></trkpt>
      <trkpt lat="28.021579" lon="98.622569"><time>2026-04-28T11:13:28.237Z</time></trkpt>
      <trkpt lat="28.021579" lon="98.622569"><time>2026-04-28T11:13:28.253Z</time></trkpt>
      <trkpt lat="28.021579" lon="98.622569"><time>2026-04-28T11:13:28.270Z</time></trkpt>
      <trkpt lat="28.021579" lon="98.622569"><time>2026-04-28T11:13:28.287Z</time></trkpt>
      <trkpt lat="28.021585" lon="98.622577"><time>2026-04-28T11:13:28.303Z</time></trkpt>
      <trkpt lat="28.021585" lon="98.622577"><time>2026-04-28T11:13:28.320Z</time></trkpt>
      <trkpt lat="28.021585" lon="98.622577"><time>2026-04-28T11:13:28.337Z</time></trkpt>
      <trkpt lat="28.021585" lon="98.622577"><time>2026-04-28T11:13:28.353Z</time></trkpt>
      <trkpt lat="28.021585" lon="98.622577"><time>2026-04-28T11:13:28.370Z</time></trkpt>
      <trkpt lat="28.021585" lon="98.622577"><time>2026-04-28T11:13:28.387Z</time></trkpt>
      <trkpt lat="28.021592" lon="98.622586"><time>2026-04-28T11:13:28.403Z</time></trkpt>
      <trkpt lat="28.021592" lon="98.622586"><time>2026-04-28T11:13:28.420Z</time></trkpt>
      <trkpt lat="28.021592" lon="98.622586"><time>2026-04-28T11:13:28.437Z</time></trkpt>
      <trkpt lat="28.021592" lon="98.622586"><time>2026-04-28T11:13:28.453Z</time></trkpt>
      <trkpt lat="28.021592" lon="98.622586"><time>2026-04-28T11:13:28.470Z</time></trkpt>
      <trkpt lat="28.021592" lon="98.622586"><time>2026-04-28T11:13:28.487Z</time></trkpt>
      <trkpt lat="28.021598" lon="98.622596"><time>2026-04-28T11:13:28.504Z</time></trkpt>
      <trkpt lat="28.021598" lon="98.622596"><time>2026-04-28T11:13:28.520Z</time></trkpt>
      <trkpt lat="28.021598" lon="98.622596"><time>2026-04-28T11:13:28.537Z</time></trkpt>
      <trkpt lat="28.021598" lon="98.622596"><time>2026-04-28T11:13:28.554Z</time></trkpt>
      <trkpt lat="28.021598" lon="98.622596"><time>2026-04-28T11:13:28.570Z</time></trkpt>
      <trkpt lat="28.021598" lon="98.622596"><time>2026-04-28T11:13:28.587Z</time></trkpt>
      <trkpt lat="28.021605" lon="98.622605"><time>2026-04-28T11:13:28.604Z</time></trkpt>
      <trkpt lat="28.021605" lon="98.622605"><time>2026-04-28T11:13:28.620Z</time></trkpt>
      <trkpt lat="28.021605" lon="98.622605"><time>2026-04-28T11:13:28.637Z</time></trkpt>
      <trkpt lat="28.021605" lon="98.622605"><time>2026-04-28T11:13:28.654Z</time></trkpt>
      <trkpt lat="28.021605" lon="98.622605"><time>2026-04-28T11:13:28.670Z</time></trkpt>
      <trkpt lat="28.021605" lon="98.622605"><time>2026-04-28T11:13:28.687Z</time></trkpt>
      <trkpt lat="28.021612" lon="98.622615"><time>2026-04-28T11:13:28.704Z</time></trkpt>
      <trkpt lat="28.021612" lon="98.622615"><time>2026-04-28T11:13:28.720Z</time></trkpt>
      <trkpt lat="28.021612" lon="98.622615"><time>2026-04-28T11:13:28.737Z</time></trkpt>
      <trkpt lat="28.021612" lon="98.622615"><time>2026-04-28T11:13:28.754Z</time></trkpt>
      <trkpt lat="28.021612" lon="98.622615"><time>2026-04-28T11:13:28.770Z</time></trkpt>
      <trkpt lat="28.021612" lon="98.622615"><time>2026-04-28T11:13:28.787Z</time></trkpt>
      <trkpt lat="28.02162" lon="98.622625"><time>2026-04-28T11:13:28.804Z</time></trkpt>
      <trkpt lat="28.02162" lon="98.622625"><time>2026-04-28T11:13:28.821Z</time></trkpt>
      <trkpt lat="28.02162" lon="98.622625"><time>2026-04-28T11:13:28.837Z</time></trkpt>
      <trkpt lat="28.02162" lon="98.622625"><time>2026-04-28T11:13:28.854Z</time></trkpt>
      <trkpt lat="28.02162" lon="98.622625"><time>2026-04-28T11:13:28.871Z</time></trkpt>
      <trkpt lat="28.02162" lon="98.622625"><time>2026-04-28T11:13:28.887Z</time></trkpt>
      <trkpt lat="28.021627" lon="98.622635"><time>2026-04-28T11:13:28.904Z</time></trkpt>
      <trkpt lat="28.021627" lon="98.622635"><time>2026-04-28T11:13:28.921Z</time></trkpt>
      <trkpt lat="28.021627" lon="98.622635"><time>2026-04-28T11:13:28.937Z</time></trkpt>
      <trkpt lat="28.021627" lon="98.622635"><time>2026-04-28T11:13:28.954Z</time></trkpt>
      <trkpt lat="28.021627" lon="98.622635"><time>2026-04-28T11:13:28.971Z</time></trkpt>
      <trkpt lat="28.021627" lon="98.622635"><time>2026-04-28T11:13:28.987Z</time></trkpt>
      <trkpt lat="28.021634" lon="98.622645"><time>2026-04-28T11:13:29.004Z</time></trkpt>
      <trkpt lat="28.021634" lon="98.622645"><time>2026-04-28T11:13:29.021Z</time></trkpt>
      <trkpt lat="28.021634" lon="98.622645"><time>2026-04-28T11:13:29.037Z</time></trkpt>
      <trkpt lat="28.021634" lon="98.622645"><time>2026-04-28T11:13:29.054Z</time></trkpt>
      <trkpt lat="28.021634" lon="98.622645"><time>2026-04-28T11:13:29.071Z</time></trkpt>
      <trkpt lat="28.021634" lon="98.622645"><time>2026-04-28T11:13:29.087Z</time></trkpt>
      <trkpt lat="28.021642" lon="98.622655"><time>2026-04-28T11:13:29.104Z</time></trkpt>
      <trkpt lat="28.021642" lon="98.622655"><time>2026-04-28T11:13:29.121Z</time></trkpt>
      <trkpt lat="28.021642" lon="98.622655"><time>2026-04-28T11:13:29.138Z</time></trkpt>
      <trkpt lat="28.021642" lon="98.622655"><time>2026-04-28T11:13:29.154Z</time></trkpt>
      <trkpt lat="28.021642" lon="98.622655"><time>2026-04-28T11:13:29.171Z</time></trkpt>
      <trkpt lat="28.021642" lon="98.622655"><time>2026-04-28T11:13:29.188Z</time></trkpt>
      <trkpt lat="28.021649" lon="98.622667"><time>2026-04-28T11:13:29.204Z</time></trkpt>
      <trkpt lat="28.021649" lon="98.622667"><time>2026-04-28T11:13:29.221Z</time></trkpt>
      <trkpt lat="28.021649" lon="98.622667"><time>2026-04-28T11:13:29.238Z</time></trkpt>
      <trkpt lat="28.021649" lon="98.622667"><time>2026-04-28T11:13:29.254Z</time></trkpt>
      <trkpt lat="28.021649" lon="98.622667"><time>2026-04-28T11:13:29.271Z</time></trkpt>
      <trkpt lat="28.021649" lon="98.622667"><time>2026-04-28T11:13:29.288Z</time></trkpt>
      <trkpt lat="28.021657" lon="98.622677"><time>2026-04-28T11:13:29.304Z</time></trkpt>
      <trkpt lat="28.021657" lon="98.622677"><time>2026-04-28T11:13:29.321Z</time></trkpt>
      <trkpt lat="28.021657" lon="98.622677"><time>2026-04-28T11:13:29.338Z</time></trkpt>
      <trkpt lat="28.021657" lon="98.622677"><time>2026-04-28T11:13:29.354Z</time></trkpt>
      <trkpt lat="28.021657" lon="98.622677"><time>2026-04-28T11:13:29.371Z</time></trkpt>
      <trkpt lat="28.021657" lon="98.622677"><time>2026-04-28T11:13:29.388Z</time></trkpt>
      <trkpt lat="28.021665" lon="98.622688"><time>2026-04-28T11:13:29.404Z</time></trkpt>
      <trkpt lat="28.021665" lon="98.622688"><time>2026-04-28T11:13:29.421Z</time></trkpt>
      <trkpt lat="28.021665" lon="98.622688"><time>2026-04-28T11:13:29.438Z</time></trkpt>
      <trkpt lat="28.021665" lon="98.622688"><time>2026-04-28T11:13:29.455Z</time></trkpt>
      <trkpt lat="28.021665" lon="98.622688"><time>2026-04-28T11:13:29.471Z</time></trkpt>
      <trkpt lat="28.021665" lon="98.622688"><time>2026-04-28T11:13:29.488Z</time></trkpt>
      <trkpt lat="28.021672" lon="98.622698"><time>2026-04-28T11:13:29.505Z</time></trkpt>
      <trkpt lat="28.021672" lon="98.622698"><time>2026-04-28T11:13:29.521Z</time></trkpt>
      <trkpt lat="28.021672" lon="98.622698"><time>2026-04-28T11:13:29.538Z</time></trkpt>
      <trkpt lat="28.021672" lon="98.622698"><time>2026-04-28T11:13:29.555Z</time></trkpt>
      <trkpt lat="28.021672" lon="98.622698"><time>2026-04-28T11:13:29.571Z</time></trkpt>
      <trkpt lat="28.021672" lon="98.622698"><time>2026-04-28T11:13:29.588Z</time></trkpt>
      <trkpt lat="28.021681" lon="98.622708"><time>2026-04-28T11:13:29.605Z</time></trkpt>
      <trkpt lat="28.021681" lon="98.622708"><time>2026-04-28T11:13:29.621Z</time></trkpt>
      <trkpt lat="28.021681" lon="98.622708"><time>2026-04-28T11:13:29.638Z</time></trkpt>
      <trkpt lat="28.021681" lon="98.622708"><time>2026-04-28T11:13:29.655Z</time></trkpt>
      <trkpt lat="28.021681" lon="98.622708"><time>2026-04-28T11:13:29.671Z</time></trkpt>
      <trkpt lat="28.021681" lon="98.622708"><time>2026-04-28T11:13:29.688Z</time></trkpt>
      <trkpt lat="28.021689" lon="98.622719"><time>2026-04-28T11:13:29.705Z</time></trkpt>
      <trkpt lat="28.021689" lon="98.622719"><time>2026-04-28T11:13:29.721Z</time></trkpt>
      <trkpt lat="28.021689" lon="98.622719"><time>2026-04-28T11:13:29.738Z</time></trkpt>
      <trkpt lat="28.021689" lon="98.622719"><time>2026-04-28T11:13:29.755Z</time></trkpt>
      <trkpt lat="28.021689" lon="98.622719"><time>2026-04-28T11:13:29.772Z</time></trkpt>
      <trkpt lat="28.021689" lon="98.622719"><time>2026-04-28T11:13:29.788Z</time></trkpt>
      <trkpt lat="28.021697" lon="98.622729"><time>2026-04-28T11:13:29.805Z</time></trkpt>
      <trkpt lat="28.021697" lon="98.622729"><time>2026-04-28T11:13:29.822Z</time></trkpt>
      <trkpt lat="28.021697" lon="98.622729"><time>2026-04-28T11:13:29.838Z</time></trkpt>
      <trkpt lat="28.021697" lon="98.622729"><time>2026-04-28T11:13:29.855Z</time></trkpt>
      <trkpt lat="28.021697" lon="98.622729"><time>2026-04-28T11:13:29.872Z</time></trkpt>
      <trkpt lat="28.021697" lon="98.622729"><time>2026-04-28T11:13:29.888Z</time></trkpt>
      <trkpt lat="28.021705" lon="98.62274"><time>2026-04-28T11:13:29.905Z</time></trkpt>
      <trkpt lat="28.021705" lon="98.62274"><time>2026-04-28T11:13:29.922Z</time></trkpt>
      <trkpt lat="28.021705" lon="98.62274"><time>2026-04-28T11:13:29.938Z</time></trkpt>
      <trkpt lat="28.021705" lon="98.62274"><time>2026-04-28T11:13:29.955Z</time></trkpt>
      <trkpt lat="28.021705" lon="98.62274"><time>2026-04-28T11:13:29.972Z</time></trkpt>
      <trkpt lat="28.021705" lon="98.62274"><time>2026-04-28T11:13:29.988Z</time></trkpt>
      <trkpt lat="28.021714" lon="98.62275"><time>2026-04-28T11:13:30.005Z</time></trkpt>
      <trkpt lat="28.021714" lon="98.62275"><time>2026-04-28T11:13:30.022Z</time></trkpt>
      <trkpt lat="28.021714" lon="98.62275"><time>2026-04-28T11:13:30.038Z</time></trkpt>
      <trkpt lat="28.021714" lon="98.62275"><time>2026-04-28T11:13:30.055Z</time></trkpt>
      <trkpt lat="28.021714" lon="98.62275"><time>2026-04-28T11:13:30.072Z</time></trkpt>
      <trkpt lat="28.021714" lon="98.62275"><time>2026-04-28T11:13:30.089Z</time></trkpt>
      <trkpt lat="28.021723" lon="98.622761"><time>2026-04-28T11:13:30.105Z</time></trkpt>
      <trkpt lat="28.021723" lon="98.622761"><time>2026-04-28T11:13:30.122Z</time></trkpt>
      <trkpt lat="28.021723" lon="98.622761"><time>2026-04-28T11:13:30.139Z</time></trkpt>
      <trkpt lat="28.021723" lon="98.622761"><time>2026-04-28T11:13:30.155Z</time></trkpt>
      <trkpt lat="28.021723" lon="98.622761"><time>2026-04-28T11:13:30.172Z</time></trkpt>
      <trkpt lat="28.021723" lon="98.622761"><time>2026-04-28T11:13:30.189Z</time></trkpt>
      <trkpt lat="28.021731" lon="98.622772"><time>2026-04-28T11:13:30.205Z</time></trkpt>
      <trkpt lat="28.021731" lon="98.622772"><time>2026-04-28T11:13:30.222Z</time></trkpt>
      <trkpt lat="28.021731" lon="98.622772"><time>2026-04-28T11:13:30.239Z</time></trkpt>
      <trkpt lat="28.021731" lon="98.622772"><time>2026-04-28T11:13:30.255Z</time></trkpt>
      <trkpt lat="28.021731" lon="98.622772"><time>2026-04-28T11:13:30.272Z</time></trkpt>
      <trkpt lat="28.021731" lon="98.622772"><time>2026-04-28T11:13:30.289Z</time></trkpt>
      <trkpt lat="28.02174" lon="98.622782"><time>2026-04-28T11:13:30.305Z</time></trkpt>
      <trkpt lat="28.02174" lon="98.622782"><time>2026-04-28T11:13:30.322Z</time></trkpt>
      <trkpt lat="28.02174" lon="98.622782"><time>2026-04-28T11:13:30.339Z</time></trkpt>
      <trkpt lat="28.02174" lon="98.622782"><time>2026-04-28T11:13:30.355Z</time></trkpt>
      <trkpt lat="28.02174" lon="98.622782"><time>2026-04-28T11:13:30.372Z</time></trkpt>
      <trkpt lat="28.02174" lon="98.622782"><time>2026-04-28T11:13:30.389Z</time></trkpt>
      <trkpt lat="28.021749" lon="98.622793"><time>2026-04-28T11:13:30.406Z</time></trkpt>
      <trkpt lat="28.021749" lon="98.622793"><time>2026-04-28T11:13:30.422Z</time></trkpt>
      <trkpt lat="28.021749" lon="98.622793"><time>2026-04-28T11:13:30.439Z</time></trkpt>
      <trkpt lat="28.021749" lon="98.622793"><time>2026-04-28T11:13:30.456Z</time></trkpt>
      <trkpt lat="28.021749" lon="98.622793"><time>2026-04-28T11:13:30.472Z</time></trkpt>
      <trkpt lat="28.021749" lon="98.622793"><time>2026-04-28T11:13:30.489Z</time></trkpt>
      <trkpt lat="28.021758" lon="98.622804"><time>2026-04-28T11:13:30.506Z</time></trkpt>
      <trkpt lat="28.021758" lon="98.622804"><time>2026-04-28T11:13:30.522Z</time></trkpt>
      <trkpt lat="28.021758" lon="98.622804"><time>2026-04-28T11:13:30.539Z</time></trkpt>
      <trkpt lat="28.021758" lon="98.622804"><time>2026-04-28T11:13:30.556Z</time></trkpt>
      <trkpt lat="28.021758" lon="98.622804"><time>2026-04-28T11:13:30.572Z</time></trkpt>
      <trkpt lat="28.021758" lon="98.622804"><time>2026-04-28T11:13:30.589Z</time></trkpt>
      <trkpt lat="28.021767" lon="98.622814"><time>2026-04-28T11:13:30.606Z</time></trkpt>
      <trkpt lat="28.021767" lon="98.622814"><time>2026-04-28T11:13:30.622Z</time></trkpt>
      <trkpt lat="28.021767" lon="98.622814"><time>2026-04-28T11:13:30.639Z</time></trkpt>
      <trkpt lat="28.021767" lon="98.622814"><time>2026-04-28T11:13:30.656Z</time></trkpt>
      <trkpt lat="28.021767" lon="98.622814"><time>2026-04-28T11:13:30.672Z</time></trkpt>
      <trkpt lat="28.021767" lon="98.622814"><time>2026-04-28T11:13:30.689Z</time></trkpt>
      <trkpt lat="28.021777" lon="98.622825"><time>2026-04-28T11:13:30.706Z</time></trkpt>
      <trkpt lat="28.021777" lon="98.622825"><time>2026-04-28T11:13:30.723Z</time></trkpt>
      <trkpt lat="28.021777" lon="98.622825"><time>2026-04-28T11:13:30.739Z</time></trkpt>
      <trkpt lat="28.021777" lon="98.622825"><time>2026-04-28T11:13:30.756Z</time></trkpt>
      <trkpt lat="28.021777" lon="98.622825"><time>2026-04-28T11:13:30.773Z</time></trkpt>
      <trkpt lat="28.021777" lon="98.622825"><time>2026-04-28T11:13:30.789Z</time></trkpt>
      <trkpt lat="28.021786" lon="98.622836"><time>2026-04-28T11:13:30.806Z</time></trkpt>
      <trkpt lat="28.021786" lon="98.622836"><time>2026-04-28T11:13:30.823Z</time></trkpt>
      <trkpt lat="28.021786" lon="98.622836"><time>2026-04-28T11:13:30.839Z</time></trkpt>
      <trkpt lat="28.021786" lon="98.622836"><time>2026-04-28T11:13:30.856Z</time></trkpt>
      <trkpt lat="28.021786" lon="98.622836"><time>2026-04-28T11:13:30.873Z</time></trkpt>
      <trkpt lat="28.021786" lon="98.622836"><time>2026-04-28T11:13:30.889Z</time></trkpt>
      <trkpt lat="28.021796" lon="98.622846"><time>2026-04-28T11:13:30.906Z</time></trkpt>
      <trkpt lat="28.021796" lon="98.622846"><time>2026-04-28T11:13:30.923Z</time></trkpt>
      <trkpt lat="28.021796" lon="98.622846"><time>2026-04-28T11:13:30.939Z</time></trkpt>
      <trkpt lat="28.021796" lon="98.622846"><time>2026-04-28T11:13:30.956Z</time></trkpt>
      <trkpt lat="28.021796" lon="98.622846"><time>2026-04-28T11:13:30.973Z</time></trkpt>
      <trkpt lat="28.021796" lon="98.622846"><time>2026-04-28T11:13:30.989Z</time></trkpt>
      <trkpt lat="28.021805" lon="98.622857"><time>2026-04-28T11:13:31.006Z</time></trkpt>
      <trkpt lat="28.021805" lon="98.622857"><time>2026-04-28T11:13:31.023Z</time></trkpt>
      <trkpt lat="28.021805" lon="98.622857"><time>2026-04-28T11:13:31.040Z</time></trkpt>
      <trkpt lat="28.021805" lon="98.622857"><time>2026-04-28T11:13:31.056Z</time></trkpt>
      <trkpt lat="28.021805" lon="98.622857"><time>2026-04-28T11:13:31.073Z</time></trkpt>
      <trkpt lat="28.021805" lon="98.622857"><time>2026-04-28T11:13:31.090Z</time></trkpt>
      <trkpt lat="28.021815" lon="98.622867"><time>2026-04-28T11:13:31.106Z</time></trkpt>
      <trkpt lat="28.021815" lon="98.622867"><time>2026-04-28T11:13:31.123Z</time></trkpt>
      <trkpt lat="28.021815" lon="98.622867"><time>2026-04-28T11:13:31.140Z</time></trkpt>
      <trkpt lat="28.021815" lon="98.622867"><time>2026-04-28T11:13:31.156Z</time></trkpt>
      <trkpt lat="28.021815" lon="98.622867"><time>2026-04-28T11:13:31.173Z</time></trkpt>
      <trkpt lat="28.021815" lon="98.622867"><time>2026-04-28T11:13:31.190Z</time></trkpt>
      <trkpt lat="28.021824" lon="98.622878"><time>2026-04-28T11:13:31.206Z</time></trkpt>
      <trkpt lat="28.021824" lon="98.622878"><time>2026-04-28T11:13:31.223Z</time></trkpt>
      <trkpt lat="28.021824" lon="98.622878"><time>2026-04-28T11:13:31.240Z</time></trkpt>
      <trkpt lat="28.021824" lon="98.622878"><time>2026-04-28T11:13:31.256Z</time></trkpt>
      <trkpt lat="28.021824" lon="98.622878"><time>2026-04-28T11:13:31.273Z</time></trkpt>
      <trkpt lat="28.021824" lon="98.622878"><time>2026-04-28T11:13:31.290Z</time></trkpt>
      <trkpt lat="28.021834" lon="98.622888"><time>2026-04-28T11:13:31.306Z</time></trkpt>
      <trkpt lat="28.021834" lon="98.622888"><time>2026-04-28T11:13:31.323Z</time></trkpt>
      <trkpt lat="28.021834" lon="98.622888"><time>2026-04-28T11:13:31.340Z</time></trkpt>
      <trkpt lat="28.021834" lon="98.622888"><time>2026-04-28T11:13:31.357Z</time></trkpt>
      <trkpt lat="28.021834" lon="98.622888"><time>2026-04-28T11:13:31.373Z</time></trkpt>
      <trkpt lat="28.021834" lon="98.622888"><time>2026-04-28T11:13:31.390Z</time></trkpt>
      <trkpt lat="28.021844" lon="98.622899"><time>2026-04-28T11:13:31.407Z</time></trkpt>
      <trkpt lat="28.021844" lon="98.622899"><time>2026-04-28T11:13:31.423Z</time></trkpt>
      <trkpt lat="28.021844" lon="98.622899"><time>2026-04-28T11:13:31.440Z</time></trkpt>
      <trkpt lat="28.021844" lon="98.622899"><time>2026-04-28T11:13:31.457Z</time></trkpt>
      <trkpt lat="28.021844" lon="98.622899"><time>2026-04-28T11:13:31.473Z</time></trkpt>
      <trkpt lat="28.021844" lon="98.622899"><time>2026-04-28T11:13:31.490Z</time></trkpt>
      <trkpt lat="28.021854" lon="98.622909"><time>2026-04-28T11:13:31.507Z</time></trkpt>
      <trkpt lat="28.021854" lon="98.622909"><time>2026-04-28T11:13:31.523Z</time></trkpt>
      <trkpt lat="28.021854" lon="98.622909"><time>2026-04-28T11:13:31.540Z</time></trkpt>
      <trkpt lat="28.021854" lon="98.622909"><time>2026-04-28T11:13:31.557Z</time></trkpt>
      <trkpt lat="28.021854" lon="98.622909"><time>2026-04-28T11:13:31.573Z</time></trkpt>
      <trkpt lat="28.021854" lon="98.622909"><time>2026-04-28T11:13:31.590Z</time></trkpt>
      <trkpt lat="28.021864" lon="98.62292"><time>2026-04-28T11:13:31.607Z</time></trkpt>
      <trkpt lat="28.021864" lon="98.62292"><time>2026-04-28T11:13:31.623Z</time></trkpt>
      <trkpt lat="28.021864" lon="98.62292"><time>2026-04-28T11:13:31.640Z</time></trkpt>
      <trkpt lat="28.021864" lon="98.62292"><time>2026-04-28T11:13:31.657Z</time></trkpt>
      <trkpt lat="28.021864" lon="98.62292"><time>2026-04-28T11:13:31.674Z</time></trkpt>
      <trkpt lat="28.021864" lon="98.62292"><time>2026-04-28T11:13:31.690Z</time></trkpt>
      <trkpt lat="28.021875" lon="98.62293"><time>2026-04-28T11:13:31.707Z</time></trkpt>
      <trkpt lat="28.021875" lon="98.62293"><time>2026-04-28T11:13:31.724Z</time></trkpt>
      <trkpt lat="28.021875" lon="98.62293"><time>2026-04-28T11:13:31.740Z</time></trkpt>
      <trkpt lat="28.021875" lon="98.62293"><time>2026-04-28T11:13:31.757Z</time></trkpt>
      <trkpt lat="28.021875" lon="98.62293"><time>2026-04-28T11:13:31.774Z</time></trkpt>
      <trkpt lat="28.021875" lon="98.62293"><time>2026-04-28T11:13:31.790Z</time></trkpt>
      <trkpt lat="28.021885" lon="98.622941"><time>2026-04-28T11:13:31.807Z</time></trkpt>
      <trkpt lat="28.021885" lon="98.622941"><time>2026-04-28T11:13:31.824Z</time></trkpt>
      <trkpt lat="28.021885" lon="98.622941"><time>2026-04-28T11:13:31.840Z</time></trkpt>
      <trkpt lat="28.021885" lon="98.622941"><time>2026-04-28T11:13:31.857Z</time></trkpt>
      <trkpt lat="28.021885" lon="98.622941"><time>2026-04-28T11:13:31.874Z</time></trkpt>
      <trkpt lat="28.021885" lon="98.622941"><time>2026-04-28T11:13:31.890Z</time></trkpt>
      <trkpt lat="28.021895" lon="98.622951"><time>2026-04-28T11:13:31.907Z</time></trkpt>
      <trkpt lat="28.021895" lon="98.622951"><time>2026-04-28T11:13:31.924Z</time></trkpt>
      <trkpt lat="28.021895" lon="98.622951"><time>2026-04-28T11:13:31.940Z</time></trkpt>
      <trkpt lat="28.021895" lon="98.622951"><time>2026-04-28T11:13:31.957Z</time></trkpt>
      <trkpt lat="28.021895" lon="98.622951"><time>2026-04-28T11:13:31.974Z</time></trkpt>
      <trkpt lat="28.021895" lon="98.622951"><time>2026-04-28T11:13:31.990Z</time></trkpt>
      <trkpt lat="28.021906" lon="98.622962"><time>2026-04-28T11:13:32.007Z</time></trkpt>
      <trkpt lat="28.021906" lon="98.622962"><time>2026-04-28T11:13:32.024Z</time></trkpt>
      <trkpt lat="28.021906" lon="98.622962"><time>2026-04-28T11:13:32.041Z</time></trkpt>
      <trkpt lat="28.021906" lon="98.622962"><time>2026-04-28T11:13:32.057Z</time></trkpt>
      <trkpt lat="28.021906" lon="98.622962"><time>2026-04-28T11:13:32.074Z</time></trkpt>
      <trkpt lat="28.021906" lon="98.622962"><time>2026-04-28T11:13:32.091Z</time></trkpt>
      <trkpt lat="28.021916" lon="98.622972"><time>2026-04-28T11:13:32.107Z</time></trkpt>
      <trkpt lat="28.021916" lon="98.622972"><time>2026-04-28T11:13:32.124Z</time></trkpt>
      <trkpt lat="28.021916" lon="98.622972"><time>2026-04-28T11:13:32.141Z</time></trkpt>
      <trkpt lat="28.021916" lon="98.622972"><time>2026-04-28T11:13:32.157Z</time></trkpt>
      <trkpt lat="28.021916" lon="98.622972"><time>2026-04-28T11:13:32.174Z</time></trkpt>
      <trkpt lat="28.021916" lon="98.622972"><time>2026-04-28T11:13:32.191Z</time></trkpt>
      <trkpt lat="28.021927" lon="98.622983"><time>2026-04-28T11:13:32.207Z</time></trkpt>
      <trkpt lat="28.021927" lon="98.622983"><time>2026-04-28T11:13:32.224Z</time></trkpt>
      <trkpt lat="28.021927" lon="98.622983"><time>2026-04-28T11:13:32.241Z</time></trkpt>
      <trkpt lat="28.021927" lon="98.622983"><time>2026-04-28T11:13:32.257Z</time></trkpt>
      <trkpt lat="28.021927" lon="98.622983"><time>2026-04-28T11:13:32.274Z</time></trkpt>
      <trkpt lat="28.021927" lon="98.622983"><time>2026-04-28T11:13:32.291Z</time></trkpt>
      <trkpt lat="28.021937" lon="98.622993"><time>2026-04-28T11:13:32.307Z</time></trkpt>
      <trkpt lat="28.021937" lon="98.622993"><time>2026-04-28T11:13:32.324Z</time></trkpt>
      <trkpt lat="28.021937" lon="98.622993"><time>2026-04-28T11:13:32.341Z</time></trkpt>
      <trkpt lat="28.021937" lon="98.622993"><time>2026-04-28T11:13:32.358Z</time></trkpt>
      <trkpt lat="28.021937" lon="98.622993"><time>2026-04-28T11:13:32.374Z</time></trkpt>
      <trkpt lat="28.021937" lon="98.622993"><time>2026-04-28T11:13:32.391Z</time></trkpt>
      <trkpt lat="28.021948" lon="98.623003"><time>2026-04-28T11:13:32.408Z</time></trkpt>
      <trkpt lat="28.021948" lon="98.623003"><time>2026-04-28T11:13:32.424Z</time></trkpt>
      <trkpt lat="28.021948" lon="98.623003"><time>2026-04-28T11:13:32.441Z</time></trkpt>
      <trkpt lat="28.021948" lon="98.623003"><time>2026-04-28T11:13:32.458Z</time></trkpt>
      <trkpt lat="28.021948" lon="98.623003"><time>2026-04-28T11:13:32.474Z</time></trkpt>
      <trkpt lat="28.021948" lon="98.623003"><time>2026-04-28T11:13:32.491Z</time></trkpt>
      <trkpt lat="28.021959" lon="98.623013"><time>2026-04-28T11:13:32.508Z</time></trkpt>
      <trkpt lat="28.021959" lon="98.623013"><time>2026-04-28T11:13:32.524Z</time></trkpt>
      <trkpt lat="28.021959" lon="98.623013"><time>2026-04-28T11:13:32.541Z</time></trkpt>
      <trkpt lat="28.021959" lon="98.623013"><time>2026-04-28T11:13:32.558Z</time></trkpt>
      <trkpt lat="28.021959" lon="98.623013"><time>2026-04-28T11:13:32.574Z</time></trkpt>
      <trkpt lat="28.021959" lon="98.623013"><time>2026-04-28T11:13:32.591Z</time></trkpt>
      <trkpt lat="28.021969" lon="98.623024"><time>2026-04-28T11:13:32.608Z</time></trkpt>
      <trkpt lat="28.021969" lon="98.623024"><time>2026-04-28T11:13:32.624Z</time></trkpt>
      <trkpt lat="28.021969" lon="98.623024"><time>2026-04-28T11:13:32.641Z</time></trkpt>
      <trkpt lat="28.021969" lon="98.623024"><time>2026-04-28T11:13:32.658Z</time></trkpt>
      <trkpt lat="28.021969" lon="98.623024"><time>2026-04-28T11:13:32.675Z</time></trkpt>
      <trkpt lat="28.021969" lon="98.623024"><time>2026-04-28T11:13:32.691Z</time></trkpt>
      <trkpt lat="28.02198" lon="98.623034"><time>2026-04-28T11:13:32.708Z</time></trkpt>
      <trkpt lat="28.02198" lon="98.623034"><time>2026-04-28T11:13:32.725Z</time></trkpt>
      <trkpt lat="28.02198" lon="98.623034"><time>2026-04-28T11:13:32.741Z</time></trkpt>
      <trkpt lat="28.02198" lon="98.623034"><time>2026-04-28T11:13:32.758Z</time></trkpt>
      <trkpt lat="28.02198" lon="98.623034"><time>2026-04-28T11:13:32.775Z</time></trkpt>
      <trkpt lat="28.02198" lon="98.623034"><time>2026-04-28T11:13:32.791Z</time></trkpt>
      <trkpt lat="28.021991" lon="98.623044"><time>2026-04-28T11:13:32.808Z</time></trkpt>
      <trkpt lat="28.021991" lon="98.623044"><time>2026-04-28T11:13:32.825Z</time></trkpt>
      <trkpt lat="28.021991" lon="98.623044"><time>2026-04-28T11:13:32.841Z</time></trkpt>
      <trkpt lat="28.021991" lon="98.623044"><time>2026-04-28T11:13:32.858Z</time></trkpt>
      <trkpt lat="28.021991" lon="98.623044"><time>2026-04-28T11:13:32.875Z</time></trkpt>
      <trkpt lat="28.021991" lon="98.623044"><time>2026-04-28T11:13:32.891Z</time></trkpt>
      <trkpt lat="28.022002" lon="98.623054"><time>2026-04-28T11:13:32.908Z</time></trkpt>
      <trkpt lat="28.022002" lon="98.623054"><time>2026-04-28T11:13:32.925Z</time></trkpt>
      <trkpt lat="28.022002" lon="98.623054"><time>2026-04-28T11:13:32.941Z</time></trkpt>
      <trkpt lat="28.022002" lon="98.623054"><time>2026-04-28T11:13:32.958Z</time></trkpt>
      <trkpt lat="28.022002" lon="98.623054"><time>2026-04-28T11:13:32.975Z</time></trkpt>
      <trkpt lat="28.022002" lon="98.623054"><time>2026-04-28T11:13:32.992Z</time></trkpt>
      <trkpt lat="28.022013" lon="98.623064"><time>2026-04-28T11:13:33.008Z</time></trkpt>
      <trkpt lat="28.022013" lon="98.623064"><time>2026-04-28T11:13:33.025Z</time></trkpt>
      <trkpt lat="28.022013" lon="98.623064"><time>2026-04-28T11:13:33.042Z</time></trkpt>
      <trkpt lat="28.022013" lon="98.623064"><time>2026-04-28T11:13:33.058Z</time></trkpt>
      <trkpt lat="28.022013" lon="98.623064"><time>2026-04-28T11:13:33.075Z</time></trkpt>
      <trkpt lat="28.022013" lon="98.623064"><time>2026-04-28T11:13:33.092Z</time></trkpt>
      <trkpt lat="28.022024" lon="98.623074"><time>2026-04-28T11:13:33.108Z</time></trkpt>
      <trkpt lat="28.022024" lon="98.623074"><time>2026-04-28T11:13:33.125Z</time></trkpt>
      <trkpt lat="28.022024" lon="98.623074"><time>2026-04-28T11:13:33.142Z</time></trkpt>
      <trkpt lat="28.022024" lon="98.623074"><time>2026-04-28T11:13:33.158Z</time></trkpt>
      <trkpt lat="28.022024" lon="98.623074"><time>2026-04-28T11:13:33.175Z</time></trkpt>
      <trkpt lat="28.022024" lon="98.623074"><time>2026-04-28T11:13:33.192Z</time></trkpt>
      <trkpt lat="28.022035" lon="98.623084"><time>2026-04-28T11:13:33.208Z</time></trkpt>
      <trkpt lat="28.022035" lon="98.623084"><time>2026-04-28T11:13:33.225Z</time></trkpt>
      <trkpt lat="28.022035" lon="98.623084"><time>2026-04-28T11:13:33.242Z</time></trkpt>
      <trkpt lat="28.022035" lon="98.623084"><time>2026-04-28T11:13:33.258Z</time></trkpt>
      <trkpt lat="28.022035" lon="98.623084"><time>2026-04-28T11:13:33.275Z</time></trkpt>
      <trkpt lat="28.022035" lon="98.623084"><time>2026-04-28T11:13:33.292Z</time></trkpt>
      <trkpt lat="28.022046" lon="98.623094"><time>2026-04-28T11:13:33.309Z</time></trkpt>
      <trkpt lat="28.022046" lon="98.623094"><time>2026-04-28T11:13:33.325Z</time></trkpt>
      <trkpt lat="28.022046" lon="98.623094"><time>2026-04-28T11:13:33.342Z</time></trkpt>
      <trkpt lat="28.022046" lon="98.623094"><time>2026-04-28T11:13:33.359Z</time></trkpt>
      <trkpt lat="28.022046" lon="98.623094"><time>2026-04-28T11:13:33.375Z</time></trkpt>
      <trkpt lat="28.022046" lon="98.623094"><time>2026-04-28T11:13:33.392Z</time></trkpt>
      <trkpt lat="28.022057" lon="98.623104"><time>2026-04-28T11:13:33.409Z</time></trkpt>
      <trkpt lat="28.022057" lon="98.623104"><time>2026-04-28T11:13:33.425Z</time></trkpt>
      <trkpt lat="28.022057" lon="98.623104"><time>2026-04-28T11:13:33.442Z</time></trkpt>
      <trkpt lat="28.022057" lon="98.623104"><time>2026-04-28T11:13:33.459Z</time></trkpt>
      <trkpt lat="28.022057" lon="98.623104"><time>2026-04-28T11:13:33.475Z</time></trkpt>
      <trkpt lat="28.022057" lon="98.623104"><time>2026-04-28T11:13:33.492Z</time></trkpt>
      <trkpt lat="28.022069" lon="98.623114"><time>2026-04-28T11:13:33.509Z</time></trkpt>
      <trkpt lat="28.022069" lon="98.623114"><time>2026-04-28T11:13:33.525Z</time></trkpt>
      <trkpt lat="28.022069" lon="98.623114"><time>2026-04-28T11:13:33.542Z</time></trkpt>
      <trkpt lat="28.022069" lon="98.623114"><time>2026-04-28T11:13:33.559Z</time></trkpt>
      <trkpt lat="28.022069" lon="98.623114"><time>2026-04-28T11:13:33.575Z</time></trkpt>
      <trkpt lat="28.022069" lon="98.623114"><time>2026-04-28T11:13:33.592Z</time></trkpt>
      <trkpt lat="28.02208" lon="98.623124"><time>2026-04-28T11:13:33.609Z</time></trkpt>
      <trkpt lat="28.02208" lon="98.623124"><time>2026-04-28T11:13:33.626Z</time></trkpt>
      <trkpt lat="28.02208" lon="98.623124"><time>2026-04-28T11:13:33.642Z</time></trkpt>
      <trkpt lat="28.02208" lon="98.623124"><time>2026-04-28T11:13:33.659Z</time></trkpt>
      <trkpt lat="28.02208" lon="98.623124"><time>2026-04-28T11:13:33.676Z</time></trkpt>
      <trkpt lat="28.02208" lon="98.623124"><time>2026-04-28T11:13:33.692Z</time></trkpt>
      <trkpt lat="28.022091" lon="98.623133"><time>2026-04-28T11:13:33.709Z</time></trkpt>
      <trkpt lat="28.022091" lon="98.623133"><time>2026-04-28T11:13:33.726Z</time></trkpt>
      <trkpt lat="28.022091" lon="98.623133"><time>2026-04-28T11:13:33.742Z</time></trkpt>
      <trkpt lat="28.022091" lon="98.623133"><time>2026-04-28T11:13:33.759Z</time></trkpt>
      <trkpt lat="28.022091" lon="98.623133"><time>2026-04-28T11:13:33.776Z</time></trkpt>
      <trkpt lat="28.022091" lon="98.623133"><time>2026-04-28T11:13:33.792Z</time></trkpt>
      <trkpt lat="28.022102" lon="98.623143"><time>2026-04-28T11:13:33.809Z</time></trkpt>
      <trkpt lat="28.022102" lon="98.623143"><time>2026-04-28T11:13:33.826Z</time></trkpt>
      <trkpt lat="28.022102" lon="98.623143"><time>2026-04-28T11:13:33.842Z</time></trkpt>
      <trkpt lat="28.022102" lon="98.623143"><time>2026-04-28T11:13:33.859Z</time></trkpt>
      <trkpt lat="28.022102" lon="98.623143"><time>2026-04-28T11:13:33.876Z</time></trkpt>
      <trkpt lat="28.022102" lon="98.623143"><time>2026-04-28T11:13:33.892Z</time></trkpt>
      <trkpt lat="28.022114" lon="98.623152"><time>2026-04-28T11:13:33.909Z</time></trkpt>
      <trkpt lat="28.022114" lon="98.623152"><time>2026-04-28T11:13:33.926Z</time></trkpt>
      <trkpt lat="28.022114" lon="98.623152"><time>2026-04-28T11:13:33.943Z</time></trkpt>
      <trkpt lat="28.022114" lon="98.623152"><time>2026-04-28T11:13:33.959Z</time></trkpt>
      <trkpt lat="28.022114" lon="98.623152"><time>2026-04-28T11:13:33.976Z</time></trkpt>
      <trkpt lat="28.022114" lon="98.623152"><time>2026-04-28T11:13:33.993Z</time></trkpt>
      <trkpt lat="28.022126" lon="98.62316"><time>2026-04-28T11:13:34.009Z</time></trkpt>
      <trkpt lat="28.022126" lon="98.62316"><time>2026-04-28T11:13:34.026Z</time></trkpt>
      <trkpt lat="28.022126" lon="98.62316"><time>2026-04-28T11:13:34.043Z</time></trkpt>
      <trkpt lat="28.022126" lon="98.62316"><time>2026-04-28T11:13:34.059Z</time></trkpt>
      <trkpt lat="28.022126" lon="98.62316"><time>2026-04-28T11:13:34.076Z</time></trkpt>
      <trkpt lat="28.022126" lon="98.62316"><time>2026-04-28T11:13:34.093Z</time></trkpt>
      <trkpt lat="28.022137" lon="98.62317"><time>2026-04-28T11:13:34.109Z</time></trkpt>
      <trkpt lat="28.022137" lon="98.62317"><time>2026-04-28T11:13:34.126Z</time></trkpt>
      <trkpt lat="28.022137" lon="98.62317"><time>2026-04-28T11:13:34.143Z</time></trkpt>
      <trkpt lat="28.022137" lon="98.62317"><time>2026-04-28T11:13:34.159Z</time></trkpt>
      <trkpt lat="28.022137" lon="98.62317"><time>2026-04-28T11:13:34.176Z</time></trkpt>
      <trkpt lat="28.022137" lon="98.62317"><time>2026-04-28T11:13:34.193Z</time></trkpt>
      <trkpt lat="28.022149" lon="98.623179"><time>2026-04-28T11:13:34.209Z</time></trkpt>
      <trkpt lat="28.022149" lon="98.623179"><time>2026-04-28T11:13:34.226Z</time></trkpt>
      <trkpt lat="28.022149" lon="98.623179"><time>2026-04-28T11:13:34.243Z</time></trkpt>
      <trkpt lat="28.022149" lon="98.623179"><time>2026-04-28T11:13:34.260Z</time></trkpt>
      <trkpt lat="28.022149" lon="98.623179"><time>2026-04-28T11:13:34.276Z</time></trkpt>
      <trkpt lat="28.022149" lon="98.623179"><time>2026-04-28T11:13:34.293Z</time></trkpt>
      <trkpt lat="28.022161" lon="98.623188"><time>2026-04-28T11:13:34.310Z</time></trkpt>
      <trkpt lat="28.022161" lon="98.623188"><time>2026-04-28T11:13:34.326Z</time></trkpt>
      <trkpt lat="28.022161" lon="98.623188"><time>2026-04-28T11:13:34.343Z</time></trkpt>
      <trkpt lat="28.022161" lon="98.623188"><time>2026-04-28T11:13:34.360Z</time></trkpt>
      <trkpt lat="28.022161" lon="98.623188"><time>2026-04-28T11:13:34.376Z</time></trkpt>
      <trkpt lat="28.022161" lon="98.623188"><time>2026-04-28T11:13:34.393Z</time></trkpt>
      <trkpt lat="28.022172" lon="98.623197"><time>2026-04-28T11:13:34.410Z</time></trkpt>
      <trkpt lat="28.022172" lon="98.623197"><time>2026-04-28T11:13:34.426Z</time></trkpt>
      <trkpt lat="28.022172" lon="98.623197"><time>2026-04-28T11:13:34.443Z</time></trkpt>
      <trkpt lat="28.022172" lon="98.623197"><time>2026-04-28T11:13:34.460Z</time></trkpt>
      <trkpt lat="28.022172" lon="98.623197"><time>2026-04-28T11:13:34.476Z</time></trkpt>
      <trkpt lat="28.022172" lon="98.623197"><time>2026-04-28T11:13:34.493Z</time></trkpt>
      <trkpt lat="28.022184" lon="98.623207"><time>2026-04-28T11:13:34.510Z</time></trkpt>
      <trkpt lat="28.022184" lon="98.623207"><time>2026-04-28T11:13:34.526Z</time></trkpt>
      <trkpt lat="28.022184" lon="98.623207"><time>2026-04-28T11:13:34.543Z</time></trkpt>
      <trkpt lat="28.022184" lon="98.623207"><time>2026-04-28T11:13:34.560Z</time></trkpt>
      <trkpt lat="28.022184" lon="98.623207"><time>2026-04-28T11:13:34.577Z</time></trkpt>
      <trkpt lat="28.022184" lon="98.623207"><time>2026-04-28T11:13:34.593Z</time></trkpt>
      <trkpt lat="28.022196" lon="98.623216"><time>2026-04-28T11:13:34.610Z</time></trkpt>
      <trkpt lat="28.022196" lon="98.623216"><time>2026-04-28T11:13:34.627Z</time></trkpt>
      <trkpt lat="28.022196" lon="98.623216"><time>2026-04-28T11:13:34.643Z</time></trkpt>
      <trkpt lat="28.022196" lon="98.623216"><time>2026-04-28T11:13:34.660Z</time></trkpt>
      <trkpt lat="28.022196" lon="98.623216"><time>2026-04-28T11:13:34.677Z</time></trkpt>
      <trkpt lat="28.022196" lon="98.623216"><time>2026-04-28T11:13:34.693Z</time></trkpt>
      <trkpt lat="28.022208" lon="98.623225"><time>2026-04-28T11:13:34.710Z</time></trkpt>
      <trkpt lat="28.022208" lon="98.623225"><time>2026-04-28T11:13:34.727Z</time></trkpt>
      <trkpt lat="28.022208" lon="98.623225"><time>2026-04-28T11:13:34.743Z</time></trkpt>
      <trkpt lat="28.022208" lon="98.623225"><time>2026-04-28T11:13:34.760Z</time></trkpt>
      <trkpt lat="28.022208" lon="98.623225"><time>2026-04-28T11:13:34.777Z</time></trkpt>
      <trkpt lat="28.022208" lon="98.623225"><time>2026-04-28T11:13:34.793Z</time></trkpt>
      <trkpt lat="28.02222" lon="98.623234"><time>2026-04-28T11:13:34.810Z</time></trkpt>
      <trkpt lat="28.02222" lon="98.623234"><time>2026-04-28T11:13:34.827Z</time></trkpt>
      <trkpt lat="28.02222" lon="98.623234"><time>2026-04-28T11:13:34.843Z</time></trkpt>
      <trkpt lat="28.02222" lon="98.623234"><time>2026-04-28T11:13:34.860Z</time></trkpt>
      <trkpt lat="28.02222" lon="98.623234"><time>2026-04-28T11:13:34.877Z</time></trkpt>
      <trkpt lat="28.02222" lon="98.623234"><time>2026-04-28T11:13:34.894Z</time></trkpt>
      <trkpt lat="28.022232" lon="98.623243"><time>2026-04-28T11:13:34.910Z</time></trkpt>
      <trkpt lat="28.022232" lon="98.623243"><time>2026-04-28T11:13:34.927Z</time></trkpt>
      <trkpt lat="28.022232" lon="98.623243"><time>2026-04-28T11:13:34.944Z</time></trkpt>
      <trkpt lat="28.022232" lon="98.623243"><time>2026-04-28T11:13:34.960Z</time></trkpt>
      <trkpt lat="28.022232" lon="98.623243"><time>2026-04-28T11:13:34.977Z</time></trkpt>
      <trkpt lat="28.022232" lon="98.623243"><time>2026-04-28T11:13:34.994Z</time></trkpt>
      <trkpt lat="28.022245" lon="98.623252"><time>2026-04-28T11:13:35.010Z</time></trkpt>
      <trkpt lat="28.022245" lon="98.623252"><time>2026-04-28T11:13:35.027Z</time></trkpt>
      <trkpt lat="28.022245" lon="98.623252"><time>2026-04-28T11:13:35.044Z</time></trkpt>
      <trkpt lat="28.022245" lon="98.623252"><time>2026-04-28T11:13:35.060Z</time></trkpt>
      <trkpt lat="28.022245" lon="98.623252"><time>2026-04-28T11:13:35.077Z</time></trkpt>
      <trkpt lat="28.022245" lon="98.623252"><time>2026-04-28T11:13:35.094Z</time></trkpt>
      <trkpt lat="28.022257" lon="98.623261"><time>2026-04-28T11:13:35.110Z</time></trkpt>
      <trkpt lat="28.022257" lon="98.623261"><time>2026-04-28T11:13:35.127Z</time></trkpt>
      <trkpt lat="28.022257" lon="98.623261"><time>2026-04-28T11:13:35.144Z</time></trkpt>
      <trkpt lat="28.022257" lon="98.623261"><time>2026-04-28T11:13:35.160Z</time></trkpt>
      <trkpt lat="28.022257" lon="98.623261"><time>2026-04-28T11:13:35.177Z</time></trkpt>
      <trkpt lat="28.022257" lon="98.623261"><time>2026-04-28T11:13:35.194Z</time></trkpt>
      <trkpt lat="28.022269" lon="98.62327"><time>2026-04-28T11:13:35.211Z</time></trkpt>
      <trkpt lat="28.022269" lon="98.62327"><time>2026-04-28T11:13:35.227Z</time></trkpt>
      <trkpt lat="28.022269" lon="98.62327"><time>2026-04-28T11:13:35.244Z</time></trkpt>
      <trkpt lat="28.022269" lon="98.62327"><time>2026-04-28T11:13:35.261Z</time></trkpt>
      <trkpt lat="28.022269" lon="98.62327"><time>2026-04-28T11:13:35.277Z</time></trkpt>
      <trkpt lat="28.022269" lon="98.62327"><time>2026-04-28T11:13:35.294Z</time></trkpt>
      <trkpt lat="28.022281" lon="98.623279"><time>2026-04-28T11:13:35.311Z</time></trkpt>
      <trkpt lat="28.022281" lon="98.623279"><time>2026-04-28T11:13:35.327Z</time></trkpt>
      <trkpt lat="28.022281" lon="98.623279"><time>2026-04-28T11:13:35.344Z</time></trkpt>
      <trkpt lat="28.022281" lon="98.623279"><time>2026-04-28T11:13:35.361Z</time></trkpt>
      <trkpt lat="28.022281" lon="98.623279"><time>2026-04-28T11:13:35.377Z</time></trkpt>
      <trkpt lat="28.022281" lon="98.623279"><time>2026-04-28T11:13:35.394Z</time></trkpt>
      <trkpt lat="28.022293" lon="98.623288"><time>2026-04-28T11:13:35.411Z</time></trkpt>
      <trkpt lat="28.022293" lon="98.623288"><time>2026-04-28T11:13:35.427Z</time></trkpt>
      <trkpt lat="28.022293" lon="98.623288"><time>2026-04-28T11:13:35.444Z</time></trkpt>
      <trkpt lat="28.022293" lon="98.623288"><time>2026-04-28T11:13:35.461Z</time></trkpt>
      <trkpt lat="28.022293" lon="98.623288"><time>2026-04-28T11:13:35.477Z</time></trkpt>
      <trkpt lat="28.022293" lon="98.623288"><time>2026-04-28T11:13:35.494Z</time></trkpt>
      <trkpt lat="28.022305" lon="98.623296"><time>2026-04-28T11:13:35.511Z</time></trkpt>
      <trkpt lat="28.022305" lon="98.623296"><time>2026-04-28T11:13:35.528Z</time></trkpt>
      <trkpt lat="28.022305" lon="98.623296"><time>2026-04-28T11:13:35.544Z</time></trkpt>
      <trkpt lat="28.022305" lon="98.623296"><time>2026-04-28T11:13:35.561Z</time></trkpt>
      <trkpt lat="28.022305" lon="98.623296"><time>2026-04-28T11:13:35.578Z</time></trkpt>
      <trkpt lat="28.022305" lon="98.623296"><time>2026-04-28T11:13:35.594Z</time></trkpt>
      <trkpt lat="28.022317" lon="98.623305"><time>2026-04-28T11:13:35.611Z</time></trkpt>
      <trkpt lat="28.022317" lon="98.623305"><time>2026-04-28T11:13:35.628Z</time></trkpt>
      <trkpt lat="28.022317" lon="98.623305"><time>2026-04-28T11:13:35.644Z</time></trkpt>
      <trkpt lat="28.022317" lon="98.623305"><time>2026-04-28T11:13:35.661Z</time></trkpt>
      <trkpt lat="28.022317" lon="98.623305"><time>2026-04-28T11:13:35.678Z</time></trkpt>
      <trkpt lat="28.022317" lon="98.623305"><time>2026-04-28T11:13:35.694Z</time></trkpt>
      <trkpt lat="28.02233" lon="98.623314"><time>2026-04-28T11:13:35.711Z</time></trkpt>
      <trkpt lat="28.02233" lon="98.623314"><time>2026-04-28T11:13:35.728Z</time></trkpt>
      <trkpt lat="28.02233" lon="98.623314"><time>2026-04-28T11:13:35.744Z</time></trkpt>
      <trkpt lat="28.02233" lon="98.623314"><time>2026-04-28T11:13:35.761Z</time></trkpt>
      <trkpt lat="28.02233" lon="98.623314"><time>2026-04-28T11:13:35.778Z</time></trkpt>
      <trkpt lat="28.02233" lon="98.623314"><time>2026-04-28T11:13:35.794Z</time></trkpt>
      <trkpt lat="28.022342" lon="98.623322"><time>2026-04-28T11:13:35.811Z</time></trkpt>
      <trkpt lat="28.022342" lon="98.623322"><time>2026-04-28T11:13:35.828Z</time></trkpt>
      <trkpt lat="28.022342" lon="98.623322"><time>2026-04-28T11:13:35.845Z</time></trkpt>
      <trkpt lat="28.022342" lon="98.623322"><time>2026-04-28T11:13:35.861Z</time></trkpt>
      <trkpt lat="28.022342" lon="98.623322"><time>2026-04-28T11:13:35.878Z</time></trkpt>
      <trkpt lat="28.022342" lon="98.623322"><time>2026-04-28T11:13:35.895Z</time></trkpt>
      <trkpt lat="28.022354" lon="98.623331"><time>2026-04-28T11:13:35.911Z</time></trkpt>
      <trkpt lat="28.022354" lon="98.623331"><time>2026-04-28T11:13:35.928Z</time></trkpt>
      <trkpt lat="28.022354" lon="98.623331"><time>2026-04-28T11:13:35.945Z</time></trkpt>
      <trkpt lat="28.022354" lon="98.623331"><time>2026-04-28T11:13:35.961Z</time></trkpt>
      <trkpt lat="28.022354" lon="98.623331"><time>2026-04-28T11:13:35.978Z</time></trkpt>
      <trkpt lat="28.022354" lon="98.623331"><time>2026-04-28T11:13:35.995Z</time></trkpt>
      <trkpt lat="28.022367" lon="98.623339"><time>2026-04-28T11:13:36.011Z</time></trkpt>
      <trkpt lat="28.022367" lon="98.623339"><time>2026-04-28T11:13:36.028Z</time></trkpt>
      <trkpt lat="28.022367" lon="98.623339"><time>2026-04-28T11:13:36.045Z</time></trkpt>
      <trkpt lat="28.022367" lon="98.623339"><time>2026-04-28T11:13:36.061Z</time></trkpt>
      <trkpt lat="28.022367" lon="98.623339"><time>2026-04-28T11:13:36.078Z</time></trkpt>
      <trkpt lat="28.022367" lon="98.623339"><time>2026-04-28T11:13:36.095Z</time></trkpt>
      <trkpt lat="28.022379" lon="98.623347"><time>2026-04-28T11:13:36.111Z</time></trkpt>
      <trkpt lat="28.022379" lon="98.623347"><time>2026-04-28T11:13:36.128Z</time></trkpt>
      <trkpt lat="28.022379" lon="98.623347"><time>2026-04-28T11:13:36.145Z</time></trkpt>
      <trkpt lat="28.022379" lon="98.623347"><time>2026-04-28T11:13:36.162Z</time></trkpt>
      <trkpt lat="28.022379" lon="98.623347"><time>2026-04-28T11:13:36.178Z</time></trkpt>
      <trkpt lat="28.022379" lon="98.623347"><time>2026-04-28T11:13:36.195Z</time></trkpt>
      <trkpt lat="28.022392" lon="98.623356"><time>2026-04-28T11:13:36.212Z</time></trkpt>
      <trkpt lat="28.022392" lon="98.623356"><time>2026-04-28T11:13:36.228Z</time></trkpt>
      <trkpt lat="28.022392" lon="98.623356"><time>2026-04-28T11:13:36.245Z</time></trkpt>
      <trkpt lat="28.022392" lon="98.623356"><time>2026-04-28T11:13:36.262Z</time></trkpt>
      <trkpt lat="28.022392" lon="98.623356"><time>2026-04-28T11:13:36.278Z</time></trkpt>
      <trkpt lat="28.022392" lon="98.623356"><time>2026-04-28T11:13:36.295Z</time></trkpt>
      <trkpt lat="28.022405" lon="98.623364"><time>2026-04-28T11:13:36.312Z</time></trkpt>
      <trkpt lat="28.022405" lon="98.623364"><time>2026-04-28T11:13:36.328Z</time></trkpt>
      <trkpt lat="28.022405" lon="98.623364"><time>2026-04-28T11:13:36.345Z</time></trkpt>
      <trkpt lat="28.022405" lon="98.623364"><time>2026-04-28T11:13:36.362Z</time></trkpt>
      <trkpt lat="28.022405" lon="98.623364"><time>2026-04-28T11:13:36.378Z</time></trkpt>
      <trkpt lat="28.022405" lon="98.623364"><time>2026-04-28T11:13:36.395Z</time></trkpt>
      <trkpt lat="28.022417" lon="98.623373"><time>2026-04-28T11:13:36.412Z</time></trkpt>
      <trkpt lat="28.022417" lon="98.623373"><time>2026-04-28T11:13:36.428Z</time></trkpt>
      <trkpt lat="28.022417" lon="98.623373"><time>2026-04-28T11:13:36.445Z</time></trkpt>
      <trkpt lat="28.022417" lon="98.623373"><time>2026-04-28T11:13:36.462Z</time></trkpt>
      <trkpt lat="28.022417" lon="98.623373"><time>2026-04-28T11:13:36.479Z</time></trkpt>
      <trkpt lat="28.02243" lon="98.623381"><time>2026-04-28T11:13:36.495Z</time></trkpt>
      <trkpt lat="28.02243" lon="98.623381"><time>2026-04-28T11:13:36.512Z</time></trkpt>
      <trkpt lat="28.02243" lon="98.623381"><time>2026-04-28T11:13:36.529Z</time></trkpt>
      <trkpt lat="28.02243" lon="98.623381"><time>2026-04-28T11:13:36.545Z</time></trkpt>
      <trkpt lat="28.02243" lon="98.623381"><time>2026-04-28T11:13:36.562Z</time></trkpt>
      <trkpt lat="28.02243" lon="98.623381"><time>2026-04-28T11:13:36.579Z</time></trkpt>
      <trkpt lat="28.022443" lon="98.623389"><time>2026-04-28T11:13:36.595Z</time></trkpt>
      <trkpt lat="28.022443" lon="98.623389"><time>2026-04-28T11:13:36.612Z</time></trkpt>
      <trkpt lat="28.022443" lon="98.623389"><time>2026-04-28T11:13:36.629Z</time></trkpt>
      <trkpt lat="28.022443" lon="98.623389"><time>2026-04-28T11:13:36.645Z</time></trkpt>
      <trkpt lat="28.022443" lon="98.623389"><time>2026-04-28T11:13:36.662Z</time></trkpt>
      <trkpt lat="28.022443" lon="98.623389"><time>2026-04-28T11:13:36.679Z</time></trkpt>
      <trkpt lat="28.022455" lon="98.623397"><time>2026-04-28T11:13:36.695Z</time></trkpt>
      <trkpt lat="28.022455" lon="98.623397"><time>2026-04-28T11:13:36.712Z</time></trkpt>
      <trkpt lat="28.022455" lon="98.623397"><time>2026-04-28T11:13:36.729Z</time></trkpt>
      <trkpt lat="28.022455" lon="98.623397"><time>2026-04-28T11:13:36.745Z</time></trkpt>
      <trkpt lat="28.022455" lon="98.623397"><time>2026-04-28T11:13:36.762Z</time></trkpt>
      <trkpt lat="28.022455" lon="98.623397"><time>2026-04-28T11:13:36.779Z</time></trkpt>
      <trkpt lat="28.022468" lon="98.623405"><time>2026-04-28T11:13:36.796Z</time></trkpt>
      <trkpt lat="28.022468" lon="98.623405"><time>2026-04-28T11:13:36.812Z</time></trkpt>
      <trkpt lat="28.022468" lon="98.623405"><time>2026-04-28T11:13:36.829Z</time></trkpt>
      <trkpt lat="28.022468" lon="98.623405"><time>2026-04-28T11:13:36.846Z</time></trkpt>
      <trkpt lat="28.022468" lon="98.623405"><time>2026-04-28T11:13:36.862Z</time></trkpt>
      <trkpt lat="28.022468" lon="98.623405"><time>2026-04-28T11:13:36.879Z</time></trkpt>
      <trkpt lat="28.022481" lon="98.623413"><time>2026-04-28T11:13:36.896Z</time></trkpt>
      <trkpt lat="28.022481" lon="98.623413"><time>2026-04-28T11:13:36.912Z</time></trkpt>
      <trkpt lat="28.022481" lon="98.623413"><time>2026-04-28T11:13:36.929Z</time></trkpt>
      <trkpt lat="28.022481" lon="98.623413"><time>2026-04-28T11:13:36.946Z</time></trkpt>
      <trkpt lat="28.022481" lon="98.623413"><time>2026-04-28T11:13:36.962Z</time></trkpt>
      <trkpt lat="28.022481" lon="98.623413"><time>2026-04-28T11:13:36.979Z</time></trkpt>
      <trkpt lat="28.022494" lon="98.623421"><time>2026-04-28T11:13:36.996Z</time></trkpt>
      <trkpt lat="28.022494" lon="98.623421"><time>2026-04-28T11:13:37.012Z</time></trkpt>
      <trkpt lat="28.022494" lon="98.623421"><time>2026-04-28T11:13:37.029Z</time></trkpt>
      <trkpt lat="28.022494" lon="98.623421"><time>2026-04-28T11:13:37.046Z</time></trkpt>
      <trkpt lat="28.022494" lon="98.623421"><time>2026-04-28T11:13:37.062Z</time></trkpt>
      <trkpt lat="28.022494" lon="98.623421"><time>2026-04-28T11:13:37.079Z</time></trkpt>
      <trkpt lat="28.022507" lon="98.623429"><time>2026-04-28T11:13:37.096Z</time></trkpt>
      <trkpt lat="28.022507" lon="98.623429"><time>2026-04-28T11:13:37.113Z</time></trkpt>
      <trkpt lat="28.022507" lon="98.623429"><time>2026-04-28T11:13:37.129Z</time></trkpt>
      <trkpt lat="28.022507" lon="98.623429"><time>2026-04-28T11:13:37.146Z</time></trkpt>
      <trkpt lat="28.022507" lon="98.623429"><time>2026-04-28T11:13:37.163Z</time></trkpt>
      <trkpt lat="28.022507" lon="98.623429"><time>2026-04-28T11:13:37.179Z</time></trkpt>
      <trkpt lat="28.02252" lon="98.623437"><time>2026-04-28T11:13:37.196Z</time></trkpt>
      <trkpt lat="28.02252" lon="98.623437"><time>2026-04-28T11:13:37.213Z</time></trkpt>
      <trkpt lat="28.02252" lon="98.623437"><time>2026-04-28T11:13:37.229Z</time></trkpt>
      <trkpt lat="28.02252" lon="98.623437"><time>2026-04-28T11:13:37.246Z</time></trkpt>
      <trkpt lat="28.02252" lon="98.623437"><time>2026-04-28T11:13:37.263Z</time></trkpt>
      <trkpt lat="28.02252" lon="98.623437"><time>2026-04-28T11:13:37.279Z</time></trkpt>
      <trkpt lat="28.022534" lon="98.623444"><time>2026-04-28T11:13:37.296Z</time></trkpt>
      <trkpt lat="28.022534" lon="98.623444"><time>2026-04-28T11:13:37.313Z</time></trkpt>
      <trkpt lat="28.022534" lon="98.623444"><time>2026-04-28T11:13:37.329Z</time></trkpt>
      <trkpt lat="28.022534" lon="98.623444"><time>2026-04-28T11:13:37.346Z</time></trkpt>
      <trkpt lat="28.022534" lon="98.623444"><time>2026-04-28T11:13:37.363Z</time></trkpt>
      <trkpt lat="28.022534" lon="98.623444"><time>2026-04-28T11:13:37.379Z</time></trkpt>
      <trkpt lat="28.022547" lon="98.623452"><time>2026-04-28T11:13:37.396Z</time></trkpt>
      <trkpt lat="28.022547" lon="98.623452"><time>2026-04-28T11:13:37.413Z</time></trkpt>
      <trkpt lat="28.022547" lon="98.623452"><time>2026-04-28T11:13:37.430Z</time></trkpt>
      <trkpt lat="28.022547" lon="98.623452"><time>2026-04-28T11:13:37.446Z</time></trkpt>
      <trkpt lat="28.022547" lon="98.623452"><time>2026-04-28T11:13:37.463Z</time></trkpt>
      <trkpt lat="28.022547" lon="98.623452"><time>2026-04-28T11:13:37.480Z</time></trkpt>
      <trkpt lat="28.022561" lon="98.62346"><time>2026-04-28T11:13:37.496Z</time></trkpt>
      <trkpt lat="28.022561" lon="98.62346"><time>2026-04-28T11:13:37.513Z</time></trkpt>
      <trkpt lat="28.022561" lon="98.62346"><time>2026-04-28T11:13:37.530Z</time></trkpt>
      <trkpt lat="28.022561" lon="98.62346"><time>2026-04-28T11:13:37.546Z</time></trkpt>
      <trkpt lat="28.022561" lon="98.62346"><time>2026-04-28T11:13:37.563Z</time></trkpt>
      <trkpt lat="28.022561" lon="98.62346"><time>2026-04-28T11:13:37.580Z</time></trkpt>
      <trkpt lat="28.022574" lon="98.623467"><time>2026-04-28T11:13:37.596Z</time></trkpt>
      <trkpt lat="28.022574" lon="98.623467"><time>2026-04-28T11:13:37.613Z</time></trkpt>
      <trkpt lat="28.022574" lon="98.623467"><time>2026-04-28T11:13:37.630Z</time></trkpt>
      <trkpt lat="28.022574" lon="98.623467"><time>2026-04-28T11:13:37.646Z</time></trkpt>
      <trkpt lat="28.022574" lon="98.623467"><time>2026-04-28T11:13:37.663Z</time></trkpt>
      <trkpt lat="28.022574" lon="98.623467"><time>2026-04-28T11:13:37.680Z</time></trkpt>
      <trkpt lat="28.022587" lon="98.623475"><time>2026-04-28T11:13:37.696Z</time></trkpt>
      <trkpt lat="28.022587" lon="98.623475"><time>2026-04-28T11:13:37.713Z</time></trkpt>
      <trkpt lat="28.022587" lon="98.623475"><time>2026-04-28T11:13:37.730Z</time></trkpt>
      <trkpt lat="28.022587" lon="98.623475"><time>2026-04-28T11:13:37.747Z</time></trkpt>
      <trkpt lat="28.022587" lon="98.623475"><time>2026-04-28T11:13:37.763Z</time></trkpt>
      <trkpt lat="28.022587" lon="98.623475"><time>2026-04-28T11:13:37.780Z</time></trkpt>
      <trkpt lat="28.022601" lon="98.623482"><time>2026-04-28T11:13:37.797Z</time></trkpt>
      <trkpt lat="28.022601" lon="98.623482"><time>2026-04-28T11:13:37.813Z</time></trkpt>
      <trkpt lat="28.022601" lon="98.623482"><time>2026-04-28T11:13:37.830Z</time></trkpt>
      <trkpt lat="28.022601" lon="98.623482"><time>2026-04-28T11:13:37.847Z</time></trkpt>
      <trkpt lat="28.022601" lon="98.623482"><time>2026-04-28T11:13:37.863Z</time></trkpt>
      <trkpt lat="28.022601" lon="98.623482"><time>2026-04-28T11:13:37.880Z</time></trkpt>
      <trkpt lat="28.022614" lon="98.623489"><time>2026-04-28T11:13:37.897Z</time></trkpt>
      <trkpt lat="28.022614" lon="98.623489"><time>2026-04-28T11:13:37.913Z</time></trkpt>
      <trkpt lat="28.022614" lon="98.623489"><time>2026-04-28T11:13:37.930Z</time></trkpt>
      <trkpt lat="28.022614" lon="98.623489"><time>2026-04-28T11:13:37.947Z</time></trkpt>
      <trkpt lat="28.022614" lon="98.623489"><time>2026-04-28T11:13:37.963Z</time></trkpt>
      <trkpt lat="28.022614" lon="98.623489"><time>2026-04-28T11:13:37.980Z</time></trkpt>
      <trkpt lat="28.022628" lon="98.623497"><time>2026-04-28T11:13:37.997Z</time></trkpt>
      <trkpt lat="28.022628" lon="98.623497"><time>2026-04-28T11:13:38.013Z</time></trkpt>
      <trkpt lat="28.022628" lon="98.623497"><time>2026-04-28T11:13:38.030Z</time></trkpt>
      <trkpt lat="28.022628" lon="98.623497"><time>2026-04-28T11:13:38.047Z</time></trkpt>
      <trkpt lat="28.022628" lon="98.623497"><time>2026-04-28T11:13:38.064Z</time></trkpt>
      <trkpt lat="28.022628" lon="98.623497"><time>2026-04-28T11:13:38.080Z</time></trkpt>
      <trkpt lat="28.022641" lon="98.623504"><time>2026-04-28T11:13:38.097Z</time></trkpt>
      <trkpt lat="28.022641" lon="98.623504"><time>2026-04-28T11:13:38.114Z</time></trkpt>
      <trkpt lat="28.022641" lon="98.623504"><time>2026-04-28T11:13:38.130Z</time></trkpt>
      <trkpt lat="28.022641" lon="98.623504"><time>2026-04-28T11:13:38.147Z</time></trkpt>
      <trkpt lat="28.022641" lon="98.623504"><time>2026-04-28T11:13:38.164Z</time></trkpt>
      <trkpt lat="28.022641" lon="98.623504"><time>2026-04-28T11:13:38.180Z</time></trkpt>
      <trkpt lat="28.022655" lon="98.623511"><time>2026-04-28T11:13:38.197Z</time></trkpt>
      <trkpt lat="28.022655" lon="98.623511"><time>2026-04-28T11:13:38.214Z</time></trkpt>
      <trkpt lat="28.022655" lon="98.623511"><time>2026-04-28T11:13:38.230Z</time></trkpt>
      <trkpt lat="28.022655" lon="98.623511"><time>2026-04-28T11:13:38.247Z</time></trkpt>
      <trkpt lat="28.022655" lon="98.623511"><time>2026-04-28T11:13:38.264Z</time></trkpt>
      <trkpt lat="28.022655" lon="98.623511"><time>2026-04-28T11:13:38.280Z</time></trkpt>
      <trkpt lat="28.022669" lon="98.623518"><time>2026-04-28T11:13:38.297Z</time></trkpt>
      <trkpt lat="28.022669" lon="98.623518"><time>2026-04-28T11:13:38.314Z</time></trkpt>
      <trkpt lat="28.022669" lon="98.623518"><time>2026-04-28T11:13:38.330Z</time></trkpt>
      <trkpt lat="28.022669" lon="98.623518"><time>2026-04-28T11:13:38.347Z</time></trkpt>
      <trkpt lat="28.022669" lon="98.623518"><time>2026-04-28T11:13:38.364Z</time></trkpt>
      <trkpt lat="28.022669" lon="98.623518"><time>2026-04-28T11:13:38.380Z</time></trkpt>
      <trkpt lat="28.022682" lon="98.623525"><time>2026-04-28T11:13:38.397Z</time></trkpt>
      <trkpt lat="28.022682" lon="98.623525"><time>2026-04-28T11:13:38.414Z</time></trkpt>
      <trkpt lat="28.022682" lon="98.623525"><time>2026-04-28T11:13:38.431Z</time></trkpt>
      <trkpt lat="28.022682" lon="98.623525"><time>2026-04-28T11:13:38.447Z</time></trkpt>
      <trkpt lat="28.022682" lon="98.623525"><time>2026-04-28T11:13:38.464Z</time></trkpt>
      <trkpt lat="28.022682" lon="98.623525"><time>2026-04-28T11:13:38.481Z</time></trkpt>
      <trkpt lat="28.022696" lon="98.623532"><time>2026-04-28T11:13:38.497Z</time></trkpt>
      <trkpt lat="28.022696" lon="98.623532"><time>2026-04-28T11:13:38.514Z</time></trkpt>
      <trkpt lat="28.022696" lon="98.623532"><time>2026-04-28T11:13:38.531Z</time></trkpt>
      <trkpt lat="28.022696" lon="98.623532"><time>2026-04-28T11:13:38.547Z</time></trkpt>
      <trkpt lat="28.022696" lon="98.623532"><time>2026-04-28T11:13:38.564Z</time></trkpt>
      <trkpt lat="28.022696" lon="98.623532"><time>2026-04-28T11:13:38.581Z</time></trkpt>
      <trkpt lat="28.02271" lon="98.623539"><time>2026-04-28T11:13:38.597Z</time></trkpt>
      <trkpt lat="28.02271" lon="98.623539"><time>2026-04-28T11:13:38.614Z</time></trkpt>
      <trkpt lat="28.02271" lon="98.623539"><time>2026-04-28T11:13:38.631Z</time></trkpt>
      <trkpt lat="28.02271" lon="98.623539"><time>2026-04-28T11:13:38.647Z</time></trkpt>
      <trkpt lat="28.02271" lon="98.623539"><time>2026-04-28T11:13:38.664Z</time></trkpt>
      <trkpt lat="28.02271" lon="98.623539"><time>2026-04-28T11:13:38.681Z</time></trkpt>
      <trkpt lat="28.022723" lon="98.623546"><time>2026-04-28T11:13:38.697Z</time></trkpt>
      <trkpt lat="28.022723" lon="98.623546"><time>2026-04-28T11:13:38.714Z</time></trkpt>
      <trkpt lat="28.022723" lon="98.623546"><time>2026-04-28T11:13:38.731Z</time></trkpt>
      <trkpt lat="28.022723" lon="98.623546"><time>2026-04-28T11:13:38.748Z</time></trkpt>
      <trkpt lat="28.022723" lon="98.623546"><time>2026-04-28T11:13:38.764Z</time></trkpt>
      <trkpt lat="28.022723" lon="98.623546"><time>2026-04-28T11:13:38.781Z</time></trkpt>
      <trkpt lat="28.022737" lon="98.623552"><time>2026-04-28T11:13:38.798Z</time></trkpt>
      <trkpt lat="28.022737" lon="98.623552"><time>2026-04-28T11:13:38.814Z</time></trkpt>
      <trkpt lat="28.022737" lon="98.623552"><time>2026-04-28T11:13:38.831Z</time></trkpt>
      <trkpt lat="28.022737" lon="98.623552"><time>2026-04-28T11:13:38.848Z</time></trkpt>
      <trkpt lat="28.022737" lon="98.623552"><time>2026-04-28T11:13:38.864Z</time></trkpt>
      <trkpt lat="28.022737" lon="98.623552"><time>2026-04-28T11:13:38.881Z</time></trkpt>
      <trkpt lat="28.022751" lon="98.623559"><time>2026-04-28T11:13:38.898Z</time></trkpt>
      <trkpt lat="28.022751" lon="98.623559"><time>2026-04-28T11:13:38.914Z</time></trkpt>
      <trkpt lat="28.022751" lon="98.623559"><time>2026-04-28T11:13:38.931Z</time></trkpt>
      <trkpt lat="28.022751" lon="98.623559"><time>2026-04-28T11:13:38.948Z</time></trkpt>
      <trkpt lat="28.022751" lon="98.623559"><time>2026-04-28T11:13:38.964Z</time></trkpt>
      <trkpt lat="28.022751" lon="98.623559"><time>2026-04-28T11:13:38.981Z</time></trkpt>
      <trkpt lat="28.022765" lon="98.623565"><time>2026-04-28T11:13:38.998Z</time></trkpt>
      <trkpt lat="28.022765" lon="98.623565"><time>2026-04-28T11:13:39.014Z</time></trkpt>
      <trkpt lat="28.022765" lon="98.623565"><time>2026-04-28T11:13:39.031Z</time></trkpt>
      <trkpt lat="28.022765" lon="98.623565"><time>2026-04-28T11:13:39.048Z</time></trkpt>
      <trkpt lat="28.022765" lon="98.623565"><time>2026-04-28T11:13:39.065Z</time></trkpt>
      <trkpt lat="28.022765" lon="98.623565"><time>2026-04-28T11:13:39.081Z</time></trkpt>
      <trkpt lat="28.022778" lon="98.623572"><time>2026-04-28T11:13:39.098Z</time></trkpt>
      <trkpt lat="28.022778" lon="98.623572"><time>2026-04-28T11:13:39.115Z</time></trkpt>
      <trkpt lat="28.022778" lon="98.623572"><time>2026-04-28T11:13:39.131Z</time></trkpt>
      <trkpt lat="28.022778" lon="98.623572"><time>2026-04-28T11:13:39.148Z</time></trkpt>
      <trkpt lat="28.022778" lon="98.623572"><time>2026-04-28T11:13:39.165Z</time></trkpt>
      <trkpt lat="28.022778" lon="98.623572"><time>2026-04-28T11:13:39.181Z</time></trkpt>
      <trkpt lat="28.022792" lon="98.623578"><time>2026-04-28T11:13:39.198Z</time></trkpt>
      <trkpt lat="28.022792" lon="98.623578"><time>2026-04-28T11:13:39.215Z</time></trkpt>
      <trkpt lat="28.022792" lon="98.623578"><time>2026-04-28T11:13:39.231Z</time></trkpt>
      <trkpt lat="28.022792" lon="98.623578"><time>2026-04-28T11:13:39.248Z</time></trkpt>
      <trkpt lat="28.022792" lon="98.623578"><time>2026-04-28T11:13:39.265Z</time></trkpt>
      <trkpt lat="28.022792" lon="98.623578"><time>2026-04-28T11:13:39.281Z</time></trkpt>
      <trkpt lat="28.022806" lon="98.623584"><time>2026-04-28T11:13:39.298Z</time></trkpt>
      <trkpt lat="28.022806" lon="98.623584"><time>2026-04-28T11:13:39.315Z</time></trkpt>
      <trkpt lat="28.022806" lon="98.623584"><time>2026-04-28T11:13:39.331Z</time></trkpt>
      <trkpt lat="28.022806" lon="98.623584"><time>2026-04-28T11:13:39.348Z</time></trkpt>
      <trkpt lat="28.022806" lon="98.623584"><time>2026-04-28T11:13:39.365Z</time></trkpt>
      <trkpt lat="28.022806" lon="98.623584"><time>2026-04-28T11:13:39.382Z</time></trkpt>
      <trkpt lat="28.02282" lon="98.62359"><time>2026-04-28T11:13:39.398Z</time></trkpt>
      <trkpt lat="28.02282" lon="98.62359"><time>2026-04-28T11:13:39.415Z</time></trkpt>
      <trkpt lat="28.02282" lon="98.62359"><time>2026-04-28T11:13:39.432Z</time></trkpt>
      <trkpt lat="28.02282" lon="98.62359"><time>2026-04-28T11:13:39.448Z</time></trkpt>
      <trkpt lat="28.02282" lon="98.62359"><time>2026-04-28T11:13:39.465Z</time></trkpt>
      <trkpt lat="28.02282" lon="98.62359"><time>2026-04-28T11:13:39.482Z</time></trkpt>
      <trkpt lat="28.022834" lon="98.623597"><time>2026-04-28T11:13:39.498Z</time></trkpt>
      <trkpt lat="28.022834" lon="98.623597"><time>2026-04-28T11:13:39.515Z</time></trkpt>
      <trkpt lat="28.022834" lon="98.623597"><time>2026-04-28T11:13:39.532Z</time></trkpt>
      <trkpt lat="28.022834" lon="98.623597"><time>2026-04-28T11:13:39.548Z</time></trkpt>
      <trkpt lat="28.022834" lon="98.623597"><time>2026-04-28T11:13:39.565Z</time></trkpt>
      <trkpt lat="28.022834" lon="98.623597"><time>2026-04-28T11:13:39.582Z</time></trkpt>
      <trkpt lat="28.022848" lon="98.623603"><time>2026-04-28T11:13:39.598Z</time></trkpt>
      <trkpt lat="28.022848" lon="98.623603"><time>2026-04-28T11:13:39.615Z</time></trkpt>
      <trkpt lat="28.022848" lon="98.623603"><time>2026-04-28T11:13:39.632Z</time></trkpt>
      <trkpt lat="28.022848" lon="98.623603"><time>2026-04-28T11:13:39.648Z</time></trkpt>
      <trkpt lat="28.022848" lon="98.623603"><time>2026-04-28T11:13:39.665Z</time></trkpt>
      <trkpt lat="28.022848" lon="98.623603"><time>2026-04-28T11:13:39.682Z</time></trkpt>
      <trkpt lat="28.022862" lon="98.623609"><time>2026-04-28T11:13:39.699Z</time></trkpt>
      <trkpt lat="28.022862" lon="98.623609"><time>2026-04-28T11:13:39.715Z</time></trkpt>
      <trkpt lat="28.022862" lon="98.623609"><time>2026-04-28T11:13:39.732Z</time></trkpt>
      <trkpt lat="28.022862" lon="98.623609"><time>2026-04-28T11:13:39.749Z</time></trkpt>
      <trkpt lat="28.022862" lon="98.623609"><time>2026-04-28T11:13:39.765Z</time></trkpt>
      <trkpt lat="28.022862" lon="98.623609"><time>2026-04-28T11:13:39.782Z</time></trkpt>
      <trkpt lat="28.022876" lon="98.623614"><time>2026-04-28T11:13:39.799Z</time></trkpt>
      <trkpt lat="28.022876" lon="98.623614"><time>2026-04-28T11:13:39.815Z</time></trkpt>
      <trkpt lat="28.022876" lon="98.623614"><time>2026-04-28T11:13:39.832Z</time></trkpt>
      <trkpt lat="28.022876" lon="98.623614"><time>2026-04-28T11:13:39.849Z</time></trkpt>
      <trkpt lat="28.022876" lon="98.623614"><time>2026-04-28T11:13:39.865Z</time></trkpt>
      <trkpt lat="28.022876" lon="98.623614"><time>2026-04-28T11:13:39.882Z</time></trkpt>
      <trkpt lat="28.02289" lon="98.62362"><time>2026-04-28T11:13:39.899Z</time></trkpt>
      <trkpt lat="28.02289" lon="98.62362"><time>2026-04-28T11:13:39.915Z</time></trkpt>
      <trkpt lat="28.02289" lon="98.62362"><time>2026-04-28T11:13:39.932Z</time></trkpt>
      <trkpt lat="28.02289" lon="98.62362"><time>2026-04-28T11:13:39.949Z</time></trkpt>
      <trkpt lat="28.02289" lon="98.62362"><time>2026-04-28T11:13:39.965Z</time></trkpt>
      <trkpt lat="28.02289" lon="98.62362"><time>2026-04-28T11:13:39.982Z</time></trkpt>
      <trkpt lat="28.022904" lon="98.623626"><time>2026-04-28T11:13:39.999Z</time></trkpt>
      <trkpt lat="28.022904" lon="98.623626"><time>2026-04-28T11:13:40.016Z</time></trkpt>
      <trkpt lat="28.022904" lon="98.623626"><time>2026-04-28T11:13:40.032Z</time></trkpt>
      <trkpt lat="28.022904" lon="98.623626"><time>2026-04-28T11:13:40.049Z</time></trkpt>
      <trkpt lat="28.022904" lon="98.623626"><time>2026-04-28T11:13:40.066Z</time></trkpt>
      <trkpt lat="28.022904" lon="98.623626"><time>2026-04-28T11:13:40.082Z</time></trkpt>
      <trkpt lat="28.022918" lon="98.623632"><time>2026-04-28T11:13:40.099Z</time></trkpt>
      <trkpt lat="28.022918" lon="98.623632"><time>2026-04-28T11:13:40.116Z</time></trkpt>
      <trkpt lat="28.022918" lon="98.623632"><time>2026-04-28T11:13:40.132Z</time></trkpt>
      <trkpt lat="28.022918" lon="98.623632"><time>2026-04-28T11:13:40.149Z</time></trkpt>
      <trkpt lat="28.022918" lon="98.623632"><time>2026-04-28T11:13:40.166Z</time></trkpt>
      <trkpt lat="28.022918" lon="98.623632"><time>2026-04-28T11:13:40.182Z</time></trkpt>
      <trkpt lat="28.022932" lon="98.623638"><time>2026-04-28T11:13:40.199Z</time></trkpt>
      <trkpt lat="28.022932" lon="98.623638"><time>2026-04-28T11:13:40.216Z</time></trkpt>
      <trkpt lat="28.022932" lon="98.623638"><time>2026-04-28T11:13:40.232Z</time></trkpt>
      <trkpt lat="28.022932" lon="98.623638"><time>2026-04-28T11:13:40.249Z</time></trkpt>
      <trkpt lat="28.022932" lon="98.623638"><time>2026-04-28T11:13:40.266Z</time></trkpt>
      <trkpt lat="28.022932" lon="98.623638"><time>2026-04-28T11:13:40.282Z</time></trkpt>
      <trkpt lat="28.022946" lon="98.623643"><time>2026-04-28T11:13:40.299Z</time></trkpt>
      <trkpt lat="28.022946" lon="98.623643"><time>2026-04-28T11:13:40.316Z</time></trkpt>
      <trkpt lat="28.022946" lon="98.623643"><time>2026-04-28T11:13:40.333Z</time></trkpt>
      <trkpt lat="28.022946" lon="98.623643"><time>2026-04-28T11:13:40.349Z</time></trkpt>
      <trkpt lat="28.022946" lon="98.623643"><time>2026-04-28T11:13:40.366Z</time></trkpt>
      <trkpt lat="28.022946" lon="98.623643"><time>2026-04-28T11:13:40.383Z</time></trkpt>
      <trkpt lat="28.02296" lon="98.623649"><time>2026-04-28T11:13:40.399Z</time></trkpt>
      <trkpt lat="28.02296" lon="98.623649"><time>2026-04-28T11:13:40.416Z</time></trkpt>
      <trkpt lat="28.02296" lon="98.623649"><time>2026-04-28T11:13:40.433Z</time></trkpt>
      <trkpt lat="28.02296" lon="98.623649"><time>2026-04-28T11:13:40.449Z</time></trkpt>
      <trkpt lat="28.02296" lon="98.623649"><time>2026-04-28T11:13:40.466Z</time></trkpt>
      <trkpt lat="28.02296" lon="98.623649"><time>2026-04-28T11:13:40.483Z</time></trkpt>
      <trkpt lat="28.022974" lon="98.623654"><time>2026-04-28T11:13:40.499Z</time></trkpt>
      <trkpt lat="28.022974" lon="98.623654"><time>2026-04-28T11:13:40.516Z</time></trkpt>
      <trkpt lat="28.022974" lon="98.623654"><time>2026-04-28T11:13:40.533Z</time></trkpt>
      <trkpt lat="28.022974" lon="98.623654"><time>2026-04-28T11:13:40.549Z</time></trkpt>
      <trkpt lat="28.022974" lon="98.623654"><time>2026-04-28T11:13:40.566Z</time></trkpt>
      <trkpt lat="28.022974" lon="98.623654"><time>2026-04-28T11:13:40.583Z</time></trkpt>
      <trkpt lat="28.022989" lon="98.62366"><time>2026-04-28T11:13:40.599Z</time></trkpt>
      <trkpt lat="28.022989" lon="98.62366"><time>2026-04-28T11:13:40.616Z</time></trkpt>
      <trkpt lat="28.022989" lon="98.62366"><time>2026-04-28T11:13:40.633Z</time></trkpt>
      <trkpt lat="28.022989" lon="98.62366"><time>2026-04-28T11:13:40.650Z</time></trkpt>
      <trkpt lat="28.022989" lon="98.62366"><time>2026-04-28T11:13:40.666Z</time></trkpt>
      <trkpt lat="28.022989" lon="98.62366"><time>2026-04-28T11:13:40.683Z</time></trkpt>
      <trkpt lat="28.023003" lon="98.623665"><time>2026-04-28T11:13:40.700Z</time></trkpt>
      <trkpt lat="28.023003" lon="98.623665"><time>2026-04-28T11:13:40.716Z</time></trkpt>
      <trkpt lat="28.023003" lon="98.623665"><time>2026-04-28T11:13:40.733Z</time></trkpt>
      <trkpt lat="28.023003" lon="98.623665"><time>2026-04-28T11:13:40.750Z</time></trkpt>
      <trkpt lat="28.023003" lon="98.623665"><time>2026-04-28T11:13:40.766Z</time></trkpt>
      <trkpt lat="28.023003" lon="98.623665"><time>2026-04-28T11:13:40.783Z</time></trkpt>
      <trkpt lat="28.023017" lon="98.623671"><time>2026-04-28T11:13:40.800Z</time></trkpt>
      <trkpt lat="28.023017" lon="98.623671"><time>2026-04-28T11:13:40.816Z</time></trkpt>
      <trkpt lat="28.023017" lon="98.623671"><time>2026-04-28T11:13:40.833Z</time></trkpt>
      <trkpt lat="28.023017" lon="98.623671"><time>2026-04-28T11:13:40.850Z</time></trkpt>
      <trkpt lat="28.023017" lon="98.623671"><time>2026-04-28T11:13:40.866Z</time></trkpt>
      <trkpt lat="28.023017" lon="98.623671"><time>2026-04-28T11:13:40.883Z</time></trkpt>
      <trkpt lat="28.023031" lon="98.623676"><time>2026-04-28T11:13:40.900Z</time></trkpt>
      <trkpt lat="28.023031" lon="98.623676"><time>2026-04-28T11:13:40.916Z</time></trkpt>
      <trkpt lat="28.023031" lon="98.623676"><time>2026-04-28T11:13:40.933Z</time></trkpt>
      <trkpt lat="28.023031" lon="98.623676"><time>2026-04-28T11:13:40.950Z</time></trkpt>
      <trkpt lat="28.023031" lon="98.623676"><time>2026-04-28T11:13:40.967Z</time></trkpt>
      <trkpt lat="28.023031" lon="98.623676"><time>2026-04-28T11:13:40.983Z</time></trkpt>
      <trkpt lat="28.023045" lon="98.623681"><time>2026-04-28T11:13:41.000Z</time></trkpt>
      <trkpt lat="28.023045" lon="98.623681"><time>2026-04-28T11:13:41.017Z</time></trkpt>
      <trkpt lat="28.023045" lon="98.623681"><time>2026-04-28T11:13:41.033Z</time></trkpt>
      <trkpt lat="28.023045" lon="98.623681"><time>2026-04-28T11:13:41.050Z</time></trkpt>
      <trkpt lat="28.023045" lon="98.623681"><time>2026-04-28T11:13:41.067Z</time></trkpt>
      <trkpt lat="28.023045" lon="98.623681"><time>2026-04-28T11:13:41.083Z</time></trkpt>
      <trkpt lat="28.023059" lon="98.623686"><time>2026-04-28T11:13:41.100Z</time></trkpt>
      <trkpt lat="28.023059" lon="98.623686"><time>2026-04-28T11:13:41.117Z</time></trkpt>
      <trkpt lat="28.023059" lon="98.623686"><time>2026-04-28T11:13:41.133Z</time></trkpt>
      <trkpt lat="28.023059" lon="98.623686"><time>2026-04-28T11:13:41.150Z</time></trkpt>
      <trkpt lat="28.023059" lon="98.623686"><time>2026-04-28T11:13:41.167Z</time></trkpt>
      <trkpt lat="28.023059" lon="98.623686"><time>2026-04-28T11:13:41.183Z</time></trkpt>
      <trkpt lat="28.023074" lon="98.623691"><time>2026-04-28T11:13:41.200Z</time></trkpt>
      <trkpt lat="28.023074" lon="98.623691"><time>2026-04-28T11:13:41.217Z</time></trkpt>
      <trkpt lat="28.023074" lon="98.623691"><time>2026-04-28T11:13:41.233Z</time></trkpt>
      <trkpt lat="28.023074" lon="98.623691"><time>2026-04-28T11:13:41.250Z</time></trkpt>
      <trkpt lat="28.023074" lon="98.623691"><time>2026-04-28T11:13:41.267Z</time></trkpt>
      <trkpt lat="28.023074" lon="98.623691"><time>2026-04-28T11:13:41.284Z</time></trkpt>
      <trkpt lat="28.023087" lon="98.623698"><time>2026-04-28T11:13:41.300Z</time></trkpt>
      <trkpt lat="28.023087" lon="98.623698"><time>2026-04-28T11:13:41.317Z</time></trkpt>
      <trkpt lat="28.023087" lon="98.623698"><time>2026-04-28T11:13:41.334Z</time></trkpt>
      <trkpt lat="28.023087" lon="98.623698"><time>2026-04-28T11:13:41.350Z</time></trkpt>
      <trkpt lat="28.023087" lon="98.623698"><time>2026-04-28T11:13:41.367Z</time></trkpt>
      <trkpt lat="28.023087" lon="98.623698"><time>2026-04-28T11:13:41.384Z</time></trkpt>
      <trkpt lat="28.023101" lon="98.623703"><time>2026-04-28T11:13:41.400Z</time></trkpt>
      <trkpt lat="28.023101" lon="98.623703"><time>2026-04-28T11:13:41.417Z</time></trkpt>
      <trkpt lat="28.023101" lon="98.623703"><time>2026-04-28T11:13:41.434Z</time></trkpt>
      <trkpt lat="28.023101" lon="98.623703"><time>2026-04-28T11:13:41.450Z</time></trkpt>
      <trkpt lat="28.023101" lon="98.623703"><time>2026-04-28T11:13:41.467Z</time></trkpt>
      <trkpt lat="28.023101" lon="98.623703"><time>2026-04-28T11:13:41.484Z</time></trkpt>
      <trkpt lat="28.023115" lon="98.623708"><time>2026-04-28T11:13:41.500Z</time></trkpt>
      <trkpt lat="28.023115" lon="98.623708"><time>2026-04-28T11:13:41.517Z</time></trkpt>
      <trkpt lat="28.023115" lon="98.623708"><time>2026-04-28T11:13:41.534Z</time></trkpt>
      <trkpt lat="28.023115" lon="98.623708"><time>2026-04-28T11:13:41.550Z</time></trkpt>
      <trkpt lat="28.023115" lon="98.623708"><time>2026-04-28T11:13:41.567Z</time></trkpt>
      <trkpt lat="28.023115" lon="98.623708"><time>2026-04-28T11:13:41.584Z</time></trkpt>
      <trkpt lat="28.02313" lon="98.623713"><time>2026-04-28T11:13:41.601Z</time></trkpt>
      <trkpt lat="28.02313" lon="98.623713"><time>2026-04-28T11:13:41.617Z</time></trkpt>
      <trkpt lat="28.02313" lon="98.623713"><time>2026-04-28T11:13:41.634Z</time></trkpt>
      <trkpt lat="28.02313" lon="98.623713"><time>2026-04-28T11:13:41.651Z</time></trkpt>
      <trkpt lat="28.02313" lon="98.623713"><time>2026-04-28T11:13:41.667Z</time></trkpt>
      <trkpt lat="28.02313" lon="98.623713"><time>2026-04-28T11:13:41.684Z</time></trkpt>
      <trkpt lat="28.023144" lon="98.623718"><time>2026-04-28T11:13:41.701Z</time></trkpt>
      <trkpt lat="28.023144" lon="98.623718"><time>2026-04-28T11:13:41.717Z</time></trkpt>
      <trkpt lat="28.023144" lon="98.623718"><time>2026-04-28T11:13:41.734Z</time></trkpt>
      <trkpt lat="28.023144" lon="98.623718"><time>2026-04-28T11:13:41.751Z</time></trkpt>
      <trkpt lat="28.023144" lon="98.623718"><time>2026-04-28T11:13:41.767Z</time></trkpt>
      <trkpt lat="28.023144" lon="98.623718"><time>2026-04-28T11:13:41.784Z</time></trkpt>
      <trkpt lat="28.023158" lon="98.623722"><time>2026-04-28T11:13:41.801Z</time></trkpt>
      <trkpt lat="28.023158" lon="98.623722"><time>2026-04-28T11:13:41.817Z</time></trkpt>
      <trkpt lat="28.023158" lon="98.623722"><time>2026-04-28T11:13:41.834Z</time></trkpt>
      <trkpt lat="28.023158" lon="98.623722"><time>2026-04-28T11:13:41.851Z</time></trkpt>
      <trkpt lat="28.023158" lon="98.623722"><time>2026-04-28T11:13:41.867Z</time></trkpt>
      <trkpt lat="28.023158" lon="98.623722"><time>2026-04-28T11:13:41.884Z</time></trkpt>
      <trkpt lat="28.023173" lon="98.623727"><time>2026-04-28T11:13:41.901Z</time></trkpt>
      <trkpt lat="28.023173" lon="98.623727"><time>2026-04-28T11:13:41.918Z</time></trkpt>
      <trkpt lat="28.023173" lon="98.623727"><time>2026-04-28T11:13:41.934Z</time></trkpt>
      <trkpt lat="28.023173" lon="98.623727"><time>2026-04-28T11:13:41.951Z</time></trkpt>
      <trkpt lat="28.023173" lon="98.623727"><time>2026-04-28T11:13:41.968Z</time></trkpt>
      <trkpt lat="28.023173" lon="98.623727"><time>2026-04-28T11:13:41.984Z</time></trkpt>
      <trkpt lat="28.023187" lon="98.623732"><time>2026-04-28T11:13:42.001Z</time></trkpt>
      <trkpt lat="28.023187" lon="98.623732"><time>2026-04-28T11:13:42.018Z</time></trkpt>
      <trkpt lat="28.023187" lon="98.623732"><time>2026-04-28T11:13:42.034Z</time></trkpt>
      <trkpt lat="28.023187" lon="98.623732"><time>2026-04-28T11:13:42.051Z</time></trkpt>
      <trkpt lat="28.023187" lon="98.623732"><time>2026-04-28T11:13:42.068Z</time></trkpt>
      <trkpt lat="28.023187" lon="98.623732"><time>2026-04-28T11:13:42.084Z</time></trkpt>
      <trkpt lat="28.023202" lon="98.623737"><time>2026-04-28T11:13:42.101Z</time></trkpt>
      <trkpt lat="28.023202" lon="98.623737"><time>2026-04-28T11:13:42.118Z</time></trkpt>
      <trkpt lat="28.023202" lon="98.623737"><time>2026-04-28T11:13:42.134Z</time></trkpt>
      <trkpt lat="28.023202" lon="98.623737"><time>2026-04-28T11:13:42.151Z</time></trkpt>
      <trkpt lat="28.023202" lon="98.623737"><time>2026-04-28T11:13:42.168Z</time></trkpt>
      <trkpt lat="28.023202" lon="98.623737"><time>2026-04-28T11:13:42.184Z</time></trkpt>
      <trkpt lat="28.023216" lon="98.623741"><time>2026-04-28T11:13:42.201Z</time></trkpt>
      <trkpt lat="28.023216" lon="98.623741"><time>2026-04-28T11:13:42.218Z</time></trkpt>
      <trkpt lat="28.023216" lon="98.623741"><time>2026-04-28T11:13:42.235Z</time></trkpt>
      <trkpt lat="28.023216" lon="98.623741"><time>2026-04-28T11:13:42.251Z</time></trkpt>
      <trkpt lat="28.023216" lon="98.623741"><time>2026-04-28T11:13:42.268Z</time></trkpt>
      <trkpt lat="28.023216" lon="98.623741"><time>2026-04-28T11:13:42.285Z</time></trkpt>
      <trkpt lat="28.02323" lon="98.623746"><time>2026-04-28T11:13:42.301Z</time></trkpt>
      <trkpt lat="28.02323" lon="98.623746"><time>2026-04-28T11:13:42.318Z</time></trkpt>
      <trkpt lat="28.02323" lon="98.623746"><time>2026-04-28T11:13:42.335Z</time></trkpt>
      <trkpt lat="28.02323" lon="98.623746"><time>2026-04-28T11:13:42.351Z</time></trkpt>
      <trkpt lat="28.02323" lon="98.623746"><time>2026-04-28T11:13:42.368Z</time></trkpt>
      <trkpt lat="28.02323" lon="98.623746"><time>2026-04-28T11:13:42.385Z</time></trkpt>
      <trkpt lat="28.023245" lon="98.62375"><time>2026-04-28T11:13:42.401Z</time></trkpt>
      <trkpt lat="28.023245" lon="98.62375"><time>2026-04-28T11:13:42.418Z</time></trkpt>
      <trkpt lat="28.023245" lon="98.62375"><time>2026-04-28T11:13:42.435Z</time></trkpt>
      <trkpt lat="28.023245" lon="98.62375"><time>2026-04-28T11:13:42.451Z</time></trkpt>
      <trkpt lat="28.023245" lon="98.62375"><time>2026-04-28T11:13:42.468Z</time></trkpt>
      <trkpt lat="28.023245" lon="98.62375"><time>2026-04-28T11:13:42.485Z</time></trkpt>
      <trkpt lat="28.023259" lon="98.623754"><time>2026-04-28T11:13:42.501Z</time></trkpt>
      <trkpt lat="28.023259" lon="98.623754"><time>2026-04-28T11:13:42.518Z</time></trkpt>
      <trkpt lat="28.023259" lon="98.623754"><time>2026-04-28T11:13:42.535Z</time></trkpt>
      <trkpt lat="28.023259" lon="98.623754"><time>2026-04-28T11:13:42.552Z</time></trkpt>
      <trkpt lat="28.023259" lon="98.623754"><time>2026-04-28T11:13:42.568Z</time></trkpt>
      <trkpt lat="28.023259" lon="98.623754"><time>2026-04-28T11:13:42.585Z</time></trkpt>
      <trkpt lat="28.023274" lon="98.623759"><time>2026-04-28T11:13:42.602Z</time></trkpt>
      <trkpt lat="28.023274" lon="98.623759"><time>2026-04-28T11:13:42.618Z</time></trkpt>
      <trkpt lat="28.023274" lon="98.623759"><time>2026-04-28T11:13:42.635Z</time></trkpt>
      <trkpt lat="28.023274" lon="98.623759"><time>2026-04-28T11:13:42.652Z</time></trkpt>
      <trkpt lat="28.023274" lon="98.623759"><time>2026-04-28T11:13:42.668Z</time></trkpt>
      <trkpt lat="28.023274" lon="98.623759"><time>2026-04-28T11:13:42.685Z</time></trkpt>
      <trkpt lat="28.023288" lon="98.623763"><time>2026-04-28T11:13:42.702Z</time></trkpt>
      <trkpt lat="28.023288" lon="98.623763"><time>2026-04-28T11:13:42.718Z</time></trkpt>
      <trkpt lat="28.023288" lon="98.623763"><time>2026-04-28T11:13:42.735Z</time></trkpt>
      <trkpt lat="28.023288" lon="98.623763"><time>2026-04-28T11:13:42.752Z</time></trkpt>
      <trkpt lat="28.023288" lon="98.623763"><time>2026-04-28T11:13:42.768Z</time></trkpt>
      <trkpt lat="28.023288" lon="98.623763"><time>2026-04-28T11:13:42.785Z</time></trkpt>
      <trkpt lat="28.023303" lon="98.623767"><time>2026-04-28T11:13:42.802Z</time></trkpt>
      <trkpt lat="28.023303" lon="98.623767"><time>2026-04-28T11:13:42.818Z</time></trkpt>
      <trkpt lat="28.023303" lon="98.623767"><time>2026-04-28T11:13:42.835Z</time></trkpt>
      <trkpt lat="28.023303" lon="98.623767"><time>2026-04-28T11:13:42.852Z</time></trkpt>
      <trkpt lat="28.023303" lon="98.623767"><time>2026-04-28T11:13:42.869Z</time></trkpt>
      <trkpt lat="28.023303" lon="98.623767"><time>2026-04-28T11:13:42.885Z</time></trkpt>
      <trkpt lat="28.023318" lon="98.623771"><time>2026-04-28T11:13:42.902Z</time></trkpt>
      <trkpt lat="28.023318" lon="98.623771"><time>2026-04-28T11:13:42.919Z</time></trkpt>
      <trkpt lat="28.023318" lon="98.623771"><time>2026-04-28T11:13:42.935Z</time></trkpt>
      <trkpt lat="28.023318" lon="98.623771"><time>2026-04-28T11:13:42.952Z</time></trkpt>
      <trkpt lat="28.023318" lon="98.623771"><time>2026-04-28T11:13:42.969Z</time></trkpt>
      <trkpt lat="28.023318" lon="98.623771"><time>2026-04-28T11:13:42.985Z</time></trkpt>
      <trkpt lat="28.023332" lon="98.623775"><time>2026-04-28T11:13:43.002Z</time></trkpt>
      <trkpt lat="28.023332" lon="98.623775"><time>2026-04-28T11:13:43.019Z</time></trkpt>
      <trkpt lat="28.023332" lon="98.623775"><time>2026-04-28T11:13:43.035Z</time></trkpt>
      <trkpt lat="28.023332" lon="98.623775"><time>2026-04-28T11:13:43.052Z</time></trkpt>
      <trkpt lat="28.023332" lon="98.623775"><time>2026-04-28T11:13:43.069Z</time></trkpt>
      <trkpt lat="28.023332" lon="98.623775"><time>2026-04-28T11:13:43.085Z</time></trkpt>
      <trkpt lat="28.023347" lon="98.623779"><time>2026-04-28T11:13:43.102Z</time></trkpt>
      <trkpt lat="28.023347" lon="98.623779"><time>2026-04-28T11:13:43.119Z</time></trkpt>
      <trkpt lat="28.023347" lon="98.623779"><time>2026-04-28T11:13:43.135Z</time></trkpt>
      <trkpt lat="28.023347" lon="98.623779"><time>2026-04-28T11:13:43.152Z</time></trkpt>
      <trkpt lat="28.023347" lon="98.623779"><time>2026-04-28T11:13:43.169Z</time></trkpt>
      <trkpt lat="28.023347" lon="98.623779"><time>2026-04-28T11:13:43.186Z</time></trkpt>
      <trkpt lat="28.023362" lon="98.623783"><time>2026-04-28T11:13:43.202Z</time></trkpt>
      <trkpt lat="28.023362" lon="98.623783"><time>2026-04-28T11:13:43.219Z</time></trkpt>
      <trkpt lat="28.023362" lon="98.623783"><time>2026-04-28T11:13:43.236Z</time></trkpt>
      <trkpt lat="28.023362" lon="98.623783"><time>2026-04-28T11:13:43.252Z</time></trkpt>
      <trkpt lat="28.023362" lon="98.623783"><time>2026-04-28T11:13:43.269Z</time></trkpt>
      <trkpt lat="28.023362" lon="98.623783"><time>2026-04-28T11:13:43.286Z</time></trkpt>
      <trkpt lat="28.023377" lon="98.623787"><time>2026-04-28T11:13:43.302Z</time></trkpt>
      <trkpt lat="28.023377" lon="98.623787"><time>2026-04-28T11:13:43.319Z</time></trkpt>
      <trkpt lat="28.023377" lon="98.623787"><time>2026-04-28T11:13:43.336Z</time></trkpt>
      <trkpt lat="28.023377" lon="98.623787"><time>2026-04-28T11:13:43.352Z</time></trkpt>
      <trkpt lat="28.023377" lon="98.623787"><time>2026-04-28T11:13:43.369Z</time></trkpt>
      <trkpt lat="28.023377" lon="98.623787"><time>2026-04-28T11:13:43.386Z</time></trkpt>
      <trkpt lat="28.023391" lon="98.62379"><time>2026-04-28T11:13:43.402Z</time></trkpt>
      <trkpt lat="28.023391" lon="98.62379"><time>2026-04-28T11:13:43.419Z</time></trkpt>
      <trkpt lat="28.023391" lon="98.62379"><time>2026-04-28T11:13:43.436Z</time></trkpt>
      <trkpt lat="28.023391" lon="98.62379"><time>2026-04-28T11:13:43.452Z</time></trkpt>
      <trkpt lat="28.023391" lon="98.62379"><time>2026-04-28T11:13:43.469Z</time></trkpt>
      <trkpt lat="28.023391" lon="98.62379"><time>2026-04-28T11:13:43.486Z</time></trkpt>
      <trkpt lat="28.023406" lon="98.623794"><time>2026-04-28T11:13:43.503Z</time></trkpt>
      <trkpt lat="28.023406" lon="98.623794"><time>2026-04-28T11:13:43.519Z</time></trkpt>
      <trkpt lat="28.023406" lon="98.623794"><time>2026-04-28T11:13:43.536Z</time></trkpt>
      <trkpt lat="28.023406" lon="98.623794"><time>2026-04-28T11:13:43.553Z</time></trkpt>
      <trkpt lat="28.023406" lon="98.623794"><time>2026-04-28T11:13:43.569Z</time></trkpt>
      <trkpt lat="28.023406" lon="98.623794"><time>2026-04-28T11:13:43.586Z</time></trkpt>
      <trkpt lat="28.023421" lon="98.623798"><time>2026-04-28T11:13:43.603Z</time></trkpt>
      <trkpt lat="28.023421" lon="98.623798"><time>2026-04-28T11:13:43.619Z</time></trkpt>
      <trkpt lat="28.023421" lon="98.623798"><time>2026-04-28T11:13:43.636Z</time></trkpt>
      <trkpt lat="28.023421" lon="98.623798"><time>2026-04-28T11:13:43.653Z</time></trkpt>
      <trkpt lat="28.023421" lon="98.623798"><time>2026-04-28T11:13:43.669Z</time></trkpt>
      <trkpt lat="28.023421" lon="98.623798"><time>2026-04-28T11:13:43.686Z</time></trkpt>
      <trkpt lat="28.023435" lon="98.623802"><time>2026-04-28T11:13:43.703Z</time></trkpt>
      <trkpt lat="28.023435" lon="98.623802"><time>2026-04-28T11:13:43.719Z</time></trkpt>
      <trkpt lat="28.023435" lon="98.623802"><time>2026-04-28T11:13:43.736Z</time></trkpt>
      <trkpt lat="28.023435" lon="98.623802"><time>2026-04-28T11:13:43.753Z</time></trkpt>
      <trkpt lat="28.023435" lon="98.623802"><time>2026-04-28T11:13:43.769Z</time></trkpt>
      <trkpt lat="28.023435" lon="98.623802"><time>2026-04-28T11:13:43.786Z</time></trkpt>
      <trkpt lat="28.02345" lon="98.623805"><time>2026-04-28T11:13:43.803Z</time></trkpt>
      <trkpt lat="28.02345" lon="98.623805"><time>2026-04-28T11:13:43.820Z</time></trkpt>
      <trkpt lat="28.02345" lon="98.623805"><time>2026-04-28T11:13:43.836Z</time></trkpt>
      <trkpt lat="28.02345" lon="98.623805"><time>2026-04-28T11:13:43.853Z</time></trkpt>
      <trkpt lat="28.02345" lon="98.623805"><time>2026-04-28T11:13:43.870Z</time></trkpt>
      <trkpt lat="28.02345" lon="98.623805"><time>2026-04-28T11:13:43.886Z</time></trkpt>
      <trkpt lat="28.023464" lon="98.623809"><time>2026-04-28T11:13:43.903Z</time></trkpt>
      <trkpt lat="28.023464" lon="98.623809"><time>2026-04-28T11:13:43.920Z</time></trkpt>
      <trkpt lat="28.023464" lon="98.623809"><time>2026-04-28T11:13:43.936Z</time></trkpt>
      <trkpt lat="28.023464" lon="98.623809"><time>2026-04-28T11:13:43.953Z</time></trkpt>
      <trkpt lat="28.023464" lon="98.623809"><time>2026-04-28T11:13:43.970Z</time></trkpt>
      <trkpt lat="28.023464" lon="98.623809"><time>2026-04-28T11:13:43.986Z</time></trkpt>
      <trkpt lat="28.023479" lon="98.623812"><time>2026-04-28T11:13:44.003Z</time></trkpt>
      <trkpt lat="28.023479" lon="98.623812"><time>2026-04-28T11:13:44.020Z</time></trkpt>
      <trkpt lat="28.023479" lon="98.623812"><time>2026-04-28T11:13:44.036Z</time></trkpt>
      <trkpt lat="28.023479" lon="98.623812"><time>2026-04-28T11:13:44.053Z</time></trkpt>
      <trkpt lat="28.023479" lon="98.623812"><time>2026-04-28T11:13:44.070Z</time></trkpt>
      <trkpt lat="28.023479" lon="98.623812"><time>2026-04-28T11:13:44.086Z</time></trkpt>
      <trkpt lat="28.023493" lon="98.623816"><time>2026-04-28T11:13:44.103Z</time></trkpt>
      <trkpt lat="28.023493" lon="98.623816"><time>2026-04-28T11:13:44.120Z</time></trkpt>
      <trkpt lat="28.023493" lon="98.623816"><time>2026-04-28T11:13:44.137Z</time></trkpt>
      <trkpt lat="28.023493" lon="98.623816"><time>2026-04-28T11:13:44.153Z</time></trkpt>
      <trkpt lat="28.023493" lon="98.623816"><time>2026-04-28T11:13:44.170Z</time></trkpt>
      <trkpt lat="28.023493" lon="98.623816"><time>2026-04-28T11:13:44.187Z</time></trkpt>
      <trkpt lat="28.023508" lon="98.623819"><time>2026-04-28T11:13:44.203Z</time></trkpt>
      <trkpt lat="28.023508" lon="98.623819"><time>2026-04-28T11:13:44.220Z</time></trkpt>
      <trkpt lat="28.023508" lon="98.623819"><time>2026-04-28T11:13:44.237Z</time></trkpt>
      <trkpt lat="28.023508" lon="98.623819"><time>2026-04-28T11:13:44.253Z</time></trkpt>
      <trkpt lat="28.023508" lon="98.623819"><time>2026-04-28T11:13:44.270Z</time></trkpt>
      <trkpt lat="28.023508" lon="98.623819"><time>2026-04-28T11:13:44.287Z</time></trkpt>
      <trkpt lat="28.023522" lon="98.623822"><time>2026-04-28T11:13:44.303Z</time></trkpt>
      <trkpt lat="28.023522" lon="98.623822"><time>2026-04-28T11:13:44.320Z</time></trkpt>
      <trkpt lat="28.023522" lon="98.623822"><time>2026-04-28T11:13:44.337Z</time></trkpt>
      <trkpt lat="28.023522" lon="98.623822"><time>2026-04-28T11:13:44.353Z</time></trkpt>
      <trkpt lat="28.023522" lon="98.623822"><time>2026-04-28T11:13:44.370Z</time></trkpt>
      <trkpt lat="28.023522" lon="98.623822"><time>2026-04-28T11:13:44.387Z</time></trkpt>
      <trkpt lat="28.023537" lon="98.623825"><time>2026-04-28T11:13:44.403Z</time></trkpt>
      <trkpt lat="28.023537" lon="98.623825"><time>2026-04-28T11:13:44.420Z</time></trkpt>
      <trkpt lat="28.023537" lon="98.623825"><time>2026-04-28T11:13:44.437Z</time></trkpt>
      <trkpt lat="28.023537" lon="98.623825"><time>2026-04-28T11:13:44.454Z</time></trkpt>
      <trkpt lat="28.023537" lon="98.623825"><time>2026-04-28T11:13:44.470Z</time></trkpt>
      <trkpt lat="28.023537" lon="98.623825"><time>2026-04-28T11:13:44.487Z</time></trkpt>
      <trkpt lat="28.023552" lon="98.623828"><time>2026-04-28T11:13:44.504Z</time></trkpt>
      <trkpt lat="28.023552" lon="98.623828"><time>2026-04-28T11:13:44.520Z</time></trkpt>
      <trkpt lat="28.023552" lon="98.623828"><time>2026-04-28T11:13:44.537Z</time></trkpt>
      <trkpt lat="28.023552" lon="98.623828"><time>2026-04-28T11:13:44.554Z</time></trkpt>
      <trkpt lat="28.023552" lon="98.623828"><time>2026-04-28T11:13:44.570Z</time></trkpt>
      <trkpt lat="28.023552" lon="98.623828"><time>2026-04-28T11:13:44.587Z</time></trkpt>
      <trkpt lat="28.023566" lon="98.623831"><time>2026-04-28T11:13:44.604Z</time></trkpt>
      <trkpt lat="28.023566" lon="98.623831"><time>2026-04-28T11:13:44.620Z</time></trkpt>
      <trkpt lat="28.023566" lon="98.623831"><time>2026-04-28T11:13:44.637Z</time></trkpt>
      <trkpt lat="28.023566" lon="98.623831"><time>2026-04-28T11:13:44.654Z</time></trkpt>
      <trkpt lat="28.023566" lon="98.623831"><time>2026-04-28T11:13:44.670Z</time></trkpt>
      <trkpt lat="28.023566" lon="98.623831"><time>2026-04-28T11:13:44.687Z</time></trkpt>
      <trkpt lat="28.023581" lon="98.623834"><time>2026-04-28T11:13:44.704Z</time></trkpt>
      <trkpt lat="28.023581" lon="98.623834"><time>2026-04-28T11:13:44.720Z</time></trkpt>
      <trkpt lat="28.023581" lon="98.623834"><time>2026-04-28T11:13:44.737Z</time></trkpt>
      <trkpt lat="28.023581" lon="98.623834"><time>2026-04-28T11:13:44.754Z</time></trkpt>
      <trkpt lat="28.023581" lon="98.623834"><time>2026-04-28T11:13:44.770Z</time></trkpt>
      <trkpt lat="28.023581" lon="98.623834"><time>2026-04-28T11:13:44.787Z</time></trkpt>
      <trkpt lat="28.023596" lon="98.623837"><time>2026-04-28T11:13:44.804Z</time></trkpt>
      <trkpt lat="28.023596" lon="98.623837"><time>2026-04-28T11:13:44.821Z</time></trkpt>
      <trkpt lat="28.023596" lon="98.623837"><time>2026-04-28T11:13:44.837Z</time></trkpt>
      <trkpt lat="28.023596" lon="98.623837"><time>2026-04-28T11:13:44.854Z</time></trkpt>
      <trkpt lat="28.023596" lon="98.623837"><time>2026-04-28T11:13:44.871Z</time></trkpt>
      <trkpt lat="28.023596" lon="98.623837"><time>2026-04-28T11:13:44.887Z</time></trkpt>
      <trkpt lat="28.023611" lon="98.62384"><time>2026-04-28T11:13:44.904Z</time></trkpt>
      <trkpt lat="28.023611" lon="98.62384"><time>2026-04-28T11:13:44.921Z</time></trkpt>
      <trkpt lat="28.023611" lon="98.62384"><time>2026-04-28T11:13:44.937Z</time></trkpt>
      <trkpt lat="28.023611" lon="98.62384"><time>2026-04-28T11:13:44.954Z</time></trkpt>
      <trkpt lat="28.023611" lon="98.62384"><time>2026-04-28T11:13:44.971Z</time></trkpt>
      <trkpt lat="28.023611" lon="98.62384"><time>2026-04-28T11:13:44.987Z</time></trkpt>
      <trkpt lat="28.023626" lon="98.623843"><time>2026-04-28T11:13:45.004Z</time></trkpt>
      <trkpt lat="28.023626" lon="98.623843"><time>2026-04-28T11:13:45.021Z</time></trkpt>
      <trkpt lat="28.023626" lon="98.623843"><time>2026-04-28T11:13:45.037Z</time></trkpt>
      <trkpt lat="28.023626" lon="98.623843"><time>2026-04-28T11:13:45.054Z</time></trkpt>
      <trkpt lat="28.023626" lon="98.623843"><time>2026-04-28T11:13:45.071Z</time></trkpt>
      <trkpt lat="28.023626" lon="98.623843"><time>2026-04-28T11:13:45.087Z</time></trkpt>
      <trkpt lat="28.02364" lon="98.623846"><time>2026-04-28T11:13:45.104Z</time></trkpt>
      <trkpt lat="28.02364" lon="98.623846"><time>2026-04-28T11:13:45.121Z</time></trkpt>
      <trkpt lat="28.02364" lon="98.623846"><time>2026-04-28T11:13:45.138Z</time></trkpt>
      <trkpt lat="28.02364" lon="98.623846"><time>2026-04-28T11:13:45.154Z</time></trkpt>
      <trkpt lat="28.02364" lon="98.623846"><time>2026-04-28T11:13:45.171Z</time></trkpt>
      <trkpt lat="28.02364" lon="98.623846"><time>2026-04-28T11:13:45.188Z</time></trkpt>
      <trkpt lat="28.023655" lon="98.623848"><time>2026-04-28T11:13:45.204Z</time></trkpt>
      <trkpt lat="28.023655" lon="98.623848"><time>2026-04-28T11:13:45.221Z</time></trkpt>
      <trkpt lat="28.023655" lon="98.623848"><time>2026-04-28T11:13:45.238Z</time></trkpt>
      <trkpt lat="28.023655" lon="98.623848"><time>2026-04-28T11:13:45.254Z</time></trkpt>
      <trkpt lat="28.023655" lon="98.623848"><time>2026-04-28T11:13:45.271Z</time></trkpt>
      <trkpt lat="28.023655" lon="98.623848"><time>2026-04-28T11:13:45.288Z</time></trkpt>
      <trkpt lat="28.02367" lon="98.623851"><time>2026-04-28T11:13:45.304Z</time></trkpt>
      <trkpt lat="28.02367" lon="98.623851"><time>2026-04-28T11:13:45.321Z</time></trkpt>
      <trkpt lat="28.02367" lon="98.623851"><time>2026-04-28T11:13:45.338Z</time></trkpt>
      <trkpt lat="28.02367" lon="98.623851"><time>2026-04-28T11:13:45.354Z</time></trkpt>
      <trkpt lat="28.02367" lon="98.623851"><time>2026-04-28T11:13:45.371Z</time></trkpt>
      <trkpt lat="28.02367" lon="98.623851"><time>2026-04-28T11:13:45.388Z</time></trkpt>
      <trkpt lat="28.023685" lon="98.623854"><time>2026-04-28T11:13:45.404Z</time></trkpt>
      <trkpt lat="28.023685" lon="98.623854"><time>2026-04-28T11:13:45.421Z</time></trkpt>
      <trkpt lat="28.023685" lon="98.623854"><time>2026-04-28T11:13:45.438Z</time></trkpt>
      <trkpt lat="28.023685" lon="98.623854"><time>2026-04-28T11:13:45.455Z</time></trkpt>
      <trkpt lat="28.023685" lon="98.623854"><time>2026-04-28T11:13:45.471Z</time></trkpt>
      <trkpt lat="28.023685" lon="98.623854"><time>2026-04-28T11:13:45.488Z</time></trkpt>
      <trkpt lat="28.0237" lon="98.623856"><time>2026-04-28T11:13:45.505Z</time></trkpt>
      <trkpt lat="28.0237" lon="98.623856"><time>2026-04-28T11:13:45.521Z</time></trkpt>
      <trkpt lat="28.0237" lon="98.623856"><time>2026-04-28T11:13:45.538Z</time></trkpt>
      <trkpt lat="28.0237" lon="98.623856"><time>2026-04-28T11:13:45.555Z</time></trkpt>
      <trkpt lat="28.0237" lon="98.623856"><time>2026-04-28T11:13:45.571Z</time></trkpt>
      <trkpt lat="28.0237" lon="98.623856"><time>2026-04-28T11:13:45.588Z</time></trkpt>
      <trkpt lat="28.023715" lon="98.623861"><time>2026-04-28T11:13:45.605Z</time></trkpt>
      <trkpt lat="28.023715" lon="98.623861"><time>2026-04-28T11:13:45.621Z</time></trkpt>
      <trkpt lat="28.023715" lon="98.623861"><time>2026-04-28T11:13:45.638Z</time></trkpt>
      <trkpt lat="28.023715" lon="98.623861"><time>2026-04-28T11:13:45.655Z</time></trkpt>
      <trkpt lat="28.023715" lon="98.623861"><time>2026-04-28T11:13:45.671Z</time></trkpt>
      <trkpt lat="28.023715" lon="98.623861"><time>2026-04-28T11:13:45.688Z</time></trkpt>
      <trkpt lat="28.02373" lon="98.623863"><time>2026-04-28T11:13:45.705Z</time></trkpt>
      <trkpt lat="28.02373" lon="98.623863"><time>2026-04-28T11:13:45.721Z</time></trkpt>
      <trkpt lat="28.02373" lon="98.623863"><time>2026-04-28T11:13:45.738Z</time></trkpt>
      <trkpt lat="28.02373" lon="98.623863"><time>2026-04-28T11:13:45.755Z</time></trkpt>
      <trkpt lat="28.02373" lon="98.623863"><time>2026-04-28T11:13:45.772Z</time></trkpt>
      <trkpt lat="28.02373" lon="98.623863"><time>2026-04-28T11:13:45.788Z</time></trkpt>
      <trkpt lat="28.023745" lon="98.623866"><time>2026-04-28T11:13:45.805Z</time></trkpt>
      <trkpt lat="28.023745" lon="98.623866"><time>2026-04-28T11:13:45.822Z</time></trkpt>
      <trkpt lat="28.023745" lon="98.623866"><time>2026-04-28T11:13:45.838Z</time></trkpt>
      <trkpt lat="28.023745" lon="98.623866"><time>2026-04-28T11:13:45.855Z</time></trkpt>
      <trkpt lat="28.023745" lon="98.623866"><time>2026-04-28T11:13:45.872Z</time></trkpt>
      <trkpt lat="28.023745" lon="98.623866"><time>2026-04-28T11:13:45.888Z</time></trkpt>
      <trkpt lat="28.02376" lon="98.623868"><time>2026-04-28T11:13:45.905Z</time></trkpt>
      <trkpt lat="28.02376" lon="98.623868"><time>2026-04-28T11:13:45.922Z</time></trkpt>
      <trkpt lat="28.02376" lon="98.623868"><time>2026-04-28T11:13:45.938Z</time></trkpt>
      <trkpt lat="28.02376" lon="98.623868"><time>2026-04-28T11:13:45.955Z</time></trkpt>
      <trkpt lat="28.02376" lon="98.623868"><time>2026-04-28T11:13:45.972Z</time></trkpt>
      <trkpt lat="28.02376" lon="98.623868"><time>2026-04-28T11:13:45.988Z</time></trkpt>
      <trkpt lat="28.023775" lon="98.623871"><time>2026-04-28T11:13:46.005Z</time></trkpt>
      <trkpt lat="28.023775" lon="98.623871"><time>2026-04-28T11:13:46.022Z</time></trkpt>
      <trkpt lat="28.023775" lon="98.623871"><time>2026-04-28T11:13:46.038Z</time></trkpt>
      <trkpt lat="28.023775" lon="98.623871"><time>2026-04-28T11:13:46.055Z</time></trkpt>
      <trkpt lat="28.023775" lon="98.623871"><time>2026-04-28T11:13:46.072Z</time></trkpt>
      <trkpt lat="28.023775" lon="98.623871"><time>2026-04-28T11:13:46.089Z</time></trkpt>
      <trkpt lat="28.02379" lon="98.623873"><time>2026-04-28T11:13:46.105Z</time></trkpt>
      <trkpt lat="28.02379" lon="98.623873"><time>2026-04-28T11:13:46.122Z</time></trkpt>
      <trkpt lat="28.02379" lon="98.623873"><time>2026-04-28T11:13:46.139Z</time></trkpt>
      <trkpt lat="28.02379" lon="98.623873"><time>2026-04-28T11:13:46.155Z</time></trkpt>
      <trkpt lat="28.02379" lon="98.623873"><time>2026-04-28T11:13:46.172Z</time></trkpt>
      <trkpt lat="28.02379" lon="98.623873"><time>2026-04-28T11:13:46.189Z</time></trkpt>
      <trkpt lat="28.023806" lon="98.623875"><time>2026-04-28T11:13:46.205Z</time></trkpt>
      <trkpt lat="28.023806" lon="98.623875"><time>2026-04-28T11:13:46.222Z</time></trkpt>
      <trkpt lat="28.023806" lon="98.623875"><time>2026-04-28T11:13:46.239Z</time></trkpt>
      <trkpt lat="28.023806" lon="98.623875"><time>2026-04-28T11:13:46.255Z</time></trkpt>
      <trkpt lat="28.023806" lon="98.623875"><time>2026-04-28T11:13:46.272Z</time></trkpt>
      <trkpt lat="28.023806" lon="98.623875"><time>2026-04-28T11:13:46.289Z</time></trkpt>
      <trkpt lat="28.023821" lon="98.623877"><time>2026-04-28T11:13:46.305Z</time></trkpt>
      <trkpt lat="28.023821" lon="98.623877"><time>2026-04-28T11:13:46.322Z</time></trkpt>
      <trkpt lat="28.023821" lon="98.623877"><time>2026-04-28T11:13:46.339Z</time></trkpt>
      <trkpt lat="28.023821" lon="98.623877"><time>2026-04-28T11:13:46.355Z</time></trkpt>
      <trkpt lat="28.023821" lon="98.623877"><time>2026-04-28T11:13:46.372Z</time></trkpt>
      <trkpt lat="28.023821" lon="98.623877"><time>2026-04-28T11:13:46.389Z</time></trkpt>
      <trkpt lat="28.023836" lon="98.62388"><time>2026-04-28T11:13:46.406Z</time></trkpt>
      <trkpt lat="28.023836" lon="98.62388"><time>2026-04-28T11:13:46.422Z</time></trkpt>
      <trkpt lat="28.023836" lon="98.62388"><time>2026-04-28T11:13:46.439Z</time></trkpt>
      <trkpt lat="28.023836" lon="98.62388"><time>2026-04-28T11:13:46.456Z</time></trkpt>
      <trkpt lat="28.023836" lon="98.62388"><time>2026-04-28T11:13:46.472Z</time></trkpt>
      <trkpt lat="28.023836" lon="98.62388"><time>2026-04-28T11:13:46.489Z</time></trkpt>
      <trkpt lat="28.023851" lon="98.623882"><time>2026-04-28T11:13:46.506Z</time></trkpt>
      <trkpt lat="28.023851" lon="98.623882"><time>2026-04-28T11:13:46.522Z</time></trkpt>
      <trkpt lat="28.023851" lon="98.623882"><time>2026-04-28T11:13:46.539Z</time></trkpt>
      <trkpt lat="28.023851" lon="98.623882"><time>2026-04-28T11:13:46.556Z</time></trkpt>
      <trkpt lat="28.023851" lon="98.623882"><time>2026-04-28T11:13:46.572Z</time></trkpt>
      <trkpt lat="28.023851" lon="98.623882"><time>2026-04-28T11:13:46.589Z</time></trkpt>
      <trkpt lat="28.023866" lon="98.623884"><time>2026-04-28T11:13:46.606Z</time></trkpt>
      <trkpt lat="28.023866" lon="98.623884"><time>2026-04-28T11:13:46.622Z</time></trkpt>
      <trkpt lat="28.023866" lon="98.623884"><time>2026-04-28T11:13:46.639Z</time></trkpt>
      <trkpt lat="28.023866" lon="98.623884"><time>2026-04-28T11:13:46.656Z</time></trkpt>
      <trkpt lat="28.023866" lon="98.623884"><time>2026-04-28T11:13:46.672Z</time></trkpt>
      <trkpt lat="28.023866" lon="98.623884"><time>2026-04-28T11:13:46.689Z</time></trkpt>
      <trkpt lat="28.023881" lon="98.623886"><time>2026-04-28T11:13:46.706Z</time></trkpt>
      <trkpt lat="28.023881" lon="98.623886"><time>2026-04-28T11:13:46.723Z</time></trkpt>
      <trkpt lat="28.023881" lon="98.623886"><time>2026-04-28T11:13:46.739Z</time></trkpt>
      <trkpt lat="28.023881" lon="98.623886"><time>2026-04-28T11:13:46.756Z</time></trkpt>
      <trkpt lat="28.023881" lon="98.623886"><time>2026-04-28T11:13:46.773Z</time></trkpt>
      <trkpt lat="28.023881" lon="98.623886"><time>2026-04-28T11:13:46.789Z</time></trkpt>
      <trkpt lat="28.023896" lon="98.623888"><time>2026-04-28T11:13:46.806Z</time></trkpt>
      <trkpt lat="28.023896" lon="98.623888"><time>2026-04-28T11:13:46.823Z</time></trkpt>
      <trkpt lat="28.023896" lon="98.623888"><time>2026-04-28T11:13:46.839Z</time></trkpt>
      <trkpt lat="28.023896" lon="98.623888"><time>2026-04-28T11:13:46.856Z</time></trkpt>
      <trkpt lat="28.023896" lon="98.623888"><time>2026-04-28T11:13:46.873Z</time></trkpt>
      <trkpt lat="28.023896" lon="98.623888"><time>2026-04-28T11:13:46.889Z</time></trkpt>
      <trkpt lat="28.023911" lon="98.623889"><time>2026-04-28T11:13:46.906Z</time></trkpt>
      <trkpt lat="28.023911" lon="98.623889"><time>2026-04-28T11:13:46.923Z</time></trkpt>
      <trkpt lat="28.023911" lon="98.623889"><time>2026-04-28T11:13:46.939Z</time></trkpt>
      <trkpt lat="28.023911" lon="98.623889"><time>2026-04-28T11:13:46.956Z</time></trkpt>
      <trkpt lat="28.023911" lon="98.623889"><time>2026-04-28T11:13:46.973Z</time></trkpt>
      <trkpt lat="28.023911" lon="98.623889"><time>2026-04-28T11:13:46.989Z</time></trkpt>
      <trkpt lat="28.023926" lon="98.623891"><time>2026-04-28T11:13:47.006Z</time></trkpt>
      <trkpt lat="28.023926" lon="98.623891"><time>2026-04-28T11:13:47.023Z</time></trkpt>
      <trkpt lat="28.023926" lon="98.623891"><time>2026-04-28T11:13:47.040Z</time></trkpt>
      <trkpt lat="28.023926" lon="98.623891"><time>2026-04-28T11:13:47.056Z</time></trkpt>
      <trkpt lat="28.023926" lon="98.623891"><time>2026-04-28T11:13:47.073Z</time></trkpt>
      <trkpt lat="28.023926" lon="98.623891"><time>2026-04-28T11:13:47.090Z</time></trkpt>
      <trkpt lat="28.023942" lon="98.623893"><time>2026-04-28T11:13:47.106Z</time></trkpt>
      <trkpt lat="28.023942" lon="98.623893"><time>2026-04-28T11:13:47.123Z</time></trkpt>
      <trkpt lat="28.023942" lon="98.623893"><time>2026-04-28T11:13:47.140Z</time></trkpt>
      <trkpt lat="28.023942" lon="98.623893"><time>2026-04-28T11:13:47.156Z</time></trkpt>
      <trkpt lat="28.023942" lon="98.623893"><time>2026-04-28T11:13:47.173Z</time></trkpt>
      <trkpt lat="28.023942" lon="98.623893"><time>2026-04-28T11:13:47.190Z</time></trkpt>
      <trkpt lat="28.023957" lon="98.623894"><time>2026-04-28T11:13:47.206Z</time></trkpt>
      <trkpt lat="28.023957" lon="98.623894"><time>2026-04-28T11:13:47.223Z</time></trkpt>
      <trkpt lat="28.023957" lon="98.623894"><time>2026-04-28T11:13:47.240Z</time></trkpt>
      <trkpt lat="28.023957" lon="98.623894"><time>2026-04-28T11:13:47.256Z</time></trkpt>
      <trkpt lat="28.023957" lon="98.623894"><time>2026-04-28T11:13:47.273Z</time></trkpt>
      <trkpt lat="28.023957" lon="98.623894"><time>2026-04-28T11:13:47.290Z</time></trkpt>
      <trkpt lat="28.023972" lon="98.623896"><time>2026-04-28T11:13:47.306Z</time></trkpt>
      <trkpt lat="28.023972" lon="98.623896"><time>2026-04-28T11:13:47.323Z</time></trkpt>
      <trkpt lat="28.023972" lon="98.623896"><time>2026-04-28T11:13:47.340Z</time></trkpt>
      <trkpt lat="28.023972" lon="98.623896"><time>2026-04-28T11:13:47.357Z</time></trkpt>
      <trkpt lat="28.023972" lon="98.623896"><time>2026-04-28T11:13:47.373Z</time></trkpt>
      <trkpt lat="28.023972" lon="98.623896"><time>2026-04-28T11:13:47.390Z</time></trkpt>
      <trkpt lat="28.023987" lon="98.623897"><time>2026-04-28T11:13:47.407Z</time></trkpt>
      <trkpt lat="28.023987" lon="98.623897"><time>2026-04-28T11:13:47.423Z</time></trkpt>
      <trkpt lat="28.023987" lon="98.623897"><time>2026-04-28T11:13:47.440Z</time></trkpt>
      <trkpt lat="28.023987" lon="98.623897"><time>2026-04-28T11:13:47.457Z</time></trkpt>
      <trkpt lat="28.023987" lon="98.623897"><time>2026-04-28T11:13:47.473Z</time></trkpt>
      <trkpt lat="28.023987" lon="98.623897"><time>2026-04-28T11:13:47.490Z</time></trkpt>
      <trkpt lat="28.024002" lon="98.623899"><time>2026-04-28T11:13:47.507Z</time></trkpt>
      <trkpt lat="28.024002" lon="98.623899"><time>2026-04-28T11:13:47.523Z</time></trkpt>
      <trkpt lat="28.024002" lon="98.623899"><time>2026-04-28T11:13:47.540Z</time></trkpt>
      <trkpt lat="28.024002" lon="98.623899"><time>2026-04-28T11:13:47.557Z</time></trkpt>
      <trkpt lat="28.024002" lon="98.623899"><time>2026-04-28T11:13:47.573Z</time></trkpt>
      <trkpt lat="28.024002" lon="98.623899"><time>2026-04-28T11:13:47.590Z</time></trkpt>
      <trkpt lat="28.024017" lon="98.6239"><time>2026-04-28T11:13:47.607Z</time></trkpt>
      <trkpt lat="28.024017" lon="98.6239"><time>2026-04-28T11:13:47.623Z</time></trkpt>
      <trkpt lat="28.024017" lon="98.6239"><time>2026-04-28T11:13:47.640Z</time></trkpt>
      <trkpt lat="28.024017" lon="98.6239"><time>2026-04-28T11:13:47.657Z</time></trkpt>
      <trkpt lat="28.024017" lon="98.6239"><time>2026-04-28T11:13:47.674Z</time></trkpt>
      <trkpt lat="28.024017" lon="98.6239"><time>2026-04-28T11:13:47.690Z</time></trkpt>
      <trkpt lat="28.024033" lon="98.623901"><time>2026-04-28T11:13:47.707Z</time></trkpt>
      <trkpt lat="28.024033" lon="98.623901"><time>2026-04-28T11:13:47.724Z</time></trkpt>
      <trkpt lat="28.024033" lon="98.623901"><time>2026-04-28T11:13:47.740Z</time></trkpt>
      <trkpt lat="28.024033" lon="98.623901"><time>2026-04-28T11:13:47.757Z</time></trkpt>
      <trkpt lat="28.024033" lon="98.623901"><time>2026-04-28T11:13:47.774Z</time></trkpt>
      <trkpt lat="28.024033" lon="98.623901"><time>2026-04-28T11:13:47.790Z</time></trkpt>
      <trkpt lat="28.024048" lon="98.623903"><time>2026-04-28T11:13:47.807Z</time></trkpt>
      <trkpt lat="28.024048" lon="98.623903"><time>2026-04-28T11:13:47.824Z</time></trkpt>
      <trkpt lat="28.024048" lon="98.623903"><time>2026-04-28T11:13:47.840Z</time></trkpt>
      <trkpt lat="28.024048" lon="98.623903"><time>2026-04-28T11:13:47.857Z</time></trkpt>
      <trkpt lat="28.024048" lon="98.623903"><time>2026-04-28T11:13:47.874Z</time></trkpt>
      <trkpt lat="28.024048" lon="98.623903"><time>2026-04-28T11:13:47.890Z</time></trkpt>
      <trkpt lat="28.024064" lon="98.623904"><time>2026-04-28T11:13:47.907Z</time></trkpt>
      <trkpt lat="28.024064" lon="98.623904"><time>2026-04-28T11:13:47.924Z</time></trkpt>
      <trkpt lat="28.024064" lon="98.623904"><time>2026-04-28T11:13:47.940Z</time></trkpt>
      <trkpt lat="28.024064" lon="98.623904"><time>2026-04-28T11:13:47.957Z</time></trkpt>
      <trkpt lat="28.024064" lon="98.623904"><time>2026-04-28T11:13:47.974Z</time></trkpt>
      <trkpt lat="28.024064" lon="98.623904"><time>2026-04-28T11:13:47.991Z</time></trkpt>
      <trkpt lat="28.024079" lon="98.623905"><time>2026-04-28T11:13:48.007Z</time></trkpt>
      <trkpt lat="28.024079" lon="98.623905"><time>2026-04-28T11:13:48.024Z</time></trkpt>
      <trkpt lat="28.024079" lon="98.623905"><time>2026-04-28T11:13:48.041Z</time></trkpt>
      <trkpt lat="28.024079" lon="98.623905"><time>2026-04-28T11:13:48.057Z</time></trkpt>
      <trkpt lat="28.024079" lon="98.623905"><time>2026-04-28T11:13:48.074Z</time></trkpt>
      <trkpt lat="28.024079" lon="98.623905"><time>2026-04-28T11:13:48.091Z</time></trkpt>
      <trkpt lat="28.024094" lon="98.623906"><time>2026-04-28T11:13:48.107Z</time></trkpt>
      <trkpt lat="28.024094" lon="98.623906"><time>2026-04-28T11:13:48.124Z</time></trkpt>
      <trkpt lat="28.024094" lon="98.623906"><time>2026-04-28T11:13:48.141Z</time></trkpt>
      <trkpt lat="28.024094" lon="98.623906"><time>2026-04-28T11:13:48.157Z</time></trkpt>
      <trkpt lat="28.024094" lon="98.623906"><time>2026-04-28T11:13:48.174Z</time></trkpt>
      <trkpt lat="28.024094" lon="98.623906"><time>2026-04-28T11:13:48.191Z</time></trkpt>
      <trkpt lat="28.02411" lon="98.623907"><time>2026-04-28T11:13:48.207Z</time></trkpt>
      <trkpt lat="28.02411" lon="98.623907"><time>2026-04-28T11:13:48.224Z</time></trkpt>
      <trkpt lat="28.02411" lon="98.623907"><time>2026-04-28T11:13:48.241Z</time></trkpt>
      <trkpt lat="28.02411" lon="98.623907"><time>2026-04-28T11:13:48.257Z</time></trkpt>
      <trkpt lat="28.02411" lon="98.623907"><time>2026-04-28T11:13:48.274Z</time></trkpt>
      <trkpt lat="28.02411" lon="98.623907"><time>2026-04-28T11:13:48.291Z</time></trkpt>
      <trkpt lat="28.024125" lon="98.623908"><time>2026-04-28T11:13:48.308Z</time></trkpt>
      <trkpt lat="28.024125" lon="98.623908"><time>2026-04-28T11:13:48.324Z</time></trkpt>
      <trkpt lat="28.024125" lon="98.623908"><time>2026-04-28T11:13:48.341Z</time></trkpt>
      <trkpt lat="28.024125" lon="98.623908"><time>2026-04-28T11:13:48.358Z</time></trkpt>
      <trkpt lat="28.024125" lon="98.623908"><time>2026-04-28T11:13:48.374Z</time></trkpt>
      <trkpt lat="28.024125" lon="98.623908"><time>2026-04-28T11:13:48.391Z</time></trkpt>
      <trkpt lat="28.02414" lon="98.623909"><time>2026-04-28T11:13:48.408Z</time></trkpt>
      <trkpt lat="28.02414" lon="98.623909"><time>2026-04-28T11:13:48.424Z</time></trkpt>
      <trkpt lat="28.02414" lon="98.623909"><time>2026-04-28T11:13:48.441Z</time></trkpt>
      <trkpt lat="28.02414" lon="98.623909"><time>2026-04-28T11:13:48.458Z</time></trkpt>
      <trkpt lat="28.02414" lon="98.623909"><time>2026-04-28T11:13:48.474Z</time></trkpt>
      <trkpt lat="28.02414" lon="98.623909"><time>2026-04-28T11:13:48.491Z</time></trkpt>
      <trkpt lat="28.024156" lon="98.62391"><time>2026-04-28T11:13:48.508Z</time></trkpt>
      <trkpt lat="28.024156" lon="98.62391"><time>2026-04-28T11:13:48.524Z</time></trkpt>
      <trkpt lat="28.024156" lon="98.62391"><time>2026-04-28T11:13:48.541Z</time></trkpt>
      <trkpt lat="28.024156" lon="98.62391"><time>2026-04-28T11:13:48.558Z</time></trkpt>
      <trkpt lat="28.024156" lon="98.62391"><time>2026-04-28T11:13:48.574Z</time></trkpt>
      <trkpt lat="28.024156" lon="98.62391"><time>2026-04-28T11:13:48.591Z</time></trkpt>
      <trkpt lat="28.024172" lon="98.623911"><time>2026-04-28T11:13:48.608Z</time></trkpt>
      <trkpt lat="28.024172" lon="98.623911"><time>2026-04-28T11:13:48.625Z</time></trkpt>
      <trkpt lat="28.024172" lon="98.623911"><time>2026-04-28T11:13:48.641Z</time></trkpt>
      <trkpt lat="28.024172" lon="98.623911"><time>2026-04-28T11:13:48.658Z</time></trkpt>
      <trkpt lat="28.024172" lon="98.623911"><time>2026-04-28T11:13:48.675Z</time></trkpt>
      <trkpt lat="28.024172" lon="98.623911"><time>2026-04-28T11:13:48.691Z</time></trkpt>
      <trkpt lat="28.024187" lon="98.623912"><time>2026-04-28T11:13:48.708Z</time></trkpt>
      <trkpt lat="28.024187" lon="98.623912"><time>2026-04-28T11:13:48.725Z</time></trkpt>
      <trkpt lat="28.024187" lon="98.623912"><time>2026-04-28T11:13:48.741Z</time></trkpt>
      <trkpt lat="28.024187" lon="98.623912"><time>2026-04-28T11:13:48.758Z</time></trkpt>
      <trkpt lat="28.024187" lon="98.623912"><time>2026-04-28T11:13:48.775Z</time></trkpt>
      <trkpt lat="28.024187" lon="98.623912"><time>2026-04-28T11:13:48.791Z</time></trkpt>
      <trkpt lat="28.024203" lon="98.623912"><time>2026-04-28T11:13:48.808Z</time></trkpt>
      <trkpt lat="28.024203" lon="98.623912"><time>2026-04-28T11:13:48.825Z</time></trkpt>
      <trkpt lat="28.024203" lon="98.623912"><time>2026-04-28T11:13:48.841Z</time></trkpt>
      <trkpt lat="28.024203" lon="98.623912"><time>2026-04-28T11:13:48.858Z</time></trkpt>
      <trkpt lat="28.024203" lon="98.623912"><time>2026-04-28T11:13:48.875Z</time></trkpt>
      <trkpt lat="28.024203" lon="98.623912"><time>2026-04-28T11:13:48.891Z</time></trkpt>
      <trkpt lat="28.024218" lon="98.623913"><time>2026-04-28T11:13:48.908Z</time></trkpt>
      <trkpt lat="28.024218" lon="98.623913"><time>2026-04-28T11:13:48.925Z</time></trkpt>
      <trkpt lat="28.024218" lon="98.623913"><time>2026-04-28T11:13:48.942Z</time></trkpt>
      <trkpt lat="28.024218" lon="98.623913"><time>2026-04-28T11:13:48.958Z</time></trkpt>
      <trkpt lat="28.024218" lon="98.623913"><time>2026-04-28T11:13:48.975Z</time></trkpt>
      <trkpt lat="28.024218" lon="98.623913"><time>2026-04-28T11:13:48.992Z</time></trkpt>
      <trkpt lat="28.024234" lon="98.623913"><time>2026-04-28T11:13:49.008Z</time></trkpt>
      <trkpt lat="28.024234" lon="98.623913"><time>2026-04-28T11:13:49.025Z</time></trkpt>
      <trkpt lat="28.024234" lon="98.623913"><time>2026-04-28T11:13:49.042Z</time></trkpt>
      <trkpt lat="28.024234" lon="98.623913"><time>2026-04-28T11:13:49.058Z</time></trkpt>
      <trkpt lat="28.024234" lon="98.623913"><time>2026-04-28T11:13:49.075Z</time></trkpt>
      <trkpt lat="28.024234" lon="98.623913"><time>2026-04-28T11:13:49.092Z</time></trkpt>
      <trkpt lat="28.024249" lon="98.623914"><time>2026-04-28T11:13:49.108Z</time></trkpt>
      <trkpt lat="28.024249" lon="98.623914"><time>2026-04-28T11:13:49.125Z</time></trkpt>
      <trkpt lat="28.024249" lon="98.623914"><time>2026-04-28T11:13:49.142Z</time></trkpt>
      <trkpt lat="28.024249" lon="98.623914"><time>2026-04-28T11:13:49.158Z</time></trkpt>
      <trkpt lat="28.024249" lon="98.623914"><time>2026-04-28T11:13:49.175Z</time></trkpt>
      <trkpt lat="28.024249" lon="98.623914"><time>2026-04-28T11:13:49.192Z</time></trkpt>
      <trkpt lat="28.024264" lon="98.623917"><time>2026-04-28T11:13:49.208Z</time></trkpt>
      <trkpt lat="28.024264" lon="98.623917"><time>2026-04-28T11:13:49.225Z</time></trkpt>
      <trkpt lat="28.024264" lon="98.623917"><time>2026-04-28T11:13:49.242Z</time></trkpt>
      <trkpt lat="28.024264" lon="98.623917"><time>2026-04-28T11:13:49.259Z</time></trkpt>
      <trkpt lat="28.024264" lon="98.623917"><time>2026-04-28T11:13:49.275Z</time></trkpt>
      <trkpt lat="28.024264" lon="98.623917"><time>2026-04-28T11:13:49.292Z</time></trkpt>
      <trkpt lat="28.02428" lon="98.623917"><time>2026-04-28T11:13:49.309Z</time></trkpt>
      <trkpt lat="28.02428" lon="98.623917"><time>2026-04-28T11:13:49.325Z</time></trkpt>
      <trkpt lat="28.02428" lon="98.623917"><time>2026-04-28T11:13:49.342Z</time></trkpt>
      <trkpt lat="28.02428" lon="98.623917"><time>2026-04-28T11:13:49.359Z</time></trkpt>
      <trkpt lat="28.02428" lon="98.623917"><time>2026-04-28T11:13:49.375Z</time></trkpt>
      <trkpt lat="28.02428" lon="98.623917"><time>2026-04-28T11:13:49.392Z</time></trkpt>
      <trkpt lat="28.024295" lon="98.623918"><time>2026-04-28T11:13:49.409Z</time></trkpt>
      <trkpt lat="28.024295" lon="98.623918"><time>2026-04-28T11:13:49.425Z</time></trkpt>
      <trkpt lat="28.024295" lon="98.623918"><time>2026-04-28T11:13:49.442Z</time></trkpt>
      <trkpt lat="28.024295" lon="98.623918"><time>2026-04-28T11:13:49.459Z</time></trkpt>
      <trkpt lat="28.024295" lon="98.623918"><time>2026-04-28T11:13:49.475Z</time></trkpt>
      <trkpt lat="28.024295" lon="98.623918"><time>2026-04-28T11:13:49.492Z</time></trkpt>
      <trkpt lat="28.024311" lon="98.623918"><time>2026-04-28T11:13:49.509Z</time></trkpt>
      <trkpt lat="28.024311" lon="98.623918"><time>2026-04-28T11:13:49.525Z</time></trkpt>
      <trkpt lat="28.024311" lon="98.623918"><time>2026-04-28T11:13:49.542Z</time></trkpt>
      <trkpt lat="28.024311" lon="98.623918"><time>2026-04-28T11:13:49.559Z</time></trkpt>
      <trkpt lat="28.024311" lon="98.623918"><time>2026-04-28T11:13:49.576Z</time></trkpt>
      <trkpt lat="28.024311" lon="98.623918"><time>2026-04-28T11:13:49.592Z</time></trkpt>
      <trkpt lat="28.024326" lon="98.623918"><time>2026-04-28T11:13:49.609Z</time></trkpt>
      <trkpt lat="28.024326" lon="98.623918"><time>2026-04-28T11:13:49.626Z</time></trkpt>
      <trkpt lat="28.024326" lon="98.623918"><time>2026-04-28T11:13:49.642Z</time></trkpt>
      <trkpt lat="28.024326" lon="98.623918"><time>2026-04-28T11:13:49.659Z</time></trkpt>
      <trkpt lat="28.024326" lon="98.623918"><time>2026-04-28T11:13:49.676Z</time></trkpt>
      <trkpt lat="28.024326" lon="98.623918"><time>2026-04-28T11:13:49.692Z</time></trkpt>
      <trkpt lat="28.024342" lon="98.623919"><time>2026-04-28T11:13:49.709Z</time></trkpt>
      <trkpt lat="28.024342" lon="98.623919"><time>2026-04-28T11:13:49.726Z</time></trkpt>
      <trkpt lat="28.024342" lon="98.623919"><time>2026-04-28T11:13:49.742Z</time></trkpt>
      <trkpt lat="28.024342" lon="98.623919"><time>2026-04-28T11:13:49.759Z</time></trkpt>
      <trkpt lat="28.024342" lon="98.623919"><time>2026-04-28T11:13:49.776Z</time></trkpt>
      <trkpt lat="28.024342" lon="98.623919"><time>2026-04-28T11:13:49.792Z</time></trkpt>
      <trkpt lat="28.024357" lon="98.623919"><time>2026-04-28T11:13:49.809Z</time></trkpt>
      <trkpt lat="28.024357" lon="98.623919"><time>2026-04-28T11:13:49.826Z</time></trkpt>
      <trkpt lat="28.024357" lon="98.623919"><time>2026-04-28T11:13:49.842Z</time></trkpt>
      <trkpt lat="28.024357" lon="98.623919"><time>2026-04-28T11:13:49.859Z</time></trkpt>
      <trkpt lat="28.024357" lon="98.623919"><time>2026-04-28T11:13:49.876Z</time></trkpt>
      <trkpt lat="28.024357" lon="98.623919"><time>2026-04-28T11:13:49.893Z</time></trkpt>
      <trkpt lat="28.024373" lon="98.623919"><time>2026-04-28T11:13:49.909Z</time></trkpt>
      <trkpt lat="28.024373" lon="98.623919"><time>2026-04-28T11:13:49.926Z</time></trkpt>
      <trkpt lat="28.024373" lon="98.623919"><time>2026-04-28T11:13:49.943Z</time></trkpt>
      <trkpt lat="28.024373" lon="98.623919"><time>2026-04-28T11:13:49.959Z</time></trkpt>
      <trkpt lat="28.024373" lon="98.623919"><time>2026-04-28T11:13:49.976Z</time></trkpt>
      <trkpt lat="28.024373" lon="98.623919"><time>2026-04-28T11:13:49.993Z</time></trkpt>
      <trkpt lat="28.024388" lon="98.623919"><time>2026-04-28T11:13:50.009Z</time></trkpt>
      <trkpt lat="28.024388" lon="98.623919"><time>2026-04-28T11:13:50.026Z</time></trkpt>
      <trkpt lat="28.024388" lon="98.623919"><time>2026-04-28T11:13:50.043Z</time></trkpt>
      <trkpt lat="28.024388" lon="98.623919"><time>2026-04-28T11:13:50.059Z</time></trkpt>
      <trkpt lat="28.024388" lon="98.623919"><time>2026-04-28T11:13:50.076Z</time></trkpt>
      <trkpt lat="28.024388" lon="98.623919"><time>2026-04-28T11:13:50.093Z</time></trkpt>
      <trkpt lat="28.024404" lon="98.623919"><time>2026-04-28T11:13:50.109Z</time></trkpt>
      <trkpt lat="28.024404" lon="98.623919"><time>2026-04-28T11:13:50.126Z</time></trkpt>
      <trkpt lat="28.024404" lon="98.623919"><time>2026-04-28T11:13:50.143Z</time></trkpt>
      <trkpt lat="28.024404" lon="98.623919"><time>2026-04-28T11:13:50.159Z</time></trkpt>
      <trkpt lat="28.024404" lon="98.623919"><time>2026-04-28T11:13:50.176Z</time></trkpt>
      <trkpt lat="28.024404" lon="98.623919"><time>2026-04-28T11:13:50.193Z</time></trkpt>
      <trkpt lat="28.024419" lon="98.623919"><time>2026-04-28T11:13:50.210Z</time></trkpt>
      <trkpt lat="28.024419" lon="98.623919"><time>2026-04-28T11:13:50.226Z</time></trkpt>
      <trkpt lat="28.024419" lon="98.623919"><time>2026-04-28T11:13:50.243Z</time></trkpt>
      <trkpt lat="28.024419" lon="98.623919"><time>2026-04-28T11:13:50.260Z</time></trkpt>
      <trkpt lat="28.024419" lon="98.623919"><time>2026-04-28T11:13:50.276Z</time></trkpt>
      <trkpt lat="28.024419" lon="98.623919"><time>2026-04-28T11:13:50.293Z</time></trkpt>
      <trkpt lat="28.024435" lon="98.623919"><time>2026-04-28T11:13:50.310Z</time></trkpt>
      <trkpt lat="28.024435" lon="98.623919"><time>2026-04-28T11:13:50.326Z</time></trkpt>
      <trkpt lat="28.024435" lon="98.623919"><time>2026-04-28T11:13:50.343Z</time></trkpt>
      <trkpt lat="28.024435" lon="98.623919"><time>2026-04-28T11:13:50.360Z</time></trkpt>
      <trkpt lat="28.024435" lon="98.623919"><time>2026-04-28T11:13:50.376Z</time></trkpt>
      <trkpt lat="28.024435" lon="98.623919"><time>2026-04-28T11:13:50.393Z</time></trkpt>
      <trkpt lat="28.024451" lon="98.623919"><time>2026-04-28T11:13:50.410Z</time></trkpt>
      <trkpt lat="28.024451" lon="98.623919"><time>2026-04-28T11:13:50.426Z</time></trkpt>
      <trkpt lat="28.024451" lon="98.623919"><time>2026-04-28T11:13:50.443Z</time></trkpt>
      <trkpt lat="28.024451" lon="98.623919"><time>2026-04-28T11:13:50.460Z</time></trkpt>
      <trkpt lat="28.024451" lon="98.623919"><time>2026-04-28T11:13:50.476Z</time></trkpt>
      <trkpt lat="28.024451" lon="98.623919"><time>2026-04-28T11:13:50.493Z</time></trkpt>
      <trkpt lat="28.024466" lon="98.623919"><time>2026-04-28T11:13:50.510Z</time></trkpt>
      <trkpt lat="28.024466" lon="98.623919"><time>2026-04-28T11:13:50.527Z</time></trkpt>
      <trkpt lat="28.024466" lon="98.623919"><time>2026-04-28T11:13:50.543Z</time></trkpt>
      <trkpt lat="28.024466" lon="98.623919"><time>2026-04-28T11:13:50.560Z</time></trkpt>
      <trkpt lat="28.024466" lon="98.623919"><time>2026-04-28T11:13:50.577Z</time></trkpt>
      <trkpt lat="28.024466" lon="98.623919"><time>2026-04-28T11:13:50.593Z</time></trkpt>
      <trkpt lat="28.024482" lon="98.623919"><time>2026-04-28T11:13:50.610Z</time></trkpt>
      <trkpt lat="28.024482" lon="98.623919"><time>2026-04-28T11:13:50.627Z</time></trkpt>
      <trkpt lat="28.024482" lon="98.623919"><time>2026-04-28T11:13:50.643Z</time></trkpt>
      <trkpt lat="28.024482" lon="98.623919"><time>2026-04-28T11:13:50.660Z</time></trkpt>
      <trkpt lat="28.024482" lon="98.623919"><time>2026-04-28T11:13:50.677Z</time></trkpt>
      <trkpt lat="28.024482" lon="98.623919"><time>2026-04-28T11:13:50.693Z</time></trkpt>
      <trkpt lat="28.024498" lon="98.623919"><time>2026-04-28T11:13:50.710Z</time></trkpt>
      <trkpt lat="28.024498" lon="98.623919"><time>2026-04-28T11:13:50.727Z</time></trkpt>
      <trkpt lat="28.024498" lon="98.623919"><time>2026-04-28T11:13:50.743Z</time></trkpt>
      <trkpt lat="28.024498" lon="98.623919"><time>2026-04-28T11:13:50.760Z</time></trkpt>
      <trkpt lat="28.024498" lon="98.623919"><time>2026-04-28T11:13:50.777Z</time></trkpt>
      <trkpt lat="28.024498" lon="98.623919"><time>2026-04-28T11:13:50.793Z</time></trkpt>
      <trkpt lat="28.024513" lon="98.623918"><time>2026-04-28T11:13:50.810Z</time></trkpt>
      <trkpt lat="28.024513" lon="98.623918"><time>2026-04-28T11:13:50.827Z</time></trkpt>
      <trkpt lat="28.024513" lon="98.623918"><time>2026-04-28T11:13:50.844Z</time></trkpt>
      <trkpt lat="28.024513" lon="98.623918"><time>2026-04-28T11:13:50.860Z</time></trkpt>
      <trkpt lat="28.024513" lon="98.623918"><time>2026-04-28T11:13:50.877Z</time></trkpt>
      <trkpt lat="28.024513" lon="98.623918"><time>2026-04-28T11:13:50.894Z</time></trkpt>
      <trkpt lat="28.024529" lon="98.623918"><time>2026-04-28T11:13:50.910Z</time></trkpt>
      <trkpt lat="28.024529" lon="98.623918"><time>2026-04-28T11:13:50.927Z</time></trkpt>
      <trkpt lat="28.024529" lon="98.623918"><time>2026-04-28T11:13:50.944Z</time></trkpt>
      <trkpt lat="28.024529" lon="98.623918"><time>2026-04-28T11:13:50.960Z</time></trkpt>
      <trkpt lat="28.024529" lon="98.623918"><time>2026-04-28T11:13:50.977Z</time></trkpt>
      <trkpt lat="28.024529" lon="98.623918"><time>2026-04-28T11:13:50.994Z</time></trkpt>
      <trkpt lat="28.024545" lon="98.623918"><time>2026-04-28T11:13:51.010Z</time></trkpt>
      <trkpt lat="28.024545" lon="98.623918"><time>2026-04-28T11:13:51.027Z</time></trkpt>
      <trkpt lat="28.024545" lon="98.623918"><time>2026-04-28T11:13:51.044Z</time></trkpt>
      <trkpt lat="28.024545" lon="98.623918"><time>2026-04-28T11:13:51.060Z</time></trkpt>
      <trkpt lat="28.024545" lon="98.623918"><time>2026-04-28T11:13:51.077Z</time></trkpt>
      <trkpt lat="28.024545" lon="98.623918"><time>2026-04-28T11:13:51.094Z</time></trkpt>
      <trkpt lat="28.024561" lon="98.623917"><time>2026-04-28T11:13:51.110Z</time></trkpt>
      <trkpt lat="28.024561" lon="98.623917"><time>2026-04-28T11:13:51.127Z</time></trkpt>
      <trkpt lat="28.024561" lon="98.623917"><time>2026-04-28T11:13:51.144Z</time></trkpt>
      <trkpt lat="28.024561" lon="98.623917"><time>2026-04-28T11:13:51.161Z</time></trkpt>
      <trkpt lat="28.024561" lon="98.623917"><time>2026-04-28T11:13:51.177Z</time></trkpt>
      <trkpt lat="28.024561" lon="98.623917"><time>2026-04-28T11:13:51.194Z</time></trkpt>
      <trkpt lat="28.024576" lon="98.623917"><time>2026-04-28T11:13:51.211Z</time></trkpt>
      <trkpt lat="28.024576" lon="98.623917"><time>2026-04-28T11:13:51.227Z</time></trkpt>
      <trkpt lat="28.024576" lon="98.623917"><time>2026-04-28T11:13:51.244Z</time></trkpt>
      <trkpt lat="28.024576" lon="98.623917"><time>2026-04-28T11:13:51.261Z</time></trkpt>
      <trkpt lat="28.024576" lon="98.623917"><time>2026-04-28T11:13:51.277Z</time></trkpt>
      <trkpt lat="28.024576" lon="98.623917"><time>2026-04-28T11:13:51.294Z</time></trkpt>
      <trkpt lat="28.024592" lon="98.623916"><time>2026-04-28T11:13:51.311Z</time></trkpt>
      <trkpt lat="28.024592" lon="98.623916"><time>2026-04-28T11:13:51.327Z</time></trkpt>
      <trkpt lat="28.024592" lon="98.623916"><time>2026-04-28T11:13:51.344Z</time></trkpt>
      <trkpt lat="28.024592" lon="98.623916"><time>2026-04-28T11:13:51.361Z</time></trkpt>
      <trkpt lat="28.024592" lon="98.623916"><time>2026-04-28T11:13:51.377Z</time></trkpt>
      <trkpt lat="28.024592" lon="98.623916"><time>2026-04-28T11:13:51.394Z</time></trkpt>
      <trkpt lat="28.024608" lon="98.623915"><time>2026-04-28T11:13:51.411Z</time></trkpt>
      <trkpt lat="28.024608" lon="98.623915"><time>2026-04-28T11:13:51.427Z</time></trkpt>
      <trkpt lat="28.024608" lon="98.623915"><time>2026-04-28T11:13:51.444Z</time></trkpt>
      <trkpt lat="28.024608" lon="98.623915"><time>2026-04-28T11:13:51.461Z</time></trkpt>
      <trkpt lat="28.024608" lon="98.623915"><time>2026-04-28T11:13:51.477Z</time></trkpt>
      <trkpt lat="28.024608" lon="98.623915"><time>2026-04-28T11:13:51.494Z</time></trkpt>
      <trkpt lat="28.024623" lon="98.623914"><time>2026-04-28T11:13:51.511Z</time></trkpt>
      <trkpt lat="28.024623" lon="98.623914"><time>2026-04-28T11:13:51.528Z</time></trkpt>
      <trkpt lat="28.024623" lon="98.623914"><time>2026-04-28T11:13:51.544Z</time></trkpt>
      <trkpt lat="28.024623" lon="98.623914"><time>2026-04-28T11:13:51.561Z</time></trkpt>
      <trkpt lat="28.024623" lon="98.623914"><time>2026-04-28T11:13:51.578Z</time></trkpt>
      <trkpt lat="28.024623" lon="98.623914"><time>2026-04-28T11:13:51.594Z</time></trkpt>
      <trkpt lat="28.024639" lon="98.623914"><time>2026-04-28T11:13:51.611Z</time></trkpt>
      <trkpt lat="28.024639" lon="98.623914"><time>2026-04-28T11:13:51.628Z</time></trkpt>
      <trkpt lat="28.024639" lon="98.623914"><time>2026-04-28T11:13:51.644Z</time></trkpt>
      <trkpt lat="28.024639" lon="98.623914"><time>2026-04-28T11:13:51.661Z</time></trkpt>
      <trkpt lat="28.024639" lon="98.623914"><time>2026-04-28T11:13:51.678Z</time></trkpt>
      <trkpt lat="28.024639" lon="98.623914"><time>2026-04-28T11:13:51.694Z</time></trkpt>
      <trkpt lat="28.024655" lon="98.623913"><time>2026-04-28T11:13:51.711Z</time></trkpt>
      <trkpt lat="28.024655" lon="98.623913"><time>2026-04-28T11:13:51.728Z</time></trkpt>
      <trkpt lat="28.024655" lon="98.623913"><time>2026-04-28T11:13:51.744Z</time></trkpt>
      <trkpt lat="28.024655" lon="98.623913"><time>2026-04-28T11:13:51.761Z</time></trkpt>
      <trkpt lat="28.024655" lon="98.623913"><time>2026-04-28T11:13:51.778Z</time></trkpt>
      <trkpt lat="28.024655" lon="98.623913"><time>2026-04-28T11:13:51.794Z</time></trkpt>
      <trkpt lat="28.024671" lon="98.623912"><time>2026-04-28T11:13:51.811Z</time></trkpt>
      <trkpt lat="28.024671" lon="98.623912"><time>2026-04-28T11:13:51.828Z</time></trkpt>
      <trkpt lat="28.024671" lon="98.623912"><time>2026-04-28T11:13:51.845Z</time></trkpt>
      <trkpt lat="28.024671" lon="98.623912"><time>2026-04-28T11:13:51.861Z</time></trkpt>
      <trkpt lat="28.024671" lon="98.623912"><time>2026-04-28T11:13:51.878Z</time></trkpt>
      <trkpt lat="28.024671" lon="98.623912"><time>2026-04-28T11:13:51.895Z</time></trkpt>
      <trkpt lat="28.024687" lon="98.623911"><time>2026-04-28T11:13:51.911Z</time></trkpt>
      <trkpt lat="28.024687" lon="98.623911"><time>2026-04-28T11:13:51.928Z</time></trkpt>
      <trkpt lat="28.024687" lon="98.623911"><time>2026-04-28T11:13:51.945Z</time></trkpt>
      <trkpt lat="28.024687" lon="98.623911"><time>2026-04-28T11:13:51.961Z</time></trkpt>
      <trkpt lat="28.024687" lon="98.623911"><time>2026-04-28T11:13:51.978Z</time></trkpt>
      <trkpt lat="28.024687" lon="98.623911"><time>2026-04-28T11:13:51.995Z</time></trkpt>
      <trkpt lat="28.024702" lon="98.62391"><time>2026-04-28T11:13:52.011Z</time></trkpt>
      <trkpt lat="28.024702" lon="98.62391"><time>2026-04-28T11:13:52.028Z</time></trkpt>
      <trkpt lat="28.024702" lon="98.62391"><time>2026-04-28T11:13:52.045Z</time></trkpt>
      <trkpt lat="28.024702" lon="98.62391"><time>2026-04-28T11:13:52.061Z</time></trkpt>
      <trkpt lat="28.024702" lon="98.62391"><time>2026-04-28T11:13:52.078Z</time></trkpt>
      <trkpt lat="28.024702" lon="98.62391"><time>2026-04-28T11:13:52.095Z</time></trkpt>
      <trkpt lat="28.024718" lon="98.623909"><time>2026-04-28T11:13:52.111Z</time></trkpt>
      <trkpt lat="28.024718" lon="98.623909"><time>2026-04-28T11:13:52.128Z</time></trkpt>
      <trkpt lat="28.024718" lon="98.623909"><time>2026-04-28T11:13:52.145Z</time></trkpt>
      <trkpt lat="28.024718" lon="98.623909"><time>2026-04-28T11:13:52.162Z</time></trkpt>
      <trkpt lat="28.024718" lon="98.623909"><time>2026-04-28T11:13:52.178Z</time></trkpt>
      <trkpt lat="28.024718" lon="98.623909"><time>2026-04-28T11:13:52.195Z</time></trkpt>
      <trkpt lat="28.024734" lon="98.623907"><time>2026-04-28T11:13:52.212Z</time></trkpt>
      <trkpt lat="28.024734" lon="98.623907"><time>2026-04-28T11:13:52.228Z</time></trkpt>
      <trkpt lat="28.024734" lon="98.623907"><time>2026-04-28T11:13:52.245Z</time></trkpt>
      <trkpt lat="28.024734" lon="98.623907"><time>2026-04-28T11:13:52.262Z</time></trkpt>
      <trkpt lat="28.024734" lon="98.623907"><time>2026-04-28T11:13:52.278Z</time></trkpt>
      <trkpt lat="28.02475" lon="98.623908"><time>2026-04-28T11:13:52.295Z</time></trkpt>
      <trkpt lat="28.02475" lon="98.623908"><time>2026-04-28T11:13:52.312Z</time></trkpt>
      <trkpt lat="28.02475" lon="98.623908"><time>2026-04-28T11:13:52.328Z</time></trkpt>
      <trkpt lat="28.02475" lon="98.623908"><time>2026-04-28T11:13:52.345Z</time></trkpt>
      <trkpt lat="28.02475" lon="98.623908"><time>2026-04-28T11:13:52.362Z</time></trkpt>
      <trkpt lat="28.02475" lon="98.623908"><time>2026-04-28T11:13:52.378Z</time></trkpt>
      <trkpt lat="28.02475" lon="98.623908"><time>2026-04-28T11:13:52.395Z</time></trkpt>
      <trkpt lat="28.024765" lon="98.623907"><time>2026-04-28T11:13:52.412Z</time></trkpt>
      <trkpt lat="28.024765" lon="98.623907"><time>2026-04-28T11:13:52.428Z</time></trkpt>
      <trkpt lat="28.024765" lon="98.623907"><time>2026-04-28T11:13:52.445Z</time></trkpt>
      <trkpt lat="28.024765" lon="98.623907"><time>2026-04-28T11:13:52.462Z</time></trkpt>
      <trkpt lat="28.024765" lon="98.623907"><time>2026-04-28T11:13:52.479Z</time></trkpt>
      <trkpt lat="28.024781" lon="98.623905"><time>2026-04-28T11:13:52.495Z</time></trkpt>
      <trkpt lat="28.024781" lon="98.623905"><time>2026-04-28T11:13:52.512Z</time></trkpt>
      <trkpt lat="28.024781" lon="98.623905"><time>2026-04-28T11:13:52.529Z</time></trkpt>
      <trkpt lat="28.024781" lon="98.623905"><time>2026-04-28T11:13:52.545Z</time></trkpt>
      <trkpt lat="28.024781" lon="98.623905"><time>2026-04-28T11:13:52.562Z</time></trkpt>
      <trkpt lat="28.024781" lon="98.623905"><time>2026-04-28T11:13:52.579Z</time></trkpt>
      <trkpt lat="28.024781" lon="98.623905"><time>2026-04-28T11:13:52.595Z</time></trkpt>
      <trkpt lat="28.024797" lon="98.623904"><time>2026-04-28T11:13:52.612Z</time></trkpt>
      <trkpt lat="28.024797" lon="98.623904"><time>2026-04-28T11:13:52.629Z</time></trkpt>
      <trkpt lat="28.024797" lon="98.623904"><time>2026-04-28T11:13:52.645Z</time></trkpt>
      <trkpt lat="28.024797" lon="98.623904"><time>2026-04-28T11:13:52.662Z</time></trkpt>
      <trkpt lat="28.024797" lon="98.623904"><time>2026-04-28T11:13:52.679Z</time></trkpt>
      <trkpt lat="28.024812" lon="98.623902"><time>2026-04-28T11:13:52.695Z</time></trkpt>
      <trkpt lat="28.024812" lon="98.623902"><time>2026-04-28T11:13:52.712Z</time></trkpt>
      <trkpt lat="28.024812" lon="98.623902"><time>2026-04-28T11:13:52.729Z</time></trkpt>
      <trkpt lat="28.024812" lon="98.623902"><time>2026-04-28T11:13:52.745Z</time></trkpt>
      <trkpt lat="28.024812" lon="98.623902"><time>2026-04-28T11:13:52.762Z</time></trkpt>
      <trkpt lat="28.024812" lon="98.623902"><time>2026-04-28T11:13:52.779Z</time></trkpt>
      <trkpt lat="28.024812" lon="98.623902"><time>2026-04-28T11:13:52.796Z</time></trkpt>
      <trkpt lat="28.024828" lon="98.623901"><time>2026-04-28T11:13:52.812Z</time></trkpt>
      <trkpt lat="28.024828" lon="98.623901"><time>2026-04-28T11:13:52.829Z</time></trkpt>
      <trkpt lat="28.024828" lon="98.623901"><time>2026-04-28T11:13:52.846Z</time></trkpt>
      <trkpt lat="28.024828" lon="98.623901"><time>2026-04-28T11:13:52.862Z</time></trkpt>
      <trkpt lat="28.024828" lon="98.623901"><time>2026-04-28T11:13:52.879Z</time></trkpt>
      <trkpt lat="28.024844" lon="98.623899"><time>2026-04-28T11:13:52.896Z</time></trkpt>
      <trkpt lat="28.024844" lon="98.623899"><time>2026-04-28T11:13:52.912Z</time></trkpt>
      <trkpt lat="28.024844" lon="98.623899"><time>2026-04-28T11:13:52.929Z</time></trkpt>
      <trkpt lat="28.024844" lon="98.623899"><time>2026-04-28T11:13:52.946Z</time></trkpt>
      <trkpt lat="28.024844" lon="98.623899"><time>2026-04-28T11:13:52.962Z</time></trkpt>
      <trkpt lat="28.024844" lon="98.623899"><time>2026-04-28T11:13:52.979Z</time></trkpt>
      <trkpt lat="28.02486" lon="98.623897"><time>2026-04-28T11:13:52.996Z</time></trkpt>
      <trkpt lat="28.02486" lon="98.623897"><time>2026-04-28T11:13:53.012Z</time></trkpt>
      <trkpt lat="28.02486" lon="98.623897"><time>2026-04-28T11:13:53.029Z</time></trkpt>
      <trkpt lat="28.02486" lon="98.623897"><time>2026-04-28T11:13:53.046Z</time></trkpt>
      <trkpt lat="28.02486" lon="98.623897"><time>2026-04-28T11:13:53.062Z</time></trkpt>
      <trkpt lat="28.02486" lon="98.623897"><time>2026-04-28T11:13:53.079Z</time></trkpt>
      <trkpt lat="28.024875" lon="98.623896"><time>2026-04-28T11:13:53.096Z</time></trkpt>
      <trkpt lat="28.024875" lon="98.623896"><time>2026-04-28T11:13:53.113Z</time></trkpt>
      <trkpt lat="28.024875" lon="98.623896"><time>2026-04-28T11:13:53.129Z</time></trkpt>
      <trkpt lat="28.024875" lon="98.623896"><time>2026-04-28T11:13:53.146Z</time></trkpt>
      <trkpt lat="28.024875" lon="98.623896"><time>2026-04-28T11:13:53.163Z</time></trkpt>
      <trkpt lat="28.024875" lon="98.623896"><time>2026-04-28T11:13:53.179Z</time></trkpt>
      <trkpt lat="28.024891" lon="98.623894"><time>2026-04-28T11:13:53.196Z</time></trkpt>
      <trkpt lat="28.024891" lon="98.623894"><time>2026-04-28T11:13:53.213Z</time></trkpt>
      <trkpt lat="28.024891" lon="98.623894"><time>2026-04-28T11:13:53.229Z</time></trkpt>
      <trkpt lat="28.024891" lon="98.623894"><time>2026-04-28T11:13:53.246Z</time></trkpt>
      <trkpt lat="28.024891" lon="98.623894"><time>2026-04-28T11:13:53.263Z</time></trkpt>
      <trkpt lat="28.024891" lon="98.623894"><time>2026-04-28T11:13:53.279Z</time></trkpt>
      <trkpt lat="28.024907" lon="98.623892"><time>2026-04-28T11:13:53.296Z</time></trkpt>
      <trkpt lat="28.024907" lon="98.623892"><time>2026-04-28T11:13:53.313Z</time></trkpt>
      <trkpt lat="28.024907" lon="98.623892"><time>2026-04-28T11:13:53.329Z</time></trkpt>
      <trkpt lat="28.024907" lon="98.623892"><time>2026-04-28T11:13:53.346Z</time></trkpt>
      <trkpt lat="28.024907" lon="98.623892"><time>2026-04-28T11:13:53.363Z</time></trkpt>
      <trkpt lat="28.024907" lon="98.623892"><time>2026-04-28T11:13:53.379Z</time></trkpt>
      <trkpt lat="28.024922" lon="98.62389"><time>2026-04-28T11:13:53.396Z</time></trkpt>
    </trkseg>
  </trk>
</gpx>
