<?xml version="1.0" encoding="UTF-8"?>
<gpx version="1.1" creator="Kairos" xmlns="http://www.topografix.com/GPX/1/1">
  <trk>
    <name>sidecar-srt-4fcbebfb377a59e6</name>
    <trkseg>
      <trkpt lat="0.000001" lon="-0.000001"><time>2026-04-25T04:58:16.000Z</time></trkpt>
      <trkpt lat="0.000001" lon="-0.000001"><time>2026-04-25T04:58:16.016Z</time></trkpt>
      <trkpt lat="0.000001" lon="-0.000001"><time>2026-04-25T04:58:16.032Z</time></trkpt>
      <trkpt lat="0.000001" lon="-0.000001"><time>2026-04-25T04:58:16.049Z</time></trkpt>
      <trkpt lat="0.000001" lon="-0.000001"><time>2026-04-25T04:58:16.066Z</time></trkpt>
      <trkpt lat="0.000001" lon="-0.000001"><time>2026-04-25T04:58:16.082Z</time></trkpt>
      <trkpt lat="0.000001" lon="-0.000001"><time>2026-04-25T04:58:16.099Z</time></trkpt>
      <trkpt lat="0.000001" lon="-0.000001"><time>2026-04-25T04:58:16.116Z</time></trkpt>
      <trkpt lat="0.000001" lon="-0.000001"><time>2026-04-25T04:58:16.132Z</time></trkpt>
      <trkpt lat="0.000001" lon="-0.000001"><time>2026-04-25T04:58:16.149Z</time></trkpt>
      <trkpt lat="0.000001" lon="-0.000001"><time>2026-04-25T04:58:16.166Z</time></trkpt>
      <trkpt lat="0.000001" lon="-0.000001"><time>2026-04-25T04:58:16.182Z</time></trkpt>
      <trkpt lat="0.000001" lon="-0.000001"><time>2026-04-25T04:58:16.199Z</time></trkpt>
      <trkpt lat="0.000001" lon="-0.000001"><time>2026-04-25T04:58:16.216Z</time></trkpt>
      <trkpt lat="0.000001" lon="-0.000001"><time>2026-04-25T04:58:16.232Z</time></trkpt>
      <trkpt lat="0.000001" lon="-0.000001"><time>2026-04-25T04:58:16.249Z</time></trkpt>
      <trkpt lat="0.000001" lon="-0.000001"><time>2026-04-25T04:58:16.266Z</time></trkpt>
      <trkpt lat="0.000001" lon="-0.000001"><time>2026-04-25T04:58:16.282Z</time></trkpt>
      <trkpt lat="0.000001" lon="-0.000001"><time>2026-04-25T04:58:16.299Z</time></trkpt>
      <trkpt lat="0.000001" lon="-0.000001"><time>2026-04-25T04:58:16.316Z</time></trkpt>
      <trkpt lat="0.000001" lon="-0.000001"><time>2026-04-25T04:58:16.333Z</time></trkpt>
      <trkpt lat="0.000001" lon="-0.000001"><time>2026-04-25T04:58:16.349Z</time></trkpt>
      <trkpt lat="0.000001" lon="-0.000001"><time>2026-04-25T04:58:16.366Z</time></trkpt>
      <trkpt lat="0.000001" lon="-0.000001"><time>2026-04-25T04:58:16.383Z</time></trkpt>
      <trkpt lat="0.000001" lon="-0.000001"><time>2026-04-25T04:58:16.399Z</time></trkpt>
      <trkpt lat="0.000001" lon="-0.000001"><time>2026-04-25T04:58:16.416Z</time></trkpt>
      <trkpt lat="0.000001" lon="-0.000001"><time>2026-04-25T04:58:16.433Z</time></trkpt>
      <trkpt lat="0.000001" lon="-0.000001"><time>2026-04-25T04:58:16.449Z</time></trkpt>
      <trkpt lat="0.000001" lon="-0.000001"><time>2026-04-25T04:58:16.466Z</time></trkpt>
      <trkpt lat="0.000001" lon="-0.000001"><time>2026-04-25T04:58:16.483Z</time></trkpt>
      <trkpt lat="0" lon="-0.000001"><time>2026-04-25T04:58:16.499Z</time></trkpt>
      <trkpt lat="0" lon="-0.000001"><time>2026-04-25T04:58:16.516Z</time></trkpt>
      <trkpt lat="0" lon="-0.000001"><time>2026-04-25T04:58:16.533Z</time></trkpt>
      <trkpt lat="0" lon="-0.000001"><time>2026-04-25T04:58:16.549Z</time></trkpt>
      <trkpt lat="0" lon="-0.000001"><time>2026-04-25T04:58:16.566Z</time></trkpt>
      <trkpt lat="0" lon="-0.000001"><time>2026-04-25T04:58:16.583Z</time></trkpt>
      <trkpt lat="0" lon="-0.000001"><time>2026-04-25T04:58:16.599Z</time></trkpt>
      <trkpt lat="0" lon="-0.000001"><time>2026-04-25T04:58:16.616Z</time></trkpt>
      <trkpt lat="0" lon="-0.000001"><time>2026-04-25T04:58:16.633Z</time></trkpt>
      <trkpt lat="0" lon="-0.000001"><time>2026-04-25T04:58:16.650Z</time></trkpt>
      <trkpt lat="0" lon="-0.000001"><time>2026-04-25T04:58:16.666Z</time></trkpt>
      <trkpt lat="0" lon="-0.000001"><time>2026-04-25T04:58:16.683Z</time></trkpt>
      <trkpt lat="0" lon="-0.000001"><time>2026-04-25T04:58:16.700Z</time></trkpt>
      <trkpt lat="0" lon="-0.000001"><time>2026-04-25T04:58:16.716Z</time></trkpt>
      <trkpt lat="0" lon="-0.000001"><time>2026-04-25T04:58:16.733Z</time></trkpt>
      <trkpt lat="0" lon="-0.000001"><time>2026-04-25T04:58:16.750Z</time></trkpt>
      <trkpt lat="0" lon="-0.000001"><time>2026-04-25T04:58:16.766Z</time></trkpt>
      <trkpt lat="0" lon="-0.000001"><time>2026-04-25T04:58:16.783Z</time></trkpt>
      <trkpt lat="0" lon="-0.000001"><time>2026-04-25T04:58:16.800Z</time></trkpt>
      <trkpt lat="0" lon="-0.000001"><time>2026-04-25T04:58:16.816Z</time></trkpt>
      <trkpt lat="0" lon="-0.000001"><time>2026-04-25T04:58:16.833Z</time></trkpt>
      <trkpt lat="0" lon="-0.000001"><time>2026-04-25T04:58:16.850Z</time></trkpt>
      <trkpt lat="0" lon="-0.000001"><time>2026-04-25T04:58:16.866Z</time></trkpt>
      <trkpt lat="0" lon="-0.000001"><time>2026-04-25T04:58:16.883Z</time></trkpt>
      <trkpt lat="0" lon="-0.000001"><time>2026-04-25T04:58:16.900Z</time></trkpt>
      <trkpt lat="0" lon="-0.000001"><time>2026-04-25T04:58:16.916Z</time></trkpt>
      <trkpt lat="0" lon="-0.000001"><time>2026-04-25T04:58:16.933Z</time></trkpt>
      <trkpt lat="0" lon="-0.000001"><time>2026-04-25T04:58:16.950Z</time></trkpt>
      <trkpt lat="0" lon="-0.000001"><time>2026-04-25T04:58:16.967Z</time></trkpt>
      <trkpt lat="0" lon="-0.000001"><time>2026-04-25T04:58:16.983Z</time></trkpt>
      <trkpt lat="0" lon="-0.000001"><time>2026-04-25T04:58:17.000Z</time></trkpt>
      <trkpt lat="0" lon="-0.000001"><time>2026-04-25T04:58:17.017Z</time></trkpt>
      <trkpt lat="0" lon="-0.000001"><time>2026-04-25T04:58:17.033Z</time></trkpt>
      <trkpt lat="0" lon="-0.000001"><time>2026-04-25T04:58:17.050Z</time></trkpt>
      <trkpt lat="0" lon="-0.000001"><time>2026-04-25T04:58:17.067Z</time></trkpt>
      <trkpt lat="0" lon="-0.000001"><time>2026-04-25T04:58:17.083Z</time></trkpt>
      <trkpt lat="0" lon="-0.000001"><time>2026-04-25T04:58:17.100Z</time></trkpt>
      <trkpt lat="0" lon="-0.000001"><time>2026-04-25T04:58:17.117Z</time></trkpt>
      <trkpt lat="0" lon="-0.000001"><time>2026-04-25T04:58:17.133Z</time></trkpt>
      <trkpt lat="0" lon="-0.000001"><time>2026-04-25T04:58:17.150Z</time></trkpt>
      <trkpt lat="0" lon="-0.000001"><time>2026-04-25T04:58:17.167Z</time></trkpt>
      <trkpt lat="0" lon="-0.000001"><time>2026-04-25T04:58:17.183Z</time></trkpt>
      <trkpt lat="0" lon="-0.000001"><time>2026-04-25T04:58:17.200Z</time></trkpt>
      <trkpt lat="0" lon="-0.000001"><time>2026-04-25T04:58:17.217Z</time></trkpt>
      <trkpt lat="0" lon="-0.000001"><time>2026-04-25T04:58:17.233Z</time></trkpt>
      <trkpt lat="0" lon="-0.000001"><time>2026-04-25T04:58:17.250Z</time></trkpt>
      <trkpt lat="0" lon="-0.000001"><time>2026-04-25T04:58:17.267Z</time></trkpt>
      <trkpt lat="0" lon="-0.000001"><time>2026-04-25T04:58:17.284Z</time></trkpt>
      <trkpt lat="0" lon="-0.000001"><time>2026-04-25T04:58:17.300Z</time></trkpt>
      <trkpt lat="0" lon="-0.000001"><time>2026-04-25T04:58:17.317Z</time></trkpt>
      <trkpt lat="0" lon="-0.000001"><time>2026-04-25T04:58:17.334Z</time></trkpt>
      <trkpt lat="0" lon="-0.000001"><time>2026-04-25T04:58:17.350Z</time></trkpt>
      <trkpt lat="0" lon="-0.000001"><time>2026-04-25T04:58:17.367Z</time></trkpt>
      <trkpt lat="0" lon="-0.000001"><time>2026-04-25T04:58:17.384Z</time></trkpt>
      <trkpt lat="0" lon="-0.000001"><time>2026-04-25T04:58:17.400Z</time></trkpt>
      <trkpt lat="0" lon="-0.000001"><time>2026-04-25T04:58:17.417Z</time></trkpt>
      <trkpt lat="0" lon="-0.000001"><time>2026-04-25T04:58:17.434Z</time></trkpt>
      <trkpt lat="0" lon="-0.000001"><time>2026-04-25T04:58:17.450Z</time></trkpt>
      <trkpt lat="0" lon="-0.000001"><time>2026-04-25T04:58:17.467Z</time></trkpt>
      <trkpt lat="0" lon="-0.000001"><time>2026-04-25T04:58:17.484Z</time></trkpt>
      <trkpt lat="0" lon="-0.000001"><time>2026-04-25T04:58:17.500Z</time></trkpt>
      <trkpt lat="0" lon="-0.000001"><time>2026-04-25T04:58:17.517Z</time></trkpt>
      <trkpt lat="0" lon="-0.000001"><time>2026-04-25T04:58:17.534Z</time></trkpt>
      <trkpt lat="0" lon="-0.000001"><time>2026-04-25T04:58:17.550Z</time></trkpt>
      <trkpt lat="0" lon="-0.000001"><time>2026-04-25T04:58:17.567Z</time></trkpt>
      <trkpt lat="0" lon="-0.000001"><time>2026-04-25T04:58:17.584Z</time></trkpt>
      <trkpt lat="0" lon="-0.000001"><time>2026-04-25T04:58:17.601Z</time></trkpt>
      <trkpt lat="0" lon="-0.000001"><time>2026-04-25T04:58:17.617Z</time></trkpt>
      <trkpt lat="0" lon="-0.000001"><time>2026-04-25T04:58:17.634Z</time></trkpt>
      <trkpt lat="0" lon="-0.000001"><time>2026-04-25T04:58:17.651Z</time></trkpt>
      <trkpt lat="0" lon="-0.000001"><time>2026-04-25T04:58:17.667Z</time></trkpt>
      <trkpt lat="0" lon="-0.000001"><time>2026-04-25T04:58:17.684Z</time></trkpt>
      <trkpt lat="0" lon="-0.000001"><time>2026-04-25T04:58:17.701Z</time></trkpt>
      <trkpt lat="0" lon="-0.000001"><time>2026-04-25T04:58:17.717Z</time></trkpt>
      <trkpt lat="0" lon="-0.000001"><time>2026-04-25T04:58:17.734Z</time></trkpt>
      <trkpt lat="0" lon="-0.000001"><time>2026-04-25T04:58:17.751Z</time></trkpt>
      <trkpt lat="0" lon="-0.000001"><time>2026-04-25T04:58:17.767Z</time></trkpt>
      <trkpt lat="0" lon="-0.000001"><time>2026-04-25T04:58:17.784Z</time></trkpt>
      <trkpt lat="0" lon="-0.000001"><time>2026-04-25T04:58:17.801Z</time></trkpt>
      <trkpt lat="0" lon="-0.000001"><time>2026-04-25T04:58:17.817Z</time></trkpt>
      <trkpt lat="0" lon="-0.000001"><time>2026-04-25T04:58:17.834Z</time></trkpt>
      <trkpt lat="0" lon="-0.000001"><time>2026-04-25T04:58:17.851Z</time></trkpt>
      <trkpt lat="0" lon="-0.000001"><time>2026-04-25T04:58:17.867Z</time></trkpt>
      <trkpt lat="0" lon="-0.000001"><time>2026-04-25T04:58:17.884Z</time></trkpt>
      <trkpt lat="0" lon="-0.000001"><time>2026-04-25T04:58:17.901Z</time></trkpt>
      <trkpt lat="0" lon="-0.000001"><time>2026-04-25T04:58:17.918Z</time></trkpt>
      <trkpt lat="0" lon="-0.000001"><time>2026-04-25T04:58:17.934Z</time></trkpt>
      <trkpt lat="0" lon="-0.000001"><time>2026-04-25T04:58:17.951Z</time></trkpt>
      <trkpt lat="0" lon="-0.000001"><time>2026-04-25T04:58:17.968Z</time></trkpt>
      <trkpt lat="0" lon="-0.000001"><time>2026-04-25T04:58:17.984Z</time></trkpt>
      <trkpt lat="0" lon="-0.000001"><time>2026-04-25T04:58:18.001Z</time></trkpt>
      <trkpt lat="0" lon="-0.000001"><time>2026-04-25T04:58:18.018Z</time></trkpt>
      <trkpt lat="0" lon="-0.000001"><time>2026-04-25T04:58:18.034Z</time></trkpt>
      <trkpt lat="0" lon="-0.000001"><time>2026-04-25T04:58:18.051Z</time></trkpt>
      <trkpt lat="0" lon="-0.000001"><time>2026-04-25T04:58:18.068Z</time></trkpt>
      <trkpt lat="0" lon="-0.000001"><time>2026-04-25T04:58:18.084Z</time></trkpt>
      <trkpt lat="0" lon="-0.000001"><time>2026-04-25T04:58:18.101Z</time></trkpt>
      <trkpt lat="0" lon="-0.000001"><time>2026-04-25T04:58:18.118Z</time></trkpt>
      <trkpt lat="0" lon="-0.000001"><time>2026-04-25T04:58:18.134Z</time></trkpt>
      <trkpt lat="0" lon="-0.000001"><time>2026-04-25T04:58:18.151Z</time></trkpt>
      <trkpt lat="0" lon="-0.000001"><time>2026-04-25T04:58:18.168Z</time></trkpt>
      <trkpt lat="0" lon="-0.000001"><time>2026-04-25T04:58:18.184Z</time></trkpt>
      <trkpt lat="0" lon="-0.000001"><time>2026-04-25T04:58:18.201Z</time></trkpt>
      <trkpt lat="0" lon="-0.000001"><time>2026-04-25T04:58:18.218Z</time></trkpt>
      <trkpt lat="0" lon="-0.000001"><time>2026-04-25T04:58:18.234Z</time></trkpt>
      <trkpt lat="0" lon="-0.000001"><time>2026-04-25T04:58:18.251Z</time></trkpt>
      <trkpt lat="0" lon="-0.000001"><time>2026-04-25T04:58:18.268Z</time></trkpt>
      <trkpt lat="0" lon="-0.000001"><time>2026-04-25T04:58:18.285Z</time></trkpt>
      <trkpt lat="0" lon="-0.000001"><time>2026-04-25T04:58:18.301Z</time></trkpt>
      <trkpt lat="0" lon="-0.000001"><time>2026-04-25T04:58:18.318Z</time></trkpt>
      <trkpt lat="0" lon="-0.000001"><time>2026-04-25T04:58:18.335Z</time></trkpt>
      <trkpt lat="0" lon="-0.000001"><time>2026-04-25T04:58:18.351Z</time></trkpt>
      <trkpt lat="0" lon="-0.000001"><time>2026-04-25T04:58:18.368Z</time></trkpt>
      <trkpt lat="0" lon="-0.000001"><time>2026-04-25T04:58:18.385Z</time></trkpt>
      <trkpt lat="0" lon="-0.000001"><time>2026-04-25T04:58:18.401Z</time></trkpt>
      <trkpt lat="0" lon="-0.000001"><time>2026-04-25T04:58:18.418Z</time></trkpt>
      <trkpt lat="0" lon="-0.000001"><time>2026-04-25T04:58:18.435Z</time></trkpt>
      <trkpt lat="0" lon="-0.000001"><time>2026-04-25T04:58:18.451Z</time></trkpt>
      <trkpt lat="0" lon="-0.000001"><time>2026-04-25T04:58:18.468Z</time></trkpt>
      <trkpt lat="0" lon="-0.000001"><time>2026-04-25T04:58:18.485Z</time></trkpt>
      <trkpt lat="0" lon="-0.000001"><time>2026-04-25T04:58:18.501Z</time></trkpt>
      <trkpt lat="0" lon="-0.000001"><time>2026-04-25T04:58:18.518Z</time></trkpt>
      <trkpt lat="0" lon="-0.000001"><time>2026-04-25T04:58:18.535Z</time></trkpt>
      <trkpt lat="0" lon="-0.000001"><time>2026-04-25T04:58:18.551Z</time></trkpt>
      <trkpt lat="0" lon="-0.000001"><time>2026-04-25T04:58:18.568Z</time></trkpt>
      <trkpt lat="0" lon="-0.000001"><time>2026-04-25T04:58:18.585Z</time></trkpt>
      <trkpt lat="0" lon="-0.000001"><time>2026-04-25T04:58:18.602Z</time></trkpt>
      <trkpt lat="0" lon="-0.000001"><time>2026-04-25T04:58:18.618Z</time></trkpt>
      <trkpt lat="0" lon="-0.000001"><time>2026-04-25T04:58:18.635Z</time></trkpt>
      <trkpt lat="0" lon="-0.000001"><time>2026-04-25T04:58:18.652Z</time></trkpt>
      <trkpt lat="0" lon="-0.000001"><time>2026-04-25T04:58:18.668Z</time></trkpt>
      <trkpt lat="0" lon="-0.000001"><time>2026-04-25T04:58:18.685Z</time></trkpt>
      <trkpt lat="0" lon="-0.000001"><time>2026-04-25T04:58:18.702Z</time></trkpt>
      <trkpt lat="0" lon="-0.000001"><time>2026-04-25T04:58:18.718Z</time></trkpt>
      <trkpt lat="0" lon="-0.000001"><time>2026-04-25T04:58:18.735Z</time></trkpt>
      <trkpt lat="0" lon="-0.000001"><time>2026-04-25T04:58:18.752Z</time></trkpt>
      <trkpt lat="0" lon="-0.000001"><time>2026-04-25T04:58:18.768Z</time></trkpt>
      <trkpt lat="0" lon="-0.000001"><time>2026-04-25T04:58:18.785Z</time></trkpt>
      <trkpt lat="0" lon="-0.000001"><time>2026-04-25T04:58:18.802Z</time></trkpt>
      <trkpt lat="0" lon="-0.000001"><time>2026-04-25T04:58:18.818Z</time></trkpt>
      <trkpt lat="0" lon="-0.000001"><time>2026-04-25T04:58:18.835Z</time></trkpt>
      <trkpt lat="0" lon="-0.000001"><time>2026-04-25T04:58:18.852Z</time></trkpt>
      <trkpt lat="0" lon="-0.000001"><time>2026-04-25T04:58:18.868Z</time></trkpt>
      <trkpt lat="0" lon="-0.000001"><time>2026-04-25T04:58:18.885Z</time></trkpt>
      <trkpt lat="0" lon="-0.000001"><time>2026-04-25T04:58:18.902Z</time></trkpt>
      <trkpt lat="0" lon="-0.000001"><time>2026-04-25T04:58:18.919Z</time></trkpt>
      <trkpt lat="0" lon="-0.000001"><time>2026-04-25T04:58:18.935Z</time></trkpt>
      <trkpt lat="0" lon="-0.000001"><time>2026-04-25T04:58:18.952Z</time></trkpt>
      <trkpt lat="0" lon="-0.000001"><time>2026-04-25T04:58:18.969Z</time></trkpt>
      <trkpt lat="0" lon="-0.000001"><time>2026-04-25T04:58:18.985Z</time></trkpt>
      <trkpt lat="0.000001" lon="0"><time>2026-04-25T04:58:19.002Z</time></trkpt>
      <trkpt lat="0.000001" lon="0"><time>2026-04-25T04:58:19.019Z</time></trkpt>
      <trkpt lat="0.000001" lon="0"><time>2026-04-25T04:58:19.035Z</time></trkpt>
      <trkpt lat="0.000001" lon="0"><time>2026-04-25T04:58:19.052Z</time></trkpt>
      <trkpt lat="0.000001" lon="0"><time>2026-04-25T04:58:19.069Z</time></trkpt>
      <trkpt lat="0.000001" lon="0"><time>2026-04-25T04:58:19.085Z</time></trkpt>
      <trkpt lat="0.000001" lon="0"><time>2026-04-25T04:58:19.102Z</time></trkpt>
      <trkpt lat="0.000001" lon="0"><time>2026-04-25T04:58:19.119Z</time></trkpt>
      <trkpt lat="0.000001" lon="0"><time>2026-04-25T04:58:19.135Z</time></trkpt>
      <trkpt lat="0.000001" lon="0"><time>2026-04-25T04:58:19.152Z</time></trkpt>
      <trkpt lat="0.000001" lon="0"><time>2026-04-25T04:58:19.169Z</time></trkpt>
      <trkpt lat="0.000001" lon="0"><time>2026-04-25T04:58:19.185Z</time></trkpt>
      <trkpt lat="0.000001" lon="-0.000001"><time>2026-04-25T04:58:19.202Z</time></trkpt>
      <trkpt lat="0.000001" lon="-0.000001"><time>2026-04-25T04:58:19.219Z</time></trkpt>
      <trkpt lat="0.000001" lon="-0.000001"><time>2026-04-25T04:58:19.236Z</time></trkpt>
      <trkpt lat="0.000001" lon="-0.000001"><time>2026-04-25T04:58:19.252Z</time></trkpt>
      <trkpt lat="0.000001" lon="-0.000001"><time>2026-04-25T04:58:19.269Z</time></trkpt>
      <trkpt lat="0.000001" lon="-0.000001"><time>2026-04-25T04:58:19.286Z</time></trkpt>
      <trkpt lat="0.000001" lon="-0.000001"><time>2026-04-25T04:58:19.302Z</time></trkpt>
      <trkpt lat="0.000001" lon="-0.000001"><time>2026-04-25T04:58:19.319Z</time></trkpt>
      <trkpt lat="0.000001" lon="-0.000001"><time>2026-04-25T04:58:19.336Z</time></trkpt>
      <trkpt lat="0.000001" lon="-0.000001"><time>2026-04-25T04:58:19.352Z</time></trkpt>
      <trkpt lat="0.000001" lon="-0.000001"><time>2026-04-25T04:58:19.369Z</time></trkpt>
      <trkpt lat="0.000001" lon="-0.000001"><time>2026-04-25T04:58:19.386Z</time></trkpt>
      <trkpt lat="0.000001" lon="-0.000001"><time>2026-04-25T04:58:19.402Z</time></trkpt>
      <trkpt lat="0.000001" lon="-0.000001"><time>2026-04-25T04:58:19.419Z</time></trkpt>
      <trkpt lat="0.000001" lon="-0.000001"><time>2026-04-25T04:58:19.436Z</time></trkpt>
      <trkpt lat="0.000001" lon="-0.000001"><time>2026-04-25T04:58:19.452Z</time></trkpt>
      <trkpt lat="0.000001" lon="-0.000001"><time>2026-04-25T04:58:19.469Z</time></trkpt>
      <trkpt lat="0.000001" lon="-0.000001"><time>2026-04-25T04:58:19.486Z</time></trkpt>
      <trkpt lat="0.000001" lon="-0.000001"><time>2026-04-25T04:58:19.502Z</time></trkpt>
      <trkpt lat="0.000001" lon="-0.000001"><time>2026-04-25T04:58:19.519Z</time></trkpt>
      <trkpt lat="0.000001" lon="-0.000001"><time>2026-04-25T04:58:19.536Z</time></trkpt>
      <trkpt lat="0.000001" lon="-0.000001"><time>2026-04-25T04:58:19.553Z</time></trkpt>
      <trkpt lat="0.000001" lon="-0.000001"><time>2026-04-25T04:58:19.569Z</time></trkpt>
      <trkpt lat="0.000001" lon="-0.000001"><time>2026-04-25T04:58:19.586Z</time></trkpt>
      <trkpt lat="0.000001" lon="-0.000001"><time>2026-04-25T04:58:19.603Z</time></trkpt>
      <trkpt lat="0.000001" lon="-0.000001"><time>2026-04-25T04:58:19.619Z</time></trkpt>
      <trkpt lat="0.000001" lon="-0.000001"><time>2026-04-25T04:58:19.636Z</time></trkpt>
      <trkpt lat="0.000001" lon="-0.000001"><time>2026-04-25T04:58:19.653Z</time></trkpt>
      <trkpt lat="0.000001" lon="-0.000001"><time>2026-04-25T04:58:19.669Z</time></trkpt>
      <trkpt lat="0.000001" lon="-0.000001"><time>2026-04-25T04:58:19.686Z</time></trkpt>
      <trkpt lat="0.000001" lon="-0.000001"><time>2026-04-25T04:58:19.703Z</time></trkpt>
      <trkpt lat="0.000001" lon="-0.000001"><time>2026-04-25T04:58:19.719Z</time></trkpt>
      <trkpt lat="0.000001" lon="-0.000001"><time>2026-04-25T04:58:19.736Z</time></trkpt>
      <trkpt lat="0.000001" lon="-0.000001"><time>2026-04-25T04:58:19.753Z</time></trkpt>
      <trkpt lat="0.000001" lon="-0.000001"><time>2026-04-25T04:58:19.769Z</time></trkpt>
      <trkpt lat="0.000001" lon="-0.000001"><time>2026-04-25T04:58:19.786Z</time></trkpt>
      <trkpt lat="0.000001" lon="-0.000001"><time>2026-04-25T04:58:19.803Z</time></trkpt>
      <trkpt lat="0.000001" lon="-0.000001"><time>2026-04-25T04:58:19.819Z</time></trkpt>
      <trkpt lat="0.000001" lon="-0.000001"><time>2026-04-25T04:58:19.836Z</time></trkpt>
      <trkpt lat="0.000001" lon="-0.000001"><time>2026-04-25T04:58:19.853Z</time></trkpt>
      <trkpt lat="0.000001" lon="-0.000001"><time>2026-04-25T04:58:19.870Z</time></trkpt>
      <trkpt lat="0.000001" lon="-0.000001"><time>2026-04-25T04:58:19.886Z</time></trkpt>
      <trkpt lat="0" lon="-0.000001"><time>2026-04-25T04:58:19.903Z</time></trkpt>
      <trkpt lat="0" lon="-0.000001"><time>2026-04-25T04:58:19.920Z</time></trkpt>
      <trkpt lat="0" lon="-0.000001"><time>2026-04-25T04:58:19.936Z</time></trkpt>
      <trkpt lat="0" lon="-0.000001"><time>2026-04-25T04:58:19.953Z</time></trkpt>
      <trkpt lat="0" lon="-0.000001"><time>2026-04-25T04:58:19.970Z</time></trkpt>
      <trkpt lat="0" lon="-0.000001"><time>2026-04-25T04:58:19.986Z</time></trkpt>
      <trkpt lat="0" lon="-0.000001"><time>2026-04-25T04:58:20.003Z</time></trkpt>
      <trkpt lat="0" lon="-0.000001"><time>2026-04-25T04:58:20.020Z</time></trkpt>
      <trkpt lat="0" lon="-0.000001"><time>2026-04-25T04:58:20.036Z</time></trkpt>
      <trkpt lat="0" lon="-0.000001"><time>2026-04-25T04:58:20.053Z</time></trkpt>
      <trkpt lat="0" lon="-0.000001"><time>2026-04-25T04:58:20.070Z</time></trkpt>
      <trkpt lat="0" lon="-0.000001"><time>2026-04-25T04:58:20.086Z</time></trkpt>
      <trkpt lat="0" lon="-0.000001"><time>2026-04-25T04:58:20.103Z</time></trkpt>
      <trkpt lat="0" lon="-0.000001"><time>2026-04-25T04:58:20.120Z</time></trkpt>
      <trkpt lat="0" lon="-0.000001"><time>2026-04-25T04:58:20.136Z</time></trkpt>
      <trkpt lat="0" lon="-0.000001"><time>2026-04-25T04:58:20.153Z</time></trkpt>
      <trkpt lat="0" lon="-0.000001"><time>2026-04-25T04:58:20.170Z</time></trkpt>
      <trkpt lat="0" lon="-0.000001"><time>2026-04-25T04:58:20.187Z</time></trkpt>
      <trkpt lat="0" lon="-0.000001"><time>2026-04-25T04:58:20.203Z</time></trkpt>
      <trkpt lat="0" lon="-0.000001"><time>2026-04-25T04:58:20.220Z</time></trkpt>
      <trkpt lat="0" lon="-0.000001"><time>2026-04-25T04:58:20.237Z</time></trkpt>
      <trkpt lat="0" lon="-0.000001"><time>2026-04-25T04:58:20.253Z</time></trkpt>
      <trkpt lat="0" lon="-0.000001"><time>2026-04-25T04:58:20.270Z</time></trkpt>
      <trkpt lat="0" lon="-0.000001"><time>2026-04-25T04:58:20.287Z</time></trkpt>
      <trkpt lat="0" lon="-0.000001"><time>2026-04-25T04:58:20.303Z</time></trkpt>
      <trkpt lat="0" lon="-0.000001"><time>2026-04-25T04:58:20.320Z</time></trkpt>
      <trkpt lat="0" lon="-0.000001"><time>2026-04-25T04:58:20.337Z</time></trkpt>
      <trkpt lat="0" lon="-0.000001"><time>2026-04-25T04:58:20.353Z</time></trkpt>
      <trkpt lat="0" lon="-0.000001"><time>2026-04-25T04:58:20.370Z</time></trkpt>
      <trkpt lat="0" lon="-0.000001"><time>2026-04-25T04:58:20.387Z</time></trkpt>
      <trkpt lat="0" lon="-0.000001"><time>2026-04-25T04:58:20.403Z</time></trkpt>
      <trkpt lat="0" lon="-0.000001"><time>2026-04-25T04:58:20.420Z</time></trkpt>
      <trkpt lat="0" lon="-0.000001"><time>2026-04-25T04:58:20.437Z</time></trkpt>
      <trkpt lat="0" lon="-0.000001"><time>2026-04-25T04:58:20.453Z</time></trkpt>
      <trkpt lat="0" lon="-0.000001"><time>2026-04-25T04:58:20.470Z</time></trkpt>
      <trkpt lat="0" lon="-0.000001"><time>2026-04-25T04:58:20.487Z</time></trkpt>
      <trkpt lat="0" lon="-0.000001"><time>2026-04-25T04:58:20.504Z</time></trkpt>
      <trkpt lat="0" lon="-0.000001"><time>2026-04-25T04:58:20.520Z</time></trkpt>
      <trkpt lat="0" lon="-0.000001"><time>2026-04-25T04:58:20.537Z</time></trkpt>
      <trkpt lat="0" lon="-0.000001"><time>2026-04-25T04:58:20.554Z</time></trkpt>
      <trkpt lat="0" lon="-0.000001"><time>2026-04-25T04:58:20.570Z</time></trkpt>
      <trkpt lat="0" lon="-0.000001"><time>2026-04-25T04:58:20.587Z</time></trkpt>
      <trkpt lat="0" lon="-0.000001"><time>2026-04-25T04:58:20.604Z</time></trkpt>
      <trkpt lat="0" lon="-0.000001"><time>2026-04-25T04:58:20.620Z</time></trkpt>
      <trkpt lat="0" lon="-0.000001"><time>2026-04-25T04:58:20.637Z</time></trkpt>
      <trkpt lat="0" lon="-0.000001"><time>2026-04-25T04:58:20.654Z</time></trkpt>
      <trkpt lat="0" lon="-0.000001"><time>2026-04-25T04:58:20.670Z</time></trkpt>
      <trkpt lat="0" lon="-0.000001"><time>2026-04-25T04:58:20.687Z</time></trkpt>
      <trkpt lat="0.000001" lon="-0.000001"><time>2026-04-25T04:58:20.704Z</time></trkpt>
      <trkpt lat="0.000001" lon="-0.000001"><time>2026-04-25T04:58:20.720Z</time></trkpt>
      <trkpt lat="0.000001" lon="-0.000001"><time>2026-04-25T04:58:20.737Z</time></trkpt>
      <trkpt lat="0.000001" lon="-0.000001"><time>2026-04-25T04:58:20.754Z</time></trkpt>
      <trkpt lat="0.000001" lon="-0.000001"><time>2026-04-25T04:58:20.770Z</time></trkpt>
      <trkpt lat="0.000001" lon="-0.000001"><time>2026-04-25T04:58:20.787Z</time></trkpt>
      <trkpt lat="0.000001" lon="-0.000001"><time>2026-04-25T04:58:20.804Z</time></trkpt>
      <trkpt lat="0.000001" lon="-0.000001"><time>2026-04-25T04:58:20.821Z</time></trkpt>
      <trkpt lat="0.000001" lon="-0.000001"><time>2026-04-25T04:58:20.837Z</time></trkpt>
      <trkpt lat="0.000001" lon="-0.000001"><time>2026-04-25T04:58:20.854Z</time></trkpt>
      <trkpt lat="0.000001" lon="-0.000001"><time>2026-04-25T04:58:20.871Z</time></trkpt>
      <trkpt lat="0.000001" lon="-0.000001"><time>2026-04-25T04:58:20.887Z</time></trkpt>
      <trkpt lat="0.000001" lon="-0.000001"><time>2026-04-25T04:58:20.904Z</time></trkpt>
      <trkpt lat="0.000001" lon="-0.000001"><time>2026-04-25T04:58:20.921Z</time></trkpt>
      <trkpt lat="0.000001" lon="-0.000001"><time>2026-04-25T04:58:20.937Z</time></trkpt>
      <trkpt lat="0.000001" lon="-0.000001"><time>2026-04-25T04:58:20.954Z</time></trkpt>
      <trkpt lat="0.000001" lon="-0.000001"><time>2026-04-25T04:58:20.971Z</time></trkpt>
      <trkpt lat="0.000001" lon="-0.000001"><time>2026-04-25T04:58:20.987Z</time></trkpt>
      <trkpt lat="0.000001" lon="-0.000001"><time>2026-04-25T04:58:21.004Z</time></trkpt>
      <trkpt lat="0.000001" lon="-0.000001"><time>2026-04-25T04:58:21.021Z</time></trkpt>
      <trkpt lat="0.000001" lon="-0.000001"><time>2026-04-25T04:58:21.037Z</time></trkpt>
      <trkpt lat="0.000001" lon="-0.000001"><time>2026-04-25T04:58:21.054Z</time></trkpt>
      <trkpt lat="0.000001" lon="-0.000001"><time>2026-04-25T04:58:21.071Z</time></trkpt>
      <trkpt lat="0.000001" lon="-0.000001"><time>2026-04-25T04:58:21.087Z</time></trkpt>
      <trkpt lat="0.000001" lon="-0.000001"><time>2026-04-25T04:58:21.104Z</time></trkpt>
      <trkpt lat="0.000001" lon="-0.000001"><time>2026-04-25T04:58:21.121Z</time></trkpt>
      <trkpt lat="0.000001" lon="-0.000001"><time>2026-04-25T04:58:21.138Z</time></trkpt>
      <trkpt lat="0.000001" lon="-0.000001"><time>2026-04-25T04:58:21.154Z</time></trkpt>
      <trkpt lat="0.000001" lon="-0.000001"><time>2026-04-25T04:58:21.171Z</time></trkpt>
      <trkpt lat="0.000001" lon="-0.000001"><time>2026-04-25T04:58:21.188Z</time></trkpt>
      <trkpt lat="0.000001" lon="-0.000001"><time>2026-04-25T04:58:21.204Z</time></trkpt>
      <trkpt lat="0.000001" lon="-0.000001"><time>2026-04-25T04:58:21.221Z</time></trkpt>
      <trkpt lat="0.000001" lon="-0.000001"><time>2026-04-25T04:58:21.238Z</time></trkpt>
      <trkpt lat="0.000001" lon="-0.000001"><time>2026-04-25T04:58:21.254Z</time></trkpt>
      <trkpt lat="0.000001" lon="-0.000001"><time>2026-04-25T04:58:21.271Z</time></trkpt>
      <trkpt lat="0.000001" lon="-0.000001"><time>2026-04-25T04:58:21.288Z</time></trkpt>
      <trkpt lat="0.000001" lon="-0.000001"><time>2026-04-25T04:58:21.304Z</time></trkpt>
      <trkpt lat="0.000001" lon="-0.000001"><time>2026-04-25T04:58:21.321Z</time></trkpt>
      <trkpt lat="0.000001" lon="-0.000001"><time>2026-04-25T04:58:21.338Z</time></trkpt>
      <trkpt lat="0.000001" lon="-0.000001"><time>2026-04-25T04:58:21.354Z</time></trkpt>
      <trkpt lat="0.000001" lon="-0.000001"><time>2026-04-25T04:58:21.371Z</time></trkpt>
      <trkpt lat="0.000001" lon="-0.000001"><time>2026-04-25T04:58:21.388Z</time></trkpt>
      <trkpt lat="0.000001" lon="-0.000001"><time>2026-04-25T04:58:21.404Z</time></trkpt>
      <trkpt lat="0.000001" lon="-0.000001"><time>2026-04-25T04:58:21.421Z</time></trkpt>
      <trkpt lat="0.000001" lon="-0.000001"><time>2026-04-25T04:58:21.438Z</time></trkpt>
      <trkpt lat="0.000001" lon="-0.000001"><time>2026-04-25T04:58:21.455Z</time></trkpt>
      <trkpt lat="0.000001" lon="-0.000001"><time>2026-04-25T04:58:21.471Z</time></trkpt>
      <trkpt lat="0.000001" lon="-0.000001"><time>2026-04-25T04:58:21.488Z</time></trkpt>
      <trkpt lat="0.000001" lon="-0.000001"><time>2026-04-25T04:58:21.505Z</time></trkpt>
      <trkpt lat="0.000001" lon="-0.000001"><time>2026-04-25T04:58:21.521Z</time></trkpt>
      <trkpt lat="0.000001" lon="-0.000001"><time>2026-04-25T04:58:21.538Z</time></trkpt>
      <trkpt lat="0.000001" lon="-0.000001"><time>2026-04-25T04:58:21.555Z</time></trkpt>
      <trkpt lat="0.000001" lon="-0.000001"><time>2026-04-25T04:58:21.571Z</time></trkpt>
      <trkpt lat="0.000001" lon="-0.000001"><time>2026-04-25T04:58:21.588Z</time></trkpt>
      <trkpt lat="0.000001" lon="-0.000001"><time>2026-04-25T04:58:21.605Z</time></trkpt>
      <trkpt lat="0.000001" lon="-0.000001"><time>2026-04-25T04:58:21.621Z</time></trkpt>
      <trkpt lat="0.000001" lon="-0.000001"><time>2026-04-25T04:58:21.638Z</time></trkpt>
      <trkpt lat="0.000001" lon="-0.000001"><time>2026-04-25T04:58:21.655Z</time></trkpt>
      <trkpt lat="0.000001" lon="-0.000001"><time>2026-04-25T04:58:21.671Z</time></trkpt>
      <trkpt lat="0.000001" lon="-0.000001"><time>2026-04-25T04:58:21.688Z</time></trkpt>
      <trkpt lat="0.000001" lon="-0.000001"><time>2026-04-25T04:58:21.705Z</time></trkpt>
      <trkpt lat="0.000001" lon="-0.000001"><time>2026-04-25T04:58:21.721Z</time></trkpt>
      <trkpt lat="0.000001" lon="-0.000001"><time>2026-04-25T04:58:21.738Z</time></trkpt>
      <trkpt lat="0.000001" lon="-0.000001"><time>2026-04-25T04:58:21.755Z</time></trkpt>
      <trkpt lat="0.000001" lon="-0.000001"><time>2026-04-25T04:58:21.772Z</time></trkpt>
      <trkpt lat="0.000001" lon="-0.000001"><time>2026-04-25T04:58:21.788Z</time></trkpt>
      <trkpt lat="0.000001" lon="-0.000001"><time>2026-04-25T04:58:21.805Z</time></trkpt>
      <trkpt lat="0.000001" lon="-0.000001"><time>2026-04-25T04:58:21.822Z</time></trkpt>
      <trkpt lat="0.000001" lon="-0.000001"><time>2026-04-25T04:58:21.838Z</time></trkpt>
      <trkpt lat="0.000001" lon="-0.000001"><time>2026-04-25T04:58:21.855Z</time></trkpt>
      <trkpt lat="0.000001" lon="-0.000001"><time>2026-04-25T04:58:21.872Z</time></trkpt>
      <trkpt lat="0.000001" lon="-0.000001"><time>2026-04-25T04:58:21.888Z</time></trkpt>
      <trkpt lat="0.000001" lon="-0.000001"><time>2026-04-25T04:58:21.905Z</time></trkpt>
      <trkpt lat="0.000001" lon="-0.000001"><time>2026-04-25T04:58:21.922Z</time></trkpt>
      <trkpt lat="0.000001" lon="-0.000001"><time>2026-04-25T04:58:21.938Z</time></trkpt>
      <trkpt lat="0.000001" lon="-0.000001"><time>2026-04-25T04:58:21.955Z</time></trkpt>
      <trkpt lat="0.000001" lon="-0.000001"><time>2026-04-25T04:58:21.972Z</time></trkpt>
      <trkpt lat="0.000001" lon="-0.000001"><time>2026-04-25T04:58:21.988Z</time></trkpt>
      <trkpt lat="0.000001" lon="-0.000001"><time>2026-04-25T04:58:22.005Z</time></trkpt>
      <trkpt lat="0.000001" lon="-0.000001"><time>2026-04-25T04:58:22.022Z</time></trkpt>
      <trkpt lat="0.000001" lon="-0.000001"><time>2026-04-25T04:58:22.038Z</time></trkpt>
      <trkpt lat="0.000001" lon="-0.000001"><time>2026-04-25T04:58:22.055Z</time></trkpt>
      <trkpt lat="0.000001" lon="-0.000001"><time>2026-04-25T04:58:22.072Z</time></trkpt>
      <trkpt lat="0.000001" lon="-0.000001"><time>2026-04-25T04:58:22.089Z</time></trkpt>
      <trkpt lat="0.000001" lon="-0.000001"><time>2026-04-25T04:58:22.105Z</time></trkpt>
      <trkpt lat="0.000001" lon="-0.000001"><time>2026-04-25T04:58:22.122Z</time></trkpt>
      <trkpt lat="0.000001" lon="-0.000001"><time>2026-04-25T04:58:22.139Z</time></trkpt>
      <trkpt lat="0.000001" lon="-0.000001"><time>2026-04-25T04:58:22.155Z</time></trkpt>
      <trkpt lat="0.000001" lon="-0.000001"><time>2026-04-25T04:58:22.172Z</time></trkpt>
      <trkpt lat="0.000001" lon="-0.000001"><time>2026-04-25T04:58:22.189Z</time></trkpt>
      <trkpt lat="0.000001" lon="-0.000001"><time>2026-04-25T04:58:22.205Z</time></trkpt>
      <trkpt lat="0.000001" lon="-0.000001"><time>2026-04-25T04:58:22.222Z</time></trkpt>
      <trkpt lat="0.000001" lon="-0.000001"><time>2026-04-25T04:58:22.239Z</time></trkpt>
      <trkpt lat="0.000001" lon="-0.000001"><time>2026-04-25T04:58:22.255Z</time></trkpt>
      <trkpt lat="0.000001" lon="-0.000001"><time>2026-04-25T04:58:22.272Z</time></trkpt>
      <trkpt lat="0.000001" lon="-0.000001"><time>2026-04-25T04:58:22.289Z</time></trkpt>
      <trkpt lat="0.000001" lon="-0.000001"><time>2026-04-25T04:58:22.305Z</time></trkpt>
      <trkpt lat="0.000001" lon="-0.000001"><time>2026-04-25T04:58:22.322Z</time></trkpt>
      <trkpt lat="0.000001" lon="-0.000001"><time>2026-04-25T04:58:22.339Z</time></trkpt>
      <trkpt lat="0.000001" lon="-0.000001"><time>2026-04-25T04:58:22.355Z</time></trkpt>
      <trkpt lat="0.000001" lon="-0.000001"><time>2026-04-25T04:58:22.372Z</time></trkpt>
      <trkpt lat="0.000001" lon="-0.000001"><time>2026-04-25T04:58:22.389Z</time></trkpt>
      <trkpt lat="0.000001" lon="-0.000001"><time>2026-04-25T04:58:22.406Z</time></trkpt>
      <trkpt lat="0.000001" lon="-0.000001"><time>2026-04-25T04:58:22.422Z</time></trkpt>
      <trkpt lat="0.000001" lon="-0.000001"><time>2026-04-25T04:58:22.439Z</time></trkpt>
      <trkpt lat="0.000001" lon="-0.000001"><time>2026-04-25T04:58:22.456Z</time></trkpt>
      <trkpt lat="0.000001" lon="-0.000001"><time>2026-04-25T04:58:22.472Z</time></trkpt>
      <trkpt lat="0.000001" lon="-0.000001"><time>2026-04-25T04:58:22.489Z</time></trkpt>
      <trkpt lat="0.000001" lon="-0.000001"><time>2026-04-25T04:58:22.506Z</time></trkpt>
      <trkpt lat="0.000001" lon="-0.000001"><time>2026-04-25T04:58:22.522Z</time></trkpt>
      <trkpt lat="0.000001" lon="-0.000001"><time>2026-04-25T04:58:22.539Z</time></trkpt>
      <trkpt lat="0.000001" lon="-0.000001"><time>2026-04-25T04:58:22.556Z</time></trkpt>
      <trkpt lat="0.000001" lon="-0.000001"><time>2026-04-25T04:58:22.572Z</time></trkpt>
      <trkpt lat="0.000001" lon="-0.000001"><time>2026-04-25T04:58:22.589Z</time></trkpt>
      <trkpt lat="0.000001" lon="-0.000001"><time>2026-04-25T04:58:22.606Z</time></trkpt>
      <trkpt lat="0.000001" lon="-0.000001"><time>2026-04-25T04:58:22.622Z</time></trkpt>
      <trkpt lat="0.000001" lon="-0.000001"><time>2026-04-25T04:58:22.639Z</time></trkpt>
      <trkpt lat="0.000001" lon="-0.000001"><time>2026-04-25T04:58:22.656Z</time></trkpt>
      <trkpt lat="0.000001" lon="-0.000001"><time>2026-04-25T04:58:22.672Z</time></trkpt>
      <trkpt lat="0.000001" lon="-0.000001"><time>2026-04-25T04:58:22.689Z</time></trkpt>
      <trkpt lat="0.000001" lon="-0.000001"><time>2026-04-25T04:58:22.706Z</time></trkpt>
      <trkpt lat="0.000001" lon="-0.000001"><time>2026-04-25T04:58:22.723Z</time></trkpt>
      <trkpt lat="0.000001" lon="-0.000001"><time>2026-04-25T04:58:22.739Z</time></trkpt>
      <trkpt lat="0.000001" lon="-0.000001"><time>2026-04-25T04:58:22.756Z</time></trkpt>
      <trkpt lat="0.000001" lon="-0.000001"><time>2026-04-25T04:58:22.773Z</time></trkpt>
      <trkpt lat="0.000001" lon="-0.000001"><time>2026-04-25T04:58:22.789Z</time></trkpt>
      <trkpt lat="0.000001" lon="-0.000001"><time>2026-04-25T04:58:22.806Z</time></trkpt>
      <trkpt lat="0.000001" lon="-0.000001"><time>2026-04-25T04:58:22.823Z</time></trkpt>
      <trkpt lat="0.000001" lon="-0.000001"><time>2026-04-25T04:58:22.839Z</time></trkpt>
      <trkpt lat="0.000001" lon="-0.000001"><time>2026-04-25T04:58:22.856Z</time></trkpt>
      <trkpt lat="0.000001" lon="-0.000001"><time>2026-04-25T04:58:22.873Z</time></trkpt>
      <trkpt lat="0.000001" lon="-0.000001"><time>2026-04-25T04:58:22.889Z</time></trkpt>
      <trkpt lat="0.000001" lon="-0.000001"><time>2026-04-25T04:58:22.906Z</time></trkpt>
      <trkpt lat="0.000001" lon="-0.000001"><time>2026-04-25T04:58:22.923Z</time></trkpt>
      <trkpt lat="0.000001" lon="-0.000001"><time>2026-04-25T04:58:22.939Z</time></trkpt>
      <trkpt lat="0.000001" lon="-0.000001"><time>2026-04-25T04:58:22.956Z</time></trkpt>
      <trkpt lat="0.000001" lon="-0.000001"><time>2026-04-25T04:58:22.973Z</time></trkpt>
      <trkpt lat="0.000001" lon="-0.000001"><time>2026-04-25T04:58:22.989Z</time></trkpt>
      <trkpt lat="0.000001" lon="-0.000001"><time>2026-04-25T04:58:23.006Z</time></trkpt>
      <trkpt lat="0.000001" lon="-0.000001"><time>2026-04-25T04:58:23.023Z</time></trkpt>
      <trkpt lat="0.000001" lon="-0.000001"><time>2026-04-25T04:58:23.040Z</time></trkpt>
      <trkpt lat="0.000001" lon="-0.000001"><time>2026-04-25T04:58:23.056Z</time></trkpt>
      <trkpt lat="0.000001" lon="-0.000001"><time>2026-04-25T04:58:23.073Z</time></trkpt>
      <trkpt lat="0.000001" lon="-0.000001"><time>2026-04-25T04:58:23.090Z</time></trkpt>
      <trkpt lat="0.000001" lon="-0.000001"><time>2026-04-25T04:58:23.106Z</time></trkpt>
      <trkpt lat="0.000001" lon="-0.000001"><time>2026-04-25T04:58:23.123Z</time></trkpt>
      <trkpt lat="0.000001" lon="-0.000001"><time>2026-04-25T04:58:23.140Z</time></trkpt>
      <trkpt lat="0.000001" lon="-0.000001"><time>2026-04-25T04:58:23.156Z</time></trkpt>
      <trkpt lat="0.000001" lon="-0.000001"><time>2026-04-25T04:58:23.173Z</time></trkpt>
      <trkpt lat="0.000001" lon="-0.000001"><time>2026-04-25T04:58:23.190Z</time></trkpt>
      <trkpt lat="0.000001" lon="-0.000001"><time>2026-04-25T04:58:23.206Z</time></trkpt>
      <trkpt lat="0.000001" lon="-0.000001"><time>2026-04-25T04:58:23.223Z</time></trkpt>
      <trkpt lat="0.000001" lon="-0.000001"><time>2026-04-25T04:58:23.240Z</time></trkpt>
      <trkpt lat="0.000001" lon="-0.000001"><time>2026-04-25T04:58:23.256Z</time></trkpt>
      <trkpt lat="0.000001" lon="-0.000001"><time>2026-04-25T04:58:23.273Z</time></trkpt>
      <trkpt lat="0.000001" lon="-0.000001"><time>2026-04-25T04:58:23.290Z</time></trkpt>
      <trkpt lat="0.000001" lon="-0.000001"><time>2026-04-25T04:58:23.306Z</time></trkpt>
      <trkpt lat="0.000001" lon="-0.000001"><time>2026-04-25T04:58:23.323Z</time></trkpt>
      <trkpt lat="0.000001" lon="-0.000001"><time>2026-04-25T04:58:23.340Z</time></trkpt>
      <trkpt lat="0.000001" lon="-0.000001"><time>2026-04-25T04:58:23.357Z</time></trkpt>
      <trkpt lat="0.000001" lon="-0.000001"><time>2026-04-25T04:58:23.373Z</time></trkpt>
      <trkpt lat="0.000001" lon="-0.000001"><time>2026-04-25T04:58:23.390Z</time></trkpt>
      <trkpt lat="0.000001" lon="-0.000001"><time>2026-04-25T04:58:23.407Z</time></trkpt>
      <trkpt lat="0.000001" lon="-0.000001"><time>2026-04-25T04:58:23.423Z</time></trkpt>
      <trkpt lat="0.000001" lon="-0.000001"><time>2026-04-25T04:58:23.440Z</time></trkpt>
      <trkpt lat="0.000001" lon="-0.000001"><time>2026-04-25T04:58:23.457Z</time></trkpt>
      <trkpt lat="0.000001" lon="-0.000001"><time>2026-04-25T04:58:23.473Z</time></trkpt>
      <trkpt lat="0.000001" lon="-0.000001"><time>2026-04-25T04:58:23.490Z</time></trkpt>
      <trkpt lat="0.000001" lon="-0.000001"><time>2026-04-25T04:58:23.507Z</time></trkpt>
      <trkpt lat="0.000001" lon="-0.000001"><time>2026-04-25T04:58:23.523Z</time></trkpt>
      <trkpt lat="0.000001" lon="-0.000001"><time>2026-04-25T04:58:23.540Z</time></trkpt>
      <trkpt lat="0.000001" lon="-0.000001"><time>2026-04-25T04:58:23.557Z</time></trkpt>
      <trkpt lat="0.000001" lon="-0.000001"><time>2026-04-25T04:58:23.573Z</time></trkpt>
      <trkpt lat="0.000001" lon="-0.000001"><time>2026-04-25T04:58:23.590Z</time></trkpt>
      <trkpt lat="0.000001" lon="-0.000001"><time>2026-04-25T04:58:23.607Z</time></trkpt>
      <trkpt lat="0.000001" lon="-0.000001"><time>2026-04-25T04:58:23.623Z</time></trkpt>
      <trkpt lat="0.000001" lon="-0.000001"><time>2026-04-25T04:58:23.640Z</time></trkpt>
      <trkpt lat="0.000001" lon="-0.000001"><time>2026-04-25T04:58:23.657Z</time></trkpt>
      <trkpt lat="0.000001" lon="-0.000001"><time>2026-04-25T04:58:23.674Z</time></trkpt>
      <trkpt lat="0.000001" lon="-0.000001"><time>2026-04-25T04:58:23.690Z</time></trkpt>
      <trkpt lat="0.000001" lon="-0.000001"><time>2026-04-25T04:58:23.707Z</time></trkpt>
      <trkpt lat="0.000001" lon="-0.000001"><time>2026-04-25T04:58:23.724Z</time></trkpt>
      <trkpt lat="0.000001" lon="-0.000001"><time>2026-04-25T04:58:23.740Z</time></trkpt>
      <trkpt lat="0.000001" lon="-0.000001"><time>2026-04-25T04:58:23.757Z</time></trkpt>
      <trkpt lat="0.000001" lon="-0.000001"><time>2026-04-25T04:58:23.774Z</time></trkpt>
      <trkpt lat="0.000001" lon="-0.000001"><time>2026-04-25T04:58:23.790Z</time></trkpt>
      <trkpt lat="0.000001" lon="-0.000001"><time>2026-04-25T04:58:23.807Z</time></trkpt>
      <trkpt lat="0.000001" lon="-0.000001"><time>2026-04-25T04:58:23.824Z</time></trkpt>
      <trkpt lat="0.000001" lon="-0.000001"><time>2026-04-25T04:58:23.840Z</time></trkpt>
      <trkpt lat="0.000001" lon="-0.000001"><time>2026-04-25T04:58:23.857Z</time></trkpt>
      <trkpt lat="0.000001" lon="-0.000001"><time>2026-04-25T04:58:23.874Z</time></trkpt>
      <trkpt lat="0.000001" lon="-0.000001"><time>2026-04-25T04:58:23.890Z</time></trkpt>
      <trkpt lat="0.000001" lon="-0.000001"><time>2026-04-25T04:58:23.907Z</time></trkpt>
      <trkpt lat="0.000001" lon="-0.000001"><time>2026-04-25T04:58:23.924Z</time></trkpt>
      <trkpt lat="0.000001" lon="-0.000001"><time>2026-04-25T04:58:23.940Z</time></trkpt>
      <trkpt lat="0.000001" lon="-0.000001"><time>2026-04-25T04:58:23.957Z</time></trkpt>
      <trkpt lat="0.000001" lon="-0.000001"><time>2026-04-25T04:58:23.974Z</time></trkpt>
      <trkpt lat="0.000001" lon="-0.000001"><time>2026-04-25T04:58:23.991Z</time></trkpt>
      <trkpt lat="0.000001" lon="-0.000001"><time>2026-04-25T04:58:24.007Z</time></trkpt>
      <trkpt lat="0.000001" lon="-0.000001"><time>2026-04-25T04:58:24.024Z</time></trkpt>
      <trkpt lat="0.000001" lon="-0.000001"><time>2026-04-25T04:58:24.041Z</time></trkpt>
      <trkpt lat="0.000001" lon="-0.000001"><time>2026-04-25T04:58:24.057Z</time></trkpt>
      <trkpt lat="0.000001" lon="-0.000001"><time>2026-04-25T04:58:24.074Z</time></trkpt>
      <trkpt lat="0.000001" lon="-0.000001"><time>2026-04-25T04:58:24.091Z</time></trkpt>
      <trkpt lat="0.000001" lon="-0.000001"><time>2026-04-25T04:58:24.107Z</time></trkpt>
      <trkpt lat="0.000001" lon="-0.000001"><time>2026-04-25T04:58:24.124Z</time></trkpt>
      <trkpt lat="0.000001" lon="-0.000001"><time>2026-04-25T04:58:24.141Z</time></trkpt>
      <trkpt lat="0.000001" lon="-0.000001"><time>2026-04-25T04:58:24.157Z</time></trkpt>
      <trkpt lat="0.000001" lon="-0.000001"><time>2026-04-25T04:58:24.174Z</time></trkpt>
      <trkpt lat="0.000001" lon="-0.000001"><time>2026-04-25T04:58:24.191Z</time></trkpt>
      <trkpt lat="0.000001" lon="-0.000001"><time>2026-04-25T04:58:24.207Z</time></trkpt>
      <trkpt lat="0.000001" lon="-0.000001"><time>2026-04-25T04:58:24.224Z</time></trkpt>
      <trkpt lat="0.000001" lon="-0.000001"><time>2026-04-25T04:58:24.241Z</time></trkpt>
      <trkpt lat="0.000001" lon="-0.000001"><time>2026-04-25T04:58:24.257Z</time></trkpt>
      <trkpt lat="0.000001" lon="-0.000001"><time>2026-04-25T04:58:24.274Z</time></trkpt>
      <trkpt lat="0.000001" lon="-0.000001"><time>2026-04-25T04:58:24.291Z</time></trkpt>
      <trkpt lat="0.000001" lon="-0.000001"><time>2026-04-25T04:58:24.308Z</time></trkpt>
      <trkpt lat="0.000001" lon="-0.000001"><time>2026-04-25T04:58:24.324Z</time></trkpt>
      <trkpt lat="0.000001" lon="-0.000001"><time>2026-04-25T04:58:24.341Z</time></trkpt>
      <trkpt lat="0.000001" lon="-0.000001"><time>2026-04-25T04:58:24.358Z</time></trkpt>
      <trkpt lat="0.000001" lon="-0.000001"><time>2026-04-25T04:58:24.374Z</time></trkpt>
      <trkpt lat="0.000001" lon="-0.000001"><time>2026-04-25T04:58:24.391Z</time></trkpt>
      <trkpt lat="0.000001" lon="-0.000001"><time>2026-04-25T04:58:24.408Z</time></trkpt>
      <trkpt lat="0.000001" lon="-0.000001"><time>2026-04-25T04:58:24.424Z</time></trkpt>
      <trkpt lat="0.000001" lon="-0.000001"><time>2026-04-25T04:58:24.441Z</time></trkpt>
      <trkpt lat="0.000001" lon="-0.000001"><time>2026-04-25T04:58:24.458Z</time></trkpt>
      <trkpt lat="0.000001" lon="-0.000001"><time>2026-04-25T04:58:24.474Z</time></trkpt>
      <trkpt lat="0.000001" lon="-0.000001"><time>2026-04-25T04:58:24.491Z</time></trkpt>
      <trkpt lat="0.000001" lon="-0.000001"><time>2026-04-25T04:58:24.508Z</time></trkpt>
      <trkpt lat="0.000001" lon="-0.000001"><time>2026-04-25T04:58:24.524Z</time></trkpt>
      <trkpt lat="0.000001" lon="-0.000001"><time>2026-04-25T04:58:24.541Z</time></trkpt>
      <trkpt lat="0.000001" lon="-0.000001"><time>2026-04-25T04:58:24.558Z</time></trkpt>
      <trkpt lat="0.000001" lon="-0.000001"><time>2026-04-25T04:58:24.574Z</time></trkpt>
      <trkpt lat="0.000001" lon="-0.000001"><time>2026-04-25T04:58:24.591Z</time></trkpt>
      <trkpt lat="0.000001" lon="-0.000001"><time>2026-04-25T04:58:24.608Z</time></trkpt>
      <trkpt lat="0.000001" lon="-0.000001"><time>2026-04-25T04:58:24.624Z</time></trkpt>
      <trkpt lat="0.000001" lon="-0.000001"><time>2026-04-25T04:58:24.641Z</time></trkpt>
      <trkpt lat="0.000001" lon="-0.000001"><time>2026-04-25T04:58:24.658Z</time></trkpt>
      <trkpt lat="0.000001" lon="-0.000001"><time>2026-04-25T04:58:24.675Z</time></trkpt>
      <trkpt lat="0.000001" lon="-0.000001"><time>2026-04-25T04:58:24.691Z</time></trkpt>
      <trkpt lat="0.000001" lon="-0.000001"><time>2026-04-25T04:58:24.708Z</time></trkpt>
      <trkpt lat="0.000001" lon="-0.000001"><time>2026-04-25T04:58:24.725Z</time></trkpt>
      <trkpt lat="0.000001" lon="-0.000001"><time>2026-04-25T04:58:24.741Z</time></trkpt>
      <trkpt lat="0.000001" lon="-0.000001"><time>2026-04-25T04:58:24.758Z</time></trkpt>
      <trkpt lat="0.000001" lon="-0.000001"><time>2026-04-25T04:58:24.775Z</time></trkpt>
      <trkpt lat="0.000001" lon="-0.000001"><time>2026-04-25T04:58:24.791Z</time></trkpt>
      <trkpt lat="0.000001" lon="0"><time>2026-04-25T04:58:24.808Z</time></trkpt>
      <trkpt lat="0.000001" lon="0"><time>2026-04-25T04:58:24.825Z</time></trkpt>
      <trkpt lat="0.000001" lon="0"><time>2026-04-25T04:58:24.841Z</time></trkpt>
      <trkpt lat="0.000001" lon="0"><time>2026-04-25T04:58:24.858Z</time></trkpt>
      <trkpt lat="0.000001" lon="0"><time>2026-04-25T04:58:24.875Z</time></trkpt>
      <trkpt lat="0.000001" lon="0"><time>2026-04-25T04:58:24.891Z</time></trkpt>
      <trkpt lat="0.000001" lon="-0.000001"><time>2026-04-25T04:58:24.908Z</time></trkpt>
      <trkpt lat="0.000001" lon="-0.000001"><time>2026-04-25T04:58:24.925Z</time></trkpt>
      <trkpt lat="0.000001" lon="-0.000001"><time>2026-04-25T04:58:24.941Z</time></trkpt>
      <trkpt lat="0.000001" lon="-0.000001"><time>2026-04-25T04:58:24.958Z</time></trkpt>
      <trkpt lat="0.000001" lon="-0.000001"><time>2026-04-25T04:58:24.975Z</time></trkpt>
      <trkpt lat="0.000001" lon="-0.000001"><time>2026-04-25T04:58:24.992Z</time></trkpt>
      <trkpt lat="0.000001" lon="-0.000001"><time>2026-04-25T04:58:25.008Z</time></trkpt>
      <trkpt lat="0.000001" lon="-0.000001"><time>2026-04-25T04:58:25.025Z</time></trkpt>
      <trkpt lat="0.000001" lon="-0.000001"><time>2026-04-25T04:58:25.042Z</time></trkpt>
      <trkpt lat="0.000001" lon="-0.000001"><time>2026-04-25T04:58:25.058Z</time></trkpt>
      <trkpt lat="0.000001" lon="-0.000001"><time>2026-04-25T04:58:25.075Z</time></trkpt>
      <trkpt lat="0.000001" lon="-0.000001"><time>2026-04-25T04:58:25.092Z</time></trkpt>
      <trkpt lat="0" lon="-0.000001"><time>2026-04-25T04:58:25.108Z</time></trkpt>
      <trkpt lat="0" lon="-0.000001"><time>2026-04-25T04:58:25.125Z</time></trkpt>
      <trkpt lat="0" lon="-0.000001"><time>2026-04-25T04:58:25.142Z</time></trkpt>
      <trkpt lat="0" lon="-0.000001"><time>2026-04-25T04:58:25.158Z</time></trkpt>
      <trkpt lat="0" lon="-0.000001"><time>2026-04-25T04:58:25.175Z</time></trkpt>
      <trkpt lat="0" lon="-0.000001"><time>2026-04-25T04:58:25.192Z</time></trkpt>
      <trkpt lat="0" lon="-0.000001"><time>2026-04-25T04:58:25.208Z</time></trkpt>
      <trkpt lat="0" lon="-0.000001"><time>2026-04-25T04:58:25.225Z</time></trkpt>
      <trkpt lat="0" lon="-0.000001"><time>2026-04-25T04:58:25.242Z</time></trkpt>
      <trkpt lat="0" lon="-0.000001"><time>2026-04-25T04:58:25.258Z</time></trkpt>
      <trkpt lat="0" lon="-0.000001"><time>2026-04-25T04:58:25.275Z</time></trkpt>
      <trkpt lat="0" lon="-0.000001"><time>2026-04-25T04:58:25.292Z</time></trkpt>
      <trkpt lat="0" lon="0"><time>2026-04-25T04:58:25.309Z</time></trkpt>
      <trkpt lat="0" lon="0"><time>2026-04-25T04:58:25.325Z</time></trkpt>
      <trkpt lat="0" lon="0"><time>2026-04-25T04:58:25.342Z</time></trkpt>
      <trkpt lat="0" lon="0"><time>2026-04-25T04:58:25.359Z</time></trkpt>
      <trkpt lat="0" lon="0"><time>2026-04-25T04:58:25.375Z</time></trkpt>
      <trkpt lat="0" lon="0"><time>2026-04-25T04:58:25.392Z</time></trkpt>
      <trkpt lat="23.770161" lon="106.736898"><time>2026-04-25T04:58:25.409Z</time></trkpt>
      <trkpt lat="23.770161" lon="106.736898"><time>2026-04-25T04:58:25.425Z</time></trkpt>
      <trkpt lat="23.770161" lon="106.736898"><time>2026-04-25T04:58:25.442Z</time></trkpt>
      <trkpt lat="23.770161" lon="106.736898"><time>2026-04-25T04:58:25.459Z</time></trkpt>
      <trkpt lat="23.770161" lon="106.736898"><time>2026-04-25T04:58:25.475Z</time></trkpt>
      <trkpt lat="23.770161" lon="106.736898"><time>2026-04-25T04:58:25.492Z</time></trkpt>
      <trkpt lat="23.770161" lon="106.736898"><time>2026-04-25T04:58:25.509Z</time></trkpt>
      <trkpt lat="23.770161" lon="106.736898"><time>2026-04-25T04:58:25.525Z</time></trkpt>
      <trkpt lat="23.770161" lon="106.736898"><time>2026-04-25T04:58:25.542Z</time></trkpt>
      <trkpt lat="23.770161" lon="106.736898"><time>2026-04-25T04:58:25.559Z</time></trkpt>
      <trkpt lat="23.770161" lon="106.736898"><time>2026-04-25T04:58:25.575Z</time></trkpt>
      <trkpt lat="23.770161" lon="106.736898"><time>2026-04-25T04:58:25.592Z</time></trkpt>
      <trkpt lat="23.770161" lon="106.736899"><time>2026-04-25T04:58:25.609Z</time></trkpt>
      <trkpt lat="23.770161" lon="106.736899"><time>2026-04-25T04:58:25.626Z</time></trkpt>
      <trkpt lat="23.770161" lon="106.736899"><time>2026-04-25T04:58:25.642Z</time></trkpt>
      <trkpt lat="23.770161" lon="106.736899"><time>2026-04-25T04:58:25.659Z</time></trkpt>
      <trkpt lat="23.770161" lon="106.736899"><time>2026-04-25T04:58:25.676Z</time></trkpt>
      <trkpt lat="23.770161" lon="106.736899"><time>2026-04-25T04:58:25.692Z</time></trkpt>
      <trkpt lat="23.770161" lon="106.736899"><time>2026-04-25T04:58:25.709Z</time></trkpt>
      <trkpt lat="23.770161" lon="106.736899"><time>2026-04-25T04:58:25.726Z</time></trkpt>
      <trkpt lat="23.770161" lon="106.736899"><time>2026-04-25T04:58:25.742Z</time></trkpt>
      <trkpt lat="23.770161" lon="106.736899"><time>2026-04-25T04:58:25.759Z</time></trkpt>
      <trkpt lat="23.770161" lon="106.736899"><time>2026-04-25T04:58:25.776Z</time></trkpt>
      <trkpt lat="23.770161" lon="106.736899"><time>2026-04-25T04:58:25.792Z</time></trkpt>
      <trkpt lat="23.77016" lon="106.7369"><time>2026-04-25T04:58:25.809Z</time></trkpt>
      <trkpt lat="23.77016" lon="106.7369"><time>2026-04-25T04:58:25.826Z</time></trkpt>
      <trkpt lat="23.77016" lon="106.7369"><time>2026-04-25T04:58:25.842Z</time></trkpt>
      <trkpt lat="23.77016" lon="106.7369"><time>2026-04-25T04:58:25.859Z</time></trkpt>
      <trkpt lat="23.77016" lon="106.7369"><time>2026-04-25T04:58:25.876Z</time></trkpt>
      <trkpt lat="23.77016" lon="106.7369"><time>2026-04-25T04:58:25.892Z</time></trkpt>
      <trkpt lat="23.77016" lon="106.7369"><time>2026-04-25T04:58:25.909Z</time></trkpt>
      <trkpt lat="23.77016" lon="106.7369"><time>2026-04-25T04:58:25.926Z</time></trkpt>
      <trkpt lat="23.77016" lon="106.7369"><time>2026-04-25T04:58:25.943Z</time></trkpt>
      <trkpt lat="23.77016" lon="106.7369"><time>2026-04-25T04:58:25.959Z</time></trkpt>
      <trkpt lat="23.77016" lon="106.7369"><time>2026-04-25T04:58:25.976Z</time></trkpt>
      <trkpt lat="23.77016" lon="106.7369"><time>2026-04-25T04:58:25.993Z</time></trkpt>
      <trkpt lat="23.77016" lon="106.736901"><time>2026-04-25T04:58:26.009Z</time></trkpt>
      <trkpt lat="23.77016" lon="106.736901"><time>2026-04-25T04:58:26.026Z</time></trkpt>
      <trkpt lat="23.77016" lon="106.736901"><time>2026-04-25T04:58:26.043Z</time></trkpt>
      <trkpt lat="23.77016" lon="106.736901"><time>2026-04-25T04:58:26.059Z</time></trkpt>
      <trkpt lat="23.77016" lon="106.736901"><time>2026-04-25T04:58:26.076Z</time></trkpt>
      <trkpt lat="23.77016" lon="106.736901"><time>2026-04-25T04:58:26.093Z</time></trkpt>
      <trkpt lat="23.77016" lon="106.736901"><time>2026-04-25T04:58:26.109Z</time></trkpt>
      <trkpt lat="23.77016" lon="106.736901"><time>2026-04-25T04:58:26.126Z</time></trkpt>
      <trkpt lat="23.77016" lon="106.736901"><time>2026-04-25T04:58:26.143Z</time></trkpt>
      <trkpt lat="23.77016" lon="106.736901"><time>2026-04-25T04:58:26.159Z</time></trkpt>
      <trkpt lat="23.77016" lon="106.736901"><time>2026-04-25T04:58:26.176Z</time></trkpt>
      <trkpt lat="23.77016" lon="106.736901"><time>2026-04-25T04:58:26.193Z</time></trkpt>
      <trkpt lat="23.77016" lon="106.736902"><time>2026-04-25T04:58:26.209Z</time></trkpt>
      <trkpt lat="23.77016" lon="106.736902"><time>2026-04-25T04:58:26.226Z</time></trkpt>
      <trkpt lat="23.77016" lon="106.736902"><time>2026-04-25T04:58:26.243Z</time></trkpt>
      <trkpt lat="23.77016" lon="106.736902"><time>2026-04-25T04:58:26.260Z</time></trkpt>
      <trkpt lat="23.77016" lon="106.736902"><time>2026-04-25T04:58:26.276Z</time></trkpt>
      <trkpt lat="23.77016" lon="106.736902"><time>2026-04-25T04:58:26.293Z</time></trkpt>
      <trkpt lat="23.77016" lon="106.736902"><time>2026-04-25T04:58:26.310Z</time></trkpt>
      <trkpt lat="23.77016" lon="106.736902"><time>2026-04-25T04:58:26.326Z</time></trkpt>
      <trkpt lat="23.77016" lon="106.736902"><time>2026-04-25T04:58:26.343Z</time></trkpt>
      <trkpt lat="23.77016" lon="106.736902"><time>2026-04-25T04:58:26.360Z</time></trkpt>
      <trkpt lat="23.77016" lon="106.736902"><time>2026-04-25T04:58:26.376Z</time></trkpt>
      <trkpt lat="23.77016" lon="106.736902"><time>2026-04-25T04:58:26.393Z</time></trkpt>
      <trkpt lat="23.77016" lon="106.736903"><time>2026-04-25T04:58:26.410Z</time></trkpt>
      <trkpt lat="23.77016" lon="106.736903"><time>2026-04-25T04:58:26.426Z</time></trkpt>
      <trkpt lat="23.77016" lon="106.736903"><time>2026-04-25T04:58:26.443Z</time></trkpt>
      <trkpt lat="23.77016" lon="106.736903"><time>2026-04-25T04:58:26.460Z</time></trkpt>
      <trkpt lat="23.77016" lon="106.736903"><time>2026-04-25T04:58:26.476Z</time></trkpt>
      <trkpt lat="23.77016" lon="106.736903"><time>2026-04-25T04:58:26.493Z</time></trkpt>
      <trkpt lat="23.77016" lon="106.736903"><time>2026-04-25T04:58:26.510Z</time></trkpt>
      <trkpt lat="23.77016" lon="106.736903"><time>2026-04-25T04:58:26.526Z</time></trkpt>
      <trkpt lat="23.77016" lon="106.736903"><time>2026-04-25T04:58:26.543Z</time></trkpt>
      <trkpt lat="23.77016" lon="106.736903"><time>2026-04-25T04:58:26.560Z</time></trkpt>
      <trkpt lat="23.77016" lon="106.736903"><time>2026-04-25T04:58:26.577Z</time></trkpt>
      <trkpt lat="23.77016" lon="106.736903"><time>2026-04-25T04:58:26.593Z</time></trkpt>
      <trkpt lat="23.77016" lon="106.736904"><time>2026-04-25T04:58:26.610Z</time></trkpt>
      <trkpt lat="23.77016" lon="106.736904"><time>2026-04-25T04:58:26.627Z</time></trkpt>
      <trkpt lat="23.77016" lon="106.736904"><time>2026-04-25T04:58:26.643Z</time></trkpt>
      <trkpt lat="23.77016" lon="106.736904"><time>2026-04-25T04:58:26.660Z</time></trkpt>
      <trkpt lat="23.77016" lon="106.736904"><time>2026-04-25T04:58:26.677Z</time></trkpt>
      <trkpt lat="23.77016" lon="106.736904"><time>2026-04-25T04:58:26.693Z</time></trkpt>
      <trkpt lat="23.77016" lon="106.736904"><time>2026-04-25T04:58:26.710Z</time></trkpt>
      <trkpt lat="23.77016" lon="106.736904"><time>2026-04-25T04:58:26.727Z</time></trkpt>
      <trkpt lat="23.77016" lon="106.736904"><time>2026-04-25T04:58:26.743Z</time></trkpt>
      <trkpt lat="23.77016" lon="106.736904"><time>2026-04-25T04:58:26.760Z</time></trkpt>
      <trkpt lat="23.77016" lon="106.736904"><time>2026-04-25T04:58:26.777Z</time></trkpt>
      <trkpt lat="23.77016" lon="106.736904"><time>2026-04-25T04:58:26.793Z</time></trkpt>
      <trkpt lat="23.77016" lon="106.736905"><time>2026-04-25T04:58:26.810Z</time></trkpt>
      <trkpt lat="23.77016" lon="106.736905"><time>2026-04-25T04:58:26.827Z</time></trkpt>
      <trkpt lat="23.77016" lon="106.736905"><time>2026-04-25T04:58:26.843Z</time></trkpt>
      <trkpt lat="23.77016" lon="106.736905"><time>2026-04-25T04:58:26.860Z</time></trkpt>
      <trkpt lat="23.77016" lon="106.736905"><time>2026-04-25T04:58:26.877Z</time></trkpt>
      <trkpt lat="23.77016" lon="106.736905"><time>2026-04-25T04:58:26.894Z</time></trkpt>
      <trkpt lat="23.77016" lon="106.736905"><time>2026-04-25T04:58:26.910Z</time></trkpt>
      <trkpt lat="23.77016" lon="106.736905"><time>2026-04-25T04:58:26.927Z</time></trkpt>
      <trkpt lat="23.77016" lon="106.736905"><time>2026-04-25T04:58:26.944Z</time></trkpt>
      <trkpt lat="23.77016" lon="106.736905"><time>2026-04-25T04:58:26.960Z</time></trkpt>
      <trkpt lat="23.77016" lon="106.736905"><time>2026-04-25T04:58:26.977Z</time></trkpt>
      <trkpt lat="23.77016" lon="106.736905"><time>2026-04-25T04:58:26.994Z</time></trkpt>
      <trkpt lat="23.77016" lon="106.736905"><time>2026-04-25T04:58:27.010Z</time></trkpt>
      <trkpt lat="23.77016" lon="106.736905"><time>2026-04-25T04:58:27.027Z</time></trkpt>
      <trkpt lat="23.77016" lon="106.736905"><time>2026-04-25T04:58:27.044Z</time></trkpt>
      <trkpt lat="23.77016" lon="106.736905"><time>2026-04-25T04:58:27.060Z</time></trkpt>
      <trkpt lat="23.77016" lon="106.736905"><time>2026-04-25T04:58:27.077Z</time></trkpt>
      <trkpt lat="23.77016" lon="106.736905"><time>2026-04-25T04:58:27.094Z</time></trkpt>
      <trkpt lat="23.77016" lon="106.736905"><time>2026-04-25T04:58:27.110Z</time></trkpt>
      <trkpt lat="23.77016" lon="106.736905"><time>2026-04-25T04:58:27.127Z</time></trkpt>
      <trkpt lat="23.77016" lon="106.736905"><time>2026-04-25T04:58:27.144Z</time></trkpt>
      <trkpt lat="23.77016" lon="106.736905"><time>2026-04-25T04:58:27.160Z</time></trkpt>
      <trkpt lat="23.77016" lon="106.736905"><time>2026-04-25T04:58:27.177Z</time></trkpt>
      <trkpt lat="23.77016" lon="106.736905"><time>2026-04-25T04:58:27.194Z</time></trkpt>
      <trkpt lat="23.77016" lon="106.736906"><time>2026-04-25T04:58:27.211Z</time></trkpt>
      <trkpt lat="23.77016" lon="106.736906"><time>2026-04-25T04:58:27.227Z</time></trkpt>
      <trkpt lat="23.77016" lon="106.736906"><time>2026-04-25T04:58:27.244Z</time></trkpt>
      <trkpt lat="23.77016" lon="106.736906"><time>2026-04-25T04:58:27.261Z</time></trkpt>
      <trkpt lat="23.77016" lon="106.736906"><time>2026-04-25T04:58:27.277Z</time></trkpt>
      <trkpt lat="23.77016" lon="106.736906"><time>2026-04-25T04:58:27.294Z</time></trkpt>
      <trkpt lat="23.77016" lon="106.736906"><time>2026-04-25T04:58:27.311Z</time></trkpt>
      <trkpt lat="23.77016" lon="106.736906"><time>2026-04-25T04:58:27.327Z</time></trkpt>
      <trkpt lat="23.77016" lon="106.736906"><time>2026-04-25T04:58:27.344Z</time></trkpt>
      <trkpt lat="23.77016" lon="106.736906"><time>2026-04-25T04:58:27.361Z</time></trkpt>
      <trkpt lat="23.77016" lon="106.736906"><time>2026-04-25T04:58:27.377Z</time></trkpt>
      <trkpt lat="23.77016" lon="106.736907"><time>2026-04-25T04:58:27.394Z</time></trkpt>
      <trkpt lat="23.77016" lon="106.736907"><time>2026-04-25T04:58:27.411Z</time></trkpt>
      <trkpt lat="23.77016" lon="106.736907"><time>2026-04-25T04:58:27.427Z</time></trkpt>
      <trkpt lat="23.77016" lon="106.736907"><time>2026-04-25T04:58:27.444Z</time></trkpt>
      <trkpt lat="23.77016" lon="106.736907"><time>2026-04-25T04:58:27.461Z</time></trkpt>
      <trkpt lat="23.77016" lon="106.736907"><time>2026-04-25T04:58:27.477Z</time></trkpt>
      <trkpt lat="23.77016" lon="106.736907"><time>2026-04-25T04:58:27.494Z</time></trkpt>
      <trkpt lat="23.77016" lon="106.736907"><time>2026-04-25T04:58:27.511Z</time></trkpt>
      <trkpt lat="23.77016" lon="106.736907"><time>2026-04-25T04:58:27.528Z</time></trkpt>
      <trkpt lat="23.77016" lon="106.736907"><time>2026-04-25T04:58:27.544Z</time></trkpt>
      <trkpt lat="23.77016" lon="106.736907"><time>2026-04-25T04:58:27.561Z</time></trkpt>
      <trkpt lat="23.77016" lon="106.736907"><time>2026-04-25T04:58:27.578Z</time></trkpt>
      <trkpt lat="23.77016" lon="106.736908"><time>2026-04-25T04:58:27.594Z</time></trkpt>
      <trkpt lat="23.77016" lon="106.736908"><time>2026-04-25T04:58:27.611Z</time></trkpt>
      <trkpt lat="23.77016" lon="106.736908"><time>2026-04-25T04:58:27.628Z</time></trkpt>
      <trkpt lat="23.77016" lon="106.736908"><time>2026-04-25T04:58:27.644Z</time></trkpt>
      <trkpt lat="23.77016" lon="106.736908"><time>2026-04-25T04:58:27.661Z</time></trkpt>
      <trkpt lat="23.77016" lon="106.736908"><time>2026-04-25T04:58:27.678Z</time></trkpt>
      <trkpt lat="23.77016" lon="106.736908"><time>2026-04-25T04:58:27.694Z</time></trkpt>
      <trkpt lat="23.77016" lon="106.736908"><time>2026-04-25T04:58:27.711Z</time></trkpt>
      <trkpt lat="23.77016" lon="106.736908"><time>2026-04-25T04:58:27.728Z</time></trkpt>
      <trkpt lat="23.77016" lon="106.736908"><time>2026-04-25T04:58:27.744Z</time></trkpt>
      <trkpt lat="23.77016" lon="106.736908"><time>2026-04-25T04:58:27.761Z</time></trkpt>
      <trkpt lat="23.77016" lon="106.736908"><time>2026-04-25T04:58:27.778Z</time></trkpt>
      <trkpt lat="23.770159" lon="106.736909"><time>2026-04-25T04:58:27.794Z</time></trkpt>
      <trkpt lat="23.770159" lon="106.736909"><time>2026-04-25T04:58:27.811Z</time></trkpt>
      <trkpt lat="23.770159" lon="106.736909"><time>2026-04-25T04:58:27.828Z</time></trkpt>
      <trkpt lat="23.770159" lon="106.736909"><time>2026-04-25T04:58:27.845Z</time></trkpt>
      <trkpt lat="23.770159" lon="106.736909"><time>2026-04-25T04:58:27.861Z</time></trkpt>
      <trkpt lat="23.770159" lon="106.736909"><time>2026-04-25T04:58:27.878Z</time></trkpt>
      <trkpt lat="23.770159" lon="106.736909"><time>2026-04-25T04:58:27.895Z</time></trkpt>
      <trkpt lat="23.770159" lon="106.736909"><time>2026-04-25T04:58:27.911Z</time></trkpt>
      <trkpt lat="23.770159" lon="106.736909"><time>2026-04-25T04:58:27.928Z</time></trkpt>
      <trkpt lat="23.770159" lon="106.736909"><time>2026-04-25T04:58:27.945Z</time></trkpt>
      <trkpt lat="23.770159" lon="106.736909"><time>2026-04-25T04:58:27.961Z</time></trkpt>
      <trkpt lat="23.770159" lon="106.736909"><time>2026-04-25T04:58:27.978Z</time></trkpt>
      <trkpt lat="23.770159" lon="106.736909"><time>2026-04-25T04:58:27.995Z</time></trkpt>
      <trkpt lat="23.770159" lon="106.736909"><time>2026-04-25T04:58:28.011Z</time></trkpt>
      <trkpt lat="23.770159" lon="106.736909"><time>2026-04-25T04:58:28.028Z</time></trkpt>
      <trkpt lat="23.770159" lon="106.736909"><time>2026-04-25T04:58:28.045Z</time></trkpt>
      <trkpt lat="23.770159" lon="106.736909"><time>2026-04-25T04:58:28.061Z</time></trkpt>
      <trkpt lat="23.770159" lon="106.736909"><time>2026-04-25T04:58:28.078Z</time></trkpt>
      <trkpt lat="23.770159" lon="106.736909"><time>2026-04-25T04:58:28.095Z</time></trkpt>
      <trkpt lat="23.770159" lon="106.736909"><time>2026-04-25T04:58:28.111Z</time></trkpt>
      <trkpt lat="23.770159" lon="106.736909"><time>2026-04-25T04:58:28.128Z</time></trkpt>
      <trkpt lat="23.770159" lon="106.736909"><time>2026-04-25T04:58:28.145Z</time></trkpt>
      <trkpt lat="23.770159" lon="106.736909"><time>2026-04-25T04:58:28.162Z</time></trkpt>
      <trkpt lat="23.770159" lon="106.736909"><time>2026-04-25T04:58:28.178Z</time></trkpt>
      <trkpt lat="23.770159" lon="106.736909"><time>2026-04-25T04:58:28.195Z</time></trkpt>
      <trkpt lat="23.770159" lon="106.73691"><time>2026-04-25T04:58:28.212Z</time></trkpt>
      <trkpt lat="23.770159" lon="106.73691"><time>2026-04-25T04:58:28.228Z</time></trkpt>
      <trkpt lat="23.770159" lon="106.73691"><time>2026-04-25T04:58:28.245Z</time></trkpt>
      <trkpt lat="23.770159" lon="106.73691"><time>2026-04-25T04:58:28.262Z</time></trkpt>
      <trkpt lat="23.770159" lon="106.73691"><time>2026-04-25T04:58:28.278Z</time></trkpt>
      <trkpt lat="23.770159" lon="106.73691"><time>2026-04-25T04:58:28.295Z</time></trkpt>
      <trkpt lat="23.770159" lon="106.73691"><time>2026-04-25T04:58:28.312Z</time></trkpt>
      <trkpt lat="23.770159" lon="106.73691"><time>2026-04-25T04:58:28.328Z</time></trkpt>
      <trkpt lat="23.770159" lon="106.73691"><time>2026-04-25T04:58:28.345Z</time></trkpt>
      <trkpt lat="23.770159" lon="106.73691"><time>2026-04-25T04:58:28.362Z</time></trkpt>
      <trkpt lat="23.770159" lon="106.73691"><time>2026-04-25T04:58:28.378Z</time></trkpt>
      <trkpt lat="23.770158" lon="106.736911"><time>2026-04-25T04:58:28.395Z</time></trkpt>
      <trkpt lat="23.770158" lon="106.736911"><time>2026-04-25T04:58:28.412Z</time></trkpt>
      <trkpt lat="23.770158" lon="106.736911"><time>2026-04-25T04:58:28.428Z</time></trkpt>
      <trkpt lat="23.770158" lon="106.736911"><time>2026-04-25T04:58:28.445Z</time></trkpt>
      <trkpt lat="23.770158" lon="106.736911"><time>2026-04-25T04:58:28.462Z</time></trkpt>
      <trkpt lat="23.770158" lon="106.736911"><time>2026-04-25T04:58:28.479Z</time></trkpt>
      <trkpt lat="23.770158" lon="106.736911"><time>2026-04-25T04:58:28.495Z</time></trkpt>
      <trkpt lat="23.770158" lon="106.736911"><time>2026-04-25T04:58:28.512Z</time></trkpt>
      <trkpt lat="23.770158" lon="106.736911"><time>2026-04-25T04:58:28.529Z</time></trkpt>
      <trkpt lat="23.770158" lon="106.736911"><time>2026-04-25T04:58:28.545Z</time></trkpt>
      <trkpt lat="23.770158" lon="106.736911"><time>2026-04-25T04:58:28.562Z</time></trkpt>
      <trkpt lat="23.770158" lon="106.736911"><time>2026-04-25T04:58:28.579Z</time></trkpt>
      <trkpt lat="23.770158" lon="106.736911"><time>2026-04-25T04:58:28.595Z</time></trkpt>
      <trkpt lat="23.770158" lon="106.736911"><time>2026-04-25T04:58:28.612Z</time></trkpt>
      <trkpt lat="23.770158" lon="106.736911"><time>2026-04-25T04:58:28.629Z</time></trkpt>
      <trkpt lat="23.770158" lon="106.736911"><time>2026-04-25T04:58:28.645Z</time></trkpt>
      <trkpt lat="23.770158" lon="106.736911"><time>2026-04-25T04:58:28.662Z</time></trkpt>
      <trkpt lat="23.770158" lon="106.736911"><time>2026-04-25T04:58:28.679Z</time></trkpt>
      <trkpt lat="23.770158" lon="106.736911"><time>2026-04-25T04:58:28.695Z</time></trkpt>
      <trkpt lat="23.770158" lon="106.736911"><time>2026-04-25T04:58:28.712Z</time></trkpt>
      <trkpt lat="23.770158" lon="106.736911"><time>2026-04-25T04:58:28.729Z</time></trkpt>
      <trkpt lat="23.770158" lon="106.736911"><time>2026-04-25T04:58:28.745Z</time></trkpt>
      <trkpt lat="23.770158" lon="106.736911"><time>2026-04-25T04:58:28.762Z</time></trkpt>
      <trkpt lat="23.770158" lon="106.736911"><time>2026-04-25T04:58:28.779Z</time></trkpt>
      <trkpt lat="23.770158" lon="106.736912"><time>2026-04-25T04:58:28.796Z</time></trkpt>
      <trkpt lat="23.770158" lon="106.736912"><time>2026-04-25T04:58:28.812Z</time></trkpt>
      <trkpt lat="23.770158" lon="106.736912"><time>2026-04-25T04:58:28.829Z</time></trkpt>
      <trkpt lat="23.770158" lon="106.736912"><time>2026-04-25T04:58:28.846Z</time></trkpt>
      <trkpt lat="23.770158" lon="106.736912"><time>2026-04-25T04:58:28.862Z</time></trkpt>
      <trkpt lat="23.770158" lon="106.736912"><time>2026-04-25T04:58:28.879Z</time></trkpt>
      <trkpt lat="23.770158" lon="106.736912"><time>2026-04-25T04:58:28.896Z</time></trkpt>
      <trkpt lat="23.770158" lon="106.736912"><time>2026-04-25T04:58:28.912Z</time></trkpt>
      <trkpt lat="23.770158" lon="106.736912"><time>2026-04-25T04:58:28.929Z</time></trkpt>
      <trkpt lat="23.770158" lon="106.736912"><time>2026-04-25T04:58:28.946Z</time></trkpt>
      <trkpt lat="23.770158" lon="106.736912"><time>2026-04-25T04:58:28.962Z</time></trkpt>
      <trkpt lat="23.770158" lon="106.736912"><time>2026-04-25T04:58:28.979Z</time></trkpt>
      <trkpt lat="23.770158" lon="106.736912"><time>2026-04-25T04:58:28.996Z</time></trkpt>
      <trkpt lat="23.770158" lon="106.736912"><time>2026-04-25T04:58:29.012Z</time></trkpt>
      <trkpt lat="23.770158" lon="106.736912"><time>2026-04-25T04:58:29.029Z</time></trkpt>
      <trkpt lat="23.770158" lon="106.736912"><time>2026-04-25T04:58:29.046Z</time></trkpt>
      <trkpt lat="23.770158" lon="106.736912"><time>2026-04-25T04:58:29.062Z</time></trkpt>
      <trkpt lat="23.770158" lon="106.736912"><time>2026-04-25T04:58:29.079Z</time></trkpt>
      <trkpt lat="23.770158" lon="106.736912"><time>2026-04-25T04:58:29.096Z</time></trkpt>
      <trkpt lat="23.770158" lon="106.736912"><time>2026-04-25T04:58:29.113Z</time></trkpt>
      <trkpt lat="23.770158" lon="106.736912"><time>2026-04-25T04:58:29.129Z</time></trkpt>
      <trkpt lat="23.770158" lon="106.736912"><time>2026-04-25T04:58:29.146Z</time></trkpt>
      <trkpt lat="23.770158" lon="106.736912"><time>2026-04-25T04:58:29.163Z</time></trkpt>
      <trkpt lat="23.770158" lon="106.736912"><time>2026-04-25T04:58:29.179Z</time></trkpt>
      <trkpt lat="23.770158" lon="106.736913"><time>2026-04-25T04:58:29.196Z</time></trkpt>
      <trkpt lat="23.770158" lon="106.736913"><time>2026-04-25T04:58:29.213Z</time></trkpt>
      <trkpt lat="23.770158" lon="106.736913"><time>2026-04-25T04:58:29.229Z</time></trkpt>
      <trkpt lat="23.770158" lon="106.736913"><time>2026-04-25T04:58:29.246Z</time></trkpt>
      <trkpt lat="23.770158" lon="106.736913"><time>2026-04-25T04:58:29.263Z</time></trkpt>
      <trkpt lat="23.770158" lon="106.736913"><time>2026-04-25T04:58:29.279Z</time></trkpt>
      <trkpt lat="23.770158" lon="106.736913"><time>2026-04-25T04:58:29.296Z</time></trkpt>
      <trkpt lat="23.770158" lon="106.736913"><time>2026-04-25T04:58:29.313Z</time></trkpt>
      <trkpt lat="23.770158" lon="106.736913"><time>2026-04-25T04:58:29.329Z</time></trkpt>
      <trkpt lat="23.770158" lon="106.736913"><time>2026-04-25T04:58:29.346Z</time></trkpt>
      <trkpt lat="23.770158" lon="106.736913"><time>2026-04-25T04:58:29.363Z</time></trkpt>
      <trkpt lat="23.770158" lon="106.736913"><time>2026-04-25T04:58:29.379Z</time></trkpt>
      <trkpt lat="23.770158" lon="106.736914"><time>2026-04-25T04:58:29.396Z</time></trkpt>
      <trkpt lat="23.770158" lon="106.736914"><time>2026-04-25T04:58:29.413Z</time></trkpt>
      <trkpt lat="23.770158" lon="106.736914"><time>2026-04-25T04:58:29.430Z</time></trkpt>
      <trkpt lat="23.770158" lon="106.736914"><time>2026-04-25T04:58:29.446Z</time></trkpt>
      <trkpt lat="23.770158" lon="106.736914"><time>2026-04-25T04:58:29.463Z</time></trkpt>
      <trkpt lat="23.770158" lon="106.736914"><time>2026-04-25T04:58:29.480Z</time></trkpt>
      <trkpt lat="23.770158" lon="106.736914"><time>2026-04-25T04:58:29.496Z</time></trkpt>
      <trkpt lat="23.770158" lon="106.736914"><time>2026-04-25T04:58:29.513Z</time></trkpt>
      <trkpt lat="23.770158" lon="106.736914"><time>2026-04-25T04:58:29.530Z</time></trkpt>
      <trkpt lat="23.770158" lon="106.736914"><time>2026-04-25T04:58:29.546Z</time></trkpt>
      <trkpt lat="23.770158" lon="106.736914"><time>2026-04-25T04:58:29.563Z</time></trkpt>
      <trkpt lat="23.770158" lon="106.736914"><time>2026-04-25T04:58:29.580Z</time></trkpt>
      <trkpt lat="23.770158" lon="106.736914"><time>2026-04-25T04:58:29.596Z</time></trkpt>
      <trkpt lat="23.770158" lon="106.736914"><time>2026-04-25T04:58:29.613Z</time></trkpt>
      <trkpt lat="23.770158" lon="106.736914"><time>2026-04-25T04:58:29.630Z</time></trkpt>
      <trkpt lat="23.770158" lon="106.736914"><time>2026-04-25T04:58:29.646Z</time></trkpt>
      <trkpt lat="23.770158" lon="106.736914"><time>2026-04-25T04:58:29.663Z</time></trkpt>
      <trkpt lat="23.770158" lon="106.736914"><time>2026-04-25T04:58:29.680Z</time></trkpt>
      <trkpt lat="23.770158" lon="106.736914"><time>2026-04-25T04:58:29.696Z</time></trkpt>
      <trkpt lat="23.770158" lon="106.736914"><time>2026-04-25T04:58:29.713Z</time></trkpt>
      <trkpt lat="23.770158" lon="106.736914"><time>2026-04-25T04:58:29.730Z</time></trkpt>
      <trkpt lat="23.770158" lon="106.736914"><time>2026-04-25T04:58:29.747Z</time></trkpt>
      <trkpt lat="23.770158" lon="106.736914"><time>2026-04-25T04:58:29.763Z</time></trkpt>
      <trkpt lat="23.770158" lon="106.736914"><time>2026-04-25T04:58:29.780Z</time></trkpt>
      <trkpt lat="23.770158" lon="106.736915"><time>2026-04-25T04:58:29.797Z</time></trkpt>
      <trkpt lat="23.770158" lon="106.736915"><time>2026-04-25T04:58:29.813Z</time></trkpt>
      <trkpt lat="23.770158" lon="106.736915"><time>2026-04-25T04:58:29.830Z</time></trkpt>
      <trkpt lat="23.770158" lon="106.736915"><time>2026-04-25T04:58:29.847Z</time></trkpt>
      <trkpt lat="23.770158" lon="106.736915"><time>2026-04-25T04:58:29.863Z</time></trkpt>
      <trkpt lat="23.770158" lon="106.736915"><time>2026-04-25T04:58:29.880Z</time></trkpt>
      <trkpt lat="23.770158" lon="106.736915"><time>2026-04-25T04:58:29.897Z</time></trkpt>
      <trkpt lat="23.770158" lon="106.736915"><time>2026-04-25T04:58:29.913Z</time></trkpt>
      <trkpt lat="23.770158" lon="106.736915"><time>2026-04-25T04:58:29.930Z</time></trkpt>
      <trkpt lat="23.770158" lon="106.736915"><time>2026-04-25T04:58:29.947Z</time></trkpt>
      <trkpt lat="23.770158" lon="106.736915"><time>2026-04-25T04:58:29.963Z</time></trkpt>
      <trkpt lat="23.770158" lon="106.736915"><time>2026-04-25T04:58:29.980Z</time></trkpt>
      <trkpt lat="23.770158" lon="106.736916"><time>2026-04-25T04:58:29.997Z</time></trkpt>
      <trkpt lat="23.770158" lon="106.736916"><time>2026-04-25T04:58:30.013Z</time></trkpt>
      <trkpt lat="23.770158" lon="106.736916"><time>2026-04-25T04:58:30.030Z</time></trkpt>
      <trkpt lat="23.770158" lon="106.736916"><time>2026-04-25T04:58:30.047Z</time></trkpt>
      <trkpt lat="23.770158" lon="106.736916"><time>2026-04-25T04:58:30.064Z</time></trkpt>
      <trkpt lat="23.770158" lon="106.736916"><time>2026-04-25T04:58:30.080Z</time></trkpt>
      <trkpt lat="23.770158" lon="106.736916"><time>2026-04-25T04:58:30.097Z</time></trkpt>
      <trkpt lat="23.770158" lon="106.736916"><time>2026-04-25T04:58:30.114Z</time></trkpt>
      <trkpt lat="23.770158" lon="106.736916"><time>2026-04-25T04:58:30.130Z</time></trkpt>
      <trkpt lat="23.770158" lon="106.736916"><time>2026-04-25T04:58:30.147Z</time></trkpt>
      <trkpt lat="23.770158" lon="106.736916"><time>2026-04-25T04:58:30.164Z</time></trkpt>
      <trkpt lat="23.770158" lon="106.736916"><time>2026-04-25T04:58:30.180Z</time></trkpt>
      <trkpt lat="23.770158" lon="106.736916"><time>2026-04-25T04:58:30.197Z</time></trkpt>
      <trkpt lat="23.770158" lon="106.736916"><time>2026-04-25T04:58:30.214Z</time></trkpt>
      <trkpt lat="23.770158" lon="106.736916"><time>2026-04-25T04:58:30.230Z</time></trkpt>
      <trkpt lat="23.770158" lon="106.736916"><time>2026-04-25T04:58:30.247Z</time></trkpt>
      <trkpt lat="23.770158" lon="106.736916"><time>2026-04-25T04:58:30.264Z</time></trkpt>
      <trkpt lat="23.770158" lon="106.736916"><time>2026-04-25T04:58:30.280Z</time></trkpt>
      <trkpt lat="23.770158" lon="106.736916"><time>2026-04-25T04:58:30.297Z</time></trkpt>
      <trkpt lat="23.770158" lon="106.736916"><time>2026-04-25T04:58:30.314Z</time></trkpt>
      <trkpt lat="23.770158" lon="106.736916"><time>2026-04-25T04:58:30.330Z</time></trkpt>
      <trkpt lat="23.770158" lon="106.736916"><time>2026-04-25T04:58:30.347Z</time></trkpt>
      <trkpt lat="23.770158" lon="106.736916"><time>2026-04-25T04:58:30.364Z</time></trkpt>
      <trkpt lat="23.770158" lon="106.736916"><time>2026-04-25T04:58:30.381Z</time></trkpt>
      <trkpt lat="23.770158" lon="106.736917"><time>2026-04-25T04:58:30.397Z</time></trkpt>
      <trkpt lat="23.770158" lon="106.736917"><time>2026-04-25T04:58:30.414Z</time></trkpt>
      <trkpt lat="23.770158" lon="106.736917"><time>2026-04-25T04:58:30.431Z</time></trkpt>
      <trkpt lat="23.770158" lon="106.736917"><time>2026-04-25T04:58:30.447Z</time></trkpt>
      <trkpt lat="23.770158" lon="106.736917"><time>2026-04-25T04:58:30.464Z</time></trkpt>
      <trkpt lat="23.770158" lon="106.736917"><time>2026-04-25T04:58:30.481Z</time></trkpt>
      <trkpt lat="23.770158" lon="106.736917"><time>2026-04-25T04:58:30.497Z</time></trkpt>
      <trkpt lat="23.770158" lon="106.736917"><time>2026-04-25T04:58:30.514Z</time></trkpt>
      <trkpt lat="23.770158" lon="106.736917"><time>2026-04-25T04:58:30.531Z</time></trkpt>
      <trkpt lat="23.770158" lon="106.736917"><time>2026-04-25T04:58:30.547Z</time></trkpt>
      <trkpt lat="23.770158" lon="106.736917"><time>2026-04-25T04:58:30.564Z</time></trkpt>
      <trkpt lat="23.770158" lon="106.736917"><time>2026-04-25T04:58:30.581Z</time></trkpt>
      <trkpt lat="23.770158" lon="106.736918"><time>2026-04-25T04:58:30.597Z</time></trkpt>
      <trkpt lat="23.770158" lon="106.736918"><time>2026-04-25T04:58:30.614Z</time></trkpt>
      <trkpt lat="23.770158" lon="106.736918"><time>2026-04-25T04:58:30.631Z</time></trkpt>
      <trkpt lat="23.770158" lon="106.736918"><time>2026-04-25T04:58:30.647Z</time></trkpt>
      <trkpt lat="23.770158" lon="106.736918"><time>2026-04-25T04:58:30.664Z</time></trkpt>
      <trkpt lat="23.770158" lon="106.736918"><time>2026-04-25T04:58:30.681Z</time></trkpt>
      <trkpt lat="23.770158" lon="106.736918"><time>2026-04-25T04:58:30.698Z</time></trkpt>
      <trkpt lat="23.770158" lon="106.736918"><time>2026-04-25T04:58:30.714Z</time></trkpt>
      <trkpt lat="23.770158" lon="106.736918"><time>2026-04-25T04:58:30.731Z</time></trkpt>
      <trkpt lat="23.770158" lon="106.736918"><time>2026-04-25T04:58:30.748Z</time></trkpt>
      <trkpt lat="23.770158" lon="106.736918"><time>2026-04-25T04:58:30.764Z</time></trkpt>
      <trkpt lat="23.770158" lon="106.736918"><time>2026-04-25T04:58:30.781Z</time></trkpt>
      <trkpt lat="23.770158" lon="106.736918"><time>2026-04-25T04:58:30.798Z</time></trkpt>
      <trkpt lat="23.770158" lon="106.736918"><time>2026-04-25T04:58:30.814Z</time></trkpt>
      <trkpt lat="23.770158" lon="106.736918"><time>2026-04-25T04:58:30.831Z</time></trkpt>
      <trkpt lat="23.770158" lon="106.736918"><time>2026-04-25T04:58:30.848Z</time></trkpt>
      <trkpt lat="23.770158" lon="106.736918"><time>2026-04-25T04:58:30.864Z</time></trkpt>
      <trkpt lat="23.770158" lon="106.736918"><time>2026-04-25T04:58:30.881Z</time></trkpt>
      <trkpt lat="23.770158" lon="106.736918"><time>2026-04-25T04:58:30.898Z</time></trkpt>
      <trkpt lat="23.770158" lon="106.736918"><time>2026-04-25T04:58:30.914Z</time></trkpt>
      <trkpt lat="23.770158" lon="106.736918"><time>2026-04-25T04:58:30.931Z</time></trkpt>
      <trkpt lat="23.770158" lon="106.736918"><time>2026-04-25T04:58:30.948Z</time></trkpt>
      <trkpt lat="23.770158" lon="106.736918"><time>2026-04-25T04:58:30.964Z</time></trkpt>
      <trkpt lat="23.770158" lon="106.736918"><time>2026-04-25T04:58:30.981Z</time></trkpt>
      <trkpt lat="23.770158" lon="106.736919"><time>2026-04-25T04:58:30.998Z</time></trkpt>
      <trkpt lat="23.770158" lon="106.736919"><time>2026-04-25T04:58:31.014Z</time></trkpt>
      <trkpt lat="23.770158" lon="106.736919"><time>2026-04-25T04:58:31.031Z</time></trkpt>
      <trkpt lat="23.770158" lon="106.736919"><time>2026-04-25T04:58:31.048Z</time></trkpt>
      <trkpt lat="23.770158" lon="106.736919"><time>2026-04-25T04:58:31.065Z</time></trkpt>
      <trkpt lat="23.770158" lon="106.736919"><time>2026-04-25T04:58:31.081Z</time></trkpt>
      <trkpt lat="23.770158" lon="106.736919"><time>2026-04-25T04:58:31.098Z</time></trkpt>
      <trkpt lat="23.770158" lon="106.736919"><time>2026-04-25T04:58:31.115Z</time></trkpt>
      <trkpt lat="23.770158" lon="106.736919"><time>2026-04-25T04:58:31.131Z</time></trkpt>
      <trkpt lat="23.770158" lon="106.736919"><time>2026-04-25T04:58:31.148Z</time></trkpt>
      <trkpt lat="23.770158" lon="106.736919"><time>2026-04-25T04:58:31.165Z</time></trkpt>
      <trkpt lat="23.770158" lon="106.736919"><time>2026-04-25T04:58:31.181Z</time></trkpt>
      <trkpt lat="23.770157" lon="106.736919"><time>2026-04-25T04:58:31.198Z</time></trkpt>
      <trkpt lat="23.770157" lon="106.736919"><time>2026-04-25T04:58:31.215Z</time></trkpt>
      <trkpt lat="23.770157" lon="106.736919"><time>2026-04-25T04:58:31.231Z</time></trkpt>
      <trkpt lat="23.770157" lon="106.736919"><time>2026-04-25T04:58:31.248Z</time></trkpt>
      <trkpt lat="23.770157" lon="106.736919"><time>2026-04-25T04:58:31.265Z</time></trkpt>
      <trkpt lat="23.770157" lon="106.736919"><time>2026-04-25T04:58:31.281Z</time></trkpt>
      <trkpt lat="23.770157" lon="106.736919"><time>2026-04-25T04:58:31.298Z</time></trkpt>
      <trkpt lat="23.770157" lon="106.736919"><time>2026-04-25T04:58:31.315Z</time></trkpt>
      <trkpt lat="23.770157" lon="106.736919"><time>2026-04-25T04:58:31.331Z</time></trkpt>
      <trkpt lat="23.770157" lon="106.736919"><time>2026-04-25T04:58:31.348Z</time></trkpt>
      <trkpt lat="23.770157" lon="106.736919"><time>2026-04-25T04:58:31.365Z</time></trkpt>
      <trkpt lat="23.770157" lon="106.736919"><time>2026-04-25T04:58:31.382Z</time></trkpt>
      <trkpt lat="23.770157" lon="106.73692"><time>2026-04-25T04:58:31.398Z</time></trkpt>
      <trkpt lat="23.770157" lon="106.73692"><time>2026-04-25T04:58:31.415Z</time></trkpt>
      <trkpt lat="23.770157" lon="106.73692"><time>2026-04-25T04:58:31.432Z</time></trkpt>
      <trkpt lat="23.770157" lon="106.73692"><time>2026-04-25T04:58:31.448Z</time></trkpt>
      <trkpt lat="23.770157" lon="106.73692"><time>2026-04-25T04:58:31.465Z</time></trkpt>
      <trkpt lat="23.770157" lon="106.73692"><time>2026-04-25T04:58:31.482Z</time></trkpt>
      <trkpt lat="23.770157" lon="106.73692"><time>2026-04-25T04:58:31.498Z</time></trkpt>
      <trkpt lat="23.770157" lon="106.73692"><time>2026-04-25T04:58:31.515Z</time></trkpt>
      <trkpt lat="23.770157" lon="106.73692"><time>2026-04-25T04:58:31.532Z</time></trkpt>
      <trkpt lat="23.770157" lon="106.73692"><time>2026-04-25T04:58:31.548Z</time></trkpt>
      <trkpt lat="23.770157" lon="106.73692"><time>2026-04-25T04:58:31.565Z</time></trkpt>
      <trkpt lat="23.770157" lon="106.73692"><time>2026-04-25T04:58:31.582Z</time></trkpt>
      <trkpt lat="23.770157" lon="106.73692"><time>2026-04-25T04:58:31.598Z</time></trkpt>
      <trkpt lat="23.770157" lon="106.73692"><time>2026-04-25T04:58:31.615Z</time></trkpt>
      <trkpt lat="23.770157" lon="106.73692"><time>2026-04-25T04:58:31.632Z</time></trkpt>
      <trkpt lat="23.770157" lon="106.73692"><time>2026-04-25T04:58:31.648Z</time></trkpt>
      <trkpt lat="23.770157" lon="106.73692"><time>2026-04-25T04:58:31.665Z</time></trkpt>
      <trkpt lat="23.770157" lon="106.73692"><time>2026-04-25T04:58:31.682Z</time></trkpt>
      <trkpt lat="23.770157" lon="106.73692"><time>2026-04-25T04:58:31.699Z</time></trkpt>
      <trkpt lat="23.770157" lon="106.73692"><time>2026-04-25T04:58:31.715Z</time></trkpt>
      <trkpt lat="23.770157" lon="106.73692"><time>2026-04-25T04:58:31.732Z</time></trkpt>
      <trkpt lat="23.770157" lon="106.73692"><time>2026-04-25T04:58:31.749Z</time></trkpt>
      <trkpt lat="23.770157" lon="106.73692"><time>2026-04-25T04:58:31.765Z</time></trkpt>
      <trkpt lat="23.770157" lon="106.73692"><time>2026-04-25T04:58:31.782Z</time></trkpt>
      <trkpt lat="23.770157" lon="106.736921"><time>2026-04-25T04:58:31.799Z</time></trkpt>
      <trkpt lat="23.770157" lon="106.736921"><time>2026-04-25T04:58:31.815Z</time></trkpt>
      <trkpt lat="23.770157" lon="106.736921"><time>2026-04-25T04:58:31.832Z</time></trkpt>
      <trkpt lat="23.770157" lon="106.736921"><time>2026-04-25T04:58:31.849Z</time></trkpt>
      <trkpt lat="23.770157" lon="106.736921"><time>2026-04-25T04:58:31.865Z</time></trkpt>
      <trkpt lat="23.770157" lon="106.736921"><time>2026-04-25T04:58:31.882Z</time></trkpt>
      <trkpt lat="23.770157" lon="106.736921"><time>2026-04-25T04:58:31.899Z</time></trkpt>
      <trkpt lat="23.770157" lon="106.736921"><time>2026-04-25T04:58:31.915Z</time></trkpt>
      <trkpt lat="23.770157" lon="106.736921"><time>2026-04-25T04:58:31.932Z</time></trkpt>
      <trkpt lat="23.770157" lon="106.736921"><time>2026-04-25T04:58:31.949Z</time></trkpt>
      <trkpt lat="23.770157" lon="106.736921"><time>2026-04-25T04:58:31.965Z</time></trkpt>
      <trkpt lat="23.770157" lon="106.736921"><time>2026-04-25T04:58:31.982Z</time></trkpt>
      <trkpt lat="23.770157" lon="106.736921"><time>2026-04-25T04:58:31.999Z</time></trkpt>
      <trkpt lat="23.770157" lon="106.736921"><time>2026-04-25T04:58:32.016Z</time></trkpt>
      <trkpt lat="23.770157" lon="106.736921"><time>2026-04-25T04:58:32.032Z</time></trkpt>
      <trkpt lat="23.770157" lon="106.736921"><time>2026-04-25T04:58:32.049Z</time></trkpt>
      <trkpt lat="23.770157" lon="106.736921"><time>2026-04-25T04:58:32.066Z</time></trkpt>
      <trkpt lat="23.770157" lon="106.736921"><time>2026-04-25T04:58:32.082Z</time></trkpt>
      <trkpt lat="23.770157" lon="106.736921"><time>2026-04-25T04:58:32.099Z</time></trkpt>
      <trkpt lat="23.770157" lon="106.736921"><time>2026-04-25T04:58:32.116Z</time></trkpt>
      <trkpt lat="23.770157" lon="106.736921"><time>2026-04-25T04:58:32.132Z</time></trkpt>
      <trkpt lat="23.770157" lon="106.736921"><time>2026-04-25T04:58:32.149Z</time></trkpt>
      <trkpt lat="23.770157" lon="106.736921"><time>2026-04-25T04:58:32.166Z</time></trkpt>
      <trkpt lat="23.770157" lon="106.736921"><time>2026-04-25T04:58:32.182Z</time></trkpt>
      <trkpt lat="23.770157" lon="106.736922"><time>2026-04-25T04:58:32.199Z</time></trkpt>
      <trkpt lat="23.770157" lon="106.736922"><time>2026-04-25T04:58:32.216Z</time></trkpt>
      <trkpt lat="23.770157" lon="106.736922"><time>2026-04-25T04:58:32.232Z</time></trkpt>
      <trkpt lat="23.770157" lon="106.736922"><time>2026-04-25T04:58:32.249Z</time></trkpt>
      <trkpt lat="23.770157" lon="106.736922"><time>2026-04-25T04:58:32.266Z</time></trkpt>
      <trkpt lat="23.770157" lon="106.736922"><time>2026-04-25T04:58:32.282Z</time></trkpt>
      <trkpt lat="23.770157" lon="106.736922"><time>2026-04-25T04:58:32.299Z</time></trkpt>
      <trkpt lat="23.770157" lon="106.736922"><time>2026-04-25T04:58:32.316Z</time></trkpt>
      <trkpt lat="23.770157" lon="106.736922"><time>2026-04-25T04:58:32.333Z</time></trkpt>
      <trkpt lat="23.770157" lon="106.736922"><time>2026-04-25T04:58:32.349Z</time></trkpt>
      <trkpt lat="23.770157" lon="106.736922"><time>2026-04-25T04:58:32.366Z</time></trkpt>
      <trkpt lat="23.770157" lon="106.736922"><time>2026-04-25T04:58:32.383Z</time></trkpt>
      <trkpt lat="23.770157" lon="106.736922"><time>2026-04-25T04:58:32.399Z</time></trkpt>
      <trkpt lat="23.770157" lon="106.736922"><time>2026-04-25T04:58:32.416Z</time></trkpt>
      <trkpt lat="23.770157" lon="106.736922"><time>2026-04-25T04:58:32.433Z</time></trkpt>
      <trkpt lat="23.770157" lon="106.736922"><time>2026-04-25T04:58:32.449Z</time></trkpt>
      <trkpt lat="23.770157" lon="106.736922"><time>2026-04-25T04:58:32.466Z</time></trkpt>
      <trkpt lat="23.770157" lon="106.736922"><time>2026-04-25T04:58:32.483Z</time></trkpt>
      <trkpt lat="23.770157" lon="106.736922"><time>2026-04-25T04:58:32.499Z</time></trkpt>
      <trkpt lat="23.770157" lon="106.736922"><time>2026-04-25T04:58:32.516Z</time></trkpt>
      <trkpt lat="23.770157" lon="106.736922"><time>2026-04-25T04:58:32.533Z</time></trkpt>
      <trkpt lat="23.770157" lon="106.736922"><time>2026-04-25T04:58:32.549Z</time></trkpt>
      <trkpt lat="23.770157" lon="106.736922"><time>2026-04-25T04:58:32.566Z</time></trkpt>
      <trkpt lat="23.770157" lon="106.736922"><time>2026-04-25T04:58:32.583Z</time></trkpt>
      <trkpt lat="23.770157" lon="106.736922"><time>2026-04-25T04:58:32.599Z</time></trkpt>
      <trkpt lat="23.770157" lon="106.736922"><time>2026-04-25T04:58:32.616Z</time></trkpt>
      <trkpt lat="23.770157" lon="106.736922"><time>2026-04-25T04:58:32.633Z</time></trkpt>
      <trkpt lat="23.770157" lon="106.736922"><time>2026-04-25T04:58:32.650Z</time></trkpt>
      <trkpt lat="23.770157" lon="106.736922"><time>2026-04-25T04:58:32.666Z</time></trkpt>
      <trkpt lat="23.770157" lon="106.736922"><time>2026-04-25T04:58:32.683Z</time></trkpt>
      <trkpt lat="23.770157" lon="106.736922"><time>2026-04-25T04:58:32.700Z</time></trkpt>
      <trkpt lat="23.770157" lon="106.736922"><time>2026-04-25T04:58:32.716Z</time></trkpt>
      <trkpt lat="23.770157" lon="106.736922"><time>2026-04-25T04:58:32.733Z</time></trkpt>
      <trkpt lat="23.770157" lon="106.736922"><time>2026-04-25T04:58:32.750Z</time></trkpt>
      <trkpt lat="23.770157" lon="106.736922"><time>2026-04-25T04:58:32.766Z</time></trkpt>
      <trkpt lat="23.770157" lon="106.736922"><time>2026-04-25T04:58:32.783Z</time></trkpt>
      <trkpt lat="23.770157" lon="106.736923"><time>2026-04-25T04:58:32.800Z</time></trkpt>
      <trkpt lat="23.770157" lon="106.736923"><time>2026-04-25T04:58:32.816Z</time></trkpt>
      <trkpt lat="23.770157" lon="106.736923"><time>2026-04-25T04:58:32.833Z</time></trkpt>
      <trkpt lat="23.770157" lon="106.736923"><time>2026-04-25T04:58:32.850Z</time></trkpt>
      <trkpt lat="23.770157" lon="106.736923"><time>2026-04-25T04:58:32.866Z</time></trkpt>
      <trkpt lat="23.770157" lon="106.736923"><time>2026-04-25T04:58:32.883Z</time></trkpt>
      <trkpt lat="23.770157" lon="106.736923"><time>2026-04-25T04:58:32.900Z</time></trkpt>
      <trkpt lat="23.770157" lon="106.736923"><time>2026-04-25T04:58:32.916Z</time></trkpt>
      <trkpt lat="23.770157" lon="106.736923"><time>2026-04-25T04:58:32.933Z</time></trkpt>
      <trkpt lat="23.770157" lon="106.736923"><time>2026-04-25T04:58:32.950Z</time></trkpt>
      <trkpt lat="23.770157" lon="106.736923"><time>2026-04-25T04:58:32.967Z</time></trkpt>
      <trkpt lat="23.770157" lon="106.736923"><time>2026-04-25T04:58:32.983Z</time></trkpt>
      <trkpt lat="23.770157" lon="106.736923"><time>2026-04-25T04:58:33.000Z</time></trkpt>
      <trkpt lat="23.770157" lon="106.736923"><time>2026-04-25T04:58:33.017Z</time></trkpt>
      <trkpt lat="23.770157" lon="106.736923"><time>2026-04-25T04:58:33.033Z</time></trkpt>
      <trkpt lat="23.770157" lon="106.736923"><time>2026-04-25T04:58:33.050Z</time></trkpt>
      <trkpt lat="23.770157" lon="106.736923"><time>2026-04-25T04:58:33.067Z</time></trkpt>
      <trkpt lat="23.770157" lon="106.736923"><time>2026-04-25T04:58:33.083Z</time></trkpt>
      <trkpt lat="23.770157" lon="106.736923"><time>2026-04-25T04:58:33.100Z</time></trkpt>
      <trkpt lat="23.770157" lon="106.736923"><time>2026-04-25T04:58:33.117Z</time></trkpt>
      <trkpt lat="23.770157" lon="106.736923"><time>2026-04-25T04:58:33.133Z</time></trkpt>
      <trkpt lat="23.770157" lon="106.736923"><time>2026-04-25T04:58:33.150Z</time></trkpt>
      <trkpt lat="23.770157" lon="106.736923"><time>2026-04-25T04:58:33.167Z</time></trkpt>
      <trkpt lat="23.770157" lon="106.736923"><time>2026-04-25T04:58:33.183Z</time></trkpt>
      <trkpt lat="23.770157" lon="106.736923"><time>2026-04-25T04:58:33.200Z</time></trkpt>
      <trkpt lat="23.770157" lon="106.736923"><time>2026-04-25T04:58:33.217Z</time></trkpt>
      <trkpt lat="23.770157" lon="106.736923"><time>2026-04-25T04:58:33.233Z</time></trkpt>
      <trkpt lat="23.770157" lon="106.736923"><time>2026-04-25T04:58:33.250Z</time></trkpt>
      <trkpt lat="23.770157" lon="106.736923"><time>2026-04-25T04:58:33.267Z</time></trkpt>
      <trkpt lat="23.770157" lon="106.736923"><time>2026-04-25T04:58:33.284Z</time></trkpt>
      <trkpt lat="23.770157" lon="106.736923"><time>2026-04-25T04:58:33.300Z</time></trkpt>
      <trkpt lat="23.770157" lon="106.736923"><time>2026-04-25T04:58:33.317Z</time></trkpt>
      <trkpt lat="23.770157" lon="106.736923"><time>2026-04-25T04:58:33.334Z</time></trkpt>
      <trkpt lat="23.770157" lon="106.736923"><time>2026-04-25T04:58:33.350Z</time></trkpt>
      <trkpt lat="23.770157" lon="106.736923"><time>2026-04-25T04:58:33.367Z</time></trkpt>
      <trkpt lat="23.770157" lon="106.736923"><time>2026-04-25T04:58:33.384Z</time></trkpt>
      <trkpt lat="23.770156" lon="106.736924"><time>2026-04-25T04:58:33.400Z</time></trkpt>
      <trkpt lat="23.770156" lon="106.736924"><time>2026-04-25T04:58:33.417Z</time></trkpt>
      <trkpt lat="23.770156" lon="106.736924"><time>2026-04-25T04:58:33.434Z</time></trkpt>
      <trkpt lat="23.770156" lon="106.736924"><time>2026-04-25T04:58:33.450Z</time></trkpt>
      <trkpt lat="23.770156" lon="106.736924"><time>2026-04-25T04:58:33.467Z</time></trkpt>
      <trkpt lat="23.770156" lon="106.736924"><time>2026-04-25T04:58:33.484Z</time></trkpt>
      <trkpt lat="23.770156" lon="106.736924"><time>2026-04-25T04:58:33.500Z</time></trkpt>
      <trkpt lat="23.770156" lon="106.736924"><time>2026-04-25T04:58:33.517Z</time></trkpt>
      <trkpt lat="23.770156" lon="106.736924"><time>2026-04-25T04:58:33.534Z</time></trkpt>
      <trkpt lat="23.770156" lon="106.736924"><time>2026-04-25T04:58:33.550Z</time></trkpt>
      <trkpt lat="23.770156" lon="106.736924"><time>2026-04-25T04:58:33.567Z</time></trkpt>
      <trkpt lat="23.770156" lon="106.736924"><time>2026-04-25T04:58:33.584Z</time></trkpt>
      <trkpt lat="23.770156" lon="106.736924"><time>2026-04-25T04:58:33.601Z</time></trkpt>
      <trkpt lat="23.770156" lon="106.736924"><time>2026-04-25T04:58:33.617Z</time></trkpt>
      <trkpt lat="23.770156" lon="106.736924"><time>2026-04-25T04:58:33.634Z</time></trkpt>
      <trkpt lat="23.770156" lon="106.736924"><time>2026-04-25T04:58:33.651Z</time></trkpt>
      <trkpt lat="23.770156" lon="106.736924"><time>2026-04-25T04:58:33.667Z</time></trkpt>
      <trkpt lat="23.770156" lon="106.736924"><time>2026-04-25T04:58:33.684Z</time></trkpt>
      <trkpt lat="23.770156" lon="106.736924"><time>2026-04-25T04:58:33.701Z</time></trkpt>
      <trkpt lat="23.770156" lon="106.736924"><time>2026-04-25T04:58:33.717Z</time></trkpt>
      <trkpt lat="23.770156" lon="106.736924"><time>2026-04-25T04:58:33.734Z</time></trkpt>
      <trkpt lat="23.770156" lon="106.736924"><time>2026-04-25T04:58:33.751Z</time></trkpt>
      <trkpt lat="23.770156" lon="106.736924"><time>2026-04-25T04:58:33.767Z</time></trkpt>
      <trkpt lat="23.770156" lon="106.736924"><time>2026-04-25T04:58:33.784Z</time></trkpt>
      <trkpt lat="23.770156" lon="106.736924"><time>2026-04-25T04:58:33.801Z</time></trkpt>
      <trkpt lat="23.770156" lon="106.736924"><time>2026-04-25T04:58:33.817Z</time></trkpt>
      <trkpt lat="23.770156" lon="106.736924"><time>2026-04-25T04:58:33.834Z</time></trkpt>
      <trkpt lat="23.770156" lon="106.736924"><time>2026-04-25T04:58:33.851Z</time></trkpt>
      <trkpt lat="23.770156" lon="106.736924"><time>2026-04-25T04:58:33.867Z</time></trkpt>
      <trkpt lat="23.770156" lon="106.736924"><time>2026-04-25T04:58:33.884Z</time></trkpt>
      <trkpt lat="23.770156" lon="106.736925"><time>2026-04-25T04:58:33.901Z</time></trkpt>
      <trkpt lat="23.770156" lon="106.736925"><time>2026-04-25T04:58:33.918Z</time></trkpt>
      <trkpt lat="23.770156" lon="106.736925"><time>2026-04-25T04:58:33.934Z</time></trkpt>
      <trkpt lat="23.770156" lon="106.736925"><time>2026-04-25T04:58:33.951Z</time></trkpt>
      <trkpt lat="23.770156" lon="106.736925"><time>2026-04-25T04:58:33.968Z</time></trkpt>
      <trkpt lat="23.770156" lon="106.736925"><time>2026-04-25T04:58:33.984Z</time></trkpt>
      <trkpt lat="23.770156" lon="106.736925"><time>2026-04-25T04:58:34.001Z</time></trkpt>
      <trkpt lat="23.770156" lon="106.736925"><time>2026-04-25T04:58:34.018Z</time></trkpt>
      <trkpt lat="23.770156" lon="106.736925"><time>2026-04-25T04:58:34.034Z</time></trkpt>
      <trkpt lat="23.770156" lon="106.736925"><time>2026-04-25T04:58:34.051Z</time></trkpt>
      <trkpt lat="23.770156" lon="106.736925"><time>2026-04-25T04:58:34.068Z</time></trkpt>
      <trkpt lat="23.770156" lon="106.736925"><time>2026-04-25T04:58:34.084Z</time></trkpt>
      <trkpt lat="23.770156" lon="106.736925"><time>2026-04-25T04:58:34.101Z</time></trkpt>
      <trkpt lat="23.770156" lon="106.736925"><time>2026-04-25T04:58:34.118Z</time></trkpt>
      <trkpt lat="23.770156" lon="106.736925"><time>2026-04-25T04:58:34.134Z</time></trkpt>
      <trkpt lat="23.770156" lon="106.736925"><time>2026-04-25T04:58:34.151Z</time></trkpt>
      <trkpt lat="23.770156" lon="106.736925"><time>2026-04-25T04:58:34.168Z</time></trkpt>
      <trkpt lat="23.770156" lon="106.736925"><time>2026-04-25T04:58:34.184Z</time></trkpt>
      <trkpt lat="23.770156" lon="106.736925"><time>2026-04-25T04:58:34.201Z</time></trkpt>
      <trkpt lat="23.770156" lon="106.736925"><time>2026-04-25T04:58:34.218Z</time></trkpt>
      <trkpt lat="23.770156" lon="106.736925"><time>2026-04-25T04:58:34.235Z</time></trkpt>
      <trkpt lat="23.770156" lon="106.736925"><time>2026-04-25T04:58:34.251Z</time></trkpt>
      <trkpt lat="23.770156" lon="106.736925"><time>2026-04-25T04:58:34.268Z</time></trkpt>
      <trkpt lat="23.770156" lon="106.736925"><time>2026-04-25T04:58:34.285Z</time></trkpt>
      <trkpt lat="23.770156" lon="106.736925"><time>2026-04-25T04:58:34.301Z</time></trkpt>
      <trkpt lat="23.770156" lon="106.736925"><time>2026-04-25T04:58:34.318Z</time></trkpt>
      <trkpt lat="23.770156" lon="106.736925"><time>2026-04-25T04:58:34.335Z</time></trkpt>
      <trkpt lat="23.770156" lon="106.736925"><time>2026-04-25T04:58:34.351Z</time></trkpt>
      <trkpt lat="23.770156" lon="106.736925"><time>2026-04-25T04:58:34.368Z</time></trkpt>
      <trkpt lat="23.770156" lon="106.736925"><time>2026-04-25T04:58:34.385Z</time></trkpt>
      <trkpt lat="23.770156" lon="106.736925"><time>2026-04-25T04:58:34.401Z</time></trkpt>
      <trkpt lat="23.770156" lon="106.736925"><time>2026-04-25T04:58:34.418Z</time></trkpt>
      <trkpt lat="23.770156" lon="106.736925"><time>2026-04-25T04:58:34.435Z</time></trkpt>
      <trkpt lat="23.770156" lon="106.736925"><time>2026-04-25T04:58:34.451Z</time></trkpt>
      <trkpt lat="23.770156" lon="106.736925"><time>2026-04-25T04:58:34.468Z</time></trkpt>
      <trkpt lat="23.770156" lon="106.736925"><time>2026-04-25T04:58:34.485Z</time></trkpt>
      <trkpt lat="23.770156" lon="106.736925"><time>2026-04-25T04:58:34.501Z</time></trkpt>
      <trkpt lat="23.770156" lon="106.736925"><time>2026-04-25T04:58:34.518Z</time></trkpt>
      <trkpt lat="23.770156" lon="106.736925"><time>2026-04-25T04:58:34.535Z</time></trkpt>
      <trkpt lat="23.770156" lon="106.736925"><time>2026-04-25T04:58:34.552Z</time></trkpt>
      <trkpt lat="23.770156" lon="106.736925"><time>2026-04-25T04:58:34.568Z</time></trkpt>
      <trkpt lat="23.770156" lon="106.736925"><time>2026-04-25T04:58:34.585Z</time></trkpt>
      <trkpt lat="23.770156" lon="106.736925"><time>2026-04-25T04:58:34.602Z</time></trkpt>
      <trkpt lat="23.770156" lon="106.736925"><time>2026-04-25T04:58:34.618Z</time></trkpt>
      <trkpt lat="23.770156" lon="106.736925"><time>2026-04-25T04:58:34.635Z</time></trkpt>
      <trkpt lat="23.770156" lon="106.736925"><time>2026-04-25T04:58:34.652Z</time></trkpt>
      <trkpt lat="23.770156" lon="106.736925"><time>2026-04-25T04:58:34.668Z</time></trkpt>
      <trkpt lat="23.770156" lon="106.736925"><time>2026-04-25T04:58:34.685Z</time></trkpt>
      <trkpt lat="23.770156" lon="106.736925"><time>2026-04-25T04:58:34.702Z</time></trkpt>
      <trkpt lat="23.770156" lon="106.736925"><time>2026-04-25T04:58:34.718Z</time></trkpt>
      <trkpt lat="23.770156" lon="106.736925"><time>2026-04-25T04:58:34.735Z</time></trkpt>
      <trkpt lat="23.770156" lon="106.736925"><time>2026-04-25T04:58:34.752Z</time></trkpt>
      <trkpt lat="23.770156" lon="106.736925"><time>2026-04-25T04:58:34.768Z</time></trkpt>
      <trkpt lat="23.770156" lon="106.736925"><time>2026-04-25T04:58:34.785Z</time></trkpt>
      <trkpt lat="23.770156" lon="106.736925"><time>2026-04-25T04:58:34.802Z</time></trkpt>
      <trkpt lat="23.770156" lon="106.736925"><time>2026-04-25T04:58:34.818Z</time></trkpt>
      <trkpt lat="23.770156" lon="106.736925"><time>2026-04-25T04:58:34.835Z</time></trkpt>
      <trkpt lat="23.770156" lon="106.736925"><time>2026-04-25T04:58:34.852Z</time></trkpt>
      <trkpt lat="23.770156" lon="106.736925"><time>2026-04-25T04:58:34.869Z</time></trkpt>
      <trkpt lat="23.770156" lon="106.736925"><time>2026-04-25T04:58:34.885Z</time></trkpt>
      <trkpt lat="23.770156" lon="106.736925"><time>2026-04-25T04:58:34.902Z</time></trkpt>
      <trkpt lat="23.770156" lon="106.736925"><time>2026-04-25T04:58:34.919Z</time></trkpt>
      <trkpt lat="23.770156" lon="106.736925"><time>2026-04-25T04:58:34.935Z</time></trkpt>
      <trkpt lat="23.770156" lon="106.736925"><time>2026-04-25T04:58:34.952Z</time></trkpt>
      <trkpt lat="23.770156" lon="106.736925"><time>2026-04-25T04:58:34.969Z</time></trkpt>
      <trkpt lat="23.770156" lon="106.736925"><time>2026-04-25T04:58:34.985Z</time></trkpt>
      <trkpt lat="23.770156" lon="106.736925"><time>2026-04-25T04:58:35.002Z</time></trkpt>
      <trkpt lat="23.770156" lon="106.736925"><time>2026-04-25T04:58:35.019Z</time></trkpt>
      <trkpt lat="23.770156" lon="106.736925"><time>2026-04-25T04:58:35.035Z</time></trkpt>
      <trkpt lat="23.770156" lon="106.736925"><time>2026-04-25T04:58:35.052Z</time></trkpt>
      <trkpt lat="23.770156" lon="106.736925"><time>2026-04-25T04:58:35.069Z</time></trkpt>
      <trkpt lat="23.770156" lon="106.736925"><time>2026-04-25T04:58:35.085Z</time></trkpt>
      <trkpt lat="23.770156" lon="106.736925"><time>2026-04-25T04:58:35.102Z</time></trkpt>
      <trkpt lat="23.770156" lon="106.736925"><time>2026-04-25T04:58:35.119Z</time></trkpt>
      <trkpt lat="23.770156" lon="106.736925"><time>2026-04-25T04:58:35.135Z</time></trkpt>
      <trkpt lat="23.770156" lon="106.736925"><time>2026-04-25T04:58:35.152Z</time></trkpt>
      <trkpt lat="23.770156" lon="106.736925"><time>2026-04-25T04:58:35.169Z</time></trkpt>
      <trkpt lat="23.770156" lon="106.736925"><time>2026-04-25T04:58:35.186Z</time></trkpt>
      <trkpt lat="23.770156" lon="106.736925"><time>2026-04-25T04:58:35.202Z</time></trkpt>
      <trkpt lat="23.770156" lon="106.736925"><time>2026-04-25T04:58:35.219Z</time></trkpt>
      <trkpt lat="23.770156" lon="106.736925"><time>2026-04-25T04:58:35.236Z</time></trkpt>
      <trkpt lat="23.770156" lon="106.736925"><time>2026-04-25T04:58:35.252Z</time></trkpt>
      <trkpt lat="23.770156" lon="106.736925"><time>2026-04-25T04:58:35.269Z</time></trkpt>
      <trkpt lat="23.770156" lon="106.736925"><time>2026-04-25T04:58:35.286Z</time></trkpt>
      <trkpt lat="23.770156" lon="106.736925"><time>2026-04-25T04:58:35.302Z</time></trkpt>
      <trkpt lat="23.770156" lon="106.736925"><time>2026-04-25T04:58:35.319Z</time></trkpt>
      <trkpt lat="23.770156" lon="106.736925"><time>2026-04-25T04:58:35.336Z</time></trkpt>
      <trkpt lat="23.770156" lon="106.736925"><time>2026-04-25T04:58:35.352Z</time></trkpt>
      <trkpt lat="23.770156" lon="106.736925"><time>2026-04-25T04:58:35.369Z</time></trkpt>
      <trkpt lat="23.770156" lon="106.736925"><time>2026-04-25T04:58:35.386Z</time></trkpt>
      <trkpt lat="23.770156" lon="106.736925"><time>2026-04-25T04:58:35.402Z</time></trkpt>
      <trkpt lat="23.770156" lon="106.736925"><time>2026-04-25T04:58:35.419Z</time></trkpt>
      <trkpt lat="23.770156" lon="106.736925"><time>2026-04-25T04:58:35.436Z</time></trkpt>
      <trkpt lat="23.770156" lon="106.736925"><time>2026-04-25T04:58:35.452Z</time></trkpt>
      <trkpt lat="23.770156" lon="106.736925"><time>2026-04-25T04:58:35.469Z</time></trkpt>
      <trkpt lat="23.770156" lon="106.736925"><time>2026-04-25T04:58:35.486Z</time></trkpt>
      <trkpt lat="23.770156" lon="106.736925"><time>2026-04-25T04:58:35.503Z</time></trkpt>
      <trkpt lat="23.770156" lon="106.736925"><time>2026-04-25T04:58:35.519Z</time></trkpt>
      <trkpt lat="23.770156" lon="106.736925"><time>2026-04-25T04:58:35.536Z</time></trkpt>
      <trkpt lat="23.770156" lon="106.736925"><time>2026-04-25T04:58:35.553Z</time></trkpt>
      <trkpt lat="23.770156" lon="106.736925"><time>2026-04-25T04:58:35.569Z</time></trkpt>
      <trkpt lat="23.770156" lon="106.736925"><time>2026-04-25T04:58:35.586Z</time></trkpt>
      <trkpt lat="23.770156" lon="106.736926"><time>2026-04-25T04:58:35.603Z</time></trkpt>
      <trkpt lat="23.770156" lon="106.736926"><time>2026-04-25T04:58:35.619Z</time></trkpt>
      <trkpt lat="23.770156" lon="106.736926"><time>2026-04-25T04:58:35.636Z</time></trkpt>
      <trkpt lat="23.770156" lon="106.736926"><time>2026-04-25T04:58:35.653Z</time></trkpt>
      <trkpt lat="23.770156" lon="106.736926"><time>2026-04-25T04:58:35.669Z</time></trkpt>
      <trkpt lat="23.770156" lon="106.736926"><time>2026-04-25T04:58:35.686Z</time></trkpt>
      <trkpt lat="23.770156" lon="106.736926"><time>2026-04-25T04:58:35.703Z</time></trkpt>
      <trkpt lat="23.770156" lon="106.736926"><time>2026-04-25T04:58:35.719Z</time></trkpt>
      <trkpt lat="23.770156" lon="106.736926"><time>2026-04-25T04:58:35.736Z</time></trkpt>
      <trkpt lat="23.770156" lon="106.736926"><time>2026-04-25T04:58:35.753Z</time></trkpt>
      <trkpt lat="23.770156" lon="106.736926"><time>2026-04-25T04:58:35.769Z</time></trkpt>
      <trkpt lat="23.770156" lon="106.736926"><time>2026-04-25T04:58:35.786Z</time></trkpt>
      <trkpt lat="23.770156" lon="106.736926"><time>2026-04-25T04:58:35.803Z</time></trkpt>
      <trkpt lat="23.770156" lon="106.736926"><time>2026-04-25T04:58:35.820Z</time></trkpt>
      <trkpt lat="23.770156" lon="106.736926"><time>2026-04-25T04:58:35.836Z</time></trkpt>
      <trkpt lat="23.770156" lon="106.736926"><time>2026-04-25T04:58:35.853Z</time></trkpt>
      <trkpt lat="23.770156" lon="106.736926"><time>2026-04-25T04:58:35.870Z</time></trkpt>
      <trkpt lat="23.770156" lon="106.736926"><time>2026-04-25T04:58:35.886Z</time></trkpt>
      <trkpt lat="23.770156" lon="106.736926"><time>2026-04-25T04:58:35.903Z</time></trkpt>
      <trkpt lat="23.770156" lon="106.736926"><time>2026-04-25T04:58:35.920Z</time></trkpt>
      <trkpt lat="23.770156" lon="106.736926"><time>2026-04-25T04:58:35.936Z</time></trkpt>
      <trkpt lat="23.770156" lon="106.736926"><time>2026-04-25T04:58:35.953Z</time></trkpt>
      <trkpt lat="23.770156" lon="106.736926"><time>2026-04-25T04:58:35.970Z</time></trkpt>
      <trkpt lat="23.770156" lon="106.736926"><time>2026-04-25T04:58:35.986Z</time></trkpt>
      <trkpt lat="23.770155" lon="106.736926"><time>2026-04-25T04:58:36.003Z</time></trkpt>
      <trkpt lat="23.770155" lon="106.736926"><time>2026-04-25T04:58:36.020Z</time></trkpt>
      <trkpt lat="23.770155" lon="106.736926"><time>2026-04-25T04:58:36.036Z</time></trkpt>
      <trkpt lat="23.770155" lon="106.736926"><time>2026-04-25T04:58:36.053Z</time></trkpt>
      <trkpt lat="23.770155" lon="106.736926"><time>2026-04-25T04:58:36.070Z</time></trkpt>
      <trkpt lat="23.770155" lon="106.736926"><time>2026-04-25T04:58:36.086Z</time></trkpt>
      <trkpt lat="23.770155" lon="106.736926"><time>2026-04-25T04:58:36.103Z</time></trkpt>
      <trkpt lat="23.770155" lon="106.736926"><time>2026-04-25T04:58:36.120Z</time></trkpt>
      <trkpt lat="23.770155" lon="106.736926"><time>2026-04-25T04:58:36.137Z</time></trkpt>
      <trkpt lat="23.770155" lon="106.736926"><time>2026-04-25T04:58:36.153Z</time></trkpt>
      <trkpt lat="23.770155" lon="106.736926"><time>2026-04-25T04:58:36.170Z</time></trkpt>
      <trkpt lat="23.770155" lon="106.736926"><time>2026-04-25T04:58:36.187Z</time></trkpt>
      <trkpt lat="23.770155" lon="106.736926"><time>2026-04-25T04:58:36.203Z</time></trkpt>
      <trkpt lat="23.770155" lon="106.736926"><time>2026-04-25T04:58:36.220Z</time></trkpt>
      <trkpt lat="23.770155" lon="106.736926"><time>2026-04-25T04:58:36.237Z</time></trkpt>
      <trkpt lat="23.770155" lon="106.736926"><time>2026-04-25T04:58:36.253Z</time></trkpt>
      <trkpt lat="23.770155" lon="106.736926"><time>2026-04-25T04:58:36.270Z</time></trkpt>
      <trkpt lat="23.770155" lon="106.736926"><time>2026-04-25T04:58:36.287Z</time></trkpt>
      <trkpt lat="23.770155" lon="106.736926"><time>2026-04-25T04:58:36.303Z</time></trkpt>
      <trkpt lat="23.770155" lon="106.736926"><time>2026-04-25T04:58:36.320Z</time></trkpt>
      <trkpt lat="23.770155" lon="106.736926"><time>2026-04-25T04:58:36.337Z</time></trkpt>
      <trkpt lat="23.770155" lon="106.736926"><time>2026-04-25T04:58:36.353Z</time></trkpt>
      <trkpt lat="23.770155" lon="106.736926"><time>2026-04-25T04:58:36.370Z</time></trkpt>
      <trkpt lat="23.770155" lon="106.736926"><time>2026-04-25T04:58:36.387Z</time></trkpt>
      <trkpt lat="23.770155" lon="106.736926"><time>2026-04-25T04:58:36.403Z</time></trkpt>
      <trkpt lat="23.770155" lon="106.736926"><time>2026-04-25T04:58:36.420Z</time></trkpt>
      <trkpt lat="23.770155" lon="106.736926"><time>2026-04-25T04:58:36.437Z</time></trkpt>
      <trkpt lat="23.770155" lon="106.736926"><time>2026-04-25T04:58:36.454Z</time></trkpt>
      <trkpt lat="23.770155" lon="106.736926"><time>2026-04-25T04:58:36.470Z</time></trkpt>
      <trkpt lat="23.770155" lon="106.736926"><time>2026-04-25T04:58:36.487Z</time></trkpt>
      <trkpt lat="23.770155" lon="106.736926"><time>2026-04-25T04:58:36.504Z</time></trkpt>
      <trkpt lat="23.770155" lon="106.736926"><time>2026-04-25T04:58:36.520Z</time></trkpt>
      <trkpt lat="23.770155" lon="106.736926"><time>2026-04-25T04:58:36.537Z</time></trkpt>
      <trkpt lat="23.770155" lon="106.736926"><time>2026-04-25T04:58:36.554Z</time></trkpt>
      <trkpt lat="23.770155" lon="106.736926"><time>2026-04-25T04:58:36.570Z</time></trkpt>
      <trkpt lat="23.770155" lon="106.736926"><time>2026-04-25T04:58:36.587Z</time></trkpt>
      <trkpt lat="23.770155" lon="106.736926"><time>2026-04-25T04:58:36.604Z</time></trkpt>
      <trkpt lat="23.770155" lon="106.736926"><time>2026-04-25T04:58:36.620Z</time></trkpt>
      <trkpt lat="23.770155" lon="106.736926"><time>2026-04-25T04:58:36.637Z</time></trkpt>
      <trkpt lat="23.770155" lon="106.736926"><time>2026-04-25T04:58:36.654Z</time></trkpt>
      <trkpt lat="23.770155" lon="106.736926"><time>2026-04-25T04:58:36.670Z</time></trkpt>
      <trkpt lat="23.770155" lon="106.736926"><time>2026-04-25T04:58:36.687Z</time></trkpt>
      <trkpt lat="23.770155" lon="106.736926"><time>2026-04-25T04:58:36.704Z</time></trkpt>
      <trkpt lat="23.770155" lon="106.736926"><time>2026-04-25T04:58:36.720Z</time></trkpt>
      <trkpt lat="23.770155" lon="106.736926"><time>2026-04-25T04:58:36.737Z</time></trkpt>
      <trkpt lat="23.770155" lon="106.736926"><time>2026-04-25T04:58:36.754Z</time></trkpt>
      <trkpt lat="23.770155" lon="106.736926"><time>2026-04-25T04:58:36.771Z</time></trkpt>
      <trkpt lat="23.770155" lon="106.736926"><time>2026-04-25T04:58:36.787Z</time></trkpt>
      <trkpt lat="23.770155" lon="106.736927"><time>2026-04-25T04:58:36.804Z</time></trkpt>
      <trkpt lat="23.770155" lon="106.736927"><time>2026-04-25T04:58:36.821Z</time></trkpt>
      <trkpt lat="23.770155" lon="106.736927"><time>2026-04-25T04:58:36.837Z</time></trkpt>
      <trkpt lat="23.770155" lon="106.736927"><time>2026-04-25T04:58:36.854Z</time></trkpt>
      <trkpt lat="23.770155" lon="106.736927"><time>2026-04-25T04:58:36.871Z</time></trkpt>
      <trkpt lat="23.770155" lon="106.736927"><time>2026-04-25T04:58:36.887Z</time></trkpt>
      <trkpt lat="23.770155" lon="106.736927"><time>2026-04-25T04:58:36.904Z</time></trkpt>
      <trkpt lat="23.770155" lon="106.736927"><time>2026-04-25T04:58:36.921Z</time></trkpt>
      <trkpt lat="23.770155" lon="106.736927"><time>2026-04-25T04:58:36.937Z</time></trkpt>
      <trkpt lat="23.770155" lon="106.736927"><time>2026-04-25T04:58:36.954Z</time></trkpt>
      <trkpt lat="23.770155" lon="106.736927"><time>2026-04-25T04:58:36.971Z</time></trkpt>
      <trkpt lat="23.770155" lon="106.736927"><time>2026-04-25T04:58:36.987Z</time></trkpt>
      <trkpt lat="23.770156" lon="106.736927"><time>2026-04-25T04:58:37.004Z</time></trkpt>
      <trkpt lat="23.770156" lon="106.736927"><time>2026-04-25T04:58:37.021Z</time></trkpt>
      <trkpt lat="23.770156" lon="106.736927"><time>2026-04-25T04:58:37.037Z</time></trkpt>
      <trkpt lat="23.770156" lon="106.736927"><time>2026-04-25T04:58:37.054Z</time></trkpt>
      <trkpt lat="23.770156" lon="106.736927"><time>2026-04-25T04:58:37.071Z</time></trkpt>
      <trkpt lat="23.770156" lon="106.736927"><time>2026-04-25T04:58:37.088Z</time></trkpt>
      <trkpt lat="23.770156" lon="106.736927"><time>2026-04-25T04:58:37.104Z</time></trkpt>
      <trkpt lat="23.770156" lon="106.736927"><time>2026-04-25T04:58:37.121Z</time></trkpt>
      <trkpt lat="23.770156" lon="106.736927"><time>2026-04-25T04:58:37.138Z</time></trkpt>
      <trkpt lat="23.770156" lon="106.736927"><time>2026-04-25T04:58:37.154Z</time></trkpt>
      <trkpt lat="23.770156" lon="106.736927"><time>2026-04-25T04:58:37.171Z</time></trkpt>
      <trkpt lat="23.770156" lon="106.736927"><time>2026-04-25T04:58:37.188Z</time></trkpt>
      <trkpt lat="23.770156" lon="106.736927"><time>2026-04-25T04:58:37.204Z</time></trkpt>
      <trkpt lat="23.770156" lon="106.736927"><time>2026-04-25T04:58:37.221Z</time></trkpt>
      <trkpt lat="23.770156" lon="106.736927"><time>2026-04-25T04:58:37.238Z</time></trkpt>
      <trkpt lat="23.770156" lon="106.736927"><time>2026-04-25T04:58:37.254Z</time></trkpt>
      <trkpt lat="23.770156" lon="106.736927"><time>2026-04-25T04:58:37.271Z</time></trkpt>
      <trkpt lat="23.770156" lon="106.736927"><time>2026-04-25T04:58:37.288Z</time></trkpt>
      <trkpt lat="23.770156" lon="106.736927"><time>2026-04-25T04:58:37.304Z</time></trkpt>
      <trkpt lat="23.770156" lon="106.736927"><time>2026-04-25T04:58:37.321Z</time></trkpt>
      <trkpt lat="23.770156" lon="106.736927"><time>2026-04-25T04:58:37.338Z</time></trkpt>
      <trkpt lat="23.770156" lon="106.736927"><time>2026-04-25T04:58:37.354Z</time></trkpt>
      <trkpt lat="23.770156" lon="106.736927"><time>2026-04-25T04:58:37.371Z</time></trkpt>
      <trkpt lat="23.770156" lon="106.736927"><time>2026-04-25T04:58:37.388Z</time></trkpt>
      <trkpt lat="23.770156" lon="106.736927"><time>2026-04-25T04:58:37.405Z</time></trkpt>
      <trkpt lat="23.770156" lon="106.736927"><time>2026-04-25T04:58:37.421Z</time></trkpt>
      <trkpt lat="23.770156" lon="106.736927"><time>2026-04-25T04:58:37.438Z</time></trkpt>
      <trkpt lat="23.770156" lon="106.736927"><time>2026-04-25T04:58:37.455Z</time></trkpt>
    </trkseg>
  </trk>
</gpx>
