<?xml version="1.0" encoding="UTF-8"?>
<gpx version="1.1" creator="Kairos" xmlns="http://www.topografix.com/GPX/1/1">
  <trk>
    <name>sidecar-srt-3f36cb86942a7078</name>
    <trkseg>
      <trkpt lat="26.556929" lon="98.909335"><time>2026-04-28T00:36:55.000Z</time></trkpt>
      <trkpt lat="26.556929" lon="98.909335"><time>2026-04-28T00:36:55.016Z</time></trkpt>
      <trkpt lat="26.556929" lon="98.909335"><time>2026-04-28T00:36:55.032Z</time></trkpt>
      <trkpt lat="26.556929" lon="98.909335"><time>2026-04-28T00:36:55.049Z</time></trkpt>
      <trkpt lat="26.556929" lon="98.909335"><time>2026-04-28T00:36:55.066Z</time></trkpt>
      <trkpt lat="26.556929" lon="98.909335"><time>2026-04-28T00:36:55.082Z</time></trkpt>
      <trkpt lat="26.556929" lon="98.909335"><time>2026-04-28T00:36:55.099Z</time></trkpt>
      <trkpt lat="26.556929" lon="98.909335"><time>2026-04-28T00:36:55.116Z</time></trkpt>
      <trkpt lat="26.556929" lon="98.909334"><time>2026-04-28T00:36:55.132Z</time></trkpt>
      <trkpt lat="26.556929" lon="98.909334"><time>2026-04-28T00:36:55.149Z</time></trkpt>
      <trkpt lat="26.556929" lon="98.909334"><time>2026-04-28T00:36:55.166Z</time></trkpt>
      <trkpt lat="26.556929" lon="98.909334"><time>2026-04-28T00:36:55.182Z</time></trkpt>
      <trkpt lat="26.556929" lon="98.909334"><time>2026-04-28T00:36:55.199Z</time></trkpt>
      <trkpt lat="26.556929" lon="98.909334"><time>2026-04-28T00:36:55.216Z</time></trkpt>
      <trkpt lat="26.556929" lon="98.909334"><time>2026-04-28T00:36:55.232Z</time></trkpt>
      <trkpt lat="26.556929" lon="98.909334"><time>2026-04-28T00:36:55.249Z</time></trkpt>
      <trkpt lat="26.556929" lon="98.909334"><time>2026-04-28T00:36:55.266Z</time></trkpt>
      <trkpt lat="26.556929" lon="98.909334"><time>2026-04-28T00:36:55.282Z</time></trkpt>
      <trkpt lat="26.556929" lon="98.909334"><time>2026-04-28T00:36:55.299Z</time></trkpt>
      <trkpt lat="26.556929" lon="98.909334"><time>2026-04-28T00:36:55.316Z</time></trkpt>
      <trkpt lat="26.556929" lon="98.909333"><time>2026-04-28T00:36:55.333Z</time></trkpt>
      <trkpt lat="26.556929" lon="98.909333"><time>2026-04-28T00:36:55.349Z</time></trkpt>
      <trkpt lat="26.556929" lon="98.909333"><time>2026-04-28T00:36:55.366Z</time></trkpt>
      <trkpt lat="26.556929" lon="98.909333"><time>2026-04-28T00:36:55.383Z</time></trkpt>
      <trkpt lat="26.556929" lon="98.909333"><time>2026-04-28T00:36:55.399Z</time></trkpt>
      <trkpt lat="26.556929" lon="98.909333"><time>2026-04-28T00:36:55.416Z</time></trkpt>
      <trkpt lat="26.556929" lon="98.909332"><time>2026-04-28T00:36:55.433Z</time></trkpt>
      <trkpt lat="26.556929" lon="98.909332"><time>2026-04-28T00:36:55.449Z</time></trkpt>
      <trkpt lat="26.556929" lon="98.909332"><time>2026-04-28T00:36:55.466Z</time></trkpt>
      <trkpt lat="26.556929" lon="98.909332"><time>2026-04-28T00:36:55.483Z</time></trkpt>
      <trkpt lat="26.556929" lon="98.909332"><time>2026-04-28T00:36:55.499Z</time></trkpt>
      <trkpt lat="26.556929" lon="98.909332"><time>2026-04-28T00:36:55.516Z</time></trkpt>
      <trkpt lat="26.55693" lon="98.909331"><time>2026-04-28T00:36:55.533Z</time></trkpt>
      <trkpt lat="26.55693" lon="98.909331"><time>2026-04-28T00:36:55.549Z</time></trkpt>
      <trkpt lat="26.55693" lon="98.909331"><time>2026-04-28T00:36:55.566Z</time></trkpt>
      <trkpt lat="26.55693" lon="98.909331"><time>2026-04-28T00:36:55.583Z</time></trkpt>
      <trkpt lat="26.55693" lon="98.909331"><time>2026-04-28T00:36:55.599Z</time></trkpt>
      <trkpt lat="26.55693" lon="98.909331"><time>2026-04-28T00:36:55.616Z</time></trkpt>
      <trkpt lat="26.55693" lon="98.909329"><time>2026-04-28T00:36:55.633Z</time></trkpt>
      <trkpt lat="26.55693" lon="98.909329"><time>2026-04-28T00:36:55.650Z</time></trkpt>
      <trkpt lat="26.55693" lon="98.909329"><time>2026-04-28T00:36:55.666Z</time></trkpt>
      <trkpt lat="26.55693" lon="98.909329"><time>2026-04-28T00:36:55.683Z</time></trkpt>
      <trkpt lat="26.55693" lon="98.909329"><time>2026-04-28T00:36:55.700Z</time></trkpt>
      <trkpt lat="26.55693" lon="98.909329"><time>2026-04-28T00:36:55.716Z</time></trkpt>
      <trkpt lat="26.55693" lon="98.909327"><time>2026-04-28T00:36:55.733Z</time></trkpt>
      <trkpt lat="26.55693" lon="98.909327"><time>2026-04-28T00:36:55.750Z</time></trkpt>
      <trkpt lat="26.55693" lon="98.909327"><time>2026-04-28T00:36:55.766Z</time></trkpt>
      <trkpt lat="26.55693" lon="98.909327"><time>2026-04-28T00:36:55.783Z</time></trkpt>
      <trkpt lat="26.55693" lon="98.909327"><time>2026-04-28T00:36:55.800Z</time></trkpt>
      <trkpt lat="26.55693" lon="98.909327"><time>2026-04-28T00:36:55.816Z</time></trkpt>
      <trkpt lat="26.556931" lon="98.909325"><time>2026-04-28T00:36:55.833Z</time></trkpt>
      <trkpt lat="26.556931" lon="98.909325"><time>2026-04-28T00:36:55.850Z</time></trkpt>
      <trkpt lat="26.556931" lon="98.909325"><time>2026-04-28T00:36:55.866Z</time></trkpt>
      <trkpt lat="26.556931" lon="98.909325"><time>2026-04-28T00:36:55.883Z</time></trkpt>
      <trkpt lat="26.556931" lon="98.909325"><time>2026-04-28T00:36:55.900Z</time></trkpt>
      <trkpt lat="26.556931" lon="98.909325"><time>2026-04-28T00:36:55.916Z</time></trkpt>
      <trkpt lat="26.556931" lon="98.909322"><time>2026-04-28T00:36:55.933Z</time></trkpt>
      <trkpt lat="26.556931" lon="98.909322"><time>2026-04-28T00:36:55.950Z</time></trkpt>
      <trkpt lat="26.556931" lon="98.909322"><time>2026-04-28T00:36:55.967Z</time></trkpt>
      <trkpt lat="26.556931" lon="98.909322"><time>2026-04-28T00:36:55.983Z</time></trkpt>
      <trkpt lat="26.556931" lon="98.909322"><time>2026-04-28T00:36:56.000Z</time></trkpt>
      <trkpt lat="26.556931" lon="98.909322"><time>2026-04-28T00:36:56.017Z</time></trkpt>
      <trkpt lat="26.556932" lon="98.909319"><time>2026-04-28T00:36:56.033Z</time></trkpt>
      <trkpt lat="26.556932" lon="98.909319"><time>2026-04-28T00:36:56.050Z</time></trkpt>
      <trkpt lat="26.556932" lon="98.909319"><time>2026-04-28T00:36:56.067Z</time></trkpt>
      <trkpt lat="26.556932" lon="98.909319"><time>2026-04-28T00:36:56.083Z</time></trkpt>
      <trkpt lat="26.556932" lon="98.909319"><time>2026-04-28T00:36:56.100Z</time></trkpt>
      <trkpt lat="26.556932" lon="98.909319"><time>2026-04-28T00:36:56.117Z</time></trkpt>
      <trkpt lat="26.556932" lon="98.909316"><time>2026-04-28T00:36:56.133Z</time></trkpt>
      <trkpt lat="26.556932" lon="98.909316"><time>2026-04-28T00:36:56.150Z</time></trkpt>
      <trkpt lat="26.556932" lon="98.909316"><time>2026-04-28T00:36:56.167Z</time></trkpt>
      <trkpt lat="26.556932" lon="98.909316"><time>2026-04-28T00:36:56.183Z</time></trkpt>
      <trkpt lat="26.556932" lon="98.909316"><time>2026-04-28T00:36:56.200Z</time></trkpt>
      <trkpt lat="26.556932" lon="98.909316"><time>2026-04-28T00:36:56.217Z</time></trkpt>
      <trkpt lat="26.556933" lon="98.909313"><time>2026-04-28T00:36:56.233Z</time></trkpt>
      <trkpt lat="26.556933" lon="98.909313"><time>2026-04-28T00:36:56.250Z</time></trkpt>
      <trkpt lat="26.556933" lon="98.909313"><time>2026-04-28T00:36:56.267Z</time></trkpt>
      <trkpt lat="26.556933" lon="98.909313"><time>2026-04-28T00:36:56.284Z</time></trkpt>
      <trkpt lat="26.556933" lon="98.909313"><time>2026-04-28T00:36:56.300Z</time></trkpt>
      <trkpt lat="26.556933" lon="98.909313"><time>2026-04-28T00:36:56.317Z</time></trkpt>
      <trkpt lat="26.556934" lon="98.90931"><time>2026-04-28T00:36:56.334Z</time></trkpt>
      <trkpt lat="26.556934" lon="98.90931"><time>2026-04-28T00:36:56.350Z</time></trkpt>
      <trkpt lat="26.556934" lon="98.90931"><time>2026-04-28T00:36:56.367Z</time></trkpt>
      <trkpt lat="26.556934" lon="98.90931"><time>2026-04-28T00:36:56.384Z</time></trkpt>
      <trkpt lat="26.556934" lon="98.90931"><time>2026-04-28T00:36:56.400Z</time></trkpt>
      <trkpt lat="26.556934" lon="98.90931"><time>2026-04-28T00:36:56.417Z</time></trkpt>
      <trkpt lat="26.556934" lon="98.909306"><time>2026-04-28T00:36:56.434Z</time></trkpt>
      <trkpt lat="26.556934" lon="98.909306"><time>2026-04-28T00:36:56.450Z</time></trkpt>
      <trkpt lat="26.556934" lon="98.909306"><time>2026-04-28T00:36:56.467Z</time></trkpt>
      <trkpt lat="26.556934" lon="98.909306"><time>2026-04-28T00:36:56.484Z</time></trkpt>
      <trkpt lat="26.556934" lon="98.909306"><time>2026-04-28T00:36:56.500Z</time></trkpt>
      <trkpt lat="26.556934" lon="98.909306"><time>2026-04-28T00:36:56.517Z</time></trkpt>
      <trkpt lat="26.556935" lon="98.909302"><time>2026-04-28T00:36:56.534Z</time></trkpt>
      <trkpt lat="26.556935" lon="98.909302"><time>2026-04-28T00:36:56.550Z</time></trkpt>
      <trkpt lat="26.556935" lon="98.909302"><time>2026-04-28T00:36:56.567Z</time></trkpt>
      <trkpt lat="26.556935" lon="98.909302"><time>2026-04-28T00:36:56.584Z</time></trkpt>
      <trkpt lat="26.556935" lon="98.909302"><time>2026-04-28T00:36:56.601Z</time></trkpt>
      <trkpt lat="26.556935" lon="98.909302"><time>2026-04-28T00:36:56.617Z</time></trkpt>
      <trkpt lat="26.556936" lon="98.909297"><time>2026-04-28T00:36:56.634Z</time></trkpt>
      <trkpt lat="26.556936" lon="98.909297"><time>2026-04-28T00:36:56.651Z</time></trkpt>
      <trkpt lat="26.556936" lon="98.909297"><time>2026-04-28T00:36:56.667Z</time></trkpt>
      <trkpt lat="26.556936" lon="98.909297"><time>2026-04-28T00:36:56.684Z</time></trkpt>
      <trkpt lat="26.556936" lon="98.909297"><time>2026-04-28T00:36:56.701Z</time></trkpt>
      <trkpt lat="26.556936" lon="98.909297"><time>2026-04-28T00:36:56.717Z</time></trkpt>
      <trkpt lat="26.556937" lon="98.909293"><time>2026-04-28T00:36:56.734Z</time></trkpt>
      <trkpt lat="26.556937" lon="98.909293"><time>2026-04-28T00:36:56.751Z</time></trkpt>
      <trkpt lat="26.556937" lon="98.909293"><time>2026-04-28T00:36:56.767Z</time></trkpt>
      <trkpt lat="26.556937" lon="98.909293"><time>2026-04-28T00:36:56.784Z</time></trkpt>
      <trkpt lat="26.556937" lon="98.909293"><time>2026-04-28T00:36:56.801Z</time></trkpt>
      <trkpt lat="26.556937" lon="98.909293"><time>2026-04-28T00:36:56.817Z</time></trkpt>
      <trkpt lat="26.556938" lon="98.909288"><time>2026-04-28T00:36:56.834Z</time></trkpt>
      <trkpt lat="26.556938" lon="98.909288"><time>2026-04-28T00:36:56.851Z</time></trkpt>
      <trkpt lat="26.556938" lon="98.909288"><time>2026-04-28T00:36:56.867Z</time></trkpt>
      <trkpt lat="26.556938" lon="98.909288"><time>2026-04-28T00:36:56.884Z</time></trkpt>
      <trkpt lat="26.556938" lon="98.909288"><time>2026-04-28T00:36:56.901Z</time></trkpt>
      <trkpt lat="26.556938" lon="98.909288"><time>2026-04-28T00:36:56.918Z</time></trkpt>
      <trkpt lat="26.556939" lon="98.909283"><time>2026-04-28T00:36:56.934Z</time></trkpt>
      <trkpt lat="26.556939" lon="98.909283"><time>2026-04-28T00:36:56.951Z</time></trkpt>
      <trkpt lat="26.556939" lon="98.909283"><time>2026-04-28T00:36:56.968Z</time></trkpt>
      <trkpt lat="26.556939" lon="98.909283"><time>2026-04-28T00:36:56.984Z</time></trkpt>
      <trkpt lat="26.556939" lon="98.909283"><time>2026-04-28T00:36:57.001Z</time></trkpt>
      <trkpt lat="26.556939" lon="98.909283"><time>2026-04-28T00:36:57.018Z</time></trkpt>
      <trkpt lat="26.55694" lon="98.909278"><time>2026-04-28T00:36:57.034Z</time></trkpt>
      <trkpt lat="26.55694" lon="98.909278"><time>2026-04-28T00:36:57.051Z</time></trkpt>
      <trkpt lat="26.55694" lon="98.909278"><time>2026-04-28T00:36:57.068Z</time></trkpt>
      <trkpt lat="26.55694" lon="98.909278"><time>2026-04-28T00:36:57.084Z</time></trkpt>
      <trkpt lat="26.55694" lon="98.909278"><time>2026-04-28T00:36:57.101Z</time></trkpt>
      <trkpt lat="26.55694" lon="98.909278"><time>2026-04-28T00:36:57.118Z</time></trkpt>
      <trkpt lat="26.556941" lon="98.909272"><time>2026-04-28T00:36:57.134Z</time></trkpt>
      <trkpt lat="26.556941" lon="98.909272"><time>2026-04-28T00:36:57.151Z</time></trkpt>
      <trkpt lat="26.556941" lon="98.909272"><time>2026-04-28T00:36:57.168Z</time></trkpt>
      <trkpt lat="26.556941" lon="98.909272"><time>2026-04-28T00:36:57.184Z</time></trkpt>
      <trkpt lat="26.556941" lon="98.909272"><time>2026-04-28T00:36:57.201Z</time></trkpt>
      <trkpt lat="26.556941" lon="98.909272"><time>2026-04-28T00:36:57.218Z</time></trkpt>
      <trkpt lat="26.556943" lon="98.909267"><time>2026-04-28T00:36:57.234Z</time></trkpt>
      <trkpt lat="26.556943" lon="98.909267"><time>2026-04-28T00:36:57.251Z</time></trkpt>
      <trkpt lat="26.556943" lon="98.909267"><time>2026-04-28T00:36:57.268Z</time></trkpt>
      <trkpt lat="26.556943" lon="98.909267"><time>2026-04-28T00:36:57.285Z</time></trkpt>
      <trkpt lat="26.556943" lon="98.909267"><time>2026-04-28T00:36:57.301Z</time></trkpt>
      <trkpt lat="26.556943" lon="98.909267"><time>2026-04-28T00:36:57.318Z</time></trkpt>
      <trkpt lat="26.556944" lon="98.909261"><time>2026-04-28T00:36:57.335Z</time></trkpt>
      <trkpt lat="26.556944" lon="98.909261"><time>2026-04-28T00:36:57.351Z</time></trkpt>
      <trkpt lat="26.556944" lon="98.909261"><time>2026-04-28T00:36:57.368Z</time></trkpt>
      <trkpt lat="26.556944" lon="98.909261"><time>2026-04-28T00:36:57.385Z</time></trkpt>
      <trkpt lat="26.556944" lon="98.909261"><time>2026-04-28T00:36:57.401Z</time></trkpt>
      <trkpt lat="26.556944" lon="98.909261"><time>2026-04-28T00:36:57.418Z</time></trkpt>
      <trkpt lat="26.556945" lon="98.909254"><time>2026-04-28T00:36:57.435Z</time></trkpt>
      <trkpt lat="26.556945" lon="98.909254"><time>2026-04-28T00:36:57.451Z</time></trkpt>
      <trkpt lat="26.556945" lon="98.909254"><time>2026-04-28T00:36:57.468Z</time></trkpt>
      <trkpt lat="26.556945" lon="98.909254"><time>2026-04-28T00:36:57.485Z</time></trkpt>
      <trkpt lat="26.556945" lon="98.909254"><time>2026-04-28T00:36:57.501Z</time></trkpt>
      <trkpt lat="26.556945" lon="98.909254"><time>2026-04-28T00:36:57.518Z</time></trkpt>
      <trkpt lat="26.556946" lon="98.909248"><time>2026-04-28T00:36:57.535Z</time></trkpt>
      <trkpt lat="26.556946" lon="98.909248"><time>2026-04-28T00:36:57.551Z</time></trkpt>
      <trkpt lat="26.556946" lon="98.909248"><time>2026-04-28T00:36:57.568Z</time></trkpt>
      <trkpt lat="26.556946" lon="98.909248"><time>2026-04-28T00:36:57.585Z</time></trkpt>
      <trkpt lat="26.556946" lon="98.909248"><time>2026-04-28T00:36:57.602Z</time></trkpt>
      <trkpt lat="26.556946" lon="98.909248"><time>2026-04-28T00:36:57.618Z</time></trkpt>
      <trkpt lat="26.556948" lon="98.909241"><time>2026-04-28T00:36:57.635Z</time></trkpt>
      <trkpt lat="26.556948" lon="98.909241"><time>2026-04-28T00:36:57.652Z</time></trkpt>
      <trkpt lat="26.556948" lon="98.909241"><time>2026-04-28T00:36:57.668Z</time></trkpt>
      <trkpt lat="26.556948" lon="98.909241"><time>2026-04-28T00:36:57.685Z</time></trkpt>
      <trkpt lat="26.556948" lon="98.909241"><time>2026-04-28T00:36:57.702Z</time></trkpt>
      <trkpt lat="26.556948" lon="98.909241"><time>2026-04-28T00:36:57.718Z</time></trkpt>
      <trkpt lat="26.556949" lon="98.909235"><time>2026-04-28T00:36:57.735Z</time></trkpt>
      <trkpt lat="26.556949" lon="98.909235"><time>2026-04-28T00:36:57.752Z</time></trkpt>
      <trkpt lat="26.556949" lon="98.909235"><time>2026-04-28T00:36:57.768Z</time></trkpt>
      <trkpt lat="26.556949" lon="98.909235"><time>2026-04-28T00:36:57.785Z</time></trkpt>
      <trkpt lat="26.556949" lon="98.909235"><time>2026-04-28T00:36:57.802Z</time></trkpt>
      <trkpt lat="26.556949" lon="98.909235"><time>2026-04-28T00:36:57.818Z</time></trkpt>
      <trkpt lat="26.556951" lon="98.909228"><time>2026-04-28T00:36:57.835Z</time></trkpt>
      <trkpt lat="26.556951" lon="98.909228"><time>2026-04-28T00:36:57.852Z</time></trkpt>
      <trkpt lat="26.556951" lon="98.909228"><time>2026-04-28T00:36:57.868Z</time></trkpt>
      <trkpt lat="26.556951" lon="98.909228"><time>2026-04-28T00:36:57.885Z</time></trkpt>
      <trkpt lat="26.556951" lon="98.909228"><time>2026-04-28T00:36:57.902Z</time></trkpt>
      <trkpt lat="26.556951" lon="98.909228"><time>2026-04-28T00:36:57.919Z</time></trkpt>
      <trkpt lat="26.556952" lon="98.90922"><time>2026-04-28T00:36:57.935Z</time></trkpt>
      <trkpt lat="26.556952" lon="98.90922"><time>2026-04-28T00:36:57.952Z</time></trkpt>
      <trkpt lat="26.556952" lon="98.90922"><time>2026-04-28T00:36:57.969Z</time></trkpt>
      <trkpt lat="26.556952" lon="98.90922"><time>2026-04-28T00:36:57.985Z</time></trkpt>
      <trkpt lat="26.556952" lon="98.90922"><time>2026-04-28T00:36:58.002Z</time></trkpt>
      <trkpt lat="26.556952" lon="98.90922"><time>2026-04-28T00:36:58.019Z</time></trkpt>
      <trkpt lat="26.556954" lon="98.909213"><time>2026-04-28T00:36:58.035Z</time></trkpt>
      <trkpt lat="26.556954" lon="98.909213"><time>2026-04-28T00:36:58.052Z</time></trkpt>
      <trkpt lat="26.556954" lon="98.909213"><time>2026-04-28T00:36:58.069Z</time></trkpt>
      <trkpt lat="26.556954" lon="98.909213"><time>2026-04-28T00:36:58.085Z</time></trkpt>
      <trkpt lat="26.556954" lon="98.909213"><time>2026-04-28T00:36:58.102Z</time></trkpt>
      <trkpt lat="26.556954" lon="98.909213"><time>2026-04-28T00:36:58.119Z</time></trkpt>
      <trkpt lat="26.556955" lon="98.909205"><time>2026-04-28T00:36:58.135Z</time></trkpt>
      <trkpt lat="26.556955" lon="98.909205"><time>2026-04-28T00:36:58.152Z</time></trkpt>
      <trkpt lat="26.556955" lon="98.909205"><time>2026-04-28T00:36:58.169Z</time></trkpt>
      <trkpt lat="26.556955" lon="98.909205"><time>2026-04-28T00:36:58.185Z</time></trkpt>
      <trkpt lat="26.556955" lon="98.909205"><time>2026-04-28T00:36:58.202Z</time></trkpt>
      <trkpt lat="26.556955" lon="98.909205"><time>2026-04-28T00:36:58.219Z</time></trkpt>
      <trkpt lat="26.556957" lon="98.909198"><time>2026-04-28T00:36:58.236Z</time></trkpt>
      <trkpt lat="26.556957" lon="98.909198"><time>2026-04-28T00:36:58.252Z</time></trkpt>
      <trkpt lat="26.556957" lon="98.909198"><time>2026-04-28T00:36:58.269Z</time></trkpt>
      <trkpt lat="26.556957" lon="98.909198"><time>2026-04-28T00:36:58.286Z</time></trkpt>
      <trkpt lat="26.556957" lon="98.909198"><time>2026-04-28T00:36:58.302Z</time></trkpt>
      <trkpt lat="26.556957" lon="98.909198"><time>2026-04-28T00:36:58.319Z</time></trkpt>
      <trkpt lat="26.556959" lon="98.90919"><time>2026-04-28T00:36:58.336Z</time></trkpt>
      <trkpt lat="26.556959" lon="98.90919"><time>2026-04-28T00:36:58.352Z</time></trkpt>
      <trkpt lat="26.556959" lon="98.90919"><time>2026-04-28T00:36:58.369Z</time></trkpt>
      <trkpt lat="26.556959" lon="98.90919"><time>2026-04-28T00:36:58.386Z</time></trkpt>
      <trkpt lat="26.556959" lon="98.90919"><time>2026-04-28T00:36:58.402Z</time></trkpt>
      <trkpt lat="26.556959" lon="98.90919"><time>2026-04-28T00:36:58.419Z</time></trkpt>
      <trkpt lat="26.556961" lon="98.909181"><time>2026-04-28T00:36:58.436Z</time></trkpt>
      <trkpt lat="26.556961" lon="98.909181"><time>2026-04-28T00:36:58.452Z</time></trkpt>
      <trkpt lat="26.556961" lon="98.909181"><time>2026-04-28T00:36:58.469Z</time></trkpt>
      <trkpt lat="26.556961" lon="98.909181"><time>2026-04-28T00:36:58.486Z</time></trkpt>
      <trkpt lat="26.556961" lon="98.909181"><time>2026-04-28T00:36:58.502Z</time></trkpt>
      <trkpt lat="26.556961" lon="98.909181"><time>2026-04-28T00:36:58.519Z</time></trkpt>
      <trkpt lat="26.556962" lon="98.909173"><time>2026-04-28T00:36:58.536Z</time></trkpt>
      <trkpt lat="26.556962" lon="98.909173"><time>2026-04-28T00:36:58.553Z</time></trkpt>
      <trkpt lat="26.556962" lon="98.909173"><time>2026-04-28T00:36:58.569Z</time></trkpt>
      <trkpt lat="26.556962" lon="98.909173"><time>2026-04-28T00:36:58.586Z</time></trkpt>
      <trkpt lat="26.556962" lon="98.909173"><time>2026-04-28T00:36:58.603Z</time></trkpt>
      <trkpt lat="26.556962" lon="98.909173"><time>2026-04-28T00:36:58.619Z</time></trkpt>
      <trkpt lat="26.556964" lon="98.909164"><time>2026-04-28T00:36:58.636Z</time></trkpt>
      <trkpt lat="26.556964" lon="98.909164"><time>2026-04-28T00:36:58.653Z</time></trkpt>
      <trkpt lat="26.556964" lon="98.909164"><time>2026-04-28T00:36:58.669Z</time></trkpt>
      <trkpt lat="26.556964" lon="98.909164"><time>2026-04-28T00:36:58.686Z</time></trkpt>
      <trkpt lat="26.556964" lon="98.909164"><time>2026-04-28T00:36:58.703Z</time></trkpt>
      <trkpt lat="26.556964" lon="98.909164"><time>2026-04-28T00:36:58.719Z</time></trkpt>
      <trkpt lat="26.556966" lon="98.909156"><time>2026-04-28T00:36:58.736Z</time></trkpt>
      <trkpt lat="26.556966" lon="98.909156"><time>2026-04-28T00:36:58.753Z</time></trkpt>
      <trkpt lat="26.556966" lon="98.909156"><time>2026-04-28T00:36:58.769Z</time></trkpt>
      <trkpt lat="26.556966" lon="98.909156"><time>2026-04-28T00:36:58.786Z</time></trkpt>
      <trkpt lat="26.556966" lon="98.909156"><time>2026-04-28T00:36:58.803Z</time></trkpt>
      <trkpt lat="26.556966" lon="98.909156"><time>2026-04-28T00:36:58.819Z</time></trkpt>
      <trkpt lat="26.556968" lon="98.909147"><time>2026-04-28T00:36:58.836Z</time></trkpt>
      <trkpt lat="26.556968" lon="98.909147"><time>2026-04-28T00:36:58.853Z</time></trkpt>
      <trkpt lat="26.556968" lon="98.909147"><time>2026-04-28T00:36:58.870Z</time></trkpt>
      <trkpt lat="26.556968" lon="98.909147"><time>2026-04-28T00:36:58.886Z</time></trkpt>
      <trkpt lat="26.556968" lon="98.909147"><time>2026-04-28T00:36:58.903Z</time></trkpt>
      <trkpt lat="26.556968" lon="98.909147"><time>2026-04-28T00:36:58.920Z</time></trkpt>
      <trkpt lat="26.55697" lon="98.909138"><time>2026-04-28T00:36:58.936Z</time></trkpt>
      <trkpt lat="26.55697" lon="98.909138"><time>2026-04-28T00:36:58.953Z</time></trkpt>
      <trkpt lat="26.55697" lon="98.909138"><time>2026-04-28T00:36:58.970Z</time></trkpt>
      <trkpt lat="26.55697" lon="98.909138"><time>2026-04-28T00:36:58.986Z</time></trkpt>
      <trkpt lat="26.55697" lon="98.909138"><time>2026-04-28T00:36:59.003Z</time></trkpt>
      <trkpt lat="26.55697" lon="98.909138"><time>2026-04-28T00:36:59.020Z</time></trkpt>
      <trkpt lat="26.556972" lon="98.909128"><time>2026-04-28T00:36:59.036Z</time></trkpt>
      <trkpt lat="26.556972" lon="98.909128"><time>2026-04-28T00:36:59.053Z</time></trkpt>
      <trkpt lat="26.556972" lon="98.909128"><time>2026-04-28T00:36:59.070Z</time></trkpt>
      <trkpt lat="26.556972" lon="98.909128"><time>2026-04-28T00:36:59.086Z</time></trkpt>
      <trkpt lat="26.556972" lon="98.909128"><time>2026-04-28T00:36:59.103Z</time></trkpt>
      <trkpt lat="26.556972" lon="98.909128"><time>2026-04-28T00:36:59.120Z</time></trkpt>
      <trkpt lat="26.556974" lon="98.909119"><time>2026-04-28T00:36:59.136Z</time></trkpt>
      <trkpt lat="26.556974" lon="98.909119"><time>2026-04-28T00:36:59.153Z</time></trkpt>
      <trkpt lat="26.556974" lon="98.909119"><time>2026-04-28T00:36:59.170Z</time></trkpt>
      <trkpt lat="26.556974" lon="98.909119"><time>2026-04-28T00:36:59.187Z</time></trkpt>
      <trkpt lat="26.556974" lon="98.909119"><time>2026-04-28T00:36:59.203Z</time></trkpt>
      <trkpt lat="26.556974" lon="98.909119"><time>2026-04-28T00:36:59.220Z</time></trkpt>
      <trkpt lat="26.556976" lon="98.909109"><time>2026-04-28T00:36:59.237Z</time></trkpt>
      <trkpt lat="26.556976" lon="98.909109"><time>2026-04-28T00:36:59.253Z</time></trkpt>
      <trkpt lat="26.556976" lon="98.909109"><time>2026-04-28T00:36:59.270Z</time></trkpt>
      <trkpt lat="26.556976" lon="98.909109"><time>2026-04-28T00:36:59.287Z</time></trkpt>
      <trkpt lat="26.556976" lon="98.909109"><time>2026-04-28T00:36:59.303Z</time></trkpt>
      <trkpt lat="26.556976" lon="98.909109"><time>2026-04-28T00:36:59.320Z</time></trkpt>
      <trkpt lat="26.556978" lon="98.909099"><time>2026-04-28T00:36:59.337Z</time></trkpt>
      <trkpt lat="26.556978" lon="98.909099"><time>2026-04-28T00:36:59.353Z</time></trkpt>
      <trkpt lat="26.556978" lon="98.909099"><time>2026-04-28T00:36:59.370Z</time></trkpt>
      <trkpt lat="26.556978" lon="98.909099"><time>2026-04-28T00:36:59.387Z</time></trkpt>
      <trkpt lat="26.556978" lon="98.909099"><time>2026-04-28T00:36:59.403Z</time></trkpt>
      <trkpt lat="26.556978" lon="98.909099"><time>2026-04-28T00:36:59.420Z</time></trkpt>
      <trkpt lat="26.55698" lon="98.909089"><time>2026-04-28T00:36:59.437Z</time></trkpt>
      <trkpt lat="26.55698" lon="98.909089"><time>2026-04-28T00:36:59.453Z</time></trkpt>
      <trkpt lat="26.55698" lon="98.909089"><time>2026-04-28T00:36:59.470Z</time></trkpt>
      <trkpt lat="26.55698" lon="98.909089"><time>2026-04-28T00:36:59.487Z</time></trkpt>
      <trkpt lat="26.55698" lon="98.909089"><time>2026-04-28T00:36:59.504Z</time></trkpt>
      <trkpt lat="26.55698" lon="98.909089"><time>2026-04-28T00:36:59.520Z</time></trkpt>
      <trkpt lat="26.556983" lon="98.909079"><time>2026-04-28T00:36:59.537Z</time></trkpt>
      <trkpt lat="26.556983" lon="98.909079"><time>2026-04-28T00:36:59.554Z</time></trkpt>
      <trkpt lat="26.556983" lon="98.909079"><time>2026-04-28T00:36:59.570Z</time></trkpt>
      <trkpt lat="26.556983" lon="98.909079"><time>2026-04-28T00:36:59.587Z</time></trkpt>
      <trkpt lat="26.556983" lon="98.909079"><time>2026-04-28T00:36:59.604Z</time></trkpt>
      <trkpt lat="26.556983" lon="98.909079"><time>2026-04-28T00:36:59.620Z</time></trkpt>
      <trkpt lat="26.556985" lon="98.909069"><time>2026-04-28T00:36:59.637Z</time></trkpt>
      <trkpt lat="26.556985" lon="98.909069"><time>2026-04-28T00:36:59.654Z</time></trkpt>
      <trkpt lat="26.556985" lon="98.909069"><time>2026-04-28T00:36:59.670Z</time></trkpt>
      <trkpt lat="26.556985" lon="98.909069"><time>2026-04-28T00:36:59.687Z</time></trkpt>
      <trkpt lat="26.556985" lon="98.909069"><time>2026-04-28T00:36:59.704Z</time></trkpt>
      <trkpt lat="26.556985" lon="98.909069"><time>2026-04-28T00:36:59.720Z</time></trkpt>
      <trkpt lat="26.556987" lon="98.909059"><time>2026-04-28T00:36:59.737Z</time></trkpt>
      <trkpt lat="26.556987" lon="98.909059"><time>2026-04-28T00:36:59.754Z</time></trkpt>
      <trkpt lat="26.556987" lon="98.909059"><time>2026-04-28T00:36:59.770Z</time></trkpt>
      <trkpt lat="26.556987" lon="98.909059"><time>2026-04-28T00:36:59.787Z</time></trkpt>
      <trkpt lat="26.556987" lon="98.909059"><time>2026-04-28T00:36:59.804Z</time></trkpt>
      <trkpt lat="26.556987" lon="98.909059"><time>2026-04-28T00:36:59.821Z</time></trkpt>
      <trkpt lat="26.556989" lon="98.909048"><time>2026-04-28T00:36:59.837Z</time></trkpt>
      <trkpt lat="26.556989" lon="98.909048"><time>2026-04-28T00:36:59.854Z</time></trkpt>
      <trkpt lat="26.556989" lon="98.909048"><time>2026-04-28T00:36:59.871Z</time></trkpt>
      <trkpt lat="26.556989" lon="98.909048"><time>2026-04-28T00:36:59.887Z</time></trkpt>
      <trkpt lat="26.556989" lon="98.909048"><time>2026-04-28T00:36:59.904Z</time></trkpt>
      <trkpt lat="26.556989" lon="98.909048"><time>2026-04-28T00:36:59.921Z</time></trkpt>
      <trkpt lat="26.556992" lon="98.909037"><time>2026-04-28T00:36:59.937Z</time></trkpt>
      <trkpt lat="26.556992" lon="98.909037"><time>2026-04-28T00:36:59.954Z</time></trkpt>
      <trkpt lat="26.556992" lon="98.909037"><time>2026-04-28T00:36:59.971Z</time></trkpt>
      <trkpt lat="26.556992" lon="98.909037"><time>2026-04-28T00:36:59.987Z</time></trkpt>
      <trkpt lat="26.556992" lon="98.909037"><time>2026-04-28T00:37:00.004Z</time></trkpt>
      <trkpt lat="26.556992" lon="98.909037"><time>2026-04-28T00:37:00.021Z</time></trkpt>
      <trkpt lat="26.556994" lon="98.909026"><time>2026-04-28T00:37:00.037Z</time></trkpt>
      <trkpt lat="26.556994" lon="98.909026"><time>2026-04-28T00:37:00.054Z</time></trkpt>
      <trkpt lat="26.556994" lon="98.909026"><time>2026-04-28T00:37:00.071Z</time></trkpt>
      <trkpt lat="26.556994" lon="98.909026"><time>2026-04-28T00:37:00.087Z</time></trkpt>
      <trkpt lat="26.556994" lon="98.909026"><time>2026-04-28T00:37:00.104Z</time></trkpt>
      <trkpt lat="26.556994" lon="98.909026"><time>2026-04-28T00:37:00.121Z</time></trkpt>
      <trkpt lat="26.556996" lon="98.909015"><time>2026-04-28T00:37:00.138Z</time></trkpt>
      <trkpt lat="26.556996" lon="98.909015"><time>2026-04-28T00:37:00.154Z</time></trkpt>
      <trkpt lat="26.556996" lon="98.909015"><time>2026-04-28T00:37:00.171Z</time></trkpt>
      <trkpt lat="26.556996" lon="98.909015"><time>2026-04-28T00:37:00.188Z</time></trkpt>
      <trkpt lat="26.556996" lon="98.909015"><time>2026-04-28T00:37:00.204Z</time></trkpt>
      <trkpt lat="26.556996" lon="98.909015"><time>2026-04-28T00:37:00.221Z</time></trkpt>
      <trkpt lat="26.556999" lon="98.909005"><time>2026-04-28T00:37:00.238Z</time></trkpt>
      <trkpt lat="26.556999" lon="98.909005"><time>2026-04-28T00:37:00.254Z</time></trkpt>
      <trkpt lat="26.556999" lon="98.909005"><time>2026-04-28T00:37:00.271Z</time></trkpt>
      <trkpt lat="26.556999" lon="98.909005"><time>2026-04-28T00:37:00.288Z</time></trkpt>
      <trkpt lat="26.556999" lon="98.909005"><time>2026-04-28T00:37:00.304Z</time></trkpt>
      <trkpt lat="26.556999" lon="98.909005"><time>2026-04-28T00:37:00.321Z</time></trkpt>
      <trkpt lat="26.557001" lon="98.908993"><time>2026-04-28T00:37:00.338Z</time></trkpt>
      <trkpt lat="26.557001" lon="98.908993"><time>2026-04-28T00:37:00.354Z</time></trkpt>
      <trkpt lat="26.557001" lon="98.908993"><time>2026-04-28T00:37:00.371Z</time></trkpt>
      <trkpt lat="26.557001" lon="98.908993"><time>2026-04-28T00:37:00.388Z</time></trkpt>
      <trkpt lat="26.557001" lon="98.908993"><time>2026-04-28T00:37:00.404Z</time></trkpt>
      <trkpt lat="26.557001" lon="98.908993"><time>2026-04-28T00:37:00.421Z</time></trkpt>
      <trkpt lat="26.557003" lon="98.908983"><time>2026-04-28T00:37:00.438Z</time></trkpt>
      <trkpt lat="26.557003" lon="98.908983"><time>2026-04-28T00:37:00.455Z</time></trkpt>
      <trkpt lat="26.557003" lon="98.908983"><time>2026-04-28T00:37:00.471Z</time></trkpt>
      <trkpt lat="26.557003" lon="98.908983"><time>2026-04-28T00:37:00.488Z</time></trkpt>
      <trkpt lat="26.557003" lon="98.908983"><time>2026-04-28T00:37:00.505Z</time></trkpt>
      <trkpt lat="26.557003" lon="98.908983"><time>2026-04-28T00:37:00.521Z</time></trkpt>
      <trkpt lat="26.557006" lon="98.90897"><time>2026-04-28T00:37:00.538Z</time></trkpt>
      <trkpt lat="26.557006" lon="98.90897"><time>2026-04-28T00:37:00.555Z</time></trkpt>
      <trkpt lat="26.557006" lon="98.90897"><time>2026-04-28T00:37:00.571Z</time></trkpt>
      <trkpt lat="26.557006" lon="98.90897"><time>2026-04-28T00:37:00.588Z</time></trkpt>
      <trkpt lat="26.557006" lon="98.90897"><time>2026-04-28T00:37:00.605Z</time></trkpt>
      <trkpt lat="26.557006" lon="98.90897"><time>2026-04-28T00:37:00.621Z</time></trkpt>
      <trkpt lat="26.557009" lon="98.908958"><time>2026-04-28T00:37:00.638Z</time></trkpt>
      <trkpt lat="26.557009" lon="98.908958"><time>2026-04-28T00:37:00.655Z</time></trkpt>
      <trkpt lat="26.557009" lon="98.908958"><time>2026-04-28T00:37:00.671Z</time></trkpt>
      <trkpt lat="26.557009" lon="98.908958"><time>2026-04-28T00:37:00.688Z</time></trkpt>
      <trkpt lat="26.557009" lon="98.908958"><time>2026-04-28T00:37:00.705Z</time></trkpt>
      <trkpt lat="26.557009" lon="98.908958"><time>2026-04-28T00:37:00.721Z</time></trkpt>
      <trkpt lat="26.557011" lon="98.908947"><time>2026-04-28T00:37:00.738Z</time></trkpt>
      <trkpt lat="26.557011" lon="98.908947"><time>2026-04-28T00:37:00.755Z</time></trkpt>
      <trkpt lat="26.557011" lon="98.908947"><time>2026-04-28T00:37:00.772Z</time></trkpt>
      <trkpt lat="26.557011" lon="98.908947"><time>2026-04-28T00:37:00.788Z</time></trkpt>
      <trkpt lat="26.557011" lon="98.908947"><time>2026-04-28T00:37:00.805Z</time></trkpt>
      <trkpt lat="26.557011" lon="98.908947"><time>2026-04-28T00:37:00.822Z</time></trkpt>
      <trkpt lat="26.557014" lon="98.908934"><time>2026-04-28T00:37:00.838Z</time></trkpt>
      <trkpt lat="26.557014" lon="98.908934"><time>2026-04-28T00:37:00.855Z</time></trkpt>
      <trkpt lat="26.557014" lon="98.908934"><time>2026-04-28T00:37:00.872Z</time></trkpt>
      <trkpt lat="26.557014" lon="98.908934"><time>2026-04-28T00:37:00.888Z</time></trkpt>
      <trkpt lat="26.557014" lon="98.908934"><time>2026-04-28T00:37:00.905Z</time></trkpt>
      <trkpt lat="26.557014" lon="98.908934"><time>2026-04-28T00:37:00.922Z</time></trkpt>
      <trkpt lat="26.557016" lon="98.908922"><time>2026-04-28T00:37:00.938Z</time></trkpt>
      <trkpt lat="26.557016" lon="98.908922"><time>2026-04-28T00:37:00.955Z</time></trkpt>
      <trkpt lat="26.557016" lon="98.908922"><time>2026-04-28T00:37:00.972Z</time></trkpt>
      <trkpt lat="26.557016" lon="98.908922"><time>2026-04-28T00:37:00.988Z</time></trkpt>
      <trkpt lat="26.557016" lon="98.908922"><time>2026-04-28T00:37:01.005Z</time></trkpt>
      <trkpt lat="26.557016" lon="98.908922"><time>2026-04-28T00:37:01.022Z</time></trkpt>
      <trkpt lat="26.557019" lon="98.90891"><time>2026-04-28T00:37:01.038Z</time></trkpt>
      <trkpt lat="26.557019" lon="98.90891"><time>2026-04-28T00:37:01.055Z</time></trkpt>
      <trkpt lat="26.557019" lon="98.90891"><time>2026-04-28T00:37:01.072Z</time></trkpt>
      <trkpt lat="26.557019" lon="98.90891"><time>2026-04-28T00:37:01.089Z</time></trkpt>
      <trkpt lat="26.557019" lon="98.90891"><time>2026-04-28T00:37:01.105Z</time></trkpt>
      <trkpt lat="26.557019" lon="98.90891"><time>2026-04-28T00:37:01.122Z</time></trkpt>
      <trkpt lat="26.557022" lon="98.908898"><time>2026-04-28T00:37:01.139Z</time></trkpt>
      <trkpt lat="26.557022" lon="98.908898"><time>2026-04-28T00:37:01.155Z</time></trkpt>
      <trkpt lat="26.557022" lon="98.908898"><time>2026-04-28T00:37:01.172Z</time></trkpt>
      <trkpt lat="26.557022" lon="98.908898"><time>2026-04-28T00:37:01.189Z</time></trkpt>
      <trkpt lat="26.557022" lon="98.908898"><time>2026-04-28T00:37:01.205Z</time></trkpt>
      <trkpt lat="26.557022" lon="98.908898"><time>2026-04-28T00:37:01.222Z</time></trkpt>
      <trkpt lat="26.557024" lon="98.908885"><time>2026-04-28T00:37:01.239Z</time></trkpt>
      <trkpt lat="26.557024" lon="98.908885"><time>2026-04-28T00:37:01.255Z</time></trkpt>
      <trkpt lat="26.557024" lon="98.908885"><time>2026-04-28T00:37:01.272Z</time></trkpt>
      <trkpt lat="26.557024" lon="98.908885"><time>2026-04-28T00:37:01.289Z</time></trkpt>
      <trkpt lat="26.557024" lon="98.908885"><time>2026-04-28T00:37:01.305Z</time></trkpt>
      <trkpt lat="26.557024" lon="98.908885"><time>2026-04-28T00:37:01.322Z</time></trkpt>
      <trkpt lat="26.557027" lon="98.908873"><time>2026-04-28T00:37:01.339Z</time></trkpt>
      <trkpt lat="26.557027" lon="98.908873"><time>2026-04-28T00:37:01.355Z</time></trkpt>
      <trkpt lat="26.557027" lon="98.908873"><time>2026-04-28T00:37:01.372Z</time></trkpt>
      <trkpt lat="26.557027" lon="98.908873"><time>2026-04-28T00:37:01.389Z</time></trkpt>
      <trkpt lat="26.557027" lon="98.908873"><time>2026-04-28T00:37:01.406Z</time></trkpt>
      <trkpt lat="26.557027" lon="98.908873"><time>2026-04-28T00:37:01.422Z</time></trkpt>
      <trkpt lat="26.55703" lon="98.90886"><time>2026-04-28T00:37:01.439Z</time></trkpt>
      <trkpt lat="26.55703" lon="98.90886"><time>2026-04-28T00:37:01.456Z</time></trkpt>
      <trkpt lat="26.55703" lon="98.90886"><time>2026-04-28T00:37:01.472Z</time></trkpt>
      <trkpt lat="26.55703" lon="98.90886"><time>2026-04-28T00:37:01.489Z</time></trkpt>
      <trkpt lat="26.55703" lon="98.90886"><time>2026-04-28T00:37:01.506Z</time></trkpt>
      <trkpt lat="26.55703" lon="98.90886"><time>2026-04-28T00:37:01.522Z</time></trkpt>
      <trkpt lat="26.557032" lon="98.908847"><time>2026-04-28T00:37:01.539Z</time></trkpt>
      <trkpt lat="26.557032" lon="98.908847"><time>2026-04-28T00:37:01.556Z</time></trkpt>
      <trkpt lat="26.557032" lon="98.908847"><time>2026-04-28T00:37:01.572Z</time></trkpt>
      <trkpt lat="26.557032" lon="98.908847"><time>2026-04-28T00:37:01.589Z</time></trkpt>
      <trkpt lat="26.557032" lon="98.908847"><time>2026-04-28T00:37:01.606Z</time></trkpt>
      <trkpt lat="26.557032" lon="98.908847"><time>2026-04-28T00:37:01.622Z</time></trkpt>
      <trkpt lat="26.557035" lon="98.908834"><time>2026-04-28T00:37:01.639Z</time></trkpt>
      <trkpt lat="26.557035" lon="98.908834"><time>2026-04-28T00:37:01.656Z</time></trkpt>
      <trkpt lat="26.557035" lon="98.908834"><time>2026-04-28T00:37:01.672Z</time></trkpt>
      <trkpt lat="26.557035" lon="98.908834"><time>2026-04-28T00:37:01.689Z</time></trkpt>
      <trkpt lat="26.557035" lon="98.908834"><time>2026-04-28T00:37:01.706Z</time></trkpt>
      <trkpt lat="26.557035" lon="98.908834"><time>2026-04-28T00:37:01.723Z</time></trkpt>
      <trkpt lat="26.557039" lon="98.908821"><time>2026-04-28T00:37:01.739Z</time></trkpt>
      <trkpt lat="26.557039" lon="98.908821"><time>2026-04-28T00:37:01.756Z</time></trkpt>
      <trkpt lat="26.557039" lon="98.908821"><time>2026-04-28T00:37:01.773Z</time></trkpt>
      <trkpt lat="26.557039" lon="98.908821"><time>2026-04-28T00:37:01.789Z</time></trkpt>
      <trkpt lat="26.557039" lon="98.908821"><time>2026-04-28T00:37:01.806Z</time></trkpt>
      <trkpt lat="26.557039" lon="98.908821"><time>2026-04-28T00:37:01.823Z</time></trkpt>
      <trkpt lat="26.557041" lon="98.908808"><time>2026-04-28T00:37:01.839Z</time></trkpt>
      <trkpt lat="26.557041" lon="98.908808"><time>2026-04-28T00:37:01.856Z</time></trkpt>
      <trkpt lat="26.557041" lon="98.908808"><time>2026-04-28T00:37:01.873Z</time></trkpt>
      <trkpt lat="26.557041" lon="98.908808"><time>2026-04-28T00:37:01.889Z</time></trkpt>
      <trkpt lat="26.557041" lon="98.908808"><time>2026-04-28T00:37:01.906Z</time></trkpt>
      <trkpt lat="26.557041" lon="98.908808"><time>2026-04-28T00:37:01.923Z</time></trkpt>
      <trkpt lat="26.557045" lon="98.908794"><time>2026-04-28T00:37:01.939Z</time></trkpt>
      <trkpt lat="26.557045" lon="98.908794"><time>2026-04-28T00:37:01.956Z</time></trkpt>
      <trkpt lat="26.557045" lon="98.908794"><time>2026-04-28T00:37:01.973Z</time></trkpt>
      <trkpt lat="26.557045" lon="98.908794"><time>2026-04-28T00:37:01.989Z</time></trkpt>
      <trkpt lat="26.557045" lon="98.908794"><time>2026-04-28T00:37:02.006Z</time></trkpt>
      <trkpt lat="26.557045" lon="98.908794"><time>2026-04-28T00:37:02.023Z</time></trkpt>
      <trkpt lat="26.557048" lon="98.908782"><time>2026-04-28T00:37:02.040Z</time></trkpt>
      <trkpt lat="26.557048" lon="98.908782"><time>2026-04-28T00:37:02.056Z</time></trkpt>
      <trkpt lat="26.557048" lon="98.908782"><time>2026-04-28T00:37:02.073Z</time></trkpt>
      <trkpt lat="26.557048" lon="98.908782"><time>2026-04-28T00:37:02.090Z</time></trkpt>
      <trkpt lat="26.557048" lon="98.908782"><time>2026-04-28T00:37:02.106Z</time></trkpt>
      <trkpt lat="26.557048" lon="98.908782"><time>2026-04-28T00:37:02.123Z</time></trkpt>
      <trkpt lat="26.557051" lon="98.908768"><time>2026-04-28T00:37:02.140Z</time></trkpt>
      <trkpt lat="26.557051" lon="98.908768"><time>2026-04-28T00:37:02.156Z</time></trkpt>
      <trkpt lat="26.557051" lon="98.908768"><time>2026-04-28T00:37:02.173Z</time></trkpt>
      <trkpt lat="26.557051" lon="98.908768"><time>2026-04-28T00:37:02.190Z</time></trkpt>
      <trkpt lat="26.557051" lon="98.908768"><time>2026-04-28T00:37:02.206Z</time></trkpt>
      <trkpt lat="26.557051" lon="98.908768"><time>2026-04-28T00:37:02.223Z</time></trkpt>
      <trkpt lat="26.557054" lon="98.908754"><time>2026-04-28T00:37:02.240Z</time></trkpt>
      <trkpt lat="26.557054" lon="98.908754"><time>2026-04-28T00:37:02.256Z</time></trkpt>
      <trkpt lat="26.557054" lon="98.908754"><time>2026-04-28T00:37:02.273Z</time></trkpt>
      <trkpt lat="26.557054" lon="98.908754"><time>2026-04-28T00:37:02.290Z</time></trkpt>
      <trkpt lat="26.557054" lon="98.908754"><time>2026-04-28T00:37:02.306Z</time></trkpt>
      <trkpt lat="26.557054" lon="98.908754"><time>2026-04-28T00:37:02.323Z</time></trkpt>
      <trkpt lat="26.557057" lon="98.90874"><time>2026-04-28T00:37:02.340Z</time></trkpt>
      <trkpt lat="26.557057" lon="98.90874"><time>2026-04-28T00:37:02.357Z</time></trkpt>
      <trkpt lat="26.557057" lon="98.90874"><time>2026-04-28T00:37:02.373Z</time></trkpt>
      <trkpt lat="26.557057" lon="98.90874"><time>2026-04-28T00:37:02.390Z</time></trkpt>
      <trkpt lat="26.557057" lon="98.90874"><time>2026-04-28T00:37:02.407Z</time></trkpt>
      <trkpt lat="26.557057" lon="98.90874"><time>2026-04-28T00:37:02.423Z</time></trkpt>
      <trkpt lat="26.55706" lon="98.908727"><time>2026-04-28T00:37:02.440Z</time></trkpt>
      <trkpt lat="26.55706" lon="98.908727"><time>2026-04-28T00:37:02.457Z</time></trkpt>
      <trkpt lat="26.55706" lon="98.908727"><time>2026-04-28T00:37:02.473Z</time></trkpt>
      <trkpt lat="26.55706" lon="98.908727"><time>2026-04-28T00:37:02.490Z</time></trkpt>
      <trkpt lat="26.55706" lon="98.908727"><time>2026-04-28T00:37:02.507Z</time></trkpt>
      <trkpt lat="26.55706" lon="98.908727"><time>2026-04-28T00:37:02.523Z</time></trkpt>
      <trkpt lat="26.557063" lon="98.908713"><time>2026-04-28T00:37:02.540Z</time></trkpt>
      <trkpt lat="26.557063" lon="98.908713"><time>2026-04-28T00:37:02.557Z</time></trkpt>
      <trkpt lat="26.557063" lon="98.908713"><time>2026-04-28T00:37:02.573Z</time></trkpt>
      <trkpt lat="26.557063" lon="98.908713"><time>2026-04-28T00:37:02.590Z</time></trkpt>
      <trkpt lat="26.557063" lon="98.908713"><time>2026-04-28T00:37:02.607Z</time></trkpt>
      <trkpt lat="26.557063" lon="98.908713"><time>2026-04-28T00:37:02.623Z</time></trkpt>
      <trkpt lat="26.557066" lon="98.908699"><time>2026-04-28T00:37:02.640Z</time></trkpt>
      <trkpt lat="26.557066" lon="98.908699"><time>2026-04-28T00:37:02.657Z</time></trkpt>
      <trkpt lat="26.557066" lon="98.908699"><time>2026-04-28T00:37:02.674Z</time></trkpt>
      <trkpt lat="26.557066" lon="98.908699"><time>2026-04-28T00:37:02.690Z</time></trkpt>
      <trkpt lat="26.557066" lon="98.908699"><time>2026-04-28T00:37:02.707Z</time></trkpt>
      <trkpt lat="26.557066" lon="98.908699"><time>2026-04-28T00:37:02.724Z</time></trkpt>
      <trkpt lat="26.557069" lon="98.908685"><time>2026-04-28T00:37:02.740Z</time></trkpt>
      <trkpt lat="26.557069" lon="98.908685"><time>2026-04-28T00:37:02.757Z</time></trkpt>
      <trkpt lat="26.557069" lon="98.908685"><time>2026-04-28T00:37:02.774Z</time></trkpt>
      <trkpt lat="26.557069" lon="98.908685"><time>2026-04-28T00:37:02.790Z</time></trkpt>
      <trkpt lat="26.557069" lon="98.908685"><time>2026-04-28T00:37:02.807Z</time></trkpt>
      <trkpt lat="26.557069" lon="98.908685"><time>2026-04-28T00:37:02.824Z</time></trkpt>
      <trkpt lat="26.557072" lon="98.908671"><time>2026-04-28T00:37:02.840Z</time></trkpt>
      <trkpt lat="26.557072" lon="98.908671"><time>2026-04-28T00:37:02.857Z</time></trkpt>
      <trkpt lat="26.557072" lon="98.908671"><time>2026-04-28T00:37:02.874Z</time></trkpt>
      <trkpt lat="26.557072" lon="98.908671"><time>2026-04-28T00:37:02.890Z</time></trkpt>
      <trkpt lat="26.557072" lon="98.908671"><time>2026-04-28T00:37:02.907Z</time></trkpt>
      <trkpt lat="26.557072" lon="98.908671"><time>2026-04-28T00:37:02.924Z</time></trkpt>
      <trkpt lat="26.557076" lon="98.908657"><time>2026-04-28T00:37:02.940Z</time></trkpt>
      <trkpt lat="26.557076" lon="98.908657"><time>2026-04-28T00:37:02.957Z</time></trkpt>
      <trkpt lat="26.557076" lon="98.908657"><time>2026-04-28T00:37:02.974Z</time></trkpt>
      <trkpt lat="26.557076" lon="98.908657"><time>2026-04-28T00:37:02.991Z</time></trkpt>
      <trkpt lat="26.557076" lon="98.908657"><time>2026-04-28T00:37:03.007Z</time></trkpt>
      <trkpt lat="26.557076" lon="98.908657"><time>2026-04-28T00:37:03.024Z</time></trkpt>
      <trkpt lat="26.557079" lon="98.908643"><time>2026-04-28T00:37:03.041Z</time></trkpt>
      <trkpt lat="26.557079" lon="98.908643"><time>2026-04-28T00:37:03.057Z</time></trkpt>
      <trkpt lat="26.557079" lon="98.908643"><time>2026-04-28T00:37:03.074Z</time></trkpt>
      <trkpt lat="26.557079" lon="98.908643"><time>2026-04-28T00:37:03.091Z</time></trkpt>
      <trkpt lat="26.557079" lon="98.908643"><time>2026-04-28T00:37:03.107Z</time></trkpt>
      <trkpt lat="26.557079" lon="98.908643"><time>2026-04-28T00:37:03.124Z</time></trkpt>
      <trkpt lat="26.557082" lon="98.908628"><time>2026-04-28T00:37:03.141Z</time></trkpt>
      <trkpt lat="26.557082" lon="98.908628"><time>2026-04-28T00:37:03.157Z</time></trkpt>
      <trkpt lat="26.557082" lon="98.908628"><time>2026-04-28T00:37:03.174Z</time></trkpt>
      <trkpt lat="26.557082" lon="98.908628"><time>2026-04-28T00:37:03.191Z</time></trkpt>
      <trkpt lat="26.557082" lon="98.908628"><time>2026-04-28T00:37:03.207Z</time></trkpt>
      <trkpt lat="26.557082" lon="98.908628"><time>2026-04-28T00:37:03.224Z</time></trkpt>
      <trkpt lat="26.557085" lon="98.908614"><time>2026-04-28T00:37:03.241Z</time></trkpt>
      <trkpt lat="26.557085" lon="98.908614"><time>2026-04-28T00:37:03.257Z</time></trkpt>
      <trkpt lat="26.557085" lon="98.908614"><time>2026-04-28T00:37:03.274Z</time></trkpt>
      <trkpt lat="26.557085" lon="98.908614"><time>2026-04-28T00:37:03.291Z</time></trkpt>
      <trkpt lat="26.557085" lon="98.908614"><time>2026-04-28T00:37:03.308Z</time></trkpt>
      <trkpt lat="26.557085" lon="98.908614"><time>2026-04-28T00:37:03.324Z</time></trkpt>
      <trkpt lat="26.557087" lon="98.9086"><time>2026-04-28T00:37:03.341Z</time></trkpt>
      <trkpt lat="26.557087" lon="98.9086"><time>2026-04-28T00:37:03.358Z</time></trkpt>
      <trkpt lat="26.557087" lon="98.9086"><time>2026-04-28T00:37:03.374Z</time></trkpt>
      <trkpt lat="26.557087" lon="98.9086"><time>2026-04-28T00:37:03.391Z</time></trkpt>
      <trkpt lat="26.557087" lon="98.9086"><time>2026-04-28T00:37:03.408Z</time></trkpt>
      <trkpt lat="26.557087" lon="98.9086"><time>2026-04-28T00:37:03.424Z</time></trkpt>
      <trkpt lat="26.55709" lon="98.908585"><time>2026-04-28T00:37:03.441Z</time></trkpt>
      <trkpt lat="26.55709" lon="98.908585"><time>2026-04-28T00:37:03.458Z</time></trkpt>
      <trkpt lat="26.55709" lon="98.908585"><time>2026-04-28T00:37:03.474Z</time></trkpt>
      <trkpt lat="26.55709" lon="98.908585"><time>2026-04-28T00:37:03.491Z</time></trkpt>
      <trkpt lat="26.55709" lon="98.908585"><time>2026-04-28T00:37:03.508Z</time></trkpt>
      <trkpt lat="26.55709" lon="98.908585"><time>2026-04-28T00:37:03.524Z</time></trkpt>
      <trkpt lat="26.557094" lon="98.90857"><time>2026-04-28T00:37:03.541Z</time></trkpt>
      <trkpt lat="26.557094" lon="98.90857"><time>2026-04-28T00:37:03.558Z</time></trkpt>
      <trkpt lat="26.557094" lon="98.90857"><time>2026-04-28T00:37:03.574Z</time></trkpt>
      <trkpt lat="26.557094" lon="98.90857"><time>2026-04-28T00:37:03.591Z</time></trkpt>
      <trkpt lat="26.557094" lon="98.90857"><time>2026-04-28T00:37:03.608Z</time></trkpt>
      <trkpt lat="26.557094" lon="98.90857"><time>2026-04-28T00:37:03.624Z</time></trkpt>
      <trkpt lat="26.557097" lon="98.908556"><time>2026-04-28T00:37:03.641Z</time></trkpt>
      <trkpt lat="26.557097" lon="98.908556"><time>2026-04-28T00:37:03.658Z</time></trkpt>
      <trkpt lat="26.557097" lon="98.908556"><time>2026-04-28T00:37:03.675Z</time></trkpt>
      <trkpt lat="26.557097" lon="98.908556"><time>2026-04-28T00:37:03.691Z</time></trkpt>
      <trkpt lat="26.557097" lon="98.908556"><time>2026-04-28T00:37:03.708Z</time></trkpt>
      <trkpt lat="26.557097" lon="98.908556"><time>2026-04-28T00:37:03.725Z</time></trkpt>
      <trkpt lat="26.5571" lon="98.908541"><time>2026-04-28T00:37:03.741Z</time></trkpt>
      <trkpt lat="26.5571" lon="98.908541"><time>2026-04-28T00:37:03.758Z</time></trkpt>
      <trkpt lat="26.5571" lon="98.908541"><time>2026-04-28T00:37:03.775Z</time></trkpt>
      <trkpt lat="26.5571" lon="98.908541"><time>2026-04-28T00:37:03.791Z</time></trkpt>
      <trkpt lat="26.5571" lon="98.908541"><time>2026-04-28T00:37:03.808Z</time></trkpt>
      <trkpt lat="26.5571" lon="98.908541"><time>2026-04-28T00:37:03.825Z</time></trkpt>
      <trkpt lat="26.557103" lon="98.908526"><time>2026-04-28T00:37:03.841Z</time></trkpt>
      <trkpt lat="26.557103" lon="98.908526"><time>2026-04-28T00:37:03.858Z</time></trkpt>
      <trkpt lat="26.557103" lon="98.908526"><time>2026-04-28T00:37:03.875Z</time></trkpt>
      <trkpt lat="26.557103" lon="98.908526"><time>2026-04-28T00:37:03.891Z</time></trkpt>
      <trkpt lat="26.557103" lon="98.908526"><time>2026-04-28T00:37:03.908Z</time></trkpt>
      <trkpt lat="26.557103" lon="98.908526"><time>2026-04-28T00:37:03.925Z</time></trkpt>
      <trkpt lat="26.557107" lon="98.908511"><time>2026-04-28T00:37:03.941Z</time></trkpt>
      <trkpt lat="26.557107" lon="98.908511"><time>2026-04-28T00:37:03.958Z</time></trkpt>
      <trkpt lat="26.557107" lon="98.908511"><time>2026-04-28T00:37:03.975Z</time></trkpt>
      <trkpt lat="26.557107" lon="98.908511"><time>2026-04-28T00:37:03.992Z</time></trkpt>
      <trkpt lat="26.557107" lon="98.908511"><time>2026-04-28T00:37:04.008Z</time></trkpt>
      <trkpt lat="26.557107" lon="98.908511"><time>2026-04-28T00:37:04.025Z</time></trkpt>
      <trkpt lat="26.55711" lon="98.908496"><time>2026-04-28T00:37:04.042Z</time></trkpt>
      <trkpt lat="26.55711" lon="98.908496"><time>2026-04-28T00:37:04.058Z</time></trkpt>
      <trkpt lat="26.55711" lon="98.908496"><time>2026-04-28T00:37:04.075Z</time></trkpt>
      <trkpt lat="26.55711" lon="98.908496"><time>2026-04-28T00:37:04.092Z</time></trkpt>
      <trkpt lat="26.55711" lon="98.908496"><time>2026-04-28T00:37:04.108Z</time></trkpt>
      <trkpt lat="26.55711" lon="98.908496"><time>2026-04-28T00:37:04.125Z</time></trkpt>
      <trkpt lat="26.557113" lon="98.908481"><time>2026-04-28T00:37:04.142Z</time></trkpt>
      <trkpt lat="26.557113" lon="98.908481"><time>2026-04-28T00:37:04.158Z</time></trkpt>
      <trkpt lat="26.557113" lon="98.908481"><time>2026-04-28T00:37:04.175Z</time></trkpt>
      <trkpt lat="26.557113" lon="98.908481"><time>2026-04-28T00:37:04.192Z</time></trkpt>
      <trkpt lat="26.557113" lon="98.908481"><time>2026-04-28T00:37:04.208Z</time></trkpt>
      <trkpt lat="26.557113" lon="98.908481"><time>2026-04-28T00:37:04.225Z</time></trkpt>
      <trkpt lat="26.557117" lon="98.908466"><time>2026-04-28T00:37:04.242Z</time></trkpt>
      <trkpt lat="26.557117" lon="98.908466"><time>2026-04-28T00:37:04.258Z</time></trkpt>
      <trkpt lat="26.557117" lon="98.908466"><time>2026-04-28T00:37:04.275Z</time></trkpt>
      <trkpt lat="26.557117" lon="98.908466"><time>2026-04-28T00:37:04.292Z</time></trkpt>
      <trkpt lat="26.557117" lon="98.908466"><time>2026-04-28T00:37:04.309Z</time></trkpt>
      <trkpt lat="26.557117" lon="98.908466"><time>2026-04-28T00:37:04.325Z</time></trkpt>
      <trkpt lat="26.55712" lon="98.908451"><time>2026-04-28T00:37:04.342Z</time></trkpt>
      <trkpt lat="26.55712" lon="98.908451"><time>2026-04-28T00:37:04.359Z</time></trkpt>
      <trkpt lat="26.55712" lon="98.908451"><time>2026-04-28T00:37:04.375Z</time></trkpt>
      <trkpt lat="26.55712" lon="98.908451"><time>2026-04-28T00:37:04.392Z</time></trkpt>
      <trkpt lat="26.55712" lon="98.908451"><time>2026-04-28T00:37:04.409Z</time></trkpt>
      <trkpt lat="26.55712" lon="98.908451"><time>2026-04-28T00:37:04.425Z</time></trkpt>
      <trkpt lat="26.557123" lon="98.908435"><time>2026-04-28T00:37:04.442Z</time></trkpt>
      <trkpt lat="26.557123" lon="98.908435"><time>2026-04-28T00:37:04.459Z</time></trkpt>
      <trkpt lat="26.557123" lon="98.908435"><time>2026-04-28T00:37:04.475Z</time></trkpt>
      <trkpt lat="26.557123" lon="98.908435"><time>2026-04-28T00:37:04.492Z</time></trkpt>
      <trkpt lat="26.557123" lon="98.908435"><time>2026-04-28T00:37:04.509Z</time></trkpt>
      <trkpt lat="26.557123" lon="98.908435"><time>2026-04-28T00:37:04.525Z</time></trkpt>
      <trkpt lat="26.557127" lon="98.90842"><time>2026-04-28T00:37:04.542Z</time></trkpt>
      <trkpt lat="26.557127" lon="98.90842"><time>2026-04-28T00:37:04.559Z</time></trkpt>
      <trkpt lat="26.557127" lon="98.90842"><time>2026-04-28T00:37:04.575Z</time></trkpt>
      <trkpt lat="26.557127" lon="98.90842"><time>2026-04-28T00:37:04.592Z</time></trkpt>
      <trkpt lat="26.557127" lon="98.90842"><time>2026-04-28T00:37:04.609Z</time></trkpt>
      <trkpt lat="26.557127" lon="98.90842"><time>2026-04-28T00:37:04.626Z</time></trkpt>
      <trkpt lat="26.55713" lon="98.908405"><time>2026-04-28T00:37:04.642Z</time></trkpt>
      <trkpt lat="26.55713" lon="98.908405"><time>2026-04-28T00:37:04.659Z</time></trkpt>
      <trkpt lat="26.55713" lon="98.908405"><time>2026-04-28T00:37:04.676Z</time></trkpt>
      <trkpt lat="26.55713" lon="98.908405"><time>2026-04-28T00:37:04.692Z</time></trkpt>
      <trkpt lat="26.55713" lon="98.908405"><time>2026-04-28T00:37:04.709Z</time></trkpt>
      <trkpt lat="26.55713" lon="98.908405"><time>2026-04-28T00:37:04.726Z</time></trkpt>
      <trkpt lat="26.557134" lon="98.908389"><time>2026-04-28T00:37:04.742Z</time></trkpt>
      <trkpt lat="26.557134" lon="98.908389"><time>2026-04-28T00:37:04.759Z</time></trkpt>
      <trkpt lat="26.557134" lon="98.908389"><time>2026-04-28T00:37:04.776Z</time></trkpt>
      <trkpt lat="26.557134" lon="98.908389"><time>2026-04-28T00:37:04.792Z</time></trkpt>
      <trkpt lat="26.557134" lon="98.908389"><time>2026-04-28T00:37:04.809Z</time></trkpt>
      <trkpt lat="26.557134" lon="98.908389"><time>2026-04-28T00:37:04.826Z</time></trkpt>
      <trkpt lat="26.557137" lon="98.908374"><time>2026-04-28T00:37:04.842Z</time></trkpt>
      <trkpt lat="26.557137" lon="98.908374"><time>2026-04-28T00:37:04.859Z</time></trkpt>
      <trkpt lat="26.557137" lon="98.908374"><time>2026-04-28T00:37:04.876Z</time></trkpt>
      <trkpt lat="26.557137" lon="98.908374"><time>2026-04-28T00:37:04.892Z</time></trkpt>
      <trkpt lat="26.557137" lon="98.908374"><time>2026-04-28T00:37:04.909Z</time></trkpt>
      <trkpt lat="26.557137" lon="98.908374"><time>2026-04-28T00:37:04.926Z</time></trkpt>
      <trkpt lat="26.55714" lon="98.908358"><time>2026-04-28T00:37:04.943Z</time></trkpt>
      <trkpt lat="26.55714" lon="98.908358"><time>2026-04-28T00:37:04.959Z</time></trkpt>
      <trkpt lat="26.55714" lon="98.908358"><time>2026-04-28T00:37:04.976Z</time></trkpt>
      <trkpt lat="26.55714" lon="98.908358"><time>2026-04-28T00:37:04.993Z</time></trkpt>
      <trkpt lat="26.55714" lon="98.908358"><time>2026-04-28T00:37:05.009Z</time></trkpt>
      <trkpt lat="26.55714" lon="98.908358"><time>2026-04-28T00:37:05.026Z</time></trkpt>
      <trkpt lat="26.557144" lon="98.908343"><time>2026-04-28T00:37:05.043Z</time></trkpt>
      <trkpt lat="26.557144" lon="98.908343"><time>2026-04-28T00:37:05.059Z</time></trkpt>
      <trkpt lat="26.557144" lon="98.908343"><time>2026-04-28T00:37:05.076Z</time></trkpt>
      <trkpt lat="26.557144" lon="98.908343"><time>2026-04-28T00:37:05.093Z</time></trkpt>
      <trkpt lat="26.557144" lon="98.908343"><time>2026-04-28T00:37:05.109Z</time></trkpt>
      <trkpt lat="26.557144" lon="98.908343"><time>2026-04-28T00:37:05.126Z</time></trkpt>
      <trkpt lat="26.557147" lon="98.908327"><time>2026-04-28T00:37:05.143Z</time></trkpt>
      <trkpt lat="26.557147" lon="98.908327"><time>2026-04-28T00:37:05.159Z</time></trkpt>
      <trkpt lat="26.557147" lon="98.908327"><time>2026-04-28T00:37:05.176Z</time></trkpt>
      <trkpt lat="26.557147" lon="98.908327"><time>2026-04-28T00:37:05.193Z</time></trkpt>
      <trkpt lat="26.557147" lon="98.908327"><time>2026-04-28T00:37:05.209Z</time></trkpt>
      <trkpt lat="26.557147" lon="98.908327"><time>2026-04-28T00:37:05.226Z</time></trkpt>
      <trkpt lat="26.557151" lon="98.908312"><time>2026-04-28T00:37:05.243Z</time></trkpt>
      <trkpt lat="26.557151" lon="98.908312"><time>2026-04-28T00:37:05.260Z</time></trkpt>
      <trkpt lat="26.557151" lon="98.908312"><time>2026-04-28T00:37:05.276Z</time></trkpt>
      <trkpt lat="26.557151" lon="98.908312"><time>2026-04-28T00:37:05.293Z</time></trkpt>
      <trkpt lat="26.557151" lon="98.908312"><time>2026-04-28T00:37:05.310Z</time></trkpt>
      <trkpt lat="26.557151" lon="98.908312"><time>2026-04-28T00:37:05.326Z</time></trkpt>
      <trkpt lat="26.557154" lon="98.908296"><time>2026-04-28T00:37:05.343Z</time></trkpt>
      <trkpt lat="26.557154" lon="98.908296"><time>2026-04-28T00:37:05.360Z</time></trkpt>
      <trkpt lat="26.557154" lon="98.908296"><time>2026-04-28T00:37:05.376Z</time></trkpt>
      <trkpt lat="26.557154" lon="98.908296"><time>2026-04-28T00:37:05.393Z</time></trkpt>
      <trkpt lat="26.557154" lon="98.908296"><time>2026-04-28T00:37:05.410Z</time></trkpt>
      <trkpt lat="26.557154" lon="98.908296"><time>2026-04-28T00:37:05.426Z</time></trkpt>
      <trkpt lat="26.557158" lon="98.90828"><time>2026-04-28T00:37:05.443Z</time></trkpt>
      <trkpt lat="26.557158" lon="98.90828"><time>2026-04-28T00:37:05.460Z</time></trkpt>
      <trkpt lat="26.557158" lon="98.90828"><time>2026-04-28T00:37:05.476Z</time></trkpt>
      <trkpt lat="26.557158" lon="98.90828"><time>2026-04-28T00:37:05.493Z</time></trkpt>
      <trkpt lat="26.557158" lon="98.90828"><time>2026-04-28T00:37:05.510Z</time></trkpt>
      <trkpt lat="26.557158" lon="98.90828"><time>2026-04-28T00:37:05.526Z</time></trkpt>
      <trkpt lat="26.557161" lon="98.908264"><time>2026-04-28T00:37:05.543Z</time></trkpt>
      <trkpt lat="26.557161" lon="98.908264"><time>2026-04-28T00:37:05.560Z</time></trkpt>
      <trkpt lat="26.557161" lon="98.908264"><time>2026-04-28T00:37:05.577Z</time></trkpt>
      <trkpt lat="26.557161" lon="98.908264"><time>2026-04-28T00:37:05.593Z</time></trkpt>
      <trkpt lat="26.557161" lon="98.908264"><time>2026-04-28T00:37:05.610Z</time></trkpt>
      <trkpt lat="26.557161" lon="98.908264"><time>2026-04-28T00:37:05.627Z</time></trkpt>
      <trkpt lat="26.557164" lon="98.908249"><time>2026-04-28T00:37:05.643Z</time></trkpt>
      <trkpt lat="26.557164" lon="98.908249"><time>2026-04-28T00:37:05.660Z</time></trkpt>
      <trkpt lat="26.557164" lon="98.908249"><time>2026-04-28T00:37:05.677Z</time></trkpt>
      <trkpt lat="26.557164" lon="98.908249"><time>2026-04-28T00:37:05.693Z</time></trkpt>
      <trkpt lat="26.557164" lon="98.908249"><time>2026-04-28T00:37:05.710Z</time></trkpt>
      <trkpt lat="26.557164" lon="98.908249"><time>2026-04-28T00:37:05.727Z</time></trkpt>
      <trkpt lat="26.557168" lon="98.908232"><time>2026-04-28T00:37:05.743Z</time></trkpt>
      <trkpt lat="26.557168" lon="98.908232"><time>2026-04-28T00:37:05.760Z</time></trkpt>
      <trkpt lat="26.557168" lon="98.908232"><time>2026-04-28T00:37:05.777Z</time></trkpt>
      <trkpt lat="26.557168" lon="98.908232"><time>2026-04-28T00:37:05.793Z</time></trkpt>
      <trkpt lat="26.557168" lon="98.908232"><time>2026-04-28T00:37:05.810Z</time></trkpt>
      <trkpt lat="26.557168" lon="98.908232"><time>2026-04-28T00:37:05.827Z</time></trkpt>
      <trkpt lat="26.557171" lon="98.908216"><time>2026-04-28T00:37:05.843Z</time></trkpt>
      <trkpt lat="26.557171" lon="98.908216"><time>2026-04-28T00:37:05.860Z</time></trkpt>
      <trkpt lat="26.557171" lon="98.908216"><time>2026-04-28T00:37:05.877Z</time></trkpt>
      <trkpt lat="26.557171" lon="98.908216"><time>2026-04-28T00:37:05.894Z</time></trkpt>
      <trkpt lat="26.557171" lon="98.908216"><time>2026-04-28T00:37:05.910Z</time></trkpt>
      <trkpt lat="26.557171" lon="98.908216"><time>2026-04-28T00:37:05.927Z</time></trkpt>
      <trkpt lat="26.557175" lon="98.9082"><time>2026-04-28T00:37:05.944Z</time></trkpt>
      <trkpt lat="26.557175" lon="98.9082"><time>2026-04-28T00:37:05.960Z</time></trkpt>
      <trkpt lat="26.557175" lon="98.9082"><time>2026-04-28T00:37:05.977Z</time></trkpt>
      <trkpt lat="26.557175" lon="98.9082"><time>2026-04-28T00:37:05.994Z</time></trkpt>
      <trkpt lat="26.557175" lon="98.9082"><time>2026-04-28T00:37:06.010Z</time></trkpt>
      <trkpt lat="26.557175" lon="98.9082"><time>2026-04-28T00:37:06.027Z</time></trkpt>
      <trkpt lat="26.557178" lon="98.908184"><time>2026-04-28T00:37:06.044Z</time></trkpt>
      <trkpt lat="26.557178" lon="98.908184"><time>2026-04-28T00:37:06.060Z</time></trkpt>
      <trkpt lat="26.557178" lon="98.908184"><time>2026-04-28T00:37:06.077Z</time></trkpt>
      <trkpt lat="26.557178" lon="98.908184"><time>2026-04-28T00:37:06.094Z</time></trkpt>
      <trkpt lat="26.557178" lon="98.908184"><time>2026-04-28T00:37:06.110Z</time></trkpt>
      <trkpt lat="26.557178" lon="98.908184"><time>2026-04-28T00:37:06.127Z</time></trkpt>
      <trkpt lat="26.557182" lon="98.908168"><time>2026-04-28T00:37:06.144Z</time></trkpt>
      <trkpt lat="26.557182" lon="98.908168"><time>2026-04-28T00:37:06.160Z</time></trkpt>
      <trkpt lat="26.557182" lon="98.908168"><time>2026-04-28T00:37:06.177Z</time></trkpt>
      <trkpt lat="26.557182" lon="98.908168"><time>2026-04-28T00:37:06.194Z</time></trkpt>
      <trkpt lat="26.557182" lon="98.908168"><time>2026-04-28T00:37:06.211Z</time></trkpt>
      <trkpt lat="26.557182" lon="98.908168"><time>2026-04-28T00:37:06.227Z</time></trkpt>
      <trkpt lat="26.557185" lon="98.908152"><time>2026-04-28T00:37:06.244Z</time></trkpt>
      <trkpt lat="26.557185" lon="98.908152"><time>2026-04-28T00:37:06.261Z</time></trkpt>
      <trkpt lat="26.557185" lon="98.908152"><time>2026-04-28T00:37:06.277Z</time></trkpt>
      <trkpt lat="26.557185" lon="98.908152"><time>2026-04-28T00:37:06.294Z</time></trkpt>
      <trkpt lat="26.557185" lon="98.908152"><time>2026-04-28T00:37:06.311Z</time></trkpt>
      <trkpt lat="26.557185" lon="98.908152"><time>2026-04-28T00:37:06.327Z</time></trkpt>
      <trkpt lat="26.557189" lon="98.908136"><time>2026-04-28T00:37:06.344Z</time></trkpt>
      <trkpt lat="26.557189" lon="98.908136"><time>2026-04-28T00:37:06.361Z</time></trkpt>
      <trkpt lat="26.557189" lon="98.908136"><time>2026-04-28T00:37:06.377Z</time></trkpt>
      <trkpt lat="26.557189" lon="98.908136"><time>2026-04-28T00:37:06.394Z</time></trkpt>
      <trkpt lat="26.557189" lon="98.908136"><time>2026-04-28T00:37:06.411Z</time></trkpt>
      <trkpt lat="26.557189" lon="98.908136"><time>2026-04-28T00:37:06.427Z</time></trkpt>
      <trkpt lat="26.557192" lon="98.908119"><time>2026-04-28T00:37:06.444Z</time></trkpt>
      <trkpt lat="26.557192" lon="98.908119"><time>2026-04-28T00:37:06.461Z</time></trkpt>
      <trkpt lat="26.557192" lon="98.908119"><time>2026-04-28T00:37:06.477Z</time></trkpt>
      <trkpt lat="26.557192" lon="98.908119"><time>2026-04-28T00:37:06.494Z</time></trkpt>
      <trkpt lat="26.557192" lon="98.908119"><time>2026-04-28T00:37:06.511Z</time></trkpt>
      <trkpt lat="26.557192" lon="98.908119"><time>2026-04-28T00:37:06.528Z</time></trkpt>
      <trkpt lat="26.557196" lon="98.908103"><time>2026-04-28T00:37:06.544Z</time></trkpt>
      <trkpt lat="26.557196" lon="98.908103"><time>2026-04-28T00:37:06.561Z</time></trkpt>
      <trkpt lat="26.557196" lon="98.908103"><time>2026-04-28T00:37:06.578Z</time></trkpt>
      <trkpt lat="26.557196" lon="98.908103"><time>2026-04-28T00:37:06.594Z</time></trkpt>
      <trkpt lat="26.557196" lon="98.908103"><time>2026-04-28T00:37:06.611Z</time></trkpt>
      <trkpt lat="26.557196" lon="98.908103"><time>2026-04-28T00:37:06.628Z</time></trkpt>
      <trkpt lat="26.557199" lon="98.908087"><time>2026-04-28T00:37:06.644Z</time></trkpt>
      <trkpt lat="26.557199" lon="98.908087"><time>2026-04-28T00:37:06.661Z</time></trkpt>
      <trkpt lat="26.557199" lon="98.908087"><time>2026-04-28T00:37:06.678Z</time></trkpt>
      <trkpt lat="26.557199" lon="98.908087"><time>2026-04-28T00:37:06.694Z</time></trkpt>
      <trkpt lat="26.557199" lon="98.908087"><time>2026-04-28T00:37:06.711Z</time></trkpt>
      <trkpt lat="26.557199" lon="98.908087"><time>2026-04-28T00:37:06.728Z</time></trkpt>
      <trkpt lat="26.557203" lon="98.90807"><time>2026-04-28T00:37:06.744Z</time></trkpt>
      <trkpt lat="26.557203" lon="98.90807"><time>2026-04-28T00:37:06.761Z</time></trkpt>
      <trkpt lat="26.557203" lon="98.90807"><time>2026-04-28T00:37:06.778Z</time></trkpt>
      <trkpt lat="26.557203" lon="98.90807"><time>2026-04-28T00:37:06.794Z</time></trkpt>
      <trkpt lat="26.557203" lon="98.90807"><time>2026-04-28T00:37:06.811Z</time></trkpt>
      <trkpt lat="26.557203" lon="98.90807"><time>2026-04-28T00:37:06.828Z</time></trkpt>
      <trkpt lat="26.557206" lon="98.908054"><time>2026-04-28T00:37:06.845Z</time></trkpt>
      <trkpt lat="26.557206" lon="98.908054"><time>2026-04-28T00:37:06.861Z</time></trkpt>
      <trkpt lat="26.557206" lon="98.908054"><time>2026-04-28T00:37:06.878Z</time></trkpt>
      <trkpt lat="26.557206" lon="98.908054"><time>2026-04-28T00:37:06.895Z</time></trkpt>
      <trkpt lat="26.557206" lon="98.908054"><time>2026-04-28T00:37:06.911Z</time></trkpt>
      <trkpt lat="26.557206" lon="98.908054"><time>2026-04-28T00:37:06.928Z</time></trkpt>
      <trkpt lat="26.55721" lon="98.908037"><time>2026-04-28T00:37:06.945Z</time></trkpt>
      <trkpt lat="26.55721" lon="98.908037"><time>2026-04-28T00:37:06.961Z</time></trkpt>
      <trkpt lat="26.55721" lon="98.908037"><time>2026-04-28T00:37:06.978Z</time></trkpt>
      <trkpt lat="26.55721" lon="98.908037"><time>2026-04-28T00:37:06.995Z</time></trkpt>
      <trkpt lat="26.55721" lon="98.908037"><time>2026-04-28T00:37:07.011Z</time></trkpt>
      <trkpt lat="26.55721" lon="98.908037"><time>2026-04-28T00:37:07.028Z</time></trkpt>
      <trkpt lat="26.557213" lon="98.908021"><time>2026-04-28T00:37:07.045Z</time></trkpt>
      <trkpt lat="26.557213" lon="98.908021"><time>2026-04-28T00:37:07.061Z</time></trkpt>
      <trkpt lat="26.557213" lon="98.908021"><time>2026-04-28T00:37:07.078Z</time></trkpt>
      <trkpt lat="26.557213" lon="98.908021"><time>2026-04-28T00:37:07.095Z</time></trkpt>
      <trkpt lat="26.557213" lon="98.908021"><time>2026-04-28T00:37:07.111Z</time></trkpt>
      <trkpt lat="26.557213" lon="98.908021"><time>2026-04-28T00:37:07.128Z</time></trkpt>
      <trkpt lat="26.557217" lon="98.908004"><time>2026-04-28T00:37:07.145Z</time></trkpt>
      <trkpt lat="26.557217" lon="98.908004"><time>2026-04-28T00:37:07.162Z</time></trkpt>
      <trkpt lat="26.557217" lon="98.908004"><time>2026-04-28T00:37:07.178Z</time></trkpt>
      <trkpt lat="26.557217" lon="98.908004"><time>2026-04-28T00:37:07.195Z</time></trkpt>
      <trkpt lat="26.557217" lon="98.908004"><time>2026-04-28T00:37:07.212Z</time></trkpt>
      <trkpt lat="26.557217" lon="98.908004"><time>2026-04-28T00:37:07.228Z</time></trkpt>
      <trkpt lat="26.55722" lon="98.907987"><time>2026-04-28T00:37:07.245Z</time></trkpt>
      <trkpt lat="26.55722" lon="98.907987"><time>2026-04-28T00:37:07.262Z</time></trkpt>
      <trkpt lat="26.55722" lon="98.907987"><time>2026-04-28T00:37:07.278Z</time></trkpt>
      <trkpt lat="26.55722" lon="98.907987"><time>2026-04-28T00:37:07.295Z</time></trkpt>
      <trkpt lat="26.55722" lon="98.907987"><time>2026-04-28T00:37:07.312Z</time></trkpt>
      <trkpt lat="26.55722" lon="98.907987"><time>2026-04-28T00:37:07.328Z</time></trkpt>
      <trkpt lat="26.557224" lon="98.907971"><time>2026-04-28T00:37:07.345Z</time></trkpt>
      <trkpt lat="26.557224" lon="98.907971"><time>2026-04-28T00:37:07.362Z</time></trkpt>
      <trkpt lat="26.557224" lon="98.907971"><time>2026-04-28T00:37:07.378Z</time></trkpt>
      <trkpt lat="26.557224" lon="98.907971"><time>2026-04-28T00:37:07.395Z</time></trkpt>
      <trkpt lat="26.557224" lon="98.907971"><time>2026-04-28T00:37:07.412Z</time></trkpt>
      <trkpt lat="26.557224" lon="98.907971"><time>2026-04-28T00:37:07.428Z</time></trkpt>
      <trkpt lat="26.557228" lon="98.907954"><time>2026-04-28T00:37:07.445Z</time></trkpt>
      <trkpt lat="26.557228" lon="98.907954"><time>2026-04-28T00:37:07.462Z</time></trkpt>
      <trkpt lat="26.557228" lon="98.907954"><time>2026-04-28T00:37:07.479Z</time></trkpt>
      <trkpt lat="26.557228" lon="98.907954"><time>2026-04-28T00:37:07.495Z</time></trkpt>
      <trkpt lat="26.557228" lon="98.907954"><time>2026-04-28T00:37:07.512Z</time></trkpt>
      <trkpt lat="26.557228" lon="98.907954"><time>2026-04-28T00:37:07.529Z</time></trkpt>
      <trkpt lat="26.557231" lon="98.907937"><time>2026-04-28T00:37:07.545Z</time></trkpt>
      <trkpt lat="26.557231" lon="98.907937"><time>2026-04-28T00:37:07.562Z</time></trkpt>
      <trkpt lat="26.557231" lon="98.907937"><time>2026-04-28T00:37:07.579Z</time></trkpt>
      <trkpt lat="26.557231" lon="98.907937"><time>2026-04-28T00:37:07.595Z</time></trkpt>
      <trkpt lat="26.557231" lon="98.907937"><time>2026-04-28T00:37:07.612Z</time></trkpt>
      <trkpt lat="26.557231" lon="98.907937"><time>2026-04-28T00:37:07.629Z</time></trkpt>
      <trkpt lat="26.557235" lon="98.907921"><time>2026-04-28T00:37:07.645Z</time></trkpt>
      <trkpt lat="26.557235" lon="98.907921"><time>2026-04-28T00:37:07.662Z</time></trkpt>
      <trkpt lat="26.557235" lon="98.907921"><time>2026-04-28T00:37:07.679Z</time></trkpt>
      <trkpt lat="26.557235" lon="98.907921"><time>2026-04-28T00:37:07.695Z</time></trkpt>
      <trkpt lat="26.557235" lon="98.907921"><time>2026-04-28T00:37:07.712Z</time></trkpt>
      <trkpt lat="26.557235" lon="98.907921"><time>2026-04-28T00:37:07.729Z</time></trkpt>
      <trkpt lat="26.557239" lon="98.907904"><time>2026-04-28T00:37:07.745Z</time></trkpt>
      <trkpt lat="26.557239" lon="98.907904"><time>2026-04-28T00:37:07.762Z</time></trkpt>
      <trkpt lat="26.557239" lon="98.907904"><time>2026-04-28T00:37:07.779Z</time></trkpt>
      <trkpt lat="26.557239" lon="98.907904"><time>2026-04-28T00:37:07.796Z</time></trkpt>
      <trkpt lat="26.557239" lon="98.907904"><time>2026-04-28T00:37:07.812Z</time></trkpt>
      <trkpt lat="26.557239" lon="98.907904"><time>2026-04-28T00:37:07.829Z</time></trkpt>
      <trkpt lat="26.557242" lon="98.907887"><time>2026-04-28T00:37:07.846Z</time></trkpt>
      <trkpt lat="26.557242" lon="98.907887"><time>2026-04-28T00:37:07.862Z</time></trkpt>
      <trkpt lat="26.557242" lon="98.907887"><time>2026-04-28T00:37:07.879Z</time></trkpt>
      <trkpt lat="26.557242" lon="98.907887"><time>2026-04-28T00:37:07.896Z</time></trkpt>
      <trkpt lat="26.557242" lon="98.907887"><time>2026-04-28T00:37:07.912Z</time></trkpt>
      <trkpt lat="26.557246" lon="98.90787"><time>2026-04-28T00:37:07.929Z</time></trkpt>
      <trkpt lat="26.557246" lon="98.90787"><time>2026-04-28T00:37:07.946Z</time></trkpt>
      <trkpt lat="26.557246" lon="98.90787"><time>2026-04-28T00:37:07.962Z</time></trkpt>
      <trkpt lat="26.557246" lon="98.90787"><time>2026-04-28T00:37:07.979Z</time></trkpt>
      <trkpt lat="26.557246" lon="98.90787"><time>2026-04-28T00:37:07.996Z</time></trkpt>
      <trkpt lat="26.557246" lon="98.90787"><time>2026-04-28T00:37:08.012Z</time></trkpt>
      <trkpt lat="26.557246" lon="98.90787"><time>2026-04-28T00:37:08.029Z</time></trkpt>
      <trkpt lat="26.557249" lon="98.907853"><time>2026-04-28T00:37:08.046Z</time></trkpt>
      <trkpt lat="26.557249" lon="98.907853"><time>2026-04-28T00:37:08.062Z</time></trkpt>
      <trkpt lat="26.557249" lon="98.907853"><time>2026-04-28T00:37:08.079Z</time></trkpt>
      <trkpt lat="26.557249" lon="98.907853"><time>2026-04-28T00:37:08.096Z</time></trkpt>
      <trkpt lat="26.557249" lon="98.907853"><time>2026-04-28T00:37:08.113Z</time></trkpt>
      <trkpt lat="26.557253" lon="98.907836"><time>2026-04-28T00:37:08.129Z</time></trkpt>
      <trkpt lat="26.557253" lon="98.907836"><time>2026-04-28T00:37:08.146Z</time></trkpt>
      <trkpt lat="26.557253" lon="98.907836"><time>2026-04-28T00:37:08.163Z</time></trkpt>
      <trkpt lat="26.557253" lon="98.907836"><time>2026-04-28T00:37:08.179Z</time></trkpt>
      <trkpt lat="26.557253" lon="98.907836"><time>2026-04-28T00:37:08.196Z</time></trkpt>
      <trkpt lat="26.557253" lon="98.907836"><time>2026-04-28T00:37:08.213Z</time></trkpt>
      <trkpt lat="26.557257" lon="98.90782"><time>2026-04-28T00:37:08.229Z</time></trkpt>
      <trkpt lat="26.557257" lon="98.90782"><time>2026-04-28T00:37:08.246Z</time></trkpt>
      <trkpt lat="26.557257" lon="98.90782"><time>2026-04-28T00:37:08.263Z</time></trkpt>
      <trkpt lat="26.557257" lon="98.90782"><time>2026-04-28T00:37:08.279Z</time></trkpt>
      <trkpt lat="26.557257" lon="98.90782"><time>2026-04-28T00:37:08.296Z</time></trkpt>
      <trkpt lat="26.557257" lon="98.90782"><time>2026-04-28T00:37:08.313Z</time></trkpt>
      <trkpt lat="26.55726" lon="98.907803"><time>2026-04-28T00:37:08.329Z</time></trkpt>
      <trkpt lat="26.55726" lon="98.907803"><time>2026-04-28T00:37:08.346Z</time></trkpt>
      <trkpt lat="26.55726" lon="98.907803"><time>2026-04-28T00:37:08.363Z</time></trkpt>
      <trkpt lat="26.55726" lon="98.907803"><time>2026-04-28T00:37:08.379Z</time></trkpt>
      <trkpt lat="26.55726" lon="98.907803"><time>2026-04-28T00:37:08.396Z</time></trkpt>
      <trkpt lat="26.55726" lon="98.907803"><time>2026-04-28T00:37:08.413Z</time></trkpt>
      <trkpt lat="26.557264" lon="98.907786"><time>2026-04-28T00:37:08.430Z</time></trkpt>
      <trkpt lat="26.557264" lon="98.907786"><time>2026-04-28T00:37:08.446Z</time></trkpt>
      <trkpt lat="26.557264" lon="98.907786"><time>2026-04-28T00:37:08.463Z</time></trkpt>
      <trkpt lat="26.557264" lon="98.907786"><time>2026-04-28T00:37:08.480Z</time></trkpt>
      <trkpt lat="26.557264" lon="98.907786"><time>2026-04-28T00:37:08.496Z</time></trkpt>
      <trkpt lat="26.557264" lon="98.907786"><time>2026-04-28T00:37:08.513Z</time></trkpt>
      <trkpt lat="26.557267" lon="98.907769"><time>2026-04-28T00:37:08.530Z</time></trkpt>
      <trkpt lat="26.557267" lon="98.907769"><time>2026-04-28T00:37:08.546Z</time></trkpt>
      <trkpt lat="26.557267" lon="98.907769"><time>2026-04-28T00:37:08.563Z</time></trkpt>
      <trkpt lat="26.557267" lon="98.907769"><time>2026-04-28T00:37:08.580Z</time></trkpt>
      <trkpt lat="26.557267" lon="98.907769"><time>2026-04-28T00:37:08.596Z</time></trkpt>
      <trkpt lat="26.557267" lon="98.907769"><time>2026-04-28T00:37:08.613Z</time></trkpt>
      <trkpt lat="26.557271" lon="98.907752"><time>2026-04-28T00:37:08.630Z</time></trkpt>
      <trkpt lat="26.557271" lon="98.907752"><time>2026-04-28T00:37:08.646Z</time></trkpt>
      <trkpt lat="26.557271" lon="98.907752"><time>2026-04-28T00:37:08.663Z</time></trkpt>
      <trkpt lat="26.557271" lon="98.907752"><time>2026-04-28T00:37:08.680Z</time></trkpt>
      <trkpt lat="26.557271" lon="98.907752"><time>2026-04-28T00:37:08.696Z</time></trkpt>
      <trkpt lat="26.557271" lon="98.907752"><time>2026-04-28T00:37:08.713Z</time></trkpt>
      <trkpt lat="26.557275" lon="98.907735"><time>2026-04-28T00:37:08.730Z</time></trkpt>
      <trkpt lat="26.557275" lon="98.907735"><time>2026-04-28T00:37:08.747Z</time></trkpt>
      <trkpt lat="26.557275" lon="98.907735"><time>2026-04-28T00:37:08.763Z</time></trkpt>
      <trkpt lat="26.557275" lon="98.907735"><time>2026-04-28T00:37:08.780Z</time></trkpt>
      <trkpt lat="26.557275" lon="98.907735"><time>2026-04-28T00:37:08.797Z</time></trkpt>
      <trkpt lat="26.557275" lon="98.907735"><time>2026-04-28T00:37:08.813Z</time></trkpt>
      <trkpt lat="26.557278" lon="98.907719"><time>2026-04-28T00:37:08.830Z</time></trkpt>
      <trkpt lat="26.557278" lon="98.907719"><time>2026-04-28T00:37:08.847Z</time></trkpt>
      <trkpt lat="26.557278" lon="98.907719"><time>2026-04-28T00:37:08.863Z</time></trkpt>
      <trkpt lat="26.557278" lon="98.907719"><time>2026-04-28T00:37:08.880Z</time></trkpt>
      <trkpt lat="26.557278" lon="98.907719"><time>2026-04-28T00:37:08.897Z</time></trkpt>
      <trkpt lat="26.557278" lon="98.907719"><time>2026-04-28T00:37:08.913Z</time></trkpt>
      <trkpt lat="26.557282" lon="98.907701"><time>2026-04-28T00:37:08.930Z</time></trkpt>
      <trkpt lat="26.557282" lon="98.907701"><time>2026-04-28T00:37:08.947Z</time></trkpt>
      <trkpt lat="26.557282" lon="98.907701"><time>2026-04-28T00:37:08.963Z</time></trkpt>
      <trkpt lat="26.557282" lon="98.907701"><time>2026-04-28T00:37:08.980Z</time></trkpt>
      <trkpt lat="26.557282" lon="98.907701"><time>2026-04-28T00:37:08.997Z</time></trkpt>
      <trkpt lat="26.557282" lon="98.907701"><time>2026-04-28T00:37:09.013Z</time></trkpt>
      <trkpt lat="26.557285" lon="98.907685"><time>2026-04-28T00:37:09.030Z</time></trkpt>
      <trkpt lat="26.557285" lon="98.907685"><time>2026-04-28T00:37:09.047Z</time></trkpt>
      <trkpt lat="26.557285" lon="98.907685"><time>2026-04-28T00:37:09.064Z</time></trkpt>
      <trkpt lat="26.557285" lon="98.907685"><time>2026-04-28T00:37:09.080Z</time></trkpt>
      <trkpt lat="26.557285" lon="98.907685"><time>2026-04-28T00:37:09.097Z</time></trkpt>
      <trkpt lat="26.557285" lon="98.907685"><time>2026-04-28T00:37:09.114Z</time></trkpt>
      <trkpt lat="26.557289" lon="98.907667"><time>2026-04-28T00:37:09.130Z</time></trkpt>
      <trkpt lat="26.557289" lon="98.907667"><time>2026-04-28T00:37:09.147Z</time></trkpt>
      <trkpt lat="26.557289" lon="98.907667"><time>2026-04-28T00:37:09.164Z</time></trkpt>
      <trkpt lat="26.557289" lon="98.907667"><time>2026-04-28T00:37:09.180Z</time></trkpt>
      <trkpt lat="26.557289" lon="98.907667"><time>2026-04-28T00:37:09.197Z</time></trkpt>
      <trkpt lat="26.557289" lon="98.907667"><time>2026-04-28T00:37:09.214Z</time></trkpt>
      <trkpt lat="26.557293" lon="98.90765"><time>2026-04-28T00:37:09.230Z</time></trkpt>
      <trkpt lat="26.557293" lon="98.90765"><time>2026-04-28T00:37:09.247Z</time></trkpt>
      <trkpt lat="26.557293" lon="98.90765"><time>2026-04-28T00:37:09.264Z</time></trkpt>
      <trkpt lat="26.557293" lon="98.90765"><time>2026-04-28T00:37:09.280Z</time></trkpt>
      <trkpt lat="26.557293" lon="98.90765"><time>2026-04-28T00:37:09.297Z</time></trkpt>
      <trkpt lat="26.557293" lon="98.90765"><time>2026-04-28T00:37:09.314Z</time></trkpt>
      <trkpt lat="26.557296" lon="98.907632"><time>2026-04-28T00:37:09.330Z</time></trkpt>
      <trkpt lat="26.557296" lon="98.907632"><time>2026-04-28T00:37:09.347Z</time></trkpt>
      <trkpt lat="26.557296" lon="98.907632"><time>2026-04-28T00:37:09.364Z</time></trkpt>
      <trkpt lat="26.557296" lon="98.907632"><time>2026-04-28T00:37:09.381Z</time></trkpt>
      <trkpt lat="26.557296" lon="98.907632"><time>2026-04-28T00:37:09.397Z</time></trkpt>
      <trkpt lat="26.557296" lon="98.907632"><time>2026-04-28T00:37:09.414Z</time></trkpt>
      <trkpt lat="26.5573" lon="98.907616"><time>2026-04-28T00:37:09.431Z</time></trkpt>
      <trkpt lat="26.5573" lon="98.907616"><time>2026-04-28T00:37:09.447Z</time></trkpt>
      <trkpt lat="26.5573" lon="98.907616"><time>2026-04-28T00:37:09.464Z</time></trkpt>
      <trkpt lat="26.5573" lon="98.907616"><time>2026-04-28T00:37:09.481Z</time></trkpt>
      <trkpt lat="26.5573" lon="98.907616"><time>2026-04-28T00:37:09.497Z</time></trkpt>
      <trkpt lat="26.5573" lon="98.907616"><time>2026-04-28T00:37:09.514Z</time></trkpt>
      <trkpt lat="26.557303" lon="98.907599"><time>2026-04-28T00:37:09.531Z</time></trkpt>
      <trkpt lat="26.557303" lon="98.907599"><time>2026-04-28T00:37:09.547Z</time></trkpt>
      <trkpt lat="26.557303" lon="98.907599"><time>2026-04-28T00:37:09.564Z</time></trkpt>
      <trkpt lat="26.557303" lon="98.907599"><time>2026-04-28T00:37:09.581Z</time></trkpt>
      <trkpt lat="26.557303" lon="98.907599"><time>2026-04-28T00:37:09.597Z</time></trkpt>
      <trkpt lat="26.557303" lon="98.907599"><time>2026-04-28T00:37:09.614Z</time></trkpt>
      <trkpt lat="26.557307" lon="98.907582"><time>2026-04-28T00:37:09.631Z</time></trkpt>
      <trkpt lat="26.557307" lon="98.907582"><time>2026-04-28T00:37:09.647Z</time></trkpt>
      <trkpt lat="26.557307" lon="98.907582"><time>2026-04-28T00:37:09.664Z</time></trkpt>
      <trkpt lat="26.557307" lon="98.907582"><time>2026-04-28T00:37:09.681Z</time></trkpt>
      <trkpt lat="26.557307" lon="98.907582"><time>2026-04-28T00:37:09.698Z</time></trkpt>
      <trkpt lat="26.557307" lon="98.907582"><time>2026-04-28T00:37:09.714Z</time></trkpt>
      <trkpt lat="26.557311" lon="98.907565"><time>2026-04-28T00:37:09.731Z</time></trkpt>
      <trkpt lat="26.557311" lon="98.907565"><time>2026-04-28T00:37:09.748Z</time></trkpt>
      <trkpt lat="26.557311" lon="98.907565"><time>2026-04-28T00:37:09.764Z</time></trkpt>
      <trkpt lat="26.557311" lon="98.907565"><time>2026-04-28T00:37:09.781Z</time></trkpt>
      <trkpt lat="26.557311" lon="98.907565"><time>2026-04-28T00:37:09.798Z</time></trkpt>
      <trkpt lat="26.557311" lon="98.907565"><time>2026-04-28T00:37:09.814Z</time></trkpt>
      <trkpt lat="26.557314" lon="98.907548"><time>2026-04-28T00:37:09.831Z</time></trkpt>
      <trkpt lat="26.557314" lon="98.907548"><time>2026-04-28T00:37:09.848Z</time></trkpt>
      <trkpt lat="26.557314" lon="98.907548"><time>2026-04-28T00:37:09.864Z</time></trkpt>
      <trkpt lat="26.557314" lon="98.907548"><time>2026-04-28T00:37:09.881Z</time></trkpt>
      <trkpt lat="26.557314" lon="98.907548"><time>2026-04-28T00:37:09.898Z</time></trkpt>
      <trkpt lat="26.557314" lon="98.907548"><time>2026-04-28T00:37:09.914Z</time></trkpt>
      <trkpt lat="26.557318" lon="98.90753"><time>2026-04-28T00:37:09.931Z</time></trkpt>
      <trkpt lat="26.557318" lon="98.90753"><time>2026-04-28T00:37:09.948Z</time></trkpt>
      <trkpt lat="26.557318" lon="98.90753"><time>2026-04-28T00:37:09.964Z</time></trkpt>
      <trkpt lat="26.557318" lon="98.90753"><time>2026-04-28T00:37:09.981Z</time></trkpt>
      <trkpt lat="26.557318" lon="98.90753"><time>2026-04-28T00:37:09.998Z</time></trkpt>
      <trkpt lat="26.557318" lon="98.90753"><time>2026-04-28T00:37:10.014Z</time></trkpt>
      <trkpt lat="26.557322" lon="98.907513"><time>2026-04-28T00:37:10.031Z</time></trkpt>
      <trkpt lat="26.557322" lon="98.907513"><time>2026-04-28T00:37:10.048Z</time></trkpt>
      <trkpt lat="26.557322" lon="98.907513"><time>2026-04-28T00:37:10.065Z</time></trkpt>
      <trkpt lat="26.557322" lon="98.907513"><time>2026-04-28T00:37:10.081Z</time></trkpt>
      <trkpt lat="26.557322" lon="98.907513"><time>2026-04-28T00:37:10.098Z</time></trkpt>
      <trkpt lat="26.557322" lon="98.907513"><time>2026-04-28T00:37:10.115Z</time></trkpt>
      <trkpt lat="26.557325" lon="98.907496"><time>2026-04-28T00:37:10.131Z</time></trkpt>
      <trkpt lat="26.557325" lon="98.907496"><time>2026-04-28T00:37:10.148Z</time></trkpt>
      <trkpt lat="26.557325" lon="98.907496"><time>2026-04-28T00:37:10.165Z</time></trkpt>
      <trkpt lat="26.557325" lon="98.907496"><time>2026-04-28T00:37:10.181Z</time></trkpt>
      <trkpt lat="26.557325" lon="98.907496"><time>2026-04-28T00:37:10.198Z</time></trkpt>
      <trkpt lat="26.557325" lon="98.907496"><time>2026-04-28T00:37:10.215Z</time></trkpt>
      <trkpt lat="26.557329" lon="98.907479"><time>2026-04-28T00:37:10.231Z</time></trkpt>
      <trkpt lat="26.557329" lon="98.907479"><time>2026-04-28T00:37:10.248Z</time></trkpt>
      <trkpt lat="26.557329" lon="98.907479"><time>2026-04-28T00:37:10.265Z</time></trkpt>
      <trkpt lat="26.557329" lon="98.907479"><time>2026-04-28T00:37:10.281Z</time></trkpt>
      <trkpt lat="26.557329" lon="98.907479"><time>2026-04-28T00:37:10.298Z</time></trkpt>
      <trkpt lat="26.557329" lon="98.907479"><time>2026-04-28T00:37:10.315Z</time></trkpt>
      <trkpt lat="26.557333" lon="98.907461"><time>2026-04-28T00:37:10.331Z</time></trkpt>
      <trkpt lat="26.557333" lon="98.907461"><time>2026-04-28T00:37:10.348Z</time></trkpt>
      <trkpt lat="26.557333" lon="98.907461"><time>2026-04-28T00:37:10.365Z</time></trkpt>
      <trkpt lat="26.557333" lon="98.907461"><time>2026-04-28T00:37:10.382Z</time></trkpt>
      <trkpt lat="26.557333" lon="98.907461"><time>2026-04-28T00:37:10.398Z</time></trkpt>
      <trkpt lat="26.557333" lon="98.907461"><time>2026-04-28T00:37:10.415Z</time></trkpt>
      <trkpt lat="26.557337" lon="98.907444"><time>2026-04-28T00:37:10.432Z</time></trkpt>
      <trkpt lat="26.557337" lon="98.907444"><time>2026-04-28T00:37:10.448Z</time></trkpt>
      <trkpt lat="26.557337" lon="98.907444"><time>2026-04-28T00:37:10.465Z</time></trkpt>
      <trkpt lat="26.557337" lon="98.907444"><time>2026-04-28T00:37:10.482Z</time></trkpt>
      <trkpt lat="26.557337" lon="98.907444"><time>2026-04-28T00:37:10.498Z</time></trkpt>
      <trkpt lat="26.557337" lon="98.907444"><time>2026-04-28T00:37:10.515Z</time></trkpt>
      <trkpt lat="26.55734" lon="98.907427"><time>2026-04-28T00:37:10.532Z</time></trkpt>
      <trkpt lat="26.55734" lon="98.907427"><time>2026-04-28T00:37:10.548Z</time></trkpt>
      <trkpt lat="26.55734" lon="98.907427"><time>2026-04-28T00:37:10.565Z</time></trkpt>
      <trkpt lat="26.55734" lon="98.907427"><time>2026-04-28T00:37:10.582Z</time></trkpt>
      <trkpt lat="26.55734" lon="98.907427"><time>2026-04-28T00:37:10.598Z</time></trkpt>
      <trkpt lat="26.55734" lon="98.907427"><time>2026-04-28T00:37:10.615Z</time></trkpt>
      <trkpt lat="26.557344" lon="98.90741"><time>2026-04-28T00:37:10.632Z</time></trkpt>
      <trkpt lat="26.557344" lon="98.90741"><time>2026-04-28T00:37:10.648Z</time></trkpt>
      <trkpt lat="26.557344" lon="98.90741"><time>2026-04-28T00:37:10.665Z</time></trkpt>
      <trkpt lat="26.557344" lon="98.90741"><time>2026-04-28T00:37:10.682Z</time></trkpt>
      <trkpt lat="26.557344" lon="98.90741"><time>2026-04-28T00:37:10.699Z</time></trkpt>
      <trkpt lat="26.557344" lon="98.90741"><time>2026-04-28T00:37:10.715Z</time></trkpt>
      <trkpt lat="26.557348" lon="98.907392"><time>2026-04-28T00:37:10.732Z</time></trkpt>
      <trkpt lat="26.557348" lon="98.907392"><time>2026-04-28T00:37:10.749Z</time></trkpt>
      <trkpt lat="26.557348" lon="98.907392"><time>2026-04-28T00:37:10.765Z</time></trkpt>
      <trkpt lat="26.557348" lon="98.907392"><time>2026-04-28T00:37:10.782Z</time></trkpt>
      <trkpt lat="26.557348" lon="98.907392"><time>2026-04-28T00:37:10.799Z</time></trkpt>
      <trkpt lat="26.557348" lon="98.907392"><time>2026-04-28T00:37:10.815Z</time></trkpt>
      <trkpt lat="26.557352" lon="98.907375"><time>2026-04-28T00:37:10.832Z</time></trkpt>
      <trkpt lat="26.557352" lon="98.907375"><time>2026-04-28T00:37:10.849Z</time></trkpt>
      <trkpt lat="26.557352" lon="98.907375"><time>2026-04-28T00:37:10.865Z</time></trkpt>
      <trkpt lat="26.557352" lon="98.907375"><time>2026-04-28T00:37:10.882Z</time></trkpt>
      <trkpt lat="26.557352" lon="98.907375"><time>2026-04-28T00:37:10.899Z</time></trkpt>
      <trkpt lat="26.557352" lon="98.907375"><time>2026-04-28T00:37:10.915Z</time></trkpt>
      <trkpt lat="26.557355" lon="98.907359"><time>2026-04-28T00:37:10.932Z</time></trkpt>
      <trkpt lat="26.557355" lon="98.907359"><time>2026-04-28T00:37:10.949Z</time></trkpt>
      <trkpt lat="26.557355" lon="98.907359"><time>2026-04-28T00:37:10.965Z</time></trkpt>
      <trkpt lat="26.557355" lon="98.907359"><time>2026-04-28T00:37:10.982Z</time></trkpt>
      <trkpt lat="26.557355" lon="98.907359"><time>2026-04-28T00:37:10.999Z</time></trkpt>
      <trkpt lat="26.557355" lon="98.907359"><time>2026-04-28T00:37:11.016Z</time></trkpt>
      <trkpt lat="26.557359" lon="98.90734"><time>2026-04-28T00:37:11.032Z</time></trkpt>
      <trkpt lat="26.557359" lon="98.90734"><time>2026-04-28T00:37:11.049Z</time></trkpt>
      <trkpt lat="26.557359" lon="98.90734"><time>2026-04-28T00:37:11.066Z</time></trkpt>
      <trkpt lat="26.557359" lon="98.90734"><time>2026-04-28T00:37:11.082Z</time></trkpt>
      <trkpt lat="26.557359" lon="98.90734"><time>2026-04-28T00:37:11.099Z</time></trkpt>
      <trkpt lat="26.557359" lon="98.90734"><time>2026-04-28T00:37:11.116Z</time></trkpt>
      <trkpt lat="26.557363" lon="98.907323"><time>2026-04-28T00:37:11.132Z</time></trkpt>
      <trkpt lat="26.557363" lon="98.907323"><time>2026-04-28T00:37:11.149Z</time></trkpt>
      <trkpt lat="26.557363" lon="98.907323"><time>2026-04-28T00:37:11.166Z</time></trkpt>
      <trkpt lat="26.557363" lon="98.907323"><time>2026-04-28T00:37:11.182Z</time></trkpt>
      <trkpt lat="26.557363" lon="98.907323"><time>2026-04-28T00:37:11.199Z</time></trkpt>
      <trkpt lat="26.557363" lon="98.907323"><time>2026-04-28T00:37:11.216Z</time></trkpt>
      <trkpt lat="26.557366" lon="98.907306"><time>2026-04-28T00:37:11.232Z</time></trkpt>
      <trkpt lat="26.557366" lon="98.907306"><time>2026-04-28T00:37:11.249Z</time></trkpt>
      <trkpt lat="26.557366" lon="98.907306"><time>2026-04-28T00:37:11.266Z</time></trkpt>
      <trkpt lat="26.557366" lon="98.907306"><time>2026-04-28T00:37:11.282Z</time></trkpt>
      <trkpt lat="26.557366" lon="98.907306"><time>2026-04-28T00:37:11.299Z</time></trkpt>
      <trkpt lat="26.557366" lon="98.907306"><time>2026-04-28T00:37:11.316Z</time></trkpt>
      <trkpt lat="26.55737" lon="98.907288"><time>2026-04-28T00:37:11.333Z</time></trkpt>
      <trkpt lat="26.55737" lon="98.907288"><time>2026-04-28T00:37:11.349Z</time></trkpt>
      <trkpt lat="26.55737" lon="98.907288"><time>2026-04-28T00:37:11.366Z</time></trkpt>
      <trkpt lat="26.55737" lon="98.907288"><time>2026-04-28T00:37:11.383Z</time></trkpt>
      <trkpt lat="26.55737" lon="98.907288"><time>2026-04-28T00:37:11.399Z</time></trkpt>
      <trkpt lat="26.55737" lon="98.907288"><time>2026-04-28T00:37:11.416Z</time></trkpt>
      <trkpt lat="26.557374" lon="98.907271"><time>2026-04-28T00:37:11.433Z</time></trkpt>
      <trkpt lat="26.557374" lon="98.907271"><time>2026-04-28T00:37:11.449Z</time></trkpt>
      <trkpt lat="26.557374" lon="98.907271"><time>2026-04-28T00:37:11.466Z</time></trkpt>
      <trkpt lat="26.557374" lon="98.907271"><time>2026-04-28T00:37:11.483Z</time></trkpt>
      <trkpt lat="26.557374" lon="98.907271"><time>2026-04-28T00:37:11.499Z</time></trkpt>
      <trkpt lat="26.557374" lon="98.907271"><time>2026-04-28T00:37:11.516Z</time></trkpt>
      <trkpt lat="26.557378" lon="98.907253"><time>2026-04-28T00:37:11.533Z</time></trkpt>
      <trkpt lat="26.557378" lon="98.907253"><time>2026-04-28T00:37:11.549Z</time></trkpt>
      <trkpt lat="26.557378" lon="98.907253"><time>2026-04-28T00:37:11.566Z</time></trkpt>
      <trkpt lat="26.557378" lon="98.907253"><time>2026-04-28T00:37:11.583Z</time></trkpt>
      <trkpt lat="26.557378" lon="98.907253"><time>2026-04-28T00:37:11.599Z</time></trkpt>
      <trkpt lat="26.557378" lon="98.907253"><time>2026-04-28T00:37:11.616Z</time></trkpt>
      <trkpt lat="26.557381" lon="98.907236"><time>2026-04-28T00:37:11.633Z</time></trkpt>
      <trkpt lat="26.557381" lon="98.907236"><time>2026-04-28T00:37:11.650Z</time></trkpt>
      <trkpt lat="26.557381" lon="98.907236"><time>2026-04-28T00:37:11.666Z</time></trkpt>
      <trkpt lat="26.557381" lon="98.907236"><time>2026-04-28T00:37:11.683Z</time></trkpt>
      <trkpt lat="26.557381" lon="98.907236"><time>2026-04-28T00:37:11.700Z</time></trkpt>
      <trkpt lat="26.557381" lon="98.907236"><time>2026-04-28T00:37:11.716Z</time></trkpt>
      <trkpt lat="26.557385" lon="98.907219"><time>2026-04-28T00:37:11.733Z</time></trkpt>
      <trkpt lat="26.557385" lon="98.907219"><time>2026-04-28T00:37:11.750Z</time></trkpt>
      <trkpt lat="26.557385" lon="98.907219"><time>2026-04-28T00:37:11.766Z</time></trkpt>
      <trkpt lat="26.557385" lon="98.907219"><time>2026-04-28T00:37:11.783Z</time></trkpt>
      <trkpt lat="26.557385" lon="98.907219"><time>2026-04-28T00:37:11.800Z</time></trkpt>
      <trkpt lat="26.557385" lon="98.907219"><time>2026-04-28T00:37:11.816Z</time></trkpt>
      <trkpt lat="26.557389" lon="98.907201"><time>2026-04-28T00:37:11.833Z</time></trkpt>
      <trkpt lat="26.557389" lon="98.907201"><time>2026-04-28T00:37:11.850Z</time></trkpt>
      <trkpt lat="26.557389" lon="98.907201"><time>2026-04-28T00:37:11.866Z</time></trkpt>
      <trkpt lat="26.557389" lon="98.907201"><time>2026-04-28T00:37:11.883Z</time></trkpt>
      <trkpt lat="26.557389" lon="98.907201"><time>2026-04-28T00:37:11.900Z</time></trkpt>
      <trkpt lat="26.557389" lon="98.907201"><time>2026-04-28T00:37:11.916Z</time></trkpt>
      <trkpt lat="26.557393" lon="98.907184"><time>2026-04-28T00:37:11.933Z</time></trkpt>
      <trkpt lat="26.557393" lon="98.907184"><time>2026-04-28T00:37:11.950Z</time></trkpt>
      <trkpt lat="26.557393" lon="98.907184"><time>2026-04-28T00:37:11.967Z</time></trkpt>
      <trkpt lat="26.557393" lon="98.907184"><time>2026-04-28T00:37:11.983Z</time></trkpt>
      <trkpt lat="26.557393" lon="98.907184"><time>2026-04-28T00:37:12.000Z</time></trkpt>
      <trkpt lat="26.557393" lon="98.907184"><time>2026-04-28T00:37:12.017Z</time></trkpt>
      <trkpt lat="26.557396" lon="98.907166"><time>2026-04-28T00:37:12.033Z</time></trkpt>
      <trkpt lat="26.557396" lon="98.907166"><time>2026-04-28T00:37:12.050Z</time></trkpt>
      <trkpt lat="26.557396" lon="98.907166"><time>2026-04-28T00:37:12.067Z</time></trkpt>
      <trkpt lat="26.557396" lon="98.907166"><time>2026-04-28T00:37:12.083Z</time></trkpt>
      <trkpt lat="26.557396" lon="98.907166"><time>2026-04-28T00:37:12.100Z</time></trkpt>
      <trkpt lat="26.557396" lon="98.907166"><time>2026-04-28T00:37:12.117Z</time></trkpt>
      <trkpt lat="26.5574" lon="98.907149"><time>2026-04-28T00:37:12.133Z</time></trkpt>
      <trkpt lat="26.5574" lon="98.907149"><time>2026-04-28T00:37:12.150Z</time></trkpt>
      <trkpt lat="26.5574" lon="98.907149"><time>2026-04-28T00:37:12.167Z</time></trkpt>
      <trkpt lat="26.5574" lon="98.907149"><time>2026-04-28T00:37:12.183Z</time></trkpt>
      <trkpt lat="26.5574" lon="98.907149"><time>2026-04-28T00:37:12.200Z</time></trkpt>
      <trkpt lat="26.5574" lon="98.907149"><time>2026-04-28T00:37:12.217Z</time></trkpt>
      <trkpt lat="26.557404" lon="98.907131"><time>2026-04-28T00:37:12.233Z</time></trkpt>
      <trkpt lat="26.557404" lon="98.907131"><time>2026-04-28T00:37:12.250Z</time></trkpt>
      <trkpt lat="26.557404" lon="98.907131"><time>2026-04-28T00:37:12.267Z</time></trkpt>
      <trkpt lat="26.557404" lon="98.907131"><time>2026-04-28T00:37:12.284Z</time></trkpt>
      <trkpt lat="26.557404" lon="98.907131"><time>2026-04-28T00:37:12.300Z</time></trkpt>
      <trkpt lat="26.557404" lon="98.907131"><time>2026-04-28T00:37:12.317Z</time></trkpt>
      <trkpt lat="26.557408" lon="98.907114"><time>2026-04-28T00:37:12.334Z</time></trkpt>
      <trkpt lat="26.557408" lon="98.907114"><time>2026-04-28T00:37:12.350Z</time></trkpt>
      <trkpt lat="26.557408" lon="98.907114"><time>2026-04-28T00:37:12.367Z</time></trkpt>
      <trkpt lat="26.557408" lon="98.907114"><time>2026-04-28T00:37:12.384Z</time></trkpt>
      <trkpt lat="26.557408" lon="98.907114"><time>2026-04-28T00:37:12.400Z</time></trkpt>
      <trkpt lat="26.557408" lon="98.907114"><time>2026-04-28T00:37:12.417Z</time></trkpt>
      <trkpt lat="26.557412" lon="98.907096"><time>2026-04-28T00:37:12.434Z</time></trkpt>
      <trkpt lat="26.557412" lon="98.907096"><time>2026-04-28T00:37:12.450Z</time></trkpt>
      <trkpt lat="26.557412" lon="98.907096"><time>2026-04-28T00:37:12.467Z</time></trkpt>
      <trkpt lat="26.557412" lon="98.907096"><time>2026-04-28T00:37:12.484Z</time></trkpt>
      <trkpt lat="26.557412" lon="98.907096"><time>2026-04-28T00:37:12.500Z</time></trkpt>
      <trkpt lat="26.557412" lon="98.907096"><time>2026-04-28T00:37:12.517Z</time></trkpt>
      <trkpt lat="26.557416" lon="98.907079"><time>2026-04-28T00:37:12.534Z</time></trkpt>
      <trkpt lat="26.557416" lon="98.907079"><time>2026-04-28T00:37:12.550Z</time></trkpt>
      <trkpt lat="26.557416" lon="98.907079"><time>2026-04-28T00:37:12.567Z</time></trkpt>
      <trkpt lat="26.557416" lon="98.907079"><time>2026-04-28T00:37:12.584Z</time></trkpt>
      <trkpt lat="26.557416" lon="98.907079"><time>2026-04-28T00:37:12.601Z</time></trkpt>
      <trkpt lat="26.557416" lon="98.907079"><time>2026-04-28T00:37:12.617Z</time></trkpt>
      <trkpt lat="26.55742" lon="98.907061"><time>2026-04-28T00:37:12.634Z</time></trkpt>
      <trkpt lat="26.55742" lon="98.907061"><time>2026-04-28T00:37:12.651Z</time></trkpt>
      <trkpt lat="26.55742" lon="98.907061"><time>2026-04-28T00:37:12.667Z</time></trkpt>
      <trkpt lat="26.55742" lon="98.907061"><time>2026-04-28T00:37:12.684Z</time></trkpt>
      <trkpt lat="26.55742" lon="98.907061"><time>2026-04-28T00:37:12.701Z</time></trkpt>
      <trkpt lat="26.55742" lon="98.907061"><time>2026-04-28T00:37:12.717Z</time></trkpt>
      <trkpt lat="26.557424" lon="98.907044"><time>2026-04-28T00:37:12.734Z</time></trkpt>
      <trkpt lat="26.557424" lon="98.907044"><time>2026-04-28T00:37:12.751Z</time></trkpt>
      <trkpt lat="26.557424" lon="98.907044"><time>2026-04-28T00:37:12.767Z</time></trkpt>
      <trkpt lat="26.557424" lon="98.907044"><time>2026-04-28T00:37:12.784Z</time></trkpt>
      <trkpt lat="26.557424" lon="98.907044"><time>2026-04-28T00:37:12.801Z</time></trkpt>
      <trkpt lat="26.557424" lon="98.907044"><time>2026-04-28T00:37:12.817Z</time></trkpt>
      <trkpt lat="26.557427" lon="98.907026"><time>2026-04-28T00:37:12.834Z</time></trkpt>
      <trkpt lat="26.557427" lon="98.907026"><time>2026-04-28T00:37:12.851Z</time></trkpt>
      <trkpt lat="26.557427" lon="98.907026"><time>2026-04-28T00:37:12.867Z</time></trkpt>
      <trkpt lat="26.557427" lon="98.907026"><time>2026-04-28T00:37:12.884Z</time></trkpt>
      <trkpt lat="26.557427" lon="98.907026"><time>2026-04-28T00:37:12.901Z</time></trkpt>
      <trkpt lat="26.557427" lon="98.907026"><time>2026-04-28T00:37:12.918Z</time></trkpt>
      <trkpt lat="26.557431" lon="98.907009"><time>2026-04-28T00:37:12.934Z</time></trkpt>
      <trkpt lat="26.557431" lon="98.907009"><time>2026-04-28T00:37:12.951Z</time></trkpt>
      <trkpt lat="26.557431" lon="98.907009"><time>2026-04-28T00:37:12.968Z</time></trkpt>
      <trkpt lat="26.557431" lon="98.907009"><time>2026-04-28T00:37:12.984Z</time></trkpt>
      <trkpt lat="26.557431" lon="98.907009"><time>2026-04-28T00:37:13.001Z</time></trkpt>
      <trkpt lat="26.557431" lon="98.907009"><time>2026-04-28T00:37:13.018Z</time></trkpt>
      <trkpt lat="26.557435" lon="98.906991"><time>2026-04-28T00:37:13.034Z</time></trkpt>
      <trkpt lat="26.557435" lon="98.906991"><time>2026-04-28T00:37:13.051Z</time></trkpt>
      <trkpt lat="26.557435" lon="98.906991"><time>2026-04-28T00:37:13.068Z</time></trkpt>
      <trkpt lat="26.557435" lon="98.906991"><time>2026-04-28T00:37:13.084Z</time></trkpt>
      <trkpt lat="26.557435" lon="98.906991"><time>2026-04-28T00:37:13.101Z</time></trkpt>
      <trkpt lat="26.557435" lon="98.906991"><time>2026-04-28T00:37:13.118Z</time></trkpt>
      <trkpt lat="26.557439" lon="98.906974"><time>2026-04-28T00:37:13.134Z</time></trkpt>
      <trkpt lat="26.557439" lon="98.906974"><time>2026-04-28T00:37:13.151Z</time></trkpt>
      <trkpt lat="26.557439" lon="98.906974"><time>2026-04-28T00:37:13.168Z</time></trkpt>
      <trkpt lat="26.557439" lon="98.906974"><time>2026-04-28T00:37:13.184Z</time></trkpt>
      <trkpt lat="26.557439" lon="98.906974"><time>2026-04-28T00:37:13.201Z</time></trkpt>
      <trkpt lat="26.557439" lon="98.906974"><time>2026-04-28T00:37:13.218Z</time></trkpt>
      <trkpt lat="26.557445" lon="98.906959"><time>2026-04-28T00:37:13.235Z</time></trkpt>
      <trkpt lat="26.557445" lon="98.906959"><time>2026-04-28T00:37:13.251Z</time></trkpt>
      <trkpt lat="26.557445" lon="98.906959"><time>2026-04-28T00:37:13.268Z</time></trkpt>
      <trkpt lat="26.557445" lon="98.906959"><time>2026-04-28T00:37:13.285Z</time></trkpt>
      <trkpt lat="26.557445" lon="98.906959"><time>2026-04-28T00:37:13.301Z</time></trkpt>
      <trkpt lat="26.557445" lon="98.906959"><time>2026-04-28T00:37:13.318Z</time></trkpt>
      <trkpt lat="26.557449" lon="98.906941"><time>2026-04-28T00:37:13.335Z</time></trkpt>
      <trkpt lat="26.557449" lon="98.906941"><time>2026-04-28T00:37:13.351Z</time></trkpt>
      <trkpt lat="26.557449" lon="98.906941"><time>2026-04-28T00:37:13.368Z</time></trkpt>
      <trkpt lat="26.557449" lon="98.906941"><time>2026-04-28T00:37:13.385Z</time></trkpt>
      <trkpt lat="26.557449" lon="98.906941"><time>2026-04-28T00:37:13.401Z</time></trkpt>
      <trkpt lat="26.557449" lon="98.906941"><time>2026-04-28T00:37:13.418Z</time></trkpt>
      <trkpt lat="26.557453" lon="98.906924"><time>2026-04-28T00:37:13.435Z</time></trkpt>
      <trkpt lat="26.557453" lon="98.906924"><time>2026-04-28T00:37:13.451Z</time></trkpt>
      <trkpt lat="26.557453" lon="98.906924"><time>2026-04-28T00:37:13.468Z</time></trkpt>
      <trkpt lat="26.557453" lon="98.906924"><time>2026-04-28T00:37:13.485Z</time></trkpt>
      <trkpt lat="26.557453" lon="98.906924"><time>2026-04-28T00:37:13.501Z</time></trkpt>
      <trkpt lat="26.557453" lon="98.906924"><time>2026-04-28T00:37:13.518Z</time></trkpt>
      <trkpt lat="26.557458" lon="98.906906"><time>2026-04-28T00:37:13.535Z</time></trkpt>
      <trkpt lat="26.557458" lon="98.906906"><time>2026-04-28T00:37:13.552Z</time></trkpt>
      <trkpt lat="26.557458" lon="98.906906"><time>2026-04-28T00:37:13.568Z</time></trkpt>
      <trkpt lat="26.557458" lon="98.906906"><time>2026-04-28T00:37:13.585Z</time></trkpt>
      <trkpt lat="26.557458" lon="98.906906"><time>2026-04-28T00:37:13.602Z</time></trkpt>
      <trkpt lat="26.557458" lon="98.906906"><time>2026-04-28T00:37:13.618Z</time></trkpt>
      <trkpt lat="26.557462" lon="98.906889"><time>2026-04-28T00:37:13.635Z</time></trkpt>
      <trkpt lat="26.557462" lon="98.906889"><time>2026-04-28T00:37:13.652Z</time></trkpt>
      <trkpt lat="26.557462" lon="98.906889"><time>2026-04-28T00:37:13.668Z</time></trkpt>
      <trkpt lat="26.557462" lon="98.906889"><time>2026-04-28T00:37:13.685Z</time></trkpt>
      <trkpt lat="26.557462" lon="98.906889"><time>2026-04-28T00:37:13.702Z</time></trkpt>
      <trkpt lat="26.557462" lon="98.906889"><time>2026-04-28T00:37:13.718Z</time></trkpt>
      <trkpt lat="26.557466" lon="98.906871"><time>2026-04-28T00:37:13.735Z</time></trkpt>
      <trkpt lat="26.557466" lon="98.906871"><time>2026-04-28T00:37:13.752Z</time></trkpt>
      <trkpt lat="26.557466" lon="98.906871"><time>2026-04-28T00:37:13.768Z</time></trkpt>
      <trkpt lat="26.557466" lon="98.906871"><time>2026-04-28T00:37:13.785Z</time></trkpt>
      <trkpt lat="26.557466" lon="98.906871"><time>2026-04-28T00:37:13.802Z</time></trkpt>
      <trkpt lat="26.557466" lon="98.906871"><time>2026-04-28T00:37:13.818Z</time></trkpt>
      <trkpt lat="26.55747" lon="98.906854"><time>2026-04-28T00:37:13.835Z</time></trkpt>
      <trkpt lat="26.55747" lon="98.906854"><time>2026-04-28T00:37:13.852Z</time></trkpt>
      <trkpt lat="26.55747" lon="98.906854"><time>2026-04-28T00:37:13.869Z</time></trkpt>
      <trkpt lat="26.55747" lon="98.906854"><time>2026-04-28T00:37:13.885Z</time></trkpt>
      <trkpt lat="26.55747" lon="98.906854"><time>2026-04-28T00:37:13.902Z</time></trkpt>
      <trkpt lat="26.55747" lon="98.906854"><time>2026-04-28T00:37:13.919Z</time></trkpt>
      <trkpt lat="26.557474" lon="98.906836"><time>2026-04-28T00:37:13.935Z</time></trkpt>
      <trkpt lat="26.557474" lon="98.906836"><time>2026-04-28T00:37:13.952Z</time></trkpt>
      <trkpt lat="26.557474" lon="98.906836"><time>2026-04-28T00:37:13.969Z</time></trkpt>
      <trkpt lat="26.557474" lon="98.906836"><time>2026-04-28T00:37:13.985Z</time></trkpt>
      <trkpt lat="26.557474" lon="98.906836"><time>2026-04-28T00:37:14.002Z</time></trkpt>
      <trkpt lat="26.557474" lon="98.906836"><time>2026-04-28T00:37:14.019Z</time></trkpt>
      <trkpt lat="26.557478" lon="98.906819"><time>2026-04-28T00:37:14.035Z</time></trkpt>
      <trkpt lat="26.557478" lon="98.906819"><time>2026-04-28T00:37:14.052Z</time></trkpt>
      <trkpt lat="26.557478" lon="98.906819"><time>2026-04-28T00:37:14.069Z</time></trkpt>
      <trkpt lat="26.557478" lon="98.906819"><time>2026-04-28T00:37:14.085Z</time></trkpt>
      <trkpt lat="26.557478" lon="98.906819"><time>2026-04-28T00:37:14.102Z</time></trkpt>
      <trkpt lat="26.557478" lon="98.906819"><time>2026-04-28T00:37:14.119Z</time></trkpt>
      <trkpt lat="26.557482" lon="98.906801"><time>2026-04-28T00:37:14.135Z</time></trkpt>
      <trkpt lat="26.557482" lon="98.906801"><time>2026-04-28T00:37:14.152Z</time></trkpt>
      <trkpt lat="26.557482" lon="98.906801"><time>2026-04-28T00:37:14.169Z</time></trkpt>
      <trkpt lat="26.557482" lon="98.906801"><time>2026-04-28T00:37:14.186Z</time></trkpt>
      <trkpt lat="26.557482" lon="98.906801"><time>2026-04-28T00:37:14.202Z</time></trkpt>
      <trkpt lat="26.557482" lon="98.906801"><time>2026-04-28T00:37:14.219Z</time></trkpt>
      <trkpt lat="26.557486" lon="98.906784"><time>2026-04-28T00:37:14.236Z</time></trkpt>
      <trkpt lat="26.557486" lon="98.906784"><time>2026-04-28T00:37:14.252Z</time></trkpt>
      <trkpt lat="26.557486" lon="98.906784"><time>2026-04-28T00:37:14.269Z</time></trkpt>
      <trkpt lat="26.557486" lon="98.906784"><time>2026-04-28T00:37:14.286Z</time></trkpt>
      <trkpt lat="26.557486" lon="98.906784"><time>2026-04-28T00:37:14.302Z</time></trkpt>
      <trkpt lat="26.557486" lon="98.906784"><time>2026-04-28T00:37:14.319Z</time></trkpt>
      <trkpt lat="26.55749" lon="98.906766"><time>2026-04-28T00:37:14.336Z</time></trkpt>
      <trkpt lat="26.55749" lon="98.906766"><time>2026-04-28T00:37:14.352Z</time></trkpt>
      <trkpt lat="26.55749" lon="98.906766"><time>2026-04-28T00:37:14.369Z</time></trkpt>
      <trkpt lat="26.55749" lon="98.906766"><time>2026-04-28T00:37:14.386Z</time></trkpt>
      <trkpt lat="26.55749" lon="98.906766"><time>2026-04-28T00:37:14.402Z</time></trkpt>
      <trkpt lat="26.55749" lon="98.906766"><time>2026-04-28T00:37:14.419Z</time></trkpt>
      <trkpt lat="26.557494" lon="98.906748"><time>2026-04-28T00:37:14.436Z</time></trkpt>
      <trkpt lat="26.557494" lon="98.906748"><time>2026-04-28T00:37:14.452Z</time></trkpt>
      <trkpt lat="26.557494" lon="98.906748"><time>2026-04-28T00:37:14.469Z</time></trkpt>
      <trkpt lat="26.557494" lon="98.906748"><time>2026-04-28T00:37:14.486Z</time></trkpt>
      <trkpt lat="26.557494" lon="98.906748"><time>2026-04-28T00:37:14.503Z</time></trkpt>
      <trkpt lat="26.557494" lon="98.906748"><time>2026-04-28T00:37:14.519Z</time></trkpt>
      <trkpt lat="26.557498" lon="98.906731"><time>2026-04-28T00:37:14.536Z</time></trkpt>
      <trkpt lat="26.557498" lon="98.906731"><time>2026-04-28T00:37:14.553Z</time></trkpt>
      <trkpt lat="26.557498" lon="98.906731"><time>2026-04-28T00:37:14.569Z</time></trkpt>
      <trkpt lat="26.557498" lon="98.906731"><time>2026-04-28T00:37:14.586Z</time></trkpt>
      <trkpt lat="26.557498" lon="98.906731"><time>2026-04-28T00:37:14.603Z</time></trkpt>
      <trkpt lat="26.557498" lon="98.906731"><time>2026-04-28T00:37:14.619Z</time></trkpt>
      <trkpt lat="26.557502" lon="98.906713"><time>2026-04-28T00:37:14.636Z</time></trkpt>
      <trkpt lat="26.557502" lon="98.906713"><time>2026-04-28T00:37:14.653Z</time></trkpt>
      <trkpt lat="26.557502" lon="98.906713"><time>2026-04-28T00:37:14.669Z</time></trkpt>
      <trkpt lat="26.557502" lon="98.906713"><time>2026-04-28T00:37:14.686Z</time></trkpt>
      <trkpt lat="26.557502" lon="98.906713"><time>2026-04-28T00:37:14.703Z</time></trkpt>
      <trkpt lat="26.557502" lon="98.906713"><time>2026-04-28T00:37:14.719Z</time></trkpt>
      <trkpt lat="26.557506" lon="98.906696"><time>2026-04-28T00:37:14.736Z</time></trkpt>
      <trkpt lat="26.557506" lon="98.906696"><time>2026-04-28T00:37:14.753Z</time></trkpt>
      <trkpt lat="26.557506" lon="98.906696"><time>2026-04-28T00:37:14.769Z</time></trkpt>
      <trkpt lat="26.557506" lon="98.906696"><time>2026-04-28T00:37:14.786Z</time></trkpt>
      <trkpt lat="26.557506" lon="98.906696"><time>2026-04-28T00:37:14.803Z</time></trkpt>
      <trkpt lat="26.557506" lon="98.906696"><time>2026-04-28T00:37:14.820Z</time></trkpt>
      <trkpt lat="26.55751" lon="98.906678"><time>2026-04-28T00:37:14.836Z</time></trkpt>
      <trkpt lat="26.55751" lon="98.906678"><time>2026-04-28T00:37:14.853Z</time></trkpt>
      <trkpt lat="26.55751" lon="98.906678"><time>2026-04-28T00:37:14.870Z</time></trkpt>
      <trkpt lat="26.55751" lon="98.906678"><time>2026-04-28T00:37:14.886Z</time></trkpt>
      <trkpt lat="26.55751" lon="98.906678"><time>2026-04-28T00:37:14.903Z</time></trkpt>
      <trkpt lat="26.55751" lon="98.906678"><time>2026-04-28T00:37:14.920Z</time></trkpt>
      <trkpt lat="26.557514" lon="98.906661"><time>2026-04-28T00:37:14.936Z</time></trkpt>
      <trkpt lat="26.557514" lon="98.906661"><time>2026-04-28T00:37:14.953Z</time></trkpt>
      <trkpt lat="26.557514" lon="98.906661"><time>2026-04-28T00:37:14.970Z</time></trkpt>
      <trkpt lat="26.557514" lon="98.906661"><time>2026-04-28T00:37:14.986Z</time></trkpt>
      <trkpt lat="26.557514" lon="98.906661"><time>2026-04-28T00:37:15.003Z</time></trkpt>
      <trkpt lat="26.557514" lon="98.906661"><time>2026-04-28T00:37:15.020Z</time></trkpt>
      <trkpt lat="26.557518" lon="98.906643"><time>2026-04-28T00:37:15.036Z</time></trkpt>
      <trkpt lat="26.557518" lon="98.906643"><time>2026-04-28T00:37:15.053Z</time></trkpt>
      <trkpt lat="26.557518" lon="98.906643"><time>2026-04-28T00:37:15.070Z</time></trkpt>
      <trkpt lat="26.557518" lon="98.906643"><time>2026-04-28T00:37:15.086Z</time></trkpt>
      <trkpt lat="26.557518" lon="98.906643"><time>2026-04-28T00:37:15.103Z</time></trkpt>
      <trkpt lat="26.557518" lon="98.906643"><time>2026-04-28T00:37:15.120Z</time></trkpt>
      <trkpt lat="26.557522" lon="98.906626"><time>2026-04-28T00:37:15.137Z</time></trkpt>
      <trkpt lat="26.557522" lon="98.906626"><time>2026-04-28T00:37:15.153Z</time></trkpt>
      <trkpt lat="26.557522" lon="98.906626"><time>2026-04-28T00:37:15.170Z</time></trkpt>
      <trkpt lat="26.557522" lon="98.906626"><time>2026-04-28T00:37:15.187Z</time></trkpt>
      <trkpt lat="26.557522" lon="98.906626"><time>2026-04-28T00:37:15.203Z</time></trkpt>
      <trkpt lat="26.557522" lon="98.906626"><time>2026-04-28T00:37:15.220Z</time></trkpt>
      <trkpt lat="26.557526" lon="98.906608"><time>2026-04-28T00:37:15.237Z</time></trkpt>
      <trkpt lat="26.557526" lon="98.906608"><time>2026-04-28T00:37:15.253Z</time></trkpt>
      <trkpt lat="26.557526" lon="98.906608"><time>2026-04-28T00:37:15.270Z</time></trkpt>
      <trkpt lat="26.557526" lon="98.906608"><time>2026-04-28T00:37:15.287Z</time></trkpt>
      <trkpt lat="26.557526" lon="98.906608"><time>2026-04-28T00:37:15.303Z</time></trkpt>
      <trkpt lat="26.557526" lon="98.906608"><time>2026-04-28T00:37:15.320Z</time></trkpt>
      <trkpt lat="26.55753" lon="98.906591"><time>2026-04-28T00:37:15.337Z</time></trkpt>
      <trkpt lat="26.55753" lon="98.906591"><time>2026-04-28T00:37:15.353Z</time></trkpt>
      <trkpt lat="26.55753" lon="98.906591"><time>2026-04-28T00:37:15.370Z</time></trkpt>
      <trkpt lat="26.55753" lon="98.906591"><time>2026-04-28T00:37:15.387Z</time></trkpt>
      <trkpt lat="26.55753" lon="98.906591"><time>2026-04-28T00:37:15.403Z</time></trkpt>
      <trkpt lat="26.55753" lon="98.906591"><time>2026-04-28T00:37:15.420Z</time></trkpt>
      <trkpt lat="26.557534" lon="98.906573"><time>2026-04-28T00:37:15.437Z</time></trkpt>
      <trkpt lat="26.557534" lon="98.906573"><time>2026-04-28T00:37:15.454Z</time></trkpt>
      <trkpt lat="26.557534" lon="98.906573"><time>2026-04-28T00:37:15.470Z</time></trkpt>
      <trkpt lat="26.557534" lon="98.906573"><time>2026-04-28T00:37:15.487Z</time></trkpt>
      <trkpt lat="26.557534" lon="98.906573"><time>2026-04-28T00:37:15.504Z</time></trkpt>
      <trkpt lat="26.557534" lon="98.906573"><time>2026-04-28T00:37:15.520Z</time></trkpt>
      <trkpt lat="26.557539" lon="98.906555"><time>2026-04-28T00:37:15.537Z</time></trkpt>
      <trkpt lat="26.557539" lon="98.906555"><time>2026-04-28T00:37:15.554Z</time></trkpt>
      <trkpt lat="26.557539" lon="98.906555"><time>2026-04-28T00:37:15.570Z</time></trkpt>
      <trkpt lat="26.557539" lon="98.906555"><time>2026-04-28T00:37:15.587Z</time></trkpt>
      <trkpt lat="26.557539" lon="98.906555"><time>2026-04-28T00:37:15.604Z</time></trkpt>
      <trkpt lat="26.557539" lon="98.906555"><time>2026-04-28T00:37:15.620Z</time></trkpt>
      <trkpt lat="26.557543" lon="98.906538"><time>2026-04-28T00:37:15.637Z</time></trkpt>
      <trkpt lat="26.557543" lon="98.906538"><time>2026-04-28T00:37:15.654Z</time></trkpt>
      <trkpt lat="26.557543" lon="98.906538"><time>2026-04-28T00:37:15.670Z</time></trkpt>
      <trkpt lat="26.557543" lon="98.906538"><time>2026-04-28T00:37:15.687Z</time></trkpt>
      <trkpt lat="26.557543" lon="98.906538"><time>2026-04-28T00:37:15.704Z</time></trkpt>
      <trkpt lat="26.557543" lon="98.906538"><time>2026-04-28T00:37:15.720Z</time></trkpt>
      <trkpt lat="26.557547" lon="98.90652"><time>2026-04-28T00:37:15.737Z</time></trkpt>
      <trkpt lat="26.557547" lon="98.90652"><time>2026-04-28T00:37:15.754Z</time></trkpt>
      <trkpt lat="26.557547" lon="98.90652"><time>2026-04-28T00:37:15.771Z</time></trkpt>
      <trkpt lat="26.557547" lon="98.90652"><time>2026-04-28T00:37:15.787Z</time></trkpt>
      <trkpt lat="26.557547" lon="98.90652"><time>2026-04-28T00:37:15.804Z</time></trkpt>
      <trkpt lat="26.557547" lon="98.90652"><time>2026-04-28T00:37:15.821Z</time></trkpt>
      <trkpt lat="26.557551" lon="98.906503"><time>2026-04-28T00:37:15.837Z</time></trkpt>
      <trkpt lat="26.557551" lon="98.906503"><time>2026-04-28T00:37:15.854Z</time></trkpt>
      <trkpt lat="26.557551" lon="98.906503"><time>2026-04-28T00:37:15.871Z</time></trkpt>
      <trkpt lat="26.557551" lon="98.906503"><time>2026-04-28T00:37:15.887Z</time></trkpt>
      <trkpt lat="26.557551" lon="98.906503"><time>2026-04-28T00:37:15.904Z</time></trkpt>
      <trkpt lat="26.557551" lon="98.906503"><time>2026-04-28T00:37:15.921Z</time></trkpt>
      <trkpt lat="26.557555" lon="98.906485"><time>2026-04-28T00:37:15.937Z</time></trkpt>
      <trkpt lat="26.557555" lon="98.906485"><time>2026-04-28T00:37:15.954Z</time></trkpt>
      <trkpt lat="26.557555" lon="98.906485"><time>2026-04-28T00:37:15.971Z</time></trkpt>
      <trkpt lat="26.557555" lon="98.906485"><time>2026-04-28T00:37:15.987Z</time></trkpt>
      <trkpt lat="26.557555" lon="98.906485"><time>2026-04-28T00:37:16.004Z</time></trkpt>
      <trkpt lat="26.557555" lon="98.906485"><time>2026-04-28T00:37:16.021Z</time></trkpt>
      <trkpt lat="26.557559" lon="98.906467"><time>2026-04-28T00:37:16.037Z</time></trkpt>
      <trkpt lat="26.557559" lon="98.906467"><time>2026-04-28T00:37:16.054Z</time></trkpt>
      <trkpt lat="26.557559" lon="98.906467"><time>2026-04-28T00:37:16.071Z</time></trkpt>
      <trkpt lat="26.557559" lon="98.906467"><time>2026-04-28T00:37:16.088Z</time></trkpt>
      <trkpt lat="26.557559" lon="98.906467"><time>2026-04-28T00:37:16.104Z</time></trkpt>
      <trkpt lat="26.557559" lon="98.906467"><time>2026-04-28T00:37:16.121Z</time></trkpt>
      <trkpt lat="26.557563" lon="98.90645"><time>2026-04-28T00:37:16.138Z</time></trkpt>
      <trkpt lat="26.557563" lon="98.90645"><time>2026-04-28T00:37:16.154Z</time></trkpt>
      <trkpt lat="26.557563" lon="98.90645"><time>2026-04-28T00:37:16.171Z</time></trkpt>
      <trkpt lat="26.557563" lon="98.90645"><time>2026-04-28T00:37:16.188Z</time></trkpt>
      <trkpt lat="26.557563" lon="98.90645"><time>2026-04-28T00:37:16.204Z</time></trkpt>
      <trkpt lat="26.557563" lon="98.90645"><time>2026-04-28T00:37:16.221Z</time></trkpt>
      <trkpt lat="26.557567" lon="98.906433"><time>2026-04-28T00:37:16.238Z</time></trkpt>
      <trkpt lat="26.557567" lon="98.906433"><time>2026-04-28T00:37:16.254Z</time></trkpt>
      <trkpt lat="26.557567" lon="98.906433"><time>2026-04-28T00:37:16.271Z</time></trkpt>
      <trkpt lat="26.557567" lon="98.906433"><time>2026-04-28T00:37:16.288Z</time></trkpt>
      <trkpt lat="26.557567" lon="98.906433"><time>2026-04-28T00:37:16.304Z</time></trkpt>
      <trkpt lat="26.557567" lon="98.906433"><time>2026-04-28T00:37:16.321Z</time></trkpt>
      <trkpt lat="26.557571" lon="98.906415"><time>2026-04-28T00:37:16.338Z</time></trkpt>
      <trkpt lat="26.557571" lon="98.906415"><time>2026-04-28T00:37:16.354Z</time></trkpt>
      <trkpt lat="26.557571" lon="98.906415"><time>2026-04-28T00:37:16.371Z</time></trkpt>
      <trkpt lat="26.557571" lon="98.906415"><time>2026-04-28T00:37:16.388Z</time></trkpt>
      <trkpt lat="26.557571" lon="98.906415"><time>2026-04-28T00:37:16.405Z</time></trkpt>
      <trkpt lat="26.557571" lon="98.906415"><time>2026-04-28T00:37:16.421Z</time></trkpt>
      <trkpt lat="26.557575" lon="98.906397"><time>2026-04-28T00:37:16.438Z</time></trkpt>
      <trkpt lat="26.557575" lon="98.906397"><time>2026-04-28T00:37:16.455Z</time></trkpt>
      <trkpt lat="26.557575" lon="98.906397"><time>2026-04-28T00:37:16.471Z</time></trkpt>
      <trkpt lat="26.557575" lon="98.906397"><time>2026-04-28T00:37:16.488Z</time></trkpt>
      <trkpt lat="26.557575" lon="98.906397"><time>2026-04-28T00:37:16.505Z</time></trkpt>
      <trkpt lat="26.557575" lon="98.906397"><time>2026-04-28T00:37:16.521Z</time></trkpt>
      <trkpt lat="26.557579" lon="98.906379"><time>2026-04-28T00:37:16.538Z</time></trkpt>
      <trkpt lat="26.557579" lon="98.906379"><time>2026-04-28T00:37:16.555Z</time></trkpt>
      <trkpt lat="26.557579" lon="98.906379"><time>2026-04-28T00:37:16.571Z</time></trkpt>
      <trkpt lat="26.557579" lon="98.906379"><time>2026-04-28T00:37:16.588Z</time></trkpt>
      <trkpt lat="26.557579" lon="98.906379"><time>2026-04-28T00:37:16.605Z</time></trkpt>
      <trkpt lat="26.557579" lon="98.906379"><time>2026-04-28T00:37:16.621Z</time></trkpt>
      <trkpt lat="26.557583" lon="98.906361"><time>2026-04-28T00:37:16.638Z</time></trkpt>
      <trkpt lat="26.557583" lon="98.906361"><time>2026-04-28T00:37:16.655Z</time></trkpt>
      <trkpt lat="26.557583" lon="98.906361"><time>2026-04-28T00:37:16.671Z</time></trkpt>
      <trkpt lat="26.557583" lon="98.906361"><time>2026-04-28T00:37:16.688Z</time></trkpt>
      <trkpt lat="26.557583" lon="98.906361"><time>2026-04-28T00:37:16.705Z</time></trkpt>
      <trkpt lat="26.557583" lon="98.906361"><time>2026-04-28T00:37:16.721Z</time></trkpt>
      <trkpt lat="26.557587" lon="98.906344"><time>2026-04-28T00:37:16.738Z</time></trkpt>
      <trkpt lat="26.557587" lon="98.906344"><time>2026-04-28T00:37:16.755Z</time></trkpt>
      <trkpt lat="26.557587" lon="98.906344"><time>2026-04-28T00:37:16.772Z</time></trkpt>
      <trkpt lat="26.557587" lon="98.906344"><time>2026-04-28T00:37:16.788Z</time></trkpt>
      <trkpt lat="26.557587" lon="98.906344"><time>2026-04-28T00:37:16.805Z</time></trkpt>
      <trkpt lat="26.557587" lon="98.906344"><time>2026-04-28T00:37:16.822Z</time></trkpt>
      <trkpt lat="26.557591" lon="98.906326"><time>2026-04-28T00:37:16.838Z</time></trkpt>
      <trkpt lat="26.557591" lon="98.906326"><time>2026-04-28T00:37:16.855Z</time></trkpt>
      <trkpt lat="26.557591" lon="98.906326"><time>2026-04-28T00:37:16.872Z</time></trkpt>
      <trkpt lat="26.557591" lon="98.906326"><time>2026-04-28T00:37:16.888Z</time></trkpt>
      <trkpt lat="26.557591" lon="98.906326"><time>2026-04-28T00:37:16.905Z</time></trkpt>
      <trkpt lat="26.557591" lon="98.906326"><time>2026-04-28T00:37:16.922Z</time></trkpt>
      <trkpt lat="26.557596" lon="98.906308"><time>2026-04-28T00:37:16.938Z</time></trkpt>
      <trkpt lat="26.557596" lon="98.906308"><time>2026-04-28T00:37:16.955Z</time></trkpt>
      <trkpt lat="26.557596" lon="98.906308"><time>2026-04-28T00:37:16.972Z</time></trkpt>
      <trkpt lat="26.557596" lon="98.906308"><time>2026-04-28T00:37:16.988Z</time></trkpt>
      <trkpt lat="26.557596" lon="98.906308"><time>2026-04-28T00:37:17.005Z</time></trkpt>
      <trkpt lat="26.557596" lon="98.906308"><time>2026-04-28T00:37:17.022Z</time></trkpt>
      <trkpt lat="26.5576" lon="98.906291"><time>2026-04-28T00:37:17.038Z</time></trkpt>
      <trkpt lat="26.5576" lon="98.906291"><time>2026-04-28T00:37:17.055Z</time></trkpt>
      <trkpt lat="26.5576" lon="98.906291"><time>2026-04-28T00:37:17.072Z</time></trkpt>
      <trkpt lat="26.5576" lon="98.906291"><time>2026-04-28T00:37:17.089Z</time></trkpt>
      <trkpt lat="26.5576" lon="98.906291"><time>2026-04-28T00:37:17.105Z</time></trkpt>
      <trkpt lat="26.5576" lon="98.906291"><time>2026-04-28T00:37:17.122Z</time></trkpt>
      <trkpt lat="26.557604" lon="98.906273"><time>2026-04-28T00:37:17.139Z</time></trkpt>
      <trkpt lat="26.557604" lon="98.906273"><time>2026-04-28T00:37:17.155Z</time></trkpt>
      <trkpt lat="26.557604" lon="98.906273"><time>2026-04-28T00:37:17.172Z</time></trkpt>
      <trkpt lat="26.557604" lon="98.906273"><time>2026-04-28T00:37:17.189Z</time></trkpt>
      <trkpt lat="26.557604" lon="98.906273"><time>2026-04-28T00:37:17.205Z</time></trkpt>
      <trkpt lat="26.557604" lon="98.906273"><time>2026-04-28T00:37:17.222Z</time></trkpt>
      <trkpt lat="26.557608" lon="98.906255"><time>2026-04-28T00:37:17.239Z</time></trkpt>
      <trkpt lat="26.557608" lon="98.906255"><time>2026-04-28T00:37:17.255Z</time></trkpt>
      <trkpt lat="26.557608" lon="98.906255"><time>2026-04-28T00:37:17.272Z</time></trkpt>
      <trkpt lat="26.557608" lon="98.906255"><time>2026-04-28T00:37:17.289Z</time></trkpt>
      <trkpt lat="26.557608" lon="98.906255"><time>2026-04-28T00:37:17.305Z</time></trkpt>
      <trkpt lat="26.557608" lon="98.906255"><time>2026-04-28T00:37:17.322Z</time></trkpt>
      <trkpt lat="26.557612" lon="98.906238"><time>2026-04-28T00:37:17.339Z</time></trkpt>
      <trkpt lat="26.557612" lon="98.906238"><time>2026-04-28T00:37:17.355Z</time></trkpt>
      <trkpt lat="26.557612" lon="98.906238"><time>2026-04-28T00:37:17.372Z</time></trkpt>
      <trkpt lat="26.557612" lon="98.906238"><time>2026-04-28T00:37:17.389Z</time></trkpt>
      <trkpt lat="26.557612" lon="98.906238"><time>2026-04-28T00:37:17.406Z</time></trkpt>
      <trkpt lat="26.557612" lon="98.906238"><time>2026-04-28T00:37:17.422Z</time></trkpt>
      <trkpt lat="26.557617" lon="98.906222"><time>2026-04-28T00:37:17.439Z</time></trkpt>
      <trkpt lat="26.557617" lon="98.906222"><time>2026-04-28T00:37:17.456Z</time></trkpt>
      <trkpt lat="26.557617" lon="98.906222"><time>2026-04-28T00:37:17.472Z</time></trkpt>
      <trkpt lat="26.557617" lon="98.906222"><time>2026-04-28T00:37:17.489Z</time></trkpt>
      <trkpt lat="26.557617" lon="98.906222"><time>2026-04-28T00:37:17.506Z</time></trkpt>
      <trkpt lat="26.557617" lon="98.906222"><time>2026-04-28T00:37:17.522Z</time></trkpt>
      <trkpt lat="26.557621" lon="98.906204"><time>2026-04-28T00:37:17.539Z</time></trkpt>
      <trkpt lat="26.557621" lon="98.906204"><time>2026-04-28T00:37:17.556Z</time></trkpt>
      <trkpt lat="26.557621" lon="98.906204"><time>2026-04-28T00:37:17.572Z</time></trkpt>
      <trkpt lat="26.557621" lon="98.906204"><time>2026-04-28T00:37:17.589Z</time></trkpt>
      <trkpt lat="26.557621" lon="98.906204"><time>2026-04-28T00:37:17.606Z</time></trkpt>
      <trkpt lat="26.557621" lon="98.906204"><time>2026-04-28T00:37:17.622Z</time></trkpt>
      <trkpt lat="26.557625" lon="98.906186"><time>2026-04-28T00:37:17.639Z</time></trkpt>
      <trkpt lat="26.557625" lon="98.906186"><time>2026-04-28T00:37:17.656Z</time></trkpt>
      <trkpt lat="26.557625" lon="98.906186"><time>2026-04-28T00:37:17.672Z</time></trkpt>
      <trkpt lat="26.557625" lon="98.906186"><time>2026-04-28T00:37:17.689Z</time></trkpt>
      <trkpt lat="26.557625" lon="98.906186"><time>2026-04-28T00:37:17.706Z</time></trkpt>
      <trkpt lat="26.557625" lon="98.906186"><time>2026-04-28T00:37:17.723Z</time></trkpt>
      <trkpt lat="26.55763" lon="98.906169"><time>2026-04-28T00:37:17.739Z</time></trkpt>
      <trkpt lat="26.55763" lon="98.906169"><time>2026-04-28T00:37:17.756Z</time></trkpt>
      <trkpt lat="26.55763" lon="98.906169"><time>2026-04-28T00:37:17.773Z</time></trkpt>
      <trkpt lat="26.55763" lon="98.906169"><time>2026-04-28T00:37:17.789Z</time></trkpt>
      <trkpt lat="26.55763" lon="98.906169"><time>2026-04-28T00:37:17.806Z</time></trkpt>
      <trkpt lat="26.55763" lon="98.906169"><time>2026-04-28T00:37:17.823Z</time></trkpt>
      <trkpt lat="26.557634" lon="98.906151"><time>2026-04-28T00:37:17.839Z</time></trkpt>
      <trkpt lat="26.557634" lon="98.906151"><time>2026-04-28T00:37:17.856Z</time></trkpt>
      <trkpt lat="26.557634" lon="98.906151"><time>2026-04-28T00:37:17.873Z</time></trkpt>
      <trkpt lat="26.557634" lon="98.906151"><time>2026-04-28T00:37:17.889Z</time></trkpt>
      <trkpt lat="26.557634" lon="98.906151"><time>2026-04-28T00:37:17.906Z</time></trkpt>
      <trkpt lat="26.557634" lon="98.906151"><time>2026-04-28T00:37:17.923Z</time></trkpt>
      <trkpt lat="26.557638" lon="98.906133"><time>2026-04-28T00:37:17.939Z</time></trkpt>
      <trkpt lat="26.557638" lon="98.906133"><time>2026-04-28T00:37:17.956Z</time></trkpt>
      <trkpt lat="26.557638" lon="98.906133"><time>2026-04-28T00:37:17.973Z</time></trkpt>
      <trkpt lat="26.557638" lon="98.906133"><time>2026-04-28T00:37:17.989Z</time></trkpt>
      <trkpt lat="26.557638" lon="98.906133"><time>2026-04-28T00:37:18.006Z</time></trkpt>
      <trkpt lat="26.557638" lon="98.906133"><time>2026-04-28T00:37:18.023Z</time></trkpt>
      <trkpt lat="26.557642" lon="98.906116"><time>2026-04-28T00:37:18.040Z</time></trkpt>
      <trkpt lat="26.557642" lon="98.906116"><time>2026-04-28T00:37:18.056Z</time></trkpt>
      <trkpt lat="26.557642" lon="98.906116"><time>2026-04-28T00:37:18.073Z</time></trkpt>
      <trkpt lat="26.557642" lon="98.906116"><time>2026-04-28T00:37:18.090Z</time></trkpt>
      <trkpt lat="26.557642" lon="98.906116"><time>2026-04-28T00:37:18.106Z</time></trkpt>
      <trkpt lat="26.557642" lon="98.906116"><time>2026-04-28T00:37:18.123Z</time></trkpt>
      <trkpt lat="26.557647" lon="98.906098"><time>2026-04-28T00:37:18.140Z</time></trkpt>
      <trkpt lat="26.557647" lon="98.906098"><time>2026-04-28T00:37:18.156Z</time></trkpt>
      <trkpt lat="26.557647" lon="98.906098"><time>2026-04-28T00:37:18.173Z</time></trkpt>
      <trkpt lat="26.557647" lon="98.906098"><time>2026-04-28T00:37:18.190Z</time></trkpt>
      <trkpt lat="26.557647" lon="98.906098"><time>2026-04-28T00:37:18.206Z</time></trkpt>
      <trkpt lat="26.557647" lon="98.906098"><time>2026-04-28T00:37:18.223Z</time></trkpt>
      <trkpt lat="26.557651" lon="98.90608"><time>2026-04-28T00:37:18.240Z</time></trkpt>
      <trkpt lat="26.557651" lon="98.90608"><time>2026-04-28T00:37:18.256Z</time></trkpt>
      <trkpt lat="26.557651" lon="98.90608"><time>2026-04-28T00:37:18.273Z</time></trkpt>
      <trkpt lat="26.557651" lon="98.90608"><time>2026-04-28T00:37:18.290Z</time></trkpt>
      <trkpt lat="26.557651" lon="98.90608"><time>2026-04-28T00:37:18.306Z</time></trkpt>
      <trkpt lat="26.557651" lon="98.90608"><time>2026-04-28T00:37:18.323Z</time></trkpt>
      <trkpt lat="26.557655" lon="98.906062"><time>2026-04-28T00:37:18.340Z</time></trkpt>
      <trkpt lat="26.557655" lon="98.906062"><time>2026-04-28T00:37:18.357Z</time></trkpt>
      <trkpt lat="26.557655" lon="98.906062"><time>2026-04-28T00:37:18.373Z</time></trkpt>
      <trkpt lat="26.557655" lon="98.906062"><time>2026-04-28T00:37:18.390Z</time></trkpt>
      <trkpt lat="26.557655" lon="98.906062"><time>2026-04-28T00:37:18.407Z</time></trkpt>
      <trkpt lat="26.557655" lon="98.906062"><time>2026-04-28T00:37:18.423Z</time></trkpt>
      <trkpt lat="26.557659" lon="98.906045"><time>2026-04-28T00:37:18.440Z</time></trkpt>
      <trkpt lat="26.557659" lon="98.906045"><time>2026-04-28T00:37:18.457Z</time></trkpt>
      <trkpt lat="26.557659" lon="98.906045"><time>2026-04-28T00:37:18.473Z</time></trkpt>
      <trkpt lat="26.557659" lon="98.906045"><time>2026-04-28T00:37:18.490Z</time></trkpt>
      <trkpt lat="26.557659" lon="98.906045"><time>2026-04-28T00:37:18.507Z</time></trkpt>
      <trkpt lat="26.557659" lon="98.906045"><time>2026-04-28T00:37:18.523Z</time></trkpt>
      <trkpt lat="26.557663" lon="98.906028"><time>2026-04-28T00:37:18.540Z</time></trkpt>
      <trkpt lat="26.557663" lon="98.906028"><time>2026-04-28T00:37:18.557Z</time></trkpt>
      <trkpt lat="26.557663" lon="98.906028"><time>2026-04-28T00:37:18.573Z</time></trkpt>
      <trkpt lat="26.557663" lon="98.906028"><time>2026-04-28T00:37:18.590Z</time></trkpt>
      <trkpt lat="26.557663" lon="98.906028"><time>2026-04-28T00:37:18.607Z</time></trkpt>
      <trkpt lat="26.557663" lon="98.906028"><time>2026-04-28T00:37:18.623Z</time></trkpt>
      <trkpt lat="26.557668" lon="98.906009"><time>2026-04-28T00:37:18.640Z</time></trkpt>
      <trkpt lat="26.557668" lon="98.906009"><time>2026-04-28T00:37:18.657Z</time></trkpt>
      <trkpt lat="26.557668" lon="98.906009"><time>2026-04-28T00:37:18.674Z</time></trkpt>
      <trkpt lat="26.557668" lon="98.906009"><time>2026-04-28T00:37:18.690Z</time></trkpt>
      <trkpt lat="26.557668" lon="98.906009"><time>2026-04-28T00:37:18.707Z</time></trkpt>
      <trkpt lat="26.557668" lon="98.906009"><time>2026-04-28T00:37:18.724Z</time></trkpt>
      <trkpt lat="26.557672" lon="98.905992"><time>2026-04-28T00:37:18.740Z</time></trkpt>
      <trkpt lat="26.557672" lon="98.905992"><time>2026-04-28T00:37:18.757Z</time></trkpt>
      <trkpt lat="26.557672" lon="98.905992"><time>2026-04-28T00:37:18.774Z</time></trkpt>
      <trkpt lat="26.557672" lon="98.905992"><time>2026-04-28T00:37:18.790Z</time></trkpt>
      <trkpt lat="26.557672" lon="98.905992"><time>2026-04-28T00:37:18.807Z</time></trkpt>
      <trkpt lat="26.557672" lon="98.905992"><time>2026-04-28T00:37:18.824Z</time></trkpt>
      <trkpt lat="26.557676" lon="98.905974"><time>2026-04-28T00:37:18.840Z</time></trkpt>
      <trkpt lat="26.557676" lon="98.905974"><time>2026-04-28T00:37:18.857Z</time></trkpt>
      <trkpt lat="26.557676" lon="98.905974"><time>2026-04-28T00:37:18.874Z</time></trkpt>
      <trkpt lat="26.557676" lon="98.905974"><time>2026-04-28T00:37:18.890Z</time></trkpt>
      <trkpt lat="26.557676" lon="98.905974"><time>2026-04-28T00:37:18.907Z</time></trkpt>
      <trkpt lat="26.557676" lon="98.905974"><time>2026-04-28T00:37:18.924Z</time></trkpt>
      <trkpt lat="26.557681" lon="98.905956"><time>2026-04-28T00:37:18.940Z</time></trkpt>
      <trkpt lat="26.557681" lon="98.905956"><time>2026-04-28T00:37:18.957Z</time></trkpt>
      <trkpt lat="26.557681" lon="98.905956"><time>2026-04-28T00:37:18.974Z</time></trkpt>
      <trkpt lat="26.557681" lon="98.905956"><time>2026-04-28T00:37:18.991Z</time></trkpt>
      <trkpt lat="26.557681" lon="98.905956"><time>2026-04-28T00:37:19.007Z</time></trkpt>
      <trkpt lat="26.557681" lon="98.905956"><time>2026-04-28T00:37:19.024Z</time></trkpt>
      <trkpt lat="26.557685" lon="98.905938"><time>2026-04-28T00:37:19.041Z</time></trkpt>
      <trkpt lat="26.557685" lon="98.905938"><time>2026-04-28T00:37:19.057Z</time></trkpt>
      <trkpt lat="26.557685" lon="98.905938"><time>2026-04-28T00:37:19.074Z</time></trkpt>
      <trkpt lat="26.557685" lon="98.905938"><time>2026-04-28T00:37:19.091Z</time></trkpt>
      <trkpt lat="26.557685" lon="98.905938"><time>2026-04-28T00:37:19.107Z</time></trkpt>
      <trkpt lat="26.557685" lon="98.905938"><time>2026-04-28T00:37:19.124Z</time></trkpt>
      <trkpt lat="26.557689" lon="98.905921"><time>2026-04-28T00:37:19.141Z</time></trkpt>
      <trkpt lat="26.557689" lon="98.905921"><time>2026-04-28T00:37:19.157Z</time></trkpt>
      <trkpt lat="26.557689" lon="98.905921"><time>2026-04-28T00:37:19.174Z</time></trkpt>
      <trkpt lat="26.557689" lon="98.905921"><time>2026-04-28T00:37:19.191Z</time></trkpt>
      <trkpt lat="26.557689" lon="98.905921"><time>2026-04-28T00:37:19.207Z</time></trkpt>
      <trkpt lat="26.557689" lon="98.905921"><time>2026-04-28T00:37:19.224Z</time></trkpt>
      <trkpt lat="26.557694" lon="98.905903"><time>2026-04-28T00:37:19.241Z</time></trkpt>
      <trkpt lat="26.557694" lon="98.905903"><time>2026-04-28T00:37:19.257Z</time></trkpt>
      <trkpt lat="26.557694" lon="98.905903"><time>2026-04-28T00:37:19.274Z</time></trkpt>
      <trkpt lat="26.557694" lon="98.905903"><time>2026-04-28T00:37:19.291Z</time></trkpt>
      <trkpt lat="26.557694" lon="98.905903"><time>2026-04-28T00:37:19.308Z</time></trkpt>
      <trkpt lat="26.557694" lon="98.905903"><time>2026-04-28T00:37:19.324Z</time></trkpt>
      <trkpt lat="26.557698" lon="98.905885"><time>2026-04-28T00:37:19.341Z</time></trkpt>
      <trkpt lat="26.557698" lon="98.905885"><time>2026-04-28T00:37:19.358Z</time></trkpt>
      <trkpt lat="26.557698" lon="98.905885"><time>2026-04-28T00:37:19.374Z</time></trkpt>
      <trkpt lat="26.557698" lon="98.905885"><time>2026-04-28T00:37:19.391Z</time></trkpt>
      <trkpt lat="26.557698" lon="98.905885"><time>2026-04-28T00:37:19.408Z</time></trkpt>
      <trkpt lat="26.557698" lon="98.905885"><time>2026-04-28T00:37:19.424Z</time></trkpt>
      <trkpt lat="26.557702" lon="98.905867"><time>2026-04-28T00:37:19.441Z</time></trkpt>
      <trkpt lat="26.557702" lon="98.905867"><time>2026-04-28T00:37:19.458Z</time></trkpt>
      <trkpt lat="26.557702" lon="98.905867"><time>2026-04-28T00:37:19.474Z</time></trkpt>
      <trkpt lat="26.557702" lon="98.905867"><time>2026-04-28T00:37:19.491Z</time></trkpt>
      <trkpt lat="26.557702" lon="98.905867"><time>2026-04-28T00:37:19.508Z</time></trkpt>
      <trkpt lat="26.557702" lon="98.905867"><time>2026-04-28T00:37:19.524Z</time></trkpt>
      <trkpt lat="26.557706" lon="98.90585"><time>2026-04-28T00:37:19.541Z</time></trkpt>
      <trkpt lat="26.557706" lon="98.90585"><time>2026-04-28T00:37:19.558Z</time></trkpt>
      <trkpt lat="26.557706" lon="98.90585"><time>2026-04-28T00:37:19.574Z</time></trkpt>
      <trkpt lat="26.557706" lon="98.90585"><time>2026-04-28T00:37:19.591Z</time></trkpt>
      <trkpt lat="26.557706" lon="98.90585"><time>2026-04-28T00:37:19.608Z</time></trkpt>
      <trkpt lat="26.557706" lon="98.90585"><time>2026-04-28T00:37:19.625Z</time></trkpt>
      <trkpt lat="26.55771" lon="98.905832"><time>2026-04-28T00:37:19.641Z</time></trkpt>
      <trkpt lat="26.55771" lon="98.905832"><time>2026-04-28T00:37:19.658Z</time></trkpt>
      <trkpt lat="26.55771" lon="98.905832"><time>2026-04-28T00:37:19.675Z</time></trkpt>
      <trkpt lat="26.55771" lon="98.905832"><time>2026-04-28T00:37:19.691Z</time></trkpt>
      <trkpt lat="26.55771" lon="98.905832"><time>2026-04-28T00:37:19.708Z</time></trkpt>
      <trkpt lat="26.55771" lon="98.905832"><time>2026-04-28T00:37:19.725Z</time></trkpt>
      <trkpt lat="26.557714" lon="98.905814"><time>2026-04-28T00:37:19.741Z</time></trkpt>
      <trkpt lat="26.557714" lon="98.905814"><time>2026-04-28T00:37:19.758Z</time></trkpt>
      <trkpt lat="26.557714" lon="98.905814"><time>2026-04-28T00:37:19.775Z</time></trkpt>
      <trkpt lat="26.557714" lon="98.905814"><time>2026-04-28T00:37:19.791Z</time></trkpt>
      <trkpt lat="26.557714" lon="98.905814"><time>2026-04-28T00:37:19.808Z</time></trkpt>
      <trkpt lat="26.557714" lon="98.905814"><time>2026-04-28T00:37:19.825Z</time></trkpt>
      <trkpt lat="26.557718" lon="98.905796"><time>2026-04-28T00:37:19.841Z</time></trkpt>
      <trkpt lat="26.557718" lon="98.905796"><time>2026-04-28T00:37:19.858Z</time></trkpt>
      <trkpt lat="26.557718" lon="98.905796"><time>2026-04-28T00:37:19.875Z</time></trkpt>
      <trkpt lat="26.557718" lon="98.905796"><time>2026-04-28T00:37:19.891Z</time></trkpt>
      <trkpt lat="26.557718" lon="98.905796"><time>2026-04-28T00:37:19.908Z</time></trkpt>
      <trkpt lat="26.557718" lon="98.905796"><time>2026-04-28T00:37:19.925Z</time></trkpt>
      <trkpt lat="26.557722" lon="98.905778"><time>2026-04-28T00:37:19.942Z</time></trkpt>
      <trkpt lat="26.557722" lon="98.905778"><time>2026-04-28T00:37:19.958Z</time></trkpt>
      <trkpt lat="26.557722" lon="98.905778"><time>2026-04-28T00:37:19.975Z</time></trkpt>
      <trkpt lat="26.557722" lon="98.905778"><time>2026-04-28T00:37:19.992Z</time></trkpt>
      <trkpt lat="26.557722" lon="98.905778"><time>2026-04-28T00:37:20.008Z</time></trkpt>
      <trkpt lat="26.557722" lon="98.905778"><time>2026-04-28T00:37:20.025Z</time></trkpt>
      <trkpt lat="26.557726" lon="98.905761"><time>2026-04-28T00:37:20.042Z</time></trkpt>
      <trkpt lat="26.557726" lon="98.905761"><time>2026-04-28T00:37:20.058Z</time></trkpt>
      <trkpt lat="26.557726" lon="98.905761"><time>2026-04-28T00:37:20.075Z</time></trkpt>
      <trkpt lat="26.557726" lon="98.905761"><time>2026-04-28T00:37:20.092Z</time></trkpt>
      <trkpt lat="26.557726" lon="98.905761"><time>2026-04-28T00:37:20.108Z</time></trkpt>
      <trkpt lat="26.557726" lon="98.905761"><time>2026-04-28T00:37:20.125Z</time></trkpt>
      <trkpt lat="26.55773" lon="98.905743"><time>2026-04-28T00:37:20.142Z</time></trkpt>
      <trkpt lat="26.55773" lon="98.905743"><time>2026-04-28T00:37:20.158Z</time></trkpt>
      <trkpt lat="26.55773" lon="98.905743"><time>2026-04-28T00:37:20.175Z</time></trkpt>
      <trkpt lat="26.55773" lon="98.905743"><time>2026-04-28T00:37:20.192Z</time></trkpt>
      <trkpt lat="26.55773" lon="98.905743"><time>2026-04-28T00:37:20.208Z</time></trkpt>
      <trkpt lat="26.55773" lon="98.905743"><time>2026-04-28T00:37:20.225Z</time></trkpt>
      <trkpt lat="26.557734" lon="98.905725"><time>2026-04-28T00:37:20.242Z</time></trkpt>
      <trkpt lat="26.557734" lon="98.905725"><time>2026-04-28T00:37:20.259Z</time></trkpt>
      <trkpt lat="26.557734" lon="98.905725"><time>2026-04-28T00:37:20.275Z</time></trkpt>
      <trkpt lat="26.557734" lon="98.905725"><time>2026-04-28T00:37:20.292Z</time></trkpt>
      <trkpt lat="26.557734" lon="98.905725"><time>2026-04-28T00:37:20.309Z</time></trkpt>
      <trkpt lat="26.557734" lon="98.905725"><time>2026-04-28T00:37:20.325Z</time></trkpt>
      <trkpt lat="26.557738" lon="98.905707"><time>2026-04-28T00:37:20.342Z</time></trkpt>
      <trkpt lat="26.557738" lon="98.905707"><time>2026-04-28T00:37:20.359Z</time></trkpt>
      <trkpt lat="26.557738" lon="98.905707"><time>2026-04-28T00:37:20.375Z</time></trkpt>
      <trkpt lat="26.557738" lon="98.905707"><time>2026-04-28T00:37:20.392Z</time></trkpt>
      <trkpt lat="26.557738" lon="98.905707"><time>2026-04-28T00:37:20.409Z</time></trkpt>
      <trkpt lat="26.557738" lon="98.905707"><time>2026-04-28T00:37:20.425Z</time></trkpt>
      <trkpt lat="26.557742" lon="98.905689"><time>2026-04-28T00:37:20.442Z</time></trkpt>
      <trkpt lat="26.557742" lon="98.905689"><time>2026-04-28T00:37:20.459Z</time></trkpt>
      <trkpt lat="26.557742" lon="98.905689"><time>2026-04-28T00:37:20.475Z</time></trkpt>
      <trkpt lat="26.557742" lon="98.905689"><time>2026-04-28T00:37:20.492Z</time></trkpt>
      <trkpt lat="26.557742" lon="98.905689"><time>2026-04-28T00:37:20.509Z</time></trkpt>
      <trkpt lat="26.557742" lon="98.905689"><time>2026-04-28T00:37:20.525Z</time></trkpt>
      <trkpt lat="26.557746" lon="98.905671"><time>2026-04-28T00:37:20.542Z</time></trkpt>
      <trkpt lat="26.557746" lon="98.905671"><time>2026-04-28T00:37:20.559Z</time></trkpt>
      <trkpt lat="26.557746" lon="98.905671"><time>2026-04-28T00:37:20.576Z</time></trkpt>
      <trkpt lat="26.557746" lon="98.905671"><time>2026-04-28T00:37:20.592Z</time></trkpt>
      <trkpt lat="26.557746" lon="98.905671"><time>2026-04-28T00:37:20.609Z</time></trkpt>
      <trkpt lat="26.557746" lon="98.905671"><time>2026-04-28T00:37:20.626Z</time></trkpt>
      <trkpt lat="26.55775" lon="98.905653"><time>2026-04-28T00:37:20.642Z</time></trkpt>
      <trkpt lat="26.55775" lon="98.905653"><time>2026-04-28T00:37:20.659Z</time></trkpt>
      <trkpt lat="26.55775" lon="98.905653"><time>2026-04-28T00:37:20.676Z</time></trkpt>
      <trkpt lat="26.55775" lon="98.905653"><time>2026-04-28T00:37:20.692Z</time></trkpt>
      <trkpt lat="26.55775" lon="98.905653"><time>2026-04-28T00:37:20.709Z</time></trkpt>
      <trkpt lat="26.55775" lon="98.905653"><time>2026-04-28T00:37:20.726Z</time></trkpt>
      <trkpt lat="26.557754" lon="98.905635"><time>2026-04-28T00:37:20.742Z</time></trkpt>
      <trkpt lat="26.557754" lon="98.905635"><time>2026-04-28T00:37:20.759Z</time></trkpt>
      <trkpt lat="26.557754" lon="98.905635"><time>2026-04-28T00:37:20.776Z</time></trkpt>
      <trkpt lat="26.557754" lon="98.905635"><time>2026-04-28T00:37:20.792Z</time></trkpt>
      <trkpt lat="26.557754" lon="98.905635"><time>2026-04-28T00:37:20.809Z</time></trkpt>
      <trkpt lat="26.557754" lon="98.905635"><time>2026-04-28T00:37:20.826Z</time></trkpt>
      <trkpt lat="26.557758" lon="98.905617"><time>2026-04-28T00:37:20.842Z</time></trkpt>
      <trkpt lat="26.557758" lon="98.905617"><time>2026-04-28T00:37:20.859Z</time></trkpt>
      <trkpt lat="26.557758" lon="98.905617"><time>2026-04-28T00:37:20.876Z</time></trkpt>
      <trkpt lat="26.557758" lon="98.905617"><time>2026-04-28T00:37:20.893Z</time></trkpt>
      <trkpt lat="26.557758" lon="98.905617"><time>2026-04-28T00:37:20.909Z</time></trkpt>
      <trkpt lat="26.557758" lon="98.905617"><time>2026-04-28T00:37:20.926Z</time></trkpt>
      <trkpt lat="26.557762" lon="98.905599"><time>2026-04-28T00:37:20.943Z</time></trkpt>
      <trkpt lat="26.557762" lon="98.905599"><time>2026-04-28T00:37:20.959Z</time></trkpt>
      <trkpt lat="26.557762" lon="98.905599"><time>2026-04-28T00:37:20.976Z</time></trkpt>
      <trkpt lat="26.557762" lon="98.905599"><time>2026-04-28T00:37:20.993Z</time></trkpt>
      <trkpt lat="26.557762" lon="98.905599"><time>2026-04-28T00:37:21.009Z</time></trkpt>
      <trkpt lat="26.557762" lon="98.905599"><time>2026-04-28T00:37:21.026Z</time></trkpt>
      <trkpt lat="26.557766" lon="98.905581"><time>2026-04-28T00:37:21.043Z</time></trkpt>
      <trkpt lat="26.557766" lon="98.905581"><time>2026-04-28T00:37:21.059Z</time></trkpt>
      <trkpt lat="26.557766" lon="98.905581"><time>2026-04-28T00:37:21.076Z</time></trkpt>
      <trkpt lat="26.557766" lon="98.905581"><time>2026-04-28T00:37:21.093Z</time></trkpt>
      <trkpt lat="26.557766" lon="98.905581"><time>2026-04-28T00:37:21.109Z</time></trkpt>
      <trkpt lat="26.557766" lon="98.905581"><time>2026-04-28T00:37:21.126Z</time></trkpt>
      <trkpt lat="26.55777" lon="98.905563"><time>2026-04-28T00:37:21.143Z</time></trkpt>
      <trkpt lat="26.55777" lon="98.905563"><time>2026-04-28T00:37:21.159Z</time></trkpt>
      <trkpt lat="26.55777" lon="98.905563"><time>2026-04-28T00:37:21.176Z</time></trkpt>
      <trkpt lat="26.55777" lon="98.905563"><time>2026-04-28T00:37:21.193Z</time></trkpt>
      <trkpt lat="26.55777" lon="98.905563"><time>2026-04-28T00:37:21.210Z</time></trkpt>
      <trkpt lat="26.55777" lon="98.905563"><time>2026-04-28T00:37:21.226Z</time></trkpt>
      <trkpt lat="26.557774" lon="98.905545"><time>2026-04-28T00:37:21.243Z</time></trkpt>
      <trkpt lat="26.557774" lon="98.905545"><time>2026-04-28T00:37:21.260Z</time></trkpt>
      <trkpt lat="26.557774" lon="98.905545"><time>2026-04-28T00:37:21.276Z</time></trkpt>
      <trkpt lat="26.557774" lon="98.905545"><time>2026-04-28T00:37:21.293Z</time></trkpt>
      <trkpt lat="26.557774" lon="98.905545"><time>2026-04-28T00:37:21.310Z</time></trkpt>
      <trkpt lat="26.557774" lon="98.905545"><time>2026-04-28T00:37:21.326Z</time></trkpt>
      <trkpt lat="26.557778" lon="98.905527"><time>2026-04-28T00:37:21.343Z</time></trkpt>
      <trkpt lat="26.557778" lon="98.905527"><time>2026-04-28T00:37:21.360Z</time></trkpt>
      <trkpt lat="26.557778" lon="98.905527"><time>2026-04-28T00:37:21.376Z</time></trkpt>
      <trkpt lat="26.557778" lon="98.905527"><time>2026-04-28T00:37:21.393Z</time></trkpt>
      <trkpt lat="26.557778" lon="98.905527"><time>2026-04-28T00:37:21.410Z</time></trkpt>
      <trkpt lat="26.557778" lon="98.905527"><time>2026-04-28T00:37:21.426Z</time></trkpt>
      <trkpt lat="26.557781" lon="98.905509"><time>2026-04-28T00:37:21.443Z</time></trkpt>
      <trkpt lat="26.557781" lon="98.905509"><time>2026-04-28T00:37:21.460Z</time></trkpt>
      <trkpt lat="26.557781" lon="98.905509"><time>2026-04-28T00:37:21.476Z</time></trkpt>
      <trkpt lat="26.557781" lon="98.905509"><time>2026-04-28T00:37:21.493Z</time></trkpt>
      <trkpt lat="26.557781" lon="98.905509"><time>2026-04-28T00:37:21.510Z</time></trkpt>
      <trkpt lat="26.557781" lon="98.905509"><time>2026-04-28T00:37:21.527Z</time></trkpt>
      <trkpt lat="26.557785" lon="98.905491"><time>2026-04-28T00:37:21.543Z</time></trkpt>
      <trkpt lat="26.557785" lon="98.905491"><time>2026-04-28T00:37:21.560Z</time></trkpt>
      <trkpt lat="26.557785" lon="98.905491"><time>2026-04-28T00:37:21.577Z</time></trkpt>
      <trkpt lat="26.557785" lon="98.905491"><time>2026-04-28T00:37:21.593Z</time></trkpt>
      <trkpt lat="26.557785" lon="98.905491"><time>2026-04-28T00:37:21.610Z</time></trkpt>
      <trkpt lat="26.557785" lon="98.905491"><time>2026-04-28T00:37:21.627Z</time></trkpt>
      <trkpt lat="26.557789" lon="98.905473"><time>2026-04-28T00:37:21.643Z</time></trkpt>
      <trkpt lat="26.557789" lon="98.905473"><time>2026-04-28T00:37:21.660Z</time></trkpt>
      <trkpt lat="26.557789" lon="98.905473"><time>2026-04-28T00:37:21.677Z</time></trkpt>
      <trkpt lat="26.557789" lon="98.905473"><time>2026-04-28T00:37:21.693Z</time></trkpt>
      <trkpt lat="26.557789" lon="98.905473"><time>2026-04-28T00:37:21.710Z</time></trkpt>
      <trkpt lat="26.557789" lon="98.905473"><time>2026-04-28T00:37:21.727Z</time></trkpt>
      <trkpt lat="26.557793" lon="98.905454"><time>2026-04-28T00:37:21.743Z</time></trkpt>
      <trkpt lat="26.557793" lon="98.905454"><time>2026-04-28T00:37:21.760Z</time></trkpt>
      <trkpt lat="26.557793" lon="98.905454"><time>2026-04-28T00:37:21.777Z</time></trkpt>
      <trkpt lat="26.557793" lon="98.905454"><time>2026-04-28T00:37:21.793Z</time></trkpt>
      <trkpt lat="26.557793" lon="98.905454"><time>2026-04-28T00:37:21.810Z</time></trkpt>
      <trkpt lat="26.557793" lon="98.905454"><time>2026-04-28T00:37:21.827Z</time></trkpt>
      <trkpt lat="26.557796" lon="98.905436"><time>2026-04-28T00:37:21.844Z</time></trkpt>
      <trkpt lat="26.557796" lon="98.905436"><time>2026-04-28T00:37:21.860Z</time></trkpt>
      <trkpt lat="26.557796" lon="98.905436"><time>2026-04-28T00:37:21.877Z</time></trkpt>
      <trkpt lat="26.557796" lon="98.905436"><time>2026-04-28T00:37:21.894Z</time></trkpt>
      <trkpt lat="26.557796" lon="98.905436"><time>2026-04-28T00:37:21.910Z</time></trkpt>
      <trkpt lat="26.557796" lon="98.905436"><time>2026-04-28T00:37:21.927Z</time></trkpt>
      <trkpt lat="26.5578" lon="98.905418"><time>2026-04-28T00:37:21.944Z</time></trkpt>
      <trkpt lat="26.5578" lon="98.905418"><time>2026-04-28T00:37:21.960Z</time></trkpt>
      <trkpt lat="26.5578" lon="98.905418"><time>2026-04-28T00:37:21.977Z</time></trkpt>
      <trkpt lat="26.5578" lon="98.905418"><time>2026-04-28T00:37:21.994Z</time></trkpt>
      <trkpt lat="26.5578" lon="98.905418"><time>2026-04-28T00:37:22.010Z</time></trkpt>
      <trkpt lat="26.5578" lon="98.905418"><time>2026-04-28T00:37:22.027Z</time></trkpt>
      <trkpt lat="26.557804" lon="98.9054"><time>2026-04-28T00:37:22.044Z</time></trkpt>
      <trkpt lat="26.557804" lon="98.9054"><time>2026-04-28T00:37:22.060Z</time></trkpt>
      <trkpt lat="26.557804" lon="98.9054"><time>2026-04-28T00:37:22.077Z</time></trkpt>
      <trkpt lat="26.557804" lon="98.9054"><time>2026-04-28T00:37:22.094Z</time></trkpt>
      <trkpt lat="26.557804" lon="98.9054"><time>2026-04-28T00:37:22.110Z</time></trkpt>
      <trkpt lat="26.557804" lon="98.9054"><time>2026-04-28T00:37:22.127Z</time></trkpt>
      <trkpt lat="26.557808" lon="98.905382"><time>2026-04-28T00:37:22.144Z</time></trkpt>
      <trkpt lat="26.557808" lon="98.905382"><time>2026-04-28T00:37:22.161Z</time></trkpt>
      <trkpt lat="26.557808" lon="98.905382"><time>2026-04-28T00:37:22.177Z</time></trkpt>
      <trkpt lat="26.557808" lon="98.905382"><time>2026-04-28T00:37:22.194Z</time></trkpt>
      <trkpt lat="26.557808" lon="98.905382"><time>2026-04-28T00:37:22.211Z</time></trkpt>
      <trkpt lat="26.557808" lon="98.905382"><time>2026-04-28T00:37:22.227Z</time></trkpt>
      <trkpt lat="26.557811" lon="98.905363"><time>2026-04-28T00:37:22.244Z</time></trkpt>
      <trkpt lat="26.557811" lon="98.905363"><time>2026-04-28T00:37:22.261Z</time></trkpt>
      <trkpt lat="26.557811" lon="98.905363"><time>2026-04-28T00:37:22.277Z</time></trkpt>
      <trkpt lat="26.557811" lon="98.905363"><time>2026-04-28T00:37:22.294Z</time></trkpt>
      <trkpt lat="26.557811" lon="98.905363"><time>2026-04-28T00:37:22.311Z</time></trkpt>
      <trkpt lat="26.557811" lon="98.905363"><time>2026-04-28T00:37:22.327Z</time></trkpt>
      <trkpt lat="26.557819" lon="98.905347"><time>2026-04-28T00:37:22.344Z</time></trkpt>
      <trkpt lat="26.557819" lon="98.905347"><time>2026-04-28T00:37:22.361Z</time></trkpt>
      <trkpt lat="26.557819" lon="98.905347"><time>2026-04-28T00:37:22.377Z</time></trkpt>
      <trkpt lat="26.557819" lon="98.905347"><time>2026-04-28T00:37:22.394Z</time></trkpt>
      <trkpt lat="26.557819" lon="98.905347"><time>2026-04-28T00:37:22.411Z</time></trkpt>
      <trkpt lat="26.557819" lon="98.905347"><time>2026-04-28T00:37:22.427Z</time></trkpt>
      <trkpt lat="26.557822" lon="98.905328"><time>2026-04-28T00:37:22.444Z</time></trkpt>
      <trkpt lat="26.557822" lon="98.905328"><time>2026-04-28T00:37:22.461Z</time></trkpt>
      <trkpt lat="26.557822" lon="98.905328"><time>2026-04-28T00:37:22.478Z</time></trkpt>
      <trkpt lat="26.557822" lon="98.905328"><time>2026-04-28T00:37:22.494Z</time></trkpt>
      <trkpt lat="26.557822" lon="98.905328"><time>2026-04-28T00:37:22.511Z</time></trkpt>
      <trkpt lat="26.557822" lon="98.905328"><time>2026-04-28T00:37:22.528Z</time></trkpt>
      <trkpt lat="26.557826" lon="98.905311"><time>2026-04-28T00:37:22.544Z</time></trkpt>
      <trkpt lat="26.557826" lon="98.905311"><time>2026-04-28T00:37:22.561Z</time></trkpt>
      <trkpt lat="26.557826" lon="98.905311"><time>2026-04-28T00:37:22.578Z</time></trkpt>
      <trkpt lat="26.557826" lon="98.905311"><time>2026-04-28T00:37:22.594Z</time></trkpt>
      <trkpt lat="26.557826" lon="98.905311"><time>2026-04-28T00:37:22.611Z</time></trkpt>
      <trkpt lat="26.557826" lon="98.905311"><time>2026-04-28T00:37:22.628Z</time></trkpt>
      <trkpt lat="26.55783" lon="98.905292"><time>2026-04-28T00:37:22.644Z</time></trkpt>
      <trkpt lat="26.55783" lon="98.905292"><time>2026-04-28T00:37:22.661Z</time></trkpt>
      <trkpt lat="26.55783" lon="98.905292"><time>2026-04-28T00:37:22.678Z</time></trkpt>
      <trkpt lat="26.55783" lon="98.905292"><time>2026-04-28T00:37:22.694Z</time></trkpt>
      <trkpt lat="26.55783" lon="98.905292"><time>2026-04-28T00:37:22.711Z</time></trkpt>
      <trkpt lat="26.55783" lon="98.905292"><time>2026-04-28T00:37:22.728Z</time></trkpt>
      <trkpt lat="26.557834" lon="98.905274"><time>2026-04-28T00:37:22.744Z</time></trkpt>
      <trkpt lat="26.557834" lon="98.905274"><time>2026-04-28T00:37:22.761Z</time></trkpt>
      <trkpt lat="26.557834" lon="98.905274"><time>2026-04-28T00:37:22.778Z</time></trkpt>
      <trkpt lat="26.557834" lon="98.905274"><time>2026-04-28T00:37:22.795Z</time></trkpt>
      <trkpt lat="26.557834" lon="98.905274"><time>2026-04-28T00:37:22.811Z</time></trkpt>
      <trkpt lat="26.557834" lon="98.905274"><time>2026-04-28T00:37:22.828Z</time></trkpt>
      <trkpt lat="26.557838" lon="98.905256"><time>2026-04-28T00:37:22.845Z</time></trkpt>
      <trkpt lat="26.557838" lon="98.905256"><time>2026-04-28T00:37:22.861Z</time></trkpt>
      <trkpt lat="26.557838" lon="98.905256"><time>2026-04-28T00:37:22.878Z</time></trkpt>
      <trkpt lat="26.557838" lon="98.905256"><time>2026-04-28T00:37:22.895Z</time></trkpt>
      <trkpt lat="26.557838" lon="98.905256"><time>2026-04-28T00:37:22.911Z</time></trkpt>
      <trkpt lat="26.557838" lon="98.905256"><time>2026-04-28T00:37:22.928Z</time></trkpt>
      <trkpt lat="26.557843" lon="98.905237"><time>2026-04-28T00:37:22.945Z</time></trkpt>
      <trkpt lat="26.557843" lon="98.905237"><time>2026-04-28T00:37:22.961Z</time></trkpt>
      <trkpt lat="26.557843" lon="98.905237"><time>2026-04-28T00:37:22.978Z</time></trkpt>
      <trkpt lat="26.557843" lon="98.905237"><time>2026-04-28T00:37:22.995Z</time></trkpt>
      <trkpt lat="26.557843" lon="98.905237"><time>2026-04-28T00:37:23.011Z</time></trkpt>
      <trkpt lat="26.557843" lon="98.905237"><time>2026-04-28T00:37:23.028Z</time></trkpt>
      <trkpt lat="26.557847" lon="98.905219"><time>2026-04-28T00:37:23.045Z</time></trkpt>
      <trkpt lat="26.557847" lon="98.905219"><time>2026-04-28T00:37:23.061Z</time></trkpt>
      <trkpt lat="26.557847" lon="98.905219"><time>2026-04-28T00:37:23.078Z</time></trkpt>
      <trkpt lat="26.557847" lon="98.905219"><time>2026-04-28T00:37:23.095Z</time></trkpt>
      <trkpt lat="26.557847" lon="98.905219"><time>2026-04-28T00:37:23.111Z</time></trkpt>
      <trkpt lat="26.557847" lon="98.905219"><time>2026-04-28T00:37:23.128Z</time></trkpt>
      <trkpt lat="26.557851" lon="98.905201"><time>2026-04-28T00:37:23.145Z</time></trkpt>
      <trkpt lat="26.557851" lon="98.905201"><time>2026-04-28T00:37:23.162Z</time></trkpt>
      <trkpt lat="26.557851" lon="98.905201"><time>2026-04-28T00:37:23.178Z</time></trkpt>
      <trkpt lat="26.557851" lon="98.905201"><time>2026-04-28T00:37:23.195Z</time></trkpt>
      <trkpt lat="26.557851" lon="98.905201"><time>2026-04-28T00:37:23.212Z</time></trkpt>
      <trkpt lat="26.557851" lon="98.905201"><time>2026-04-28T00:37:23.228Z</time></trkpt>
      <trkpt lat="26.557855" lon="98.905183"><time>2026-04-28T00:37:23.245Z</time></trkpt>
      <trkpt lat="26.557855" lon="98.905183"><time>2026-04-28T00:37:23.262Z</time></trkpt>
      <trkpt lat="26.557855" lon="98.905183"><time>2026-04-28T00:37:23.278Z</time></trkpt>
      <trkpt lat="26.557855" lon="98.905183"><time>2026-04-28T00:37:23.295Z</time></trkpt>
      <trkpt lat="26.557855" lon="98.905183"><time>2026-04-28T00:37:23.312Z</time></trkpt>
      <trkpt lat="26.557855" lon="98.905183"><time>2026-04-28T00:37:23.328Z</time></trkpt>
      <trkpt lat="26.557859" lon="98.905165"><time>2026-04-28T00:37:23.345Z</time></trkpt>
      <trkpt lat="26.557859" lon="98.905165"><time>2026-04-28T00:37:23.362Z</time></trkpt>
      <trkpt lat="26.557859" lon="98.905165"><time>2026-04-28T00:37:23.378Z</time></trkpt>
      <trkpt lat="26.557859" lon="98.905165"><time>2026-04-28T00:37:23.395Z</time></trkpt>
      <trkpt lat="26.557859" lon="98.905165"><time>2026-04-28T00:37:23.412Z</time></trkpt>
      <trkpt lat="26.557859" lon="98.905165"><time>2026-04-28T00:37:23.428Z</time></trkpt>
      <trkpt lat="26.557863" lon="98.905146"><time>2026-04-28T00:37:23.445Z</time></trkpt>
      <trkpt lat="26.557863" lon="98.905146"><time>2026-04-28T00:37:23.462Z</time></trkpt>
      <trkpt lat="26.557863" lon="98.905146"><time>2026-04-28T00:37:23.479Z</time></trkpt>
      <trkpt lat="26.557863" lon="98.905146"><time>2026-04-28T00:37:23.495Z</time></trkpt>
      <trkpt lat="26.557863" lon="98.905146"><time>2026-04-28T00:37:23.512Z</time></trkpt>
      <trkpt lat="26.557863" lon="98.905146"><time>2026-04-28T00:37:23.529Z</time></trkpt>
      <trkpt lat="26.557867" lon="98.905128"><time>2026-04-28T00:37:23.545Z</time></trkpt>
      <trkpt lat="26.557867" lon="98.905128"><time>2026-04-28T00:37:23.562Z</time></trkpt>
      <trkpt lat="26.557867" lon="98.905128"><time>2026-04-28T00:37:23.579Z</time></trkpt>
      <trkpt lat="26.557867" lon="98.905128"><time>2026-04-28T00:37:23.595Z</time></trkpt>
      <trkpt lat="26.557867" lon="98.905128"><time>2026-04-28T00:37:23.612Z</time></trkpt>
      <trkpt lat="26.557867" lon="98.905128"><time>2026-04-28T00:37:23.629Z</time></trkpt>
      <trkpt lat="26.55787" lon="98.905111"><time>2026-04-28T00:37:23.645Z</time></trkpt>
      <trkpt lat="26.55787" lon="98.905111"><time>2026-04-28T00:37:23.662Z</time></trkpt>
      <trkpt lat="26.55787" lon="98.905111"><time>2026-04-28T00:37:23.679Z</time></trkpt>
      <trkpt lat="26.55787" lon="98.905111"><time>2026-04-28T00:37:23.695Z</time></trkpt>
      <trkpt lat="26.55787" lon="98.905111"><time>2026-04-28T00:37:23.712Z</time></trkpt>
      <trkpt lat="26.55787" lon="98.905111"><time>2026-04-28T00:37:23.729Z</time></trkpt>
      <trkpt lat="26.557874" lon="98.905092"><time>2026-04-28T00:37:23.745Z</time></trkpt>
      <trkpt lat="26.557874" lon="98.905092"><time>2026-04-28T00:37:23.762Z</time></trkpt>
      <trkpt lat="26.557874" lon="98.905092"><time>2026-04-28T00:37:23.779Z</time></trkpt>
      <trkpt lat="26.557874" lon="98.905092"><time>2026-04-28T00:37:23.796Z</time></trkpt>
      <trkpt lat="26.557874" lon="98.905092"><time>2026-04-28T00:37:23.812Z</time></trkpt>
      <trkpt lat="26.557874" lon="98.905092"><time>2026-04-28T00:37:23.829Z</time></trkpt>
      <trkpt lat="26.557878" lon="98.905074"><time>2026-04-28T00:37:23.846Z</time></trkpt>
      <trkpt lat="26.557878" lon="98.905074"><time>2026-04-28T00:37:23.862Z</time></trkpt>
      <trkpt lat="26.557878" lon="98.905074"><time>2026-04-28T00:37:23.879Z</time></trkpt>
      <trkpt lat="26.557878" lon="98.905074"><time>2026-04-28T00:37:23.896Z</time></trkpt>
      <trkpt lat="26.557878" lon="98.905074"><time>2026-04-28T00:37:23.912Z</time></trkpt>
      <trkpt lat="26.557878" lon="98.905074"><time>2026-04-28T00:37:23.929Z</time></trkpt>
      <trkpt lat="26.557883" lon="98.905055"><time>2026-04-28T00:37:23.946Z</time></trkpt>
      <trkpt lat="26.557883" lon="98.905055"><time>2026-04-28T00:37:23.962Z</time></trkpt>
      <trkpt lat="26.557883" lon="98.905055"><time>2026-04-28T00:37:23.979Z</time></trkpt>
      <trkpt lat="26.557883" lon="98.905055"><time>2026-04-28T00:37:23.996Z</time></trkpt>
      <trkpt lat="26.557883" lon="98.905055"><time>2026-04-28T00:37:24.012Z</time></trkpt>
      <trkpt lat="26.557883" lon="98.905055"><time>2026-04-28T00:37:24.029Z</time></trkpt>
      <trkpt lat="26.557887" lon="98.905037"><time>2026-04-28T00:37:24.046Z</time></trkpt>
      <trkpt lat="26.557887" lon="98.905037"><time>2026-04-28T00:37:24.062Z</time></trkpt>
      <trkpt lat="26.557887" lon="98.905037"><time>2026-04-28T00:37:24.079Z</time></trkpt>
      <trkpt lat="26.557887" lon="98.905037"><time>2026-04-28T00:37:24.096Z</time></trkpt>
      <trkpt lat="26.557887" lon="98.905037"><time>2026-04-28T00:37:24.113Z</time></trkpt>
      <trkpt lat="26.557887" lon="98.905037"><time>2026-04-28T00:37:24.129Z</time></trkpt>
      <trkpt lat="26.557891" lon="98.905019"><time>2026-04-28T00:37:24.146Z</time></trkpt>
      <trkpt lat="26.557891" lon="98.905019"><time>2026-04-28T00:37:24.163Z</time></trkpt>
      <trkpt lat="26.557891" lon="98.905019"><time>2026-04-28T00:37:24.179Z</time></trkpt>
      <trkpt lat="26.557891" lon="98.905019"><time>2026-04-28T00:37:24.196Z</time></trkpt>
      <trkpt lat="26.557891" lon="98.905019"><time>2026-04-28T00:37:24.213Z</time></trkpt>
      <trkpt lat="26.557895" lon="98.905001"><time>2026-04-28T00:37:24.229Z</time></trkpt>
      <trkpt lat="26.557895" lon="98.905001"><time>2026-04-28T00:37:24.246Z</time></trkpt>
      <trkpt lat="26.557895" lon="98.905001"><time>2026-04-28T00:37:24.263Z</time></trkpt>
      <trkpt lat="26.557895" lon="98.905001"><time>2026-04-28T00:37:24.279Z</time></trkpt>
      <trkpt lat="26.557895" lon="98.905001"><time>2026-04-28T00:37:24.296Z</time></trkpt>
      <trkpt lat="26.557895" lon="98.905001"><time>2026-04-28T00:37:24.313Z</time></trkpt>
      <trkpt lat="26.557899" lon="98.904983"><time>2026-04-28T00:37:24.329Z</time></trkpt>
      <trkpt lat="26.557899" lon="98.904983"><time>2026-04-28T00:37:24.346Z</time></trkpt>
      <trkpt lat="26.557899" lon="98.904983"><time>2026-04-28T00:37:24.363Z</time></trkpt>
      <trkpt lat="26.557899" lon="98.904983"><time>2026-04-28T00:37:24.379Z</time></trkpt>
      <trkpt lat="26.557899" lon="98.904983"><time>2026-04-28T00:37:24.396Z</time></trkpt>
      <trkpt lat="26.557899" lon="98.904983"><time>2026-04-28T00:37:24.413Z</time></trkpt>
      <trkpt lat="26.557904" lon="98.904965"><time>2026-04-28T00:37:24.430Z</time></trkpt>
      <trkpt lat="26.557904" lon="98.904965"><time>2026-04-28T00:37:24.446Z</time></trkpt>
      <trkpt lat="26.557904" lon="98.904965"><time>2026-04-28T00:37:24.463Z</time></trkpt>
      <trkpt lat="26.557904" lon="98.904965"><time>2026-04-28T00:37:24.480Z</time></trkpt>
      <trkpt lat="26.557904" lon="98.904965"><time>2026-04-28T00:37:24.496Z</time></trkpt>
      <trkpt lat="26.557904" lon="98.904965"><time>2026-04-28T00:37:24.513Z</time></trkpt>
      <trkpt lat="26.557908" lon="98.904947"><time>2026-04-28T00:37:24.530Z</time></trkpt>
      <trkpt lat="26.557908" lon="98.904947"><time>2026-04-28T00:37:24.546Z</time></trkpt>
      <trkpt lat="26.557908" lon="98.904947"><time>2026-04-28T00:37:24.563Z</time></trkpt>
      <trkpt lat="26.557908" lon="98.904947"><time>2026-04-28T00:37:24.580Z</time></trkpt>
      <trkpt lat="26.557908" lon="98.904947"><time>2026-04-28T00:37:24.596Z</time></trkpt>
      <trkpt lat="26.557908" lon="98.904947"><time>2026-04-28T00:37:24.613Z</time></trkpt>
      <trkpt lat="26.557912" lon="98.904928"><time>2026-04-28T00:37:24.630Z</time></trkpt>
      <trkpt lat="26.557912" lon="98.904928"><time>2026-04-28T00:37:24.646Z</time></trkpt>
      <trkpt lat="26.557912" lon="98.904928"><time>2026-04-28T00:37:24.663Z</time></trkpt>
      <trkpt lat="26.557912" lon="98.904928"><time>2026-04-28T00:37:24.680Z</time></trkpt>
      <trkpt lat="26.557912" lon="98.904928"><time>2026-04-28T00:37:24.696Z</time></trkpt>
      <trkpt lat="26.557912" lon="98.904928"><time>2026-04-28T00:37:24.713Z</time></trkpt>
      <trkpt lat="26.557916" lon="98.904911"><time>2026-04-28T00:37:24.730Z</time></trkpt>
      <trkpt lat="26.557916" lon="98.904911"><time>2026-04-28T00:37:24.747Z</time></trkpt>
      <trkpt lat="26.557916" lon="98.904911"><time>2026-04-28T00:37:24.763Z</time></trkpt>
      <trkpt lat="26.557916" lon="98.904911"><time>2026-04-28T00:37:24.780Z</time></trkpt>
      <trkpt lat="26.557916" lon="98.904911"><time>2026-04-28T00:37:24.797Z</time></trkpt>
      <trkpt lat="26.557916" lon="98.904911"><time>2026-04-28T00:37:24.813Z</time></trkpt>
      <trkpt lat="26.557921" lon="98.904892"><time>2026-04-28T00:37:24.830Z</time></trkpt>
      <trkpt lat="26.557921" lon="98.904892"><time>2026-04-28T00:37:24.847Z</time></trkpt>
      <trkpt lat="26.557921" lon="98.904892"><time>2026-04-28T00:37:24.863Z</time></trkpt>
      <trkpt lat="26.557921" lon="98.904892"><time>2026-04-28T00:37:24.880Z</time></trkpt>
      <trkpt lat="26.557921" lon="98.904892"><time>2026-04-28T00:37:24.897Z</time></trkpt>
      <trkpt lat="26.557921" lon="98.904892"><time>2026-04-28T00:37:24.913Z</time></trkpt>
      <trkpt lat="26.557925" lon="98.904874"><time>2026-04-28T00:37:24.930Z</time></trkpt>
      <trkpt lat="26.557925" lon="98.904874"><time>2026-04-28T00:37:24.947Z</time></trkpt>
      <trkpt lat="26.557925" lon="98.904874"><time>2026-04-28T00:37:24.963Z</time></trkpt>
      <trkpt lat="26.557925" lon="98.904874"><time>2026-04-28T00:37:24.980Z</time></trkpt>
      <trkpt lat="26.557925" lon="98.904874"><time>2026-04-28T00:37:24.997Z</time></trkpt>
      <trkpt lat="26.557925" lon="98.904874"><time>2026-04-28T00:37:25.013Z</time></trkpt>
      <trkpt lat="26.55793" lon="98.904856"><time>2026-04-28T00:37:25.030Z</time></trkpt>
      <trkpt lat="26.55793" lon="98.904856"><time>2026-04-28T00:37:25.047Z</time></trkpt>
      <trkpt lat="26.55793" lon="98.904856"><time>2026-04-28T00:37:25.064Z</time></trkpt>
      <trkpt lat="26.55793" lon="98.904856"><time>2026-04-28T00:37:25.080Z</time></trkpt>
      <trkpt lat="26.55793" lon="98.904856"><time>2026-04-28T00:37:25.097Z</time></trkpt>
      <trkpt lat="26.55793" lon="98.904856"><time>2026-04-28T00:37:25.114Z</time></trkpt>
      <trkpt lat="26.557934" lon="98.904838"><time>2026-04-28T00:37:25.130Z</time></trkpt>
      <trkpt lat="26.557934" lon="98.904838"><time>2026-04-28T00:37:25.147Z</time></trkpt>
      <trkpt lat="26.557934" lon="98.904838"><time>2026-04-28T00:37:25.164Z</time></trkpt>
      <trkpt lat="26.557934" lon="98.904838"><time>2026-04-28T00:37:25.180Z</time></trkpt>
      <trkpt lat="26.557934" lon="98.904838"><time>2026-04-28T00:37:25.197Z</time></trkpt>
      <trkpt lat="26.557934" lon="98.904838"><time>2026-04-28T00:37:25.214Z</time></trkpt>
      <trkpt lat="26.557939" lon="98.90482"><time>2026-04-28T00:37:25.230Z</time></trkpt>
      <trkpt lat="26.557939" lon="98.90482"><time>2026-04-28T00:37:25.247Z</time></trkpt>
      <trkpt lat="26.557939" lon="98.90482"><time>2026-04-28T00:37:25.264Z</time></trkpt>
      <trkpt lat="26.557939" lon="98.90482"><time>2026-04-28T00:37:25.280Z</time></trkpt>
      <trkpt lat="26.557939" lon="98.90482"><time>2026-04-28T00:37:25.297Z</time></trkpt>
      <trkpt lat="26.557939" lon="98.90482"><time>2026-04-28T00:37:25.314Z</time></trkpt>
      <trkpt lat="26.557944" lon="98.904802"><time>2026-04-28T00:37:25.330Z</time></trkpt>
      <trkpt lat="26.557944" lon="98.904802"><time>2026-04-28T00:37:25.347Z</time></trkpt>
      <trkpt lat="26.557944" lon="98.904802"><time>2026-04-28T00:37:25.364Z</time></trkpt>
      <trkpt lat="26.557944" lon="98.904802"><time>2026-04-28T00:37:25.381Z</time></trkpt>
      <trkpt lat="26.557944" lon="98.904802"><time>2026-04-28T00:37:25.397Z</time></trkpt>
      <trkpt lat="26.557944" lon="98.904802"><time>2026-04-28T00:37:25.414Z</time></trkpt>
      <trkpt lat="26.557948" lon="98.904784"><time>2026-04-28T00:37:25.431Z</time></trkpt>
      <trkpt lat="26.557948" lon="98.904784"><time>2026-04-28T00:37:25.447Z</time></trkpt>
      <trkpt lat="26.557948" lon="98.904784"><time>2026-04-28T00:37:25.464Z</time></trkpt>
      <trkpt lat="26.557948" lon="98.904784"><time>2026-04-28T00:37:25.481Z</time></trkpt>
      <trkpt lat="26.557948" lon="98.904784"><time>2026-04-28T00:37:25.497Z</time></trkpt>
      <trkpt lat="26.557948" lon="98.904784"><time>2026-04-28T00:37:25.514Z</time></trkpt>
      <trkpt lat="26.557953" lon="98.904766"><time>2026-04-28T00:37:25.531Z</time></trkpt>
      <trkpt lat="26.557953" lon="98.904766"><time>2026-04-28T00:37:25.547Z</time></trkpt>
      <trkpt lat="26.557953" lon="98.904766"><time>2026-04-28T00:37:25.564Z</time></trkpt>
      <trkpt lat="26.557953" lon="98.904766"><time>2026-04-28T00:37:25.581Z</time></trkpt>
      <trkpt lat="26.557953" lon="98.904766"><time>2026-04-28T00:37:25.597Z</time></trkpt>
      <trkpt lat="26.557953" lon="98.904766"><time>2026-04-28T00:37:25.614Z</time></trkpt>
      <trkpt lat="26.557957" lon="98.904747"><time>2026-04-28T00:37:25.631Z</time></trkpt>
      <trkpt lat="26.557957" lon="98.904747"><time>2026-04-28T00:37:25.647Z</time></trkpt>
      <trkpt lat="26.557957" lon="98.904747"><time>2026-04-28T00:37:25.664Z</time></trkpt>
      <trkpt lat="26.557957" lon="98.904747"><time>2026-04-28T00:37:25.681Z</time></trkpt>
      <trkpt lat="26.557957" lon="98.904747"><time>2026-04-28T00:37:25.698Z</time></trkpt>
      <trkpt lat="26.557957" lon="98.904747"><time>2026-04-28T00:37:25.714Z</time></trkpt>
      <trkpt lat="26.557961" lon="98.904729"><time>2026-04-28T00:37:25.731Z</time></trkpt>
      <trkpt lat="26.557961" lon="98.904729"><time>2026-04-28T00:37:25.748Z</time></trkpt>
      <trkpt lat="26.557961" lon="98.904729"><time>2026-04-28T00:37:25.764Z</time></trkpt>
      <trkpt lat="26.557961" lon="98.904729"><time>2026-04-28T00:37:25.781Z</time></trkpt>
      <trkpt lat="26.557961" lon="98.904729"><time>2026-04-28T00:37:25.798Z</time></trkpt>
      <trkpt lat="26.557961" lon="98.904729"><time>2026-04-28T00:37:25.814Z</time></trkpt>
      <trkpt lat="26.557966" lon="98.904711"><time>2026-04-28T00:37:25.831Z</time></trkpt>
      <trkpt lat="26.557966" lon="98.904711"><time>2026-04-28T00:37:25.848Z</time></trkpt>
      <trkpt lat="26.557966" lon="98.904711"><time>2026-04-28T00:37:25.864Z</time></trkpt>
      <trkpt lat="26.557966" lon="98.904711"><time>2026-04-28T00:37:25.881Z</time></trkpt>
      <trkpt lat="26.557966" lon="98.904711"><time>2026-04-28T00:37:25.898Z</time></trkpt>
      <trkpt lat="26.557966" lon="98.904711"><time>2026-04-28T00:37:25.914Z</time></trkpt>
      <trkpt lat="26.55797" lon="98.904693"><time>2026-04-28T00:37:25.931Z</time></trkpt>
      <trkpt lat="26.55797" lon="98.904693"><time>2026-04-28T00:37:25.948Z</time></trkpt>
      <trkpt lat="26.55797" lon="98.904693"><time>2026-04-28T00:37:25.964Z</time></trkpt>
      <trkpt lat="26.55797" lon="98.904693"><time>2026-04-28T00:37:25.981Z</time></trkpt>
      <trkpt lat="26.55797" lon="98.904693"><time>2026-04-28T00:37:25.998Z</time></trkpt>
      <trkpt lat="26.55797" lon="98.904693"><time>2026-04-28T00:37:26.015Z</time></trkpt>
      <trkpt lat="26.557974" lon="98.904675"><time>2026-04-28T00:37:26.031Z</time></trkpt>
      <trkpt lat="26.557974" lon="98.904675"><time>2026-04-28T00:37:26.048Z</time></trkpt>
      <trkpt lat="26.557974" lon="98.904675"><time>2026-04-28T00:37:26.065Z</time></trkpt>
      <trkpt lat="26.557974" lon="98.904675"><time>2026-04-28T00:37:26.081Z</time></trkpt>
      <trkpt lat="26.557974" lon="98.904675"><time>2026-04-28T00:37:26.098Z</time></trkpt>
      <trkpt lat="26.557974" lon="98.904675"><time>2026-04-28T00:37:26.115Z</time></trkpt>
      <trkpt lat="26.557979" lon="98.904656"><time>2026-04-28T00:37:26.131Z</time></trkpt>
      <trkpt lat="26.557979" lon="98.904656"><time>2026-04-28T00:37:26.148Z</time></trkpt>
      <trkpt lat="26.557979" lon="98.904656"><time>2026-04-28T00:37:26.165Z</time></trkpt>
      <trkpt lat="26.557979" lon="98.904656"><time>2026-04-28T00:37:26.181Z</time></trkpt>
      <trkpt lat="26.557979" lon="98.904656"><time>2026-04-28T00:37:26.198Z</time></trkpt>
      <trkpt lat="26.557979" lon="98.904656"><time>2026-04-28T00:37:26.215Z</time></trkpt>
      <trkpt lat="26.557983" lon="98.904638"><time>2026-04-28T00:37:26.231Z</time></trkpt>
      <trkpt lat="26.557983" lon="98.904638"><time>2026-04-28T00:37:26.248Z</time></trkpt>
      <trkpt lat="26.557983" lon="98.904638"><time>2026-04-28T00:37:26.265Z</time></trkpt>
      <trkpt lat="26.557983" lon="98.904638"><time>2026-04-28T00:37:26.281Z</time></trkpt>
      <trkpt lat="26.557983" lon="98.904638"><time>2026-04-28T00:37:26.298Z</time></trkpt>
      <trkpt lat="26.557983" lon="98.904638"><time>2026-04-28T00:37:26.315Z</time></trkpt>
      <trkpt lat="26.557987" lon="98.90462"><time>2026-04-28T00:37:26.332Z</time></trkpt>
      <trkpt lat="26.557987" lon="98.90462"><time>2026-04-28T00:37:26.348Z</time></trkpt>
      <trkpt lat="26.557987" lon="98.90462"><time>2026-04-28T00:37:26.365Z</time></trkpt>
      <trkpt lat="26.557987" lon="98.90462"><time>2026-04-28T00:37:26.382Z</time></trkpt>
      <trkpt lat="26.557987" lon="98.90462"><time>2026-04-28T00:37:26.398Z</time></trkpt>
      <trkpt lat="26.557987" lon="98.90462"><time>2026-04-28T00:37:26.415Z</time></trkpt>
      <trkpt lat="26.557991" lon="98.904602"><time>2026-04-28T00:37:26.432Z</time></trkpt>
      <trkpt lat="26.557991" lon="98.904602"><time>2026-04-28T00:37:26.448Z</time></trkpt>
      <trkpt lat="26.557991" lon="98.904602"><time>2026-04-28T00:37:26.465Z</time></trkpt>
      <trkpt lat="26.557991" lon="98.904602"><time>2026-04-28T00:37:26.482Z</time></trkpt>
      <trkpt lat="26.557991" lon="98.904602"><time>2026-04-28T00:37:26.498Z</time></trkpt>
      <trkpt lat="26.557991" lon="98.904602"><time>2026-04-28T00:37:26.515Z</time></trkpt>
      <trkpt lat="26.557995" lon="98.904583"><time>2026-04-28T00:37:26.532Z</time></trkpt>
      <trkpt lat="26.557995" lon="98.904583"><time>2026-04-28T00:37:26.548Z</time></trkpt>
      <trkpt lat="26.557995" lon="98.904583"><time>2026-04-28T00:37:26.565Z</time></trkpt>
      <trkpt lat="26.557995" lon="98.904583"><time>2026-04-28T00:37:26.582Z</time></trkpt>
      <trkpt lat="26.557995" lon="98.904583"><time>2026-04-28T00:37:26.598Z</time></trkpt>
      <trkpt lat="26.557995" lon="98.904583"><time>2026-04-28T00:37:26.615Z</time></trkpt>
      <trkpt lat="26.557999" lon="98.904565"><time>2026-04-28T00:37:26.632Z</time></trkpt>
      <trkpt lat="26.557999" lon="98.904565"><time>2026-04-28T00:37:26.649Z</time></trkpt>
      <trkpt lat="26.557999" lon="98.904565"><time>2026-04-28T00:37:26.665Z</time></trkpt>
      <trkpt lat="26.557999" lon="98.904565"><time>2026-04-28T00:37:26.682Z</time></trkpt>
      <trkpt lat="26.557999" lon="98.904565"><time>2026-04-28T00:37:26.699Z</time></trkpt>
      <trkpt lat="26.557999" lon="98.904565"><time>2026-04-28T00:37:26.715Z</time></trkpt>
      <trkpt lat="26.558004" lon="98.904547"><time>2026-04-28T00:37:26.732Z</time></trkpt>
      <trkpt lat="26.558004" lon="98.904547"><time>2026-04-28T00:37:26.749Z</time></trkpt>
      <trkpt lat="26.558004" lon="98.904547"><time>2026-04-28T00:37:26.765Z</time></trkpt>
      <trkpt lat="26.558004" lon="98.904547"><time>2026-04-28T00:37:26.782Z</time></trkpt>
      <trkpt lat="26.558004" lon="98.904547"><time>2026-04-28T00:37:26.799Z</time></trkpt>
      <trkpt lat="26.558004" lon="98.904547"><time>2026-04-28T00:37:26.815Z</time></trkpt>
      <trkpt lat="26.558008" lon="98.904529"><time>2026-04-28T00:37:26.832Z</time></trkpt>
      <trkpt lat="26.558008" lon="98.904529"><time>2026-04-28T00:37:26.849Z</time></trkpt>
      <trkpt lat="26.558008" lon="98.904529"><time>2026-04-28T00:37:26.865Z</time></trkpt>
      <trkpt lat="26.558008" lon="98.904529"><time>2026-04-28T00:37:26.882Z</time></trkpt>
      <trkpt lat="26.558008" lon="98.904529"><time>2026-04-28T00:37:26.899Z</time></trkpt>
      <trkpt lat="26.558008" lon="98.904529"><time>2026-04-28T00:37:26.915Z</time></trkpt>
      <trkpt lat="26.558012" lon="98.90451"><time>2026-04-28T00:37:26.932Z</time></trkpt>
      <trkpt lat="26.558012" lon="98.90451"><time>2026-04-28T00:37:26.949Z</time></trkpt>
      <trkpt lat="26.558012" lon="98.90451"><time>2026-04-28T00:37:26.966Z</time></trkpt>
      <trkpt lat="26.558012" lon="98.90451"><time>2026-04-28T00:37:26.982Z</time></trkpt>
      <trkpt lat="26.558012" lon="98.90451"><time>2026-04-28T00:37:26.999Z</time></trkpt>
      <trkpt lat="26.558012" lon="98.90451"><time>2026-04-28T00:37:27.016Z</time></trkpt>
      <trkpt lat="26.558016" lon="98.904492"><time>2026-04-28T00:37:27.032Z</time></trkpt>
      <trkpt lat="26.558016" lon="98.904492"><time>2026-04-28T00:37:27.049Z</time></trkpt>
      <trkpt lat="26.558016" lon="98.904492"><time>2026-04-28T00:37:27.066Z</time></trkpt>
      <trkpt lat="26.558016" lon="98.904492"><time>2026-04-28T00:37:27.082Z</time></trkpt>
      <trkpt lat="26.558016" lon="98.904492"><time>2026-04-28T00:37:27.099Z</time></trkpt>
      <trkpt lat="26.558016" lon="98.904492"><time>2026-04-28T00:37:27.116Z</time></trkpt>
      <trkpt lat="26.55802" lon="98.904474"><time>2026-04-28T00:37:27.132Z</time></trkpt>
      <trkpt lat="26.55802" lon="98.904474"><time>2026-04-28T00:37:27.149Z</time></trkpt>
      <trkpt lat="26.55802" lon="98.904474"><time>2026-04-28T00:37:27.166Z</time></trkpt>
      <trkpt lat="26.55802" lon="98.904474"><time>2026-04-28T00:37:27.182Z</time></trkpt>
      <trkpt lat="26.55802" lon="98.904474"><time>2026-04-28T00:37:27.199Z</time></trkpt>
      <trkpt lat="26.55802" lon="98.904474"><time>2026-04-28T00:37:27.216Z</time></trkpt>
      <trkpt lat="26.558024" lon="98.904455"><time>2026-04-28T00:37:27.232Z</time></trkpt>
      <trkpt lat="26.558024" lon="98.904455"><time>2026-04-28T00:37:27.249Z</time></trkpt>
      <trkpt lat="26.558024" lon="98.904455"><time>2026-04-28T00:37:27.266Z</time></trkpt>
      <trkpt lat="26.558024" lon="98.904455"><time>2026-04-28T00:37:27.283Z</time></trkpt>
      <trkpt lat="26.558024" lon="98.904455"><time>2026-04-28T00:37:27.299Z</time></trkpt>
      <trkpt lat="26.558024" lon="98.904455"><time>2026-04-28T00:37:27.316Z</time></trkpt>
      <trkpt lat="26.558028" lon="98.904438"><time>2026-04-28T00:37:27.333Z</time></trkpt>
      <trkpt lat="26.558028" lon="98.904438"><time>2026-04-28T00:37:27.349Z</time></trkpt>
      <trkpt lat="26.558028" lon="98.904438"><time>2026-04-28T00:37:27.366Z</time></trkpt>
      <trkpt lat="26.558028" lon="98.904438"><time>2026-04-28T00:37:27.383Z</time></trkpt>
      <trkpt lat="26.558028" lon="98.904438"><time>2026-04-28T00:37:27.399Z</time></trkpt>
      <trkpt lat="26.558028" lon="98.904438"><time>2026-04-28T00:37:27.416Z</time></trkpt>
      <trkpt lat="26.558032" lon="98.904419"><time>2026-04-28T00:37:27.433Z</time></trkpt>
      <trkpt lat="26.558032" lon="98.904419"><time>2026-04-28T00:37:27.449Z</time></trkpt>
      <trkpt lat="26.558032" lon="98.904419"><time>2026-04-28T00:37:27.466Z</time></trkpt>
      <trkpt lat="26.558032" lon="98.904419"><time>2026-04-28T00:37:27.483Z</time></trkpt>
      <trkpt lat="26.558032" lon="98.904419"><time>2026-04-28T00:37:27.499Z</time></trkpt>
      <trkpt lat="26.558032" lon="98.904419"><time>2026-04-28T00:37:27.516Z</time></trkpt>
      <trkpt lat="26.558036" lon="98.904401"><time>2026-04-28T00:37:27.533Z</time></trkpt>
      <trkpt lat="26.558036" lon="98.904401"><time>2026-04-28T00:37:27.549Z</time></trkpt>
      <trkpt lat="26.558036" lon="98.904401"><time>2026-04-28T00:37:27.566Z</time></trkpt>
      <trkpt lat="26.558036" lon="98.904401"><time>2026-04-28T00:37:27.583Z</time></trkpt>
      <trkpt lat="26.558036" lon="98.904401"><time>2026-04-28T00:37:27.600Z</time></trkpt>
      <trkpt lat="26.558036" lon="98.904401"><time>2026-04-28T00:37:27.616Z</time></trkpt>
      <trkpt lat="26.55804" lon="98.904383"><time>2026-04-28T00:37:27.633Z</time></trkpt>
      <trkpt lat="26.55804" lon="98.904383"><time>2026-04-28T00:37:27.650Z</time></trkpt>
      <trkpt lat="26.55804" lon="98.904383"><time>2026-04-28T00:37:27.666Z</time></trkpt>
      <trkpt lat="26.55804" lon="98.904383"><time>2026-04-28T00:37:27.683Z</time></trkpt>
      <trkpt lat="26.55804" lon="98.904383"><time>2026-04-28T00:37:27.700Z</time></trkpt>
      <trkpt lat="26.55804" lon="98.904383"><time>2026-04-28T00:37:27.716Z</time></trkpt>
      <trkpt lat="26.558044" lon="98.904364"><time>2026-04-28T00:37:27.733Z</time></trkpt>
      <trkpt lat="26.558044" lon="98.904364"><time>2026-04-28T00:37:27.750Z</time></trkpt>
      <trkpt lat="26.558044" lon="98.904364"><time>2026-04-28T00:37:27.766Z</time></trkpt>
      <trkpt lat="26.558044" lon="98.904364"><time>2026-04-28T00:37:27.783Z</time></trkpt>
      <trkpt lat="26.558044" lon="98.904364"><time>2026-04-28T00:37:27.800Z</time></trkpt>
      <trkpt lat="26.558044" lon="98.904364"><time>2026-04-28T00:37:27.816Z</time></trkpt>
      <trkpt lat="26.558048" lon="98.904346"><time>2026-04-28T00:37:27.833Z</time></trkpt>
      <trkpt lat="26.558048" lon="98.904346"><time>2026-04-28T00:37:27.850Z</time></trkpt>
      <trkpt lat="26.558048" lon="98.904346"><time>2026-04-28T00:37:27.866Z</time></trkpt>
      <trkpt lat="26.558048" lon="98.904346"><time>2026-04-28T00:37:27.883Z</time></trkpt>
      <trkpt lat="26.558048" lon="98.904346"><time>2026-04-28T00:37:27.900Z</time></trkpt>
      <trkpt lat="26.558048" lon="98.904346"><time>2026-04-28T00:37:27.917Z</time></trkpt>
      <trkpt lat="26.558052" lon="98.904328"><time>2026-04-28T00:37:27.933Z</time></trkpt>
      <trkpt lat="26.558052" lon="98.904328"><time>2026-04-28T00:37:27.950Z</time></trkpt>
      <trkpt lat="26.558052" lon="98.904328"><time>2026-04-28T00:37:27.967Z</time></trkpt>
      <trkpt lat="26.558052" lon="98.904328"><time>2026-04-28T00:37:27.983Z</time></trkpt>
      <trkpt lat="26.558052" lon="98.904328"><time>2026-04-28T00:37:28.000Z</time></trkpt>
      <trkpt lat="26.558052" lon="98.904328"><time>2026-04-28T00:37:28.017Z</time></trkpt>
      <trkpt lat="26.558056" lon="98.904309"><time>2026-04-28T00:37:28.033Z</time></trkpt>
      <trkpt lat="26.558056" lon="98.904309"><time>2026-04-28T00:37:28.050Z</time></trkpt>
      <trkpt lat="26.558056" lon="98.904309"><time>2026-04-28T00:37:28.067Z</time></trkpt>
      <trkpt lat="26.558056" lon="98.904309"><time>2026-04-28T00:37:28.083Z</time></trkpt>
      <trkpt lat="26.558056" lon="98.904309"><time>2026-04-28T00:37:28.100Z</time></trkpt>
      <trkpt lat="26.558056" lon="98.904309"><time>2026-04-28T00:37:28.117Z</time></trkpt>
      <trkpt lat="26.55806" lon="98.904291"><time>2026-04-28T00:37:28.133Z</time></trkpt>
      <trkpt lat="26.55806" lon="98.904291"><time>2026-04-28T00:37:28.150Z</time></trkpt>
      <trkpt lat="26.55806" lon="98.904291"><time>2026-04-28T00:37:28.167Z</time></trkpt>
      <trkpt lat="26.55806" lon="98.904291"><time>2026-04-28T00:37:28.183Z</time></trkpt>
      <trkpt lat="26.55806" lon="98.904291"><time>2026-04-28T00:37:28.200Z</time></trkpt>
      <trkpt lat="26.55806" lon="98.904291"><time>2026-04-28T00:37:28.217Z</time></trkpt>
      <trkpt lat="26.558063" lon="98.904272"><time>2026-04-28T00:37:28.234Z</time></trkpt>
      <trkpt lat="26.558063" lon="98.904272"><time>2026-04-28T00:37:28.250Z</time></trkpt>
      <trkpt lat="26.558063" lon="98.904272"><time>2026-04-28T00:37:28.267Z</time></trkpt>
      <trkpt lat="26.558063" lon="98.904272"><time>2026-04-28T00:37:28.284Z</time></trkpt>
      <trkpt lat="26.558063" lon="98.904272"><time>2026-04-28T00:37:28.300Z</time></trkpt>
      <trkpt lat="26.558063" lon="98.904272"><time>2026-04-28T00:37:28.317Z</time></trkpt>
      <trkpt lat="26.558067" lon="98.904255"><time>2026-04-28T00:37:28.334Z</time></trkpt>
      <trkpt lat="26.558067" lon="98.904255"><time>2026-04-28T00:37:28.350Z</time></trkpt>
      <trkpt lat="26.558067" lon="98.904255"><time>2026-04-28T00:37:28.367Z</time></trkpt>
      <trkpt lat="26.558067" lon="98.904255"><time>2026-04-28T00:37:28.384Z</time></trkpt>
      <trkpt lat="26.558067" lon="98.904255"><time>2026-04-28T00:37:28.400Z</time></trkpt>
      <trkpt lat="26.558067" lon="98.904255"><time>2026-04-28T00:37:28.417Z</time></trkpt>
      <trkpt lat="26.558071" lon="98.904235"><time>2026-04-28T00:37:28.434Z</time></trkpt>
      <trkpt lat="26.558071" lon="98.904235"><time>2026-04-28T00:37:28.450Z</time></trkpt>
      <trkpt lat="26.558071" lon="98.904235"><time>2026-04-28T00:37:28.467Z</time></trkpt>
      <trkpt lat="26.558071" lon="98.904235"><time>2026-04-28T00:37:28.484Z</time></trkpt>
      <trkpt lat="26.558071" lon="98.904235"><time>2026-04-28T00:37:28.500Z</time></trkpt>
      <trkpt lat="26.558071" lon="98.904235"><time>2026-04-28T00:37:28.517Z</time></trkpt>
      <trkpt lat="26.558074" lon="98.904217"><time>2026-04-28T00:37:28.534Z</time></trkpt>
      <trkpt lat="26.558074" lon="98.904217"><time>2026-04-28T00:37:28.551Z</time></trkpt>
      <trkpt lat="26.558074" lon="98.904217"><time>2026-04-28T00:37:28.567Z</time></trkpt>
      <trkpt lat="26.558074" lon="98.904217"><time>2026-04-28T00:37:28.584Z</time></trkpt>
      <trkpt lat="26.558074" lon="98.904217"><time>2026-04-28T00:37:28.601Z</time></trkpt>
      <trkpt lat="26.558074" lon="98.904217"><time>2026-04-28T00:37:28.617Z</time></trkpt>
      <trkpt lat="26.558078" lon="98.904198"><time>2026-04-28T00:37:28.634Z</time></trkpt>
      <trkpt lat="26.558078" lon="98.904198"><time>2026-04-28T00:37:28.651Z</time></trkpt>
      <trkpt lat="26.558078" lon="98.904198"><time>2026-04-28T00:37:28.667Z</time></trkpt>
      <trkpt lat="26.558078" lon="98.904198"><time>2026-04-28T00:37:28.684Z</time></trkpt>
      <trkpt lat="26.558078" lon="98.904198"><time>2026-04-28T00:37:28.701Z</time></trkpt>
      <trkpt lat="26.558078" lon="98.904198"><time>2026-04-28T00:37:28.717Z</time></trkpt>
      <trkpt lat="26.558081" lon="98.90418"><time>2026-04-28T00:37:28.734Z</time></trkpt>
      <trkpt lat="26.558081" lon="98.90418"><time>2026-04-28T00:37:28.751Z</time></trkpt>
      <trkpt lat="26.558081" lon="98.90418"><time>2026-04-28T00:37:28.767Z</time></trkpt>
      <trkpt lat="26.558081" lon="98.90418"><time>2026-04-28T00:37:28.784Z</time></trkpt>
      <trkpt lat="26.558081" lon="98.90418"><time>2026-04-28T00:37:28.801Z</time></trkpt>
      <trkpt lat="26.558081" lon="98.90418"><time>2026-04-28T00:37:28.817Z</time></trkpt>
      <trkpt lat="26.558085" lon="98.904161"><time>2026-04-28T00:37:28.834Z</time></trkpt>
      <trkpt lat="26.558085" lon="98.904161"><time>2026-04-28T00:37:28.851Z</time></trkpt>
      <trkpt lat="26.558085" lon="98.904161"><time>2026-04-28T00:37:28.868Z</time></trkpt>
      <trkpt lat="26.558085" lon="98.904161"><time>2026-04-28T00:37:28.884Z</time></trkpt>
      <trkpt lat="26.558085" lon="98.904161"><time>2026-04-28T00:37:28.901Z</time></trkpt>
      <trkpt lat="26.558085" lon="98.904161"><time>2026-04-28T00:37:28.918Z</time></trkpt>
      <trkpt lat="26.558089" lon="98.904143"><time>2026-04-28T00:37:28.934Z</time></trkpt>
      <trkpt lat="26.558089" lon="98.904143"><time>2026-04-28T00:37:28.951Z</time></trkpt>
      <trkpt lat="26.558089" lon="98.904143"><time>2026-04-28T00:37:28.968Z</time></trkpt>
      <trkpt lat="26.558089" lon="98.904143"><time>2026-04-28T00:37:28.984Z</time></trkpt>
      <trkpt lat="26.558089" lon="98.904143"><time>2026-04-28T00:37:29.001Z</time></trkpt>
      <trkpt lat="26.558089" lon="98.904143"><time>2026-04-28T00:37:29.018Z</time></trkpt>
      <trkpt lat="26.558093" lon="98.904124"><time>2026-04-28T00:37:29.034Z</time></trkpt>
      <trkpt lat="26.558093" lon="98.904124"><time>2026-04-28T00:37:29.051Z</time></trkpt>
      <trkpt lat="26.558093" lon="98.904124"><time>2026-04-28T00:37:29.068Z</time></trkpt>
      <trkpt lat="26.558093" lon="98.904124"><time>2026-04-28T00:37:29.084Z</time></trkpt>
      <trkpt lat="26.558093" lon="98.904124"><time>2026-04-28T00:37:29.101Z</time></trkpt>
      <trkpt lat="26.558093" lon="98.904124"><time>2026-04-28T00:37:29.118Z</time></trkpt>
      <trkpt lat="26.558097" lon="98.904106"><time>2026-04-28T00:37:29.134Z</time></trkpt>
      <trkpt lat="26.558097" lon="98.904106"><time>2026-04-28T00:37:29.151Z</time></trkpt>
      <trkpt lat="26.558097" lon="98.904106"><time>2026-04-28T00:37:29.168Z</time></trkpt>
      <trkpt lat="26.558097" lon="98.904106"><time>2026-04-28T00:37:29.185Z</time></trkpt>
      <trkpt lat="26.558097" lon="98.904106"><time>2026-04-28T00:37:29.201Z</time></trkpt>
      <trkpt lat="26.558097" lon="98.904106"><time>2026-04-28T00:37:29.218Z</time></trkpt>
      <trkpt lat="26.5581" lon="98.904087"><time>2026-04-28T00:37:29.235Z</time></trkpt>
      <trkpt lat="26.5581" lon="98.904087"><time>2026-04-28T00:37:29.251Z</time></trkpt>
      <trkpt lat="26.5581" lon="98.904087"><time>2026-04-28T00:37:29.268Z</time></trkpt>
      <trkpt lat="26.5581" lon="98.904087"><time>2026-04-28T00:37:29.285Z</time></trkpt>
      <trkpt lat="26.5581" lon="98.904087"><time>2026-04-28T00:37:29.301Z</time></trkpt>
      <trkpt lat="26.5581" lon="98.904087"><time>2026-04-28T00:37:29.318Z</time></trkpt>
      <trkpt lat="26.558104" lon="98.904069"><time>2026-04-28T00:37:29.335Z</time></trkpt>
      <trkpt lat="26.558104" lon="98.904069"><time>2026-04-28T00:37:29.351Z</time></trkpt>
      <trkpt lat="26.558104" lon="98.904069"><time>2026-04-28T00:37:29.368Z</time></trkpt>
      <trkpt lat="26.558104" lon="98.904069"><time>2026-04-28T00:37:29.385Z</time></trkpt>
      <trkpt lat="26.558104" lon="98.904069"><time>2026-04-28T00:37:29.401Z</time></trkpt>
      <trkpt lat="26.558104" lon="98.904069"><time>2026-04-28T00:37:29.418Z</time></trkpt>
      <trkpt lat="26.558108" lon="98.90405"><time>2026-04-28T00:37:29.435Z</time></trkpt>
      <trkpt lat="26.558108" lon="98.90405"><time>2026-04-28T00:37:29.451Z</time></trkpt>
      <trkpt lat="26.558108" lon="98.90405"><time>2026-04-28T00:37:29.468Z</time></trkpt>
      <trkpt lat="26.558108" lon="98.90405"><time>2026-04-28T00:37:29.485Z</time></trkpt>
      <trkpt lat="26.558108" lon="98.90405"><time>2026-04-28T00:37:29.502Z</time></trkpt>
      <trkpt lat="26.558108" lon="98.90405"><time>2026-04-28T00:37:29.518Z</time></trkpt>
      <trkpt lat="26.558113" lon="98.904032"><time>2026-04-28T00:37:29.535Z</time></trkpt>
      <trkpt lat="26.558113" lon="98.904032"><time>2026-04-28T00:37:29.552Z</time></trkpt>
      <trkpt lat="26.558113" lon="98.904032"><time>2026-04-28T00:37:29.568Z</time></trkpt>
      <trkpt lat="26.558113" lon="98.904032"><time>2026-04-28T00:37:29.585Z</time></trkpt>
      <trkpt lat="26.558113" lon="98.904032"><time>2026-04-28T00:37:29.602Z</time></trkpt>
      <trkpt lat="26.558113" lon="98.904032"><time>2026-04-28T00:37:29.618Z</time></trkpt>
      <trkpt lat="26.558117" lon="98.904014"><time>2026-04-28T00:37:29.635Z</time></trkpt>
      <trkpt lat="26.558117" lon="98.904014"><time>2026-04-28T00:37:29.652Z</time></trkpt>
      <trkpt lat="26.558117" lon="98.904014"><time>2026-04-28T00:37:29.668Z</time></trkpt>
      <trkpt lat="26.558117" lon="98.904014"><time>2026-04-28T00:37:29.685Z</time></trkpt>
      <trkpt lat="26.558117" lon="98.904014"><time>2026-04-28T00:37:29.702Z</time></trkpt>
      <trkpt lat="26.558117" lon="98.904014"><time>2026-04-28T00:37:29.718Z</time></trkpt>
      <trkpt lat="26.558121" lon="98.903995"><time>2026-04-28T00:37:29.735Z</time></trkpt>
      <trkpt lat="26.558121" lon="98.903995"><time>2026-04-28T00:37:29.752Z</time></trkpt>
      <trkpt lat="26.558121" lon="98.903995"><time>2026-04-28T00:37:29.768Z</time></trkpt>
      <trkpt lat="26.558121" lon="98.903995"><time>2026-04-28T00:37:29.785Z</time></trkpt>
      <trkpt lat="26.558121" lon="98.903995"><time>2026-04-28T00:37:29.802Z</time></trkpt>
      <trkpt lat="26.558121" lon="98.903995"><time>2026-04-28T00:37:29.818Z</time></trkpt>
      <trkpt lat="26.558125" lon="98.903977"><time>2026-04-28T00:37:29.835Z</time></trkpt>
      <trkpt lat="26.558125" lon="98.903977"><time>2026-04-28T00:37:29.852Z</time></trkpt>
      <trkpt lat="26.558125" lon="98.903977"><time>2026-04-28T00:37:29.869Z</time></trkpt>
      <trkpt lat="26.558125" lon="98.903977"><time>2026-04-28T00:37:29.885Z</time></trkpt>
      <trkpt lat="26.558125" lon="98.903977"><time>2026-04-28T00:37:29.902Z</time></trkpt>
      <trkpt lat="26.558125" lon="98.903977"><time>2026-04-28T00:37:29.919Z</time></trkpt>
      <trkpt lat="26.55813" lon="98.903959"><time>2026-04-28T00:37:29.935Z</time></trkpt>
      <trkpt lat="26.55813" lon="98.903959"><time>2026-04-28T00:37:29.952Z</time></trkpt>
      <trkpt lat="26.55813" lon="98.903959"><time>2026-04-28T00:37:29.969Z</time></trkpt>
      <trkpt lat="26.55813" lon="98.903959"><time>2026-04-28T00:37:29.985Z</time></trkpt>
      <trkpt lat="26.55813" lon="98.903959"><time>2026-04-28T00:37:30.002Z</time></trkpt>
      <trkpt lat="26.55813" lon="98.903959"><time>2026-04-28T00:37:30.019Z</time></trkpt>
      <trkpt lat="26.558134" lon="98.90394"><time>2026-04-28T00:37:30.035Z</time></trkpt>
      <trkpt lat="26.558134" lon="98.90394"><time>2026-04-28T00:37:30.052Z</time></trkpt>
      <trkpt lat="26.558134" lon="98.90394"><time>2026-04-28T00:37:30.069Z</time></trkpt>
      <trkpt lat="26.558134" lon="98.90394"><time>2026-04-28T00:37:30.085Z</time></trkpt>
      <trkpt lat="26.558134" lon="98.90394"><time>2026-04-28T00:37:30.102Z</time></trkpt>
      <trkpt lat="26.558134" lon="98.90394"><time>2026-04-28T00:37:30.119Z</time></trkpt>
      <trkpt lat="26.558138" lon="98.903922"><time>2026-04-28T00:37:30.135Z</time></trkpt>
      <trkpt lat="26.558138" lon="98.903922"><time>2026-04-28T00:37:30.152Z</time></trkpt>
      <trkpt lat="26.558138" lon="98.903922"><time>2026-04-28T00:37:30.169Z</time></trkpt>
      <trkpt lat="26.558138" lon="98.903922"><time>2026-04-28T00:37:30.186Z</time></trkpt>
      <trkpt lat="26.558138" lon="98.903922"><time>2026-04-28T00:37:30.202Z</time></trkpt>
      <trkpt lat="26.558138" lon="98.903922"><time>2026-04-28T00:37:30.219Z</time></trkpt>
      <trkpt lat="26.558142" lon="98.903904"><time>2026-04-28T00:37:30.236Z</time></trkpt>
      <trkpt lat="26.558142" lon="98.903904"><time>2026-04-28T00:37:30.252Z</time></trkpt>
      <trkpt lat="26.558142" lon="98.903904"><time>2026-04-28T00:37:30.269Z</time></trkpt>
      <trkpt lat="26.558142" lon="98.903904"><time>2026-04-28T00:37:30.286Z</time></trkpt>
      <trkpt lat="26.558142" lon="98.903904"><time>2026-04-28T00:37:30.302Z</time></trkpt>
      <trkpt lat="26.558142" lon="98.903904"><time>2026-04-28T00:37:30.319Z</time></trkpt>
      <trkpt lat="26.558146" lon="98.903885"><time>2026-04-28T00:37:30.336Z</time></trkpt>
      <trkpt lat="26.558146" lon="98.903885"><time>2026-04-28T00:37:30.352Z</time></trkpt>
      <trkpt lat="26.558146" lon="98.903885"><time>2026-04-28T00:37:30.369Z</time></trkpt>
      <trkpt lat="26.558146" lon="98.903885"><time>2026-04-28T00:37:30.386Z</time></trkpt>
      <trkpt lat="26.558146" lon="98.903885"><time>2026-04-28T00:37:30.402Z</time></trkpt>
      <trkpt lat="26.558146" lon="98.903885"><time>2026-04-28T00:37:30.419Z</time></trkpt>
      <trkpt lat="26.55815" lon="98.903867"><time>2026-04-28T00:37:30.436Z</time></trkpt>
      <trkpt lat="26.55815" lon="98.903867"><time>2026-04-28T00:37:30.452Z</time></trkpt>
      <trkpt lat="26.55815" lon="98.903867"><time>2026-04-28T00:37:30.469Z</time></trkpt>
      <trkpt lat="26.55815" lon="98.903867"><time>2026-04-28T00:37:30.486Z</time></trkpt>
      <trkpt lat="26.55815" lon="98.903867"><time>2026-04-28T00:37:30.503Z</time></trkpt>
      <trkpt lat="26.55815" lon="98.903867"><time>2026-04-28T00:37:30.519Z</time></trkpt>
      <trkpt lat="26.558155" lon="98.903849"><time>2026-04-28T00:37:30.536Z</time></trkpt>
      <trkpt lat="26.558155" lon="98.903849"><time>2026-04-28T00:37:30.553Z</time></trkpt>
      <trkpt lat="26.558155" lon="98.903849"><time>2026-04-28T00:37:30.569Z</time></trkpt>
      <trkpt lat="26.558155" lon="98.903849"><time>2026-04-28T00:37:30.586Z</time></trkpt>
      <trkpt lat="26.558155" lon="98.903849"><time>2026-04-28T00:37:30.603Z</time></trkpt>
      <trkpt lat="26.558155" lon="98.903849"><time>2026-04-28T00:37:30.619Z</time></trkpt>
      <trkpt lat="26.558159" lon="98.90383"><time>2026-04-28T00:37:30.636Z</time></trkpt>
      <trkpt lat="26.558159" lon="98.90383"><time>2026-04-28T00:37:30.653Z</time></trkpt>
      <trkpt lat="26.558159" lon="98.90383"><time>2026-04-28T00:37:30.669Z</time></trkpt>
      <trkpt lat="26.558159" lon="98.90383"><time>2026-04-28T00:37:30.686Z</time></trkpt>
      <trkpt lat="26.558159" lon="98.90383"><time>2026-04-28T00:37:30.703Z</time></trkpt>
      <trkpt lat="26.558159" lon="98.90383"><time>2026-04-28T00:37:30.719Z</time></trkpt>
      <trkpt lat="26.558163" lon="98.903812"><time>2026-04-28T00:37:30.736Z</time></trkpt>
      <trkpt lat="26.558163" lon="98.903812"><time>2026-04-28T00:37:30.753Z</time></trkpt>
      <trkpt lat="26.558163" lon="98.903812"><time>2026-04-28T00:37:30.769Z</time></trkpt>
      <trkpt lat="26.558163" lon="98.903812"><time>2026-04-28T00:37:30.786Z</time></trkpt>
      <trkpt lat="26.558163" lon="98.903812"><time>2026-04-28T00:37:30.803Z</time></trkpt>
      <trkpt lat="26.558163" lon="98.903812"><time>2026-04-28T00:37:30.820Z</time></trkpt>
      <trkpt lat="26.558167" lon="98.903794"><time>2026-04-28T00:37:30.836Z</time></trkpt>
      <trkpt lat="26.558167" lon="98.903794"><time>2026-04-28T00:37:30.853Z</time></trkpt>
      <trkpt lat="26.558167" lon="98.903794"><time>2026-04-28T00:37:30.870Z</time></trkpt>
      <trkpt lat="26.558167" lon="98.903794"><time>2026-04-28T00:37:30.886Z</time></trkpt>
      <trkpt lat="26.558167" lon="98.903794"><time>2026-04-28T00:37:30.903Z</time></trkpt>
      <trkpt lat="26.558167" lon="98.903794"><time>2026-04-28T00:37:30.920Z</time></trkpt>
      <trkpt lat="26.558171" lon="98.903775"><time>2026-04-28T00:37:30.936Z</time></trkpt>
      <trkpt lat="26.558171" lon="98.903775"><time>2026-04-28T00:37:30.953Z</time></trkpt>
      <trkpt lat="26.558171" lon="98.903775"><time>2026-04-28T00:37:30.970Z</time></trkpt>
      <trkpt lat="26.558171" lon="98.903775"><time>2026-04-28T00:37:30.986Z</time></trkpt>
      <trkpt lat="26.558171" lon="98.903775"><time>2026-04-28T00:37:31.003Z</time></trkpt>
      <trkpt lat="26.558171" lon="98.903775"><time>2026-04-28T00:37:31.020Z</time></trkpt>
      <trkpt lat="26.558176" lon="98.903757"><time>2026-04-28T00:37:31.036Z</time></trkpt>
      <trkpt lat="26.558176" lon="98.903757"><time>2026-04-28T00:37:31.053Z</time></trkpt>
      <trkpt lat="26.558176" lon="98.903757"><time>2026-04-28T00:37:31.070Z</time></trkpt>
      <trkpt lat="26.558176" lon="98.903757"><time>2026-04-28T00:37:31.086Z</time></trkpt>
      <trkpt lat="26.558176" lon="98.903757"><time>2026-04-28T00:37:31.103Z</time></trkpt>
      <trkpt lat="26.558176" lon="98.903757"><time>2026-04-28T00:37:31.120Z</time></trkpt>
      <trkpt lat="26.55818" lon="98.903739"><time>2026-04-28T00:37:31.137Z</time></trkpt>
      <trkpt lat="26.55818" lon="98.903739"><time>2026-04-28T00:37:31.153Z</time></trkpt>
      <trkpt lat="26.55818" lon="98.903739"><time>2026-04-28T00:37:31.170Z</time></trkpt>
      <trkpt lat="26.55818" lon="98.903739"><time>2026-04-28T00:37:31.187Z</time></trkpt>
      <trkpt lat="26.55818" lon="98.903739"><time>2026-04-28T00:37:31.203Z</time></trkpt>
      <trkpt lat="26.55818" lon="98.903739"><time>2026-04-28T00:37:31.220Z</time></trkpt>
      <trkpt lat="26.558184" lon="98.90372"><time>2026-04-28T00:37:31.237Z</time></trkpt>
      <trkpt lat="26.558184" lon="98.90372"><time>2026-04-28T00:37:31.253Z</time></trkpt>
      <trkpt lat="26.558184" lon="98.90372"><time>2026-04-28T00:37:31.270Z</time></trkpt>
      <trkpt lat="26.558184" lon="98.90372"><time>2026-04-28T00:37:31.287Z</time></trkpt>
      <trkpt lat="26.558184" lon="98.90372"><time>2026-04-28T00:37:31.303Z</time></trkpt>
      <trkpt lat="26.558184" lon="98.90372"><time>2026-04-28T00:37:31.320Z</time></trkpt>
      <trkpt lat="26.558188" lon="98.903702"><time>2026-04-28T00:37:31.337Z</time></trkpt>
      <trkpt lat="26.558188" lon="98.903702"><time>2026-04-28T00:37:31.353Z</time></trkpt>
      <trkpt lat="26.558188" lon="98.903702"><time>2026-04-28T00:37:31.370Z</time></trkpt>
      <trkpt lat="26.558188" lon="98.903702"><time>2026-04-28T00:37:31.387Z</time></trkpt>
      <trkpt lat="26.558188" lon="98.903702"><time>2026-04-28T00:37:31.403Z</time></trkpt>
      <trkpt lat="26.558188" lon="98.903702"><time>2026-04-28T00:37:31.420Z</time></trkpt>
      <trkpt lat="26.558192" lon="98.903684"><time>2026-04-28T00:37:31.437Z</time></trkpt>
      <trkpt lat="26.558192" lon="98.903684"><time>2026-04-28T00:37:31.454Z</time></trkpt>
      <trkpt lat="26.558192" lon="98.903684"><time>2026-04-28T00:37:31.470Z</time></trkpt>
      <trkpt lat="26.558192" lon="98.903684"><time>2026-04-28T00:37:31.487Z</time></trkpt>
      <trkpt lat="26.558192" lon="98.903684"><time>2026-04-28T00:37:31.504Z</time></trkpt>
      <trkpt lat="26.558192" lon="98.903684"><time>2026-04-28T00:37:31.520Z</time></trkpt>
      <trkpt lat="26.558197" lon="98.903665"><time>2026-04-28T00:37:31.537Z</time></trkpt>
      <trkpt lat="26.558197" lon="98.903665"><time>2026-04-28T00:37:31.554Z</time></trkpt>
      <trkpt lat="26.558197" lon="98.903665"><time>2026-04-28T00:37:31.570Z</time></trkpt>
      <trkpt lat="26.558197" lon="98.903665"><time>2026-04-28T00:37:31.587Z</time></trkpt>
      <trkpt lat="26.558197" lon="98.903665"><time>2026-04-28T00:37:31.604Z</time></trkpt>
      <trkpt lat="26.558197" lon="98.903665"><time>2026-04-28T00:37:31.620Z</time></trkpt>
      <trkpt lat="26.558201" lon="98.903647"><time>2026-04-28T00:37:31.637Z</time></trkpt>
      <trkpt lat="26.558201" lon="98.903647"><time>2026-04-28T00:37:31.654Z</time></trkpt>
      <trkpt lat="26.558201" lon="98.903647"><time>2026-04-28T00:37:31.670Z</time></trkpt>
      <trkpt lat="26.558201" lon="98.903647"><time>2026-04-28T00:37:31.687Z</time></trkpt>
      <trkpt lat="26.558201" lon="98.903647"><time>2026-04-28T00:37:31.704Z</time></trkpt>
      <trkpt lat="26.558201" lon="98.903647"><time>2026-04-28T00:37:31.720Z</time></trkpt>
      <trkpt lat="26.558205" lon="98.903629"><time>2026-04-28T00:37:31.737Z</time></trkpt>
      <trkpt lat="26.558205" lon="98.903629"><time>2026-04-28T00:37:31.754Z</time></trkpt>
      <trkpt lat="26.558205" lon="98.903629"><time>2026-04-28T00:37:31.771Z</time></trkpt>
      <trkpt lat="26.558205" lon="98.903629"><time>2026-04-28T00:37:31.787Z</time></trkpt>
      <trkpt lat="26.558205" lon="98.903629"><time>2026-04-28T00:37:31.804Z</time></trkpt>
      <trkpt lat="26.558205" lon="98.903629"><time>2026-04-28T00:37:31.821Z</time></trkpt>
      <trkpt lat="26.558209" lon="98.90361"><time>2026-04-28T00:37:31.837Z</time></trkpt>
      <trkpt lat="26.558209" lon="98.90361"><time>2026-04-28T00:37:31.854Z</time></trkpt>
      <trkpt lat="26.558209" lon="98.90361"><time>2026-04-28T00:37:31.871Z</time></trkpt>
      <trkpt lat="26.558209" lon="98.90361"><time>2026-04-28T00:37:31.887Z</time></trkpt>
      <trkpt lat="26.558209" lon="98.90361"><time>2026-04-28T00:37:31.904Z</time></trkpt>
      <trkpt lat="26.558209" lon="98.90361"><time>2026-04-28T00:37:31.921Z</time></trkpt>
      <trkpt lat="26.558213" lon="98.903592"><time>2026-04-28T00:37:31.937Z</time></trkpt>
      <trkpt lat="26.558213" lon="98.903592"><time>2026-04-28T00:37:31.954Z</time></trkpt>
      <trkpt lat="26.558213" lon="98.903592"><time>2026-04-28T00:37:31.971Z</time></trkpt>
      <trkpt lat="26.558213" lon="98.903592"><time>2026-04-28T00:37:31.987Z</time></trkpt>
      <trkpt lat="26.558213" lon="98.903592"><time>2026-04-28T00:37:32.004Z</time></trkpt>
      <trkpt lat="26.558213" lon="98.903592"><time>2026-04-28T00:37:32.021Z</time></trkpt>
      <trkpt lat="26.558217" lon="98.903573"><time>2026-04-28T00:37:32.037Z</time></trkpt>
      <trkpt lat="26.558217" lon="98.903573"><time>2026-04-28T00:37:32.054Z</time></trkpt>
      <trkpt lat="26.558217" lon="98.903573"><time>2026-04-28T00:37:32.071Z</time></trkpt>
      <trkpt lat="26.558217" lon="98.903573"><time>2026-04-28T00:37:32.088Z</time></trkpt>
      <trkpt lat="26.558217" lon="98.903573"><time>2026-04-28T00:37:32.104Z</time></trkpt>
      <trkpt lat="26.558217" lon="98.903573"><time>2026-04-28T00:37:32.121Z</time></trkpt>
      <trkpt lat="26.558221" lon="98.903555"><time>2026-04-28T00:37:32.138Z</time></trkpt>
      <trkpt lat="26.558221" lon="98.903555"><time>2026-04-28T00:37:32.154Z</time></trkpt>
      <trkpt lat="26.558221" lon="98.903555"><time>2026-04-28T00:37:32.171Z</time></trkpt>
      <trkpt lat="26.558221" lon="98.903555"><time>2026-04-28T00:37:32.188Z</time></trkpt>
      <trkpt lat="26.558221" lon="98.903555"><time>2026-04-28T00:37:32.204Z</time></trkpt>
      <trkpt lat="26.558221" lon="98.903555"><time>2026-04-28T00:37:32.221Z</time></trkpt>
      <trkpt lat="26.558225" lon="98.903537"><time>2026-04-28T00:37:32.238Z</time></trkpt>
      <trkpt lat="26.558225" lon="98.903537"><time>2026-04-28T00:37:32.254Z</time></trkpt>
      <trkpt lat="26.558225" lon="98.903537"><time>2026-04-28T00:37:32.271Z</time></trkpt>
      <trkpt lat="26.558225" lon="98.903537"><time>2026-04-28T00:37:32.288Z</time></trkpt>
      <trkpt lat="26.558225" lon="98.903537"><time>2026-04-28T00:37:32.304Z</time></trkpt>
      <trkpt lat="26.558225" lon="98.903537"><time>2026-04-28T00:37:32.321Z</time></trkpt>
      <trkpt lat="26.558229" lon="98.903519"><time>2026-04-28T00:37:32.338Z</time></trkpt>
      <trkpt lat="26.558229" lon="98.903519"><time>2026-04-28T00:37:32.354Z</time></trkpt>
      <trkpt lat="26.558229" lon="98.903519"><time>2026-04-28T00:37:32.371Z</time></trkpt>
      <trkpt lat="26.558229" lon="98.903519"><time>2026-04-28T00:37:32.388Z</time></trkpt>
      <trkpt lat="26.558229" lon="98.903519"><time>2026-04-28T00:37:32.405Z</time></trkpt>
      <trkpt lat="26.558229" lon="98.903519"><time>2026-04-28T00:37:32.421Z</time></trkpt>
      <trkpt lat="26.558233" lon="98.9035"><time>2026-04-28T00:37:32.438Z</time></trkpt>
      <trkpt lat="26.558233" lon="98.9035"><time>2026-04-28T00:37:32.455Z</time></trkpt>
      <trkpt lat="26.558233" lon="98.9035"><time>2026-04-28T00:37:32.471Z</time></trkpt>
      <trkpt lat="26.558233" lon="98.9035"><time>2026-04-28T00:37:32.488Z</time></trkpt>
      <trkpt lat="26.558233" lon="98.9035"><time>2026-04-28T00:37:32.505Z</time></trkpt>
      <trkpt lat="26.558233" lon="98.9035"><time>2026-04-28T00:37:32.521Z</time></trkpt>
      <trkpt lat="26.558237" lon="98.903482"><time>2026-04-28T00:37:32.538Z</time></trkpt>
      <trkpt lat="26.558237" lon="98.903482"><time>2026-04-28T00:37:32.555Z</time></trkpt>
      <trkpt lat="26.558237" lon="98.903482"><time>2026-04-28T00:37:32.571Z</time></trkpt>
      <trkpt lat="26.558237" lon="98.903482"><time>2026-04-28T00:37:32.588Z</time></trkpt>
      <trkpt lat="26.558237" lon="98.903482"><time>2026-04-28T00:37:32.605Z</time></trkpt>
      <trkpt lat="26.558237" lon="98.903482"><time>2026-04-28T00:37:32.621Z</time></trkpt>
      <trkpt lat="26.558216" lon="98.903456"><time>2026-04-28T00:37:32.638Z</time></trkpt>
      <trkpt lat="26.558216" lon="98.903456"><time>2026-04-28T00:37:32.655Z</time></trkpt>
      <trkpt lat="26.558216" lon="98.903456"><time>2026-04-28T00:37:32.671Z</time></trkpt>
      <trkpt lat="26.558216" lon="98.903456"><time>2026-04-28T00:37:32.688Z</time></trkpt>
      <trkpt lat="26.558216" lon="98.903456"><time>2026-04-28T00:37:32.705Z</time></trkpt>
      <trkpt lat="26.558216" lon="98.903456"><time>2026-04-28T00:37:32.722Z</time></trkpt>
      <trkpt lat="26.55822" lon="98.903438"><time>2026-04-28T00:37:32.738Z</time></trkpt>
      <trkpt lat="26.55822" lon="98.903438"><time>2026-04-28T00:37:32.755Z</time></trkpt>
      <trkpt lat="26.55822" lon="98.903438"><time>2026-04-28T00:37:32.772Z</time></trkpt>
      <trkpt lat="26.55822" lon="98.903438"><time>2026-04-28T00:37:32.788Z</time></trkpt>
      <trkpt lat="26.55822" lon="98.903438"><time>2026-04-28T00:37:32.805Z</time></trkpt>
      <trkpt lat="26.55822" lon="98.903438"><time>2026-04-28T00:37:32.822Z</time></trkpt>
      <trkpt lat="26.558224" lon="98.903419"><time>2026-04-28T00:37:32.838Z</time></trkpt>
      <trkpt lat="26.558224" lon="98.903419"><time>2026-04-28T00:37:32.855Z</time></trkpt>
      <trkpt lat="26.558224" lon="98.903419"><time>2026-04-28T00:37:32.872Z</time></trkpt>
      <trkpt lat="26.558224" lon="98.903419"><time>2026-04-28T00:37:32.888Z</time></trkpt>
      <trkpt lat="26.558224" lon="98.903419"><time>2026-04-28T00:37:32.905Z</time></trkpt>
      <trkpt lat="26.558224" lon="98.903419"><time>2026-04-28T00:37:32.922Z</time></trkpt>
      <trkpt lat="26.558227" lon="98.903401"><time>2026-04-28T00:37:32.938Z</time></trkpt>
      <trkpt lat="26.558227" lon="98.903401"><time>2026-04-28T00:37:32.955Z</time></trkpt>
      <trkpt lat="26.558227" lon="98.903401"><time>2026-04-28T00:37:32.972Z</time></trkpt>
      <trkpt lat="26.558227" lon="98.903401"><time>2026-04-28T00:37:32.988Z</time></trkpt>
      <trkpt lat="26.558227" lon="98.903401"><time>2026-04-28T00:37:33.005Z</time></trkpt>
      <trkpt lat="26.558227" lon="98.903401"><time>2026-04-28T00:37:33.022Z</time></trkpt>
      <trkpt lat="26.558231" lon="98.903382"><time>2026-04-28T00:37:33.039Z</time></trkpt>
      <trkpt lat="26.558231" lon="98.903382"><time>2026-04-28T00:37:33.055Z</time></trkpt>
      <trkpt lat="26.558231" lon="98.903382"><time>2026-04-28T00:37:33.072Z</time></trkpt>
      <trkpt lat="26.558231" lon="98.903382"><time>2026-04-28T00:37:33.089Z</time></trkpt>
      <trkpt lat="26.558231" lon="98.903382"><time>2026-04-28T00:37:33.105Z</time></trkpt>
      <trkpt lat="26.558231" lon="98.903382"><time>2026-04-28T00:37:33.122Z</time></trkpt>
      <trkpt lat="26.558234" lon="98.903364"><time>2026-04-28T00:37:33.139Z</time></trkpt>
      <trkpt lat="26.558234" lon="98.903364"><time>2026-04-28T00:37:33.155Z</time></trkpt>
      <trkpt lat="26.558234" lon="98.903364"><time>2026-04-28T00:37:33.172Z</time></trkpt>
      <trkpt lat="26.558234" lon="98.903364"><time>2026-04-28T00:37:33.189Z</time></trkpt>
      <trkpt lat="26.558234" lon="98.903364"><time>2026-04-28T00:37:33.205Z</time></trkpt>
      <trkpt lat="26.558234" lon="98.903364"><time>2026-04-28T00:37:33.222Z</time></trkpt>
      <trkpt lat="26.558238" lon="98.903345"><time>2026-04-28T00:37:33.239Z</time></trkpt>
      <trkpt lat="26.558238" lon="98.903345"><time>2026-04-28T00:37:33.255Z</time></trkpt>
      <trkpt lat="26.558238" lon="98.903345"><time>2026-04-28T00:37:33.272Z</time></trkpt>
      <trkpt lat="26.558238" lon="98.903345"><time>2026-04-28T00:37:33.289Z</time></trkpt>
      <trkpt lat="26.558238" lon="98.903345"><time>2026-04-28T00:37:33.305Z</time></trkpt>
      <trkpt lat="26.558238" lon="98.903345"><time>2026-04-28T00:37:33.322Z</time></trkpt>
      <trkpt lat="26.558241" lon="98.903327"><time>2026-04-28T00:37:33.339Z</time></trkpt>
      <trkpt lat="26.558241" lon="98.903327"><time>2026-04-28T00:37:33.356Z</time></trkpt>
      <trkpt lat="26.558241" lon="98.903327"><time>2026-04-28T00:37:33.372Z</time></trkpt>
      <trkpt lat="26.558241" lon="98.903327"><time>2026-04-28T00:37:33.389Z</time></trkpt>
      <trkpt lat="26.558241" lon="98.903327"><time>2026-04-28T00:37:33.406Z</time></trkpt>
      <trkpt lat="26.558241" lon="98.903327"><time>2026-04-28T00:37:33.422Z</time></trkpt>
      <trkpt lat="26.558245" lon="98.903308"><time>2026-04-28T00:37:33.439Z</time></trkpt>
      <trkpt lat="26.558245" lon="98.903308"><time>2026-04-28T00:37:33.456Z</time></trkpt>
      <trkpt lat="26.558245" lon="98.903308"><time>2026-04-28T00:37:33.472Z</time></trkpt>
      <trkpt lat="26.558245" lon="98.903308"><time>2026-04-28T00:37:33.489Z</time></trkpt>
      <trkpt lat="26.558245" lon="98.903308"><time>2026-04-28T00:37:33.506Z</time></trkpt>
      <trkpt lat="26.558245" lon="98.903308"><time>2026-04-28T00:37:33.522Z</time></trkpt>
      <trkpt lat="26.558248" lon="98.90329"><time>2026-04-28T00:37:33.539Z</time></trkpt>
      <trkpt lat="26.558248" lon="98.90329"><time>2026-04-28T00:37:33.556Z</time></trkpt>
      <trkpt lat="26.558248" lon="98.90329"><time>2026-04-28T00:37:33.572Z</time></trkpt>
      <trkpt lat="26.558248" lon="98.90329"><time>2026-04-28T00:37:33.589Z</time></trkpt>
      <trkpt lat="26.558248" lon="98.90329"><time>2026-04-28T00:37:33.606Z</time></trkpt>
      <trkpt lat="26.558248" lon="98.90329"><time>2026-04-28T00:37:33.622Z</time></trkpt>
      <trkpt lat="26.558252" lon="98.903271"><time>2026-04-28T00:37:33.639Z</time></trkpt>
      <trkpt lat="26.558252" lon="98.903271"><time>2026-04-28T00:37:33.656Z</time></trkpt>
      <trkpt lat="26.558252" lon="98.903271"><time>2026-04-28T00:37:33.673Z</time></trkpt>
      <trkpt lat="26.558252" lon="98.903271"><time>2026-04-28T00:37:33.689Z</time></trkpt>
      <trkpt lat="26.558252" lon="98.903271"><time>2026-04-28T00:37:33.706Z</time></trkpt>
      <trkpt lat="26.558252" lon="98.903271"><time>2026-04-28T00:37:33.723Z</time></trkpt>
      <trkpt lat="26.558255" lon="98.903253"><time>2026-04-28T00:37:33.739Z</time></trkpt>
      <trkpt lat="26.558255" lon="98.903253"><time>2026-04-28T00:37:33.756Z</time></trkpt>
      <trkpt lat="26.558255" lon="98.903253"><time>2026-04-28T00:37:33.773Z</time></trkpt>
      <trkpt lat="26.558255" lon="98.903253"><time>2026-04-28T00:37:33.789Z</time></trkpt>
      <trkpt lat="26.558255" lon="98.903253"><time>2026-04-28T00:37:33.806Z</time></trkpt>
      <trkpt lat="26.558255" lon="98.903253"><time>2026-04-28T00:37:33.823Z</time></trkpt>
      <trkpt lat="26.558259" lon="98.903235"><time>2026-04-28T00:37:33.839Z</time></trkpt>
      <trkpt lat="26.558259" lon="98.903235"><time>2026-04-28T00:37:33.856Z</time></trkpt>
      <trkpt lat="26.558259" lon="98.903235"><time>2026-04-28T00:37:33.873Z</time></trkpt>
      <trkpt lat="26.558259" lon="98.903235"><time>2026-04-28T00:37:33.889Z</time></trkpt>
      <trkpt lat="26.558259" lon="98.903235"><time>2026-04-28T00:37:33.906Z</time></trkpt>
      <trkpt lat="26.558259" lon="98.903235"><time>2026-04-28T00:37:33.923Z</time></trkpt>
      <trkpt lat="26.558262" lon="98.903216"><time>2026-04-28T00:37:33.939Z</time></trkpt>
      <trkpt lat="26.558262" lon="98.903216"><time>2026-04-28T00:37:33.956Z</time></trkpt>
      <trkpt lat="26.558262" lon="98.903216"><time>2026-04-28T00:37:33.973Z</time></trkpt>
      <trkpt lat="26.558262" lon="98.903216"><time>2026-04-28T00:37:33.990Z</time></trkpt>
      <trkpt lat="26.558262" lon="98.903216"><time>2026-04-28T00:37:34.006Z</time></trkpt>
      <trkpt lat="26.558262" lon="98.903216"><time>2026-04-28T00:37:34.023Z</time></trkpt>
      <trkpt lat="26.558266" lon="98.903198"><time>2026-04-28T00:37:34.040Z</time></trkpt>
      <trkpt lat="26.558266" lon="98.903198"><time>2026-04-28T00:37:34.056Z</time></trkpt>
      <trkpt lat="26.558266" lon="98.903198"><time>2026-04-28T00:37:34.073Z</time></trkpt>
      <trkpt lat="26.558266" lon="98.903198"><time>2026-04-28T00:37:34.090Z</time></trkpt>
      <trkpt lat="26.558266" lon="98.903198"><time>2026-04-28T00:37:34.106Z</time></trkpt>
      <trkpt lat="26.558266" lon="98.903198"><time>2026-04-28T00:37:34.123Z</time></trkpt>
      <trkpt lat="26.55827" lon="98.903179"><time>2026-04-28T00:37:34.140Z</time></trkpt>
      <trkpt lat="26.55827" lon="98.903179"><time>2026-04-28T00:37:34.156Z</time></trkpt>
      <trkpt lat="26.55827" lon="98.903179"><time>2026-04-28T00:37:34.173Z</time></trkpt>
      <trkpt lat="26.55827" lon="98.903179"><time>2026-04-28T00:37:34.190Z</time></trkpt>
      <trkpt lat="26.55827" lon="98.903179"><time>2026-04-28T00:37:34.206Z</time></trkpt>
      <trkpt lat="26.55827" lon="98.903179"><time>2026-04-28T00:37:34.223Z</time></trkpt>
      <trkpt lat="26.558273" lon="98.903161"><time>2026-04-28T00:37:34.240Z</time></trkpt>
      <trkpt lat="26.558273" lon="98.903161"><time>2026-04-28T00:37:34.256Z</time></trkpt>
      <trkpt lat="26.558273" lon="98.903161"><time>2026-04-28T00:37:34.273Z</time></trkpt>
      <trkpt lat="26.558273" lon="98.903161"><time>2026-04-28T00:37:34.290Z</time></trkpt>
      <trkpt lat="26.558273" lon="98.903161"><time>2026-04-28T00:37:34.307Z</time></trkpt>
      <trkpt lat="26.558273" lon="98.903161"><time>2026-04-28T00:37:34.323Z</time></trkpt>
      <trkpt lat="26.558277" lon="98.903142"><time>2026-04-28T00:37:34.340Z</time></trkpt>
      <trkpt lat="26.558277" lon="98.903142"><time>2026-04-28T00:37:34.357Z</time></trkpt>
      <trkpt lat="26.558277" lon="98.903142"><time>2026-04-28T00:37:34.373Z</time></trkpt>
      <trkpt lat="26.558277" lon="98.903142"><time>2026-04-28T00:37:34.390Z</time></trkpt>
      <trkpt lat="26.558277" lon="98.903142"><time>2026-04-28T00:37:34.407Z</time></trkpt>
      <trkpt lat="26.558277" lon="98.903142"><time>2026-04-28T00:37:34.423Z</time></trkpt>
      <trkpt lat="26.558281" lon="98.903124"><time>2026-04-28T00:37:34.440Z</time></trkpt>
      <trkpt lat="26.558281" lon="98.903124"><time>2026-04-28T00:37:34.457Z</time></trkpt>
      <trkpt lat="26.558281" lon="98.903124"><time>2026-04-28T00:37:34.473Z</time></trkpt>
      <trkpt lat="26.558281" lon="98.903124"><time>2026-04-28T00:37:34.490Z</time></trkpt>
      <trkpt lat="26.558281" lon="98.903124"><time>2026-04-28T00:37:34.507Z</time></trkpt>
      <trkpt lat="26.558281" lon="98.903124"><time>2026-04-28T00:37:34.523Z</time></trkpt>
      <trkpt lat="26.558285" lon="98.903106"><time>2026-04-28T00:37:34.540Z</time></trkpt>
      <trkpt lat="26.558285" lon="98.903106"><time>2026-04-28T00:37:34.557Z</time></trkpt>
      <trkpt lat="26.558285" lon="98.903106"><time>2026-04-28T00:37:34.573Z</time></trkpt>
      <trkpt lat="26.558285" lon="98.903106"><time>2026-04-28T00:37:34.590Z</time></trkpt>
      <trkpt lat="26.558285" lon="98.903106"><time>2026-04-28T00:37:34.607Z</time></trkpt>
      <trkpt lat="26.558285" lon="98.903106"><time>2026-04-28T00:37:34.624Z</time></trkpt>
      <trkpt lat="26.558288" lon="98.903088"><time>2026-04-28T00:37:34.640Z</time></trkpt>
      <trkpt lat="26.558288" lon="98.903088"><time>2026-04-28T00:37:34.657Z</time></trkpt>
      <trkpt lat="26.558288" lon="98.903088"><time>2026-04-28T00:37:34.674Z</time></trkpt>
      <trkpt lat="26.558288" lon="98.903088"><time>2026-04-28T00:37:34.690Z</time></trkpt>
      <trkpt lat="26.558288" lon="98.903088"><time>2026-04-28T00:37:34.707Z</time></trkpt>
      <trkpt lat="26.558288" lon="98.903088"><time>2026-04-28T00:37:34.724Z</time></trkpt>
      <trkpt lat="26.558292" lon="98.903069"><time>2026-04-28T00:37:34.740Z</time></trkpt>
      <trkpt lat="26.558292" lon="98.903069"><time>2026-04-28T00:37:34.757Z</time></trkpt>
      <trkpt lat="26.558292" lon="98.903069"><time>2026-04-28T00:37:34.774Z</time></trkpt>
      <trkpt lat="26.558292" lon="98.903069"><time>2026-04-28T00:37:34.790Z</time></trkpt>
      <trkpt lat="26.558292" lon="98.903069"><time>2026-04-28T00:37:34.807Z</time></trkpt>
      <trkpt lat="26.558292" lon="98.903069"><time>2026-04-28T00:37:34.824Z</time></trkpt>
      <trkpt lat="26.558296" lon="98.90305"><time>2026-04-28T00:37:34.840Z</time></trkpt>
      <trkpt lat="26.558296" lon="98.90305"><time>2026-04-28T00:37:34.857Z</time></trkpt>
      <trkpt lat="26.558296" lon="98.90305"><time>2026-04-28T00:37:34.874Z</time></trkpt>
      <trkpt lat="26.558296" lon="98.90305"><time>2026-04-28T00:37:34.890Z</time></trkpt>
      <trkpt lat="26.558296" lon="98.90305"><time>2026-04-28T00:37:34.907Z</time></trkpt>
      <trkpt lat="26.558296" lon="98.90305"><time>2026-04-28T00:37:34.924Z</time></trkpt>
      <trkpt lat="26.5583" lon="98.903032"><time>2026-04-28T00:37:34.941Z</time></trkpt>
      <trkpt lat="26.5583" lon="98.903032"><time>2026-04-28T00:37:34.957Z</time></trkpt>
      <trkpt lat="26.5583" lon="98.903032"><time>2026-04-28T00:37:34.974Z</time></trkpt>
      <trkpt lat="26.5583" lon="98.903032"><time>2026-04-28T00:37:34.991Z</time></trkpt>
      <trkpt lat="26.5583" lon="98.903032"><time>2026-04-28T00:37:35.007Z</time></trkpt>
      <trkpt lat="26.5583" lon="98.903032"><time>2026-04-28T00:37:35.024Z</time></trkpt>
      <trkpt lat="26.558303" lon="98.903014"><time>2026-04-28T00:37:35.041Z</time></trkpt>
      <trkpt lat="26.558303" lon="98.903014"><time>2026-04-28T00:37:35.057Z</time></trkpt>
      <trkpt lat="26.558303" lon="98.903014"><time>2026-04-28T00:37:35.074Z</time></trkpt>
      <trkpt lat="26.558303" lon="98.903014"><time>2026-04-28T00:37:35.091Z</time></trkpt>
      <trkpt lat="26.558303" lon="98.903014"><time>2026-04-28T00:37:35.107Z</time></trkpt>
      <trkpt lat="26.558303" lon="98.903014"><time>2026-04-28T00:37:35.124Z</time></trkpt>
      <trkpt lat="26.558307" lon="98.902996"><time>2026-04-28T00:37:35.141Z</time></trkpt>
      <trkpt lat="26.558307" lon="98.902996"><time>2026-04-28T00:37:35.157Z</time></trkpt>
      <trkpt lat="26.558307" lon="98.902996"><time>2026-04-28T00:37:35.174Z</time></trkpt>
      <trkpt lat="26.558307" lon="98.902996"><time>2026-04-28T00:37:35.191Z</time></trkpt>
      <trkpt lat="26.558307" lon="98.902996"><time>2026-04-28T00:37:35.207Z</time></trkpt>
      <trkpt lat="26.558307" lon="98.902996"><time>2026-04-28T00:37:35.224Z</time></trkpt>
      <trkpt lat="26.558311" lon="98.902977"><time>2026-04-28T00:37:35.241Z</time></trkpt>
      <trkpt lat="26.558311" lon="98.902977"><time>2026-04-28T00:37:35.258Z</time></trkpt>
      <trkpt lat="26.558311" lon="98.902977"><time>2026-04-28T00:37:35.274Z</time></trkpt>
      <trkpt lat="26.558311" lon="98.902977"><time>2026-04-28T00:37:35.291Z</time></trkpt>
      <trkpt lat="26.558311" lon="98.902977"><time>2026-04-28T00:37:35.308Z</time></trkpt>
      <trkpt lat="26.558311" lon="98.902977"><time>2026-04-28T00:37:35.324Z</time></trkpt>
      <trkpt lat="26.558315" lon="98.902959"><time>2026-04-28T00:37:35.341Z</time></trkpt>
      <trkpt lat="26.558315" lon="98.902959"><time>2026-04-28T00:37:35.358Z</time></trkpt>
      <trkpt lat="26.558315" lon="98.902959"><time>2026-04-28T00:37:35.374Z</time></trkpt>
      <trkpt lat="26.558315" lon="98.902959"><time>2026-04-28T00:37:35.391Z</time></trkpt>
      <trkpt lat="26.558315" lon="98.902959"><time>2026-04-28T00:37:35.408Z</time></trkpt>
      <trkpt lat="26.558315" lon="98.902959"><time>2026-04-28T00:37:35.424Z</time></trkpt>
      <trkpt lat="26.558319" lon="98.902941"><time>2026-04-28T00:37:35.441Z</time></trkpt>
      <trkpt lat="26.558319" lon="98.902941"><time>2026-04-28T00:37:35.458Z</time></trkpt>
      <trkpt lat="26.558319" lon="98.902941"><time>2026-04-28T00:37:35.474Z</time></trkpt>
      <trkpt lat="26.558319" lon="98.902941"><time>2026-04-28T00:37:35.491Z</time></trkpt>
      <trkpt lat="26.558319" lon="98.902941"><time>2026-04-28T00:37:35.508Z</time></trkpt>
      <trkpt lat="26.558319" lon="98.902941"><time>2026-04-28T00:37:35.524Z</time></trkpt>
      <trkpt lat="26.558323" lon="98.902923"><time>2026-04-28T00:37:35.541Z</time></trkpt>
      <trkpt lat="26.558323" lon="98.902923"><time>2026-04-28T00:37:35.558Z</time></trkpt>
      <trkpt lat="26.558323" lon="98.902923"><time>2026-04-28T00:37:35.575Z</time></trkpt>
      <trkpt lat="26.558323" lon="98.902923"><time>2026-04-28T00:37:35.591Z</time></trkpt>
      <trkpt lat="26.558323" lon="98.902923"><time>2026-04-28T00:37:35.608Z</time></trkpt>
      <trkpt lat="26.558323" lon="98.902923"><time>2026-04-28T00:37:35.625Z</time></trkpt>
      <trkpt lat="26.558327" lon="98.902905"><time>2026-04-28T00:37:35.641Z</time></trkpt>
      <trkpt lat="26.558327" lon="98.902905"><time>2026-04-28T00:37:35.658Z</time></trkpt>
      <trkpt lat="26.558327" lon="98.902905"><time>2026-04-28T00:37:35.675Z</time></trkpt>
      <trkpt lat="26.558327" lon="98.902905"><time>2026-04-28T00:37:35.691Z</time></trkpt>
      <trkpt lat="26.558327" lon="98.902905"><time>2026-04-28T00:37:35.708Z</time></trkpt>
      <trkpt lat="26.558327" lon="98.902905"><time>2026-04-28T00:37:35.725Z</time></trkpt>
      <trkpt lat="26.558331" lon="98.902886"><time>2026-04-28T00:37:35.741Z</time></trkpt>
      <trkpt lat="26.558331" lon="98.902886"><time>2026-04-28T00:37:35.758Z</time></trkpt>
      <trkpt lat="26.558331" lon="98.902886"><time>2026-04-28T00:37:35.775Z</time></trkpt>
      <trkpt lat="26.558331" lon="98.902886"><time>2026-04-28T00:37:35.791Z</time></trkpt>
      <trkpt lat="26.558331" lon="98.902886"><time>2026-04-28T00:37:35.808Z</time></trkpt>
      <trkpt lat="26.558331" lon="98.902886"><time>2026-04-28T00:37:35.825Z</time></trkpt>
      <trkpt lat="26.558335" lon="98.902869"><time>2026-04-28T00:37:35.841Z</time></trkpt>
      <trkpt lat="26.558335" lon="98.902869"><time>2026-04-28T00:37:35.858Z</time></trkpt>
      <trkpt lat="26.558335" lon="98.902869"><time>2026-04-28T00:37:35.875Z</time></trkpt>
      <trkpt lat="26.558335" lon="98.902869"><time>2026-04-28T00:37:35.892Z</time></trkpt>
      <trkpt lat="26.558335" lon="98.902869"><time>2026-04-28T00:37:35.908Z</time></trkpt>
      <trkpt lat="26.558335" lon="98.902869"><time>2026-04-28T00:37:35.925Z</time></trkpt>
      <trkpt lat="26.558339" lon="98.90285"><time>2026-04-28T00:37:35.942Z</time></trkpt>
      <trkpt lat="26.558339" lon="98.90285"><time>2026-04-28T00:37:35.958Z</time></trkpt>
      <trkpt lat="26.558339" lon="98.90285"><time>2026-04-28T00:37:35.975Z</time></trkpt>
      <trkpt lat="26.558339" lon="98.90285"><time>2026-04-28T00:37:35.992Z</time></trkpt>
      <trkpt lat="26.558339" lon="98.90285"><time>2026-04-28T00:37:36.008Z</time></trkpt>
      <trkpt lat="26.558339" lon="98.90285"><time>2026-04-28T00:37:36.025Z</time></trkpt>
      <trkpt lat="26.558343" lon="98.902832"><time>2026-04-28T00:37:36.042Z</time></trkpt>
      <trkpt lat="26.558343" lon="98.902832"><time>2026-04-28T00:37:36.058Z</time></trkpt>
      <trkpt lat="26.558343" lon="98.902832"><time>2026-04-28T00:37:36.075Z</time></trkpt>
      <trkpt lat="26.558343" lon="98.902832"><time>2026-04-28T00:37:36.092Z</time></trkpt>
      <trkpt lat="26.558343" lon="98.902832"><time>2026-04-28T00:37:36.108Z</time></trkpt>
      <trkpt lat="26.558343" lon="98.902832"><time>2026-04-28T00:37:36.125Z</time></trkpt>
      <trkpt lat="26.558347" lon="98.902814"><time>2026-04-28T00:37:36.142Z</time></trkpt>
      <trkpt lat="26.558347" lon="98.902814"><time>2026-04-28T00:37:36.158Z</time></trkpt>
      <trkpt lat="26.558347" lon="98.902814"><time>2026-04-28T00:37:36.175Z</time></trkpt>
      <trkpt lat="26.558347" lon="98.902814"><time>2026-04-28T00:37:36.192Z</time></trkpt>
      <trkpt lat="26.558347" lon="98.902814"><time>2026-04-28T00:37:36.208Z</time></trkpt>
      <trkpt lat="26.558347" lon="98.902814"><time>2026-04-28T00:37:36.225Z</time></trkpt>
      <trkpt lat="26.558351" lon="98.902796"><time>2026-04-28T00:37:36.242Z</time></trkpt>
      <trkpt lat="26.558351" lon="98.902796"><time>2026-04-28T00:37:36.259Z</time></trkpt>
      <trkpt lat="26.558351" lon="98.902796"><time>2026-04-28T00:37:36.275Z</time></trkpt>
      <trkpt lat="26.558351" lon="98.902796"><time>2026-04-28T00:37:36.292Z</time></trkpt>
      <trkpt lat="26.558351" lon="98.902796"><time>2026-04-28T00:37:36.309Z</time></trkpt>
      <trkpt lat="26.558351" lon="98.902796"><time>2026-04-28T00:37:36.325Z</time></trkpt>
      <trkpt lat="26.558354" lon="98.902778"><time>2026-04-28T00:37:36.342Z</time></trkpt>
      <trkpt lat="26.558354" lon="98.902778"><time>2026-04-28T00:37:36.359Z</time></trkpt>
      <trkpt lat="26.558354" lon="98.902778"><time>2026-04-28T00:37:36.375Z</time></trkpt>
      <trkpt lat="26.558354" lon="98.902778"><time>2026-04-28T00:37:36.392Z</time></trkpt>
      <trkpt lat="26.558354" lon="98.902778"><time>2026-04-28T00:37:36.409Z</time></trkpt>
      <trkpt lat="26.558354" lon="98.902778"><time>2026-04-28T00:37:36.425Z</time></trkpt>
      <trkpt lat="26.558358" lon="98.902759"><time>2026-04-28T00:37:36.442Z</time></trkpt>
      <trkpt lat="26.558358" lon="98.902759"><time>2026-04-28T00:37:36.459Z</time></trkpt>
      <trkpt lat="26.558358" lon="98.902759"><time>2026-04-28T00:37:36.475Z</time></trkpt>
      <trkpt lat="26.558358" lon="98.902759"><time>2026-04-28T00:37:36.492Z</time></trkpt>
      <trkpt lat="26.558358" lon="98.902759"><time>2026-04-28T00:37:36.509Z</time></trkpt>
      <trkpt lat="26.558358" lon="98.902759"><time>2026-04-28T00:37:36.525Z</time></trkpt>
      <trkpt lat="26.558362" lon="98.902741"><time>2026-04-28T00:37:36.542Z</time></trkpt>
      <trkpt lat="26.558362" lon="98.902741"><time>2026-04-28T00:37:36.559Z</time></trkpt>
      <trkpt lat="26.558362" lon="98.902741"><time>2026-04-28T00:37:36.576Z</time></trkpt>
      <trkpt lat="26.558362" lon="98.902741"><time>2026-04-28T00:37:36.592Z</time></trkpt>
      <trkpt lat="26.558362" lon="98.902741"><time>2026-04-28T00:37:36.609Z</time></trkpt>
      <trkpt lat="26.558362" lon="98.902741"><time>2026-04-28T00:37:36.626Z</time></trkpt>
      <trkpt lat="26.558366" lon="98.902723"><time>2026-04-28T00:37:36.642Z</time></trkpt>
      <trkpt lat="26.558366" lon="98.902723"><time>2026-04-28T00:37:36.659Z</time></trkpt>
      <trkpt lat="26.558366" lon="98.902723"><time>2026-04-28T00:37:36.676Z</time></trkpt>
      <trkpt lat="26.558366" lon="98.902723"><time>2026-04-28T00:37:36.692Z</time></trkpt>
      <trkpt lat="26.558366" lon="98.902723"><time>2026-04-28T00:37:36.709Z</time></trkpt>
      <trkpt lat="26.558366" lon="98.902723"><time>2026-04-28T00:37:36.726Z</time></trkpt>
      <trkpt lat="26.55837" lon="98.902705"><time>2026-04-28T00:37:36.742Z</time></trkpt>
      <trkpt lat="26.55837" lon="98.902705"><time>2026-04-28T00:37:36.759Z</time></trkpt>
      <trkpt lat="26.55837" lon="98.902705"><time>2026-04-28T00:37:36.776Z</time></trkpt>
      <trkpt lat="26.55837" lon="98.902705"><time>2026-04-28T00:37:36.792Z</time></trkpt>
      <trkpt lat="26.55837" lon="98.902705"><time>2026-04-28T00:37:36.809Z</time></trkpt>
      <trkpt lat="26.55837" lon="98.902705"><time>2026-04-28T00:37:36.826Z</time></trkpt>
      <trkpt lat="26.558374" lon="98.902687"><time>2026-04-28T00:37:36.842Z</time></trkpt>
      <trkpt lat="26.558374" lon="98.902687"><time>2026-04-28T00:37:36.859Z</time></trkpt>
      <trkpt lat="26.558374" lon="98.902687"><time>2026-04-28T00:37:36.876Z</time></trkpt>
      <trkpt lat="26.558374" lon="98.902687"><time>2026-04-28T00:37:36.893Z</time></trkpt>
      <trkpt lat="26.558374" lon="98.902687"><time>2026-04-28T00:37:36.909Z</time></trkpt>
      <trkpt lat="26.558374" lon="98.902687"><time>2026-04-28T00:37:36.926Z</time></trkpt>
      <trkpt lat="26.558378" lon="98.902669"><time>2026-04-28T00:37:36.943Z</time></trkpt>
      <trkpt lat="26.558378" lon="98.902669"><time>2026-04-28T00:37:36.959Z</time></trkpt>
      <trkpt lat="26.558378" lon="98.902669"><time>2026-04-28T00:37:36.976Z</time></trkpt>
      <trkpt lat="26.558378" lon="98.902669"><time>2026-04-28T00:37:36.993Z</time></trkpt>
      <trkpt lat="26.558378" lon="98.902669"><time>2026-04-28T00:37:37.009Z</time></trkpt>
      <trkpt lat="26.558378" lon="98.902669"><time>2026-04-28T00:37:37.026Z</time></trkpt>
      <trkpt lat="26.558381" lon="98.902651"><time>2026-04-28T00:37:37.043Z</time></trkpt>
      <trkpt lat="26.558381" lon="98.902651"><time>2026-04-28T00:37:37.059Z</time></trkpt>
      <trkpt lat="26.558381" lon="98.902651"><time>2026-04-28T00:37:37.076Z</time></trkpt>
      <trkpt lat="26.558381" lon="98.902651"><time>2026-04-28T00:37:37.093Z</time></trkpt>
      <trkpt lat="26.558381" lon="98.902651"><time>2026-04-28T00:37:37.109Z</time></trkpt>
      <trkpt lat="26.558381" lon="98.902651"><time>2026-04-28T00:37:37.126Z</time></trkpt>
      <trkpt lat="26.558385" lon="98.902633"><time>2026-04-28T00:37:37.143Z</time></trkpt>
      <trkpt lat="26.558385" lon="98.902633"><time>2026-04-28T00:37:37.159Z</time></trkpt>
      <trkpt lat="26.558385" lon="98.902633"><time>2026-04-28T00:37:37.176Z</time></trkpt>
      <trkpt lat="26.558385" lon="98.902633"><time>2026-04-28T00:37:37.193Z</time></trkpt>
      <trkpt lat="26.558385" lon="98.902633"><time>2026-04-28T00:37:37.210Z</time></trkpt>
      <trkpt lat="26.558385" lon="98.902633"><time>2026-04-28T00:37:37.226Z</time></trkpt>
      <trkpt lat="26.558389" lon="98.902615"><time>2026-04-28T00:37:37.243Z</time></trkpt>
      <trkpt lat="26.558389" lon="98.902615"><time>2026-04-28T00:37:37.260Z</time></trkpt>
      <trkpt lat="26.558389" lon="98.902615"><time>2026-04-28T00:37:37.276Z</time></trkpt>
      <trkpt lat="26.558389" lon="98.902615"><time>2026-04-28T00:37:37.293Z</time></trkpt>
      <trkpt lat="26.558389" lon="98.902615"><time>2026-04-28T00:37:37.310Z</time></trkpt>
      <trkpt lat="26.558389" lon="98.902615"><time>2026-04-28T00:37:37.326Z</time></trkpt>
      <trkpt lat="26.558393" lon="98.902597"><time>2026-04-28T00:37:37.343Z</time></trkpt>
      <trkpt lat="26.558393" lon="98.902597"><time>2026-04-28T00:37:37.360Z</time></trkpt>
      <trkpt lat="26.558393" lon="98.902597"><time>2026-04-28T00:37:37.376Z</time></trkpt>
      <trkpt lat="26.558393" lon="98.902597"><time>2026-04-28T00:37:37.393Z</time></trkpt>
      <trkpt lat="26.558393" lon="98.902597"><time>2026-04-28T00:37:37.410Z</time></trkpt>
      <trkpt lat="26.558393" lon="98.902597"><time>2026-04-28T00:37:37.426Z</time></trkpt>
      <trkpt lat="26.558396" lon="98.902579"><time>2026-04-28T00:37:37.443Z</time></trkpt>
      <trkpt lat="26.558396" lon="98.902579"><time>2026-04-28T00:37:37.460Z</time></trkpt>
      <trkpt lat="26.558396" lon="98.902579"><time>2026-04-28T00:37:37.476Z</time></trkpt>
      <trkpt lat="26.558396" lon="98.902579"><time>2026-04-28T00:37:37.493Z</time></trkpt>
      <trkpt lat="26.558396" lon="98.902579"><time>2026-04-28T00:37:37.510Z</time></trkpt>
      <trkpt lat="26.558396" lon="98.902579"><time>2026-04-28T00:37:37.527Z</time></trkpt>
      <trkpt lat="26.5584" lon="98.902561"><time>2026-04-28T00:37:37.543Z</time></trkpt>
      <trkpt lat="26.5584" lon="98.902561"><time>2026-04-28T00:37:37.560Z</time></trkpt>
      <trkpt lat="26.5584" lon="98.902561"><time>2026-04-28T00:37:37.577Z</time></trkpt>
      <trkpt lat="26.5584" lon="98.902561"><time>2026-04-28T00:37:37.593Z</time></trkpt>
      <trkpt lat="26.5584" lon="98.902561"><time>2026-04-28T00:37:37.610Z</time></trkpt>
      <trkpt lat="26.5584" lon="98.902561"><time>2026-04-28T00:37:37.627Z</time></trkpt>
      <trkpt lat="26.558404" lon="98.902542"><time>2026-04-28T00:37:37.643Z</time></trkpt>
      <trkpt lat="26.558404" lon="98.902542"><time>2026-04-28T00:37:37.660Z</time></trkpt>
      <trkpt lat="26.558404" lon="98.902542"><time>2026-04-28T00:37:37.677Z</time></trkpt>
      <trkpt lat="26.558404" lon="98.902542"><time>2026-04-28T00:37:37.693Z</time></trkpt>
      <trkpt lat="26.558404" lon="98.902542"><time>2026-04-28T00:37:37.710Z</time></trkpt>
      <trkpt lat="26.558404" lon="98.902542"><time>2026-04-28T00:37:37.727Z</time></trkpt>
      <trkpt lat="26.558408" lon="98.902524"><time>2026-04-28T00:37:37.743Z</time></trkpt>
      <trkpt lat="26.558408" lon="98.902524"><time>2026-04-28T00:37:37.760Z</time></trkpt>
      <trkpt lat="26.558408" lon="98.902524"><time>2026-04-28T00:37:37.777Z</time></trkpt>
      <trkpt lat="26.558408" lon="98.902524"><time>2026-04-28T00:37:37.793Z</time></trkpt>
      <trkpt lat="26.558408" lon="98.902524"><time>2026-04-28T00:37:37.810Z</time></trkpt>
      <trkpt lat="26.558408" lon="98.902524"><time>2026-04-28T00:37:37.827Z</time></trkpt>
      <trkpt lat="26.558412" lon="98.902506"><time>2026-04-28T00:37:37.844Z</time></trkpt>
      <trkpt lat="26.558412" lon="98.902506"><time>2026-04-28T00:37:37.860Z</time></trkpt>
      <trkpt lat="26.558412" lon="98.902506"><time>2026-04-28T00:37:37.877Z</time></trkpt>
      <trkpt lat="26.558412" lon="98.902506"><time>2026-04-28T00:37:37.894Z</time></trkpt>
      <trkpt lat="26.558412" lon="98.902506"><time>2026-04-28T00:37:37.910Z</time></trkpt>
      <trkpt lat="26.558412" lon="98.902506"><time>2026-04-28T00:37:37.927Z</time></trkpt>
      <trkpt lat="26.558415" lon="98.902488"><time>2026-04-28T00:37:37.944Z</time></trkpt>
      <trkpt lat="26.558415" lon="98.902488"><time>2026-04-28T00:37:37.960Z</time></trkpt>
      <trkpt lat="26.558415" lon="98.902488"><time>2026-04-28T00:37:37.977Z</time></trkpt>
      <trkpt lat="26.558415" lon="98.902488"><time>2026-04-28T00:37:37.994Z</time></trkpt>
      <trkpt lat="26.558415" lon="98.902488"><time>2026-04-28T00:37:38.010Z</time></trkpt>
      <trkpt lat="26.558415" lon="98.902488"><time>2026-04-28T00:37:38.027Z</time></trkpt>
      <trkpt lat="26.558419" lon="98.90247"><time>2026-04-28T00:37:38.044Z</time></trkpt>
      <trkpt lat="26.558419" lon="98.90247"><time>2026-04-28T00:37:38.060Z</time></trkpt>
      <trkpt lat="26.558419" lon="98.90247"><time>2026-04-28T00:37:38.077Z</time></trkpt>
      <trkpt lat="26.558419" lon="98.90247"><time>2026-04-28T00:37:38.094Z</time></trkpt>
      <trkpt lat="26.558419" lon="98.90247"><time>2026-04-28T00:37:38.110Z</time></trkpt>
      <trkpt lat="26.558419" lon="98.90247"><time>2026-04-28T00:37:38.127Z</time></trkpt>
      <trkpt lat="26.558423" lon="98.902452"><time>2026-04-28T00:37:38.144Z</time></trkpt>
      <trkpt lat="26.558423" lon="98.902452"><time>2026-04-28T00:37:38.161Z</time></trkpt>
      <trkpt lat="26.558423" lon="98.902452"><time>2026-04-28T00:37:38.177Z</time></trkpt>
      <trkpt lat="26.558423" lon="98.902452"><time>2026-04-28T00:37:38.194Z</time></trkpt>
      <trkpt lat="26.558423" lon="98.902452"><time>2026-04-28T00:37:38.211Z</time></trkpt>
      <trkpt lat="26.558423" lon="98.902452"><time>2026-04-28T00:37:38.227Z</time></trkpt>
      <trkpt lat="26.558427" lon="98.902434"><time>2026-04-28T00:37:38.244Z</time></trkpt>
      <trkpt lat="26.558427" lon="98.902434"><time>2026-04-28T00:37:38.261Z</time></trkpt>
      <trkpt lat="26.558427" lon="98.902434"><time>2026-04-28T00:37:38.277Z</time></trkpt>
      <trkpt lat="26.558427" lon="98.902434"><time>2026-04-28T00:37:38.294Z</time></trkpt>
      <trkpt lat="26.558427" lon="98.902434"><time>2026-04-28T00:37:38.311Z</time></trkpt>
      <trkpt lat="26.558427" lon="98.902434"><time>2026-04-28T00:37:38.327Z</time></trkpt>
      <trkpt lat="26.558431" lon="98.902416"><time>2026-04-28T00:37:38.344Z</time></trkpt>
      <trkpt lat="26.558431" lon="98.902416"><time>2026-04-28T00:37:38.361Z</time></trkpt>
      <trkpt lat="26.558431" lon="98.902416"><time>2026-04-28T00:37:38.377Z</time></trkpt>
      <trkpt lat="26.558431" lon="98.902416"><time>2026-04-28T00:37:38.394Z</time></trkpt>
      <trkpt lat="26.558431" lon="98.902416"><time>2026-04-28T00:37:38.411Z</time></trkpt>
      <trkpt lat="26.558431" lon="98.902416"><time>2026-04-28T00:37:38.427Z</time></trkpt>
      <trkpt lat="26.558435" lon="98.902398"><time>2026-04-28T00:37:38.444Z</time></trkpt>
      <trkpt lat="26.558435" lon="98.902398"><time>2026-04-28T00:37:38.461Z</time></trkpt>
      <trkpt lat="26.558435" lon="98.902398"><time>2026-04-28T00:37:38.478Z</time></trkpt>
      <trkpt lat="26.558435" lon="98.902398"><time>2026-04-28T00:37:38.494Z</time></trkpt>
      <trkpt lat="26.558435" lon="98.902398"><time>2026-04-28T00:37:38.511Z</time></trkpt>
      <trkpt lat="26.558435" lon="98.902398"><time>2026-04-28T00:37:38.528Z</time></trkpt>
      <trkpt lat="26.558439" lon="98.90238"><time>2026-04-28T00:37:38.544Z</time></trkpt>
      <trkpt lat="26.558439" lon="98.90238"><time>2026-04-28T00:37:38.561Z</time></trkpt>
      <trkpt lat="26.558439" lon="98.90238"><time>2026-04-28T00:37:38.578Z</time></trkpt>
      <trkpt lat="26.558439" lon="98.90238"><time>2026-04-28T00:37:38.594Z</time></trkpt>
      <trkpt lat="26.558439" lon="98.90238"><time>2026-04-28T00:37:38.611Z</time></trkpt>
      <trkpt lat="26.558439" lon="98.90238"><time>2026-04-28T00:37:38.628Z</time></trkpt>
      <trkpt lat="26.558444" lon="98.902362"><time>2026-04-28T00:37:38.644Z</time></trkpt>
      <trkpt lat="26.558444" lon="98.902362"><time>2026-04-28T00:37:38.661Z</time></trkpt>
      <trkpt lat="26.558444" lon="98.902362"><time>2026-04-28T00:37:38.678Z</time></trkpt>
      <trkpt lat="26.558444" lon="98.902362"><time>2026-04-28T00:37:38.694Z</time></trkpt>
      <trkpt lat="26.558444" lon="98.902362"><time>2026-04-28T00:37:38.711Z</time></trkpt>
      <trkpt lat="26.558444" lon="98.902362"><time>2026-04-28T00:37:38.728Z</time></trkpt>
      <trkpt lat="26.558422" lon="98.902336"><time>2026-04-28T00:37:38.744Z</time></trkpt>
      <trkpt lat="26.558422" lon="98.902336"><time>2026-04-28T00:37:38.761Z</time></trkpt>
      <trkpt lat="26.558422" lon="98.902336"><time>2026-04-28T00:37:38.778Z</time></trkpt>
      <trkpt lat="26.558422" lon="98.902336"><time>2026-04-28T00:37:38.795Z</time></trkpt>
      <trkpt lat="26.558422" lon="98.902336"><time>2026-04-28T00:37:38.811Z</time></trkpt>
      <trkpt lat="26.558422" lon="98.902336"><time>2026-04-28T00:37:38.828Z</time></trkpt>
      <trkpt lat="26.558426" lon="98.902318"><time>2026-04-28T00:37:38.845Z</time></trkpt>
      <trkpt lat="26.558426" lon="98.902318"><time>2026-04-28T00:37:38.861Z</time></trkpt>
      <trkpt lat="26.558426" lon="98.902318"><time>2026-04-28T00:37:38.878Z</time></trkpt>
      <trkpt lat="26.558426" lon="98.902318"><time>2026-04-28T00:37:38.895Z</time></trkpt>
      <trkpt lat="26.558426" lon="98.902318"><time>2026-04-28T00:37:38.911Z</time></trkpt>
      <trkpt lat="26.558426" lon="98.902318"><time>2026-04-28T00:37:38.928Z</time></trkpt>
      <trkpt lat="26.55843" lon="98.9023"><time>2026-04-28T00:37:38.945Z</time></trkpt>
      <trkpt lat="26.55843" lon="98.9023"><time>2026-04-28T00:37:38.961Z</time></trkpt>
      <trkpt lat="26.55843" lon="98.9023"><time>2026-04-28T00:37:38.978Z</time></trkpt>
      <trkpt lat="26.55843" lon="98.9023"><time>2026-04-28T00:37:38.995Z</time></trkpt>
      <trkpt lat="26.55843" lon="98.9023"><time>2026-04-28T00:37:39.011Z</time></trkpt>
      <trkpt lat="26.55843" lon="98.9023"><time>2026-04-28T00:37:39.028Z</time></trkpt>
      <trkpt lat="26.558434" lon="98.902282"><time>2026-04-28T00:37:39.045Z</time></trkpt>
      <trkpt lat="26.558434" lon="98.902282"><time>2026-04-28T00:37:39.061Z</time></trkpt>
      <trkpt lat="26.558434" lon="98.902282"><time>2026-04-28T00:37:39.078Z</time></trkpt>
      <trkpt lat="26.558434" lon="98.902282"><time>2026-04-28T00:37:39.095Z</time></trkpt>
      <trkpt lat="26.558434" lon="98.902282"><time>2026-04-28T00:37:39.112Z</time></trkpt>
      <trkpt lat="26.558434" lon="98.902282"><time>2026-04-28T00:37:39.128Z</time></trkpt>
      <trkpt lat="26.558438" lon="98.902265"><time>2026-04-28T00:37:39.145Z</time></trkpt>
      <trkpt lat="26.558438" lon="98.902265"><time>2026-04-28T00:37:39.162Z</time></trkpt>
      <trkpt lat="26.558438" lon="98.902265"><time>2026-04-28T00:37:39.178Z</time></trkpt>
      <trkpt lat="26.558438" lon="98.902265"><time>2026-04-28T00:37:39.195Z</time></trkpt>
      <trkpt lat="26.558438" lon="98.902265"><time>2026-04-28T00:37:39.212Z</time></trkpt>
      <trkpt lat="26.558438" lon="98.902265"><time>2026-04-28T00:37:39.228Z</time></trkpt>
      <trkpt lat="26.558442" lon="98.902246"><time>2026-04-28T00:37:39.245Z</time></trkpt>
      <trkpt lat="26.558442" lon="98.902246"><time>2026-04-28T00:37:39.262Z</time></trkpt>
      <trkpt lat="26.558442" lon="98.902246"><time>2026-04-28T00:37:39.278Z</time></trkpt>
      <trkpt lat="26.558442" lon="98.902246"><time>2026-04-28T00:37:39.295Z</time></trkpt>
      <trkpt lat="26.558442" lon="98.902246"><time>2026-04-28T00:37:39.312Z</time></trkpt>
      <trkpt lat="26.558442" lon="98.902246"><time>2026-04-28T00:37:39.328Z</time></trkpt>
      <trkpt lat="26.558446" lon="98.902228"><time>2026-04-28T00:37:39.345Z</time></trkpt>
      <trkpt lat="26.558446" lon="98.902228"><time>2026-04-28T00:37:39.362Z</time></trkpt>
      <trkpt lat="26.558446" lon="98.902228"><time>2026-04-28T00:37:39.378Z</time></trkpt>
      <trkpt lat="26.558446" lon="98.902228"><time>2026-04-28T00:37:39.395Z</time></trkpt>
      <trkpt lat="26.558446" lon="98.902228"><time>2026-04-28T00:37:39.412Z</time></trkpt>
      <trkpt lat="26.558446" lon="98.902228"><time>2026-04-28T00:37:39.429Z</time></trkpt>
      <trkpt lat="26.558449" lon="98.90221"><time>2026-04-28T00:37:39.445Z</time></trkpt>
      <trkpt lat="26.558449" lon="98.90221"><time>2026-04-28T00:37:39.462Z</time></trkpt>
      <trkpt lat="26.558449" lon="98.90221"><time>2026-04-28T00:37:39.479Z</time></trkpt>
      <trkpt lat="26.558449" lon="98.90221"><time>2026-04-28T00:37:39.495Z</time></trkpt>
      <trkpt lat="26.558449" lon="98.90221"><time>2026-04-28T00:37:39.512Z</time></trkpt>
      <trkpt lat="26.558449" lon="98.90221"><time>2026-04-28T00:37:39.529Z</time></trkpt>
      <trkpt lat="26.558453" lon="98.902192"><time>2026-04-28T00:37:39.545Z</time></trkpt>
      <trkpt lat="26.558453" lon="98.902192"><time>2026-04-28T00:37:39.562Z</time></trkpt>
      <trkpt lat="26.558453" lon="98.902192"><time>2026-04-28T00:37:39.579Z</time></trkpt>
      <trkpt lat="26.558453" lon="98.902192"><time>2026-04-28T00:37:39.595Z</time></trkpt>
      <trkpt lat="26.558453" lon="98.902192"><time>2026-04-28T00:37:39.612Z</time></trkpt>
      <trkpt lat="26.558453" lon="98.902192"><time>2026-04-28T00:37:39.629Z</time></trkpt>
      <trkpt lat="26.558457" lon="98.902174"><time>2026-04-28T00:37:39.645Z</time></trkpt>
      <trkpt lat="26.558457" lon="98.902174"><time>2026-04-28T00:37:39.662Z</time></trkpt>
      <trkpt lat="26.558457" lon="98.902174"><time>2026-04-28T00:37:39.679Z</time></trkpt>
      <trkpt lat="26.558457" lon="98.902174"><time>2026-04-28T00:37:39.695Z</time></trkpt>
      <trkpt lat="26.558457" lon="98.902174"><time>2026-04-28T00:37:39.712Z</time></trkpt>
      <trkpt lat="26.558457" lon="98.902174"><time>2026-04-28T00:37:39.729Z</time></trkpt>
      <trkpt lat="26.558461" lon="98.902156"><time>2026-04-28T00:37:39.746Z</time></trkpt>
      <trkpt lat="26.558461" lon="98.902156"><time>2026-04-28T00:37:39.762Z</time></trkpt>
      <trkpt lat="26.558461" lon="98.902156"><time>2026-04-28T00:37:39.779Z</time></trkpt>
      <trkpt lat="26.558461" lon="98.902156"><time>2026-04-28T00:37:39.796Z</time></trkpt>
      <trkpt lat="26.558461" lon="98.902156"><time>2026-04-28T00:37:39.812Z</time></trkpt>
      <trkpt lat="26.558461" lon="98.902156"><time>2026-04-28T00:37:39.829Z</time></trkpt>
      <trkpt lat="26.558464" lon="98.902139"><time>2026-04-28T00:37:39.846Z</time></trkpt>
      <trkpt lat="26.558464" lon="98.902139"><time>2026-04-28T00:37:39.862Z</time></trkpt>
      <trkpt lat="26.558464" lon="98.902139"><time>2026-04-28T00:37:39.879Z</time></trkpt>
      <trkpt lat="26.558464" lon="98.902139"><time>2026-04-28T00:37:39.896Z</time></trkpt>
      <trkpt lat="26.558464" lon="98.902139"><time>2026-04-28T00:37:39.912Z</time></trkpt>
      <trkpt lat="26.558464" lon="98.902139"><time>2026-04-28T00:37:39.929Z</time></trkpt>
      <trkpt lat="26.558469" lon="98.90212"><time>2026-04-28T00:37:39.946Z</time></trkpt>
      <trkpt lat="26.558469" lon="98.90212"><time>2026-04-28T00:37:39.962Z</time></trkpt>
      <trkpt lat="26.558469" lon="98.90212"><time>2026-04-28T00:37:39.979Z</time></trkpt>
      <trkpt lat="26.558469" lon="98.90212"><time>2026-04-28T00:37:39.996Z</time></trkpt>
      <trkpt lat="26.558469" lon="98.90212"><time>2026-04-28T00:37:40.012Z</time></trkpt>
      <trkpt lat="26.558469" lon="98.90212"><time>2026-04-28T00:37:40.029Z</time></trkpt>
      <trkpt lat="26.558472" lon="98.902102"><time>2026-04-28T00:37:40.046Z</time></trkpt>
      <trkpt lat="26.558472" lon="98.902102"><time>2026-04-28T00:37:40.063Z</time></trkpt>
      <trkpt lat="26.558472" lon="98.902102"><time>2026-04-28T00:37:40.079Z</time></trkpt>
      <trkpt lat="26.558472" lon="98.902102"><time>2026-04-28T00:37:40.096Z</time></trkpt>
      <trkpt lat="26.558472" lon="98.902102"><time>2026-04-28T00:37:40.113Z</time></trkpt>
      <trkpt lat="26.558472" lon="98.902102"><time>2026-04-28T00:37:40.129Z</time></trkpt>
      <trkpt lat="26.558476" lon="98.902084"><time>2026-04-28T00:37:40.146Z</time></trkpt>
      <trkpt lat="26.558476" lon="98.902084"><time>2026-04-28T00:37:40.163Z</time></trkpt>
      <trkpt lat="26.558476" lon="98.902084"><time>2026-04-28T00:37:40.179Z</time></trkpt>
      <trkpt lat="26.558476" lon="98.902084"><time>2026-04-28T00:37:40.196Z</time></trkpt>
      <trkpt lat="26.558476" lon="98.902084"><time>2026-04-28T00:37:40.213Z</time></trkpt>
      <trkpt lat="26.55848" lon="98.902066"><time>2026-04-28T00:37:40.229Z</time></trkpt>
      <trkpt lat="26.55848" lon="98.902066"><time>2026-04-28T00:37:40.246Z</time></trkpt>
      <trkpt lat="26.55848" lon="98.902066"><time>2026-04-28T00:37:40.263Z</time></trkpt>
      <trkpt lat="26.55848" lon="98.902066"><time>2026-04-28T00:37:40.279Z</time></trkpt>
      <trkpt lat="26.55848" lon="98.902066"><time>2026-04-28T00:37:40.296Z</time></trkpt>
      <trkpt lat="26.55848" lon="98.902066"><time>2026-04-28T00:37:40.313Z</time></trkpt>
      <trkpt lat="26.558484" lon="98.902048"><time>2026-04-28T00:37:40.329Z</time></trkpt>
      <trkpt lat="26.558484" lon="98.902048"><time>2026-04-28T00:37:40.346Z</time></trkpt>
      <trkpt lat="26.558484" lon="98.902048"><time>2026-04-28T00:37:40.363Z</time></trkpt>
      <trkpt lat="26.558484" lon="98.902048"><time>2026-04-28T00:37:40.380Z</time></trkpt>
      <trkpt lat="26.558484" lon="98.902048"><time>2026-04-28T00:37:40.396Z</time></trkpt>
      <trkpt lat="26.558484" lon="98.902048"><time>2026-04-28T00:37:40.413Z</time></trkpt>
      <trkpt lat="26.558484" lon="98.902048"><time>2026-04-28T00:37:40.430Z</time></trkpt>
      <trkpt lat="26.558488" lon="98.90203"><time>2026-04-28T00:37:40.446Z</time></trkpt>
      <trkpt lat="26.558488" lon="98.90203"><time>2026-04-28T00:37:40.463Z</time></trkpt>
      <trkpt lat="26.558488" lon="98.90203"><time>2026-04-28T00:37:40.480Z</time></trkpt>
      <trkpt lat="26.558488" lon="98.90203"><time>2026-04-28T00:37:40.496Z</time></trkpt>
      <trkpt lat="26.558488" lon="98.90203"><time>2026-04-28T00:37:40.513Z</time></trkpt>
      <trkpt lat="26.558492" lon="98.902012"><time>2026-04-28T00:37:40.530Z</time></trkpt>
      <trkpt lat="26.558492" lon="98.902012"><time>2026-04-28T00:37:40.546Z</time></trkpt>
      <trkpt lat="26.558492" lon="98.902012"><time>2026-04-28T00:37:40.563Z</time></trkpt>
      <trkpt lat="26.558492" lon="98.902012"><time>2026-04-28T00:37:40.580Z</time></trkpt>
      <trkpt lat="26.558492" lon="98.902012"><time>2026-04-28T00:37:40.596Z</time></trkpt>
      <trkpt lat="26.558492" lon="98.902012"><time>2026-04-28T00:37:40.613Z</time></trkpt>
      <trkpt lat="26.558495" lon="98.901994"><time>2026-04-28T00:37:40.630Z</time></trkpt>
      <trkpt lat="26.558495" lon="98.901994"><time>2026-04-28T00:37:40.646Z</time></trkpt>
      <trkpt lat="26.558495" lon="98.901994"><time>2026-04-28T00:37:40.663Z</time></trkpt>
      <trkpt lat="26.558495" lon="98.901994"><time>2026-04-28T00:37:40.680Z</time></trkpt>
      <trkpt lat="26.558495" lon="98.901994"><time>2026-04-28T00:37:40.697Z</time></trkpt>
      <trkpt lat="26.558495" lon="98.901994"><time>2026-04-28T00:37:40.713Z</time></trkpt>
      <trkpt lat="26.558499" lon="98.901976"><time>2026-04-28T00:37:40.730Z</time></trkpt>
      <trkpt lat="26.558499" lon="98.901976"><time>2026-04-28T00:37:40.747Z</time></trkpt>
      <trkpt lat="26.558499" lon="98.901976"><time>2026-04-28T00:37:40.763Z</time></trkpt>
      <trkpt lat="26.558499" lon="98.901976"><time>2026-04-28T00:37:40.780Z</time></trkpt>
      <trkpt lat="26.558499" lon="98.901976"><time>2026-04-28T00:37:40.797Z</time></trkpt>
      <trkpt lat="26.558499" lon="98.901976"><time>2026-04-28T00:37:40.813Z</time></trkpt>
      <trkpt lat="26.558503" lon="98.901958"><time>2026-04-28T00:37:40.830Z</time></trkpt>
      <trkpt lat="26.558503" lon="98.901958"><time>2026-04-28T00:37:40.847Z</time></trkpt>
      <trkpt lat="26.558503" lon="98.901958"><time>2026-04-28T00:37:40.863Z</time></trkpt>
      <trkpt lat="26.558503" lon="98.901958"><time>2026-04-28T00:37:40.880Z</time></trkpt>
      <trkpt lat="26.558503" lon="98.901958"><time>2026-04-28T00:37:40.897Z</time></trkpt>
      <trkpt lat="26.558503" lon="98.901958"><time>2026-04-28T00:37:40.913Z</time></trkpt>
      <trkpt lat="26.558507" lon="98.90194"><time>2026-04-28T00:37:40.930Z</time></trkpt>
      <trkpt lat="26.558507" lon="98.90194"><time>2026-04-28T00:37:40.947Z</time></trkpt>
      <trkpt lat="26.558507" lon="98.90194"><time>2026-04-28T00:37:40.963Z</time></trkpt>
      <trkpt lat="26.558507" lon="98.90194"><time>2026-04-28T00:37:40.980Z</time></trkpt>
      <trkpt lat="26.558507" lon="98.90194"><time>2026-04-28T00:37:40.997Z</time></trkpt>
      <trkpt lat="26.558507" lon="98.90194"><time>2026-04-28T00:37:41.014Z</time></trkpt>
      <trkpt lat="26.558511" lon="98.901922"><time>2026-04-28T00:37:41.030Z</time></trkpt>
      <trkpt lat="26.558511" lon="98.901922"><time>2026-04-28T00:37:41.047Z</time></trkpt>
      <trkpt lat="26.558511" lon="98.901922"><time>2026-04-28T00:37:41.064Z</time></trkpt>
      <trkpt lat="26.558511" lon="98.901922"><time>2026-04-28T00:37:41.080Z</time></trkpt>
      <trkpt lat="26.558511" lon="98.901922"><time>2026-04-28T00:37:41.097Z</time></trkpt>
      <trkpt lat="26.558511" lon="98.901922"><time>2026-04-28T00:37:41.114Z</time></trkpt>
      <trkpt lat="26.558514" lon="98.901904"><time>2026-04-28T00:37:41.130Z</time></trkpt>
      <trkpt lat="26.558514" lon="98.901904"><time>2026-04-28T00:37:41.147Z</time></trkpt>
      <trkpt lat="26.558514" lon="98.901904"><time>2026-04-28T00:37:41.164Z</time></trkpt>
      <trkpt lat="26.558514" lon="98.901904"><time>2026-04-28T00:37:41.180Z</time></trkpt>
      <trkpt lat="26.558514" lon="98.901904"><time>2026-04-28T00:37:41.197Z</time></trkpt>
      <trkpt lat="26.558514" lon="98.901904"><time>2026-04-28T00:37:41.214Z</time></trkpt>
      <trkpt lat="26.558518" lon="98.901886"><time>2026-04-28T00:37:41.230Z</time></trkpt>
      <trkpt lat="26.558518" lon="98.901886"><time>2026-04-28T00:37:41.247Z</time></trkpt>
      <trkpt lat="26.558518" lon="98.901886"><time>2026-04-28T00:37:41.264Z</time></trkpt>
      <trkpt lat="26.558518" lon="98.901886"><time>2026-04-28T00:37:41.280Z</time></trkpt>
      <trkpt lat="26.558518" lon="98.901886"><time>2026-04-28T00:37:41.297Z</time></trkpt>
      <trkpt lat="26.558518" lon="98.901886"><time>2026-04-28T00:37:41.314Z</time></trkpt>
      <trkpt lat="26.558522" lon="98.901868"><time>2026-04-28T00:37:41.331Z</time></trkpt>
      <trkpt lat="26.558522" lon="98.901868"><time>2026-04-28T00:37:41.347Z</time></trkpt>
      <trkpt lat="26.558522" lon="98.901868"><time>2026-04-28T00:37:41.364Z</time></trkpt>
      <trkpt lat="26.558522" lon="98.901868"><time>2026-04-28T00:37:41.381Z</time></trkpt>
      <trkpt lat="26.558522" lon="98.901868"><time>2026-04-28T00:37:41.397Z</time></trkpt>
      <trkpt lat="26.558522" lon="98.901868"><time>2026-04-28T00:37:41.414Z</time></trkpt>
      <trkpt lat="26.558526" lon="98.90185"><time>2026-04-28T00:37:41.431Z</time></trkpt>
      <trkpt lat="26.558526" lon="98.90185"><time>2026-04-28T00:37:41.447Z</time></trkpt>
      <trkpt lat="26.558526" lon="98.90185"><time>2026-04-28T00:37:41.464Z</time></trkpt>
      <trkpt lat="26.558526" lon="98.90185"><time>2026-04-28T00:37:41.481Z</time></trkpt>
      <trkpt lat="26.558526" lon="98.90185"><time>2026-04-28T00:37:41.497Z</time></trkpt>
      <trkpt lat="26.558526" lon="98.90185"><time>2026-04-28T00:37:41.514Z</time></trkpt>
      <trkpt lat="26.55853" lon="98.901832"><time>2026-04-28T00:37:41.531Z</time></trkpt>
      <trkpt lat="26.55853" lon="98.901832"><time>2026-04-28T00:37:41.547Z</time></trkpt>
      <trkpt lat="26.55853" lon="98.901832"><time>2026-04-28T00:37:41.564Z</time></trkpt>
      <trkpt lat="26.55853" lon="98.901832"><time>2026-04-28T00:37:41.581Z</time></trkpt>
      <trkpt lat="26.55853" lon="98.901832"><time>2026-04-28T00:37:41.597Z</time></trkpt>
      <trkpt lat="26.55853" lon="98.901832"><time>2026-04-28T00:37:41.614Z</time></trkpt>
      <trkpt lat="26.558534" lon="98.901814"><time>2026-04-28T00:37:41.631Z</time></trkpt>
      <trkpt lat="26.558534" lon="98.901814"><time>2026-04-28T00:37:41.648Z</time></trkpt>
      <trkpt lat="26.558534" lon="98.901814"><time>2026-04-28T00:37:41.664Z</time></trkpt>
      <trkpt lat="26.558534" lon="98.901814"><time>2026-04-28T00:37:41.681Z</time></trkpt>
      <trkpt lat="26.558534" lon="98.901814"><time>2026-04-28T00:37:41.698Z</time></trkpt>
      <trkpt lat="26.558534" lon="98.901814"><time>2026-04-28T00:37:41.714Z</time></trkpt>
      <trkpt lat="26.558538" lon="98.901796"><time>2026-04-28T00:37:41.731Z</time></trkpt>
      <trkpt lat="26.558538" lon="98.901796"><time>2026-04-28T00:37:41.748Z</time></trkpt>
      <trkpt lat="26.558538" lon="98.901796"><time>2026-04-28T00:37:41.764Z</time></trkpt>
      <trkpt lat="26.558538" lon="98.901796"><time>2026-04-28T00:37:41.781Z</time></trkpt>
      <trkpt lat="26.558538" lon="98.901796"><time>2026-04-28T00:37:41.798Z</time></trkpt>
      <trkpt lat="26.558538" lon="98.901796"><time>2026-04-28T00:37:41.814Z</time></trkpt>
      <trkpt lat="26.558542" lon="98.901778"><time>2026-04-28T00:37:41.831Z</time></trkpt>
      <trkpt lat="26.558542" lon="98.901778"><time>2026-04-28T00:37:41.848Z</time></trkpt>
      <trkpt lat="26.558542" lon="98.901778"><time>2026-04-28T00:37:41.864Z</time></trkpt>
      <trkpt lat="26.558542" lon="98.901778"><time>2026-04-28T00:37:41.881Z</time></trkpt>
      <trkpt lat="26.558542" lon="98.901778"><time>2026-04-28T00:37:41.898Z</time></trkpt>
      <trkpt lat="26.558542" lon="98.901778"><time>2026-04-28T00:37:41.914Z</time></trkpt>
      <trkpt lat="26.558546" lon="98.90176"><time>2026-04-28T00:37:41.931Z</time></trkpt>
      <trkpt lat="26.558546" lon="98.90176"><time>2026-04-28T00:37:41.948Z</time></trkpt>
      <trkpt lat="26.558546" lon="98.90176"><time>2026-04-28T00:37:41.965Z</time></trkpt>
      <trkpt lat="26.558546" lon="98.90176"><time>2026-04-28T00:37:41.981Z</time></trkpt>
      <trkpt lat="26.558546" lon="98.90176"><time>2026-04-28T00:37:41.998Z</time></trkpt>
      <trkpt lat="26.558546" lon="98.90176"><time>2026-04-28T00:37:42.015Z</time></trkpt>
      <trkpt lat="26.558549" lon="98.901742"><time>2026-04-28T00:37:42.031Z</time></trkpt>
      <trkpt lat="26.558549" lon="98.901742"><time>2026-04-28T00:37:42.048Z</time></trkpt>
      <trkpt lat="26.558549" lon="98.901742"><time>2026-04-28T00:37:42.065Z</time></trkpt>
      <trkpt lat="26.558549" lon="98.901742"><time>2026-04-28T00:37:42.081Z</time></trkpt>
      <trkpt lat="26.558549" lon="98.901742"><time>2026-04-28T00:37:42.098Z</time></trkpt>
      <trkpt lat="26.558549" lon="98.901742"><time>2026-04-28T00:37:42.115Z</time></trkpt>
      <trkpt lat="26.558553" lon="98.901724"><time>2026-04-28T00:37:42.131Z</time></trkpt>
      <trkpt lat="26.558553" lon="98.901724"><time>2026-04-28T00:37:42.148Z</time></trkpt>
      <trkpt lat="26.558553" lon="98.901724"><time>2026-04-28T00:37:42.165Z</time></trkpt>
      <trkpt lat="26.558553" lon="98.901724"><time>2026-04-28T00:37:42.181Z</time></trkpt>
      <trkpt lat="26.558553" lon="98.901724"><time>2026-04-28T00:37:42.198Z</time></trkpt>
      <trkpt lat="26.558553" lon="98.901724"><time>2026-04-28T00:37:42.215Z</time></trkpt>
      <trkpt lat="26.558556" lon="98.901706"><time>2026-04-28T00:37:42.231Z</time></trkpt>
      <trkpt lat="26.558556" lon="98.901706"><time>2026-04-28T00:37:42.248Z</time></trkpt>
      <trkpt lat="26.558556" lon="98.901706"><time>2026-04-28T00:37:42.265Z</time></trkpt>
      <trkpt lat="26.558556" lon="98.901706"><time>2026-04-28T00:37:42.282Z</time></trkpt>
      <trkpt lat="26.558556" lon="98.901706"><time>2026-04-28T00:37:42.298Z</time></trkpt>
      <trkpt lat="26.558556" lon="98.901706"><time>2026-04-28T00:37:42.315Z</time></trkpt>
      <trkpt lat="26.558559" lon="98.901688"><time>2026-04-28T00:37:42.332Z</time></trkpt>
      <trkpt lat="26.558559" lon="98.901688"><time>2026-04-28T00:37:42.348Z</time></trkpt>
      <trkpt lat="26.558559" lon="98.901688"><time>2026-04-28T00:37:42.365Z</time></trkpt>
      <trkpt lat="26.558559" lon="98.901688"><time>2026-04-28T00:37:42.382Z</time></trkpt>
      <trkpt lat="26.558559" lon="98.901688"><time>2026-04-28T00:37:42.398Z</time></trkpt>
      <trkpt lat="26.558559" lon="98.901688"><time>2026-04-28T00:37:42.415Z</time></trkpt>
      <trkpt lat="26.558562" lon="98.90167"><time>2026-04-28T00:37:42.432Z</time></trkpt>
      <trkpt lat="26.558562" lon="98.90167"><time>2026-04-28T00:37:42.448Z</time></trkpt>
      <trkpt lat="26.558562" lon="98.90167"><time>2026-04-28T00:37:42.465Z</time></trkpt>
      <trkpt lat="26.558562" lon="98.90167"><time>2026-04-28T00:37:42.482Z</time></trkpt>
      <trkpt lat="26.558562" lon="98.90167"><time>2026-04-28T00:37:42.498Z</time></trkpt>
      <trkpt lat="26.558562" lon="98.90167"><time>2026-04-28T00:37:42.515Z</time></trkpt>
      <trkpt lat="26.558566" lon="98.901652"><time>2026-04-28T00:37:42.532Z</time></trkpt>
      <trkpt lat="26.558566" lon="98.901652"><time>2026-04-28T00:37:42.548Z</time></trkpt>
      <trkpt lat="26.558566" lon="98.901652"><time>2026-04-28T00:37:42.565Z</time></trkpt>
      <trkpt lat="26.558566" lon="98.901652"><time>2026-04-28T00:37:42.582Z</time></trkpt>
      <trkpt lat="26.558566" lon="98.901652"><time>2026-04-28T00:37:42.598Z</time></trkpt>
      <trkpt lat="26.558566" lon="98.901652"><time>2026-04-28T00:37:42.615Z</time></trkpt>
      <trkpt lat="26.558569" lon="98.901633"><time>2026-04-28T00:37:42.632Z</time></trkpt>
      <trkpt lat="26.558569" lon="98.901633"><time>2026-04-28T00:37:42.649Z</time></trkpt>
      <trkpt lat="26.558569" lon="98.901633"><time>2026-04-28T00:37:42.665Z</time></trkpt>
      <trkpt lat="26.558569" lon="98.901633"><time>2026-04-28T00:37:42.682Z</time></trkpt>
      <trkpt lat="26.558569" lon="98.901633"><time>2026-04-28T00:37:42.699Z</time></trkpt>
      <trkpt lat="26.558569" lon="98.901633"><time>2026-04-28T00:37:42.715Z</time></trkpt>
      <trkpt lat="26.558572" lon="98.901615"><time>2026-04-28T00:37:42.732Z</time></trkpt>
      <trkpt lat="26.558572" lon="98.901615"><time>2026-04-28T00:37:42.749Z</time></trkpt>
      <trkpt lat="26.558572" lon="98.901615"><time>2026-04-28T00:37:42.765Z</time></trkpt>
      <trkpt lat="26.558572" lon="98.901615"><time>2026-04-28T00:37:42.782Z</time></trkpt>
      <trkpt lat="26.558572" lon="98.901615"><time>2026-04-28T00:37:42.799Z</time></trkpt>
      <trkpt lat="26.558572" lon="98.901615"><time>2026-04-28T00:37:42.815Z</time></trkpt>
      <trkpt lat="26.558575" lon="98.901597"><time>2026-04-28T00:37:42.832Z</time></trkpt>
      <trkpt lat="26.558575" lon="98.901597"><time>2026-04-28T00:37:42.849Z</time></trkpt>
      <trkpt lat="26.558575" lon="98.901597"><time>2026-04-28T00:37:42.865Z</time></trkpt>
      <trkpt lat="26.558575" lon="98.901597"><time>2026-04-28T00:37:42.882Z</time></trkpt>
      <trkpt lat="26.558575" lon="98.901597"><time>2026-04-28T00:37:42.899Z</time></trkpt>
      <trkpt lat="26.558575" lon="98.901597"><time>2026-04-28T00:37:42.915Z</time></trkpt>
      <trkpt lat="26.558578" lon="98.90158"><time>2026-04-28T00:37:42.932Z</time></trkpt>
      <trkpt lat="26.558578" lon="98.90158"><time>2026-04-28T00:37:42.949Z</time></trkpt>
      <trkpt lat="26.558578" lon="98.90158"><time>2026-04-28T00:37:42.966Z</time></trkpt>
      <trkpt lat="26.558578" lon="98.90158"><time>2026-04-28T00:37:42.982Z</time></trkpt>
      <trkpt lat="26.558578" lon="98.90158"><time>2026-04-28T00:37:42.999Z</time></trkpt>
      <trkpt lat="26.558578" lon="98.90158"><time>2026-04-28T00:37:43.016Z</time></trkpt>
      <trkpt lat="26.558582" lon="98.901562"><time>2026-04-28T00:37:43.032Z</time></trkpt>
      <trkpt lat="26.558582" lon="98.901562"><time>2026-04-28T00:37:43.049Z</time></trkpt>
      <trkpt lat="26.558582" lon="98.901562"><time>2026-04-28T00:37:43.066Z</time></trkpt>
      <trkpt lat="26.558582" lon="98.901562"><time>2026-04-28T00:37:43.082Z</time></trkpt>
      <trkpt lat="26.558582" lon="98.901562"><time>2026-04-28T00:37:43.099Z</time></trkpt>
      <trkpt lat="26.558582" lon="98.901562"><time>2026-04-28T00:37:43.116Z</time></trkpt>
      <trkpt lat="26.558585" lon="98.901545"><time>2026-04-28T00:37:43.132Z</time></trkpt>
      <trkpt lat="26.558585" lon="98.901545"><time>2026-04-28T00:37:43.149Z</time></trkpt>
      <trkpt lat="26.558585" lon="98.901545"><time>2026-04-28T00:37:43.166Z</time></trkpt>
      <trkpt lat="26.558585" lon="98.901545"><time>2026-04-28T00:37:43.182Z</time></trkpt>
    </trkseg>
  </trk>
</gpx>
