<?xml version="1.0" encoding="UTF-8"?>
<gpx version="1.1" creator="Kairos" xmlns="http://www.topografix.com/GPX/1/1">
  <trk>
    <name>sidecar-srt-6899c32398c15036</name>
    <trkseg>
      <trkpt lat="25.486209" lon="99.929445"><time>2026-04-27T06:22:55.000Z</time></trkpt>
      <trkpt lat="25.486209" lon="99.929444"><time>2026-04-27T06:22:55.016Z</time></trkpt>
      <trkpt lat="25.486209" lon="99.929444"><time>2026-04-27T06:22:55.032Z</time></trkpt>
      <trkpt lat="25.486209" lon="99.929444"><time>2026-04-27T06:22:55.049Z</time></trkpt>
      <trkpt lat="25.486209" lon="99.929444"><time>2026-04-27T06:22:55.066Z</time></trkpt>
      <trkpt lat="25.486209" lon="99.929444"><time>2026-04-27T06:22:55.082Z</time></trkpt>
      <trkpt lat="25.486209" lon="99.929444"><time>2026-04-27T06:22:55.099Z</time></trkpt>
      <trkpt lat="25.486209" lon="99.929444"><time>2026-04-27T06:22:55.116Z</time></trkpt>
      <trkpt lat="25.486209" lon="99.929444"><time>2026-04-27T06:22:55.132Z</time></trkpt>
      <trkpt lat="25.486209" lon="99.929444"><time>2026-04-27T06:22:55.149Z</time></trkpt>
      <trkpt lat="25.486209" lon="99.929444"><time>2026-04-27T06:22:55.166Z</time></trkpt>
      <trkpt lat="25.486209" lon="99.929444"><time>2026-04-27T06:22:55.182Z</time></trkpt>
      <trkpt lat="25.486209" lon="99.929444"><time>2026-04-27T06:22:55.199Z</time></trkpt>
      <trkpt lat="25.486209" lon="99.929444"><time>2026-04-27T06:22:55.216Z</time></trkpt>
      <trkpt lat="25.486209" lon="99.929444"><time>2026-04-27T06:22:55.232Z</time></trkpt>
      <trkpt lat="25.486209" lon="99.929444"><time>2026-04-27T06:22:55.249Z</time></trkpt>
      <trkpt lat="25.486209" lon="99.929444"><time>2026-04-27T06:22:55.266Z</time></trkpt>
      <trkpt lat="25.486209" lon="99.929444"><time>2026-04-27T06:22:55.282Z</time></trkpt>
      <trkpt lat="25.486209" lon="99.929444"><time>2026-04-27T06:22:55.299Z</time></trkpt>
      <trkpt lat="25.486209" lon="99.929444"><time>2026-04-27T06:22:55.316Z</time></trkpt>
      <trkpt lat="25.486209" lon="99.929444"><time>2026-04-27T06:22:55.333Z</time></trkpt>
      <trkpt lat="25.486209" lon="99.929444"><time>2026-04-27T06:22:55.349Z</time></trkpt>
      <trkpt lat="25.486209" lon="99.929444"><time>2026-04-27T06:22:55.366Z</time></trkpt>
      <trkpt lat="25.486209" lon="99.929444"><time>2026-04-27T06:22:55.383Z</time></trkpt>
      <trkpt lat="25.486209" lon="99.929444"><time>2026-04-27T06:22:55.399Z</time></trkpt>
      <trkpt lat="25.486209" lon="99.929444"><time>2026-04-27T06:22:55.416Z</time></trkpt>
      <trkpt lat="25.486209" lon="99.929444"><time>2026-04-27T06:22:55.433Z</time></trkpt>
      <trkpt lat="25.486209" lon="99.929444"><time>2026-04-27T06:22:55.449Z</time></trkpt>
      <trkpt lat="25.486209" lon="99.929444"><time>2026-04-27T06:22:55.466Z</time></trkpt>
      <trkpt lat="25.486209" lon="99.929444"><time>2026-04-27T06:22:55.483Z</time></trkpt>
      <trkpt lat="25.486209" lon="99.929444"><time>2026-04-27T06:22:55.499Z</time></trkpt>
      <trkpt lat="25.486209" lon="99.929445"><time>2026-04-27T06:22:55.516Z</time></trkpt>
      <trkpt lat="25.486209" lon="99.929445"><time>2026-04-27T06:22:55.533Z</time></trkpt>
      <trkpt lat="25.486209" lon="99.929445"><time>2026-04-27T06:22:55.549Z</time></trkpt>
      <trkpt lat="25.486209" lon="99.929445"><time>2026-04-27T06:22:55.566Z</time></trkpt>
      <trkpt lat="25.486209" lon="99.929445"><time>2026-04-27T06:22:55.583Z</time></trkpt>
      <trkpt lat="25.486209" lon="99.929445"><time>2026-04-27T06:22:55.599Z</time></trkpt>
      <trkpt lat="25.486209" lon="99.929445"><time>2026-04-27T06:22:55.616Z</time></trkpt>
      <trkpt lat="25.486209" lon="99.929445"><time>2026-04-27T06:22:55.633Z</time></trkpt>
      <trkpt lat="25.486209" lon="99.929445"><time>2026-04-27T06:22:55.650Z</time></trkpt>
      <trkpt lat="25.486209" lon="99.929445"><time>2026-04-27T06:22:55.666Z</time></trkpt>
      <trkpt lat="25.486209" lon="99.929445"><time>2026-04-27T06:22:55.683Z</time></trkpt>
      <trkpt lat="25.486209" lon="99.929445"><time>2026-04-27T06:22:55.700Z</time></trkpt>
      <trkpt lat="25.486209" lon="99.929446"><time>2026-04-27T06:22:55.716Z</time></trkpt>
      <trkpt lat="25.486209" lon="99.929446"><time>2026-04-27T06:22:55.733Z</time></trkpt>
      <trkpt lat="25.486209" lon="99.929446"><time>2026-04-27T06:22:55.750Z</time></trkpt>
      <trkpt lat="25.486209" lon="99.929446"><time>2026-04-27T06:22:55.766Z</time></trkpt>
      <trkpt lat="25.486209" lon="99.929446"><time>2026-04-27T06:22:55.783Z</time></trkpt>
      <trkpt lat="25.486209" lon="99.929446"><time>2026-04-27T06:22:55.800Z</time></trkpt>
      <trkpt lat="25.486209" lon="99.929447"><time>2026-04-27T06:22:55.816Z</time></trkpt>
      <trkpt lat="25.486209" lon="99.929447"><time>2026-04-27T06:22:55.833Z</time></trkpt>
      <trkpt lat="25.486209" lon="99.929447"><time>2026-04-27T06:22:55.850Z</time></trkpt>
      <trkpt lat="25.486209" lon="99.929447"><time>2026-04-27T06:22:55.866Z</time></trkpt>
      <trkpt lat="25.486209" lon="99.929447"><time>2026-04-27T06:22:55.883Z</time></trkpt>
      <trkpt lat="25.486209" lon="99.929447"><time>2026-04-27T06:22:55.900Z</time></trkpt>
      <trkpt lat="25.486209" lon="99.929449"><time>2026-04-27T06:22:55.916Z</time></trkpt>
      <trkpt lat="25.486209" lon="99.929449"><time>2026-04-27T06:22:55.933Z</time></trkpt>
      <trkpt lat="25.486209" lon="99.929449"><time>2026-04-27T06:22:55.950Z</time></trkpt>
      <trkpt lat="25.486209" lon="99.929449"><time>2026-04-27T06:22:55.967Z</time></trkpt>
      <trkpt lat="25.486209" lon="99.929449"><time>2026-04-27T06:22:55.983Z</time></trkpt>
      <trkpt lat="25.486209" lon="99.929449"><time>2026-04-27T06:22:56.000Z</time></trkpt>
      <trkpt lat="25.486209" lon="99.929451"><time>2026-04-27T06:22:56.017Z</time></trkpt>
      <trkpt lat="25.486209" lon="99.929451"><time>2026-04-27T06:22:56.033Z</time></trkpt>
      <trkpt lat="25.486209" lon="99.929451"><time>2026-04-27T06:22:56.050Z</time></trkpt>
      <trkpt lat="25.486209" lon="99.929451"><time>2026-04-27T06:22:56.067Z</time></trkpt>
      <trkpt lat="25.486209" lon="99.929451"><time>2026-04-27T06:22:56.083Z</time></trkpt>
      <trkpt lat="25.486209" lon="99.929451"><time>2026-04-27T06:22:56.100Z</time></trkpt>
      <trkpt lat="25.486209" lon="99.929455"><time>2026-04-27T06:22:56.117Z</time></trkpt>
      <trkpt lat="25.486209" lon="99.929455"><time>2026-04-27T06:22:56.133Z</time></trkpt>
      <trkpt lat="25.486209" lon="99.929455"><time>2026-04-27T06:22:56.150Z</time></trkpt>
      <trkpt lat="25.486209" lon="99.929455"><time>2026-04-27T06:22:56.167Z</time></trkpt>
      <trkpt lat="25.486209" lon="99.929455"><time>2026-04-27T06:22:56.183Z</time></trkpt>
      <trkpt lat="25.486209" lon="99.929455"><time>2026-04-27T06:22:56.200Z</time></trkpt>
      <trkpt lat="25.486208" lon="99.929458"><time>2026-04-27T06:22:56.217Z</time></trkpt>
      <trkpt lat="25.486208" lon="99.929458"><time>2026-04-27T06:22:56.233Z</time></trkpt>
      <trkpt lat="25.486208" lon="99.929458"><time>2026-04-27T06:22:56.250Z</time></trkpt>
      <trkpt lat="25.486208" lon="99.929458"><time>2026-04-27T06:22:56.267Z</time></trkpt>
      <trkpt lat="25.486208" lon="99.929458"><time>2026-04-27T06:22:56.283Z</time></trkpt>
      <trkpt lat="25.486208" lon="99.929458"><time>2026-04-27T06:22:56.300Z</time></trkpt>
      <trkpt lat="25.486208" lon="99.929462"><time>2026-04-27T06:22:56.317Z</time></trkpt>
      <trkpt lat="25.486208" lon="99.929462"><time>2026-04-27T06:22:56.334Z</time></trkpt>
      <trkpt lat="25.486208" lon="99.929462"><time>2026-04-27T06:22:56.350Z</time></trkpt>
      <trkpt lat="25.486208" lon="99.929462"><time>2026-04-27T06:22:56.367Z</time></trkpt>
      <trkpt lat="25.486208" lon="99.929462"><time>2026-04-27T06:22:56.384Z</time></trkpt>
      <trkpt lat="25.486208" lon="99.929462"><time>2026-04-27T06:22:56.400Z</time></trkpt>
      <trkpt lat="25.486207" lon="99.929467"><time>2026-04-27T06:22:56.417Z</time></trkpt>
      <trkpt lat="25.486207" lon="99.929467"><time>2026-04-27T06:22:56.434Z</time></trkpt>
      <trkpt lat="25.486207" lon="99.929467"><time>2026-04-27T06:22:56.450Z</time></trkpt>
      <trkpt lat="25.486207" lon="99.929467"><time>2026-04-27T06:22:56.467Z</time></trkpt>
      <trkpt lat="25.486207" lon="99.929467"><time>2026-04-27T06:22:56.484Z</time></trkpt>
      <trkpt lat="25.486207" lon="99.929467"><time>2026-04-27T06:22:56.500Z</time></trkpt>
      <trkpt lat="25.486207" lon="99.929472"><time>2026-04-27T06:22:56.517Z</time></trkpt>
      <trkpt lat="25.486207" lon="99.929472"><time>2026-04-27T06:22:56.534Z</time></trkpt>
      <trkpt lat="25.486207" lon="99.929472"><time>2026-04-27T06:22:56.550Z</time></trkpt>
      <trkpt lat="25.486207" lon="99.929472"><time>2026-04-27T06:22:56.567Z</time></trkpt>
      <trkpt lat="25.486207" lon="99.929472"><time>2026-04-27T06:22:56.584Z</time></trkpt>
      <trkpt lat="25.486207" lon="99.929472"><time>2026-04-27T06:22:56.600Z</time></trkpt>
      <trkpt lat="25.486206" lon="99.929478"><time>2026-04-27T06:22:56.617Z</time></trkpt>
      <trkpt lat="25.486206" lon="99.929478"><time>2026-04-27T06:22:56.634Z</time></trkpt>
      <trkpt lat="25.486206" lon="99.929478"><time>2026-04-27T06:22:56.651Z</time></trkpt>
      <trkpt lat="25.486206" lon="99.929478"><time>2026-04-27T06:22:56.667Z</time></trkpt>
      <trkpt lat="25.486206" lon="99.929478"><time>2026-04-27T06:22:56.684Z</time></trkpt>
      <trkpt lat="25.486206" lon="99.929478"><time>2026-04-27T06:22:56.701Z</time></trkpt>
      <trkpt lat="25.486206" lon="99.929485"><time>2026-04-27T06:22:56.717Z</time></trkpt>
      <trkpt lat="25.486206" lon="99.929485"><time>2026-04-27T06:22:56.734Z</time></trkpt>
      <trkpt lat="25.486206" lon="99.929485"><time>2026-04-27T06:22:56.751Z</time></trkpt>
      <trkpt lat="25.486206" lon="99.929485"><time>2026-04-27T06:22:56.767Z</time></trkpt>
      <trkpt lat="25.486206" lon="99.929485"><time>2026-04-27T06:22:56.784Z</time></trkpt>
      <trkpt lat="25.486206" lon="99.929485"><time>2026-04-27T06:22:56.801Z</time></trkpt>
      <trkpt lat="25.486205" lon="99.929491"><time>2026-04-27T06:22:56.817Z</time></trkpt>
      <trkpt lat="25.486205" lon="99.929491"><time>2026-04-27T06:22:56.834Z</time></trkpt>
      <trkpt lat="25.486205" lon="99.929491"><time>2026-04-27T06:22:56.851Z</time></trkpt>
      <trkpt lat="25.486205" lon="99.929491"><time>2026-04-27T06:22:56.867Z</time></trkpt>
      <trkpt lat="25.486205" lon="99.929491"><time>2026-04-27T06:22:56.884Z</time></trkpt>
      <trkpt lat="25.486205" lon="99.929491"><time>2026-04-27T06:22:56.901Z</time></trkpt>
      <trkpt lat="25.486204" lon="99.929498"><time>2026-04-27T06:22:56.917Z</time></trkpt>
      <trkpt lat="25.486204" lon="99.929498"><time>2026-04-27T06:22:56.934Z</time></trkpt>
      <trkpt lat="25.486204" lon="99.929498"><time>2026-04-27T06:22:56.951Z</time></trkpt>
      <trkpt lat="25.486204" lon="99.929498"><time>2026-04-27T06:22:56.968Z</time></trkpt>
      <trkpt lat="25.486204" lon="99.929498"><time>2026-04-27T06:22:56.984Z</time></trkpt>
      <trkpt lat="25.486204" lon="99.929498"><time>2026-04-27T06:22:57.001Z</time></trkpt>
      <trkpt lat="25.486204" lon="99.929506"><time>2026-04-27T06:22:57.018Z</time></trkpt>
      <trkpt lat="25.486204" lon="99.929506"><time>2026-04-27T06:22:57.034Z</time></trkpt>
      <trkpt lat="25.486204" lon="99.929506"><time>2026-04-27T06:22:57.051Z</time></trkpt>
      <trkpt lat="25.486204" lon="99.929506"><time>2026-04-27T06:22:57.068Z</time></trkpt>
      <trkpt lat="25.486204" lon="99.929506"><time>2026-04-27T06:22:57.084Z</time></trkpt>
      <trkpt lat="25.486204" lon="99.929506"><time>2026-04-27T06:22:57.101Z</time></trkpt>
      <trkpt lat="25.486203" lon="99.929514"><time>2026-04-27T06:22:57.118Z</time></trkpt>
      <trkpt lat="25.486203" lon="99.929514"><time>2026-04-27T06:22:57.134Z</time></trkpt>
      <trkpt lat="25.486203" lon="99.929514"><time>2026-04-27T06:22:57.151Z</time></trkpt>
      <trkpt lat="25.486203" lon="99.929514"><time>2026-04-27T06:22:57.168Z</time></trkpt>
      <trkpt lat="25.486203" lon="99.929514"><time>2026-04-27T06:22:57.184Z</time></trkpt>
      <trkpt lat="25.486203" lon="99.929514"><time>2026-04-27T06:22:57.201Z</time></trkpt>
      <trkpt lat="25.486202" lon="99.929523"><time>2026-04-27T06:22:57.218Z</time></trkpt>
      <trkpt lat="25.486202" lon="99.929523"><time>2026-04-27T06:22:57.234Z</time></trkpt>
      <trkpt lat="25.486202" lon="99.929523"><time>2026-04-27T06:22:57.251Z</time></trkpt>
      <trkpt lat="25.486202" lon="99.929523"><time>2026-04-27T06:22:57.268Z</time></trkpt>
      <trkpt lat="25.486202" lon="99.929523"><time>2026-04-27T06:22:57.285Z</time></trkpt>
      <trkpt lat="25.486202" lon="99.929523"><time>2026-04-27T06:22:57.301Z</time></trkpt>
      <trkpt lat="25.486201" lon="99.929531"><time>2026-04-27T06:22:57.318Z</time></trkpt>
      <trkpt lat="25.486201" lon="99.929531"><time>2026-04-27T06:22:57.335Z</time></trkpt>
      <trkpt lat="25.486201" lon="99.929531"><time>2026-04-27T06:22:57.351Z</time></trkpt>
      <trkpt lat="25.486201" lon="99.929531"><time>2026-04-27T06:22:57.368Z</time></trkpt>
      <trkpt lat="25.486201" lon="99.929531"><time>2026-04-27T06:22:57.385Z</time></trkpt>
      <trkpt lat="25.486201" lon="99.929531"><time>2026-04-27T06:22:57.401Z</time></trkpt>
      <trkpt lat="25.486201" lon="99.92954"><time>2026-04-27T06:22:57.418Z</time></trkpt>
      <trkpt lat="25.486201" lon="99.92954"><time>2026-04-27T06:22:57.435Z</time></trkpt>
      <trkpt lat="25.486201" lon="99.92954"><time>2026-04-27T06:22:57.451Z</time></trkpt>
      <trkpt lat="25.486201" lon="99.92954"><time>2026-04-27T06:22:57.468Z</time></trkpt>
      <trkpt lat="25.486201" lon="99.92954"><time>2026-04-27T06:22:57.485Z</time></trkpt>
      <trkpt lat="25.486201" lon="99.92954"><time>2026-04-27T06:22:57.501Z</time></trkpt>
      <trkpt lat="25.4862" lon="99.92955"><time>2026-04-27T06:22:57.518Z</time></trkpt>
      <trkpt lat="25.4862" lon="99.92955"><time>2026-04-27T06:22:57.535Z</time></trkpt>
      <trkpt lat="25.4862" lon="99.92955"><time>2026-04-27T06:22:57.551Z</time></trkpt>
      <trkpt lat="25.4862" lon="99.92955"><time>2026-04-27T06:22:57.568Z</time></trkpt>
      <trkpt lat="25.4862" lon="99.92955"><time>2026-04-27T06:22:57.585Z</time></trkpt>
      <trkpt lat="25.4862" lon="99.92955"><time>2026-04-27T06:22:57.602Z</time></trkpt>
      <trkpt lat="25.486199" lon="99.92956"><time>2026-04-27T06:22:57.618Z</time></trkpt>
      <trkpt lat="25.486199" lon="99.92956"><time>2026-04-27T06:22:57.635Z</time></trkpt>
      <trkpt lat="25.486199" lon="99.92956"><time>2026-04-27T06:22:57.652Z</time></trkpt>
      <trkpt lat="25.486199" lon="99.92956"><time>2026-04-27T06:22:57.668Z</time></trkpt>
      <trkpt lat="25.486199" lon="99.92956"><time>2026-04-27T06:22:57.685Z</time></trkpt>
      <trkpt lat="25.486199" lon="99.92956"><time>2026-04-27T06:22:57.702Z</time></trkpt>
      <trkpt lat="25.486198" lon="99.92957"><time>2026-04-27T06:22:57.718Z</time></trkpt>
      <trkpt lat="25.486198" lon="99.92957"><time>2026-04-27T06:22:57.735Z</time></trkpt>
      <trkpt lat="25.486198" lon="99.92957"><time>2026-04-27T06:22:57.752Z</time></trkpt>
      <trkpt lat="25.486198" lon="99.92957"><time>2026-04-27T06:22:57.768Z</time></trkpt>
      <trkpt lat="25.486198" lon="99.92957"><time>2026-04-27T06:22:57.785Z</time></trkpt>
      <trkpt lat="25.486198" lon="99.92957"><time>2026-04-27T06:22:57.802Z</time></trkpt>
      <trkpt lat="25.486197" lon="99.929581"><time>2026-04-27T06:22:57.818Z</time></trkpt>
      <trkpt lat="25.486197" lon="99.929581"><time>2026-04-27T06:22:57.835Z</time></trkpt>
      <trkpt lat="25.486197" lon="99.929581"><time>2026-04-27T06:22:57.852Z</time></trkpt>
      <trkpt lat="25.486197" lon="99.929581"><time>2026-04-27T06:22:57.868Z</time></trkpt>
      <trkpt lat="25.486197" lon="99.929581"><time>2026-04-27T06:22:57.885Z</time></trkpt>
      <trkpt lat="25.486197" lon="99.929581"><time>2026-04-27T06:22:57.902Z</time></trkpt>
      <trkpt lat="25.486196" lon="99.929592"><time>2026-04-27T06:22:57.919Z</time></trkpt>
      <trkpt lat="25.486196" lon="99.929592"><time>2026-04-27T06:22:57.935Z</time></trkpt>
      <trkpt lat="25.486196" lon="99.929592"><time>2026-04-27T06:22:57.952Z</time></trkpt>
      <trkpt lat="25.486196" lon="99.929592"><time>2026-04-27T06:22:57.969Z</time></trkpt>
      <trkpt lat="25.486196" lon="99.929592"><time>2026-04-27T06:22:57.985Z</time></trkpt>
      <trkpt lat="25.486196" lon="99.929592"><time>2026-04-27T06:22:58.002Z</time></trkpt>
      <trkpt lat="25.486195" lon="99.929603"><time>2026-04-27T06:22:58.019Z</time></trkpt>
      <trkpt lat="25.486195" lon="99.929603"><time>2026-04-27T06:22:58.035Z</time></trkpt>
      <trkpt lat="25.486195" lon="99.929603"><time>2026-04-27T06:22:58.052Z</time></trkpt>
      <trkpt lat="25.486195" lon="99.929603"><time>2026-04-27T06:22:58.069Z</time></trkpt>
      <trkpt lat="25.486195" lon="99.929603"><time>2026-04-27T06:22:58.085Z</time></trkpt>
      <trkpt lat="25.486195" lon="99.929603"><time>2026-04-27T06:22:58.102Z</time></trkpt>
      <trkpt lat="25.486194" lon="99.929613"><time>2026-04-27T06:22:58.119Z</time></trkpt>
      <trkpt lat="25.486194" lon="99.929613"><time>2026-04-27T06:22:58.135Z</time></trkpt>
      <trkpt lat="25.486194" lon="99.929613"><time>2026-04-27T06:22:58.152Z</time></trkpt>
      <trkpt lat="25.486194" lon="99.929613"><time>2026-04-27T06:22:58.169Z</time></trkpt>
      <trkpt lat="25.486194" lon="99.929613"><time>2026-04-27T06:22:58.185Z</time></trkpt>
      <trkpt lat="25.486193" lon="99.929625"><time>2026-04-27T06:22:58.202Z</time></trkpt>
      <trkpt lat="25.486193" lon="99.929625"><time>2026-04-27T06:22:58.219Z</time></trkpt>
      <trkpt lat="25.486193" lon="99.929625"><time>2026-04-27T06:22:58.236Z</time></trkpt>
      <trkpt lat="25.486193" lon="99.929625"><time>2026-04-27T06:22:58.252Z</time></trkpt>
      <trkpt lat="25.486193" lon="99.929625"><time>2026-04-27T06:22:58.269Z</time></trkpt>
      <trkpt lat="25.486193" lon="99.929625"><time>2026-04-27T06:22:58.286Z</time></trkpt>
      <trkpt lat="25.486192" lon="99.929637"><time>2026-04-27T06:22:58.302Z</time></trkpt>
      <trkpt lat="25.486192" lon="99.929637"><time>2026-04-27T06:22:58.319Z</time></trkpt>
      <trkpt lat="25.486192" lon="99.929637"><time>2026-04-27T06:22:58.336Z</time></trkpt>
      <trkpt lat="25.486192" lon="99.929637"><time>2026-04-27T06:22:58.352Z</time></trkpt>
      <trkpt lat="25.486192" lon="99.929637"><time>2026-04-27T06:22:58.369Z</time></trkpt>
      <trkpt lat="25.486192" lon="99.929637"><time>2026-04-27T06:22:58.386Z</time></trkpt>
      <trkpt lat="25.486191" lon="99.929649"><time>2026-04-27T06:22:58.402Z</time></trkpt>
      <trkpt lat="25.486191" lon="99.929649"><time>2026-04-27T06:22:58.419Z</time></trkpt>
      <trkpt lat="25.486191" lon="99.929649"><time>2026-04-27T06:22:58.436Z</time></trkpt>
      <trkpt lat="25.486191" lon="99.929649"><time>2026-04-27T06:22:58.452Z</time></trkpt>
      <trkpt lat="25.486191" lon="99.929649"><time>2026-04-27T06:22:58.469Z</time></trkpt>
      <trkpt lat="25.486191" lon="99.929649"><time>2026-04-27T06:22:58.486Z</time></trkpt>
      <trkpt lat="25.48619" lon="99.929661"><time>2026-04-27T06:22:58.502Z</time></trkpt>
      <trkpt lat="25.48619" lon="99.929661"><time>2026-04-27T06:22:58.519Z</time></trkpt>
      <trkpt lat="25.48619" lon="99.929661"><time>2026-04-27T06:22:58.536Z</time></trkpt>
      <trkpt lat="25.48619" lon="99.929661"><time>2026-04-27T06:22:58.553Z</time></trkpt>
      <trkpt lat="25.48619" lon="99.929661"><time>2026-04-27T06:22:58.569Z</time></trkpt>
      <trkpt lat="25.48619" lon="99.929661"><time>2026-04-27T06:22:58.586Z</time></trkpt>
      <trkpt lat="25.48619" lon="99.929661"><time>2026-04-27T06:22:58.603Z</time></trkpt>
      <trkpt lat="25.486189" lon="99.929673"><time>2026-04-27T06:22:58.619Z</time></trkpt>
      <trkpt lat="25.486189" lon="99.929673"><time>2026-04-27T06:22:58.636Z</time></trkpt>
      <trkpt lat="25.486189" lon="99.929673"><time>2026-04-27T06:22:58.653Z</time></trkpt>
      <trkpt lat="25.486189" lon="99.929673"><time>2026-04-27T06:22:58.669Z</time></trkpt>
      <trkpt lat="25.486189" lon="99.929673"><time>2026-04-27T06:22:58.686Z</time></trkpt>
      <trkpt lat="25.486189" lon="99.929684"><time>2026-04-27T06:22:58.703Z</time></trkpt>
      <trkpt lat="25.486189" lon="99.929684"><time>2026-04-27T06:22:58.719Z</time></trkpt>
      <trkpt lat="25.486189" lon="99.929684"><time>2026-04-27T06:22:58.736Z</time></trkpt>
      <trkpt lat="25.486189" lon="99.929684"><time>2026-04-27T06:22:58.753Z</time></trkpt>
      <trkpt lat="25.486189" lon="99.929684"><time>2026-04-27T06:22:58.769Z</time></trkpt>
      <trkpt lat="25.486189" lon="99.929684"><time>2026-04-27T06:22:58.786Z</time></trkpt>
      <trkpt lat="25.486188" lon="99.929698"><time>2026-04-27T06:22:58.803Z</time></trkpt>
      <trkpt lat="25.486188" lon="99.929698"><time>2026-04-27T06:22:58.819Z</time></trkpt>
      <trkpt lat="25.486188" lon="99.929698"><time>2026-04-27T06:22:58.836Z</time></trkpt>
      <trkpt lat="25.486188" lon="99.929698"><time>2026-04-27T06:22:58.853Z</time></trkpt>
      <trkpt lat="25.486188" lon="99.929698"><time>2026-04-27T06:22:58.870Z</time></trkpt>
      <trkpt lat="25.486188" lon="99.929698"><time>2026-04-27T06:22:58.886Z</time></trkpt>
      <trkpt lat="25.486187" lon="99.929711"><time>2026-04-27T06:22:58.903Z</time></trkpt>
      <trkpt lat="25.486187" lon="99.929711"><time>2026-04-27T06:22:58.920Z</time></trkpt>
      <trkpt lat="25.486187" lon="99.929711"><time>2026-04-27T06:22:58.936Z</time></trkpt>
      <trkpt lat="25.486187" lon="99.929711"><time>2026-04-27T06:22:58.953Z</time></trkpt>
      <trkpt lat="25.486187" lon="99.929711"><time>2026-04-27T06:22:58.970Z</time></trkpt>
      <trkpt lat="25.486187" lon="99.929711"><time>2026-04-27T06:22:58.986Z</time></trkpt>
      <trkpt lat="25.486185" lon="99.929724"><time>2026-04-27T06:22:59.003Z</time></trkpt>
      <trkpt lat="25.486185" lon="99.929724"><time>2026-04-27T06:22:59.020Z</time></trkpt>
      <trkpt lat="25.486185" lon="99.929724"><time>2026-04-27T06:22:59.036Z</time></trkpt>
      <trkpt lat="25.486185" lon="99.929724"><time>2026-04-27T06:22:59.053Z</time></trkpt>
      <trkpt lat="25.486185" lon="99.929724"><time>2026-04-27T06:22:59.070Z</time></trkpt>
      <trkpt lat="25.486185" lon="99.929724"><time>2026-04-27T06:22:59.086Z</time></trkpt>
      <trkpt lat="25.486184" lon="99.929738"><time>2026-04-27T06:22:59.103Z</time></trkpt>
      <trkpt lat="25.486184" lon="99.929738"><time>2026-04-27T06:22:59.120Z</time></trkpt>
      <trkpt lat="25.486184" lon="99.929738"><time>2026-04-27T06:22:59.136Z</time></trkpt>
      <trkpt lat="25.486184" lon="99.929738"><time>2026-04-27T06:22:59.153Z</time></trkpt>
      <trkpt lat="25.486184" lon="99.929738"><time>2026-04-27T06:22:59.170Z</time></trkpt>
      <trkpt lat="25.486184" lon="99.929738"><time>2026-04-27T06:22:59.187Z</time></trkpt>
      <trkpt lat="25.486183" lon="99.929752"><time>2026-04-27T06:22:59.203Z</time></trkpt>
      <trkpt lat="25.486183" lon="99.929752"><time>2026-04-27T06:22:59.220Z</time></trkpt>
      <trkpt lat="25.486183" lon="99.929752"><time>2026-04-27T06:22:59.237Z</time></trkpt>
      <trkpt lat="25.486183" lon="99.929752"><time>2026-04-27T06:22:59.253Z</time></trkpt>
      <trkpt lat="25.486183" lon="99.929752"><time>2026-04-27T06:22:59.270Z</time></trkpt>
      <trkpt lat="25.486183" lon="99.929752"><time>2026-04-27T06:22:59.287Z</time></trkpt>
      <trkpt lat="25.486182" lon="99.929766"><time>2026-04-27T06:22:59.303Z</time></trkpt>
      <trkpt lat="25.486182" lon="99.929766"><time>2026-04-27T06:22:59.320Z</time></trkpt>
      <trkpt lat="25.486182" lon="99.929766"><time>2026-04-27T06:22:59.337Z</time></trkpt>
      <trkpt lat="25.486182" lon="99.929766"><time>2026-04-27T06:22:59.353Z</time></trkpt>
      <trkpt lat="25.486182" lon="99.929766"><time>2026-04-27T06:22:59.370Z</time></trkpt>
      <trkpt lat="25.486182" lon="99.929766"><time>2026-04-27T06:22:59.387Z</time></trkpt>
      <trkpt lat="25.486181" lon="99.929781"><time>2026-04-27T06:22:59.403Z</time></trkpt>
      <trkpt lat="25.486181" lon="99.929781"><time>2026-04-27T06:22:59.420Z</time></trkpt>
      <trkpt lat="25.486181" lon="99.929781"><time>2026-04-27T06:22:59.437Z</time></trkpt>
      <trkpt lat="25.486181" lon="99.929781"><time>2026-04-27T06:22:59.453Z</time></trkpt>
      <trkpt lat="25.486181" lon="99.929781"><time>2026-04-27T06:22:59.470Z</time></trkpt>
      <trkpt lat="25.486181" lon="99.929781"><time>2026-04-27T06:22:59.487Z</time></trkpt>
      <trkpt lat="25.48618" lon="99.929795"><time>2026-04-27T06:22:59.504Z</time></trkpt>
      <trkpt lat="25.48618" lon="99.929795"><time>2026-04-27T06:22:59.520Z</time></trkpt>
      <trkpt lat="25.48618" lon="99.929795"><time>2026-04-27T06:22:59.537Z</time></trkpt>
      <trkpt lat="25.48618" lon="99.929795"><time>2026-04-27T06:22:59.554Z</time></trkpt>
      <trkpt lat="25.48618" lon="99.929795"><time>2026-04-27T06:22:59.570Z</time></trkpt>
      <trkpt lat="25.48618" lon="99.929795"><time>2026-04-27T06:22:59.587Z</time></trkpt>
      <trkpt lat="25.486178" lon="99.92981"><time>2026-04-27T06:22:59.604Z</time></trkpt>
      <trkpt lat="25.486178" lon="99.92981"><time>2026-04-27T06:22:59.620Z</time></trkpt>
      <trkpt lat="25.486178" lon="99.92981"><time>2026-04-27T06:22:59.637Z</time></trkpt>
      <trkpt lat="25.486178" lon="99.92981"><time>2026-04-27T06:22:59.654Z</time></trkpt>
      <trkpt lat="25.486178" lon="99.92981"><time>2026-04-27T06:22:59.670Z</time></trkpt>
      <trkpt lat="25.486178" lon="99.92981"><time>2026-04-27T06:22:59.687Z</time></trkpt>
      <trkpt lat="25.486177" lon="99.929825"><time>2026-04-27T06:22:59.704Z</time></trkpt>
      <trkpt lat="25.486177" lon="99.929825"><time>2026-04-27T06:22:59.720Z</time></trkpt>
      <trkpt lat="25.486177" lon="99.929825"><time>2026-04-27T06:22:59.737Z</time></trkpt>
      <trkpt lat="25.486177" lon="99.929825"><time>2026-04-27T06:22:59.754Z</time></trkpt>
      <trkpt lat="25.486177" lon="99.929825"><time>2026-04-27T06:22:59.770Z</time></trkpt>
      <trkpt lat="25.486177" lon="99.929825"><time>2026-04-27T06:22:59.787Z</time></trkpt>
      <trkpt lat="25.486176" lon="99.92984"><time>2026-04-27T06:22:59.804Z</time></trkpt>
      <trkpt lat="25.486176" lon="99.92984"><time>2026-04-27T06:22:59.821Z</time></trkpt>
      <trkpt lat="25.486176" lon="99.92984"><time>2026-04-27T06:22:59.837Z</time></trkpt>
      <trkpt lat="25.486176" lon="99.92984"><time>2026-04-27T06:22:59.854Z</time></trkpt>
      <trkpt lat="25.486176" lon="99.92984"><time>2026-04-27T06:22:59.871Z</time></trkpt>
      <trkpt lat="25.486176" lon="99.92984"><time>2026-04-27T06:22:59.887Z</time></trkpt>
      <trkpt lat="25.486175" lon="99.929856"><time>2026-04-27T06:22:59.904Z</time></trkpt>
      <trkpt lat="25.486175" lon="99.929856"><time>2026-04-27T06:22:59.921Z</time></trkpt>
      <trkpt lat="25.486175" lon="99.929856"><time>2026-04-27T06:22:59.937Z</time></trkpt>
      <trkpt lat="25.486175" lon="99.929856"><time>2026-04-27T06:22:59.954Z</time></trkpt>
      <trkpt lat="25.486175" lon="99.929856"><time>2026-04-27T06:22:59.971Z</time></trkpt>
      <trkpt lat="25.486175" lon="99.929856"><time>2026-04-27T06:22:59.987Z</time></trkpt>
      <trkpt lat="25.486173" lon="99.929871"><time>2026-04-27T06:23:00.004Z</time></trkpt>
      <trkpt lat="25.486173" lon="99.929871"><time>2026-04-27T06:23:00.021Z</time></trkpt>
      <trkpt lat="25.486173" lon="99.929871"><time>2026-04-27T06:23:00.037Z</time></trkpt>
      <trkpt lat="25.486173" lon="99.929871"><time>2026-04-27T06:23:00.054Z</time></trkpt>
      <trkpt lat="25.486173" lon="99.929871"><time>2026-04-27T06:23:00.071Z</time></trkpt>
      <trkpt lat="25.486173" lon="99.929871"><time>2026-04-27T06:23:00.087Z</time></trkpt>
      <trkpt lat="25.486172" lon="99.929887"><time>2026-04-27T06:23:00.104Z</time></trkpt>
      <trkpt lat="25.486172" lon="99.929887"><time>2026-04-27T06:23:00.121Z</time></trkpt>
      <trkpt lat="25.486172" lon="99.929887"><time>2026-04-27T06:23:00.138Z</time></trkpt>
      <trkpt lat="25.486172" lon="99.929887"><time>2026-04-27T06:23:00.154Z</time></trkpt>
      <trkpt lat="25.486172" lon="99.929887"><time>2026-04-27T06:23:00.171Z</time></trkpt>
      <trkpt lat="25.486172" lon="99.929887"><time>2026-04-27T06:23:00.188Z</time></trkpt>
      <trkpt lat="25.486171" lon="99.929903"><time>2026-04-27T06:23:00.204Z</time></trkpt>
      <trkpt lat="25.486171" lon="99.929903"><time>2026-04-27T06:23:00.221Z</time></trkpt>
      <trkpt lat="25.486171" lon="99.929903"><time>2026-04-27T06:23:00.238Z</time></trkpt>
      <trkpt lat="25.486171" lon="99.929903"><time>2026-04-27T06:23:00.254Z</time></trkpt>
      <trkpt lat="25.486171" lon="99.929903"><time>2026-04-27T06:23:00.271Z</time></trkpt>
      <trkpt lat="25.486171" lon="99.929903"><time>2026-04-27T06:23:00.288Z</time></trkpt>
      <trkpt lat="25.486169" lon="99.929919"><time>2026-04-27T06:23:00.304Z</time></trkpt>
      <trkpt lat="25.486169" lon="99.929919"><time>2026-04-27T06:23:00.321Z</time></trkpt>
      <trkpt lat="25.486169" lon="99.929919"><time>2026-04-27T06:23:00.338Z</time></trkpt>
      <trkpt lat="25.486169" lon="99.929919"><time>2026-04-27T06:23:00.354Z</time></trkpt>
      <trkpt lat="25.486169" lon="99.929919"><time>2026-04-27T06:23:00.371Z</time></trkpt>
      <trkpt lat="25.486169" lon="99.929919"><time>2026-04-27T06:23:00.388Z</time></trkpt>
      <trkpt lat="25.486168" lon="99.929935"><time>2026-04-27T06:23:00.404Z</time></trkpt>
      <trkpt lat="25.486168" lon="99.929935"><time>2026-04-27T06:23:00.421Z</time></trkpt>
      <trkpt lat="25.486168" lon="99.929935"><time>2026-04-27T06:23:00.438Z</time></trkpt>
      <trkpt lat="25.486168" lon="99.929935"><time>2026-04-27T06:23:00.455Z</time></trkpt>
      <trkpt lat="25.486168" lon="99.929935"><time>2026-04-27T06:23:00.471Z</time></trkpt>
      <trkpt lat="25.486168" lon="99.929935"><time>2026-04-27T06:23:00.488Z</time></trkpt>
      <trkpt lat="25.486167" lon="99.929952"><time>2026-04-27T06:23:00.505Z</time></trkpt>
      <trkpt lat="25.486167" lon="99.929952"><time>2026-04-27T06:23:00.521Z</time></trkpt>
      <trkpt lat="25.486167" lon="99.929952"><time>2026-04-27T06:23:00.538Z</time></trkpt>
      <trkpt lat="25.486167" lon="99.929952"><time>2026-04-27T06:23:00.555Z</time></trkpt>
      <trkpt lat="25.486167" lon="99.929952"><time>2026-04-27T06:23:00.571Z</time></trkpt>
      <trkpt lat="25.486167" lon="99.929952"><time>2026-04-27T06:23:00.588Z</time></trkpt>
      <trkpt lat="25.486165" lon="99.929969"><time>2026-04-27T06:23:00.605Z</time></trkpt>
      <trkpt lat="25.486165" lon="99.929969"><time>2026-04-27T06:23:00.621Z</time></trkpt>
      <trkpt lat="25.486165" lon="99.929969"><time>2026-04-27T06:23:00.638Z</time></trkpt>
      <trkpt lat="25.486165" lon="99.929969"><time>2026-04-27T06:23:00.655Z</time></trkpt>
      <trkpt lat="25.486165" lon="99.929969"><time>2026-04-27T06:23:00.671Z</time></trkpt>
      <trkpt lat="25.486165" lon="99.929969"><time>2026-04-27T06:23:00.688Z</time></trkpt>
      <trkpt lat="25.486164" lon="99.929986"><time>2026-04-27T06:23:00.705Z</time></trkpt>
      <trkpt lat="25.486164" lon="99.929986"><time>2026-04-27T06:23:00.721Z</time></trkpt>
      <trkpt lat="25.486164" lon="99.929986"><time>2026-04-27T06:23:00.738Z</time></trkpt>
      <trkpt lat="25.486164" lon="99.929986"><time>2026-04-27T06:23:00.755Z</time></trkpt>
      <trkpt lat="25.486164" lon="99.929986"><time>2026-04-27T06:23:00.772Z</time></trkpt>
      <trkpt lat="25.486164" lon="99.929986"><time>2026-04-27T06:23:00.788Z</time></trkpt>
      <trkpt lat="25.486162" lon="99.930003"><time>2026-04-27T06:23:00.805Z</time></trkpt>
      <trkpt lat="25.486162" lon="99.930003"><time>2026-04-27T06:23:00.822Z</time></trkpt>
      <trkpt lat="25.486162" lon="99.930003"><time>2026-04-27T06:23:00.838Z</time></trkpt>
      <trkpt lat="25.486162" lon="99.930003"><time>2026-04-27T06:23:00.855Z</time></trkpt>
      <trkpt lat="25.486162" lon="99.930003"><time>2026-04-27T06:23:00.872Z</time></trkpt>
      <trkpt lat="25.486162" lon="99.930003"><time>2026-04-27T06:23:00.888Z</time></trkpt>
      <trkpt lat="25.486161" lon="99.93002"><time>2026-04-27T06:23:00.905Z</time></trkpt>
      <trkpt lat="25.486161" lon="99.93002"><time>2026-04-27T06:23:00.922Z</time></trkpt>
      <trkpt lat="25.486161" lon="99.93002"><time>2026-04-27T06:23:00.938Z</time></trkpt>
      <trkpt lat="25.486161" lon="99.93002"><time>2026-04-27T06:23:00.955Z</time></trkpt>
      <trkpt lat="25.486161" lon="99.93002"><time>2026-04-27T06:23:00.972Z</time></trkpt>
      <trkpt lat="25.486161" lon="99.93002"><time>2026-04-27T06:23:00.988Z</time></trkpt>
      <trkpt lat="25.486159" lon="99.930038"><time>2026-04-27T06:23:01.005Z</time></trkpt>
      <trkpt lat="25.486159" lon="99.930038"><time>2026-04-27T06:23:01.022Z</time></trkpt>
      <trkpt lat="25.486159" lon="99.930038"><time>2026-04-27T06:23:01.038Z</time></trkpt>
      <trkpt lat="25.486159" lon="99.930038"><time>2026-04-27T06:23:01.055Z</time></trkpt>
      <trkpt lat="25.486159" lon="99.930038"><time>2026-04-27T06:23:01.072Z</time></trkpt>
      <trkpt lat="25.486159" lon="99.930038"><time>2026-04-27T06:23:01.089Z</time></trkpt>
      <trkpt lat="25.486157" lon="99.930056"><time>2026-04-27T06:23:01.105Z</time></trkpt>
      <trkpt lat="25.486157" lon="99.930056"><time>2026-04-27T06:23:01.122Z</time></trkpt>
      <trkpt lat="25.486157" lon="99.930056"><time>2026-04-27T06:23:01.139Z</time></trkpt>
      <trkpt lat="25.486157" lon="99.930056"><time>2026-04-27T06:23:01.155Z</time></trkpt>
      <trkpt lat="25.486157" lon="99.930056"><time>2026-04-27T06:23:01.172Z</time></trkpt>
      <trkpt lat="25.486157" lon="99.930056"><time>2026-04-27T06:23:01.189Z</time></trkpt>
      <trkpt lat="25.486156" lon="99.930074"><time>2026-04-27T06:23:01.205Z</time></trkpt>
      <trkpt lat="25.486156" lon="99.930074"><time>2026-04-27T06:23:01.222Z</time></trkpt>
      <trkpt lat="25.486156" lon="99.930074"><time>2026-04-27T06:23:01.239Z</time></trkpt>
      <trkpt lat="25.486156" lon="99.930074"><time>2026-04-27T06:23:01.255Z</time></trkpt>
      <trkpt lat="25.486156" lon="99.930074"><time>2026-04-27T06:23:01.272Z</time></trkpt>
      <trkpt lat="25.486156" lon="99.930074"><time>2026-04-27T06:23:01.289Z</time></trkpt>
      <trkpt lat="25.486154" lon="99.930092"><time>2026-04-27T06:23:01.305Z</time></trkpt>
      <trkpt lat="25.486154" lon="99.930092"><time>2026-04-27T06:23:01.322Z</time></trkpt>
      <trkpt lat="25.486154" lon="99.930092"><time>2026-04-27T06:23:01.339Z</time></trkpt>
      <trkpt lat="25.486154" lon="99.930092"><time>2026-04-27T06:23:01.355Z</time></trkpt>
      <trkpt lat="25.486154" lon="99.930092"><time>2026-04-27T06:23:01.372Z</time></trkpt>
      <trkpt lat="25.486154" lon="99.930092"><time>2026-04-27T06:23:01.389Z</time></trkpt>
      <trkpt lat="25.486152" lon="99.930111"><time>2026-04-27T06:23:01.406Z</time></trkpt>
      <trkpt lat="25.486152" lon="99.930111"><time>2026-04-27T06:23:01.422Z</time></trkpt>
      <trkpt lat="25.486152" lon="99.930111"><time>2026-04-27T06:23:01.439Z</time></trkpt>
      <trkpt lat="25.486152" lon="99.930111"><time>2026-04-27T06:23:01.456Z</time></trkpt>
      <trkpt lat="25.486152" lon="99.930111"><time>2026-04-27T06:23:01.472Z</time></trkpt>
      <trkpt lat="25.486152" lon="99.930111"><time>2026-04-27T06:23:01.489Z</time></trkpt>
      <trkpt lat="25.486151" lon="99.930128"><time>2026-04-27T06:23:01.506Z</time></trkpt>
      <trkpt lat="25.486151" lon="99.930128"><time>2026-04-27T06:23:01.522Z</time></trkpt>
      <trkpt lat="25.486151" lon="99.930128"><time>2026-04-27T06:23:01.539Z</time></trkpt>
      <trkpt lat="25.486151" lon="99.930128"><time>2026-04-27T06:23:01.556Z</time></trkpt>
      <trkpt lat="25.486151" lon="99.930128"><time>2026-04-27T06:23:01.572Z</time></trkpt>
      <trkpt lat="25.486151" lon="99.930128"><time>2026-04-27T06:23:01.589Z</time></trkpt>
      <trkpt lat="25.486149" lon="99.930148"><time>2026-04-27T06:23:01.606Z</time></trkpt>
      <trkpt lat="25.486149" lon="99.930148"><time>2026-04-27T06:23:01.622Z</time></trkpt>
      <trkpt lat="25.486149" lon="99.930148"><time>2026-04-27T06:23:01.639Z</time></trkpt>
      <trkpt lat="25.486149" lon="99.930148"><time>2026-04-27T06:23:01.656Z</time></trkpt>
      <trkpt lat="25.486149" lon="99.930148"><time>2026-04-27T06:23:01.672Z</time></trkpt>
      <trkpt lat="25.486149" lon="99.930148"><time>2026-04-27T06:23:01.689Z</time></trkpt>
      <trkpt lat="25.486147" lon="99.930167"><time>2026-04-27T06:23:01.706Z</time></trkpt>
      <trkpt lat="25.486147" lon="99.930167"><time>2026-04-27T06:23:01.723Z</time></trkpt>
      <trkpt lat="25.486147" lon="99.930167"><time>2026-04-27T06:23:01.739Z</time></trkpt>
      <trkpt lat="25.486147" lon="99.930167"><time>2026-04-27T06:23:01.756Z</time></trkpt>
      <trkpt lat="25.486147" lon="99.930167"><time>2026-04-27T06:23:01.773Z</time></trkpt>
      <trkpt lat="25.486147" lon="99.930167"><time>2026-04-27T06:23:01.789Z</time></trkpt>
      <trkpt lat="25.486145" lon="99.930185"><time>2026-04-27T06:23:01.806Z</time></trkpt>
      <trkpt lat="25.486145" lon="99.930185"><time>2026-04-27T06:23:01.823Z</time></trkpt>
      <trkpt lat="25.486145" lon="99.930185"><time>2026-04-27T06:23:01.839Z</time></trkpt>
      <trkpt lat="25.486145" lon="99.930185"><time>2026-04-27T06:23:01.856Z</time></trkpt>
      <trkpt lat="25.486145" lon="99.930185"><time>2026-04-27T06:23:01.873Z</time></trkpt>
      <trkpt lat="25.486145" lon="99.930185"><time>2026-04-27T06:23:01.889Z</time></trkpt>
      <trkpt lat="25.486143" lon="99.930204"><time>2026-04-27T06:23:01.906Z</time></trkpt>
      <trkpt lat="25.486143" lon="99.930204"><time>2026-04-27T06:23:01.923Z</time></trkpt>
      <trkpt lat="25.486143" lon="99.930204"><time>2026-04-27T06:23:01.939Z</time></trkpt>
      <trkpt lat="25.486143" lon="99.930204"><time>2026-04-27T06:23:01.956Z</time></trkpt>
      <trkpt lat="25.486143" lon="99.930204"><time>2026-04-27T06:23:01.973Z</time></trkpt>
      <trkpt lat="25.486143" lon="99.930204"><time>2026-04-27T06:23:01.989Z</time></trkpt>
      <trkpt lat="25.486141" lon="99.930224"><time>2026-04-27T06:23:02.006Z</time></trkpt>
      <trkpt lat="25.486141" lon="99.930224"><time>2026-04-27T06:23:02.023Z</time></trkpt>
      <trkpt lat="25.486141" lon="99.930224"><time>2026-04-27T06:23:02.040Z</time></trkpt>
      <trkpt lat="25.486141" lon="99.930224"><time>2026-04-27T06:23:02.056Z</time></trkpt>
      <trkpt lat="25.486141" lon="99.930224"><time>2026-04-27T06:23:02.073Z</time></trkpt>
      <trkpt lat="25.486141" lon="99.930224"><time>2026-04-27T06:23:02.090Z</time></trkpt>
      <trkpt lat="25.486139" lon="99.930243"><time>2026-04-27T06:23:02.106Z</time></trkpt>
      <trkpt lat="25.486139" lon="99.930243"><time>2026-04-27T06:23:02.123Z</time></trkpt>
      <trkpt lat="25.486139" lon="99.930243"><time>2026-04-27T06:23:02.140Z</time></trkpt>
      <trkpt lat="25.486139" lon="99.930243"><time>2026-04-27T06:23:02.156Z</time></trkpt>
      <trkpt lat="25.486139" lon="99.930243"><time>2026-04-27T06:23:02.173Z</time></trkpt>
      <trkpt lat="25.486139" lon="99.930243"><time>2026-04-27T06:23:02.190Z</time></trkpt>
      <trkpt lat="25.486137" lon="99.930262"><time>2026-04-27T06:23:02.206Z</time></trkpt>
      <trkpt lat="25.486137" lon="99.930262"><time>2026-04-27T06:23:02.223Z</time></trkpt>
      <trkpt lat="25.486137" lon="99.930262"><time>2026-04-27T06:23:02.240Z</time></trkpt>
      <trkpt lat="25.486137" lon="99.930262"><time>2026-04-27T06:23:02.256Z</time></trkpt>
      <trkpt lat="25.486137" lon="99.930262"><time>2026-04-27T06:23:02.273Z</time></trkpt>
      <trkpt lat="25.486137" lon="99.930262"><time>2026-04-27T06:23:02.290Z</time></trkpt>
      <trkpt lat="25.486135" lon="99.930282"><time>2026-04-27T06:23:02.306Z</time></trkpt>
      <trkpt lat="25.486135" lon="99.930282"><time>2026-04-27T06:23:02.323Z</time></trkpt>
      <trkpt lat="25.486135" lon="99.930282"><time>2026-04-27T06:23:02.340Z</time></trkpt>
      <trkpt lat="25.486135" lon="99.930282"><time>2026-04-27T06:23:02.357Z</time></trkpt>
      <trkpt lat="25.486135" lon="99.930282"><time>2026-04-27T06:23:02.373Z</time></trkpt>
      <trkpt lat="25.486135" lon="99.930282"><time>2026-04-27T06:23:02.390Z</time></trkpt>
      <trkpt lat="25.486134" lon="99.930302"><time>2026-04-27T06:23:02.407Z</time></trkpt>
      <trkpt lat="25.486134" lon="99.930302"><time>2026-04-27T06:23:02.423Z</time></trkpt>
      <trkpt lat="25.486134" lon="99.930302"><time>2026-04-27T06:23:02.440Z</time></trkpt>
      <trkpt lat="25.486134" lon="99.930302"><time>2026-04-27T06:23:02.457Z</time></trkpt>
      <trkpt lat="25.486134" lon="99.930302"><time>2026-04-27T06:23:02.473Z</time></trkpt>
      <trkpt lat="25.486134" lon="99.930302"><time>2026-04-27T06:23:02.490Z</time></trkpt>
      <trkpt lat="25.486133" lon="99.930321"><time>2026-04-27T06:23:02.507Z</time></trkpt>
      <trkpt lat="25.486133" lon="99.930321"><time>2026-04-27T06:23:02.523Z</time></trkpt>
      <trkpt lat="25.486133" lon="99.930321"><time>2026-04-27T06:23:02.540Z</time></trkpt>
      <trkpt lat="25.486133" lon="99.930321"><time>2026-04-27T06:23:02.557Z</time></trkpt>
      <trkpt lat="25.486133" lon="99.930321"><time>2026-04-27T06:23:02.573Z</time></trkpt>
      <trkpt lat="25.486133" lon="99.930321"><time>2026-04-27T06:23:02.590Z</time></trkpt>
      <trkpt lat="25.486131" lon="99.93034"><time>2026-04-27T06:23:02.607Z</time></trkpt>
      <trkpt lat="25.486131" lon="99.93034"><time>2026-04-27T06:23:02.623Z</time></trkpt>
      <trkpt lat="25.486131" lon="99.93034"><time>2026-04-27T06:23:02.640Z</time></trkpt>
      <trkpt lat="25.486131" lon="99.93034"><time>2026-04-27T06:23:02.657Z</time></trkpt>
      <trkpt lat="25.486131" lon="99.93034"><time>2026-04-27T06:23:02.673Z</time></trkpt>
      <trkpt lat="25.486131" lon="99.93034"><time>2026-04-27T06:23:02.690Z</time></trkpt>
      <trkpt lat="25.48613" lon="99.93036"><time>2026-04-27T06:23:02.707Z</time></trkpt>
      <trkpt lat="25.48613" lon="99.93036"><time>2026-04-27T06:23:02.724Z</time></trkpt>
      <trkpt lat="25.48613" lon="99.93036"><time>2026-04-27T06:23:02.740Z</time></trkpt>
      <trkpt lat="25.48613" lon="99.93036"><time>2026-04-27T06:23:02.757Z</time></trkpt>
      <trkpt lat="25.48613" lon="99.93036"><time>2026-04-27T06:23:02.774Z</time></trkpt>
      <trkpt lat="25.48613" lon="99.93036"><time>2026-04-27T06:23:02.790Z</time></trkpt>
      <trkpt lat="25.486128" lon="99.930379"><time>2026-04-27T06:23:02.807Z</time></trkpt>
      <trkpt lat="25.486128" lon="99.930379"><time>2026-04-27T06:23:02.824Z</time></trkpt>
      <trkpt lat="25.486128" lon="99.930379"><time>2026-04-27T06:23:02.840Z</time></trkpt>
      <trkpt lat="25.486128" lon="99.930379"><time>2026-04-27T06:23:02.857Z</time></trkpt>
      <trkpt lat="25.486128" lon="99.930379"><time>2026-04-27T06:23:02.874Z</time></trkpt>
      <trkpt lat="25.486128" lon="99.930379"><time>2026-04-27T06:23:02.890Z</time></trkpt>
      <trkpt lat="25.486126" lon="99.930401"><time>2026-04-27T06:23:02.907Z</time></trkpt>
      <trkpt lat="25.486126" lon="99.930401"><time>2026-04-27T06:23:02.924Z</time></trkpt>
      <trkpt lat="25.486126" lon="99.930401"><time>2026-04-27T06:23:02.940Z</time></trkpt>
      <trkpt lat="25.486126" lon="99.930401"><time>2026-04-27T06:23:02.957Z</time></trkpt>
      <trkpt lat="25.486126" lon="99.930401"><time>2026-04-27T06:23:02.974Z</time></trkpt>
      <trkpt lat="25.486126" lon="99.930401"><time>2026-04-27T06:23:02.990Z</time></trkpt>
      <trkpt lat="25.486124" lon="99.930421"><time>2026-04-27T06:23:03.007Z</time></trkpt>
      <trkpt lat="25.486124" lon="99.930421"><time>2026-04-27T06:23:03.024Z</time></trkpt>
      <trkpt lat="25.486124" lon="99.930421"><time>2026-04-27T06:23:03.041Z</time></trkpt>
      <trkpt lat="25.486124" lon="99.930421"><time>2026-04-27T06:23:03.057Z</time></trkpt>
      <trkpt lat="25.486124" lon="99.930421"><time>2026-04-27T06:23:03.074Z</time></trkpt>
      <trkpt lat="25.486124" lon="99.930421"><time>2026-04-27T06:23:03.091Z</time></trkpt>
      <trkpt lat="25.486122" lon="99.930441"><time>2026-04-27T06:23:03.107Z</time></trkpt>
      <trkpt lat="25.486122" lon="99.930441"><time>2026-04-27T06:23:03.124Z</time></trkpt>
      <trkpt lat="25.486122" lon="99.930441"><time>2026-04-27T06:23:03.141Z</time></trkpt>
      <trkpt lat="25.486122" lon="99.930441"><time>2026-04-27T06:23:03.157Z</time></trkpt>
      <trkpt lat="25.486122" lon="99.930441"><time>2026-04-27T06:23:03.174Z</time></trkpt>
      <trkpt lat="25.486122" lon="99.930441"><time>2026-04-27T06:23:03.191Z</time></trkpt>
      <trkpt lat="25.48612" lon="99.930462"><time>2026-04-27T06:23:03.207Z</time></trkpt>
      <trkpt lat="25.48612" lon="99.930462"><time>2026-04-27T06:23:03.224Z</time></trkpt>
      <trkpt lat="25.48612" lon="99.930462"><time>2026-04-27T06:23:03.241Z</time></trkpt>
      <trkpt lat="25.48612" lon="99.930462"><time>2026-04-27T06:23:03.257Z</time></trkpt>
      <trkpt lat="25.48612" lon="99.930462"><time>2026-04-27T06:23:03.274Z</time></trkpt>
      <trkpt lat="25.48612" lon="99.930462"><time>2026-04-27T06:23:03.291Z</time></trkpt>
      <trkpt lat="25.486119" lon="99.930483"><time>2026-04-27T06:23:03.307Z</time></trkpt>
      <trkpt lat="25.486119" lon="99.930483"><time>2026-04-27T06:23:03.324Z</time></trkpt>
      <trkpt lat="25.486119" lon="99.930483"><time>2026-04-27T06:23:03.341Z</time></trkpt>
      <trkpt lat="25.486119" lon="99.930483"><time>2026-04-27T06:23:03.358Z</time></trkpt>
      <trkpt lat="25.486119" lon="99.930483"><time>2026-04-27T06:23:03.374Z</time></trkpt>
      <trkpt lat="25.486119" lon="99.930483"><time>2026-04-27T06:23:03.391Z</time></trkpt>
      <trkpt lat="25.486117" lon="99.930503"><time>2026-04-27T06:23:03.408Z</time></trkpt>
      <trkpt lat="25.486117" lon="99.930503"><time>2026-04-27T06:23:03.424Z</time></trkpt>
      <trkpt lat="25.486117" lon="99.930503"><time>2026-04-27T06:23:03.441Z</time></trkpt>
      <trkpt lat="25.486117" lon="99.930503"><time>2026-04-27T06:23:03.458Z</time></trkpt>
      <trkpt lat="25.486117" lon="99.930503"><time>2026-04-27T06:23:03.474Z</time></trkpt>
      <trkpt lat="25.486117" lon="99.930503"><time>2026-04-27T06:23:03.491Z</time></trkpt>
      <trkpt lat="25.486115" lon="99.930523"><time>2026-04-27T06:23:03.508Z</time></trkpt>
      <trkpt lat="25.486115" lon="99.930523"><time>2026-04-27T06:23:03.524Z</time></trkpt>
      <trkpt lat="25.486115" lon="99.930523"><time>2026-04-27T06:23:03.541Z</time></trkpt>
      <trkpt lat="25.486115" lon="99.930523"><time>2026-04-27T06:23:03.558Z</time></trkpt>
      <trkpt lat="25.486115" lon="99.930523"><time>2026-04-27T06:23:03.574Z</time></trkpt>
      <trkpt lat="25.486115" lon="99.930523"><time>2026-04-27T06:23:03.591Z</time></trkpt>
      <trkpt lat="25.486113" lon="99.930545"><time>2026-04-27T06:23:03.608Z</time></trkpt>
      <trkpt lat="25.486113" lon="99.930545"><time>2026-04-27T06:23:03.624Z</time></trkpt>
      <trkpt lat="25.486113" lon="99.930545"><time>2026-04-27T06:23:03.641Z</time></trkpt>
      <trkpt lat="25.486113" lon="99.930545"><time>2026-04-27T06:23:03.658Z</time></trkpt>
      <trkpt lat="25.486113" lon="99.930545"><time>2026-04-27T06:23:03.675Z</time></trkpt>
      <trkpt lat="25.486113" lon="99.930545"><time>2026-04-27T06:23:03.691Z</time></trkpt>
      <trkpt lat="25.486111" lon="99.930566"><time>2026-04-27T06:23:03.708Z</time></trkpt>
      <trkpt lat="25.486111" lon="99.930566"><time>2026-04-27T06:23:03.725Z</time></trkpt>
      <trkpt lat="25.486111" lon="99.930566"><time>2026-04-27T06:23:03.741Z</time></trkpt>
      <trkpt lat="25.486111" lon="99.930566"><time>2026-04-27T06:23:03.758Z</time></trkpt>
      <trkpt lat="25.486111" lon="99.930566"><time>2026-04-27T06:23:03.775Z</time></trkpt>
      <trkpt lat="25.486111" lon="99.930566"><time>2026-04-27T06:23:03.791Z</time></trkpt>
      <trkpt lat="25.486109" lon="99.930587"><time>2026-04-27T06:23:03.808Z</time></trkpt>
      <trkpt lat="25.486109" lon="99.930587"><time>2026-04-27T06:23:03.825Z</time></trkpt>
      <trkpt lat="25.486109" lon="99.930587"><time>2026-04-27T06:23:03.841Z</time></trkpt>
      <trkpt lat="25.486109" lon="99.930587"><time>2026-04-27T06:23:03.858Z</time></trkpt>
      <trkpt lat="25.486109" lon="99.930587"><time>2026-04-27T06:23:03.875Z</time></trkpt>
      <trkpt lat="25.486109" lon="99.930587"><time>2026-04-27T06:23:03.891Z</time></trkpt>
      <trkpt lat="25.486108" lon="99.930608"><time>2026-04-27T06:23:03.908Z</time></trkpt>
      <trkpt lat="25.486108" lon="99.930608"><time>2026-04-27T06:23:03.925Z</time></trkpt>
      <trkpt lat="25.486108" lon="99.930608"><time>2026-04-27T06:23:03.941Z</time></trkpt>
      <trkpt lat="25.486108" lon="99.930608"><time>2026-04-27T06:23:03.958Z</time></trkpt>
      <trkpt lat="25.486108" lon="99.930608"><time>2026-04-27T06:23:03.975Z</time></trkpt>
      <trkpt lat="25.486108" lon="99.930608"><time>2026-04-27T06:23:03.992Z</time></trkpt>
      <trkpt lat="25.486106" lon="99.930629"><time>2026-04-27T06:23:04.008Z</time></trkpt>
      <trkpt lat="25.486106" lon="99.930629"><time>2026-04-27T06:23:04.025Z</time></trkpt>
      <trkpt lat="25.486106" lon="99.930629"><time>2026-04-27T06:23:04.042Z</time></trkpt>
      <trkpt lat="25.486106" lon="99.930629"><time>2026-04-27T06:23:04.058Z</time></trkpt>
      <trkpt lat="25.486106" lon="99.930629"><time>2026-04-27T06:23:04.075Z</time></trkpt>
      <trkpt lat="25.486106" lon="99.930629"><time>2026-04-27T06:23:04.092Z</time></trkpt>
      <trkpt lat="25.486104" lon="99.93065"><time>2026-04-27T06:23:04.108Z</time></trkpt>
      <trkpt lat="25.486104" lon="99.93065"><time>2026-04-27T06:23:04.125Z</time></trkpt>
      <trkpt lat="25.486104" lon="99.93065"><time>2026-04-27T06:23:04.142Z</time></trkpt>
      <trkpt lat="25.486104" lon="99.93065"><time>2026-04-27T06:23:04.158Z</time></trkpt>
      <trkpt lat="25.486104" lon="99.93065"><time>2026-04-27T06:23:04.175Z</time></trkpt>
      <trkpt lat="25.486104" lon="99.93065"><time>2026-04-27T06:23:04.192Z</time></trkpt>
      <trkpt lat="25.486102" lon="99.930671"><time>2026-04-27T06:23:04.208Z</time></trkpt>
      <trkpt lat="25.486102" lon="99.930671"><time>2026-04-27T06:23:04.225Z</time></trkpt>
      <trkpt lat="25.486102" lon="99.930671"><time>2026-04-27T06:23:04.242Z</time></trkpt>
      <trkpt lat="25.486102" lon="99.930671"><time>2026-04-27T06:23:04.258Z</time></trkpt>
      <trkpt lat="25.486102" lon="99.930671"><time>2026-04-27T06:23:04.275Z</time></trkpt>
      <trkpt lat="25.486102" lon="99.930671"><time>2026-04-27T06:23:04.292Z</time></trkpt>
      <trkpt lat="25.4861" lon="99.930694"><time>2026-04-27T06:23:04.309Z</time></trkpt>
      <trkpt lat="25.4861" lon="99.930694"><time>2026-04-27T06:23:04.325Z</time></trkpt>
      <trkpt lat="25.4861" lon="99.930694"><time>2026-04-27T06:23:04.342Z</time></trkpt>
      <trkpt lat="25.4861" lon="99.930694"><time>2026-04-27T06:23:04.359Z</time></trkpt>
      <trkpt lat="25.4861" lon="99.930694"><time>2026-04-27T06:23:04.375Z</time></trkpt>
      <trkpt lat="25.4861" lon="99.930694"><time>2026-04-27T06:23:04.392Z</time></trkpt>
      <trkpt lat="25.486098" lon="99.930715"><time>2026-04-27T06:23:04.409Z</time></trkpt>
      <trkpt lat="25.486098" lon="99.930715"><time>2026-04-27T06:23:04.425Z</time></trkpt>
      <trkpt lat="25.486098" lon="99.930715"><time>2026-04-27T06:23:04.442Z</time></trkpt>
      <trkpt lat="25.486098" lon="99.930715"><time>2026-04-27T06:23:04.459Z</time></trkpt>
      <trkpt lat="25.486098" lon="99.930715"><time>2026-04-27T06:23:04.475Z</time></trkpt>
      <trkpt lat="25.486098" lon="99.930715"><time>2026-04-27T06:23:04.492Z</time></trkpt>
      <trkpt lat="25.486096" lon="99.930737"><time>2026-04-27T06:23:04.509Z</time></trkpt>
      <trkpt lat="25.486096" lon="99.930737"><time>2026-04-27T06:23:04.525Z</time></trkpt>
      <trkpt lat="25.486096" lon="99.930737"><time>2026-04-27T06:23:04.542Z</time></trkpt>
      <trkpt lat="25.486096" lon="99.930737"><time>2026-04-27T06:23:04.559Z</time></trkpt>
      <trkpt lat="25.486096" lon="99.930737"><time>2026-04-27T06:23:04.575Z</time></trkpt>
      <trkpt lat="25.486096" lon="99.930737"><time>2026-04-27T06:23:04.592Z</time></trkpt>
      <trkpt lat="25.486095" lon="99.930759"><time>2026-04-27T06:23:04.609Z</time></trkpt>
      <trkpt lat="25.486095" lon="99.930759"><time>2026-04-27T06:23:04.626Z</time></trkpt>
      <trkpt lat="25.486095" lon="99.930759"><time>2026-04-27T06:23:04.642Z</time></trkpt>
      <trkpt lat="25.486095" lon="99.930759"><time>2026-04-27T06:23:04.659Z</time></trkpt>
      <trkpt lat="25.486095" lon="99.930759"><time>2026-04-27T06:23:04.676Z</time></trkpt>
      <trkpt lat="25.486095" lon="99.930759"><time>2026-04-27T06:23:04.692Z</time></trkpt>
      <trkpt lat="25.486093" lon="99.930781"><time>2026-04-27T06:23:04.709Z</time></trkpt>
      <trkpt lat="25.486093" lon="99.930781"><time>2026-04-27T06:23:04.726Z</time></trkpt>
      <trkpt lat="25.486093" lon="99.930781"><time>2026-04-27T06:23:04.742Z</time></trkpt>
      <trkpt lat="25.486093" lon="99.930781"><time>2026-04-27T06:23:04.759Z</time></trkpt>
      <trkpt lat="25.486093" lon="99.930781"><time>2026-04-27T06:23:04.776Z</time></trkpt>
      <trkpt lat="25.486093" lon="99.930781"><time>2026-04-27T06:23:04.792Z</time></trkpt>
      <trkpt lat="25.486091" lon="99.930802"><time>2026-04-27T06:23:04.809Z</time></trkpt>
      <trkpt lat="25.486091" lon="99.930802"><time>2026-04-27T06:23:04.826Z</time></trkpt>
      <trkpt lat="25.486091" lon="99.930802"><time>2026-04-27T06:23:04.842Z</time></trkpt>
      <trkpt lat="25.486091" lon="99.930802"><time>2026-04-27T06:23:04.859Z</time></trkpt>
      <trkpt lat="25.486091" lon="99.930802"><time>2026-04-27T06:23:04.876Z</time></trkpt>
      <trkpt lat="25.486091" lon="99.930802"><time>2026-04-27T06:23:04.892Z</time></trkpt>
      <trkpt lat="25.486089" lon="99.930825"><time>2026-04-27T06:23:04.909Z</time></trkpt>
      <trkpt lat="25.486089" lon="99.930825"><time>2026-04-27T06:23:04.926Z</time></trkpt>
      <trkpt lat="25.486089" lon="99.930825"><time>2026-04-27T06:23:04.943Z</time></trkpt>
      <trkpt lat="25.486089" lon="99.930825"><time>2026-04-27T06:23:04.959Z</time></trkpt>
      <trkpt lat="25.486089" lon="99.930825"><time>2026-04-27T06:23:04.976Z</time></trkpt>
      <trkpt lat="25.486089" lon="99.930825"><time>2026-04-27T06:23:04.993Z</time></trkpt>
      <trkpt lat="25.486087" lon="99.930847"><time>2026-04-27T06:23:05.009Z</time></trkpt>
      <trkpt lat="25.486087" lon="99.930847"><time>2026-04-27T06:23:05.026Z</time></trkpt>
      <trkpt lat="25.486087" lon="99.930847"><time>2026-04-27T06:23:05.043Z</time></trkpt>
      <trkpt lat="25.486087" lon="99.930847"><time>2026-04-27T06:23:05.059Z</time></trkpt>
      <trkpt lat="25.486087" lon="99.930847"><time>2026-04-27T06:23:05.076Z</time></trkpt>
      <trkpt lat="25.486087" lon="99.930847"><time>2026-04-27T06:23:05.093Z</time></trkpt>
      <trkpt lat="25.486084" lon="99.930869"><time>2026-04-27T06:23:05.109Z</time></trkpt>
      <trkpt lat="25.486084" lon="99.930869"><time>2026-04-27T06:23:05.126Z</time></trkpt>
      <trkpt lat="25.486084" lon="99.930869"><time>2026-04-27T06:23:05.143Z</time></trkpt>
      <trkpt lat="25.486084" lon="99.930869"><time>2026-04-27T06:23:05.159Z</time></trkpt>
      <trkpt lat="25.486084" lon="99.930869"><time>2026-04-27T06:23:05.176Z</time></trkpt>
      <trkpt lat="25.486084" lon="99.930869"><time>2026-04-27T06:23:05.193Z</time></trkpt>
      <trkpt lat="25.486082" lon="99.930891"><time>2026-04-27T06:23:05.209Z</time></trkpt>
      <trkpt lat="25.486082" lon="99.930891"><time>2026-04-27T06:23:05.226Z</time></trkpt>
      <trkpt lat="25.486082" lon="99.930891"><time>2026-04-27T06:23:05.243Z</time></trkpt>
      <trkpt lat="25.486082" lon="99.930891"><time>2026-04-27T06:23:05.260Z</time></trkpt>
      <trkpt lat="25.486082" lon="99.930891"><time>2026-04-27T06:23:05.276Z</time></trkpt>
      <trkpt lat="25.486082" lon="99.930891"><time>2026-04-27T06:23:05.293Z</time></trkpt>
      <trkpt lat="25.486079" lon="99.930913"><time>2026-04-27T06:23:05.310Z</time></trkpt>
      <trkpt lat="25.486079" lon="99.930913"><time>2026-04-27T06:23:05.326Z</time></trkpt>
      <trkpt lat="25.486079" lon="99.930913"><time>2026-04-27T06:23:05.343Z</time></trkpt>
      <trkpt lat="25.486079" lon="99.930913"><time>2026-04-27T06:23:05.360Z</time></trkpt>
      <trkpt lat="25.486079" lon="99.930913"><time>2026-04-27T06:23:05.376Z</time></trkpt>
      <trkpt lat="25.486079" lon="99.930913"><time>2026-04-27T06:23:05.393Z</time></trkpt>
      <trkpt lat="25.486076" lon="99.930934"><time>2026-04-27T06:23:05.410Z</time></trkpt>
      <trkpt lat="25.486076" lon="99.930934"><time>2026-04-27T06:23:05.426Z</time></trkpt>
      <trkpt lat="25.486076" lon="99.930934"><time>2026-04-27T06:23:05.443Z</time></trkpt>
      <trkpt lat="25.486076" lon="99.930934"><time>2026-04-27T06:23:05.460Z</time></trkpt>
      <trkpt lat="25.486076" lon="99.930934"><time>2026-04-27T06:23:05.476Z</time></trkpt>
      <trkpt lat="25.486076" lon="99.930934"><time>2026-04-27T06:23:05.493Z</time></trkpt>
      <trkpt lat="25.486074" lon="99.930958"><time>2026-04-27T06:23:05.510Z</time></trkpt>
      <trkpt lat="25.486074" lon="99.930958"><time>2026-04-27T06:23:05.526Z</time></trkpt>
      <trkpt lat="25.486074" lon="99.930958"><time>2026-04-27T06:23:05.543Z</time></trkpt>
      <trkpt lat="25.486074" lon="99.930958"><time>2026-04-27T06:23:05.560Z</time></trkpt>
      <trkpt lat="25.486074" lon="99.930958"><time>2026-04-27T06:23:05.577Z</time></trkpt>
      <trkpt lat="25.486074" lon="99.930958"><time>2026-04-27T06:23:05.593Z</time></trkpt>
      <trkpt lat="25.486072" lon="99.93098"><time>2026-04-27T06:23:05.610Z</time></trkpt>
      <trkpt lat="25.486072" lon="99.93098"><time>2026-04-27T06:23:05.627Z</time></trkpt>
      <trkpt lat="25.486072" lon="99.93098"><time>2026-04-27T06:23:05.643Z</time></trkpt>
      <trkpt lat="25.486072" lon="99.93098"><time>2026-04-27T06:23:05.660Z</time></trkpt>
      <trkpt lat="25.486072" lon="99.93098"><time>2026-04-27T06:23:05.677Z</time></trkpt>
      <trkpt lat="25.486072" lon="99.93098"><time>2026-04-27T06:23:05.693Z</time></trkpt>
      <trkpt lat="25.48607" lon="99.931003"><time>2026-04-27T06:23:05.710Z</time></trkpt>
      <trkpt lat="25.48607" lon="99.931003"><time>2026-04-27T06:23:05.727Z</time></trkpt>
      <trkpt lat="25.48607" lon="99.931003"><time>2026-04-27T06:23:05.743Z</time></trkpt>
      <trkpt lat="25.48607" lon="99.931003"><time>2026-04-27T06:23:05.760Z</time></trkpt>
      <trkpt lat="25.48607" lon="99.931003"><time>2026-04-27T06:23:05.777Z</time></trkpt>
      <trkpt lat="25.48607" lon="99.931003"><time>2026-04-27T06:23:05.793Z</time></trkpt>
      <trkpt lat="25.486068" lon="99.931025"><time>2026-04-27T06:23:05.810Z</time></trkpt>
      <trkpt lat="25.486068" lon="99.931025"><time>2026-04-27T06:23:05.827Z</time></trkpt>
      <trkpt lat="25.486068" lon="99.931025"><time>2026-04-27T06:23:05.843Z</time></trkpt>
      <trkpt lat="25.486068" lon="99.931025"><time>2026-04-27T06:23:05.860Z</time></trkpt>
      <trkpt lat="25.486068" lon="99.931025"><time>2026-04-27T06:23:05.877Z</time></trkpt>
      <trkpt lat="25.486068" lon="99.931025"><time>2026-04-27T06:23:05.894Z</time></trkpt>
      <trkpt lat="25.486066" lon="99.931048"><time>2026-04-27T06:23:05.910Z</time></trkpt>
      <trkpt lat="25.486066" lon="99.931048"><time>2026-04-27T06:23:05.927Z</time></trkpt>
      <trkpt lat="25.486066" lon="99.931048"><time>2026-04-27T06:23:05.944Z</time></trkpt>
      <trkpt lat="25.486066" lon="99.931048"><time>2026-04-27T06:23:05.960Z</time></trkpt>
      <trkpt lat="25.486066" lon="99.931048"><time>2026-04-27T06:23:05.977Z</time></trkpt>
      <trkpt lat="25.486066" lon="99.931048"><time>2026-04-27T06:23:05.994Z</time></trkpt>
      <trkpt lat="25.486064" lon="99.931071"><time>2026-04-27T06:23:06.010Z</time></trkpt>
      <trkpt lat="25.486064" lon="99.931071"><time>2026-04-27T06:23:06.027Z</time></trkpt>
      <trkpt lat="25.486064" lon="99.931071"><time>2026-04-27T06:23:06.044Z</time></trkpt>
      <trkpt lat="25.486064" lon="99.931071"><time>2026-04-27T06:23:06.060Z</time></trkpt>
      <trkpt lat="25.486064" lon="99.931071"><time>2026-04-27T06:23:06.077Z</time></trkpt>
      <trkpt lat="25.486064" lon="99.931071"><time>2026-04-27T06:23:06.094Z</time></trkpt>
      <trkpt lat="25.486061" lon="99.931093"><time>2026-04-27T06:23:06.110Z</time></trkpt>
      <trkpt lat="25.486061" lon="99.931093"><time>2026-04-27T06:23:06.127Z</time></trkpt>
      <trkpt lat="25.486061" lon="99.931093"><time>2026-04-27T06:23:06.144Z</time></trkpt>
      <trkpt lat="25.486061" lon="99.931093"><time>2026-04-27T06:23:06.160Z</time></trkpt>
      <trkpt lat="25.486061" lon="99.931093"><time>2026-04-27T06:23:06.177Z</time></trkpt>
      <trkpt lat="25.486061" lon="99.931093"><time>2026-04-27T06:23:06.194Z</time></trkpt>
      <trkpt lat="25.48606" lon="99.931115"><time>2026-04-27T06:23:06.211Z</time></trkpt>
      <trkpt lat="25.48606" lon="99.931115"><time>2026-04-27T06:23:06.227Z</time></trkpt>
      <trkpt lat="25.48606" lon="99.931115"><time>2026-04-27T06:23:06.244Z</time></trkpt>
      <trkpt lat="25.48606" lon="99.931115"><time>2026-04-27T06:23:06.261Z</time></trkpt>
      <trkpt lat="25.48606" lon="99.931115"><time>2026-04-27T06:23:06.277Z</time></trkpt>
      <trkpt lat="25.48606" lon="99.931115"><time>2026-04-27T06:23:06.294Z</time></trkpt>
      <trkpt lat="25.486057" lon="99.931139"><time>2026-04-27T06:23:06.311Z</time></trkpt>
      <trkpt lat="25.486057" lon="99.931139"><time>2026-04-27T06:23:06.327Z</time></trkpt>
      <trkpt lat="25.486057" lon="99.931139"><time>2026-04-27T06:23:06.344Z</time></trkpt>
      <trkpt lat="25.486057" lon="99.931139"><time>2026-04-27T06:23:06.361Z</time></trkpt>
      <trkpt lat="25.486057" lon="99.931139"><time>2026-04-27T06:23:06.377Z</time></trkpt>
      <trkpt lat="25.486057" lon="99.931139"><time>2026-04-27T06:23:06.394Z</time></trkpt>
      <trkpt lat="25.486055" lon="99.931162"><time>2026-04-27T06:23:06.411Z</time></trkpt>
      <trkpt lat="25.486055" lon="99.931162"><time>2026-04-27T06:23:06.427Z</time></trkpt>
      <trkpt lat="25.486055" lon="99.931162"><time>2026-04-27T06:23:06.444Z</time></trkpt>
      <trkpt lat="25.486055" lon="99.931162"><time>2026-04-27T06:23:06.461Z</time></trkpt>
      <trkpt lat="25.486055" lon="99.931162"><time>2026-04-27T06:23:06.477Z</time></trkpt>
      <trkpt lat="25.486055" lon="99.931162"><time>2026-04-27T06:23:06.494Z</time></trkpt>
      <trkpt lat="25.486053" lon="99.931183"><time>2026-04-27T06:23:06.511Z</time></trkpt>
      <trkpt lat="25.486053" lon="99.931183"><time>2026-04-27T06:23:06.528Z</time></trkpt>
      <trkpt lat="25.486053" lon="99.931183"><time>2026-04-27T06:23:06.544Z</time></trkpt>
      <trkpt lat="25.486053" lon="99.931183"><time>2026-04-27T06:23:06.561Z</time></trkpt>
      <trkpt lat="25.486053" lon="99.931183"><time>2026-04-27T06:23:06.578Z</time></trkpt>
      <trkpt lat="25.486053" lon="99.931183"><time>2026-04-27T06:23:06.594Z</time></trkpt>
      <trkpt lat="25.486051" lon="99.931206"><time>2026-04-27T06:23:06.611Z</time></trkpt>
      <trkpt lat="25.486051" lon="99.931206"><time>2026-04-27T06:23:06.628Z</time></trkpt>
      <trkpt lat="25.486051" lon="99.931206"><time>2026-04-27T06:23:06.644Z</time></trkpt>
      <trkpt lat="25.486051" lon="99.931206"><time>2026-04-27T06:23:06.661Z</time></trkpt>
      <trkpt lat="25.486051" lon="99.931206"><time>2026-04-27T06:23:06.678Z</time></trkpt>
      <trkpt lat="25.486051" lon="99.931206"><time>2026-04-27T06:23:06.694Z</time></trkpt>
      <trkpt lat="25.486049" lon="99.93123"><time>2026-04-27T06:23:06.711Z</time></trkpt>
      <trkpt lat="25.486049" lon="99.93123"><time>2026-04-27T06:23:06.728Z</time></trkpt>
      <trkpt lat="25.486049" lon="99.93123"><time>2026-04-27T06:23:06.744Z</time></trkpt>
      <trkpt lat="25.486049" lon="99.93123"><time>2026-04-27T06:23:06.761Z</time></trkpt>
      <trkpt lat="25.486049" lon="99.93123"><time>2026-04-27T06:23:06.778Z</time></trkpt>
      <trkpt lat="25.486049" lon="99.93123"><time>2026-04-27T06:23:06.794Z</time></trkpt>
      <trkpt lat="25.486047" lon="99.931253"><time>2026-04-27T06:23:06.811Z</time></trkpt>
      <trkpt lat="25.486047" lon="99.931253"><time>2026-04-27T06:23:06.828Z</time></trkpt>
      <trkpt lat="25.486047" lon="99.931253"><time>2026-04-27T06:23:06.845Z</time></trkpt>
      <trkpt lat="25.486047" lon="99.931253"><time>2026-04-27T06:23:06.861Z</time></trkpt>
      <trkpt lat="25.486047" lon="99.931253"><time>2026-04-27T06:23:06.878Z</time></trkpt>
      <trkpt lat="25.486047" lon="99.931253"><time>2026-04-27T06:23:06.895Z</time></trkpt>
      <trkpt lat="25.486045" lon="99.931277"><time>2026-04-27T06:23:06.911Z</time></trkpt>
      <trkpt lat="25.486045" lon="99.931277"><time>2026-04-27T06:23:06.928Z</time></trkpt>
      <trkpt lat="25.486045" lon="99.931277"><time>2026-04-27T06:23:06.945Z</time></trkpt>
      <trkpt lat="25.486045" lon="99.931277"><time>2026-04-27T06:23:06.961Z</time></trkpt>
      <trkpt lat="25.486045" lon="99.931277"><time>2026-04-27T06:23:06.978Z</time></trkpt>
      <trkpt lat="25.486045" lon="99.931277"><time>2026-04-27T06:23:06.995Z</time></trkpt>
      <trkpt lat="25.486043" lon="99.9313"><time>2026-04-27T06:23:07.011Z</time></trkpt>
      <trkpt lat="25.486043" lon="99.9313"><time>2026-04-27T06:23:07.028Z</time></trkpt>
      <trkpt lat="25.486043" lon="99.9313"><time>2026-04-27T06:23:07.045Z</time></trkpt>
      <trkpt lat="25.486043" lon="99.9313"><time>2026-04-27T06:23:07.061Z</time></trkpt>
      <trkpt lat="25.486043" lon="99.9313"><time>2026-04-27T06:23:07.078Z</time></trkpt>
      <trkpt lat="25.486043" lon="99.9313"><time>2026-04-27T06:23:07.095Z</time></trkpt>
      <trkpt lat="25.486041" lon="99.931322"><time>2026-04-27T06:23:07.111Z</time></trkpt>
      <trkpt lat="25.486041" lon="99.931322"><time>2026-04-27T06:23:07.128Z</time></trkpt>
      <trkpt lat="25.486041" lon="99.931322"><time>2026-04-27T06:23:07.145Z</time></trkpt>
      <trkpt lat="25.486041" lon="99.931322"><time>2026-04-27T06:23:07.162Z</time></trkpt>
      <trkpt lat="25.486041" lon="99.931322"><time>2026-04-27T06:23:07.178Z</time></trkpt>
      <trkpt lat="25.486041" lon="99.931322"><time>2026-04-27T06:23:07.195Z</time></trkpt>
      <trkpt lat="25.486039" lon="99.931346"><time>2026-04-27T06:23:07.212Z</time></trkpt>
      <trkpt lat="25.486039" lon="99.931346"><time>2026-04-27T06:23:07.228Z</time></trkpt>
      <trkpt lat="25.486039" lon="99.931346"><time>2026-04-27T06:23:07.245Z</time></trkpt>
      <trkpt lat="25.486039" lon="99.931346"><time>2026-04-27T06:23:07.262Z</time></trkpt>
      <trkpt lat="25.486039" lon="99.931346"><time>2026-04-27T06:23:07.278Z</time></trkpt>
      <trkpt lat="25.486039" lon="99.931346"><time>2026-04-27T06:23:07.295Z</time></trkpt>
      <trkpt lat="25.486037" lon="99.931369"><time>2026-04-27T06:23:07.312Z</time></trkpt>
      <trkpt lat="25.486037" lon="99.931369"><time>2026-04-27T06:23:07.328Z</time></trkpt>
      <trkpt lat="25.486037" lon="99.931369"><time>2026-04-27T06:23:07.345Z</time></trkpt>
      <trkpt lat="25.486037" lon="99.931369"><time>2026-04-27T06:23:07.362Z</time></trkpt>
      <trkpt lat="25.486037" lon="99.931369"><time>2026-04-27T06:23:07.378Z</time></trkpt>
      <trkpt lat="25.486037" lon="99.931369"><time>2026-04-27T06:23:07.395Z</time></trkpt>
      <trkpt lat="25.486034" lon="99.931392"><time>2026-04-27T06:23:07.412Z</time></trkpt>
      <trkpt lat="25.486034" lon="99.931392"><time>2026-04-27T06:23:07.428Z</time></trkpt>
      <trkpt lat="25.486034" lon="99.931392"><time>2026-04-27T06:23:07.445Z</time></trkpt>
      <trkpt lat="25.486034" lon="99.931392"><time>2026-04-27T06:23:07.462Z</time></trkpt>
      <trkpt lat="25.486034" lon="99.931392"><time>2026-04-27T06:23:07.479Z</time></trkpt>
      <trkpt lat="25.486034" lon="99.931392"><time>2026-04-27T06:23:07.495Z</time></trkpt>
      <trkpt lat="25.486027" lon="99.931416"><time>2026-04-27T06:23:07.512Z</time></trkpt>
      <trkpt lat="25.486027" lon="99.931416"><time>2026-04-27T06:23:07.529Z</time></trkpt>
      <trkpt lat="25.486027" lon="99.931416"><time>2026-04-27T06:23:07.545Z</time></trkpt>
      <trkpt lat="25.486027" lon="99.931416"><time>2026-04-27T06:23:07.562Z</time></trkpt>
      <trkpt lat="25.486027" lon="99.931416"><time>2026-04-27T06:23:07.579Z</time></trkpt>
      <trkpt lat="25.486027" lon="99.931416"><time>2026-04-27T06:23:07.595Z</time></trkpt>
      <trkpt lat="25.486025" lon="99.931439"><time>2026-04-27T06:23:07.612Z</time></trkpt>
      <trkpt lat="25.486025" lon="99.931439"><time>2026-04-27T06:23:07.629Z</time></trkpt>
      <trkpt lat="25.486025" lon="99.931439"><time>2026-04-27T06:23:07.645Z</time></trkpt>
      <trkpt lat="25.486025" lon="99.931439"><time>2026-04-27T06:23:07.662Z</time></trkpt>
      <trkpt lat="25.486025" lon="99.931439"><time>2026-04-27T06:23:07.679Z</time></trkpt>
      <trkpt lat="25.486025" lon="99.931439"><time>2026-04-27T06:23:07.695Z</time></trkpt>
      <trkpt lat="25.486023" lon="99.931462"><time>2026-04-27T06:23:07.712Z</time></trkpt>
      <trkpt lat="25.486023" lon="99.931462"><time>2026-04-27T06:23:07.729Z</time></trkpt>
      <trkpt lat="25.486023" lon="99.931462"><time>2026-04-27T06:23:07.745Z</time></trkpt>
      <trkpt lat="25.486023" lon="99.931462"><time>2026-04-27T06:23:07.762Z</time></trkpt>
      <trkpt lat="25.486023" lon="99.931462"><time>2026-04-27T06:23:07.779Z</time></trkpt>
      <trkpt lat="25.486023" lon="99.931462"><time>2026-04-27T06:23:07.796Z</time></trkpt>
      <trkpt lat="25.486021" lon="99.931485"><time>2026-04-27T06:23:07.812Z</time></trkpt>
      <trkpt lat="25.486021" lon="99.931485"><time>2026-04-27T06:23:07.829Z</time></trkpt>
      <trkpt lat="25.486021" lon="99.931485"><time>2026-04-27T06:23:07.846Z</time></trkpt>
      <trkpt lat="25.486021" lon="99.931485"><time>2026-04-27T06:23:07.862Z</time></trkpt>
      <trkpt lat="25.486021" lon="99.931485"><time>2026-04-27T06:23:07.879Z</time></trkpt>
      <trkpt lat="25.486021" lon="99.931485"><time>2026-04-27T06:23:07.896Z</time></trkpt>
      <trkpt lat="25.486019" lon="99.931508"><time>2026-04-27T06:23:07.912Z</time></trkpt>
      <trkpt lat="25.486019" lon="99.931508"><time>2026-04-27T06:23:07.929Z</time></trkpt>
      <trkpt lat="25.486019" lon="99.931508"><time>2026-04-27T06:23:07.946Z</time></trkpt>
      <trkpt lat="25.486019" lon="99.931508"><time>2026-04-27T06:23:07.962Z</time></trkpt>
      <trkpt lat="25.486019" lon="99.931508"><time>2026-04-27T06:23:07.979Z</time></trkpt>
      <trkpt lat="25.486019" lon="99.931508"><time>2026-04-27T06:23:07.996Z</time></trkpt>
      <trkpt lat="25.486017" lon="99.931529"><time>2026-04-27T06:23:08.012Z</time></trkpt>
      <trkpt lat="25.486017" lon="99.931529"><time>2026-04-27T06:23:08.029Z</time></trkpt>
      <trkpt lat="25.486017" lon="99.931529"><time>2026-04-27T06:23:08.046Z</time></trkpt>
      <trkpt lat="25.486017" lon="99.931529"><time>2026-04-27T06:23:08.062Z</time></trkpt>
      <trkpt lat="25.486017" lon="99.931529"><time>2026-04-27T06:23:08.079Z</time></trkpt>
      <trkpt lat="25.486017" lon="99.931529"><time>2026-04-27T06:23:08.096Z</time></trkpt>
      <trkpt lat="25.486015" lon="99.931553"><time>2026-04-27T06:23:08.113Z</time></trkpt>
      <trkpt lat="25.486015" lon="99.931553"><time>2026-04-27T06:23:08.129Z</time></trkpt>
      <trkpt lat="25.486015" lon="99.931553"><time>2026-04-27T06:23:08.146Z</time></trkpt>
      <trkpt lat="25.486015" lon="99.931553"><time>2026-04-27T06:23:08.163Z</time></trkpt>
      <trkpt lat="25.486015" lon="99.931553"><time>2026-04-27T06:23:08.179Z</time></trkpt>
      <trkpt lat="25.486015" lon="99.931553"><time>2026-04-27T06:23:08.196Z</time></trkpt>
      <trkpt lat="25.486012" lon="99.931576"><time>2026-04-27T06:23:08.213Z</time></trkpt>
      <trkpt lat="25.486012" lon="99.931576"><time>2026-04-27T06:23:08.229Z</time></trkpt>
      <trkpt lat="25.486012" lon="99.931576"><time>2026-04-27T06:23:08.246Z</time></trkpt>
      <trkpt lat="25.486012" lon="99.931576"><time>2026-04-27T06:23:08.263Z</time></trkpt>
      <trkpt lat="25.486012" lon="99.931576"><time>2026-04-27T06:23:08.279Z</time></trkpt>
      <trkpt lat="25.486012" lon="99.931576"><time>2026-04-27T06:23:08.296Z</time></trkpt>
      <trkpt lat="25.48601" lon="99.9316"><time>2026-04-27T06:23:08.313Z</time></trkpt>
      <trkpt lat="25.48601" lon="99.9316"><time>2026-04-27T06:23:08.329Z</time></trkpt>
      <trkpt lat="25.48601" lon="99.9316"><time>2026-04-27T06:23:08.346Z</time></trkpt>
      <trkpt lat="25.48601" lon="99.9316"><time>2026-04-27T06:23:08.363Z</time></trkpt>
      <trkpt lat="25.48601" lon="99.9316"><time>2026-04-27T06:23:08.379Z</time></trkpt>
      <trkpt lat="25.48601" lon="99.9316"><time>2026-04-27T06:23:08.396Z</time></trkpt>
      <trkpt lat="25.486008" lon="99.931622"><time>2026-04-27T06:23:08.413Z</time></trkpt>
      <trkpt lat="25.486008" lon="99.931622"><time>2026-04-27T06:23:08.430Z</time></trkpt>
      <trkpt lat="25.486008" lon="99.931622"><time>2026-04-27T06:23:08.446Z</time></trkpt>
      <trkpt lat="25.486008" lon="99.931622"><time>2026-04-27T06:23:08.463Z</time></trkpt>
      <trkpt lat="25.486008" lon="99.931622"><time>2026-04-27T06:23:08.480Z</time></trkpt>
      <trkpt lat="25.486008" lon="99.931622"><time>2026-04-27T06:23:08.496Z</time></trkpt>
      <trkpt lat="25.486006" lon="99.931646"><time>2026-04-27T06:23:08.513Z</time></trkpt>
      <trkpt lat="25.486006" lon="99.931646"><time>2026-04-27T06:23:08.530Z</time></trkpt>
      <trkpt lat="25.486006" lon="99.931646"><time>2026-04-27T06:23:08.546Z</time></trkpt>
      <trkpt lat="25.486006" lon="99.931646"><time>2026-04-27T06:23:08.563Z</time></trkpt>
      <trkpt lat="25.486006" lon="99.931646"><time>2026-04-27T06:23:08.580Z</time></trkpt>
      <trkpt lat="25.486006" lon="99.931646"><time>2026-04-27T06:23:08.596Z</time></trkpt>
      <trkpt lat="25.486004" lon="99.931669"><time>2026-04-27T06:23:08.613Z</time></trkpt>
      <trkpt lat="25.486004" lon="99.931669"><time>2026-04-27T06:23:08.630Z</time></trkpt>
      <trkpt lat="25.486004" lon="99.931669"><time>2026-04-27T06:23:08.646Z</time></trkpt>
      <trkpt lat="25.486004" lon="99.931669"><time>2026-04-27T06:23:08.663Z</time></trkpt>
      <trkpt lat="25.486004" lon="99.931669"><time>2026-04-27T06:23:08.680Z</time></trkpt>
      <trkpt lat="25.486004" lon="99.931669"><time>2026-04-27T06:23:08.696Z</time></trkpt>
      <trkpt lat="25.486002" lon="99.931692"><time>2026-04-27T06:23:08.713Z</time></trkpt>
      <trkpt lat="25.486002" lon="99.931692"><time>2026-04-27T06:23:08.730Z</time></trkpt>
      <trkpt lat="25.486002" lon="99.931692"><time>2026-04-27T06:23:08.747Z</time></trkpt>
      <trkpt lat="25.486002" lon="99.931692"><time>2026-04-27T06:23:08.763Z</time></trkpt>
      <trkpt lat="25.486002" lon="99.931692"><time>2026-04-27T06:23:08.780Z</time></trkpt>
      <trkpt lat="25.486002" lon="99.931692"><time>2026-04-27T06:23:08.797Z</time></trkpt>
      <trkpt lat="25.486" lon="99.931716"><time>2026-04-27T06:23:08.813Z</time></trkpt>
      <trkpt lat="25.486" lon="99.931716"><time>2026-04-27T06:23:08.830Z</time></trkpt>
      <trkpt lat="25.486" lon="99.931716"><time>2026-04-27T06:23:08.847Z</time></trkpt>
      <trkpt lat="25.486" lon="99.931716"><time>2026-04-27T06:23:08.863Z</time></trkpt>
      <trkpt lat="25.486" lon="99.931716"><time>2026-04-27T06:23:08.880Z</time></trkpt>
      <trkpt lat="25.486" lon="99.931716"><time>2026-04-27T06:23:08.897Z</time></trkpt>
      <trkpt lat="25.485998" lon="99.931739"><time>2026-04-27T06:23:08.913Z</time></trkpt>
      <trkpt lat="25.485998" lon="99.931739"><time>2026-04-27T06:23:08.930Z</time></trkpt>
      <trkpt lat="25.485998" lon="99.931739"><time>2026-04-27T06:23:08.947Z</time></trkpt>
      <trkpt lat="25.485998" lon="99.931739"><time>2026-04-27T06:23:08.963Z</time></trkpt>
      <trkpt lat="25.485998" lon="99.931739"><time>2026-04-27T06:23:08.980Z</time></trkpt>
      <trkpt lat="25.485998" lon="99.931739"><time>2026-04-27T06:23:08.997Z</time></trkpt>
      <trkpt lat="25.485996" lon="99.931762"><time>2026-04-27T06:23:09.013Z</time></trkpt>
      <trkpt lat="25.485996" lon="99.931762"><time>2026-04-27T06:23:09.030Z</time></trkpt>
      <trkpt lat="25.485996" lon="99.931762"><time>2026-04-27T06:23:09.047Z</time></trkpt>
      <trkpt lat="25.485996" lon="99.931762"><time>2026-04-27T06:23:09.063Z</time></trkpt>
      <trkpt lat="25.485996" lon="99.931762"><time>2026-04-27T06:23:09.080Z</time></trkpt>
      <trkpt lat="25.485996" lon="99.931762"><time>2026-04-27T06:23:09.097Z</time></trkpt>
      <trkpt lat="25.485992" lon="99.931786"><time>2026-04-27T06:23:09.114Z</time></trkpt>
      <trkpt lat="25.485992" lon="99.931786"><time>2026-04-27T06:23:09.130Z</time></trkpt>
      <trkpt lat="25.485992" lon="99.931786"><time>2026-04-27T06:23:09.147Z</time></trkpt>
      <trkpt lat="25.485992" lon="99.931786"><time>2026-04-27T06:23:09.164Z</time></trkpt>
      <trkpt lat="25.485992" lon="99.931786"><time>2026-04-27T06:23:09.180Z</time></trkpt>
      <trkpt lat="25.485992" lon="99.931786"><time>2026-04-27T06:23:09.197Z</time></trkpt>
      <trkpt lat="25.485991" lon="99.931809"><time>2026-04-27T06:23:09.214Z</time></trkpt>
      <trkpt lat="25.485991" lon="99.931809"><time>2026-04-27T06:23:09.230Z</time></trkpt>
      <trkpt lat="25.485991" lon="99.931809"><time>2026-04-27T06:23:09.247Z</time></trkpt>
      <trkpt lat="25.485991" lon="99.931809"><time>2026-04-27T06:23:09.264Z</time></trkpt>
      <trkpt lat="25.485991" lon="99.931809"><time>2026-04-27T06:23:09.280Z</time></trkpt>
      <trkpt lat="25.485991" lon="99.931809"><time>2026-04-27T06:23:09.297Z</time></trkpt>
      <trkpt lat="25.485989" lon="99.931832"><time>2026-04-27T06:23:09.314Z</time></trkpt>
      <trkpt lat="25.485989" lon="99.931832"><time>2026-04-27T06:23:09.330Z</time></trkpt>
      <trkpt lat="25.485989" lon="99.931832"><time>2026-04-27T06:23:09.347Z</time></trkpt>
      <trkpt lat="25.485989" lon="99.931832"><time>2026-04-27T06:23:09.364Z</time></trkpt>
      <trkpt lat="25.485989" lon="99.931832"><time>2026-04-27T06:23:09.380Z</time></trkpt>
      <trkpt lat="25.485989" lon="99.931832"><time>2026-04-27T06:23:09.397Z</time></trkpt>
      <trkpt lat="25.485987" lon="99.931855"><time>2026-04-27T06:23:09.414Z</time></trkpt>
      <trkpt lat="25.485987" lon="99.931855"><time>2026-04-27T06:23:09.431Z</time></trkpt>
      <trkpt lat="25.485987" lon="99.931855"><time>2026-04-27T06:23:09.447Z</time></trkpt>
      <trkpt lat="25.485987" lon="99.931855"><time>2026-04-27T06:23:09.464Z</time></trkpt>
      <trkpt lat="25.485987" lon="99.931855"><time>2026-04-27T06:23:09.481Z</time></trkpt>
      <trkpt lat="25.485987" lon="99.931855"><time>2026-04-27T06:23:09.497Z</time></trkpt>
      <trkpt lat="25.485985" lon="99.931878"><time>2026-04-27T06:23:09.514Z</time></trkpt>
      <trkpt lat="25.485985" lon="99.931878"><time>2026-04-27T06:23:09.531Z</time></trkpt>
      <trkpt lat="25.485985" lon="99.931878"><time>2026-04-27T06:23:09.547Z</time></trkpt>
      <trkpt lat="25.485985" lon="99.931878"><time>2026-04-27T06:23:09.564Z</time></trkpt>
      <trkpt lat="25.485985" lon="99.931878"><time>2026-04-27T06:23:09.581Z</time></trkpt>
      <trkpt lat="25.485985" lon="99.931878"><time>2026-04-27T06:23:09.597Z</time></trkpt>
      <trkpt lat="25.485982" lon="99.931901"><time>2026-04-27T06:23:09.614Z</time></trkpt>
      <trkpt lat="25.485982" lon="99.931901"><time>2026-04-27T06:23:09.631Z</time></trkpt>
      <trkpt lat="25.485982" lon="99.931901"><time>2026-04-27T06:23:09.647Z</time></trkpt>
      <trkpt lat="25.485982" lon="99.931901"><time>2026-04-27T06:23:09.664Z</time></trkpt>
      <trkpt lat="25.485982" lon="99.931901"><time>2026-04-27T06:23:09.681Z</time></trkpt>
      <trkpt lat="25.485982" lon="99.931901"><time>2026-04-27T06:23:09.697Z</time></trkpt>
      <trkpt lat="25.485981" lon="99.931923"><time>2026-04-27T06:23:09.714Z</time></trkpt>
      <trkpt lat="25.485981" lon="99.931923"><time>2026-04-27T06:23:09.731Z</time></trkpt>
      <trkpt lat="25.485981" lon="99.931923"><time>2026-04-27T06:23:09.748Z</time></trkpt>
      <trkpt lat="25.485981" lon="99.931923"><time>2026-04-27T06:23:09.764Z</time></trkpt>
      <trkpt lat="25.485981" lon="99.931923"><time>2026-04-27T06:23:09.781Z</time></trkpt>
      <trkpt lat="25.485981" lon="99.931923"><time>2026-04-27T06:23:09.798Z</time></trkpt>
      <trkpt lat="25.485978" lon="99.931947"><time>2026-04-27T06:23:09.814Z</time></trkpt>
      <trkpt lat="25.485978" lon="99.931947"><time>2026-04-27T06:23:09.831Z</time></trkpt>
      <trkpt lat="25.485978" lon="99.931947"><time>2026-04-27T06:23:09.848Z</time></trkpt>
      <trkpt lat="25.485978" lon="99.931947"><time>2026-04-27T06:23:09.864Z</time></trkpt>
      <trkpt lat="25.485978" lon="99.931947"><time>2026-04-27T06:23:09.881Z</time></trkpt>
      <trkpt lat="25.485978" lon="99.931947"><time>2026-04-27T06:23:09.898Z</time></trkpt>
      <trkpt lat="25.485976" lon="99.93197"><time>2026-04-27T06:23:09.914Z</time></trkpt>
      <trkpt lat="25.485976" lon="99.93197"><time>2026-04-27T06:23:09.931Z</time></trkpt>
      <trkpt lat="25.485976" lon="99.93197"><time>2026-04-27T06:23:09.948Z</time></trkpt>
      <trkpt lat="25.485976" lon="99.93197"><time>2026-04-27T06:23:09.964Z</time></trkpt>
      <trkpt lat="25.485976" lon="99.93197"><time>2026-04-27T06:23:09.981Z</time></trkpt>
      <trkpt lat="25.485976" lon="99.93197"><time>2026-04-27T06:23:09.998Z</time></trkpt>
      <trkpt lat="25.485974" lon="99.931993"><time>2026-04-27T06:23:10.014Z</time></trkpt>
      <trkpt lat="25.485974" lon="99.931993"><time>2026-04-27T06:23:10.031Z</time></trkpt>
      <trkpt lat="25.485974" lon="99.931993"><time>2026-04-27T06:23:10.048Z</time></trkpt>
      <trkpt lat="25.485974" lon="99.931993"><time>2026-04-27T06:23:10.065Z</time></trkpt>
      <trkpt lat="25.485974" lon="99.931993"><time>2026-04-27T06:23:10.081Z</time></trkpt>
      <trkpt lat="25.485974" lon="99.931993"><time>2026-04-27T06:23:10.098Z</time></trkpt>
      <trkpt lat="25.485972" lon="99.932015"><time>2026-04-27T06:23:10.115Z</time></trkpt>
      <trkpt lat="25.485972" lon="99.932015"><time>2026-04-27T06:23:10.131Z</time></trkpt>
      <trkpt lat="25.485972" lon="99.932015"><time>2026-04-27T06:23:10.148Z</time></trkpt>
      <trkpt lat="25.485972" lon="99.932015"><time>2026-04-27T06:23:10.165Z</time></trkpt>
      <trkpt lat="25.485972" lon="99.932015"><time>2026-04-27T06:23:10.181Z</time></trkpt>
      <trkpt lat="25.485972" lon="99.932015"><time>2026-04-27T06:23:10.198Z</time></trkpt>
      <trkpt lat="25.48597" lon="99.932038"><time>2026-04-27T06:23:10.215Z</time></trkpt>
      <trkpt lat="25.48597" lon="99.932038"><time>2026-04-27T06:23:10.231Z</time></trkpt>
      <trkpt lat="25.48597" lon="99.932038"><time>2026-04-27T06:23:10.248Z</time></trkpt>
      <trkpt lat="25.48597" lon="99.932038"><time>2026-04-27T06:23:10.265Z</time></trkpt>
      <trkpt lat="25.48597" lon="99.932038"><time>2026-04-27T06:23:10.281Z</time></trkpt>
      <trkpt lat="25.48597" lon="99.932038"><time>2026-04-27T06:23:10.298Z</time></trkpt>
      <trkpt lat="25.485968" lon="99.932061"><time>2026-04-27T06:23:10.315Z</time></trkpt>
      <trkpt lat="25.485968" lon="99.932061"><time>2026-04-27T06:23:10.331Z</time></trkpt>
      <trkpt lat="25.485968" lon="99.932061"><time>2026-04-27T06:23:10.348Z</time></trkpt>
      <trkpt lat="25.485968" lon="99.932061"><time>2026-04-27T06:23:10.365Z</time></trkpt>
      <trkpt lat="25.485968" lon="99.932061"><time>2026-04-27T06:23:10.382Z</time></trkpt>
      <trkpt lat="25.485968" lon="99.932061"><time>2026-04-27T06:23:10.398Z</time></trkpt>
      <trkpt lat="25.485966" lon="99.932084"><time>2026-04-27T06:23:10.415Z</time></trkpt>
      <trkpt lat="25.485966" lon="99.932084"><time>2026-04-27T06:23:10.432Z</time></trkpt>
      <trkpt lat="25.485966" lon="99.932084"><time>2026-04-27T06:23:10.448Z</time></trkpt>
      <trkpt lat="25.485966" lon="99.932084"><time>2026-04-27T06:23:10.465Z</time></trkpt>
      <trkpt lat="25.485966" lon="99.932084"><time>2026-04-27T06:23:10.482Z</time></trkpt>
      <trkpt lat="25.485966" lon="99.932084"><time>2026-04-27T06:23:10.498Z</time></trkpt>
      <trkpt lat="25.485964" lon="99.932107"><time>2026-04-27T06:23:10.515Z</time></trkpt>
      <trkpt lat="25.485964" lon="99.932107"><time>2026-04-27T06:23:10.532Z</time></trkpt>
      <trkpt lat="25.485964" lon="99.932107"><time>2026-04-27T06:23:10.548Z</time></trkpt>
      <trkpt lat="25.485964" lon="99.932107"><time>2026-04-27T06:23:10.565Z</time></trkpt>
      <trkpt lat="25.485964" lon="99.932107"><time>2026-04-27T06:23:10.582Z</time></trkpt>
      <trkpt lat="25.485964" lon="99.932107"><time>2026-04-27T06:23:10.598Z</time></trkpt>
      <trkpt lat="25.485962" lon="99.932129"><time>2026-04-27T06:23:10.615Z</time></trkpt>
      <trkpt lat="25.485962" lon="99.932129"><time>2026-04-27T06:23:10.632Z</time></trkpt>
      <trkpt lat="25.485962" lon="99.932129"><time>2026-04-27T06:23:10.648Z</time></trkpt>
      <trkpt lat="25.485962" lon="99.932129"><time>2026-04-27T06:23:10.665Z</time></trkpt>
      <trkpt lat="25.485962" lon="99.932129"><time>2026-04-27T06:23:10.682Z</time></trkpt>
      <trkpt lat="25.485962" lon="99.932129"><time>2026-04-27T06:23:10.699Z</time></trkpt>
      <trkpt lat="25.48596" lon="99.932154"><time>2026-04-27T06:23:10.715Z</time></trkpt>
      <trkpt lat="25.48596" lon="99.932154"><time>2026-04-27T06:23:10.732Z</time></trkpt>
      <trkpt lat="25.48596" lon="99.932154"><time>2026-04-27T06:23:10.749Z</time></trkpt>
      <trkpt lat="25.48596" lon="99.932154"><time>2026-04-27T06:23:10.765Z</time></trkpt>
      <trkpt lat="25.48596" lon="99.932154"><time>2026-04-27T06:23:10.782Z</time></trkpt>
      <trkpt lat="25.48596" lon="99.932154"><time>2026-04-27T06:23:10.799Z</time></trkpt>
      <trkpt lat="25.485958" lon="99.932178"><time>2026-04-27T06:23:10.815Z</time></trkpt>
      <trkpt lat="25.485958" lon="99.932178"><time>2026-04-27T06:23:10.832Z</time></trkpt>
      <trkpt lat="25.485958" lon="99.932178"><time>2026-04-27T06:23:10.849Z</time></trkpt>
      <trkpt lat="25.485958" lon="99.932178"><time>2026-04-27T06:23:10.865Z</time></trkpt>
      <trkpt lat="25.485958" lon="99.932178"><time>2026-04-27T06:23:10.882Z</time></trkpt>
      <trkpt lat="25.485958" lon="99.932178"><time>2026-04-27T06:23:10.899Z</time></trkpt>
      <trkpt lat="25.485956" lon="99.932201"><time>2026-04-27T06:23:10.915Z</time></trkpt>
      <trkpt lat="25.485956" lon="99.932201"><time>2026-04-27T06:23:10.932Z</time></trkpt>
      <trkpt lat="25.485956" lon="99.932201"><time>2026-04-27T06:23:10.949Z</time></trkpt>
      <trkpt lat="25.485956" lon="99.932201"><time>2026-04-27T06:23:10.965Z</time></trkpt>
      <trkpt lat="25.485956" lon="99.932201"><time>2026-04-27T06:23:10.982Z</time></trkpt>
      <trkpt lat="25.485956" lon="99.932201"><time>2026-04-27T06:23:10.999Z</time></trkpt>
      <trkpt lat="25.485953" lon="99.932226"><time>2026-04-27T06:23:11.016Z</time></trkpt>
      <trkpt lat="25.485953" lon="99.932226"><time>2026-04-27T06:23:11.032Z</time></trkpt>
      <trkpt lat="25.485953" lon="99.932226"><time>2026-04-27T06:23:11.049Z</time></trkpt>
      <trkpt lat="25.485953" lon="99.932226"><time>2026-04-27T06:23:11.066Z</time></trkpt>
      <trkpt lat="25.485953" lon="99.932226"><time>2026-04-27T06:23:11.082Z</time></trkpt>
      <trkpt lat="25.485953" lon="99.932226"><time>2026-04-27T06:23:11.099Z</time></trkpt>
      <trkpt lat="25.48595" lon="99.932251"><time>2026-04-27T06:23:11.116Z</time></trkpt>
      <trkpt lat="25.48595" lon="99.932251"><time>2026-04-27T06:23:11.132Z</time></trkpt>
      <trkpt lat="25.48595" lon="99.932251"><time>2026-04-27T06:23:11.149Z</time></trkpt>
      <trkpt lat="25.48595" lon="99.932251"><time>2026-04-27T06:23:11.166Z</time></trkpt>
      <trkpt lat="25.48595" lon="99.932251"><time>2026-04-27T06:23:11.182Z</time></trkpt>
      <trkpt lat="25.48595" lon="99.932251"><time>2026-04-27T06:23:11.199Z</time></trkpt>
      <trkpt lat="25.485948" lon="99.932275"><time>2026-04-27T06:23:11.216Z</time></trkpt>
      <trkpt lat="25.485948" lon="99.932275"><time>2026-04-27T06:23:11.232Z</time></trkpt>
      <trkpt lat="25.485948" lon="99.932275"><time>2026-04-27T06:23:11.249Z</time></trkpt>
      <trkpt lat="25.485948" lon="99.932275"><time>2026-04-27T06:23:11.266Z</time></trkpt>
      <trkpt lat="25.485948" lon="99.932275"><time>2026-04-27T06:23:11.282Z</time></trkpt>
      <trkpt lat="25.485948" lon="99.932275"><time>2026-04-27T06:23:11.299Z</time></trkpt>
      <trkpt lat="25.485945" lon="99.932299"><time>2026-04-27T06:23:11.316Z</time></trkpt>
      <trkpt lat="25.485945" lon="99.932299"><time>2026-04-27T06:23:11.333Z</time></trkpt>
      <trkpt lat="25.485945" lon="99.932299"><time>2026-04-27T06:23:11.349Z</time></trkpt>
      <trkpt lat="25.485945" lon="99.932299"><time>2026-04-27T06:23:11.366Z</time></trkpt>
      <trkpt lat="25.485945" lon="99.932299"><time>2026-04-27T06:23:11.383Z</time></trkpt>
      <trkpt lat="25.485945" lon="99.932299"><time>2026-04-27T06:23:11.399Z</time></trkpt>
      <trkpt lat="25.485943" lon="99.932323"><time>2026-04-27T06:23:11.416Z</time></trkpt>
      <trkpt lat="25.485943" lon="99.932323"><time>2026-04-27T06:23:11.433Z</time></trkpt>
      <trkpt lat="25.485943" lon="99.932323"><time>2026-04-27T06:23:11.449Z</time></trkpt>
      <trkpt lat="25.485943" lon="99.932323"><time>2026-04-27T06:23:11.466Z</time></trkpt>
      <trkpt lat="25.485943" lon="99.932323"><time>2026-04-27T06:23:11.483Z</time></trkpt>
      <trkpt lat="25.485943" lon="99.932323"><time>2026-04-27T06:23:11.499Z</time></trkpt>
      <trkpt lat="25.48594" lon="99.932346"><time>2026-04-27T06:23:11.516Z</time></trkpt>
      <trkpt lat="25.48594" lon="99.932346"><time>2026-04-27T06:23:11.533Z</time></trkpt>
      <trkpt lat="25.48594" lon="99.932346"><time>2026-04-27T06:23:11.549Z</time></trkpt>
      <trkpt lat="25.48594" lon="99.932346"><time>2026-04-27T06:23:11.566Z</time></trkpt>
      <trkpt lat="25.48594" lon="99.932346"><time>2026-04-27T06:23:11.583Z</time></trkpt>
      <trkpt lat="25.48594" lon="99.932346"><time>2026-04-27T06:23:11.599Z</time></trkpt>
      <trkpt lat="25.485938" lon="99.93237"><time>2026-04-27T06:23:11.616Z</time></trkpt>
      <trkpt lat="25.485938" lon="99.93237"><time>2026-04-27T06:23:11.633Z</time></trkpt>
      <trkpt lat="25.485938" lon="99.93237"><time>2026-04-27T06:23:11.650Z</time></trkpt>
      <trkpt lat="25.485938" lon="99.93237"><time>2026-04-27T06:23:11.666Z</time></trkpt>
      <trkpt lat="25.485938" lon="99.93237"><time>2026-04-27T06:23:11.683Z</time></trkpt>
      <trkpt lat="25.485938" lon="99.93237"><time>2026-04-27T06:23:11.700Z</time></trkpt>
      <trkpt lat="25.485936" lon="99.932393"><time>2026-04-27T06:23:11.716Z</time></trkpt>
      <trkpt lat="25.485936" lon="99.932393"><time>2026-04-27T06:23:11.733Z</time></trkpt>
      <trkpt lat="25.485936" lon="99.932393"><time>2026-04-27T06:23:11.750Z</time></trkpt>
      <trkpt lat="25.485936" lon="99.932393"><time>2026-04-27T06:23:11.766Z</time></trkpt>
      <trkpt lat="25.485936" lon="99.932393"><time>2026-04-27T06:23:11.783Z</time></trkpt>
      <trkpt lat="25.485936" lon="99.932393"><time>2026-04-27T06:23:11.800Z</time></trkpt>
      <trkpt lat="25.485933" lon="99.932417"><time>2026-04-27T06:23:11.816Z</time></trkpt>
      <trkpt lat="25.485933" lon="99.932417"><time>2026-04-27T06:23:11.833Z</time></trkpt>
      <trkpt lat="25.485933" lon="99.932417"><time>2026-04-27T06:23:11.850Z</time></trkpt>
      <trkpt lat="25.485933" lon="99.932417"><time>2026-04-27T06:23:11.866Z</time></trkpt>
      <trkpt lat="25.485933" lon="99.932417"><time>2026-04-27T06:23:11.883Z</time></trkpt>
      <trkpt lat="25.485933" lon="99.932417"><time>2026-04-27T06:23:11.900Z</time></trkpt>
      <trkpt lat="25.485931" lon="99.93244"><time>2026-04-27T06:23:11.916Z</time></trkpt>
      <trkpt lat="25.485931" lon="99.93244"><time>2026-04-27T06:23:11.933Z</time></trkpt>
      <trkpt lat="25.485931" lon="99.93244"><time>2026-04-27T06:23:11.950Z</time></trkpt>
      <trkpt lat="25.485931" lon="99.93244"><time>2026-04-27T06:23:11.967Z</time></trkpt>
      <trkpt lat="25.485931" lon="99.93244"><time>2026-04-27T06:23:11.983Z</time></trkpt>
      <trkpt lat="25.485931" lon="99.93244"><time>2026-04-27T06:23:12.000Z</time></trkpt>
      <trkpt lat="25.485928" lon="99.932463"><time>2026-04-27T06:23:12.017Z</time></trkpt>
      <trkpt lat="25.485928" lon="99.932463"><time>2026-04-27T06:23:12.033Z</time></trkpt>
      <trkpt lat="25.485928" lon="99.932463"><time>2026-04-27T06:23:12.050Z</time></trkpt>
      <trkpt lat="25.485928" lon="99.932463"><time>2026-04-27T06:23:12.067Z</time></trkpt>
      <trkpt lat="25.485928" lon="99.932463"><time>2026-04-27T06:23:12.083Z</time></trkpt>
      <trkpt lat="25.485928" lon="99.932463"><time>2026-04-27T06:23:12.100Z</time></trkpt>
      <trkpt lat="25.485926" lon="99.932487"><time>2026-04-27T06:23:12.117Z</time></trkpt>
      <trkpt lat="25.485926" lon="99.932487"><time>2026-04-27T06:23:12.133Z</time></trkpt>
      <trkpt lat="25.485926" lon="99.932487"><time>2026-04-27T06:23:12.150Z</time></trkpt>
      <trkpt lat="25.485926" lon="99.932487"><time>2026-04-27T06:23:12.167Z</time></trkpt>
      <trkpt lat="25.485926" lon="99.932487"><time>2026-04-27T06:23:12.183Z</time></trkpt>
      <trkpt lat="25.485926" lon="99.932487"><time>2026-04-27T06:23:12.200Z</time></trkpt>
      <trkpt lat="25.485924" lon="99.93251"><time>2026-04-27T06:23:12.217Z</time></trkpt>
      <trkpt lat="25.485924" lon="99.93251"><time>2026-04-27T06:23:12.233Z</time></trkpt>
      <trkpt lat="25.485924" lon="99.93251"><time>2026-04-27T06:23:12.250Z</time></trkpt>
      <trkpt lat="25.485924" lon="99.93251"><time>2026-04-27T06:23:12.267Z</time></trkpt>
      <trkpt lat="25.485924" lon="99.93251"><time>2026-04-27T06:23:12.284Z</time></trkpt>
      <trkpt lat="25.485924" lon="99.93251"><time>2026-04-27T06:23:12.300Z</time></trkpt>
      <trkpt lat="25.485921" lon="99.932534"><time>2026-04-27T06:23:12.317Z</time></trkpt>
      <trkpt lat="25.485921" lon="99.932534"><time>2026-04-27T06:23:12.334Z</time></trkpt>
      <trkpt lat="25.485921" lon="99.932534"><time>2026-04-27T06:23:12.350Z</time></trkpt>
      <trkpt lat="25.485921" lon="99.932534"><time>2026-04-27T06:23:12.367Z</time></trkpt>
      <trkpt lat="25.485921" lon="99.932534"><time>2026-04-27T06:23:12.384Z</time></trkpt>
      <trkpt lat="25.485921" lon="99.932534"><time>2026-04-27T06:23:12.400Z</time></trkpt>
      <trkpt lat="25.485919" lon="99.932558"><time>2026-04-27T06:23:12.417Z</time></trkpt>
      <trkpt lat="25.485919" lon="99.932558"><time>2026-04-27T06:23:12.434Z</time></trkpt>
      <trkpt lat="25.485919" lon="99.932558"><time>2026-04-27T06:23:12.450Z</time></trkpt>
      <trkpt lat="25.485919" lon="99.932558"><time>2026-04-27T06:23:12.467Z</time></trkpt>
      <trkpt lat="25.485919" lon="99.932558"><time>2026-04-27T06:23:12.484Z</time></trkpt>
      <trkpt lat="25.485919" lon="99.932558"><time>2026-04-27T06:23:12.500Z</time></trkpt>
      <trkpt lat="25.485917" lon="99.932581"><time>2026-04-27T06:23:12.517Z</time></trkpt>
      <trkpt lat="25.485917" lon="99.932581"><time>2026-04-27T06:23:12.534Z</time></trkpt>
      <trkpt lat="25.485917" lon="99.932581"><time>2026-04-27T06:23:12.550Z</time></trkpt>
      <trkpt lat="25.485917" lon="99.932581"><time>2026-04-27T06:23:12.567Z</time></trkpt>
      <trkpt lat="25.485917" lon="99.932581"><time>2026-04-27T06:23:12.584Z</time></trkpt>
      <trkpt lat="25.485917" lon="99.932581"><time>2026-04-27T06:23:12.601Z</time></trkpt>
      <trkpt lat="25.485915" lon="99.932605"><time>2026-04-27T06:23:12.617Z</time></trkpt>
      <trkpt lat="25.485915" lon="99.932605"><time>2026-04-27T06:23:12.634Z</time></trkpt>
      <trkpt lat="25.485915" lon="99.932605"><time>2026-04-27T06:23:12.651Z</time></trkpt>
      <trkpt lat="25.485915" lon="99.932605"><time>2026-04-27T06:23:12.667Z</time></trkpt>
      <trkpt lat="25.485915" lon="99.932605"><time>2026-04-27T06:23:12.684Z</time></trkpt>
      <trkpt lat="25.485915" lon="99.932605"><time>2026-04-27T06:23:12.701Z</time></trkpt>
      <trkpt lat="25.485912" lon="99.932629"><time>2026-04-27T06:23:12.717Z</time></trkpt>
      <trkpt lat="25.485912" lon="99.932629"><time>2026-04-27T06:23:12.734Z</time></trkpt>
      <trkpt lat="25.485912" lon="99.932629"><time>2026-04-27T06:23:12.751Z</time></trkpt>
      <trkpt lat="25.485912" lon="99.932629"><time>2026-04-27T06:23:12.767Z</time></trkpt>
      <trkpt lat="25.485912" lon="99.932629"><time>2026-04-27T06:23:12.784Z</time></trkpt>
      <trkpt lat="25.485912" lon="99.932629"><time>2026-04-27T06:23:12.801Z</time></trkpt>
      <trkpt lat="25.48591" lon="99.932653"><time>2026-04-27T06:23:12.817Z</time></trkpt>
      <trkpt lat="25.48591" lon="99.932653"><time>2026-04-27T06:23:12.834Z</time></trkpt>
      <trkpt lat="25.48591" lon="99.932653"><time>2026-04-27T06:23:12.851Z</time></trkpt>
      <trkpt lat="25.48591" lon="99.932653"><time>2026-04-27T06:23:12.867Z</time></trkpt>
      <trkpt lat="25.48591" lon="99.932653"><time>2026-04-27T06:23:12.884Z</time></trkpt>
      <trkpt lat="25.48591" lon="99.932653"><time>2026-04-27T06:23:12.901Z</time></trkpt>
      <trkpt lat="25.485908" lon="99.932676"><time>2026-04-27T06:23:12.918Z</time></trkpt>
      <trkpt lat="25.485908" lon="99.932676"><time>2026-04-27T06:23:12.934Z</time></trkpt>
      <trkpt lat="25.485908" lon="99.932676"><time>2026-04-27T06:23:12.951Z</time></trkpt>
      <trkpt lat="25.485908" lon="99.932676"><time>2026-04-27T06:23:12.968Z</time></trkpt>
      <trkpt lat="25.485908" lon="99.932676"><time>2026-04-27T06:23:12.984Z</time></trkpt>
      <trkpt lat="25.485908" lon="99.932676"><time>2026-04-27T06:23:13.001Z</time></trkpt>
      <trkpt lat="25.485906" lon="99.932701"><time>2026-04-27T06:23:13.018Z</time></trkpt>
      <trkpt lat="25.485906" lon="99.932701"><time>2026-04-27T06:23:13.034Z</time></trkpt>
      <trkpt lat="25.485906" lon="99.932701"><time>2026-04-27T06:23:13.051Z</time></trkpt>
      <trkpt lat="25.485906" lon="99.932701"><time>2026-04-27T06:23:13.068Z</time></trkpt>
      <trkpt lat="25.485906" lon="99.932701"><time>2026-04-27T06:23:13.084Z</time></trkpt>
      <trkpt lat="25.485906" lon="99.932701"><time>2026-04-27T06:23:13.101Z</time></trkpt>
      <trkpt lat="25.485904" lon="99.932725"><time>2026-04-27T06:23:13.118Z</time></trkpt>
      <trkpt lat="25.485904" lon="99.932725"><time>2026-04-27T06:23:13.134Z</time></trkpt>
      <trkpt lat="25.485904" lon="99.932725"><time>2026-04-27T06:23:13.151Z</time></trkpt>
      <trkpt lat="25.485904" lon="99.932725"><time>2026-04-27T06:23:13.168Z</time></trkpt>
      <trkpt lat="25.485904" lon="99.932725"><time>2026-04-27T06:23:13.184Z</time></trkpt>
      <trkpt lat="25.485904" lon="99.932725"><time>2026-04-27T06:23:13.201Z</time></trkpt>
      <trkpt lat="25.485901" lon="99.932749"><time>2026-04-27T06:23:13.218Z</time></trkpt>
      <trkpt lat="25.485901" lon="99.932749"><time>2026-04-27T06:23:13.235Z</time></trkpt>
      <trkpt lat="25.485901" lon="99.932749"><time>2026-04-27T06:23:13.251Z</time></trkpt>
      <trkpt lat="25.485901" lon="99.932749"><time>2026-04-27T06:23:13.268Z</time></trkpt>
      <trkpt lat="25.485901" lon="99.932749"><time>2026-04-27T06:23:13.285Z</time></trkpt>
      <trkpt lat="25.485901" lon="99.932749"><time>2026-04-27T06:23:13.301Z</time></trkpt>
      <trkpt lat="25.485899" lon="99.932772"><time>2026-04-27T06:23:13.318Z</time></trkpt>
      <trkpt lat="25.485899" lon="99.932772"><time>2026-04-27T06:23:13.335Z</time></trkpt>
      <trkpt lat="25.485899" lon="99.932772"><time>2026-04-27T06:23:13.351Z</time></trkpt>
      <trkpt lat="25.485899" lon="99.932772"><time>2026-04-27T06:23:13.368Z</time></trkpt>
      <trkpt lat="25.485899" lon="99.932772"><time>2026-04-27T06:23:13.385Z</time></trkpt>
      <trkpt lat="25.485899" lon="99.932772"><time>2026-04-27T06:23:13.401Z</time></trkpt>
      <trkpt lat="25.485897" lon="99.932796"><time>2026-04-27T06:23:13.418Z</time></trkpt>
      <trkpt lat="25.485897" lon="99.932796"><time>2026-04-27T06:23:13.435Z</time></trkpt>
      <trkpt lat="25.485897" lon="99.932796"><time>2026-04-27T06:23:13.451Z</time></trkpt>
      <trkpt lat="25.485897" lon="99.932796"><time>2026-04-27T06:23:13.468Z</time></trkpt>
      <trkpt lat="25.485897" lon="99.932796"><time>2026-04-27T06:23:13.485Z</time></trkpt>
      <trkpt lat="25.485897" lon="99.932796"><time>2026-04-27T06:23:13.501Z</time></trkpt>
      <trkpt lat="25.485894" lon="99.93282"><time>2026-04-27T06:23:13.518Z</time></trkpt>
      <trkpt lat="25.485894" lon="99.93282"><time>2026-04-27T06:23:13.535Z</time></trkpt>
      <trkpt lat="25.485894" lon="99.93282"><time>2026-04-27T06:23:13.552Z</time></trkpt>
      <trkpt lat="25.485894" lon="99.93282"><time>2026-04-27T06:23:13.568Z</time></trkpt>
      <trkpt lat="25.485894" lon="99.93282"><time>2026-04-27T06:23:13.585Z</time></trkpt>
      <trkpt lat="25.485894" lon="99.93282"><time>2026-04-27T06:23:13.602Z</time></trkpt>
      <trkpt lat="25.485892" lon="99.932844"><time>2026-04-27T06:23:13.618Z</time></trkpt>
      <trkpt lat="25.485892" lon="99.932844"><time>2026-04-27T06:23:13.635Z</time></trkpt>
      <trkpt lat="25.485892" lon="99.932844"><time>2026-04-27T06:23:13.652Z</time></trkpt>
      <trkpt lat="25.485892" lon="99.932844"><time>2026-04-27T06:23:13.668Z</time></trkpt>
      <trkpt lat="25.485892" lon="99.932844"><time>2026-04-27T06:23:13.685Z</time></trkpt>
      <trkpt lat="25.485892" lon="99.932844"><time>2026-04-27T06:23:13.702Z</time></trkpt>
      <trkpt lat="25.485889" lon="99.932867"><time>2026-04-27T06:23:13.718Z</time></trkpt>
      <trkpt lat="25.485889" lon="99.932867"><time>2026-04-27T06:23:13.735Z</time></trkpt>
      <trkpt lat="25.485889" lon="99.932867"><time>2026-04-27T06:23:13.752Z</time></trkpt>
      <trkpt lat="25.485889" lon="99.932867"><time>2026-04-27T06:23:13.768Z</time></trkpt>
      <trkpt lat="25.485889" lon="99.932867"><time>2026-04-27T06:23:13.785Z</time></trkpt>
      <trkpt lat="25.485889" lon="99.932867"><time>2026-04-27T06:23:13.802Z</time></trkpt>
      <trkpt lat="25.485887" lon="99.93289"><time>2026-04-27T06:23:13.818Z</time></trkpt>
      <trkpt lat="25.485887" lon="99.93289"><time>2026-04-27T06:23:13.835Z</time></trkpt>
      <trkpt lat="25.485887" lon="99.93289"><time>2026-04-27T06:23:13.852Z</time></trkpt>
      <trkpt lat="25.485887" lon="99.93289"><time>2026-04-27T06:23:13.869Z</time></trkpt>
      <trkpt lat="25.485887" lon="99.93289"><time>2026-04-27T06:23:13.885Z</time></trkpt>
      <trkpt lat="25.485887" lon="99.93289"><time>2026-04-27T06:23:13.902Z</time></trkpt>
      <trkpt lat="25.485884" lon="99.932913"><time>2026-04-27T06:23:13.919Z</time></trkpt>
      <trkpt lat="25.485884" lon="99.932913"><time>2026-04-27T06:23:13.935Z</time></trkpt>
      <trkpt lat="25.485884" lon="99.932913"><time>2026-04-27T06:23:13.952Z</time></trkpt>
      <trkpt lat="25.485884" lon="99.932913"><time>2026-04-27T06:23:13.969Z</time></trkpt>
      <trkpt lat="25.485884" lon="99.932913"><time>2026-04-27T06:23:13.985Z</time></trkpt>
      <trkpt lat="25.485884" lon="99.932913"><time>2026-04-27T06:23:14.002Z</time></trkpt>
      <trkpt lat="25.485882" lon="99.932937"><time>2026-04-27T06:23:14.019Z</time></trkpt>
      <trkpt lat="25.485882" lon="99.932937"><time>2026-04-27T06:23:14.035Z</time></trkpt>
      <trkpt lat="25.485882" lon="99.932937"><time>2026-04-27T06:23:14.052Z</time></trkpt>
      <trkpt lat="25.485882" lon="99.932937"><time>2026-04-27T06:23:14.069Z</time></trkpt>
      <trkpt lat="25.485882" lon="99.932937"><time>2026-04-27T06:23:14.085Z</time></trkpt>
      <trkpt lat="25.485882" lon="99.932937"><time>2026-04-27T06:23:14.102Z</time></trkpt>
      <trkpt lat="25.485879" lon="99.932959"><time>2026-04-27T06:23:14.119Z</time></trkpt>
      <trkpt lat="25.485879" lon="99.932959"><time>2026-04-27T06:23:14.135Z</time></trkpt>
      <trkpt lat="25.485879" lon="99.932959"><time>2026-04-27T06:23:14.152Z</time></trkpt>
      <trkpt lat="25.485879" lon="99.932959"><time>2026-04-27T06:23:14.169Z</time></trkpt>
      <trkpt lat="25.485879" lon="99.932959"><time>2026-04-27T06:23:14.186Z</time></trkpt>
      <trkpt lat="25.485877" lon="99.932982"><time>2026-04-27T06:23:14.202Z</time></trkpt>
      <trkpt lat="25.485877" lon="99.932982"><time>2026-04-27T06:23:14.219Z</time></trkpt>
      <trkpt lat="25.485877" lon="99.932982"><time>2026-04-27T06:23:14.236Z</time></trkpt>
      <trkpt lat="25.485877" lon="99.932982"><time>2026-04-27T06:23:14.252Z</time></trkpt>
      <trkpt lat="25.485877" lon="99.932982"><time>2026-04-27T06:23:14.269Z</time></trkpt>
      <trkpt lat="25.485877" lon="99.932982"><time>2026-04-27T06:23:14.286Z</time></trkpt>
      <trkpt lat="25.485874" lon="99.933007"><time>2026-04-27T06:23:14.302Z</time></trkpt>
      <trkpt lat="25.485874" lon="99.933007"><time>2026-04-27T06:23:14.319Z</time></trkpt>
      <trkpt lat="25.485874" lon="99.933007"><time>2026-04-27T06:23:14.336Z</time></trkpt>
      <trkpt lat="25.485874" lon="99.933007"><time>2026-04-27T06:23:14.352Z</time></trkpt>
      <trkpt lat="25.485874" lon="99.933007"><time>2026-04-27T06:23:14.369Z</time></trkpt>
      <trkpt lat="25.485874" lon="99.933007"><time>2026-04-27T06:23:14.386Z</time></trkpt>
      <trkpt lat="25.485872" lon="99.93303"><time>2026-04-27T06:23:14.402Z</time></trkpt>
      <trkpt lat="25.485872" lon="99.93303"><time>2026-04-27T06:23:14.419Z</time></trkpt>
      <trkpt lat="25.485872" lon="99.93303"><time>2026-04-27T06:23:14.436Z</time></trkpt>
      <trkpt lat="25.485872" lon="99.93303"><time>2026-04-27T06:23:14.452Z</time></trkpt>
      <trkpt lat="25.485872" lon="99.93303"><time>2026-04-27T06:23:14.469Z</time></trkpt>
      <trkpt lat="25.485872" lon="99.93303"><time>2026-04-27T06:23:14.486Z</time></trkpt>
      <trkpt lat="25.485869" lon="99.933054"><time>2026-04-27T06:23:14.503Z</time></trkpt>
      <trkpt lat="25.485869" lon="99.933054"><time>2026-04-27T06:23:14.519Z</time></trkpt>
      <trkpt lat="25.485869" lon="99.933054"><time>2026-04-27T06:23:14.536Z</time></trkpt>
      <trkpt lat="25.485869" lon="99.933054"><time>2026-04-27T06:23:14.553Z</time></trkpt>
      <trkpt lat="25.485869" lon="99.933054"><time>2026-04-27T06:23:14.569Z</time></trkpt>
      <trkpt lat="25.485869" lon="99.933054"><time>2026-04-27T06:23:14.586Z</time></trkpt>
      <trkpt lat="25.485867" lon="99.933076"><time>2026-04-27T06:23:14.603Z</time></trkpt>
      <trkpt lat="25.485867" lon="99.933076"><time>2026-04-27T06:23:14.619Z</time></trkpt>
      <trkpt lat="25.485867" lon="99.933076"><time>2026-04-27T06:23:14.636Z</time></trkpt>
      <trkpt lat="25.485867" lon="99.933076"><time>2026-04-27T06:23:14.653Z</time></trkpt>
      <trkpt lat="25.485867" lon="99.933076"><time>2026-04-27T06:23:14.669Z</time></trkpt>
      <trkpt lat="25.485867" lon="99.933076"><time>2026-04-27T06:23:14.686Z</time></trkpt>
      <trkpt lat="25.485864" lon="99.933101"><time>2026-04-27T06:23:14.703Z</time></trkpt>
      <trkpt lat="25.485864" lon="99.933101"><time>2026-04-27T06:23:14.719Z</time></trkpt>
      <trkpt lat="25.485864" lon="99.933101"><time>2026-04-27T06:23:14.736Z</time></trkpt>
      <trkpt lat="25.485864" lon="99.933101"><time>2026-04-27T06:23:14.753Z</time></trkpt>
      <trkpt lat="25.485864" lon="99.933101"><time>2026-04-27T06:23:14.769Z</time></trkpt>
      <trkpt lat="25.485864" lon="99.933101"><time>2026-04-27T06:23:14.786Z</time></trkpt>
      <trkpt lat="25.485862" lon="99.933125"><time>2026-04-27T06:23:14.803Z</time></trkpt>
      <trkpt lat="25.485862" lon="99.933125"><time>2026-04-27T06:23:14.820Z</time></trkpt>
      <trkpt lat="25.485862" lon="99.933125"><time>2026-04-27T06:23:14.836Z</time></trkpt>
      <trkpt lat="25.485862" lon="99.933125"><time>2026-04-27T06:23:14.853Z</time></trkpt>
      <trkpt lat="25.485862" lon="99.933125"><time>2026-04-27T06:23:14.870Z</time></trkpt>
      <trkpt lat="25.485862" lon="99.933125"><time>2026-04-27T06:23:14.886Z</time></trkpt>
      <trkpt lat="25.48586" lon="99.933149"><time>2026-04-27T06:23:14.903Z</time></trkpt>
      <trkpt lat="25.48586" lon="99.933149"><time>2026-04-27T06:23:14.920Z</time></trkpt>
      <trkpt lat="25.48586" lon="99.933149"><time>2026-04-27T06:23:14.936Z</time></trkpt>
      <trkpt lat="25.48586" lon="99.933149"><time>2026-04-27T06:23:14.953Z</time></trkpt>
      <trkpt lat="25.48586" lon="99.933149"><time>2026-04-27T06:23:14.970Z</time></trkpt>
      <trkpt lat="25.48586" lon="99.933149"><time>2026-04-27T06:23:14.986Z</time></trkpt>
      <trkpt lat="25.485858" lon="99.933172"><time>2026-04-27T06:23:15.003Z</time></trkpt>
      <trkpt lat="25.485858" lon="99.933172"><time>2026-04-27T06:23:15.020Z</time></trkpt>
      <trkpt lat="25.485858" lon="99.933172"><time>2026-04-27T06:23:15.036Z</time></trkpt>
      <trkpt lat="25.485858" lon="99.933172"><time>2026-04-27T06:23:15.053Z</time></trkpt>
      <trkpt lat="25.485858" lon="99.933172"><time>2026-04-27T06:23:15.070Z</time></trkpt>
      <trkpt lat="25.485858" lon="99.933172"><time>2026-04-27T06:23:15.086Z</time></trkpt>
      <trkpt lat="25.485855" lon="99.933196"><time>2026-04-27T06:23:15.103Z</time></trkpt>
      <trkpt lat="25.485855" lon="99.933196"><time>2026-04-27T06:23:15.120Z</time></trkpt>
      <trkpt lat="25.485855" lon="99.933196"><time>2026-04-27T06:23:15.137Z</time></trkpt>
      <trkpt lat="25.485855" lon="99.933196"><time>2026-04-27T06:23:15.153Z</time></trkpt>
      <trkpt lat="25.485855" lon="99.933196"><time>2026-04-27T06:23:15.170Z</time></trkpt>
      <trkpt lat="25.485855" lon="99.933196"><time>2026-04-27T06:23:15.187Z</time></trkpt>
      <trkpt lat="25.485853" lon="99.93322"><time>2026-04-27T06:23:15.203Z</time></trkpt>
      <trkpt lat="25.485853" lon="99.93322"><time>2026-04-27T06:23:15.220Z</time></trkpt>
      <trkpt lat="25.485853" lon="99.93322"><time>2026-04-27T06:23:15.237Z</time></trkpt>
      <trkpt lat="25.485853" lon="99.93322"><time>2026-04-27T06:23:15.253Z</time></trkpt>
      <trkpt lat="25.485853" lon="99.93322"><time>2026-04-27T06:23:15.270Z</time></trkpt>
      <trkpt lat="25.485853" lon="99.93322"><time>2026-04-27T06:23:15.287Z</time></trkpt>
      <trkpt lat="25.48585" lon="99.933243"><time>2026-04-27T06:23:15.303Z</time></trkpt>
      <trkpt lat="25.48585" lon="99.933243"><time>2026-04-27T06:23:15.320Z</time></trkpt>
      <trkpt lat="25.48585" lon="99.933243"><time>2026-04-27T06:23:15.337Z</time></trkpt>
      <trkpt lat="25.48585" lon="99.933243"><time>2026-04-27T06:23:15.353Z</time></trkpt>
      <trkpt lat="25.48585" lon="99.933243"><time>2026-04-27T06:23:15.370Z</time></trkpt>
      <trkpt lat="25.48585" lon="99.933243"><time>2026-04-27T06:23:15.387Z</time></trkpt>
      <trkpt lat="25.485848" lon="99.933266"><time>2026-04-27T06:23:15.403Z</time></trkpt>
      <trkpt lat="25.485848" lon="99.933266"><time>2026-04-27T06:23:15.420Z</time></trkpt>
      <trkpt lat="25.485848" lon="99.933266"><time>2026-04-27T06:23:15.437Z</time></trkpt>
      <trkpt lat="25.485848" lon="99.933266"><time>2026-04-27T06:23:15.454Z</time></trkpt>
      <trkpt lat="25.485848" lon="99.933266"><time>2026-04-27T06:23:15.470Z</time></trkpt>
      <trkpt lat="25.485848" lon="99.933266"><time>2026-04-27T06:23:15.487Z</time></trkpt>
      <trkpt lat="25.485845" lon="99.93329"><time>2026-04-27T06:23:15.504Z</time></trkpt>
      <trkpt lat="25.485845" lon="99.93329"><time>2026-04-27T06:23:15.520Z</time></trkpt>
      <trkpt lat="25.485845" lon="99.93329"><time>2026-04-27T06:23:15.537Z</time></trkpt>
      <trkpt lat="25.485845" lon="99.93329"><time>2026-04-27T06:23:15.554Z</time></trkpt>
      <trkpt lat="25.485845" lon="99.93329"><time>2026-04-27T06:23:15.570Z</time></trkpt>
      <trkpt lat="25.485845" lon="99.93329"><time>2026-04-27T06:23:15.587Z</time></trkpt>
      <trkpt lat="25.485843" lon="99.933312"><time>2026-04-27T06:23:15.604Z</time></trkpt>
      <trkpt lat="25.485843" lon="99.933312"><time>2026-04-27T06:23:15.620Z</time></trkpt>
      <trkpt lat="25.485843" lon="99.933312"><time>2026-04-27T06:23:15.637Z</time></trkpt>
      <trkpt lat="25.485843" lon="99.933312"><time>2026-04-27T06:23:15.654Z</time></trkpt>
      <trkpt lat="25.485843" lon="99.933312"><time>2026-04-27T06:23:15.670Z</time></trkpt>
      <trkpt lat="25.485843" lon="99.933312"><time>2026-04-27T06:23:15.687Z</time></trkpt>
      <trkpt lat="25.485841" lon="99.933335"><time>2026-04-27T06:23:15.704Z</time></trkpt>
      <trkpt lat="25.485841" lon="99.933335"><time>2026-04-27T06:23:15.720Z</time></trkpt>
      <trkpt lat="25.485841" lon="99.933335"><time>2026-04-27T06:23:15.737Z</time></trkpt>
      <trkpt lat="25.485841" lon="99.933335"><time>2026-04-27T06:23:15.754Z</time></trkpt>
      <trkpt lat="25.485841" lon="99.933335"><time>2026-04-27T06:23:15.770Z</time></trkpt>
      <trkpt lat="25.485841" lon="99.933335"><time>2026-04-27T06:23:15.787Z</time></trkpt>
      <trkpt lat="25.485838" lon="99.933359"><time>2026-04-27T06:23:15.804Z</time></trkpt>
      <trkpt lat="25.485838" lon="99.933359"><time>2026-04-27T06:23:15.821Z</time></trkpt>
      <trkpt lat="25.485838" lon="99.933359"><time>2026-04-27T06:23:15.837Z</time></trkpt>
      <trkpt lat="25.485838" lon="99.933359"><time>2026-04-27T06:23:15.854Z</time></trkpt>
      <trkpt lat="25.485838" lon="99.933359"><time>2026-04-27T06:23:15.871Z</time></trkpt>
      <trkpt lat="25.485838" lon="99.933359"><time>2026-04-27T06:23:15.887Z</time></trkpt>
      <trkpt lat="25.485836" lon="99.933382"><time>2026-04-27T06:23:15.904Z</time></trkpt>
      <trkpt lat="25.485836" lon="99.933382"><time>2026-04-27T06:23:15.921Z</time></trkpt>
      <trkpt lat="25.485836" lon="99.933382"><time>2026-04-27T06:23:15.937Z</time></trkpt>
      <trkpt lat="25.485836" lon="99.933382"><time>2026-04-27T06:23:15.954Z</time></trkpt>
      <trkpt lat="25.485836" lon="99.933382"><time>2026-04-27T06:23:15.971Z</time></trkpt>
      <trkpt lat="25.485836" lon="99.933382"><time>2026-04-27T06:23:15.987Z</time></trkpt>
      <trkpt lat="25.485834" lon="99.933405"><time>2026-04-27T06:23:16.004Z</time></trkpt>
      <trkpt lat="25.485834" lon="99.933405"><time>2026-04-27T06:23:16.021Z</time></trkpt>
      <trkpt lat="25.485834" lon="99.933405"><time>2026-04-27T06:23:16.037Z</time></trkpt>
      <trkpt lat="25.485834" lon="99.933405"><time>2026-04-27T06:23:16.054Z</time></trkpt>
      <trkpt lat="25.485834" lon="99.933405"><time>2026-04-27T06:23:16.071Z</time></trkpt>
      <trkpt lat="25.485834" lon="99.933405"><time>2026-04-27T06:23:16.087Z</time></trkpt>
      <trkpt lat="25.485832" lon="99.933429"><time>2026-04-27T06:23:16.104Z</time></trkpt>
      <trkpt lat="25.485832" lon="99.933429"><time>2026-04-27T06:23:16.121Z</time></trkpt>
      <trkpt lat="25.485832" lon="99.933429"><time>2026-04-27T06:23:16.138Z</time></trkpt>
      <trkpt lat="25.485832" lon="99.933429"><time>2026-04-27T06:23:16.154Z</time></trkpt>
      <trkpt lat="25.485832" lon="99.933429"><time>2026-04-27T06:23:16.171Z</time></trkpt>
      <trkpt lat="25.485832" lon="99.933429"><time>2026-04-27T06:23:16.188Z</time></trkpt>
      <trkpt lat="25.485829" lon="99.933452"><time>2026-04-27T06:23:16.204Z</time></trkpt>
      <trkpt lat="25.485829" lon="99.933452"><time>2026-04-27T06:23:16.221Z</time></trkpt>
      <trkpt lat="25.485829" lon="99.933452"><time>2026-04-27T06:23:16.238Z</time></trkpt>
      <trkpt lat="25.485829" lon="99.933452"><time>2026-04-27T06:23:16.254Z</time></trkpt>
      <trkpt lat="25.485829" lon="99.933452"><time>2026-04-27T06:23:16.271Z</time></trkpt>
      <trkpt lat="25.485829" lon="99.933452"><time>2026-04-27T06:23:16.288Z</time></trkpt>
      <trkpt lat="25.485827" lon="99.933474"><time>2026-04-27T06:23:16.304Z</time></trkpt>
      <trkpt lat="25.485827" lon="99.933474"><time>2026-04-27T06:23:16.321Z</time></trkpt>
      <trkpt lat="25.485827" lon="99.933474"><time>2026-04-27T06:23:16.338Z</time></trkpt>
      <trkpt lat="25.485827" lon="99.933474"><time>2026-04-27T06:23:16.354Z</time></trkpt>
      <trkpt lat="25.485827" lon="99.933474"><time>2026-04-27T06:23:16.371Z</time></trkpt>
      <trkpt lat="25.485827" lon="99.933474"><time>2026-04-27T06:23:16.388Z</time></trkpt>
      <trkpt lat="25.485827" lon="99.933499"><time>2026-04-27T06:23:16.404Z</time></trkpt>
      <trkpt lat="25.485827" lon="99.933499"><time>2026-04-27T06:23:16.421Z</time></trkpt>
      <trkpt lat="25.485827" lon="99.933499"><time>2026-04-27T06:23:16.438Z</time></trkpt>
      <trkpt lat="25.485827" lon="99.933499"><time>2026-04-27T06:23:16.455Z</time></trkpt>
      <trkpt lat="25.485827" lon="99.933499"><time>2026-04-27T06:23:16.471Z</time></trkpt>
      <trkpt lat="25.485827" lon="99.933499"><time>2026-04-27T06:23:16.488Z</time></trkpt>
      <trkpt lat="25.485825" lon="99.933523"><time>2026-04-27T06:23:16.505Z</time></trkpt>
      <trkpt lat="25.485825" lon="99.933523"><time>2026-04-27T06:23:16.521Z</time></trkpt>
      <trkpt lat="25.485825" lon="99.933523"><time>2026-04-27T06:23:16.538Z</time></trkpt>
      <trkpt lat="25.485825" lon="99.933523"><time>2026-04-27T06:23:16.555Z</time></trkpt>
      <trkpt lat="25.485825" lon="99.933523"><time>2026-04-27T06:23:16.571Z</time></trkpt>
      <trkpt lat="25.485825" lon="99.933523"><time>2026-04-27T06:23:16.588Z</time></trkpt>
      <trkpt lat="25.485822" lon="99.933545"><time>2026-04-27T06:23:16.605Z</time></trkpt>
      <trkpt lat="25.485822" lon="99.933545"><time>2026-04-27T06:23:16.621Z</time></trkpt>
      <trkpt lat="25.485822" lon="99.933545"><time>2026-04-27T06:23:16.638Z</time></trkpt>
      <trkpt lat="25.485822" lon="99.933545"><time>2026-04-27T06:23:16.655Z</time></trkpt>
      <trkpt lat="25.485822" lon="99.933545"><time>2026-04-27T06:23:16.671Z</time></trkpt>
      <trkpt lat="25.485822" lon="99.933545"><time>2026-04-27T06:23:16.688Z</time></trkpt>
      <trkpt lat="25.48582" lon="99.93357"><time>2026-04-27T06:23:16.705Z</time></trkpt>
      <trkpt lat="25.48582" lon="99.93357"><time>2026-04-27T06:23:16.721Z</time></trkpt>
      <trkpt lat="25.48582" lon="99.93357"><time>2026-04-27T06:23:16.738Z</time></trkpt>
      <trkpt lat="25.48582" lon="99.93357"><time>2026-04-27T06:23:16.755Z</time></trkpt>
      <trkpt lat="25.48582" lon="99.93357"><time>2026-04-27T06:23:16.772Z</time></trkpt>
      <trkpt lat="25.48582" lon="99.93357"><time>2026-04-27T06:23:16.788Z</time></trkpt>
      <trkpt lat="25.485818" lon="99.933593"><time>2026-04-27T06:23:16.805Z</time></trkpt>
      <trkpt lat="25.485818" lon="99.933593"><time>2026-04-27T06:23:16.822Z</time></trkpt>
      <trkpt lat="25.485818" lon="99.933593"><time>2026-04-27T06:23:16.838Z</time></trkpt>
      <trkpt lat="25.485818" lon="99.933593"><time>2026-04-27T06:23:16.855Z</time></trkpt>
      <trkpt lat="25.485818" lon="99.933593"><time>2026-04-27T06:23:16.872Z</time></trkpt>
      <trkpt lat="25.485818" lon="99.933593"><time>2026-04-27T06:23:16.888Z</time></trkpt>
      <trkpt lat="25.485815" lon="99.933616"><time>2026-04-27T06:23:16.905Z</time></trkpt>
      <trkpt lat="25.485815" lon="99.933616"><time>2026-04-27T06:23:16.922Z</time></trkpt>
      <trkpt lat="25.485815" lon="99.933616"><time>2026-04-27T06:23:16.938Z</time></trkpt>
      <trkpt lat="25.485815" lon="99.933616"><time>2026-04-27T06:23:16.955Z</time></trkpt>
      <trkpt lat="25.485815" lon="99.933616"><time>2026-04-27T06:23:16.972Z</time></trkpt>
      <trkpt lat="25.485815" lon="99.933616"><time>2026-04-27T06:23:16.988Z</time></trkpt>
      <trkpt lat="25.485813" lon="99.93364"><time>2026-04-27T06:23:17.005Z</time></trkpt>
      <trkpt lat="25.485813" lon="99.93364"><time>2026-04-27T06:23:17.022Z</time></trkpt>
      <trkpt lat="25.485813" lon="99.93364"><time>2026-04-27T06:23:17.038Z</time></trkpt>
      <trkpt lat="25.485813" lon="99.93364"><time>2026-04-27T06:23:17.055Z</time></trkpt>
      <trkpt lat="25.485813" lon="99.93364"><time>2026-04-27T06:23:17.072Z</time></trkpt>
      <trkpt lat="25.485813" lon="99.93364"><time>2026-04-27T06:23:17.089Z</time></trkpt>
      <trkpt lat="25.485811" lon="99.933663"><time>2026-04-27T06:23:17.105Z</time></trkpt>
      <trkpt lat="25.485811" lon="99.933663"><time>2026-04-27T06:23:17.122Z</time></trkpt>
      <trkpt lat="25.485811" lon="99.933663"><time>2026-04-27T06:23:17.139Z</time></trkpt>
      <trkpt lat="25.485811" lon="99.933663"><time>2026-04-27T06:23:17.155Z</time></trkpt>
      <trkpt lat="25.485811" lon="99.933663"><time>2026-04-27T06:23:17.172Z</time></trkpt>
      <trkpt lat="25.485811" lon="99.933663"><time>2026-04-27T06:23:17.189Z</time></trkpt>
      <trkpt lat="25.485808" lon="99.933686"><time>2026-04-27T06:23:17.205Z</time></trkpt>
      <trkpt lat="25.485808" lon="99.933686"><time>2026-04-27T06:23:17.222Z</time></trkpt>
      <trkpt lat="25.485808" lon="99.933686"><time>2026-04-27T06:23:17.239Z</time></trkpt>
      <trkpt lat="25.485808" lon="99.933686"><time>2026-04-27T06:23:17.255Z</time></trkpt>
      <trkpt lat="25.485808" lon="99.933686"><time>2026-04-27T06:23:17.272Z</time></trkpt>
      <trkpt lat="25.485808" lon="99.933686"><time>2026-04-27T06:23:17.289Z</time></trkpt>
      <trkpt lat="25.485806" lon="99.933708"><time>2026-04-27T06:23:17.305Z</time></trkpt>
      <trkpt lat="25.485806" lon="99.933708"><time>2026-04-27T06:23:17.322Z</time></trkpt>
      <trkpt lat="25.485806" lon="99.933708"><time>2026-04-27T06:23:17.339Z</time></trkpt>
      <trkpt lat="25.485806" lon="99.933708"><time>2026-04-27T06:23:17.355Z</time></trkpt>
      <trkpt lat="25.485806" lon="99.933708"><time>2026-04-27T06:23:17.372Z</time></trkpt>
      <trkpt lat="25.485806" lon="99.933708"><time>2026-04-27T06:23:17.389Z</time></trkpt>
      <trkpt lat="25.485804" lon="99.933733"><time>2026-04-27T06:23:17.406Z</time></trkpt>
      <trkpt lat="25.485804" lon="99.933733"><time>2026-04-27T06:23:17.422Z</time></trkpt>
      <trkpt lat="25.485804" lon="99.933733"><time>2026-04-27T06:23:17.439Z</time></trkpt>
      <trkpt lat="25.485804" lon="99.933733"><time>2026-04-27T06:23:17.456Z</time></trkpt>
      <trkpt lat="25.485804" lon="99.933733"><time>2026-04-27T06:23:17.472Z</time></trkpt>
      <trkpt lat="25.485804" lon="99.933733"><time>2026-04-27T06:23:17.489Z</time></trkpt>
      <trkpt lat="25.485801" lon="99.933756"><time>2026-04-27T06:23:17.506Z</time></trkpt>
      <trkpt lat="25.485801" lon="99.933756"><time>2026-04-27T06:23:17.522Z</time></trkpt>
      <trkpt lat="25.485801" lon="99.933756"><time>2026-04-27T06:23:17.539Z</time></trkpt>
      <trkpt lat="25.485801" lon="99.933756"><time>2026-04-27T06:23:17.556Z</time></trkpt>
      <trkpt lat="25.485801" lon="99.933756"><time>2026-04-27T06:23:17.572Z</time></trkpt>
      <trkpt lat="25.485801" lon="99.933756"><time>2026-04-27T06:23:17.589Z</time></trkpt>
      <trkpt lat="25.485799" lon="99.933779"><time>2026-04-27T06:23:17.606Z</time></trkpt>
      <trkpt lat="25.485799" lon="99.933779"><time>2026-04-27T06:23:17.622Z</time></trkpt>
      <trkpt lat="25.485799" lon="99.933779"><time>2026-04-27T06:23:17.639Z</time></trkpt>
      <trkpt lat="25.485799" lon="99.933779"><time>2026-04-27T06:23:17.656Z</time></trkpt>
      <trkpt lat="25.485799" lon="99.933779"><time>2026-04-27T06:23:17.672Z</time></trkpt>
      <trkpt lat="25.485799" lon="99.933779"><time>2026-04-27T06:23:17.689Z</time></trkpt>
      <trkpt lat="25.485796" lon="99.933802"><time>2026-04-27T06:23:17.706Z</time></trkpt>
      <trkpt lat="25.485796" lon="99.933802"><time>2026-04-27T06:23:17.723Z</time></trkpt>
      <trkpt lat="25.485796" lon="99.933802"><time>2026-04-27T06:23:17.739Z</time></trkpt>
      <trkpt lat="25.485796" lon="99.933802"><time>2026-04-27T06:23:17.756Z</time></trkpt>
      <trkpt lat="25.485796" lon="99.933802"><time>2026-04-27T06:23:17.773Z</time></trkpt>
      <trkpt lat="25.485796" lon="99.933802"><time>2026-04-27T06:23:17.789Z</time></trkpt>
      <trkpt lat="25.485794" lon="99.933825"><time>2026-04-27T06:23:17.806Z</time></trkpt>
      <trkpt lat="25.485794" lon="99.933825"><time>2026-04-27T06:23:17.823Z</time></trkpt>
      <trkpt lat="25.485794" lon="99.933825"><time>2026-04-27T06:23:17.839Z</time></trkpt>
      <trkpt lat="25.485794" lon="99.933825"><time>2026-04-27T06:23:17.856Z</time></trkpt>
      <trkpt lat="25.485794" lon="99.933825"><time>2026-04-27T06:23:17.873Z</time></trkpt>
      <trkpt lat="25.485794" lon="99.933825"><time>2026-04-27T06:23:17.889Z</time></trkpt>
      <trkpt lat="25.485792" lon="99.933849"><time>2026-04-27T06:23:17.906Z</time></trkpt>
      <trkpt lat="25.485792" lon="99.933849"><time>2026-04-27T06:23:17.923Z</time></trkpt>
      <trkpt lat="25.485792" lon="99.933849"><time>2026-04-27T06:23:17.939Z</time></trkpt>
      <trkpt lat="25.485792" lon="99.933849"><time>2026-04-27T06:23:17.956Z</time></trkpt>
      <trkpt lat="25.485792" lon="99.933849"><time>2026-04-27T06:23:17.973Z</time></trkpt>
      <trkpt lat="25.485792" lon="99.933849"><time>2026-04-27T06:23:17.989Z</time></trkpt>
      <trkpt lat="25.485792" lon="99.933872"><time>2026-04-27T06:23:18.006Z</time></trkpt>
      <trkpt lat="25.485792" lon="99.933872"><time>2026-04-27T06:23:18.023Z</time></trkpt>
      <trkpt lat="25.485792" lon="99.933872"><time>2026-04-27T06:23:18.040Z</time></trkpt>
      <trkpt lat="25.485792" lon="99.933872"><time>2026-04-27T06:23:18.056Z</time></trkpt>
      <trkpt lat="25.485792" lon="99.933872"><time>2026-04-27T06:23:18.073Z</time></trkpt>
      <trkpt lat="25.485792" lon="99.933872"><time>2026-04-27T06:23:18.090Z</time></trkpt>
      <trkpt lat="25.48579" lon="99.933894"><time>2026-04-27T06:23:18.106Z</time></trkpt>
      <trkpt lat="25.48579" lon="99.933894"><time>2026-04-27T06:23:18.123Z</time></trkpt>
      <trkpt lat="25.48579" lon="99.933894"><time>2026-04-27T06:23:18.140Z</time></trkpt>
      <trkpt lat="25.48579" lon="99.933894"><time>2026-04-27T06:23:18.156Z</time></trkpt>
      <trkpt lat="25.48579" lon="99.933894"><time>2026-04-27T06:23:18.173Z</time></trkpt>
      <trkpt lat="25.48579" lon="99.933894"><time>2026-04-27T06:23:18.190Z</time></trkpt>
      <trkpt lat="25.485787" lon="99.933919"><time>2026-04-27T06:23:18.206Z</time></trkpt>
      <trkpt lat="25.485787" lon="99.933919"><time>2026-04-27T06:23:18.223Z</time></trkpt>
      <trkpt lat="25.485787" lon="99.933919"><time>2026-04-27T06:23:18.240Z</time></trkpt>
      <trkpt lat="25.485787" lon="99.933919"><time>2026-04-27T06:23:18.256Z</time></trkpt>
      <trkpt lat="25.485787" lon="99.933919"><time>2026-04-27T06:23:18.273Z</time></trkpt>
      <trkpt lat="25.485787" lon="99.933919"><time>2026-04-27T06:23:18.290Z</time></trkpt>
      <trkpt lat="25.485785" lon="99.933942"><time>2026-04-27T06:23:18.306Z</time></trkpt>
      <trkpt lat="25.485785" lon="99.933942"><time>2026-04-27T06:23:18.323Z</time></trkpt>
      <trkpt lat="25.485785" lon="99.933942"><time>2026-04-27T06:23:18.340Z</time></trkpt>
      <trkpt lat="25.485785" lon="99.933942"><time>2026-04-27T06:23:18.357Z</time></trkpt>
      <trkpt lat="25.485785" lon="99.933942"><time>2026-04-27T06:23:18.373Z</time></trkpt>
      <trkpt lat="25.485785" lon="99.933942"><time>2026-04-27T06:23:18.390Z</time></trkpt>
      <trkpt lat="25.485782" lon="99.933966"><time>2026-04-27T06:23:18.407Z</time></trkpt>
      <trkpt lat="25.485782" lon="99.933966"><time>2026-04-27T06:23:18.423Z</time></trkpt>
      <trkpt lat="25.485782" lon="99.933966"><time>2026-04-27T06:23:18.440Z</time></trkpt>
      <trkpt lat="25.485782" lon="99.933966"><time>2026-04-27T06:23:18.457Z</time></trkpt>
      <trkpt lat="25.485782" lon="99.933966"><time>2026-04-27T06:23:18.473Z</time></trkpt>
      <trkpt lat="25.485782" lon="99.933966"><time>2026-04-27T06:23:18.490Z</time></trkpt>
      <trkpt lat="25.48578" lon="99.933989"><time>2026-04-27T06:23:18.507Z</time></trkpt>
      <trkpt lat="25.48578" lon="99.933989"><time>2026-04-27T06:23:18.523Z</time></trkpt>
      <trkpt lat="25.48578" lon="99.933989"><time>2026-04-27T06:23:18.540Z</time></trkpt>
      <trkpt lat="25.48578" lon="99.933989"><time>2026-04-27T06:23:18.557Z</time></trkpt>
      <trkpt lat="25.48578" lon="99.933989"><time>2026-04-27T06:23:18.573Z</time></trkpt>
      <trkpt lat="25.48578" lon="99.933989"><time>2026-04-27T06:23:18.590Z</time></trkpt>
      <trkpt lat="25.485777" lon="99.934013"><time>2026-04-27T06:23:18.607Z</time></trkpt>
      <trkpt lat="25.485777" lon="99.934013"><time>2026-04-27T06:23:18.623Z</time></trkpt>
      <trkpt lat="25.485777" lon="99.934013"><time>2026-04-27T06:23:18.640Z</time></trkpt>
      <trkpt lat="25.485777" lon="99.934013"><time>2026-04-27T06:23:18.657Z</time></trkpt>
      <trkpt lat="25.485777" lon="99.934013"><time>2026-04-27T06:23:18.674Z</time></trkpt>
      <trkpt lat="25.485777" lon="99.934013"><time>2026-04-27T06:23:18.690Z</time></trkpt>
      <trkpt lat="25.485775" lon="99.934036"><time>2026-04-27T06:23:18.707Z</time></trkpt>
      <trkpt lat="25.485775" lon="99.934036"><time>2026-04-27T06:23:18.724Z</time></trkpt>
      <trkpt lat="25.485775" lon="99.934036"><time>2026-04-27T06:23:18.740Z</time></trkpt>
      <trkpt lat="25.485775" lon="99.934036"><time>2026-04-27T06:23:18.757Z</time></trkpt>
      <trkpt lat="25.485775" lon="99.934036"><time>2026-04-27T06:23:18.774Z</time></trkpt>
      <trkpt lat="25.485775" lon="99.934036"><time>2026-04-27T06:23:18.790Z</time></trkpt>
      <trkpt lat="25.485772" lon="99.934059"><time>2026-04-27T06:23:18.807Z</time></trkpt>
      <trkpt lat="25.485772" lon="99.934059"><time>2026-04-27T06:23:18.824Z</time></trkpt>
      <trkpt lat="25.485772" lon="99.934059"><time>2026-04-27T06:23:18.840Z</time></trkpt>
      <trkpt lat="25.485772" lon="99.934059"><time>2026-04-27T06:23:18.857Z</time></trkpt>
      <trkpt lat="25.485772" lon="99.934059"><time>2026-04-27T06:23:18.874Z</time></trkpt>
      <trkpt lat="25.485772" lon="99.934059"><time>2026-04-27T06:23:18.890Z</time></trkpt>
      <trkpt lat="25.48577" lon="99.934083"><time>2026-04-27T06:23:18.907Z</time></trkpt>
      <trkpt lat="25.48577" lon="99.934083"><time>2026-04-27T06:23:18.924Z</time></trkpt>
      <trkpt lat="25.48577" lon="99.934083"><time>2026-04-27T06:23:18.940Z</time></trkpt>
      <trkpt lat="25.48577" lon="99.934083"><time>2026-04-27T06:23:18.957Z</time></trkpt>
      <trkpt lat="25.48577" lon="99.934083"><time>2026-04-27T06:23:18.974Z</time></trkpt>
      <trkpt lat="25.48577" lon="99.934083"><time>2026-04-27T06:23:18.991Z</time></trkpt>
      <trkpt lat="25.485767" lon="99.934105"><time>2026-04-27T06:23:19.007Z</time></trkpt>
      <trkpt lat="25.485767" lon="99.934105"><time>2026-04-27T06:23:19.024Z</time></trkpt>
      <trkpt lat="25.485767" lon="99.934105"><time>2026-04-27T06:23:19.041Z</time></trkpt>
      <trkpt lat="25.485767" lon="99.934105"><time>2026-04-27T06:23:19.057Z</time></trkpt>
      <trkpt lat="25.485767" lon="99.934105"><time>2026-04-27T06:23:19.074Z</time></trkpt>
      <trkpt lat="25.485767" lon="99.934105"><time>2026-04-27T06:23:19.091Z</time></trkpt>
      <trkpt lat="25.485765" lon="99.934129"><time>2026-04-27T06:23:19.107Z</time></trkpt>
      <trkpt lat="25.485765" lon="99.934129"><time>2026-04-27T06:23:19.124Z</time></trkpt>
      <trkpt lat="25.485765" lon="99.934129"><time>2026-04-27T06:23:19.141Z</time></trkpt>
      <trkpt lat="25.485765" lon="99.934129"><time>2026-04-27T06:23:19.157Z</time></trkpt>
      <trkpt lat="25.485765" lon="99.934129"><time>2026-04-27T06:23:19.174Z</time></trkpt>
      <trkpt lat="25.485765" lon="99.934129"><time>2026-04-27T06:23:19.191Z</time></trkpt>
      <trkpt lat="25.485762" lon="99.934152"><time>2026-04-27T06:23:19.207Z</time></trkpt>
      <trkpt lat="25.485762" lon="99.934152"><time>2026-04-27T06:23:19.224Z</time></trkpt>
      <trkpt lat="25.485762" lon="99.934152"><time>2026-04-27T06:23:19.241Z</time></trkpt>
      <trkpt lat="25.485762" lon="99.934152"><time>2026-04-27T06:23:19.257Z</time></trkpt>
      <trkpt lat="25.485762" lon="99.934152"><time>2026-04-27T06:23:19.274Z</time></trkpt>
      <trkpt lat="25.485762" lon="99.934152"><time>2026-04-27T06:23:19.291Z</time></trkpt>
      <trkpt lat="25.48576" lon="99.934176"><time>2026-04-27T06:23:19.308Z</time></trkpt>
      <trkpt lat="25.48576" lon="99.934176"><time>2026-04-27T06:23:19.324Z</time></trkpt>
      <trkpt lat="25.48576" lon="99.934176"><time>2026-04-27T06:23:19.341Z</time></trkpt>
      <trkpt lat="25.48576" lon="99.934176"><time>2026-04-27T06:23:19.358Z</time></trkpt>
      <trkpt lat="25.48576" lon="99.934176"><time>2026-04-27T06:23:19.374Z</time></trkpt>
      <trkpt lat="25.48576" lon="99.934176"><time>2026-04-27T06:23:19.391Z</time></trkpt>
      <trkpt lat="25.48576" lon="99.9342"><time>2026-04-27T06:23:19.408Z</time></trkpt>
      <trkpt lat="25.48576" lon="99.9342"><time>2026-04-27T06:23:19.424Z</time></trkpt>
      <trkpt lat="25.48576" lon="99.9342"><time>2026-04-27T06:23:19.441Z</time></trkpt>
      <trkpt lat="25.48576" lon="99.9342"><time>2026-04-27T06:23:19.458Z</time></trkpt>
      <trkpt lat="25.48576" lon="99.9342"><time>2026-04-27T06:23:19.474Z</time></trkpt>
      <trkpt lat="25.48576" lon="99.9342"><time>2026-04-27T06:23:19.491Z</time></trkpt>
      <trkpt lat="25.485758" lon="99.934223"><time>2026-04-27T06:23:19.508Z</time></trkpt>
      <trkpt lat="25.485758" lon="99.934223"><time>2026-04-27T06:23:19.524Z</time></trkpt>
      <trkpt lat="25.485758" lon="99.934223"><time>2026-04-27T06:23:19.541Z</time></trkpt>
      <trkpt lat="25.485758" lon="99.934223"><time>2026-04-27T06:23:19.558Z</time></trkpt>
      <trkpt lat="25.485758" lon="99.934223"><time>2026-04-27T06:23:19.574Z</time></trkpt>
      <trkpt lat="25.485758" lon="99.934223"><time>2026-04-27T06:23:19.591Z</time></trkpt>
      <trkpt lat="25.485755" lon="99.934247"><time>2026-04-27T06:23:19.608Z</time></trkpt>
      <trkpt lat="25.485755" lon="99.934247"><time>2026-04-27T06:23:19.625Z</time></trkpt>
      <trkpt lat="25.485755" lon="99.934247"><time>2026-04-27T06:23:19.641Z</time></trkpt>
      <trkpt lat="25.485755" lon="99.934247"><time>2026-04-27T06:23:19.658Z</time></trkpt>
      <trkpt lat="25.485755" lon="99.934247"><time>2026-04-27T06:23:19.675Z</time></trkpt>
      <trkpt lat="25.485755" lon="99.934247"><time>2026-04-27T06:23:19.691Z</time></trkpt>
      <trkpt lat="25.485753" lon="99.93427"><time>2026-04-27T06:23:19.708Z</time></trkpt>
      <trkpt lat="25.485753" lon="99.93427"><time>2026-04-27T06:23:19.725Z</time></trkpt>
      <trkpt lat="25.485753" lon="99.93427"><time>2026-04-27T06:23:19.741Z</time></trkpt>
      <trkpt lat="25.485753" lon="99.93427"><time>2026-04-27T06:23:19.758Z</time></trkpt>
      <trkpt lat="25.485753" lon="99.93427"><time>2026-04-27T06:23:19.775Z</time></trkpt>
      <trkpt lat="25.485753" lon="99.93427"><time>2026-04-27T06:23:19.791Z</time></trkpt>
      <trkpt lat="25.485751" lon="99.934294"><time>2026-04-27T06:23:19.808Z</time></trkpt>
      <trkpt lat="25.485751" lon="99.934294"><time>2026-04-27T06:23:19.825Z</time></trkpt>
      <trkpt lat="25.485751" lon="99.934294"><time>2026-04-27T06:23:19.841Z</time></trkpt>
      <trkpt lat="25.485751" lon="99.934294"><time>2026-04-27T06:23:19.858Z</time></trkpt>
      <trkpt lat="25.485751" lon="99.934294"><time>2026-04-27T06:23:19.875Z</time></trkpt>
      <trkpt lat="25.485751" lon="99.934294"><time>2026-04-27T06:23:19.891Z</time></trkpt>
      <trkpt lat="25.485748" lon="99.934317"><time>2026-04-27T06:23:19.908Z</time></trkpt>
      <trkpt lat="25.485748" lon="99.934317"><time>2026-04-27T06:23:19.925Z</time></trkpt>
      <trkpt lat="25.485748" lon="99.934317"><time>2026-04-27T06:23:19.942Z</time></trkpt>
      <trkpt lat="25.485748" lon="99.934317"><time>2026-04-27T06:23:19.958Z</time></trkpt>
      <trkpt lat="25.485748" lon="99.934317"><time>2026-04-27T06:23:19.975Z</time></trkpt>
      <trkpt lat="25.485748" lon="99.934317"><time>2026-04-27T06:23:19.992Z</time></trkpt>
      <trkpt lat="25.485746" lon="99.934341"><time>2026-04-27T06:23:20.008Z</time></trkpt>
      <trkpt lat="25.485746" lon="99.934341"><time>2026-04-27T06:23:20.025Z</time></trkpt>
      <trkpt lat="25.485746" lon="99.934341"><time>2026-04-27T06:23:20.042Z</time></trkpt>
      <trkpt lat="25.485746" lon="99.934341"><time>2026-04-27T06:23:20.058Z</time></trkpt>
      <trkpt lat="25.485746" lon="99.934341"><time>2026-04-27T06:23:20.075Z</time></trkpt>
      <trkpt lat="25.485746" lon="99.934341"><time>2026-04-27T06:23:20.092Z</time></trkpt>
      <trkpt lat="25.485743" lon="99.934364"><time>2026-04-27T06:23:20.108Z</time></trkpt>
      <trkpt lat="25.485743" lon="99.934364"><time>2026-04-27T06:23:20.125Z</time></trkpt>
      <trkpt lat="25.485743" lon="99.934364"><time>2026-04-27T06:23:20.142Z</time></trkpt>
      <trkpt lat="25.485743" lon="99.934364"><time>2026-04-27T06:23:20.158Z</time></trkpt>
      <trkpt lat="25.485743" lon="99.934364"><time>2026-04-27T06:23:20.175Z</time></trkpt>
      <trkpt lat="25.485743" lon="99.934364"><time>2026-04-27T06:23:20.192Z</time></trkpt>
      <trkpt lat="25.48574" lon="99.934388"><time>2026-04-27T06:23:20.208Z</time></trkpt>
      <trkpt lat="25.48574" lon="99.934388"><time>2026-04-27T06:23:20.225Z</time></trkpt>
      <trkpt lat="25.48574" lon="99.934388"><time>2026-04-27T06:23:20.242Z</time></trkpt>
      <trkpt lat="25.48574" lon="99.934388"><time>2026-04-27T06:23:20.259Z</time></trkpt>
      <trkpt lat="25.48574" lon="99.934388"><time>2026-04-27T06:23:20.275Z</time></trkpt>
      <trkpt lat="25.48574" lon="99.934388"><time>2026-04-27T06:23:20.292Z</time></trkpt>
      <trkpt lat="25.485737" lon="99.934411"><time>2026-04-27T06:23:20.309Z</time></trkpt>
      <trkpt lat="25.485737" lon="99.934411"><time>2026-04-27T06:23:20.325Z</time></trkpt>
      <trkpt lat="25.485737" lon="99.934411"><time>2026-04-27T06:23:20.342Z</time></trkpt>
      <trkpt lat="25.485737" lon="99.934411"><time>2026-04-27T06:23:20.359Z</time></trkpt>
      <trkpt lat="25.485737" lon="99.934411"><time>2026-04-27T06:23:20.375Z</time></trkpt>
      <trkpt lat="25.485737" lon="99.934411"><time>2026-04-27T06:23:20.392Z</time></trkpt>
      <trkpt lat="25.485733" lon="99.934432"><time>2026-04-27T06:23:20.409Z</time></trkpt>
      <trkpt lat="25.485733" lon="99.934432"><time>2026-04-27T06:23:20.425Z</time></trkpt>
      <trkpt lat="25.485733" lon="99.934432"><time>2026-04-27T06:23:20.442Z</time></trkpt>
      <trkpt lat="25.485733" lon="99.934432"><time>2026-04-27T06:23:20.459Z</time></trkpt>
      <trkpt lat="25.485733" lon="99.934432"><time>2026-04-27T06:23:20.475Z</time></trkpt>
      <trkpt lat="25.485733" lon="99.934432"><time>2026-04-27T06:23:20.492Z</time></trkpt>
      <trkpt lat="25.485729" lon="99.934456"><time>2026-04-27T06:23:20.509Z</time></trkpt>
      <trkpt lat="25.485729" lon="99.934456"><time>2026-04-27T06:23:20.525Z</time></trkpt>
      <trkpt lat="25.485729" lon="99.934456"><time>2026-04-27T06:23:20.542Z</time></trkpt>
      <trkpt lat="25.485729" lon="99.934456"><time>2026-04-27T06:23:20.559Z</time></trkpt>
      <trkpt lat="25.485729" lon="99.934456"><time>2026-04-27T06:23:20.576Z</time></trkpt>
      <trkpt lat="25.485729" lon="99.934456"><time>2026-04-27T06:23:20.592Z</time></trkpt>
      <trkpt lat="25.485724" lon="99.934477"><time>2026-04-27T06:23:20.609Z</time></trkpt>
      <trkpt lat="25.485724" lon="99.934477"><time>2026-04-27T06:23:20.626Z</time></trkpt>
      <trkpt lat="25.485724" lon="99.934477"><time>2026-04-27T06:23:20.642Z</time></trkpt>
      <trkpt lat="25.485724" lon="99.934477"><time>2026-04-27T06:23:20.659Z</time></trkpt>
      <trkpt lat="25.485724" lon="99.934477"><time>2026-04-27T06:23:20.676Z</time></trkpt>
      <trkpt lat="25.485724" lon="99.934477"><time>2026-04-27T06:23:20.692Z</time></trkpt>
      <trkpt lat="25.485719" lon="99.9345"><time>2026-04-27T06:23:20.709Z</time></trkpt>
      <trkpt lat="25.485719" lon="99.9345"><time>2026-04-27T06:23:20.726Z</time></trkpt>
      <trkpt lat="25.485719" lon="99.9345"><time>2026-04-27T06:23:20.742Z</time></trkpt>
      <trkpt lat="25.485719" lon="99.9345"><time>2026-04-27T06:23:20.759Z</time></trkpt>
      <trkpt lat="25.485719" lon="99.9345"><time>2026-04-27T06:23:20.776Z</time></trkpt>
      <trkpt lat="25.485719" lon="99.9345"><time>2026-04-27T06:23:20.792Z</time></trkpt>
      <trkpt lat="25.485713" lon="99.934522"><time>2026-04-27T06:23:20.809Z</time></trkpt>
      <trkpt lat="25.485713" lon="99.934522"><time>2026-04-27T06:23:20.826Z</time></trkpt>
      <trkpt lat="25.485713" lon="99.934522"><time>2026-04-27T06:23:20.842Z</time></trkpt>
      <trkpt lat="25.485713" lon="99.934522"><time>2026-04-27T06:23:20.859Z</time></trkpt>
      <trkpt lat="25.485713" lon="99.934522"><time>2026-04-27T06:23:20.876Z</time></trkpt>
      <trkpt lat="25.485713" lon="99.934522"><time>2026-04-27T06:23:20.893Z</time></trkpt>
      <trkpt lat="25.48571" lon="99.934543"><time>2026-04-27T06:23:20.909Z</time></trkpt>
      <trkpt lat="25.48571" lon="99.934543"><time>2026-04-27T06:23:20.926Z</time></trkpt>
      <trkpt lat="25.48571" lon="99.934543"><time>2026-04-27T06:23:20.943Z</time></trkpt>
      <trkpt lat="25.48571" lon="99.934543"><time>2026-04-27T06:23:20.959Z</time></trkpt>
      <trkpt lat="25.48571" lon="99.934543"><time>2026-04-27T06:23:20.976Z</time></trkpt>
      <trkpt lat="25.48571" lon="99.934543"><time>2026-04-27T06:23:20.993Z</time></trkpt>
      <trkpt lat="25.485704" lon="99.934564"><time>2026-04-27T06:23:21.009Z</time></trkpt>
      <trkpt lat="25.485704" lon="99.934564"><time>2026-04-27T06:23:21.026Z</time></trkpt>
      <trkpt lat="25.485704" lon="99.934564"><time>2026-04-27T06:23:21.043Z</time></trkpt>
      <trkpt lat="25.485704" lon="99.934564"><time>2026-04-27T06:23:21.059Z</time></trkpt>
      <trkpt lat="25.485704" lon="99.934564"><time>2026-04-27T06:23:21.076Z</time></trkpt>
      <trkpt lat="25.485704" lon="99.934564"><time>2026-04-27T06:23:21.093Z</time></trkpt>
      <trkpt lat="25.485698" lon="99.934585"><time>2026-04-27T06:23:21.109Z</time></trkpt>
      <trkpt lat="25.485698" lon="99.934585"><time>2026-04-27T06:23:21.126Z</time></trkpt>
      <trkpt lat="25.485698" lon="99.934585"><time>2026-04-27T06:23:21.143Z</time></trkpt>
      <trkpt lat="25.485698" lon="99.934585"><time>2026-04-27T06:23:21.159Z</time></trkpt>
      <trkpt lat="25.485698" lon="99.934585"><time>2026-04-27T06:23:21.176Z</time></trkpt>
      <trkpt lat="25.485698" lon="99.934585"><time>2026-04-27T06:23:21.193Z</time></trkpt>
      <trkpt lat="25.485691" lon="99.934605"><time>2026-04-27T06:23:21.210Z</time></trkpt>
      <trkpt lat="25.485691" lon="99.934605"><time>2026-04-27T06:23:21.226Z</time></trkpt>
      <trkpt lat="25.485691" lon="99.934605"><time>2026-04-27T06:23:21.243Z</time></trkpt>
      <trkpt lat="25.485691" lon="99.934605"><time>2026-04-27T06:23:21.260Z</time></trkpt>
      <trkpt lat="25.485691" lon="99.934605"><time>2026-04-27T06:23:21.276Z</time></trkpt>
      <trkpt lat="25.485691" lon="99.934605"><time>2026-04-27T06:23:21.293Z</time></trkpt>
      <trkpt lat="25.485684" lon="99.934626"><time>2026-04-27T06:23:21.310Z</time></trkpt>
      <trkpt lat="25.485684" lon="99.934626"><time>2026-04-27T06:23:21.326Z</time></trkpt>
      <trkpt lat="25.485684" lon="99.934626"><time>2026-04-27T06:23:21.343Z</time></trkpt>
      <trkpt lat="25.485684" lon="99.934626"><time>2026-04-27T06:23:21.360Z</time></trkpt>
      <trkpt lat="25.485684" lon="99.934626"><time>2026-04-27T06:23:21.376Z</time></trkpt>
      <trkpt lat="25.485684" lon="99.934626"><time>2026-04-27T06:23:21.393Z</time></trkpt>
      <trkpt lat="25.485677" lon="99.934647"><time>2026-04-27T06:23:21.410Z</time></trkpt>
      <trkpt lat="25.485677" lon="99.934647"><time>2026-04-27T06:23:21.426Z</time></trkpt>
      <trkpt lat="25.485677" lon="99.934647"><time>2026-04-27T06:23:21.443Z</time></trkpt>
      <trkpt lat="25.485677" lon="99.934647"><time>2026-04-27T06:23:21.460Z</time></trkpt>
      <trkpt lat="25.485677" lon="99.934647"><time>2026-04-27T06:23:21.476Z</time></trkpt>
      <trkpt lat="25.485677" lon="99.934647"><time>2026-04-27T06:23:21.493Z</time></trkpt>
      <trkpt lat="25.48567" lon="99.934667"><time>2026-04-27T06:23:21.510Z</time></trkpt>
      <trkpt lat="25.48567" lon="99.934667"><time>2026-04-27T06:23:21.527Z</time></trkpt>
      <trkpt lat="25.48567" lon="99.934667"><time>2026-04-27T06:23:21.543Z</time></trkpt>
      <trkpt lat="25.48567" lon="99.934667"><time>2026-04-27T06:23:21.560Z</time></trkpt>
      <trkpt lat="25.48567" lon="99.934667"><time>2026-04-27T06:23:21.577Z</time></trkpt>
      <trkpt lat="25.48567" lon="99.934667"><time>2026-04-27T06:23:21.593Z</time></trkpt>
      <trkpt lat="25.485663" lon="99.934688"><time>2026-04-27T06:23:21.610Z</time></trkpt>
      <trkpt lat="25.485663" lon="99.934688"><time>2026-04-27T06:23:21.627Z</time></trkpt>
      <trkpt lat="25.485663" lon="99.934688"><time>2026-04-27T06:23:21.643Z</time></trkpt>
      <trkpt lat="25.485663" lon="99.934688"><time>2026-04-27T06:23:21.660Z</time></trkpt>
      <trkpt lat="25.485663" lon="99.934688"><time>2026-04-27T06:23:21.677Z</time></trkpt>
      <trkpt lat="25.485663" lon="99.934688"><time>2026-04-27T06:23:21.693Z</time></trkpt>
      <trkpt lat="25.485656" lon="99.934709"><time>2026-04-27T06:23:21.710Z</time></trkpt>
      <trkpt lat="25.485656" lon="99.934709"><time>2026-04-27T06:23:21.727Z</time></trkpt>
      <trkpt lat="25.485656" lon="99.934709"><time>2026-04-27T06:23:21.743Z</time></trkpt>
      <trkpt lat="25.485656" lon="99.934709"><time>2026-04-27T06:23:21.760Z</time></trkpt>
      <trkpt lat="25.485656" lon="99.934709"><time>2026-04-27T06:23:21.777Z</time></trkpt>
      <trkpt lat="25.485656" lon="99.934709"><time>2026-04-27T06:23:21.793Z</time></trkpt>
      <trkpt lat="25.48565" lon="99.93473"><time>2026-04-27T06:23:21.810Z</time></trkpt>
      <trkpt lat="25.48565" lon="99.93473"><time>2026-04-27T06:23:21.827Z</time></trkpt>
      <trkpt lat="25.48565" lon="99.93473"><time>2026-04-27T06:23:21.844Z</time></trkpt>
      <trkpt lat="25.48565" lon="99.93473"><time>2026-04-27T06:23:21.860Z</time></trkpt>
      <trkpt lat="25.48565" lon="99.93473"><time>2026-04-27T06:23:21.877Z</time></trkpt>
      <trkpt lat="25.48565" lon="99.93473"><time>2026-04-27T06:23:21.894Z</time></trkpt>
      <trkpt lat="25.485643" lon="99.934752"><time>2026-04-27T06:23:21.910Z</time></trkpt>
      <trkpt lat="25.485643" lon="99.934752"><time>2026-04-27T06:23:21.927Z</time></trkpt>
      <trkpt lat="25.485643" lon="99.934752"><time>2026-04-27T06:23:21.944Z</time></trkpt>
      <trkpt lat="25.485643" lon="99.934752"><time>2026-04-27T06:23:21.960Z</time></trkpt>
      <trkpt lat="25.485643" lon="99.934752"><time>2026-04-27T06:23:21.977Z</time></trkpt>
      <trkpt lat="25.485643" lon="99.934752"><time>2026-04-27T06:23:21.994Z</time></trkpt>
      <trkpt lat="25.485637" lon="99.934774"><time>2026-04-27T06:23:22.010Z</time></trkpt>
      <trkpt lat="25.485637" lon="99.934774"><time>2026-04-27T06:23:22.027Z</time></trkpt>
      <trkpt lat="25.485637" lon="99.934774"><time>2026-04-27T06:23:22.044Z</time></trkpt>
      <trkpt lat="25.485637" lon="99.934774"><time>2026-04-27T06:23:22.060Z</time></trkpt>
      <trkpt lat="25.485637" lon="99.934774"><time>2026-04-27T06:23:22.077Z</time></trkpt>
      <trkpt lat="25.485637" lon="99.934774"><time>2026-04-27T06:23:22.094Z</time></trkpt>
      <trkpt lat="25.485631" lon="99.934796"><time>2026-04-27T06:23:22.110Z</time></trkpt>
      <trkpt lat="25.485631" lon="99.934796"><time>2026-04-27T06:23:22.127Z</time></trkpt>
      <trkpt lat="25.485631" lon="99.934796"><time>2026-04-27T06:23:22.144Z</time></trkpt>
      <trkpt lat="25.485631" lon="99.934796"><time>2026-04-27T06:23:22.160Z</time></trkpt>
      <trkpt lat="25.485631" lon="99.934796"><time>2026-04-27T06:23:22.177Z</time></trkpt>
      <trkpt lat="25.485631" lon="99.934796"><time>2026-04-27T06:23:22.194Z</time></trkpt>
      <trkpt lat="25.485625" lon="99.934818"><time>2026-04-27T06:23:22.211Z</time></trkpt>
      <trkpt lat="25.485625" lon="99.934818"><time>2026-04-27T06:23:22.227Z</time></trkpt>
      <trkpt lat="25.485625" lon="99.934818"><time>2026-04-27T06:23:22.244Z</time></trkpt>
      <trkpt lat="25.485625" lon="99.934818"><time>2026-04-27T06:23:22.261Z</time></trkpt>
      <trkpt lat="25.485625" lon="99.934818"><time>2026-04-27T06:23:22.277Z</time></trkpt>
      <trkpt lat="25.485625" lon="99.934818"><time>2026-04-27T06:23:22.294Z</time></trkpt>
      <trkpt lat="25.485622" lon="99.934841"><time>2026-04-27T06:23:22.311Z</time></trkpt>
      <trkpt lat="25.485622" lon="99.934841"><time>2026-04-27T06:23:22.327Z</time></trkpt>
      <trkpt lat="25.485622" lon="99.934841"><time>2026-04-27T06:23:22.344Z</time></trkpt>
      <trkpt lat="25.485622" lon="99.934841"><time>2026-04-27T06:23:22.361Z</time></trkpt>
      <trkpt lat="25.485622" lon="99.934841"><time>2026-04-27T06:23:22.377Z</time></trkpt>
      <trkpt lat="25.485622" lon="99.934841"><time>2026-04-27T06:23:22.394Z</time></trkpt>
      <trkpt lat="25.485616" lon="99.934863"><time>2026-04-27T06:23:22.411Z</time></trkpt>
      <trkpt lat="25.485616" lon="99.934863"><time>2026-04-27T06:23:22.427Z</time></trkpt>
      <trkpt lat="25.485616" lon="99.934863"><time>2026-04-27T06:23:22.444Z</time></trkpt>
      <trkpt lat="25.485616" lon="99.934863"><time>2026-04-27T06:23:22.461Z</time></trkpt>
      <trkpt lat="25.485616" lon="99.934863"><time>2026-04-27T06:23:22.477Z</time></trkpt>
      <trkpt lat="25.485616" lon="99.934863"><time>2026-04-27T06:23:22.494Z</time></trkpt>
      <trkpt lat="25.48561" lon="99.934886"><time>2026-04-27T06:23:22.511Z</time></trkpt>
      <trkpt lat="25.48561" lon="99.934886"><time>2026-04-27T06:23:22.528Z</time></trkpt>
      <trkpt lat="25.48561" lon="99.934886"><time>2026-04-27T06:23:22.544Z</time></trkpt>
      <trkpt lat="25.48561" lon="99.934886"><time>2026-04-27T06:23:22.561Z</time></trkpt>
      <trkpt lat="25.48561" lon="99.934886"><time>2026-04-27T06:23:22.578Z</time></trkpt>
      <trkpt lat="25.48561" lon="99.934886"><time>2026-04-27T06:23:22.594Z</time></trkpt>
      <trkpt lat="25.485605" lon="99.934908"><time>2026-04-27T06:23:22.611Z</time></trkpt>
      <trkpt lat="25.485605" lon="99.934908"><time>2026-04-27T06:23:22.628Z</time></trkpt>
      <trkpt lat="25.485605" lon="99.934908"><time>2026-04-27T06:23:22.644Z</time></trkpt>
      <trkpt lat="25.485605" lon="99.934908"><time>2026-04-27T06:23:22.661Z</time></trkpt>
      <trkpt lat="25.485605" lon="99.934908"><time>2026-04-27T06:23:22.678Z</time></trkpt>
      <trkpt lat="25.485605" lon="99.934908"><time>2026-04-27T06:23:22.694Z</time></trkpt>
      <trkpt lat="25.485599" lon="99.934931"><time>2026-04-27T06:23:22.711Z</time></trkpt>
      <trkpt lat="25.485599" lon="99.934931"><time>2026-04-27T06:23:22.728Z</time></trkpt>
      <trkpt lat="25.485599" lon="99.934931"><time>2026-04-27T06:23:22.744Z</time></trkpt>
      <trkpt lat="25.485599" lon="99.934931"><time>2026-04-27T06:23:22.761Z</time></trkpt>
      <trkpt lat="25.485599" lon="99.934931"><time>2026-04-27T06:23:22.778Z</time></trkpt>
      <trkpt lat="25.485599" lon="99.934931"><time>2026-04-27T06:23:22.794Z</time></trkpt>
      <trkpt lat="25.485594" lon="99.934953"><time>2026-04-27T06:23:22.811Z</time></trkpt>
      <trkpt lat="25.485594" lon="99.934953"><time>2026-04-27T06:23:22.828Z</time></trkpt>
      <trkpt lat="25.485594" lon="99.934953"><time>2026-04-27T06:23:22.845Z</time></trkpt>
      <trkpt lat="25.485594" lon="99.934953"><time>2026-04-27T06:23:22.861Z</time></trkpt>
      <trkpt lat="25.485594" lon="99.934953"><time>2026-04-27T06:23:22.878Z</time></trkpt>
      <trkpt lat="25.485594" lon="99.934953"><time>2026-04-27T06:23:22.895Z</time></trkpt>
      <trkpt lat="25.485589" lon="99.934976"><time>2026-04-27T06:23:22.911Z</time></trkpt>
      <trkpt lat="25.485589" lon="99.934976"><time>2026-04-27T06:23:22.928Z</time></trkpt>
      <trkpt lat="25.485589" lon="99.934976"><time>2026-04-27T06:23:22.945Z</time></trkpt>
      <trkpt lat="25.485589" lon="99.934976"><time>2026-04-27T06:23:22.961Z</time></trkpt>
      <trkpt lat="25.485589" lon="99.934976"><time>2026-04-27T06:23:22.978Z</time></trkpt>
      <trkpt lat="25.485589" lon="99.934976"><time>2026-04-27T06:23:22.995Z</time></trkpt>
      <trkpt lat="25.485585" lon="99.934998"><time>2026-04-27T06:23:23.011Z</time></trkpt>
      <trkpt lat="25.485585" lon="99.934998"><time>2026-04-27T06:23:23.028Z</time></trkpt>
      <trkpt lat="25.485585" lon="99.934998"><time>2026-04-27T06:23:23.045Z</time></trkpt>
      <trkpt lat="25.485585" lon="99.934998"><time>2026-04-27T06:23:23.061Z</time></trkpt>
      <trkpt lat="25.485585" lon="99.934998"><time>2026-04-27T06:23:23.078Z</time></trkpt>
      <trkpt lat="25.485585" lon="99.934998"><time>2026-04-27T06:23:23.095Z</time></trkpt>
      <trkpt lat="25.485581" lon="99.93502"><time>2026-04-27T06:23:23.111Z</time></trkpt>
      <trkpt lat="25.485581" lon="99.93502"><time>2026-04-27T06:23:23.128Z</time></trkpt>
      <trkpt lat="25.485581" lon="99.93502"><time>2026-04-27T06:23:23.145Z</time></trkpt>
      <trkpt lat="25.485581" lon="99.93502"><time>2026-04-27T06:23:23.162Z</time></trkpt>
      <trkpt lat="25.485581" lon="99.93502"><time>2026-04-27T06:23:23.178Z</time></trkpt>
      <trkpt lat="25.485581" lon="99.93502"><time>2026-04-27T06:23:23.195Z</time></trkpt>
      <trkpt lat="25.485576" lon="99.935042"><time>2026-04-27T06:23:23.212Z</time></trkpt>
      <trkpt lat="25.485576" lon="99.935042"><time>2026-04-27T06:23:23.228Z</time></trkpt>
      <trkpt lat="25.485576" lon="99.935042"><time>2026-04-27T06:23:23.245Z</time></trkpt>
      <trkpt lat="25.485576" lon="99.935042"><time>2026-04-27T06:23:23.262Z</time></trkpt>
      <trkpt lat="25.485576" lon="99.935042"><time>2026-04-27T06:23:23.278Z</time></trkpt>
      <trkpt lat="25.485576" lon="99.935042"><time>2026-04-27T06:23:23.295Z</time></trkpt>
      <trkpt lat="25.485573" lon="99.935064"><time>2026-04-27T06:23:23.312Z</time></trkpt>
      <trkpt lat="25.485573" lon="99.935064"><time>2026-04-27T06:23:23.328Z</time></trkpt>
      <trkpt lat="25.485573" lon="99.935064"><time>2026-04-27T06:23:23.345Z</time></trkpt>
      <trkpt lat="25.485573" lon="99.935064"><time>2026-04-27T06:23:23.362Z</time></trkpt>
      <trkpt lat="25.485573" lon="99.935064"><time>2026-04-27T06:23:23.378Z</time></trkpt>
      <trkpt lat="25.485573" lon="99.935064"><time>2026-04-27T06:23:23.395Z</time></trkpt>
      <trkpt lat="25.485569" lon="99.935086"><time>2026-04-27T06:23:23.412Z</time></trkpt>
      <trkpt lat="25.485569" lon="99.935086"><time>2026-04-27T06:23:23.428Z</time></trkpt>
      <trkpt lat="25.485569" lon="99.935086"><time>2026-04-27T06:23:23.445Z</time></trkpt>
      <trkpt lat="25.485569" lon="99.935086"><time>2026-04-27T06:23:23.462Z</time></trkpt>
      <trkpt lat="25.485569" lon="99.935086"><time>2026-04-27T06:23:23.479Z</time></trkpt>
      <trkpt lat="25.485569" lon="99.935086"><time>2026-04-27T06:23:23.495Z</time></trkpt>
      <trkpt lat="25.485565" lon="99.935108"><time>2026-04-27T06:23:23.512Z</time></trkpt>
      <trkpt lat="25.485565" lon="99.935108"><time>2026-04-27T06:23:23.529Z</time></trkpt>
      <trkpt lat="25.485565" lon="99.935108"><time>2026-04-27T06:23:23.545Z</time></trkpt>
      <trkpt lat="25.485565" lon="99.935108"><time>2026-04-27T06:23:23.562Z</time></trkpt>
      <trkpt lat="25.485565" lon="99.935108"><time>2026-04-27T06:23:23.579Z</time></trkpt>
      <trkpt lat="25.485565" lon="99.935108"><time>2026-04-27T06:23:23.595Z</time></trkpt>
      <trkpt lat="25.485562" lon="99.93513"><time>2026-04-27T06:23:23.612Z</time></trkpt>
      <trkpt lat="25.485562" lon="99.93513"><time>2026-04-27T06:23:23.629Z</time></trkpt>
      <trkpt lat="25.485562" lon="99.93513"><time>2026-04-27T06:23:23.645Z</time></trkpt>
      <trkpt lat="25.485562" lon="99.93513"><time>2026-04-27T06:23:23.662Z</time></trkpt>
      <trkpt lat="25.485562" lon="99.93513"><time>2026-04-27T06:23:23.679Z</time></trkpt>
      <trkpt lat="25.485562" lon="99.93513"><time>2026-04-27T06:23:23.695Z</time></trkpt>
      <trkpt lat="25.485551" lon="99.935151"><time>2026-04-27T06:23:23.712Z</time></trkpt>
      <trkpt lat="25.485551" lon="99.935151"><time>2026-04-27T06:23:23.729Z</time></trkpt>
      <trkpt lat="25.485551" lon="99.935151"><time>2026-04-27T06:23:23.745Z</time></trkpt>
      <trkpt lat="25.485551" lon="99.935151"><time>2026-04-27T06:23:23.762Z</time></trkpt>
      <trkpt lat="25.485551" lon="99.935151"><time>2026-04-27T06:23:23.779Z</time></trkpt>
      <trkpt lat="25.485551" lon="99.935151"><time>2026-04-27T06:23:23.796Z</time></trkpt>
      <trkpt lat="25.485547" lon="99.935173"><time>2026-04-27T06:23:23.812Z</time></trkpt>
      <trkpt lat="25.485547" lon="99.935173"><time>2026-04-27T06:23:23.829Z</time></trkpt>
      <trkpt lat="25.485547" lon="99.935173"><time>2026-04-27T06:23:23.846Z</time></trkpt>
      <trkpt lat="25.485547" lon="99.935173"><time>2026-04-27T06:23:23.862Z</time></trkpt>
      <trkpt lat="25.485547" lon="99.935173"><time>2026-04-27T06:23:23.879Z</time></trkpt>
      <trkpt lat="25.485547" lon="99.935173"><time>2026-04-27T06:23:23.896Z</time></trkpt>
      <trkpt lat="25.485544" lon="99.935195"><time>2026-04-27T06:23:23.912Z</time></trkpt>
      <trkpt lat="25.485544" lon="99.935195"><time>2026-04-27T06:23:23.929Z</time></trkpt>
      <trkpt lat="25.485544" lon="99.935195"><time>2026-04-27T06:23:23.946Z</time></trkpt>
      <trkpt lat="25.485544" lon="99.935195"><time>2026-04-27T06:23:23.962Z</time></trkpt>
      <trkpt lat="25.485544" lon="99.935195"><time>2026-04-27T06:23:23.979Z</time></trkpt>
      <trkpt lat="25.485544" lon="99.935195"><time>2026-04-27T06:23:23.996Z</time></trkpt>
      <trkpt lat="25.485541" lon="99.935218"><time>2026-04-27T06:23:24.012Z</time></trkpt>
      <trkpt lat="25.485541" lon="99.935218"><time>2026-04-27T06:23:24.029Z</time></trkpt>
      <trkpt lat="25.485541" lon="99.935218"><time>2026-04-27T06:23:24.046Z</time></trkpt>
      <trkpt lat="25.485541" lon="99.935218"><time>2026-04-27T06:23:24.062Z</time></trkpt>
      <trkpt lat="25.485541" lon="99.935218"><time>2026-04-27T06:23:24.079Z</time></trkpt>
      <trkpt lat="25.485541" lon="99.935218"><time>2026-04-27T06:23:24.096Z</time></trkpt>
      <trkpt lat="25.485537" lon="99.935241"><time>2026-04-27T06:23:24.113Z</time></trkpt>
      <trkpt lat="25.485537" lon="99.935241"><time>2026-04-27T06:23:24.129Z</time></trkpt>
      <trkpt lat="25.485537" lon="99.935241"><time>2026-04-27T06:23:24.146Z</time></trkpt>
      <trkpt lat="25.485537" lon="99.935241"><time>2026-04-27T06:23:24.163Z</time></trkpt>
      <trkpt lat="25.485537" lon="99.935241"><time>2026-04-27T06:23:24.179Z</time></trkpt>
      <trkpt lat="25.485537" lon="99.935241"><time>2026-04-27T06:23:24.196Z</time></trkpt>
      <trkpt lat="25.485534" lon="99.935264"><time>2026-04-27T06:23:24.213Z</time></trkpt>
      <trkpt lat="25.485534" lon="99.935264"><time>2026-04-27T06:23:24.229Z</time></trkpt>
      <trkpt lat="25.485534" lon="99.935264"><time>2026-04-27T06:23:24.246Z</time></trkpt>
      <trkpt lat="25.485534" lon="99.935264"><time>2026-04-27T06:23:24.263Z</time></trkpt>
      <trkpt lat="25.485534" lon="99.935264"><time>2026-04-27T06:23:24.279Z</time></trkpt>
      <trkpt lat="25.485534" lon="99.935264"><time>2026-04-27T06:23:24.296Z</time></trkpt>
      <trkpt lat="25.485531" lon="99.935287"><time>2026-04-27T06:23:24.313Z</time></trkpt>
      <trkpt lat="25.485531" lon="99.935287"><time>2026-04-27T06:23:24.329Z</time></trkpt>
      <trkpt lat="25.485531" lon="99.935287"><time>2026-04-27T06:23:24.346Z</time></trkpt>
      <trkpt lat="25.485531" lon="99.935287"><time>2026-04-27T06:23:24.363Z</time></trkpt>
      <trkpt lat="25.485531" lon="99.935287"><time>2026-04-27T06:23:24.379Z</time></trkpt>
      <trkpt lat="25.485531" lon="99.935287"><time>2026-04-27T06:23:24.396Z</time></trkpt>
      <trkpt lat="25.485528" lon="99.935309"><time>2026-04-27T06:23:24.413Z</time></trkpt>
      <trkpt lat="25.485528" lon="99.935309"><time>2026-04-27T06:23:24.430Z</time></trkpt>
      <trkpt lat="25.485528" lon="99.935309"><time>2026-04-27T06:23:24.446Z</time></trkpt>
      <trkpt lat="25.485528" lon="99.935309"><time>2026-04-27T06:23:24.463Z</time></trkpt>
      <trkpt lat="25.485528" lon="99.935309"><time>2026-04-27T06:23:24.480Z</time></trkpt>
      <trkpt lat="25.485528" lon="99.935309"><time>2026-04-27T06:23:24.496Z</time></trkpt>
      <trkpt lat="25.485525" lon="99.935333"><time>2026-04-27T06:23:24.513Z</time></trkpt>
      <trkpt lat="25.485525" lon="99.935333"><time>2026-04-27T06:23:24.530Z</time></trkpt>
      <trkpt lat="25.485525" lon="99.935333"><time>2026-04-27T06:23:24.546Z</time></trkpt>
      <trkpt lat="25.485525" lon="99.935333"><time>2026-04-27T06:23:24.563Z</time></trkpt>
      <trkpt lat="25.485525" lon="99.935333"><time>2026-04-27T06:23:24.580Z</time></trkpt>
      <trkpt lat="25.485525" lon="99.935333"><time>2026-04-27T06:23:24.596Z</time></trkpt>
      <trkpt lat="25.485522" lon="99.935355"><time>2026-04-27T06:23:24.613Z</time></trkpt>
      <trkpt lat="25.485522" lon="99.935355"><time>2026-04-27T06:23:24.630Z</time></trkpt>
      <trkpt lat="25.485522" lon="99.935355"><time>2026-04-27T06:23:24.646Z</time></trkpt>
      <trkpt lat="25.485522" lon="99.935355"><time>2026-04-27T06:23:24.663Z</time></trkpt>
      <trkpt lat="25.485522" lon="99.935355"><time>2026-04-27T06:23:24.680Z</time></trkpt>
      <trkpt lat="25.485522" lon="99.935355"><time>2026-04-27T06:23:24.696Z</time></trkpt>
      <trkpt lat="25.485519" lon="99.935379"><time>2026-04-27T06:23:24.713Z</time></trkpt>
      <trkpt lat="25.485519" lon="99.935379"><time>2026-04-27T06:23:24.730Z</time></trkpt>
      <trkpt lat="25.485519" lon="99.935379"><time>2026-04-27T06:23:24.747Z</time></trkpt>
      <trkpt lat="25.485519" lon="99.935379"><time>2026-04-27T06:23:24.763Z</time></trkpt>
      <trkpt lat="25.485519" lon="99.935379"><time>2026-04-27T06:23:24.780Z</time></trkpt>
      <trkpt lat="25.485519" lon="99.935379"><time>2026-04-27T06:23:24.797Z</time></trkpt>
      <trkpt lat="25.485517" lon="99.935402"><time>2026-04-27T06:23:24.813Z</time></trkpt>
      <trkpt lat="25.485517" lon="99.935402"><time>2026-04-27T06:23:24.830Z</time></trkpt>
      <trkpt lat="25.485517" lon="99.935402"><time>2026-04-27T06:23:24.847Z</time></trkpt>
      <trkpt lat="25.485517" lon="99.935402"><time>2026-04-27T06:23:24.863Z</time></trkpt>
      <trkpt lat="25.485517" lon="99.935402"><time>2026-04-27T06:23:24.880Z</time></trkpt>
      <trkpt lat="25.485517" lon="99.935402"><time>2026-04-27T06:23:24.897Z</time></trkpt>
      <trkpt lat="25.485514" lon="99.935425"><time>2026-04-27T06:23:24.913Z</time></trkpt>
      <trkpt lat="25.485514" lon="99.935425"><time>2026-04-27T06:23:24.930Z</time></trkpt>
      <trkpt lat="25.485514" lon="99.935425"><time>2026-04-27T06:23:24.947Z</time></trkpt>
      <trkpt lat="25.485514" lon="99.935425"><time>2026-04-27T06:23:24.963Z</time></trkpt>
      <trkpt lat="25.485514" lon="99.935425"><time>2026-04-27T06:23:24.980Z</time></trkpt>
      <trkpt lat="25.485514" lon="99.935425"><time>2026-04-27T06:23:24.997Z</time></trkpt>
      <trkpt lat="25.485512" lon="99.935446"><time>2026-04-27T06:23:25.013Z</time></trkpt>
      <trkpt lat="25.485512" lon="99.935446"><time>2026-04-27T06:23:25.030Z</time></trkpt>
      <trkpt lat="25.485512" lon="99.935446"><time>2026-04-27T06:23:25.047Z</time></trkpt>
      <trkpt lat="25.485512" lon="99.935446"><time>2026-04-27T06:23:25.064Z</time></trkpt>
      <trkpt lat="25.485512" lon="99.935446"><time>2026-04-27T06:23:25.080Z</time></trkpt>
      <trkpt lat="25.485512" lon="99.935446"><time>2026-04-27T06:23:25.097Z</time></trkpt>
      <trkpt lat="25.485509" lon="99.93547"><time>2026-04-27T06:23:25.114Z</time></trkpt>
      <trkpt lat="25.485509" lon="99.93547"><time>2026-04-27T06:23:25.130Z</time></trkpt>
      <trkpt lat="25.485509" lon="99.93547"><time>2026-04-27T06:23:25.147Z</time></trkpt>
      <trkpt lat="25.485509" lon="99.93547"><time>2026-04-27T06:23:25.164Z</time></trkpt>
      <trkpt lat="25.485509" lon="99.93547"><time>2026-04-27T06:23:25.180Z</time></trkpt>
      <trkpt lat="25.485509" lon="99.93547"><time>2026-04-27T06:23:25.197Z</time></trkpt>
      <trkpt lat="25.485515" lon="99.935495"><time>2026-04-27T06:23:25.214Z</time></trkpt>
      <trkpt lat="25.485515" lon="99.935495"><time>2026-04-27T06:23:25.230Z</time></trkpt>
      <trkpt lat="25.485515" lon="99.935495"><time>2026-04-27T06:23:25.247Z</time></trkpt>
      <trkpt lat="25.485515" lon="99.935495"><time>2026-04-27T06:23:25.264Z</time></trkpt>
      <trkpt lat="25.485515" lon="99.935495"><time>2026-04-27T06:23:25.280Z</time></trkpt>
      <trkpt lat="25.485515" lon="99.935495"><time>2026-04-27T06:23:25.297Z</time></trkpt>
      <trkpt lat="25.485513" lon="99.935518"><time>2026-04-27T06:23:25.314Z</time></trkpt>
      <trkpt lat="25.485513" lon="99.935518"><time>2026-04-27T06:23:25.330Z</time></trkpt>
      <trkpt lat="25.485513" lon="99.935518"><time>2026-04-27T06:23:25.347Z</time></trkpt>
      <trkpt lat="25.485513" lon="99.935518"><time>2026-04-27T06:23:25.364Z</time></trkpt>
      <trkpt lat="25.485513" lon="99.935518"><time>2026-04-27T06:23:25.381Z</time></trkpt>
      <trkpt lat="25.485513" lon="99.935518"><time>2026-04-27T06:23:25.397Z</time></trkpt>
      <trkpt lat="25.485511" lon="99.935541"><time>2026-04-27T06:23:25.414Z</time></trkpt>
      <trkpt lat="25.485511" lon="99.935541"><time>2026-04-27T06:23:25.431Z</time></trkpt>
      <trkpt lat="25.485511" lon="99.935541"><time>2026-04-27T06:23:25.447Z</time></trkpt>
      <trkpt lat="25.485511" lon="99.935541"><time>2026-04-27T06:23:25.464Z</time></trkpt>
      <trkpt lat="25.485511" lon="99.935541"><time>2026-04-27T06:23:25.481Z</time></trkpt>
      <trkpt lat="25.485511" lon="99.935541"><time>2026-04-27T06:23:25.497Z</time></trkpt>
      <trkpt lat="25.485508" lon="99.935564"><time>2026-04-27T06:23:25.514Z</time></trkpt>
      <trkpt lat="25.485508" lon="99.935564"><time>2026-04-27T06:23:25.531Z</time></trkpt>
      <trkpt lat="25.485508" lon="99.935564"><time>2026-04-27T06:23:25.547Z</time></trkpt>
      <trkpt lat="25.485508" lon="99.935564"><time>2026-04-27T06:23:25.564Z</time></trkpt>
      <trkpt lat="25.485508" lon="99.935564"><time>2026-04-27T06:23:25.581Z</time></trkpt>
      <trkpt lat="25.485508" lon="99.935564"><time>2026-04-27T06:23:25.597Z</time></trkpt>
      <trkpt lat="25.485506" lon="99.935587"><time>2026-04-27T06:23:25.614Z</time></trkpt>
      <trkpt lat="25.485506" lon="99.935587"><time>2026-04-27T06:23:25.631Z</time></trkpt>
      <trkpt lat="25.485506" lon="99.935587"><time>2026-04-27T06:23:25.647Z</time></trkpt>
      <trkpt lat="25.485506" lon="99.935587"><time>2026-04-27T06:23:25.664Z</time></trkpt>
      <trkpt lat="25.485506" lon="99.935587"><time>2026-04-27T06:23:25.681Z</time></trkpt>
      <trkpt lat="25.485506" lon="99.935587"><time>2026-04-27T06:23:25.698Z</time></trkpt>
      <trkpt lat="25.485504" lon="99.93561"><time>2026-04-27T06:23:25.714Z</time></trkpt>
      <trkpt lat="25.485504" lon="99.93561"><time>2026-04-27T06:23:25.731Z</time></trkpt>
      <trkpt lat="25.485504" lon="99.93561"><time>2026-04-27T06:23:25.748Z</time></trkpt>
      <trkpt lat="25.485504" lon="99.93561"><time>2026-04-27T06:23:25.764Z</time></trkpt>
      <trkpt lat="25.485504" lon="99.93561"><time>2026-04-27T06:23:25.781Z</time></trkpt>
      <trkpt lat="25.485504" lon="99.93561"><time>2026-04-27T06:23:25.798Z</time></trkpt>
      <trkpt lat="25.485502" lon="99.935634"><time>2026-04-27T06:23:25.814Z</time></trkpt>
      <trkpt lat="25.485502" lon="99.935634"><time>2026-04-27T06:23:25.831Z</time></trkpt>
      <trkpt lat="25.485502" lon="99.935634"><time>2026-04-27T06:23:25.848Z</time></trkpt>
      <trkpt lat="25.485502" lon="99.935634"><time>2026-04-27T06:23:25.864Z</time></trkpt>
      <trkpt lat="25.485502" lon="99.935634"><time>2026-04-27T06:23:25.881Z</time></trkpt>
      <trkpt lat="25.485502" lon="99.935634"><time>2026-04-27T06:23:25.898Z</time></trkpt>
      <trkpt lat="25.4855" lon="99.935657"><time>2026-04-27T06:23:25.914Z</time></trkpt>
      <trkpt lat="25.4855" lon="99.935657"><time>2026-04-27T06:23:25.931Z</time></trkpt>
      <trkpt lat="25.4855" lon="99.935657"><time>2026-04-27T06:23:25.948Z</time></trkpt>
      <trkpt lat="25.4855" lon="99.935657"><time>2026-04-27T06:23:25.964Z</time></trkpt>
      <trkpt lat="25.4855" lon="99.935657"><time>2026-04-27T06:23:25.981Z</time></trkpt>
      <trkpt lat="25.4855" lon="99.935657"><time>2026-04-27T06:23:25.998Z</time></trkpt>
      <trkpt lat="25.485497" lon="99.935681"><time>2026-04-27T06:23:26.015Z</time></trkpt>
      <trkpt lat="25.485497" lon="99.935681"><time>2026-04-27T06:23:26.031Z</time></trkpt>
      <trkpt lat="25.485497" lon="99.935681"><time>2026-04-27T06:23:26.048Z</time></trkpt>
      <trkpt lat="25.485497" lon="99.935681"><time>2026-04-27T06:23:26.065Z</time></trkpt>
      <trkpt lat="25.485497" lon="99.935681"><time>2026-04-27T06:23:26.081Z</time></trkpt>
      <trkpt lat="25.485497" lon="99.935681"><time>2026-04-27T06:23:26.098Z</time></trkpt>
      <trkpt lat="25.485495" lon="99.935704"><time>2026-04-27T06:23:26.115Z</time></trkpt>
      <trkpt lat="25.485495" lon="99.935704"><time>2026-04-27T06:23:26.131Z</time></trkpt>
      <trkpt lat="25.485495" lon="99.935704"><time>2026-04-27T06:23:26.148Z</time></trkpt>
      <trkpt lat="25.485495" lon="99.935704"><time>2026-04-27T06:23:26.165Z</time></trkpt>
      <trkpt lat="25.485495" lon="99.935704"><time>2026-04-27T06:23:26.181Z</time></trkpt>
      <trkpt lat="25.485495" lon="99.935704"><time>2026-04-27T06:23:26.198Z</time></trkpt>
      <trkpt lat="25.485493" lon="99.935728"><time>2026-04-27T06:23:26.215Z</time></trkpt>
      <trkpt lat="25.485493" lon="99.935728"><time>2026-04-27T06:23:26.231Z</time></trkpt>
      <trkpt lat="25.485493" lon="99.935728"><time>2026-04-27T06:23:26.248Z</time></trkpt>
      <trkpt lat="25.485493" lon="99.935728"><time>2026-04-27T06:23:26.265Z</time></trkpt>
      <trkpt lat="25.485493" lon="99.935728"><time>2026-04-27T06:23:26.281Z</time></trkpt>
      <trkpt lat="25.485493" lon="99.935728"><time>2026-04-27T06:23:26.298Z</time></trkpt>
      <trkpt lat="25.485491" lon="99.935751"><time>2026-04-27T06:23:26.315Z</time></trkpt>
      <trkpt lat="25.485491" lon="99.935751"><time>2026-04-27T06:23:26.332Z</time></trkpt>
      <trkpt lat="25.485491" lon="99.935751"><time>2026-04-27T06:23:26.348Z</time></trkpt>
      <trkpt lat="25.485491" lon="99.935751"><time>2026-04-27T06:23:26.365Z</time></trkpt>
      <trkpt lat="25.485491" lon="99.935751"><time>2026-04-27T06:23:26.382Z</time></trkpt>
      <trkpt lat="25.485491" lon="99.935751"><time>2026-04-27T06:23:26.398Z</time></trkpt>
      <trkpt lat="25.485488" lon="99.935775"><time>2026-04-27T06:23:26.415Z</time></trkpt>
      <trkpt lat="25.485488" lon="99.935775"><time>2026-04-27T06:23:26.432Z</time></trkpt>
      <trkpt lat="25.485488" lon="99.935775"><time>2026-04-27T06:23:26.448Z</time></trkpt>
      <trkpt lat="25.485488" lon="99.935775"><time>2026-04-27T06:23:26.465Z</time></trkpt>
      <trkpt lat="25.485488" lon="99.935775"><time>2026-04-27T06:23:26.482Z</time></trkpt>
      <trkpt lat="25.485488" lon="99.935775"><time>2026-04-27T06:23:26.498Z</time></trkpt>
      <trkpt lat="25.485486" lon="99.935797"><time>2026-04-27T06:23:26.515Z</time></trkpt>
      <trkpt lat="25.485486" lon="99.935797"><time>2026-04-27T06:23:26.532Z</time></trkpt>
      <trkpt lat="25.485486" lon="99.935797"><time>2026-04-27T06:23:26.548Z</time></trkpt>
      <trkpt lat="25.485486" lon="99.935797"><time>2026-04-27T06:23:26.565Z</time></trkpt>
      <trkpt lat="25.485486" lon="99.935797"><time>2026-04-27T06:23:26.582Z</time></trkpt>
      <trkpt lat="25.485486" lon="99.935797"><time>2026-04-27T06:23:26.598Z</time></trkpt>
      <trkpt lat="25.485484" lon="99.93582"><time>2026-04-27T06:23:26.615Z</time></trkpt>
      <trkpt lat="25.485484" lon="99.93582"><time>2026-04-27T06:23:26.632Z</time></trkpt>
      <trkpt lat="25.485484" lon="99.93582"><time>2026-04-27T06:23:26.649Z</time></trkpt>
      <trkpt lat="25.485484" lon="99.93582"><time>2026-04-27T06:23:26.665Z</time></trkpt>
      <trkpt lat="25.485484" lon="99.93582"><time>2026-04-27T06:23:26.682Z</time></trkpt>
      <trkpt lat="25.485484" lon="99.93582"><time>2026-04-27T06:23:26.699Z</time></trkpt>
      <trkpt lat="25.485487" lon="99.935846"><time>2026-04-27T06:23:26.715Z</time></trkpt>
      <trkpt lat="25.485487" lon="99.935846"><time>2026-04-27T06:23:26.732Z</time></trkpt>
      <trkpt lat="25.485487" lon="99.935846"><time>2026-04-27T06:23:26.749Z</time></trkpt>
      <trkpt lat="25.485487" lon="99.935846"><time>2026-04-27T06:23:26.765Z</time></trkpt>
      <trkpt lat="25.485487" lon="99.935846"><time>2026-04-27T06:23:26.782Z</time></trkpt>
      <trkpt lat="25.485487" lon="99.935846"><time>2026-04-27T06:23:26.799Z</time></trkpt>
      <trkpt lat="25.485484" lon="99.935869"><time>2026-04-27T06:23:26.815Z</time></trkpt>
      <trkpt lat="25.485484" lon="99.935869"><time>2026-04-27T06:23:26.832Z</time></trkpt>
      <trkpt lat="25.485484" lon="99.935869"><time>2026-04-27T06:23:26.849Z</time></trkpt>
      <trkpt lat="25.485484" lon="99.935869"><time>2026-04-27T06:23:26.865Z</time></trkpt>
      <trkpt lat="25.485484" lon="99.935869"><time>2026-04-27T06:23:26.882Z</time></trkpt>
      <trkpt lat="25.485484" lon="99.935869"><time>2026-04-27T06:23:26.899Z</time></trkpt>
      <trkpt lat="25.485482" lon="99.935893"><time>2026-04-27T06:23:26.915Z</time></trkpt>
      <trkpt lat="25.485482" lon="99.935893"><time>2026-04-27T06:23:26.932Z</time></trkpt>
      <trkpt lat="25.485482" lon="99.935893"><time>2026-04-27T06:23:26.949Z</time></trkpt>
      <trkpt lat="25.485482" lon="99.935893"><time>2026-04-27T06:23:26.966Z</time></trkpt>
      <trkpt lat="25.485482" lon="99.935893"><time>2026-04-27T06:23:26.982Z</time></trkpt>
      <trkpt lat="25.485482" lon="99.935893"><time>2026-04-27T06:23:26.999Z</time></trkpt>
      <trkpt lat="25.48548" lon="99.935916"><time>2026-04-27T06:23:27.016Z</time></trkpt>
      <trkpt lat="25.48548" lon="99.935916"><time>2026-04-27T06:23:27.032Z</time></trkpt>
      <trkpt lat="25.48548" lon="99.935916"><time>2026-04-27T06:23:27.049Z</time></trkpt>
      <trkpt lat="25.48548" lon="99.935916"><time>2026-04-27T06:23:27.066Z</time></trkpt>
      <trkpt lat="25.48548" lon="99.935916"><time>2026-04-27T06:23:27.082Z</time></trkpt>
      <trkpt lat="25.48548" lon="99.935916"><time>2026-04-27T06:23:27.099Z</time></trkpt>
      <trkpt lat="25.485477" lon="99.93594"><time>2026-04-27T06:23:27.116Z</time></trkpt>
      <trkpt lat="25.485477" lon="99.93594"><time>2026-04-27T06:23:27.132Z</time></trkpt>
      <trkpt lat="25.485477" lon="99.93594"><time>2026-04-27T06:23:27.149Z</time></trkpt>
      <trkpt lat="25.485477" lon="99.93594"><time>2026-04-27T06:23:27.166Z</time></trkpt>
      <trkpt lat="25.485477" lon="99.93594"><time>2026-04-27T06:23:27.182Z</time></trkpt>
      <trkpt lat="25.485477" lon="99.93594"><time>2026-04-27T06:23:27.199Z</time></trkpt>
      <trkpt lat="25.485475" lon="99.935964"><time>2026-04-27T06:23:27.216Z</time></trkpt>
      <trkpt lat="25.485475" lon="99.935964"><time>2026-04-27T06:23:27.232Z</time></trkpt>
      <trkpt lat="25.485475" lon="99.935964"><time>2026-04-27T06:23:27.249Z</time></trkpt>
      <trkpt lat="25.485475" lon="99.935964"><time>2026-04-27T06:23:27.266Z</time></trkpt>
      <trkpt lat="25.485475" lon="99.935964"><time>2026-04-27T06:23:27.283Z</time></trkpt>
      <trkpt lat="25.485475" lon="99.935964"><time>2026-04-27T06:23:27.299Z</time></trkpt>
      <trkpt lat="25.485473" lon="99.935987"><time>2026-04-27T06:23:27.316Z</time></trkpt>
      <trkpt lat="25.485473" lon="99.935987"><time>2026-04-27T06:23:27.333Z</time></trkpt>
      <trkpt lat="25.485473" lon="99.935987"><time>2026-04-27T06:23:27.349Z</time></trkpt>
      <trkpt lat="25.485473" lon="99.935987"><time>2026-04-27T06:23:27.366Z</time></trkpt>
      <trkpt lat="25.485473" lon="99.935987"><time>2026-04-27T06:23:27.383Z</time></trkpt>
      <trkpt lat="25.485473" lon="99.935987"><time>2026-04-27T06:23:27.399Z</time></trkpt>
      <trkpt lat="25.48547" lon="99.936011"><time>2026-04-27T06:23:27.416Z</time></trkpt>
      <trkpt lat="25.48547" lon="99.936011"><time>2026-04-27T06:23:27.433Z</time></trkpt>
      <trkpt lat="25.48547" lon="99.936011"><time>2026-04-27T06:23:27.449Z</time></trkpt>
      <trkpt lat="25.48547" lon="99.936011"><time>2026-04-27T06:23:27.466Z</time></trkpt>
      <trkpt lat="25.48547" lon="99.936011"><time>2026-04-27T06:23:27.483Z</time></trkpt>
      <trkpt lat="25.48547" lon="99.936011"><time>2026-04-27T06:23:27.499Z</time></trkpt>
      <trkpt lat="25.485468" lon="99.936035"><time>2026-04-27T06:23:27.516Z</time></trkpt>
      <trkpt lat="25.485468" lon="99.936035"><time>2026-04-27T06:23:27.533Z</time></trkpt>
      <trkpt lat="25.485468" lon="99.936035"><time>2026-04-27T06:23:27.549Z</time></trkpt>
      <trkpt lat="25.485468" lon="99.936035"><time>2026-04-27T06:23:27.566Z</time></trkpt>
      <trkpt lat="25.485468" lon="99.936035"><time>2026-04-27T06:23:27.583Z</time></trkpt>
      <trkpt lat="25.485468" lon="99.936035"><time>2026-04-27T06:23:27.600Z</time></trkpt>
      <trkpt lat="25.485466" lon="99.936059"><time>2026-04-27T06:23:27.616Z</time></trkpt>
      <trkpt lat="25.485466" lon="99.936059"><time>2026-04-27T06:23:27.633Z</time></trkpt>
      <trkpt lat="25.485466" lon="99.936059"><time>2026-04-27T06:23:27.650Z</time></trkpt>
      <trkpt lat="25.485466" lon="99.936059"><time>2026-04-27T06:23:27.666Z</time></trkpt>
      <trkpt lat="25.485466" lon="99.936059"><time>2026-04-27T06:23:27.683Z</time></trkpt>
      <trkpt lat="25.485466" lon="99.936059"><time>2026-04-27T06:23:27.700Z</time></trkpt>
      <trkpt lat="25.485463" lon="99.936083"><time>2026-04-27T06:23:27.716Z</time></trkpt>
    </trkseg>
  </trk>
</gpx>
