<?xml version="1.0" encoding="UTF-8"?>
<gpx version="1.1" creator="Kairos" xmlns="http://www.topografix.com/GPX/1/1">
  <trk>
    <name>sidecar-srt-738416db3797a95b</name>
    <trkseg>
      <trkpt lat="29.799361" lon="99.756447"><time>2026-05-02T22:54:19.000Z</time></trkpt>
      <trkpt lat="29.799361" lon="99.756447"><time>2026-05-02T22:54:19.016Z</time></trkpt>
      <trkpt lat="29.799363" lon="99.756447"><time>2026-05-02T22:54:19.032Z</time></trkpt>
      <trkpt lat="29.799363" lon="99.756447"><time>2026-05-02T22:54:19.049Z</time></trkpt>
      <trkpt lat="29.799363" lon="99.756447"><time>2026-05-02T22:54:19.066Z</time></trkpt>
      <trkpt lat="29.799363" lon="99.756447"><time>2026-05-02T22:54:19.082Z</time></trkpt>
      <trkpt lat="29.799363" lon="99.756447"><time>2026-05-02T22:54:19.099Z</time></trkpt>
      <trkpt lat="29.799363" lon="99.756447"><time>2026-05-02T22:54:19.116Z</time></trkpt>
      <trkpt lat="29.799365" lon="99.756447"><time>2026-05-02T22:54:19.132Z</time></trkpt>
      <trkpt lat="29.799365" lon="99.756447"><time>2026-05-02T22:54:19.149Z</time></trkpt>
      <trkpt lat="29.799365" lon="99.756447"><time>2026-05-02T22:54:19.166Z</time></trkpt>
      <trkpt lat="29.799365" lon="99.756447"><time>2026-05-02T22:54:19.182Z</time></trkpt>
      <trkpt lat="29.799365" lon="99.756447"><time>2026-05-02T22:54:19.199Z</time></trkpt>
      <trkpt lat="29.799365" lon="99.756447"><time>2026-05-02T22:54:19.216Z</time></trkpt>
      <trkpt lat="29.799367" lon="99.756447"><time>2026-05-02T22:54:19.232Z</time></trkpt>
      <trkpt lat="29.799367" lon="99.756447"><time>2026-05-02T22:54:19.249Z</time></trkpt>
      <trkpt lat="29.799367" lon="99.756447"><time>2026-05-02T22:54:19.266Z</time></trkpt>
      <trkpt lat="29.799367" lon="99.756447"><time>2026-05-02T22:54:19.282Z</time></trkpt>
      <trkpt lat="29.799367" lon="99.756447"><time>2026-05-02T22:54:19.299Z</time></trkpt>
      <trkpt lat="29.799367" lon="99.756447"><time>2026-05-02T22:54:19.316Z</time></trkpt>
      <trkpt lat="29.799369" lon="99.756447"><time>2026-05-02T22:54:19.332Z</time></trkpt>
      <trkpt lat="29.799369" lon="99.756447"><time>2026-05-02T22:54:19.349Z</time></trkpt>
      <trkpt lat="29.799369" lon="99.756447"><time>2026-05-02T22:54:19.366Z</time></trkpt>
      <trkpt lat="29.799369" lon="99.756447"><time>2026-05-02T22:54:19.382Z</time></trkpt>
      <trkpt lat="29.799369" lon="99.756447"><time>2026-05-02T22:54:19.399Z</time></trkpt>
      <trkpt lat="29.799369" lon="99.756447"><time>2026-05-02T22:54:19.416Z</time></trkpt>
      <trkpt lat="29.79937" lon="99.756447"><time>2026-05-02T22:54:19.433Z</time></trkpt>
      <trkpt lat="29.79937" lon="99.756447"><time>2026-05-02T22:54:19.449Z</time></trkpt>
      <trkpt lat="29.79937" lon="99.756447"><time>2026-05-02T22:54:19.466Z</time></trkpt>
      <trkpt lat="29.79937" lon="99.756447"><time>2026-05-02T22:54:19.483Z</time></trkpt>
      <trkpt lat="29.79937" lon="99.756447"><time>2026-05-02T22:54:19.499Z</time></trkpt>
      <trkpt lat="29.79937" lon="99.756447"><time>2026-05-02T22:54:19.516Z</time></trkpt>
      <trkpt lat="29.799372" lon="99.756448"><time>2026-05-02T22:54:19.533Z</time></trkpt>
      <trkpt lat="29.799372" lon="99.756448"><time>2026-05-02T22:54:19.549Z</time></trkpt>
      <trkpt lat="29.799372" lon="99.756448"><time>2026-05-02T22:54:19.566Z</time></trkpt>
      <trkpt lat="29.799372" lon="99.756448"><time>2026-05-02T22:54:19.583Z</time></trkpt>
      <trkpt lat="29.799372" lon="99.756448"><time>2026-05-02T22:54:19.599Z</time></trkpt>
      <trkpt lat="29.799372" lon="99.756448"><time>2026-05-02T22:54:19.616Z</time></trkpt>
      <trkpt lat="29.799373" lon="99.756448"><time>2026-05-02T22:54:19.633Z</time></trkpt>
      <trkpt lat="29.799373" lon="99.756448"><time>2026-05-02T22:54:19.649Z</time></trkpt>
      <trkpt lat="29.799373" lon="99.756448"><time>2026-05-02T22:54:19.666Z</time></trkpt>
      <trkpt lat="29.799373" lon="99.756448"><time>2026-05-02T22:54:19.683Z</time></trkpt>
      <trkpt lat="29.799373" lon="99.756448"><time>2026-05-02T22:54:19.699Z</time></trkpt>
      <trkpt lat="29.799373" lon="99.756448"><time>2026-05-02T22:54:19.716Z</time></trkpt>
      <trkpt lat="29.799374" lon="99.756448"><time>2026-05-02T22:54:19.733Z</time></trkpt>
      <trkpt lat="29.799374" lon="99.756448"><time>2026-05-02T22:54:19.749Z</time></trkpt>
      <trkpt lat="29.799374" lon="99.756448"><time>2026-05-02T22:54:19.766Z</time></trkpt>
      <trkpt lat="29.799374" lon="99.756448"><time>2026-05-02T22:54:19.783Z</time></trkpt>
      <trkpt lat="29.799374" lon="99.756448"><time>2026-05-02T22:54:19.799Z</time></trkpt>
      <trkpt lat="29.799374" lon="99.756448"><time>2026-05-02T22:54:19.816Z</time></trkpt>
      <trkpt lat="29.799375" lon="99.756448"><time>2026-05-02T22:54:19.833Z</time></trkpt>
      <trkpt lat="29.799375" lon="99.756448"><time>2026-05-02T22:54:19.850Z</time></trkpt>
      <trkpt lat="29.799375" lon="99.756448"><time>2026-05-02T22:54:19.866Z</time></trkpt>
      <trkpt lat="29.799375" lon="99.756448"><time>2026-05-02T22:54:19.883Z</time></trkpt>
      <trkpt lat="29.799375" lon="99.756448"><time>2026-05-02T22:54:19.900Z</time></trkpt>
      <trkpt lat="29.799375" lon="99.756448"><time>2026-05-02T22:54:19.916Z</time></trkpt>
      <trkpt lat="29.799376" lon="99.756449"><time>2026-05-02T22:54:19.933Z</time></trkpt>
      <trkpt lat="29.799376" lon="99.756449"><time>2026-05-02T22:54:19.950Z</time></trkpt>
      <trkpt lat="29.799376" lon="99.756449"><time>2026-05-02T22:54:19.966Z</time></trkpt>
      <trkpt lat="29.799376" lon="99.756449"><time>2026-05-02T22:54:19.983Z</time></trkpt>
      <trkpt lat="29.799376" lon="99.756449"><time>2026-05-02T22:54:20.000Z</time></trkpt>
      <trkpt lat="29.799376" lon="99.756449"><time>2026-05-02T22:54:20.016Z</time></trkpt>
      <trkpt lat="29.799377" lon="99.756449"><time>2026-05-02T22:54:20.033Z</time></trkpt>
      <trkpt lat="29.799377" lon="99.756449"><time>2026-05-02T22:54:20.050Z</time></trkpt>
      <trkpt lat="29.799377" lon="99.756449"><time>2026-05-02T22:54:20.066Z</time></trkpt>
      <trkpt lat="29.799377" lon="99.756449"><time>2026-05-02T22:54:20.083Z</time></trkpt>
      <trkpt lat="29.799377" lon="99.756449"><time>2026-05-02T22:54:20.100Z</time></trkpt>
      <trkpt lat="29.799377" lon="99.756449"><time>2026-05-02T22:54:20.116Z</time></trkpt>
      <trkpt lat="29.799377" lon="99.756449"><time>2026-05-02T22:54:20.133Z</time></trkpt>
      <trkpt lat="29.799377" lon="99.756449"><time>2026-05-02T22:54:20.150Z</time></trkpt>
      <trkpt lat="29.799377" lon="99.756449"><time>2026-05-02T22:54:20.166Z</time></trkpt>
      <trkpt lat="29.799377" lon="99.756449"><time>2026-05-02T22:54:20.183Z</time></trkpt>
      <trkpt lat="29.799377" lon="99.756449"><time>2026-05-02T22:54:20.200Z</time></trkpt>
      <trkpt lat="29.799377" lon="99.756449"><time>2026-05-02T22:54:20.216Z</time></trkpt>
      <trkpt lat="29.799378" lon="99.75645"><time>2026-05-02T22:54:20.233Z</time></trkpt>
      <trkpt lat="29.799378" lon="99.75645"><time>2026-05-02T22:54:20.250Z</time></trkpt>
      <trkpt lat="29.799378" lon="99.75645"><time>2026-05-02T22:54:20.267Z</time></trkpt>
      <trkpt lat="29.799378" lon="99.75645"><time>2026-05-02T22:54:20.283Z</time></trkpt>
      <trkpt lat="29.799378" lon="99.75645"><time>2026-05-02T22:54:20.300Z</time></trkpt>
      <trkpt lat="29.799378" lon="99.75645"><time>2026-05-02T22:54:20.317Z</time></trkpt>
      <trkpt lat="29.799378" lon="99.75645"><time>2026-05-02T22:54:20.333Z</time></trkpt>
      <trkpt lat="29.799378" lon="99.75645"><time>2026-05-02T22:54:20.350Z</time></trkpt>
      <trkpt lat="29.799378" lon="99.75645"><time>2026-05-02T22:54:20.367Z</time></trkpt>
      <trkpt lat="29.799378" lon="99.75645"><time>2026-05-02T22:54:20.383Z</time></trkpt>
      <trkpt lat="29.799378" lon="99.75645"><time>2026-05-02T22:54:20.400Z</time></trkpt>
      <trkpt lat="29.799378" lon="99.75645"><time>2026-05-02T22:54:20.417Z</time></trkpt>
      <trkpt lat="29.799378" lon="99.75645"><time>2026-05-02T22:54:20.433Z</time></trkpt>
      <trkpt lat="29.799378" lon="99.75645"><time>2026-05-02T22:54:20.450Z</time></trkpt>
      <trkpt lat="29.799378" lon="99.75645"><time>2026-05-02T22:54:20.467Z</time></trkpt>
      <trkpt lat="29.799378" lon="99.75645"><time>2026-05-02T22:54:20.483Z</time></trkpt>
      <trkpt lat="29.799378" lon="99.75645"><time>2026-05-02T22:54:20.500Z</time></trkpt>
      <trkpt lat="29.799378" lon="99.75645"><time>2026-05-02T22:54:20.517Z</time></trkpt>
      <trkpt lat="29.799379" lon="99.75645"><time>2026-05-02T22:54:20.533Z</time></trkpt>
      <trkpt lat="29.799379" lon="99.75645"><time>2026-05-02T22:54:20.550Z</time></trkpt>
      <trkpt lat="29.799379" lon="99.75645"><time>2026-05-02T22:54:20.567Z</time></trkpt>
      <trkpt lat="29.799379" lon="99.75645"><time>2026-05-02T22:54:20.583Z</time></trkpt>
      <trkpt lat="29.799379" lon="99.75645"><time>2026-05-02T22:54:20.600Z</time></trkpt>
      <trkpt lat="29.799379" lon="99.75645"><time>2026-05-02T22:54:20.617Z</time></trkpt>
      <trkpt lat="29.799379" lon="99.756451"><time>2026-05-02T22:54:20.633Z</time></trkpt>
      <trkpt lat="29.799379" lon="99.756451"><time>2026-05-02T22:54:20.650Z</time></trkpt>
      <trkpt lat="29.799379" lon="99.756451"><time>2026-05-02T22:54:20.667Z</time></trkpt>
      <trkpt lat="29.799379" lon="99.756451"><time>2026-05-02T22:54:20.684Z</time></trkpt>
      <trkpt lat="29.799379" lon="99.756451"><time>2026-05-02T22:54:20.700Z</time></trkpt>
      <trkpt lat="29.799379" lon="99.756451"><time>2026-05-02T22:54:20.717Z</time></trkpt>
      <trkpt lat="29.799379" lon="99.756451"><time>2026-05-02T22:54:20.734Z</time></trkpt>
      <trkpt lat="29.799379" lon="99.756451"><time>2026-05-02T22:54:20.750Z</time></trkpt>
      <trkpt lat="29.799379" lon="99.756451"><time>2026-05-02T22:54:20.767Z</time></trkpt>
      <trkpt lat="29.799379" lon="99.756451"><time>2026-05-02T22:54:20.784Z</time></trkpt>
      <trkpt lat="29.799379" lon="99.756451"><time>2026-05-02T22:54:20.800Z</time></trkpt>
      <trkpt lat="29.799379" lon="99.756451"><time>2026-05-02T22:54:20.817Z</time></trkpt>
      <trkpt lat="29.79938" lon="99.756451"><time>2026-05-02T22:54:20.834Z</time></trkpt>
      <trkpt lat="29.79938" lon="99.756451"><time>2026-05-02T22:54:20.850Z</time></trkpt>
      <trkpt lat="29.79938" lon="99.756451"><time>2026-05-02T22:54:20.867Z</time></trkpt>
      <trkpt lat="29.79938" lon="99.756451"><time>2026-05-02T22:54:20.884Z</time></trkpt>
      <trkpt lat="29.79938" lon="99.756451"><time>2026-05-02T22:54:20.900Z</time></trkpt>
      <trkpt lat="29.79938" lon="99.756451"><time>2026-05-02T22:54:20.917Z</time></trkpt>
      <trkpt lat="29.79938" lon="99.756451"><time>2026-05-02T22:54:20.934Z</time></trkpt>
      <trkpt lat="29.79938" lon="99.756451"><time>2026-05-02T22:54:20.950Z</time></trkpt>
      <trkpt lat="29.79938" lon="99.756451"><time>2026-05-02T22:54:20.967Z</time></trkpt>
      <trkpt lat="29.79938" lon="99.756451"><time>2026-05-02T22:54:20.984Z</time></trkpt>
      <trkpt lat="29.79938" lon="99.756451"><time>2026-05-02T22:54:21.000Z</time></trkpt>
      <trkpt lat="29.79938" lon="99.756451"><time>2026-05-02T22:54:21.017Z</time></trkpt>
      <trkpt lat="29.79938" lon="99.756451"><time>2026-05-02T22:54:21.034Z</time></trkpt>
      <trkpt lat="29.79938" lon="99.756451"><time>2026-05-02T22:54:21.050Z</time></trkpt>
      <trkpt lat="29.79938" lon="99.756451"><time>2026-05-02T22:54:21.067Z</time></trkpt>
      <trkpt lat="29.79938" lon="99.756451"><time>2026-05-02T22:54:21.084Z</time></trkpt>
      <trkpt lat="29.79938" lon="99.756451"><time>2026-05-02T22:54:21.101Z</time></trkpt>
      <trkpt lat="29.79938" lon="99.756451"><time>2026-05-02T22:54:21.117Z</time></trkpt>
      <trkpt lat="29.79938" lon="99.756451"><time>2026-05-02T22:54:21.134Z</time></trkpt>
      <trkpt lat="29.79938" lon="99.756451"><time>2026-05-02T22:54:21.151Z</time></trkpt>
      <trkpt lat="29.79938" lon="99.756451"><time>2026-05-02T22:54:21.167Z</time></trkpt>
      <trkpt lat="29.79938" lon="99.756451"><time>2026-05-02T22:54:21.184Z</time></trkpt>
      <trkpt lat="29.79938" lon="99.756451"><time>2026-05-02T22:54:21.201Z</time></trkpt>
      <trkpt lat="29.79938" lon="99.756451"><time>2026-05-02T22:54:21.217Z</time></trkpt>
      <trkpt lat="29.799381" lon="99.756451"><time>2026-05-02T22:54:21.234Z</time></trkpt>
      <trkpt lat="29.799381" lon="99.756451"><time>2026-05-02T22:54:21.251Z</time></trkpt>
      <trkpt lat="29.799381" lon="99.756451"><time>2026-05-02T22:54:21.267Z</time></trkpt>
      <trkpt lat="29.799381" lon="99.756451"><time>2026-05-02T22:54:21.284Z</time></trkpt>
      <trkpt lat="29.799381" lon="99.756451"><time>2026-05-02T22:54:21.301Z</time></trkpt>
      <trkpt lat="29.799381" lon="99.756451"><time>2026-05-02T22:54:21.317Z</time></trkpt>
      <trkpt lat="29.799381" lon="99.756451"><time>2026-05-02T22:54:21.334Z</time></trkpt>
      <trkpt lat="29.799381" lon="99.756451"><time>2026-05-02T22:54:21.351Z</time></trkpt>
      <trkpt lat="29.799381" lon="99.756451"><time>2026-05-02T22:54:21.367Z</time></trkpt>
      <trkpt lat="29.799381" lon="99.756451"><time>2026-05-02T22:54:21.384Z</time></trkpt>
      <trkpt lat="29.799381" lon="99.756451"><time>2026-05-02T22:54:21.401Z</time></trkpt>
      <trkpt lat="29.799381" lon="99.756451"><time>2026-05-02T22:54:21.417Z</time></trkpt>
      <trkpt lat="29.799381" lon="99.756451"><time>2026-05-02T22:54:21.434Z</time></trkpt>
      <trkpt lat="29.799381" lon="99.756451"><time>2026-05-02T22:54:21.451Z</time></trkpt>
      <trkpt lat="29.799381" lon="99.756451"><time>2026-05-02T22:54:21.467Z</time></trkpt>
      <trkpt lat="29.799381" lon="99.756451"><time>2026-05-02T22:54:21.484Z</time></trkpt>
      <trkpt lat="29.799381" lon="99.756451"><time>2026-05-02T22:54:21.501Z</time></trkpt>
      <trkpt lat="29.799381" lon="99.756451"><time>2026-05-02T22:54:21.518Z</time></trkpt>
      <trkpt lat="29.799381" lon="99.756451"><time>2026-05-02T22:54:21.534Z</time></trkpt>
      <trkpt lat="29.799381" lon="99.756451"><time>2026-05-02T22:54:21.551Z</time></trkpt>
      <trkpt lat="29.799381" lon="99.756451"><time>2026-05-02T22:54:21.568Z</time></trkpt>
      <trkpt lat="29.799381" lon="99.756451"><time>2026-05-02T22:54:21.584Z</time></trkpt>
      <trkpt lat="29.799381" lon="99.756451"><time>2026-05-02T22:54:21.601Z</time></trkpt>
      <trkpt lat="29.799381" lon="99.756451"><time>2026-05-02T22:54:21.618Z</time></trkpt>
      <trkpt lat="29.799382" lon="99.756452"><time>2026-05-02T22:54:21.634Z</time></trkpt>
      <trkpt lat="29.799382" lon="99.756452"><time>2026-05-02T22:54:21.651Z</time></trkpt>
      <trkpt lat="29.799382" lon="99.756452"><time>2026-05-02T22:54:21.668Z</time></trkpt>
      <trkpt lat="29.799382" lon="99.756452"><time>2026-05-02T22:54:21.684Z</time></trkpt>
      <trkpt lat="29.799382" lon="99.756452"><time>2026-05-02T22:54:21.701Z</time></trkpt>
      <trkpt lat="29.799382" lon="99.756452"><time>2026-05-02T22:54:21.718Z</time></trkpt>
      <trkpt lat="29.799382" lon="99.756452"><time>2026-05-02T22:54:21.734Z</time></trkpt>
      <trkpt lat="29.799382" lon="99.756452"><time>2026-05-02T22:54:21.751Z</time></trkpt>
      <trkpt lat="29.799382" lon="99.756452"><time>2026-05-02T22:54:21.768Z</time></trkpt>
      <trkpt lat="29.799382" lon="99.756452"><time>2026-05-02T22:54:21.784Z</time></trkpt>
      <trkpt lat="29.799382" lon="99.756452"><time>2026-05-02T22:54:21.801Z</time></trkpt>
      <trkpt lat="29.799382" lon="99.756452"><time>2026-05-02T22:54:21.818Z</time></trkpt>
      <trkpt lat="29.799382" lon="99.756452"><time>2026-05-02T22:54:21.834Z</time></trkpt>
      <trkpt lat="29.799382" lon="99.756452"><time>2026-05-02T22:54:21.851Z</time></trkpt>
      <trkpt lat="29.799382" lon="99.756452"><time>2026-05-02T22:54:21.868Z</time></trkpt>
      <trkpt lat="29.799382" lon="99.756452"><time>2026-05-02T22:54:21.884Z</time></trkpt>
      <trkpt lat="29.799382" lon="99.756452"><time>2026-05-02T22:54:21.901Z</time></trkpt>
      <trkpt lat="29.799382" lon="99.756452"><time>2026-05-02T22:54:21.918Z</time></trkpt>
      <trkpt lat="29.799382" lon="99.756452"><time>2026-05-02T22:54:21.935Z</time></trkpt>
      <trkpt lat="29.799382" lon="99.756452"><time>2026-05-02T22:54:21.951Z</time></trkpt>
      <trkpt lat="29.799382" lon="99.756452"><time>2026-05-02T22:54:21.968Z</time></trkpt>
      <trkpt lat="29.799382" lon="99.756452"><time>2026-05-02T22:54:21.985Z</time></trkpt>
      <trkpt lat="29.799382" lon="99.756452"><time>2026-05-02T22:54:22.001Z</time></trkpt>
      <trkpt lat="29.799382" lon="99.756452"><time>2026-05-02T22:54:22.018Z</time></trkpt>
      <trkpt lat="29.799383" lon="99.756452"><time>2026-05-02T22:54:22.035Z</time></trkpt>
      <trkpt lat="29.799383" lon="99.756452"><time>2026-05-02T22:54:22.051Z</time></trkpt>
      <trkpt lat="29.799383" lon="99.756452"><time>2026-05-02T22:54:22.068Z</time></trkpt>
      <trkpt lat="29.799383" lon="99.756452"><time>2026-05-02T22:54:22.085Z</time></trkpt>
      <trkpt lat="29.799383" lon="99.756452"><time>2026-05-02T22:54:22.101Z</time></trkpt>
      <trkpt lat="29.799383" lon="99.756452"><time>2026-05-02T22:54:22.118Z</time></trkpt>
      <trkpt lat="29.799383" lon="99.756452"><time>2026-05-02T22:54:22.135Z</time></trkpt>
      <trkpt lat="29.799383" lon="99.756452"><time>2026-05-02T22:54:22.151Z</time></trkpt>
      <trkpt lat="29.799383" lon="99.756452"><time>2026-05-02T22:54:22.168Z</time></trkpt>
      <trkpt lat="29.799383" lon="99.756452"><time>2026-05-02T22:54:22.185Z</time></trkpt>
      <trkpt lat="29.799383" lon="99.756452"><time>2026-05-02T22:54:22.201Z</time></trkpt>
      <trkpt lat="29.799383" lon="99.756452"><time>2026-05-02T22:54:22.218Z</time></trkpt>
      <trkpt lat="29.799383" lon="99.756452"><time>2026-05-02T22:54:22.235Z</time></trkpt>
      <trkpt lat="29.799383" lon="99.756452"><time>2026-05-02T22:54:22.251Z</time></trkpt>
      <trkpt lat="29.799383" lon="99.756452"><time>2026-05-02T22:54:22.268Z</time></trkpt>
      <trkpt lat="29.799383" lon="99.756452"><time>2026-05-02T22:54:22.285Z</time></trkpt>
      <trkpt lat="29.799383" lon="99.756452"><time>2026-05-02T22:54:22.301Z</time></trkpt>
      <trkpt lat="29.799383" lon="99.756452"><time>2026-05-02T22:54:22.318Z</time></trkpt>
      <trkpt lat="29.799383" lon="99.756452"><time>2026-05-02T22:54:22.335Z</time></trkpt>
      <trkpt lat="29.799383" lon="99.756452"><time>2026-05-02T22:54:22.352Z</time></trkpt>
      <trkpt lat="29.799383" lon="99.756452"><time>2026-05-02T22:54:22.368Z</time></trkpt>
      <trkpt lat="29.799383" lon="99.756452"><time>2026-05-02T22:54:22.385Z</time></trkpt>
      <trkpt lat="29.799383" lon="99.756452"><time>2026-05-02T22:54:22.402Z</time></trkpt>
      <trkpt lat="29.799383" lon="99.756452"><time>2026-05-02T22:54:22.418Z</time></trkpt>
      <trkpt lat="29.799383" lon="99.756453"><time>2026-05-02T22:54:22.435Z</time></trkpt>
      <trkpt lat="29.799383" lon="99.756453"><time>2026-05-02T22:54:22.452Z</time></trkpt>
      <trkpt lat="29.799383" lon="99.756453"><time>2026-05-02T22:54:22.468Z</time></trkpt>
      <trkpt lat="29.799383" lon="99.756453"><time>2026-05-02T22:54:22.485Z</time></trkpt>
      <trkpt lat="29.799383" lon="99.756453"><time>2026-05-02T22:54:22.502Z</time></trkpt>
      <trkpt lat="29.799383" lon="99.756453"><time>2026-05-02T22:54:22.518Z</time></trkpt>
      <trkpt lat="29.799383" lon="99.756453"><time>2026-05-02T22:54:22.535Z</time></trkpt>
      <trkpt lat="29.799383" lon="99.756453"><time>2026-05-02T22:54:22.552Z</time></trkpt>
      <trkpt lat="29.799383" lon="99.756453"><time>2026-05-02T22:54:22.568Z</time></trkpt>
      <trkpt lat="29.799383" lon="99.756453"><time>2026-05-02T22:54:22.585Z</time></trkpt>
      <trkpt lat="29.799383" lon="99.756453"><time>2026-05-02T22:54:22.602Z</time></trkpt>
      <trkpt lat="29.799383" lon="99.756453"><time>2026-05-02T22:54:22.618Z</time></trkpt>
      <trkpt lat="29.799383" lon="99.756453"><time>2026-05-02T22:54:22.635Z</time></trkpt>
      <trkpt lat="29.799383" lon="99.756453"><time>2026-05-02T22:54:22.652Z</time></trkpt>
      <trkpt lat="29.799383" lon="99.756453"><time>2026-05-02T22:54:22.668Z</time></trkpt>
      <trkpt lat="29.799383" lon="99.756453"><time>2026-05-02T22:54:22.685Z</time></trkpt>
      <trkpt lat="29.799383" lon="99.756453"><time>2026-05-02T22:54:22.702Z</time></trkpt>
      <trkpt lat="29.799383" lon="99.756453"><time>2026-05-02T22:54:22.718Z</time></trkpt>
      <trkpt lat="29.799383" lon="99.756453"><time>2026-05-02T22:54:22.735Z</time></trkpt>
      <trkpt lat="29.799383" lon="99.756453"><time>2026-05-02T22:54:22.752Z</time></trkpt>
      <trkpt lat="29.799383" lon="99.756453"><time>2026-05-02T22:54:22.769Z</time></trkpt>
      <trkpt lat="29.799383" lon="99.756453"><time>2026-05-02T22:54:22.785Z</time></trkpt>
      <trkpt lat="29.799383" lon="99.756453"><time>2026-05-02T22:54:22.802Z</time></trkpt>
      <trkpt lat="29.799383" lon="99.756453"><time>2026-05-02T22:54:22.819Z</time></trkpt>
      <trkpt lat="29.799383" lon="99.756453"><time>2026-05-02T22:54:22.835Z</time></trkpt>
      <trkpt lat="29.799383" lon="99.756453"><time>2026-05-02T22:54:22.852Z</time></trkpt>
      <trkpt lat="29.799383" lon="99.756453"><time>2026-05-02T22:54:22.869Z</time></trkpt>
      <trkpt lat="29.799383" lon="99.756453"><time>2026-05-02T22:54:22.885Z</time></trkpt>
      <trkpt lat="29.799383" lon="99.756453"><time>2026-05-02T22:54:22.902Z</time></trkpt>
      <trkpt lat="29.799383" lon="99.756453"><time>2026-05-02T22:54:22.919Z</time></trkpt>
      <trkpt lat="29.799383" lon="99.756454"><time>2026-05-02T22:54:22.935Z</time></trkpt>
      <trkpt lat="29.799383" lon="99.756454"><time>2026-05-02T22:54:22.952Z</time></trkpt>
      <trkpt lat="29.799383" lon="99.756454"><time>2026-05-02T22:54:22.969Z</time></trkpt>
      <trkpt lat="29.799383" lon="99.756454"><time>2026-05-02T22:54:22.985Z</time></trkpt>
      <trkpt lat="29.799383" lon="99.756454"><time>2026-05-02T22:54:23.002Z</time></trkpt>
      <trkpt lat="29.799383" lon="99.756454"><time>2026-05-02T22:54:23.019Z</time></trkpt>
      <trkpt lat="29.799383" lon="99.756453"><time>2026-05-02T22:54:23.035Z</time></trkpt>
      <trkpt lat="29.799383" lon="99.756453"><time>2026-05-02T22:54:23.052Z</time></trkpt>
      <trkpt lat="29.799383" lon="99.756453"><time>2026-05-02T22:54:23.069Z</time></trkpt>
      <trkpt lat="29.799383" lon="99.756453"><time>2026-05-02T22:54:23.085Z</time></trkpt>
      <trkpt lat="29.799383" lon="99.756453"><time>2026-05-02T22:54:23.102Z</time></trkpt>
      <trkpt lat="29.799383" lon="99.756453"><time>2026-05-02T22:54:23.119Z</time></trkpt>
      <trkpt lat="29.799383" lon="99.756453"><time>2026-05-02T22:54:23.135Z</time></trkpt>
      <trkpt lat="29.799383" lon="99.756453"><time>2026-05-02T22:54:23.152Z</time></trkpt>
      <trkpt lat="29.799383" lon="99.756453"><time>2026-05-02T22:54:23.169Z</time></trkpt>
      <trkpt lat="29.799383" lon="99.756453"><time>2026-05-02T22:54:23.186Z</time></trkpt>
      <trkpt lat="29.799383" lon="99.756453"><time>2026-05-02T22:54:23.202Z</time></trkpt>
      <trkpt lat="29.799383" lon="99.756453"><time>2026-05-02T22:54:23.219Z</time></trkpt>
      <trkpt lat="29.799383" lon="99.756453"><time>2026-05-02T22:54:23.236Z</time></trkpt>
      <trkpt lat="29.799383" lon="99.756453"><time>2026-05-02T22:54:23.252Z</time></trkpt>
      <trkpt lat="29.799383" lon="99.756453"><time>2026-05-02T22:54:23.269Z</time></trkpt>
      <trkpt lat="29.799383" lon="99.756453"><time>2026-05-02T22:54:23.286Z</time></trkpt>
      <trkpt lat="29.799383" lon="99.756453"><time>2026-05-02T22:54:23.302Z</time></trkpt>
      <trkpt lat="29.799383" lon="99.756453"><time>2026-05-02T22:54:23.319Z</time></trkpt>
      <trkpt lat="29.799383" lon="99.756453"><time>2026-05-02T22:54:23.336Z</time></trkpt>
      <trkpt lat="29.799383" lon="99.756453"><time>2026-05-02T22:54:23.352Z</time></trkpt>
      <trkpt lat="29.799383" lon="99.756453"><time>2026-05-02T22:54:23.369Z</time></trkpt>
      <trkpt lat="29.799383" lon="99.756453"><time>2026-05-02T22:54:23.386Z</time></trkpt>
      <trkpt lat="29.799383" lon="99.756453"><time>2026-05-02T22:54:23.402Z</time></trkpt>
      <trkpt lat="29.799383" lon="99.756453"><time>2026-05-02T22:54:23.419Z</time></trkpt>
      <trkpt lat="29.799383" lon="99.756453"><time>2026-05-02T22:54:23.436Z</time></trkpt>
      <trkpt lat="29.799383" lon="99.756453"><time>2026-05-02T22:54:23.452Z</time></trkpt>
      <trkpt lat="29.799383" lon="99.756453"><time>2026-05-02T22:54:23.469Z</time></trkpt>
      <trkpt lat="29.799383" lon="99.756453"><time>2026-05-02T22:54:23.486Z</time></trkpt>
      <trkpt lat="29.799383" lon="99.756453"><time>2026-05-02T22:54:23.502Z</time></trkpt>
      <trkpt lat="29.799383" lon="99.756453"><time>2026-05-02T22:54:23.519Z</time></trkpt>
      <trkpt lat="29.799383" lon="99.756453"><time>2026-05-02T22:54:23.536Z</time></trkpt>
      <trkpt lat="29.799383" lon="99.756453"><time>2026-05-02T22:54:23.552Z</time></trkpt>
      <trkpt lat="29.799383" lon="99.756453"><time>2026-05-02T22:54:23.569Z</time></trkpt>
      <trkpt lat="29.799383" lon="99.756453"><time>2026-05-02T22:54:23.586Z</time></trkpt>
      <trkpt lat="29.799383" lon="99.756453"><time>2026-05-02T22:54:23.603Z</time></trkpt>
      <trkpt lat="29.799383" lon="99.756453"><time>2026-05-02T22:54:23.619Z</time></trkpt>
      <trkpt lat="29.799383" lon="99.756453"><time>2026-05-02T22:54:23.636Z</time></trkpt>
      <trkpt lat="29.799383" lon="99.756453"><time>2026-05-02T22:54:23.653Z</time></trkpt>
      <trkpt lat="29.799383" lon="99.756453"><time>2026-05-02T22:54:23.669Z</time></trkpt>
      <trkpt lat="29.799383" lon="99.756453"><time>2026-05-02T22:54:23.686Z</time></trkpt>
      <trkpt lat="29.799383" lon="99.756453"><time>2026-05-02T22:54:23.703Z</time></trkpt>
      <trkpt lat="29.799383" lon="99.756453"><time>2026-05-02T22:54:23.719Z</time></trkpt>
      <trkpt lat="29.799383" lon="99.756453"><time>2026-05-02T22:54:23.736Z</time></trkpt>
      <trkpt lat="29.799383" lon="99.756453"><time>2026-05-02T22:54:23.753Z</time></trkpt>
      <trkpt lat="29.799383" lon="99.756453"><time>2026-05-02T22:54:23.769Z</time></trkpt>
      <trkpt lat="29.799383" lon="99.756453"><time>2026-05-02T22:54:23.786Z</time></trkpt>
      <trkpt lat="29.799383" lon="99.756453"><time>2026-05-02T22:54:23.803Z</time></trkpt>
      <trkpt lat="29.799383" lon="99.756453"><time>2026-05-02T22:54:23.819Z</time></trkpt>
      <trkpt lat="29.799383" lon="99.756453"><time>2026-05-02T22:54:23.836Z</time></trkpt>
      <trkpt lat="29.799383" lon="99.756453"><time>2026-05-02T22:54:23.853Z</time></trkpt>
      <trkpt lat="29.799383" lon="99.756453"><time>2026-05-02T22:54:23.869Z</time></trkpt>
      <trkpt lat="29.799383" lon="99.756453"><time>2026-05-02T22:54:23.886Z</time></trkpt>
      <trkpt lat="29.799383" lon="99.756453"><time>2026-05-02T22:54:23.903Z</time></trkpt>
      <trkpt lat="29.799383" lon="99.756453"><time>2026-05-02T22:54:23.919Z</time></trkpt>
      <trkpt lat="29.799383" lon="99.756453"><time>2026-05-02T22:54:23.936Z</time></trkpt>
      <trkpt lat="29.799383" lon="99.756453"><time>2026-05-02T22:54:23.953Z</time></trkpt>
      <trkpt lat="29.799383" lon="99.756453"><time>2026-05-02T22:54:23.969Z</time></trkpt>
      <trkpt lat="29.799383" lon="99.756453"><time>2026-05-02T22:54:23.986Z</time></trkpt>
      <trkpt lat="29.799383" lon="99.756453"><time>2026-05-02T22:54:24.003Z</time></trkpt>
      <trkpt lat="29.799383" lon="99.756453"><time>2026-05-02T22:54:24.020Z</time></trkpt>
      <trkpt lat="29.799383" lon="99.756453"><time>2026-05-02T22:54:24.036Z</time></trkpt>
      <trkpt lat="29.799383" lon="99.756453"><time>2026-05-02T22:54:24.053Z</time></trkpt>
      <trkpt lat="29.799383" lon="99.756453"><time>2026-05-02T22:54:24.070Z</time></trkpt>
      <trkpt lat="29.799383" lon="99.756453"><time>2026-05-02T22:54:24.086Z</time></trkpt>
      <trkpt lat="29.799383" lon="99.756453"><time>2026-05-02T22:54:24.103Z</time></trkpt>
      <trkpt lat="29.799383" lon="99.756453"><time>2026-05-02T22:54:24.120Z</time></trkpt>
      <trkpt lat="29.799383" lon="99.756453"><time>2026-05-02T22:54:24.136Z</time></trkpt>
      <trkpt lat="29.799383" lon="99.756453"><time>2026-05-02T22:54:24.153Z</time></trkpt>
      <trkpt lat="29.799383" lon="99.756453"><time>2026-05-02T22:54:24.170Z</time></trkpt>
      <trkpt lat="29.799383" lon="99.756453"><time>2026-05-02T22:54:24.186Z</time></trkpt>
      <trkpt lat="29.799383" lon="99.756453"><time>2026-05-02T22:54:24.203Z</time></trkpt>
      <trkpt lat="29.799383" lon="99.756453"><time>2026-05-02T22:54:24.220Z</time></trkpt>
      <trkpt lat="29.799383" lon="99.756453"><time>2026-05-02T22:54:24.236Z</time></trkpt>
      <trkpt lat="29.799383" lon="99.756453"><time>2026-05-02T22:54:24.253Z</time></trkpt>
      <trkpt lat="29.799383" lon="99.756453"><time>2026-05-02T22:54:24.270Z</time></trkpt>
      <trkpt lat="29.799383" lon="99.756453"><time>2026-05-02T22:54:24.286Z</time></trkpt>
      <trkpt lat="29.799383" lon="99.756453"><time>2026-05-02T22:54:24.303Z</time></trkpt>
      <trkpt lat="29.799383" lon="99.756453"><time>2026-05-02T22:54:24.320Z</time></trkpt>
      <trkpt lat="29.799383" lon="99.756453"><time>2026-05-02T22:54:24.336Z</time></trkpt>
      <trkpt lat="29.799383" lon="99.756453"><time>2026-05-02T22:54:24.353Z</time></trkpt>
      <trkpt lat="29.799383" lon="99.756453"><time>2026-05-02T22:54:24.370Z</time></trkpt>
      <trkpt lat="29.799383" lon="99.756453"><time>2026-05-02T22:54:24.386Z</time></trkpt>
      <trkpt lat="29.799383" lon="99.756453"><time>2026-05-02T22:54:24.403Z</time></trkpt>
      <trkpt lat="29.799383" lon="99.756453"><time>2026-05-02T22:54:24.420Z</time></trkpt>
      <trkpt lat="29.799383" lon="99.756453"><time>2026-05-02T22:54:24.437Z</time></trkpt>
      <trkpt lat="29.799383" lon="99.756453"><time>2026-05-02T22:54:24.453Z</time></trkpt>
      <trkpt lat="29.799383" lon="99.756453"><time>2026-05-02T22:54:24.470Z</time></trkpt>
      <trkpt lat="29.799383" lon="99.756453"><time>2026-05-02T22:54:24.487Z</time></trkpt>
      <trkpt lat="29.799383" lon="99.756453"><time>2026-05-02T22:54:24.503Z</time></trkpt>
      <trkpt lat="29.799383" lon="99.756453"><time>2026-05-02T22:54:24.520Z</time></trkpt>
      <trkpt lat="29.799383" lon="99.756453"><time>2026-05-02T22:54:24.537Z</time></trkpt>
      <trkpt lat="29.799383" lon="99.756453"><time>2026-05-02T22:54:24.553Z</time></trkpt>
      <trkpt lat="29.799383" lon="99.756453"><time>2026-05-02T22:54:24.570Z</time></trkpt>
      <trkpt lat="29.799383" lon="99.756453"><time>2026-05-02T22:54:24.587Z</time></trkpt>
      <trkpt lat="29.799383" lon="99.756453"><time>2026-05-02T22:54:24.603Z</time></trkpt>
      <trkpt lat="29.799383" lon="99.756453"><time>2026-05-02T22:54:24.620Z</time></trkpt>
      <trkpt lat="29.799383" lon="99.756453"><time>2026-05-02T22:54:24.637Z</time></trkpt>
      <trkpt lat="29.799383" lon="99.756453"><time>2026-05-02T22:54:24.653Z</time></trkpt>
      <trkpt lat="29.799383" lon="99.756453"><time>2026-05-02T22:54:24.670Z</time></trkpt>
      <trkpt lat="29.799383" lon="99.756453"><time>2026-05-02T22:54:24.687Z</time></trkpt>
      <trkpt lat="29.799383" lon="99.756453"><time>2026-05-02T22:54:24.703Z</time></trkpt>
      <trkpt lat="29.799383" lon="99.756453"><time>2026-05-02T22:54:24.720Z</time></trkpt>
      <trkpt lat="29.799383" lon="99.756453"><time>2026-05-02T22:54:24.737Z</time></trkpt>
      <trkpt lat="29.799383" lon="99.756453"><time>2026-05-02T22:54:24.753Z</time></trkpt>
      <trkpt lat="29.799383" lon="99.756453"><time>2026-05-02T22:54:24.770Z</time></trkpt>
      <trkpt lat="29.799383" lon="99.756453"><time>2026-05-02T22:54:24.787Z</time></trkpt>
      <trkpt lat="29.799383" lon="99.756453"><time>2026-05-02T22:54:24.803Z</time></trkpt>
      <trkpt lat="29.799383" lon="99.756453"><time>2026-05-02T22:54:24.820Z</time></trkpt>
      <trkpt lat="29.799383" lon="99.756453"><time>2026-05-02T22:54:24.837Z</time></trkpt>
      <trkpt lat="29.799383" lon="99.756453"><time>2026-05-02T22:54:24.854Z</time></trkpt>
      <trkpt lat="29.799383" lon="99.756453"><time>2026-05-02T22:54:24.870Z</time></trkpt>
      <trkpt lat="29.799383" lon="99.756453"><time>2026-05-02T22:54:24.887Z</time></trkpt>
      <trkpt lat="29.799383" lon="99.756453"><time>2026-05-02T22:54:24.904Z</time></trkpt>
      <trkpt lat="29.799383" lon="99.756453"><time>2026-05-02T22:54:24.920Z</time></trkpt>
      <trkpt lat="29.799383" lon="99.756453"><time>2026-05-02T22:54:24.937Z</time></trkpt>
      <trkpt lat="29.799383" lon="99.756453"><time>2026-05-02T22:54:24.954Z</time></trkpt>
      <trkpt lat="29.799383" lon="99.756453"><time>2026-05-02T22:54:24.970Z</time></trkpt>
      <trkpt lat="29.799383" lon="99.756453"><time>2026-05-02T22:54:24.987Z</time></trkpt>
      <trkpt lat="29.799383" lon="99.756453"><time>2026-05-02T22:54:25.004Z</time></trkpt>
      <trkpt lat="29.799383" lon="99.756453"><time>2026-05-02T22:54:25.020Z</time></trkpt>
      <trkpt lat="29.799383" lon="99.756453"><time>2026-05-02T22:54:25.037Z</time></trkpt>
      <trkpt lat="29.799383" lon="99.756453"><time>2026-05-02T22:54:25.054Z</time></trkpt>
      <trkpt lat="29.799383" lon="99.756453"><time>2026-05-02T22:54:25.070Z</time></trkpt>
      <trkpt lat="29.799383" lon="99.756453"><time>2026-05-02T22:54:25.087Z</time></trkpt>
      <trkpt lat="29.799383" lon="99.756453"><time>2026-05-02T22:54:25.104Z</time></trkpt>
      <trkpt lat="29.799383" lon="99.756453"><time>2026-05-02T22:54:25.120Z</time></trkpt>
      <trkpt lat="29.799383" lon="99.756453"><time>2026-05-02T22:54:25.137Z</time></trkpt>
      <trkpt lat="29.799383" lon="99.756453"><time>2026-05-02T22:54:25.154Z</time></trkpt>
      <trkpt lat="29.799383" lon="99.756453"><time>2026-05-02T22:54:25.170Z</time></trkpt>
      <trkpt lat="29.799383" lon="99.756453"><time>2026-05-02T22:54:25.187Z</time></trkpt>
      <trkpt lat="29.799383" lon="99.756453"><time>2026-05-02T22:54:25.204Z</time></trkpt>
      <trkpt lat="29.799383" lon="99.756453"><time>2026-05-02T22:54:25.220Z</time></trkpt>
      <trkpt lat="29.799383" lon="99.756453"><time>2026-05-02T22:54:25.237Z</time></trkpt>
      <trkpt lat="29.799383" lon="99.756453"><time>2026-05-02T22:54:25.254Z</time></trkpt>
      <trkpt lat="29.799383" lon="99.756453"><time>2026-05-02T22:54:25.271Z</time></trkpt>
      <trkpt lat="29.799383" lon="99.756453"><time>2026-05-02T22:54:25.287Z</time></trkpt>
      <trkpt lat="29.799383" lon="99.756453"><time>2026-05-02T22:54:25.304Z</time></trkpt>
      <trkpt lat="29.799383" lon="99.756453"><time>2026-05-02T22:54:25.321Z</time></trkpt>
      <trkpt lat="29.799383" lon="99.756453"><time>2026-05-02T22:54:25.337Z</time></trkpt>
      <trkpt lat="29.799383" lon="99.756453"><time>2026-05-02T22:54:25.354Z</time></trkpt>
      <trkpt lat="29.799383" lon="99.756453"><time>2026-05-02T22:54:25.371Z</time></trkpt>
      <trkpt lat="29.799383" lon="99.756453"><time>2026-05-02T22:54:25.387Z</time></trkpt>
      <trkpt lat="29.799383" lon="99.756453"><time>2026-05-02T22:54:25.404Z</time></trkpt>
      <trkpt lat="29.799383" lon="99.756453"><time>2026-05-02T22:54:25.421Z</time></trkpt>
      <trkpt lat="29.799383" lon="99.756453"><time>2026-05-02T22:54:25.437Z</time></trkpt>
      <trkpt lat="29.799383" lon="99.756453"><time>2026-05-02T22:54:25.454Z</time></trkpt>
      <trkpt lat="29.799383" lon="99.756453"><time>2026-05-02T22:54:25.471Z</time></trkpt>
      <trkpt lat="29.799383" lon="99.756453"><time>2026-05-02T22:54:25.487Z</time></trkpt>
      <trkpt lat="29.799383" lon="99.756453"><time>2026-05-02T22:54:25.504Z</time></trkpt>
      <trkpt lat="29.799383" lon="99.756453"><time>2026-05-02T22:54:25.521Z</time></trkpt>
      <trkpt lat="29.799383" lon="99.756453"><time>2026-05-02T22:54:25.537Z</time></trkpt>
      <trkpt lat="29.799383" lon="99.756453"><time>2026-05-02T22:54:25.554Z</time></trkpt>
      <trkpt lat="29.799383" lon="99.756453"><time>2026-05-02T22:54:25.571Z</time></trkpt>
      <trkpt lat="29.799383" lon="99.756453"><time>2026-05-02T22:54:25.587Z</time></trkpt>
      <trkpt lat="29.799383" lon="99.756453"><time>2026-05-02T22:54:25.604Z</time></trkpt>
      <trkpt lat="29.799383" lon="99.756453"><time>2026-05-02T22:54:25.621Z</time></trkpt>
      <trkpt lat="29.799382" lon="99.756453"><time>2026-05-02T22:54:25.637Z</time></trkpt>
      <trkpt lat="29.799382" lon="99.756453"><time>2026-05-02T22:54:25.654Z</time></trkpt>
      <trkpt lat="29.799382" lon="99.756453"><time>2026-05-02T22:54:25.671Z</time></trkpt>
      <trkpt lat="29.799382" lon="99.756453"><time>2026-05-02T22:54:25.688Z</time></trkpt>
      <trkpt lat="29.799382" lon="99.756453"><time>2026-05-02T22:54:25.704Z</time></trkpt>
      <trkpt lat="29.799382" lon="99.756453"><time>2026-05-02T22:54:25.721Z</time></trkpt>
      <trkpt lat="29.799381" lon="99.756453"><time>2026-05-02T22:54:25.738Z</time></trkpt>
      <trkpt lat="29.799381" lon="99.756453"><time>2026-05-02T22:54:25.754Z</time></trkpt>
      <trkpt lat="29.799381" lon="99.756453"><time>2026-05-02T22:54:25.771Z</time></trkpt>
      <trkpt lat="29.799381" lon="99.756453"><time>2026-05-02T22:54:25.788Z</time></trkpt>
      <trkpt lat="29.799381" lon="99.756453"><time>2026-05-02T22:54:25.804Z</time></trkpt>
      <trkpt lat="29.799381" lon="99.756453"><time>2026-05-02T22:54:25.821Z</time></trkpt>
      <trkpt lat="29.79938" lon="99.756453"><time>2026-05-02T22:54:25.838Z</time></trkpt>
      <trkpt lat="29.79938" lon="99.756453"><time>2026-05-02T22:54:25.854Z</time></trkpt>
      <trkpt lat="29.79938" lon="99.756453"><time>2026-05-02T22:54:25.871Z</time></trkpt>
      <trkpt lat="29.79938" lon="99.756453"><time>2026-05-02T22:54:25.888Z</time></trkpt>
      <trkpt lat="29.79938" lon="99.756453"><time>2026-05-02T22:54:25.904Z</time></trkpt>
      <trkpt lat="29.79938" lon="99.756453"><time>2026-05-02T22:54:25.921Z</time></trkpt>
      <trkpt lat="29.799379" lon="99.756453"><time>2026-05-02T22:54:25.938Z</time></trkpt>
      <trkpt lat="29.799379" lon="99.756453"><time>2026-05-02T22:54:25.954Z</time></trkpt>
      <trkpt lat="29.799379" lon="99.756453"><time>2026-05-02T22:54:25.971Z</time></trkpt>
      <trkpt lat="29.799379" lon="99.756453"><time>2026-05-02T22:54:25.988Z</time></trkpt>
      <trkpt lat="29.799379" lon="99.756453"><time>2026-05-02T22:54:26.004Z</time></trkpt>
      <trkpt lat="29.799379" lon="99.756453"><time>2026-05-02T22:54:26.021Z</time></trkpt>
      <trkpt lat="29.799377" lon="99.756453"><time>2026-05-02T22:54:26.038Z</time></trkpt>
      <trkpt lat="29.799377" lon="99.756453"><time>2026-05-02T22:54:26.054Z</time></trkpt>
      <trkpt lat="29.799377" lon="99.756453"><time>2026-05-02T22:54:26.071Z</time></trkpt>
      <trkpt lat="29.799377" lon="99.756453"><time>2026-05-02T22:54:26.088Z</time></trkpt>
      <trkpt lat="29.799377" lon="99.756453"><time>2026-05-02T22:54:26.105Z</time></trkpt>
      <trkpt lat="29.799377" lon="99.756453"><time>2026-05-02T22:54:26.121Z</time></trkpt>
      <trkpt lat="29.799375" lon="99.756453"><time>2026-05-02T22:54:26.138Z</time></trkpt>
      <trkpt lat="29.799375" lon="99.756453"><time>2026-05-02T22:54:26.155Z</time></trkpt>
      <trkpt lat="29.799375" lon="99.756453"><time>2026-05-02T22:54:26.171Z</time></trkpt>
      <trkpt lat="29.799375" lon="99.756453"><time>2026-05-02T22:54:26.188Z</time></trkpt>
      <trkpt lat="29.799375" lon="99.756453"><time>2026-05-02T22:54:26.205Z</time></trkpt>
      <trkpt lat="29.799375" lon="99.756453"><time>2026-05-02T22:54:26.221Z</time></trkpt>
      <trkpt lat="29.799372" lon="99.756453"><time>2026-05-02T22:54:26.238Z</time></trkpt>
      <trkpt lat="29.799372" lon="99.756453"><time>2026-05-02T22:54:26.255Z</time></trkpt>
      <trkpt lat="29.799372" lon="99.756453"><time>2026-05-02T22:54:26.271Z</time></trkpt>
      <trkpt lat="29.799372" lon="99.756453"><time>2026-05-02T22:54:26.288Z</time></trkpt>
      <trkpt lat="29.799372" lon="99.756453"><time>2026-05-02T22:54:26.305Z</time></trkpt>
      <trkpt lat="29.799372" lon="99.756453"><time>2026-05-02T22:54:26.321Z</time></trkpt>
      <trkpt lat="29.79937" lon="99.756453"><time>2026-05-02T22:54:26.338Z</time></trkpt>
      <trkpt lat="29.79937" lon="99.756453"><time>2026-05-02T22:54:26.355Z</time></trkpt>
      <trkpt lat="29.79937" lon="99.756453"><time>2026-05-02T22:54:26.371Z</time></trkpt>
      <trkpt lat="29.79937" lon="99.756453"><time>2026-05-02T22:54:26.388Z</time></trkpt>
      <trkpt lat="29.79937" lon="99.756453"><time>2026-05-02T22:54:26.405Z</time></trkpt>
      <trkpt lat="29.79937" lon="99.756453"><time>2026-05-02T22:54:26.421Z</time></trkpt>
      <trkpt lat="29.799367" lon="99.756454"><time>2026-05-02T22:54:26.438Z</time></trkpt>
      <trkpt lat="29.799367" lon="99.756454"><time>2026-05-02T22:54:26.455Z</time></trkpt>
      <trkpt lat="29.799367" lon="99.756454"><time>2026-05-02T22:54:26.471Z</time></trkpt>
      <trkpt lat="29.799367" lon="99.756454"><time>2026-05-02T22:54:26.488Z</time></trkpt>
      <trkpt lat="29.799367" lon="99.756454"><time>2026-05-02T22:54:26.505Z</time></trkpt>
      <trkpt lat="29.799367" lon="99.756454"><time>2026-05-02T22:54:26.522Z</time></trkpt>
      <trkpt lat="29.799365" lon="99.756454"><time>2026-05-02T22:54:26.538Z</time></trkpt>
      <trkpt lat="29.799365" lon="99.756454"><time>2026-05-02T22:54:26.555Z</time></trkpt>
      <trkpt lat="29.799365" lon="99.756454"><time>2026-05-02T22:54:26.572Z</time></trkpt>
      <trkpt lat="29.799365" lon="99.756454"><time>2026-05-02T22:54:26.588Z</time></trkpt>
      <trkpt lat="29.799365" lon="99.756454"><time>2026-05-02T22:54:26.605Z</time></trkpt>
      <trkpt lat="29.799365" lon="99.756454"><time>2026-05-02T22:54:26.622Z</time></trkpt>
      <trkpt lat="29.799362" lon="99.756454"><time>2026-05-02T22:54:26.638Z</time></trkpt>
      <trkpt lat="29.799362" lon="99.756454"><time>2026-05-02T22:54:26.655Z</time></trkpt>
      <trkpt lat="29.799362" lon="99.756454"><time>2026-05-02T22:54:26.672Z</time></trkpt>
      <trkpt lat="29.799362" lon="99.756454"><time>2026-05-02T22:54:26.688Z</time></trkpt>
      <trkpt lat="29.799362" lon="99.756454"><time>2026-05-02T22:54:26.705Z</time></trkpt>
      <trkpt lat="29.799362" lon="99.756454"><time>2026-05-02T22:54:26.722Z</time></trkpt>
      <trkpt lat="29.79936" lon="99.756454"><time>2026-05-02T22:54:26.738Z</time></trkpt>
      <trkpt lat="29.79936" lon="99.756454"><time>2026-05-02T22:54:26.755Z</time></trkpt>
      <trkpt lat="29.79936" lon="99.756454"><time>2026-05-02T22:54:26.772Z</time></trkpt>
      <trkpt lat="29.79936" lon="99.756454"><time>2026-05-02T22:54:26.788Z</time></trkpt>
      <trkpt lat="29.79936" lon="99.756454"><time>2026-05-02T22:54:26.805Z</time></trkpt>
      <trkpt lat="29.79936" lon="99.756454"><time>2026-05-02T22:54:26.822Z</time></trkpt>
      <trkpt lat="29.799357" lon="99.756454"><time>2026-05-02T22:54:26.838Z</time></trkpt>
      <trkpt lat="29.799357" lon="99.756454"><time>2026-05-02T22:54:26.855Z</time></trkpt>
      <trkpt lat="29.799357" lon="99.756454"><time>2026-05-02T22:54:26.872Z</time></trkpt>
      <trkpt lat="29.799357" lon="99.756454"><time>2026-05-02T22:54:26.888Z</time></trkpt>
      <trkpt lat="29.799357" lon="99.756454"><time>2026-05-02T22:54:26.905Z</time></trkpt>
      <trkpt lat="29.799357" lon="99.756454"><time>2026-05-02T22:54:26.922Z</time></trkpt>
      <trkpt lat="29.799355" lon="99.756454"><time>2026-05-02T22:54:26.939Z</time></trkpt>
      <trkpt lat="29.799355" lon="99.756454"><time>2026-05-02T22:54:26.955Z</time></trkpt>
      <trkpt lat="29.799355" lon="99.756454"><time>2026-05-02T22:54:26.972Z</time></trkpt>
      <trkpt lat="29.799355" lon="99.756454"><time>2026-05-02T22:54:26.989Z</time></trkpt>
      <trkpt lat="29.799355" lon="99.756454"><time>2026-05-02T22:54:27.005Z</time></trkpt>
      <trkpt lat="29.799355" lon="99.756454"><time>2026-05-02T22:54:27.022Z</time></trkpt>
      <trkpt lat="29.799352" lon="99.756454"><time>2026-05-02T22:54:27.039Z</time></trkpt>
      <trkpt lat="29.799352" lon="99.756454"><time>2026-05-02T22:54:27.055Z</time></trkpt>
      <trkpt lat="29.799352" lon="99.756454"><time>2026-05-02T22:54:27.072Z</time></trkpt>
      <trkpt lat="29.799352" lon="99.756454"><time>2026-05-02T22:54:27.089Z</time></trkpt>
      <trkpt lat="29.799352" lon="99.756454"><time>2026-05-02T22:54:27.105Z</time></trkpt>
      <trkpt lat="29.799352" lon="99.756454"><time>2026-05-02T22:54:27.122Z</time></trkpt>
      <trkpt lat="29.79935" lon="99.756454"><time>2026-05-02T22:54:27.139Z</time></trkpt>
      <trkpt lat="29.79935" lon="99.756454"><time>2026-05-02T22:54:27.155Z</time></trkpt>
      <trkpt lat="29.79935" lon="99.756454"><time>2026-05-02T22:54:27.172Z</time></trkpt>
      <trkpt lat="29.79935" lon="99.756454"><time>2026-05-02T22:54:27.189Z</time></trkpt>
      <trkpt lat="29.79935" lon="99.756454"><time>2026-05-02T22:54:27.205Z</time></trkpt>
      <trkpt lat="29.79935" lon="99.756454"><time>2026-05-02T22:54:27.222Z</time></trkpt>
      <trkpt lat="29.799347" lon="99.756454"><time>2026-05-02T22:54:27.239Z</time></trkpt>
      <trkpt lat="29.799347" lon="99.756454"><time>2026-05-02T22:54:27.255Z</time></trkpt>
      <trkpt lat="29.799347" lon="99.756454"><time>2026-05-02T22:54:27.272Z</time></trkpt>
      <trkpt lat="29.799347" lon="99.756454"><time>2026-05-02T22:54:27.289Z</time></trkpt>
      <trkpt lat="29.799347" lon="99.756454"><time>2026-05-02T22:54:27.305Z</time></trkpt>
      <trkpt lat="29.799347" lon="99.756454"><time>2026-05-02T22:54:27.322Z</time></trkpt>
      <trkpt lat="29.799345" lon="99.756454"><time>2026-05-02T22:54:27.339Z</time></trkpt>
      <trkpt lat="29.799345" lon="99.756454"><time>2026-05-02T22:54:27.356Z</time></trkpt>
      <trkpt lat="29.799345" lon="99.756454"><time>2026-05-02T22:54:27.372Z</time></trkpt>
      <trkpt lat="29.799345" lon="99.756454"><time>2026-05-02T22:54:27.389Z</time></trkpt>
      <trkpt lat="29.799345" lon="99.756454"><time>2026-05-02T22:54:27.406Z</time></trkpt>
      <trkpt lat="29.799345" lon="99.756454"><time>2026-05-02T22:54:27.422Z</time></trkpt>
      <trkpt lat="29.799342" lon="99.756453"><time>2026-05-02T22:54:27.439Z</time></trkpt>
      <trkpt lat="29.799342" lon="99.756453"><time>2026-05-02T22:54:27.456Z</time></trkpt>
      <trkpt lat="29.799342" lon="99.756453"><time>2026-05-02T22:54:27.472Z</time></trkpt>
      <trkpt lat="29.799342" lon="99.756453"><time>2026-05-02T22:54:27.489Z</time></trkpt>
      <trkpt lat="29.799342" lon="99.756453"><time>2026-05-02T22:54:27.506Z</time></trkpt>
      <trkpt lat="29.799342" lon="99.756453"><time>2026-05-02T22:54:27.522Z</time></trkpt>
      <trkpt lat="29.799339" lon="99.756453"><time>2026-05-02T22:54:27.539Z</time></trkpt>
      <trkpt lat="29.799339" lon="99.756453"><time>2026-05-02T22:54:27.556Z</time></trkpt>
      <trkpt lat="29.799339" lon="99.756453"><time>2026-05-02T22:54:27.572Z</time></trkpt>
      <trkpt lat="29.799339" lon="99.756453"><time>2026-05-02T22:54:27.589Z</time></trkpt>
      <trkpt lat="29.799339" lon="99.756453"><time>2026-05-02T22:54:27.606Z</time></trkpt>
      <trkpt lat="29.799339" lon="99.756453"><time>2026-05-02T22:54:27.622Z</time></trkpt>
      <trkpt lat="29.799337" lon="99.756453"><time>2026-05-02T22:54:27.639Z</time></trkpt>
      <trkpt lat="29.799337" lon="99.756453"><time>2026-05-02T22:54:27.656Z</time></trkpt>
      <trkpt lat="29.799337" lon="99.756453"><time>2026-05-02T22:54:27.672Z</time></trkpt>
      <trkpt lat="29.799337" lon="99.756453"><time>2026-05-02T22:54:27.689Z</time></trkpt>
      <trkpt lat="29.799337" lon="99.756453"><time>2026-05-02T22:54:27.706Z</time></trkpt>
      <trkpt lat="29.799337" lon="99.756453"><time>2026-05-02T22:54:27.722Z</time></trkpt>
      <trkpt lat="29.799335" lon="99.756453"><time>2026-05-02T22:54:27.739Z</time></trkpt>
      <trkpt lat="29.799335" lon="99.756453"><time>2026-05-02T22:54:27.756Z</time></trkpt>
      <trkpt lat="29.799335" lon="99.756453"><time>2026-05-02T22:54:27.773Z</time></trkpt>
      <trkpt lat="29.799335" lon="99.756453"><time>2026-05-02T22:54:27.789Z</time></trkpt>
      <trkpt lat="29.799335" lon="99.756453"><time>2026-05-02T22:54:27.806Z</time></trkpt>
      <trkpt lat="29.799335" lon="99.756453"><time>2026-05-02T22:54:27.823Z</time></trkpt>
      <trkpt lat="29.799332" lon="99.756452"><time>2026-05-02T22:54:27.839Z</time></trkpt>
      <trkpt lat="29.799332" lon="99.756452"><time>2026-05-02T22:54:27.856Z</time></trkpt>
      <trkpt lat="29.799332" lon="99.756452"><time>2026-05-02T22:54:27.873Z</time></trkpt>
      <trkpt lat="29.799332" lon="99.756452"><time>2026-05-02T22:54:27.889Z</time></trkpt>
      <trkpt lat="29.799332" lon="99.756452"><time>2026-05-02T22:54:27.906Z</time></trkpt>
      <trkpt lat="29.799332" lon="99.756452"><time>2026-05-02T22:54:27.923Z</time></trkpt>
      <trkpt lat="29.79933" lon="99.756452"><time>2026-05-02T22:54:27.939Z</time></trkpt>
      <trkpt lat="29.79933" lon="99.756452"><time>2026-05-02T22:54:27.956Z</time></trkpt>
      <trkpt lat="29.79933" lon="99.756452"><time>2026-05-02T22:54:27.973Z</time></trkpt>
      <trkpt lat="29.79933" lon="99.756452"><time>2026-05-02T22:54:27.989Z</time></trkpt>
      <trkpt lat="29.79933" lon="99.756452"><time>2026-05-02T22:54:28.006Z</time></trkpt>
      <trkpt lat="29.79933" lon="99.756452"><time>2026-05-02T22:54:28.023Z</time></trkpt>
      <trkpt lat="29.799327" lon="99.756451"><time>2026-05-02T22:54:28.039Z</time></trkpt>
      <trkpt lat="29.799327" lon="99.756451"><time>2026-05-02T22:54:28.056Z</time></trkpt>
      <trkpt lat="29.799327" lon="99.756451"><time>2026-05-02T22:54:28.073Z</time></trkpt>
      <trkpt lat="29.799327" lon="99.756451"><time>2026-05-02T22:54:28.089Z</time></trkpt>
      <trkpt lat="29.799327" lon="99.756451"><time>2026-05-02T22:54:28.106Z</time></trkpt>
      <trkpt lat="29.799327" lon="99.756451"><time>2026-05-02T22:54:28.123Z</time></trkpt>
      <trkpt lat="29.799324" lon="99.756451"><time>2026-05-02T22:54:28.139Z</time></trkpt>
      <trkpt lat="29.799324" lon="99.756451"><time>2026-05-02T22:54:28.156Z</time></trkpt>
      <trkpt lat="29.799324" lon="99.756451"><time>2026-05-02T22:54:28.173Z</time></trkpt>
      <trkpt lat="29.799324" lon="99.756451"><time>2026-05-02T22:54:28.190Z</time></trkpt>
      <trkpt lat="29.799324" lon="99.756451"><time>2026-05-02T22:54:28.206Z</time></trkpt>
      <trkpt lat="29.799324" lon="99.756451"><time>2026-05-02T22:54:28.223Z</time></trkpt>
      <trkpt lat="29.799321" lon="99.75645"><time>2026-05-02T22:54:28.240Z</time></trkpt>
      <trkpt lat="29.799321" lon="99.75645"><time>2026-05-02T22:54:28.256Z</time></trkpt>
      <trkpt lat="29.799321" lon="99.75645"><time>2026-05-02T22:54:28.273Z</time></trkpt>
      <trkpt lat="29.799321" lon="99.75645"><time>2026-05-02T22:54:28.290Z</time></trkpt>
      <trkpt lat="29.799321" lon="99.75645"><time>2026-05-02T22:54:28.306Z</time></trkpt>
      <trkpt lat="29.799321" lon="99.75645"><time>2026-05-02T22:54:28.323Z</time></trkpt>
      <trkpt lat="29.799319" lon="99.75645"><time>2026-05-02T22:54:28.340Z</time></trkpt>
      <trkpt lat="29.799319" lon="99.75645"><time>2026-05-02T22:54:28.356Z</time></trkpt>
      <trkpt lat="29.799319" lon="99.75645"><time>2026-05-02T22:54:28.373Z</time></trkpt>
      <trkpt lat="29.799319" lon="99.75645"><time>2026-05-02T22:54:28.390Z</time></trkpt>
      <trkpt lat="29.799319" lon="99.75645"><time>2026-05-02T22:54:28.406Z</time></trkpt>
      <trkpt lat="29.799319" lon="99.75645"><time>2026-05-02T22:54:28.423Z</time></trkpt>
      <trkpt lat="29.799316" lon="99.756449"><time>2026-05-02T22:54:28.440Z</time></trkpt>
      <trkpt lat="29.799316" lon="99.756449"><time>2026-05-02T22:54:28.456Z</time></trkpt>
      <trkpt lat="29.799316" lon="99.756449"><time>2026-05-02T22:54:28.473Z</time></trkpt>
      <trkpt lat="29.799316" lon="99.756449"><time>2026-05-02T22:54:28.490Z</time></trkpt>
      <trkpt lat="29.799316" lon="99.756449"><time>2026-05-02T22:54:28.506Z</time></trkpt>
      <trkpt lat="29.799316" lon="99.756449"><time>2026-05-02T22:54:28.523Z</time></trkpt>
      <trkpt lat="29.799314" lon="99.756449"><time>2026-05-02T22:54:28.540Z</time></trkpt>
      <trkpt lat="29.799314" lon="99.756449"><time>2026-05-02T22:54:28.556Z</time></trkpt>
      <trkpt lat="29.799314" lon="99.756449"><time>2026-05-02T22:54:28.573Z</time></trkpt>
      <trkpt lat="29.799314" lon="99.756449"><time>2026-05-02T22:54:28.590Z</time></trkpt>
      <trkpt lat="29.799314" lon="99.756449"><time>2026-05-02T22:54:28.607Z</time></trkpt>
      <trkpt lat="29.799314" lon="99.756449"><time>2026-05-02T22:54:28.623Z</time></trkpt>
      <trkpt lat="29.799311" lon="99.756448"><time>2026-05-02T22:54:28.640Z</time></trkpt>
      <trkpt lat="29.799311" lon="99.756448"><time>2026-05-02T22:54:28.657Z</time></trkpt>
      <trkpt lat="29.799311" lon="99.756448"><time>2026-05-02T22:54:28.673Z</time></trkpt>
      <trkpt lat="29.799311" lon="99.756448"><time>2026-05-02T22:54:28.690Z</time></trkpt>
      <trkpt lat="29.799311" lon="99.756448"><time>2026-05-02T22:54:28.707Z</time></trkpt>
      <trkpt lat="29.799311" lon="99.756448"><time>2026-05-02T22:54:28.723Z</time></trkpt>
      <trkpt lat="29.799308" lon="99.756447"><time>2026-05-02T22:54:28.740Z</time></trkpt>
      <trkpt lat="29.799308" lon="99.756447"><time>2026-05-02T22:54:28.757Z</time></trkpt>
      <trkpt lat="29.799308" lon="99.756447"><time>2026-05-02T22:54:28.773Z</time></trkpt>
      <trkpt lat="29.799308" lon="99.756447"><time>2026-05-02T22:54:28.790Z</time></trkpt>
      <trkpt lat="29.799308" lon="99.756447"><time>2026-05-02T22:54:28.807Z</time></trkpt>
      <trkpt lat="29.799308" lon="99.756447"><time>2026-05-02T22:54:28.823Z</time></trkpt>
      <trkpt lat="29.799306" lon="99.756447"><time>2026-05-02T22:54:28.840Z</time></trkpt>
      <trkpt lat="29.799306" lon="99.756447"><time>2026-05-02T22:54:28.857Z</time></trkpt>
      <trkpt lat="29.799306" lon="99.756447"><time>2026-05-02T22:54:28.873Z</time></trkpt>
      <trkpt lat="29.799306" lon="99.756447"><time>2026-05-02T22:54:28.890Z</time></trkpt>
      <trkpt lat="29.799306" lon="99.756447"><time>2026-05-02T22:54:28.907Z</time></trkpt>
      <trkpt lat="29.799303" lon="99.756446"><time>2026-05-02T22:54:28.923Z</time></trkpt>
      <trkpt lat="29.799303" lon="99.756446"><time>2026-05-02T22:54:28.940Z</time></trkpt>
      <trkpt lat="29.799303" lon="99.756446"><time>2026-05-02T22:54:28.957Z</time></trkpt>
      <trkpt lat="29.799303" lon="99.756446"><time>2026-05-02T22:54:28.973Z</time></trkpt>
      <trkpt lat="29.799303" lon="99.756446"><time>2026-05-02T22:54:28.990Z</time></trkpt>
      <trkpt lat="29.799303" lon="99.756446"><time>2026-05-02T22:54:29.007Z</time></trkpt>
      <trkpt lat="29.7993" lon="99.756445"><time>2026-05-02T22:54:29.024Z</time></trkpt>
      <trkpt lat="29.7993" lon="99.756445"><time>2026-05-02T22:54:29.040Z</time></trkpt>
      <trkpt lat="29.7993" lon="99.756445"><time>2026-05-02T22:54:29.057Z</time></trkpt>
      <trkpt lat="29.7993" lon="99.756445"><time>2026-05-02T22:54:29.074Z</time></trkpt>
      <trkpt lat="29.7993" lon="99.756445"><time>2026-05-02T22:54:29.090Z</time></trkpt>
      <trkpt lat="29.7993" lon="99.756445"><time>2026-05-02T22:54:29.107Z</time></trkpt>
      <trkpt lat="29.799297" lon="99.756444"><time>2026-05-02T22:54:29.124Z</time></trkpt>
      <trkpt lat="29.799297" lon="99.756444"><time>2026-05-02T22:54:29.140Z</time></trkpt>
      <trkpt lat="29.799297" lon="99.756444"><time>2026-05-02T22:54:29.157Z</time></trkpt>
      <trkpt lat="29.799297" lon="99.756444"><time>2026-05-02T22:54:29.174Z</time></trkpt>
      <trkpt lat="29.799297" lon="99.756444"><time>2026-05-02T22:54:29.190Z</time></trkpt>
      <trkpt lat="29.799297" lon="99.756444"><time>2026-05-02T22:54:29.207Z</time></trkpt>
      <trkpt lat="29.799295" lon="99.756443"><time>2026-05-02T22:54:29.224Z</time></trkpt>
      <trkpt lat="29.799295" lon="99.756443"><time>2026-05-02T22:54:29.240Z</time></trkpt>
      <trkpt lat="29.799295" lon="99.756443"><time>2026-05-02T22:54:29.257Z</time></trkpt>
      <trkpt lat="29.799295" lon="99.756443"><time>2026-05-02T22:54:29.274Z</time></trkpt>
      <trkpt lat="29.799295" lon="99.756443"><time>2026-05-02T22:54:29.290Z</time></trkpt>
      <trkpt lat="29.799295" lon="99.756443"><time>2026-05-02T22:54:29.307Z</time></trkpt>
      <trkpt lat="29.799292" lon="99.756442"><time>2026-05-02T22:54:29.324Z</time></trkpt>
      <trkpt lat="29.799292" lon="99.756442"><time>2026-05-02T22:54:29.340Z</time></trkpt>
      <trkpt lat="29.799292" lon="99.756442"><time>2026-05-02T22:54:29.357Z</time></trkpt>
      <trkpt lat="29.799292" lon="99.756442"><time>2026-05-02T22:54:29.374Z</time></trkpt>
      <trkpt lat="29.799292" lon="99.756442"><time>2026-05-02T22:54:29.390Z</time></trkpt>
      <trkpt lat="29.799292" lon="99.756442"><time>2026-05-02T22:54:29.407Z</time></trkpt>
      <trkpt lat="29.799289" lon="99.756441"><time>2026-05-02T22:54:29.424Z</time></trkpt>
      <trkpt lat="29.799289" lon="99.756441"><time>2026-05-02T22:54:29.441Z</time></trkpt>
      <trkpt lat="29.799289" lon="99.756441"><time>2026-05-02T22:54:29.457Z</time></trkpt>
      <trkpt lat="29.799289" lon="99.756441"><time>2026-05-02T22:54:29.474Z</time></trkpt>
      <trkpt lat="29.799289" lon="99.756441"><time>2026-05-02T22:54:29.491Z</time></trkpt>
      <trkpt lat="29.799289" lon="99.756441"><time>2026-05-02T22:54:29.507Z</time></trkpt>
      <trkpt lat="29.799285" lon="99.756439"><time>2026-05-02T22:54:29.524Z</time></trkpt>
      <trkpt lat="29.799285" lon="99.756439"><time>2026-05-02T22:54:29.541Z</time></trkpt>
      <trkpt lat="29.799285" lon="99.756439"><time>2026-05-02T22:54:29.557Z</time></trkpt>
      <trkpt lat="29.799285" lon="99.756439"><time>2026-05-02T22:54:29.574Z</time></trkpt>
      <trkpt lat="29.799285" lon="99.756439"><time>2026-05-02T22:54:29.591Z</time></trkpt>
      <trkpt lat="29.799285" lon="99.756439"><time>2026-05-02T22:54:29.607Z</time></trkpt>
      <trkpt lat="29.799282" lon="99.756438"><time>2026-05-02T22:54:29.624Z</time></trkpt>
      <trkpt lat="29.799282" lon="99.756438"><time>2026-05-02T22:54:29.641Z</time></trkpt>
      <trkpt lat="29.799282" lon="99.756438"><time>2026-05-02T22:54:29.657Z</time></trkpt>
      <trkpt lat="29.799282" lon="99.756438"><time>2026-05-02T22:54:29.674Z</time></trkpt>
      <trkpt lat="29.799282" lon="99.756438"><time>2026-05-02T22:54:29.691Z</time></trkpt>
      <trkpt lat="29.799282" lon="99.756438"><time>2026-05-02T22:54:29.707Z</time></trkpt>
      <trkpt lat="29.799279" lon="99.756436"><time>2026-05-02T22:54:29.724Z</time></trkpt>
      <trkpt lat="29.799279" lon="99.756436"><time>2026-05-02T22:54:29.741Z</time></trkpt>
      <trkpt lat="29.799279" lon="99.756436"><time>2026-05-02T22:54:29.757Z</time></trkpt>
      <trkpt lat="29.799279" lon="99.756436"><time>2026-05-02T22:54:29.774Z</time></trkpt>
      <trkpt lat="29.799279" lon="99.756436"><time>2026-05-02T22:54:29.791Z</time></trkpt>
      <trkpt lat="29.799279" lon="99.756436"><time>2026-05-02T22:54:29.807Z</time></trkpt>
      <trkpt lat="29.799276" lon="99.756435"><time>2026-05-02T22:54:29.824Z</time></trkpt>
      <trkpt lat="29.799276" lon="99.756435"><time>2026-05-02T22:54:29.841Z</time></trkpt>
      <trkpt lat="29.799276" lon="99.756435"><time>2026-05-02T22:54:29.858Z</time></trkpt>
      <trkpt lat="29.799276" lon="99.756435"><time>2026-05-02T22:54:29.874Z</time></trkpt>
      <trkpt lat="29.799276" lon="99.756435"><time>2026-05-02T22:54:29.891Z</time></trkpt>
      <trkpt lat="29.799276" lon="99.756435"><time>2026-05-02T22:54:29.908Z</time></trkpt>
      <trkpt lat="29.799273" lon="99.756433"><time>2026-05-02T22:54:29.924Z</time></trkpt>
      <trkpt lat="29.799273" lon="99.756433"><time>2026-05-02T22:54:29.941Z</time></trkpt>
      <trkpt lat="29.799273" lon="99.756433"><time>2026-05-02T22:54:29.958Z</time></trkpt>
      <trkpt lat="29.799273" lon="99.756433"><time>2026-05-02T22:54:29.974Z</time></trkpt>
      <trkpt lat="29.799273" lon="99.756433"><time>2026-05-02T22:54:29.991Z</time></trkpt>
      <trkpt lat="29.799273" lon="99.756433"><time>2026-05-02T22:54:30.008Z</time></trkpt>
      <trkpt lat="29.79927" lon="99.756431"><time>2026-05-02T22:54:30.024Z</time></trkpt>
      <trkpt lat="29.79927" lon="99.756431"><time>2026-05-02T22:54:30.041Z</time></trkpt>
      <trkpt lat="29.79927" lon="99.756431"><time>2026-05-02T22:54:30.058Z</time></trkpt>
      <trkpt lat="29.79927" lon="99.756431"><time>2026-05-02T22:54:30.074Z</time></trkpt>
      <trkpt lat="29.79927" lon="99.756431"><time>2026-05-02T22:54:30.091Z</time></trkpt>
      <trkpt lat="29.79927" lon="99.756431"><time>2026-05-02T22:54:30.108Z</time></trkpt>
      <trkpt lat="29.799267" lon="99.756429"><time>2026-05-02T22:54:30.124Z</time></trkpt>
      <trkpt lat="29.799267" lon="99.756429"><time>2026-05-02T22:54:30.141Z</time></trkpt>
      <trkpt lat="29.799267" lon="99.756429"><time>2026-05-02T22:54:30.158Z</time></trkpt>
      <trkpt lat="29.799267" lon="99.756429"><time>2026-05-02T22:54:30.174Z</time></trkpt>
      <trkpt lat="29.799267" lon="99.756429"><time>2026-05-02T22:54:30.191Z</time></trkpt>
      <trkpt lat="29.799267" lon="99.756429"><time>2026-05-02T22:54:30.208Z</time></trkpt>
      <trkpt lat="29.799263" lon="99.756427"><time>2026-05-02T22:54:30.224Z</time></trkpt>
      <trkpt lat="29.799263" lon="99.756427"><time>2026-05-02T22:54:30.241Z</time></trkpt>
      <trkpt lat="29.799263" lon="99.756427"><time>2026-05-02T22:54:30.258Z</time></trkpt>
      <trkpt lat="29.799263" lon="99.756427"><time>2026-05-02T22:54:30.275Z</time></trkpt>
      <trkpt lat="29.799263" lon="99.756427"><time>2026-05-02T22:54:30.291Z</time></trkpt>
      <trkpt lat="29.799263" lon="99.756427"><time>2026-05-02T22:54:30.308Z</time></trkpt>
      <trkpt lat="29.79926" lon="99.756425"><time>2026-05-02T22:54:30.325Z</time></trkpt>
      <trkpt lat="29.79926" lon="99.756425"><time>2026-05-02T22:54:30.341Z</time></trkpt>
      <trkpt lat="29.79926" lon="99.756425"><time>2026-05-02T22:54:30.358Z</time></trkpt>
      <trkpt lat="29.79926" lon="99.756425"><time>2026-05-02T22:54:30.375Z</time></trkpt>
      <trkpt lat="29.79926" lon="99.756425"><time>2026-05-02T22:54:30.391Z</time></trkpt>
      <trkpt lat="29.79926" lon="99.756425"><time>2026-05-02T22:54:30.408Z</time></trkpt>
      <trkpt lat="29.799257" lon="99.756422"><time>2026-05-02T22:54:30.425Z</time></trkpt>
      <trkpt lat="29.799257" lon="99.756422"><time>2026-05-02T22:54:30.441Z</time></trkpt>
      <trkpt lat="29.799257" lon="99.756422"><time>2026-05-02T22:54:30.458Z</time></trkpt>
      <trkpt lat="29.799257" lon="99.756422"><time>2026-05-02T22:54:30.475Z</time></trkpt>
      <trkpt lat="29.799257" lon="99.756422"><time>2026-05-02T22:54:30.491Z</time></trkpt>
      <trkpt lat="29.799257" lon="99.756422"><time>2026-05-02T22:54:30.508Z</time></trkpt>
      <trkpt lat="29.799254" lon="99.75642"><time>2026-05-02T22:54:30.525Z</time></trkpt>
      <trkpt lat="29.799254" lon="99.75642"><time>2026-05-02T22:54:30.541Z</time></trkpt>
      <trkpt lat="29.799254" lon="99.75642"><time>2026-05-02T22:54:30.558Z</time></trkpt>
      <trkpt lat="29.799254" lon="99.75642"><time>2026-05-02T22:54:30.575Z</time></trkpt>
      <trkpt lat="29.799254" lon="99.75642"><time>2026-05-02T22:54:30.591Z</time></trkpt>
      <trkpt lat="29.799254" lon="99.75642"><time>2026-05-02T22:54:30.608Z</time></trkpt>
      <trkpt lat="29.799254" lon="99.75642"><time>2026-05-02T22:54:30.625Z</time></trkpt>
      <trkpt lat="29.799251" lon="99.756417"><time>2026-05-02T22:54:30.641Z</time></trkpt>
      <trkpt lat="29.799251" lon="99.756417"><time>2026-05-02T22:54:30.658Z</time></trkpt>
      <trkpt lat="29.799251" lon="99.756417"><time>2026-05-02T22:54:30.675Z</time></trkpt>
      <trkpt lat="29.799251" lon="99.756417"><time>2026-05-02T22:54:30.692Z</time></trkpt>
      <trkpt lat="29.799251" lon="99.756417"><time>2026-05-02T22:54:30.708Z</time></trkpt>
      <trkpt lat="29.799248" lon="99.756415"><time>2026-05-02T22:54:30.725Z</time></trkpt>
      <trkpt lat="29.799248" lon="99.756415"><time>2026-05-02T22:54:30.742Z</time></trkpt>
      <trkpt lat="29.799248" lon="99.756415"><time>2026-05-02T22:54:30.758Z</time></trkpt>
      <trkpt lat="29.799248" lon="99.756415"><time>2026-05-02T22:54:30.775Z</time></trkpt>
      <trkpt lat="29.799248" lon="99.756415"><time>2026-05-02T22:54:30.792Z</time></trkpt>
      <trkpt lat="29.799248" lon="99.756415"><time>2026-05-02T22:54:30.808Z</time></trkpt>
      <trkpt lat="29.799245" lon="99.756412"><time>2026-05-02T22:54:30.825Z</time></trkpt>
      <trkpt lat="29.799245" lon="99.756412"><time>2026-05-02T22:54:30.842Z</time></trkpt>
      <trkpt lat="29.799245" lon="99.756412"><time>2026-05-02T22:54:30.858Z</time></trkpt>
      <trkpt lat="29.799245" lon="99.756412"><time>2026-05-02T22:54:30.875Z</time></trkpt>
      <trkpt lat="29.799245" lon="99.756412"><time>2026-05-02T22:54:30.892Z</time></trkpt>
      <trkpt lat="29.799245" lon="99.756412"><time>2026-05-02T22:54:30.908Z</time></trkpt>
      <trkpt lat="29.799242" lon="99.756409"><time>2026-05-02T22:54:30.925Z</time></trkpt>
      <trkpt lat="29.799242" lon="99.756409"><time>2026-05-02T22:54:30.942Z</time></trkpt>
      <trkpt lat="29.799242" lon="99.756409"><time>2026-05-02T22:54:30.958Z</time></trkpt>
      <trkpt lat="29.799242" lon="99.756409"><time>2026-05-02T22:54:30.975Z</time></trkpt>
      <trkpt lat="29.799242" lon="99.756409"><time>2026-05-02T22:54:30.992Z</time></trkpt>
      <trkpt lat="29.799242" lon="99.756409"><time>2026-05-02T22:54:31.008Z</time></trkpt>
      <trkpt lat="29.799239" lon="99.756406"><time>2026-05-02T22:54:31.025Z</time></trkpt>
      <trkpt lat="29.799239" lon="99.756406"><time>2026-05-02T22:54:31.042Z</time></trkpt>
      <trkpt lat="29.799239" lon="99.756406"><time>2026-05-02T22:54:31.058Z</time></trkpt>
      <trkpt lat="29.799239" lon="99.756406"><time>2026-05-02T22:54:31.075Z</time></trkpt>
      <trkpt lat="29.799239" lon="99.756406"><time>2026-05-02T22:54:31.092Z</time></trkpt>
      <trkpt lat="29.799239" lon="99.756406"><time>2026-05-02T22:54:31.109Z</time></trkpt>
      <trkpt lat="29.799236" lon="99.756403"><time>2026-05-02T22:54:31.125Z</time></trkpt>
      <trkpt lat="29.799236" lon="99.756403"><time>2026-05-02T22:54:31.142Z</time></trkpt>
      <trkpt lat="29.799236" lon="99.756403"><time>2026-05-02T22:54:31.159Z</time></trkpt>
      <trkpt lat="29.799236" lon="99.756403"><time>2026-05-02T22:54:31.175Z</time></trkpt>
      <trkpt lat="29.799236" lon="99.756403"><time>2026-05-02T22:54:31.192Z</time></trkpt>
      <trkpt lat="29.799236" lon="99.756403"><time>2026-05-02T22:54:31.209Z</time></trkpt>
      <trkpt lat="29.799233" lon="99.7564"><time>2026-05-02T22:54:31.225Z</time></trkpt>
      <trkpt lat="29.799233" lon="99.7564"><time>2026-05-02T22:54:31.242Z</time></trkpt>
      <trkpt lat="29.799233" lon="99.7564"><time>2026-05-02T22:54:31.259Z</time></trkpt>
      <trkpt lat="29.799233" lon="99.7564"><time>2026-05-02T22:54:31.275Z</time></trkpt>
      <trkpt lat="29.799233" lon="99.7564"><time>2026-05-02T22:54:31.292Z</time></trkpt>
      <trkpt lat="29.799233" lon="99.7564"><time>2026-05-02T22:54:31.309Z</time></trkpt>
      <trkpt lat="29.79923" lon="99.756397"><time>2026-05-02T22:54:31.325Z</time></trkpt>
      <trkpt lat="29.79923" lon="99.756397"><time>2026-05-02T22:54:31.342Z</time></trkpt>
      <trkpt lat="29.79923" lon="99.756397"><time>2026-05-02T22:54:31.359Z</time></trkpt>
      <trkpt lat="29.79923" lon="99.756397"><time>2026-05-02T22:54:31.375Z</time></trkpt>
      <trkpt lat="29.79923" lon="99.756397"><time>2026-05-02T22:54:31.392Z</time></trkpt>
      <trkpt lat="29.79923" lon="99.756397"><time>2026-05-02T22:54:31.409Z</time></trkpt>
      <trkpt lat="29.799228" lon="99.756393"><time>2026-05-02T22:54:31.425Z</time></trkpt>
      <trkpt lat="29.799228" lon="99.756393"><time>2026-05-02T22:54:31.442Z</time></trkpt>
      <trkpt lat="29.799228" lon="99.756393"><time>2026-05-02T22:54:31.459Z</time></trkpt>
      <trkpt lat="29.799228" lon="99.756393"><time>2026-05-02T22:54:31.475Z</time></trkpt>
      <trkpt lat="29.799228" lon="99.756393"><time>2026-05-02T22:54:31.492Z</time></trkpt>
      <trkpt lat="29.799228" lon="99.756393"><time>2026-05-02T22:54:31.509Z</time></trkpt>
      <trkpt lat="29.799225" lon="99.756389"><time>2026-05-02T22:54:31.526Z</time></trkpt>
      <trkpt lat="29.799225" lon="99.756389"><time>2026-05-02T22:54:31.542Z</time></trkpt>
      <trkpt lat="29.799225" lon="99.756389"><time>2026-05-02T22:54:31.559Z</time></trkpt>
      <trkpt lat="29.799225" lon="99.756389"><time>2026-05-02T22:54:31.576Z</time></trkpt>
      <trkpt lat="29.799225" lon="99.756389"><time>2026-05-02T22:54:31.592Z</time></trkpt>
      <trkpt lat="29.799225" lon="99.756389"><time>2026-05-02T22:54:31.609Z</time></trkpt>
      <trkpt lat="29.799222" lon="99.756386"><time>2026-05-02T22:54:31.626Z</time></trkpt>
      <trkpt lat="29.799222" lon="99.756386"><time>2026-05-02T22:54:31.642Z</time></trkpt>
      <trkpt lat="29.799222" lon="99.756386"><time>2026-05-02T22:54:31.659Z</time></trkpt>
      <trkpt lat="29.799222" lon="99.756386"><time>2026-05-02T22:54:31.676Z</time></trkpt>
      <trkpt lat="29.799222" lon="99.756386"><time>2026-05-02T22:54:31.692Z</time></trkpt>
      <trkpt lat="29.799222" lon="99.756386"><time>2026-05-02T22:54:31.709Z</time></trkpt>
      <trkpt lat="29.79922" lon="99.756382"><time>2026-05-02T22:54:31.726Z</time></trkpt>
      <trkpt lat="29.79922" lon="99.756382"><time>2026-05-02T22:54:31.742Z</time></trkpt>
      <trkpt lat="29.79922" lon="99.756382"><time>2026-05-02T22:54:31.759Z</time></trkpt>
      <trkpt lat="29.79922" lon="99.756382"><time>2026-05-02T22:54:31.776Z</time></trkpt>
      <trkpt lat="29.79922" lon="99.756382"><time>2026-05-02T22:54:31.792Z</time></trkpt>
      <trkpt lat="29.79922" lon="99.756382"><time>2026-05-02T22:54:31.809Z</time></trkpt>
      <trkpt lat="29.799217" lon="99.756379"><time>2026-05-02T22:54:31.826Z</time></trkpt>
      <trkpt lat="29.799217" lon="99.756379"><time>2026-05-02T22:54:31.842Z</time></trkpt>
      <trkpt lat="29.799217" lon="99.756379"><time>2026-05-02T22:54:31.859Z</time></trkpt>
      <trkpt lat="29.799217" lon="99.756379"><time>2026-05-02T22:54:31.876Z</time></trkpt>
      <trkpt lat="29.799217" lon="99.756379"><time>2026-05-02T22:54:31.892Z</time></trkpt>
      <trkpt lat="29.799217" lon="99.756379"><time>2026-05-02T22:54:31.909Z</time></trkpt>
      <trkpt lat="29.799214" lon="99.756375"><time>2026-05-02T22:54:31.926Z</time></trkpt>
      <trkpt lat="29.799214" lon="99.756375"><time>2026-05-02T22:54:31.943Z</time></trkpt>
      <trkpt lat="29.799214" lon="99.756375"><time>2026-05-02T22:54:31.959Z</time></trkpt>
      <trkpt lat="29.799214" lon="99.756375"><time>2026-05-02T22:54:31.976Z</time></trkpt>
      <trkpt lat="29.799214" lon="99.756375"><time>2026-05-02T22:54:31.993Z</time></trkpt>
      <trkpt lat="29.799214" lon="99.756375"><time>2026-05-02T22:54:32.009Z</time></trkpt>
      <trkpt lat="29.799212" lon="99.756371"><time>2026-05-02T22:54:32.026Z</time></trkpt>
      <trkpt lat="29.799212" lon="99.756371"><time>2026-05-02T22:54:32.043Z</time></trkpt>
      <trkpt lat="29.799212" lon="99.756371"><time>2026-05-02T22:54:32.059Z</time></trkpt>
      <trkpt lat="29.799212" lon="99.756371"><time>2026-05-02T22:54:32.076Z</time></trkpt>
      <trkpt lat="29.799212" lon="99.756371"><time>2026-05-02T22:54:32.093Z</time></trkpt>
      <trkpt lat="29.799212" lon="99.756371"><time>2026-05-02T22:54:32.109Z</time></trkpt>
      <trkpt lat="29.79921" lon="99.756367"><time>2026-05-02T22:54:32.126Z</time></trkpt>
      <trkpt lat="29.79921" lon="99.756367"><time>2026-05-02T22:54:32.143Z</time></trkpt>
      <trkpt lat="29.79921" lon="99.756367"><time>2026-05-02T22:54:32.159Z</time></trkpt>
      <trkpt lat="29.79921" lon="99.756367"><time>2026-05-02T22:54:32.176Z</time></trkpt>
      <trkpt lat="29.79921" lon="99.756367"><time>2026-05-02T22:54:32.193Z</time></trkpt>
      <trkpt lat="29.79921" lon="99.756367"><time>2026-05-02T22:54:32.209Z</time></trkpt>
      <trkpt lat="29.799207" lon="99.756363"><time>2026-05-02T22:54:32.226Z</time></trkpt>
      <trkpt lat="29.799207" lon="99.756363"><time>2026-05-02T22:54:32.243Z</time></trkpt>
      <trkpt lat="29.799207" lon="99.756363"><time>2026-05-02T22:54:32.259Z</time></trkpt>
      <trkpt lat="29.799207" lon="99.756363"><time>2026-05-02T22:54:32.276Z</time></trkpt>
      <trkpt lat="29.799207" lon="99.756363"><time>2026-05-02T22:54:32.293Z</time></trkpt>
      <trkpt lat="29.799207" lon="99.756363"><time>2026-05-02T22:54:32.309Z</time></trkpt>
      <trkpt lat="29.799205" lon="99.756358"><time>2026-05-02T22:54:32.326Z</time></trkpt>
      <trkpt lat="29.799205" lon="99.756358"><time>2026-05-02T22:54:32.343Z</time></trkpt>
      <trkpt lat="29.799205" lon="99.756358"><time>2026-05-02T22:54:32.360Z</time></trkpt>
      <trkpt lat="29.799205" lon="99.756358"><time>2026-05-02T22:54:32.376Z</time></trkpt>
      <trkpt lat="29.799205" lon="99.756358"><time>2026-05-02T22:54:32.393Z</time></trkpt>
      <trkpt lat="29.799205" lon="99.756358"><time>2026-05-02T22:54:32.410Z</time></trkpt>
      <trkpt lat="29.799203" lon="99.756354"><time>2026-05-02T22:54:32.426Z</time></trkpt>
      <trkpt lat="29.799203" lon="99.756354"><time>2026-05-02T22:54:32.443Z</time></trkpt>
      <trkpt lat="29.799203" lon="99.756354"><time>2026-05-02T22:54:32.460Z</time></trkpt>
      <trkpt lat="29.799203" lon="99.756354"><time>2026-05-02T22:54:32.476Z</time></trkpt>
      <trkpt lat="29.799203" lon="99.756354"><time>2026-05-02T22:54:32.493Z</time></trkpt>
      <trkpt lat="29.799203" lon="99.756354"><time>2026-05-02T22:54:32.510Z</time></trkpt>
      <trkpt lat="29.799201" lon="99.756349"><time>2026-05-02T22:54:32.526Z</time></trkpt>
      <trkpt lat="29.799201" lon="99.756349"><time>2026-05-02T22:54:32.543Z</time></trkpt>
      <trkpt lat="29.799201" lon="99.756349"><time>2026-05-02T22:54:32.560Z</time></trkpt>
      <trkpt lat="29.799201" lon="99.756349"><time>2026-05-02T22:54:32.576Z</time></trkpt>
      <trkpt lat="29.799201" lon="99.756349"><time>2026-05-02T22:54:32.593Z</time></trkpt>
      <trkpt lat="29.799201" lon="99.756349"><time>2026-05-02T22:54:32.610Z</time></trkpt>
      <trkpt lat="29.799199" lon="99.756345"><time>2026-05-02T22:54:32.626Z</time></trkpt>
      <trkpt lat="29.799199" lon="99.756345"><time>2026-05-02T22:54:32.643Z</time></trkpt>
      <trkpt lat="29.799199" lon="99.756345"><time>2026-05-02T22:54:32.660Z</time></trkpt>
      <trkpt lat="29.799199" lon="99.756345"><time>2026-05-02T22:54:32.676Z</time></trkpt>
      <trkpt lat="29.799199" lon="99.756345"><time>2026-05-02T22:54:32.693Z</time></trkpt>
      <trkpt lat="29.799199" lon="99.756345"><time>2026-05-02T22:54:32.710Z</time></trkpt>
      <trkpt lat="29.799197" lon="99.75634"><time>2026-05-02T22:54:32.726Z</time></trkpt>
      <trkpt lat="29.799197" lon="99.75634"><time>2026-05-02T22:54:32.743Z</time></trkpt>
      <trkpt lat="29.799197" lon="99.75634"><time>2026-05-02T22:54:32.760Z</time></trkpt>
      <trkpt lat="29.799197" lon="99.75634"><time>2026-05-02T22:54:32.777Z</time></trkpt>
      <trkpt lat="29.799197" lon="99.75634"><time>2026-05-02T22:54:32.793Z</time></trkpt>
      <trkpt lat="29.799197" lon="99.75634"><time>2026-05-02T22:54:32.810Z</time></trkpt>
      <trkpt lat="29.799195" lon="99.756336"><time>2026-05-02T22:54:32.827Z</time></trkpt>
      <trkpt lat="29.799195" lon="99.756336"><time>2026-05-02T22:54:32.843Z</time></trkpt>
      <trkpt lat="29.799195" lon="99.756336"><time>2026-05-02T22:54:32.860Z</time></trkpt>
      <trkpt lat="29.799195" lon="99.756336"><time>2026-05-02T22:54:32.877Z</time></trkpt>
      <trkpt lat="29.799195" lon="99.756336"><time>2026-05-02T22:54:32.893Z</time></trkpt>
      <trkpt lat="29.799195" lon="99.756336"><time>2026-05-02T22:54:32.910Z</time></trkpt>
      <trkpt lat="29.799194" lon="99.756331"><time>2026-05-02T22:54:32.927Z</time></trkpt>
      <trkpt lat="29.799194" lon="99.756331"><time>2026-05-02T22:54:32.943Z</time></trkpt>
      <trkpt lat="29.799194" lon="99.756331"><time>2026-05-02T22:54:32.960Z</time></trkpt>
      <trkpt lat="29.799194" lon="99.756331"><time>2026-05-02T22:54:32.977Z</time></trkpt>
      <trkpt lat="29.799194" lon="99.756331"><time>2026-05-02T22:54:32.993Z</time></trkpt>
      <trkpt lat="29.799194" lon="99.756331"><time>2026-05-02T22:54:33.010Z</time></trkpt>
      <trkpt lat="29.799192" lon="99.756326"><time>2026-05-02T22:54:33.027Z</time></trkpt>
      <trkpt lat="29.799192" lon="99.756326"><time>2026-05-02T22:54:33.043Z</time></trkpt>
      <trkpt lat="29.799192" lon="99.756326"><time>2026-05-02T22:54:33.060Z</time></trkpt>
      <trkpt lat="29.799192" lon="99.756326"><time>2026-05-02T22:54:33.077Z</time></trkpt>
      <trkpt lat="29.799192" lon="99.756326"><time>2026-05-02T22:54:33.093Z</time></trkpt>
      <trkpt lat="29.799192" lon="99.756326"><time>2026-05-02T22:54:33.110Z</time></trkpt>
      <trkpt lat="29.79919" lon="99.756322"><time>2026-05-02T22:54:33.127Z</time></trkpt>
      <trkpt lat="29.79919" lon="99.756322"><time>2026-05-02T22:54:33.143Z</time></trkpt>
      <trkpt lat="29.79919" lon="99.756322"><time>2026-05-02T22:54:33.160Z</time></trkpt>
      <trkpt lat="29.79919" lon="99.756322"><time>2026-05-02T22:54:33.177Z</time></trkpt>
      <trkpt lat="29.79919" lon="99.756322"><time>2026-05-02T22:54:33.194Z</time></trkpt>
      <trkpt lat="29.79919" lon="99.756322"><time>2026-05-02T22:54:33.210Z</time></trkpt>
      <trkpt lat="29.799189" lon="99.756317"><time>2026-05-02T22:54:33.227Z</time></trkpt>
      <trkpt lat="29.799189" lon="99.756317"><time>2026-05-02T22:54:33.244Z</time></trkpt>
      <trkpt lat="29.799189" lon="99.756317"><time>2026-05-02T22:54:33.260Z</time></trkpt>
      <trkpt lat="29.799189" lon="99.756317"><time>2026-05-02T22:54:33.277Z</time></trkpt>
      <trkpt lat="29.799189" lon="99.756317"><time>2026-05-02T22:54:33.294Z</time></trkpt>
      <trkpt lat="29.799189" lon="99.756317"><time>2026-05-02T22:54:33.310Z</time></trkpt>
      <trkpt lat="29.799187" lon="99.756313"><time>2026-05-02T22:54:33.327Z</time></trkpt>
      <trkpt lat="29.799187" lon="99.756313"><time>2026-05-02T22:54:33.344Z</time></trkpt>
      <trkpt lat="29.799187" lon="99.756313"><time>2026-05-02T22:54:33.360Z</time></trkpt>
      <trkpt lat="29.799187" lon="99.756313"><time>2026-05-02T22:54:33.377Z</time></trkpt>
      <trkpt lat="29.799187" lon="99.756313"><time>2026-05-02T22:54:33.394Z</time></trkpt>
      <trkpt lat="29.799187" lon="99.756313"><time>2026-05-02T22:54:33.410Z</time></trkpt>
      <trkpt lat="29.799185" lon="99.756308"><time>2026-05-02T22:54:33.427Z</time></trkpt>
      <trkpt lat="29.799185" lon="99.756308"><time>2026-05-02T22:54:33.444Z</time></trkpt>
      <trkpt lat="29.799185" lon="99.756308"><time>2026-05-02T22:54:33.460Z</time></trkpt>
      <trkpt lat="29.799185" lon="99.756308"><time>2026-05-02T22:54:33.477Z</time></trkpt>
      <trkpt lat="29.799185" lon="99.756308"><time>2026-05-02T22:54:33.494Z</time></trkpt>
      <trkpt lat="29.799185" lon="99.756308"><time>2026-05-02T22:54:33.510Z</time></trkpt>
      <trkpt lat="29.799183" lon="99.756304"><time>2026-05-02T22:54:33.527Z</time></trkpt>
      <trkpt lat="29.799183" lon="99.756304"><time>2026-05-02T22:54:33.544Z</time></trkpt>
      <trkpt lat="29.799183" lon="99.756304"><time>2026-05-02T22:54:33.560Z</time></trkpt>
      <trkpt lat="29.799183" lon="99.756304"><time>2026-05-02T22:54:33.577Z</time></trkpt>
      <trkpt lat="29.799183" lon="99.756304"><time>2026-05-02T22:54:33.594Z</time></trkpt>
      <trkpt lat="29.799183" lon="99.756304"><time>2026-05-02T22:54:33.611Z</time></trkpt>
      <trkpt lat="29.799181" lon="99.7563"><time>2026-05-02T22:54:33.627Z</time></trkpt>
      <trkpt lat="29.799181" lon="99.7563"><time>2026-05-02T22:54:33.644Z</time></trkpt>
      <trkpt lat="29.799181" lon="99.7563"><time>2026-05-02T22:54:33.661Z</time></trkpt>
      <trkpt lat="29.799181" lon="99.7563"><time>2026-05-02T22:54:33.677Z</time></trkpt>
      <trkpt lat="29.799181" lon="99.7563"><time>2026-05-02T22:54:33.694Z</time></trkpt>
      <trkpt lat="29.799181" lon="99.7563"><time>2026-05-02T22:54:33.711Z</time></trkpt>
      <trkpt lat="29.799179" lon="99.756295"><time>2026-05-02T22:54:33.727Z</time></trkpt>
      <trkpt lat="29.799179" lon="99.756295"><time>2026-05-02T22:54:33.744Z</time></trkpt>
      <trkpt lat="29.799179" lon="99.756295"><time>2026-05-02T22:54:33.761Z</time></trkpt>
      <trkpt lat="29.799179" lon="99.756295"><time>2026-05-02T22:54:33.777Z</time></trkpt>
      <trkpt lat="29.799179" lon="99.756295"><time>2026-05-02T22:54:33.794Z</time></trkpt>
      <trkpt lat="29.799179" lon="99.756295"><time>2026-05-02T22:54:33.811Z</time></trkpt>
      <trkpt lat="29.799178" lon="99.756291"><time>2026-05-02T22:54:33.827Z</time></trkpt>
      <trkpt lat="29.799178" lon="99.756291"><time>2026-05-02T22:54:33.844Z</time></trkpt>
      <trkpt lat="29.799178" lon="99.756291"><time>2026-05-02T22:54:33.861Z</time></trkpt>
      <trkpt lat="29.799178" lon="99.756291"><time>2026-05-02T22:54:33.877Z</time></trkpt>
      <trkpt lat="29.799178" lon="99.756291"><time>2026-05-02T22:54:33.894Z</time></trkpt>
      <trkpt lat="29.799178" lon="99.756291"><time>2026-05-02T22:54:33.911Z</time></trkpt>
      <trkpt lat="29.799175" lon="99.756287"><time>2026-05-02T22:54:33.927Z</time></trkpt>
      <trkpt lat="29.799175" lon="99.756287"><time>2026-05-02T22:54:33.944Z</time></trkpt>
      <trkpt lat="29.799175" lon="99.756287"><time>2026-05-02T22:54:33.961Z</time></trkpt>
      <trkpt lat="29.799175" lon="99.756287"><time>2026-05-02T22:54:33.977Z</time></trkpt>
      <trkpt lat="29.799175" lon="99.756287"><time>2026-05-02T22:54:33.994Z</time></trkpt>
      <trkpt lat="29.799175" lon="99.756287"><time>2026-05-02T22:54:34.011Z</time></trkpt>
      <trkpt lat="29.799173" lon="99.756283"><time>2026-05-02T22:54:34.028Z</time></trkpt>
      <trkpt lat="29.799173" lon="99.756283"><time>2026-05-02T22:54:34.044Z</time></trkpt>
      <trkpt lat="29.799173" lon="99.756283"><time>2026-05-02T22:54:34.061Z</time></trkpt>
      <trkpt lat="29.799173" lon="99.756283"><time>2026-05-02T22:54:34.078Z</time></trkpt>
      <trkpt lat="29.799173" lon="99.756283"><time>2026-05-02T22:54:34.094Z</time></trkpt>
      <trkpt lat="29.799173" lon="99.756283"><time>2026-05-02T22:54:34.111Z</time></trkpt>
      <trkpt lat="29.799171" lon="99.756278"><time>2026-05-02T22:54:34.128Z</time></trkpt>
      <trkpt lat="29.799171" lon="99.756278"><time>2026-05-02T22:54:34.144Z</time></trkpt>
      <trkpt lat="29.799171" lon="99.756278"><time>2026-05-02T22:54:34.161Z</time></trkpt>
      <trkpt lat="29.799171" lon="99.756278"><time>2026-05-02T22:54:34.178Z</time></trkpt>
      <trkpt lat="29.799171" lon="99.756278"><time>2026-05-02T22:54:34.194Z</time></trkpt>
      <trkpt lat="29.799171" lon="99.756278"><time>2026-05-02T22:54:34.211Z</time></trkpt>
      <trkpt lat="29.799169" lon="99.756274"><time>2026-05-02T22:54:34.228Z</time></trkpt>
      <trkpt lat="29.799169" lon="99.756274"><time>2026-05-02T22:54:34.244Z</time></trkpt>
      <trkpt lat="29.799169" lon="99.756274"><time>2026-05-02T22:54:34.261Z</time></trkpt>
      <trkpt lat="29.799169" lon="99.756274"><time>2026-05-02T22:54:34.278Z</time></trkpt>
      <trkpt lat="29.799169" lon="99.756274"><time>2026-05-02T22:54:34.294Z</time></trkpt>
      <trkpt lat="29.799169" lon="99.756274"><time>2026-05-02T22:54:34.311Z</time></trkpt>
      <trkpt lat="29.799167" lon="99.75627"><time>2026-05-02T22:54:34.328Z</time></trkpt>
      <trkpt lat="29.799167" lon="99.75627"><time>2026-05-02T22:54:34.344Z</time></trkpt>
      <trkpt lat="29.799167" lon="99.75627"><time>2026-05-02T22:54:34.361Z</time></trkpt>
      <trkpt lat="29.799167" lon="99.75627"><time>2026-05-02T22:54:34.378Z</time></trkpt>
      <trkpt lat="29.799167" lon="99.75627"><time>2026-05-02T22:54:34.394Z</time></trkpt>
      <trkpt lat="29.799167" lon="99.75627"><time>2026-05-02T22:54:34.411Z</time></trkpt>
      <trkpt lat="29.799165" lon="99.756265"><time>2026-05-02T22:54:34.428Z</time></trkpt>
      <trkpt lat="29.799165" lon="99.756265"><time>2026-05-02T22:54:34.445Z</time></trkpt>
      <trkpt lat="29.799165" lon="99.756265"><time>2026-05-02T22:54:34.461Z</time></trkpt>
      <trkpt lat="29.799165" lon="99.756265"><time>2026-05-02T22:54:34.478Z</time></trkpt>
      <trkpt lat="29.799165" lon="99.756265"><time>2026-05-02T22:54:34.495Z</time></trkpt>
      <trkpt lat="29.799165" lon="99.756265"><time>2026-05-02T22:54:34.511Z</time></trkpt>
      <trkpt lat="29.799163" lon="99.756261"><time>2026-05-02T22:54:34.528Z</time></trkpt>
      <trkpt lat="29.799163" lon="99.756261"><time>2026-05-02T22:54:34.545Z</time></trkpt>
      <trkpt lat="29.799163" lon="99.756261"><time>2026-05-02T22:54:34.561Z</time></trkpt>
      <trkpt lat="29.799163" lon="99.756261"><time>2026-05-02T22:54:34.578Z</time></trkpt>
      <trkpt lat="29.799163" lon="99.756261"><time>2026-05-02T22:54:34.595Z</time></trkpt>
      <trkpt lat="29.799163" lon="99.756261"><time>2026-05-02T22:54:34.611Z</time></trkpt>
      <trkpt lat="29.799161" lon="99.756256"><time>2026-05-02T22:54:34.628Z</time></trkpt>
      <trkpt lat="29.799161" lon="99.756256"><time>2026-05-02T22:54:34.645Z</time></trkpt>
      <trkpt lat="29.799161" lon="99.756256"><time>2026-05-02T22:54:34.661Z</time></trkpt>
      <trkpt lat="29.799161" lon="99.756256"><time>2026-05-02T22:54:34.678Z</time></trkpt>
      <trkpt lat="29.799161" lon="99.756256"><time>2026-05-02T22:54:34.695Z</time></trkpt>
      <trkpt lat="29.799161" lon="99.756256"><time>2026-05-02T22:54:34.711Z</time></trkpt>
      <trkpt lat="29.799159" lon="99.756252"><time>2026-05-02T22:54:34.728Z</time></trkpt>
      <trkpt lat="29.799159" lon="99.756252"><time>2026-05-02T22:54:34.745Z</time></trkpt>
      <trkpt lat="29.799159" lon="99.756252"><time>2026-05-02T22:54:34.761Z</time></trkpt>
      <trkpt lat="29.799159" lon="99.756252"><time>2026-05-02T22:54:34.778Z</time></trkpt>
      <trkpt lat="29.799159" lon="99.756252"><time>2026-05-02T22:54:34.795Z</time></trkpt>
      <trkpt lat="29.799159" lon="99.756252"><time>2026-05-02T22:54:34.811Z</time></trkpt>
      <trkpt lat="29.799157" lon="99.756247"><time>2026-05-02T22:54:34.828Z</time></trkpt>
      <trkpt lat="29.799157" lon="99.756247"><time>2026-05-02T22:54:34.845Z</time></trkpt>
      <trkpt lat="29.799157" lon="99.756247"><time>2026-05-02T22:54:34.862Z</time></trkpt>
      <trkpt lat="29.799157" lon="99.756247"><time>2026-05-02T22:54:34.878Z</time></trkpt>
      <trkpt lat="29.799157" lon="99.756247"><time>2026-05-02T22:54:34.895Z</time></trkpt>
      <trkpt lat="29.799157" lon="99.756247"><time>2026-05-02T22:54:34.912Z</time></trkpt>
      <trkpt lat="29.799155" lon="99.756242"><time>2026-05-02T22:54:34.928Z</time></trkpt>
      <trkpt lat="29.799155" lon="99.756242"><time>2026-05-02T22:54:34.945Z</time></trkpt>
      <trkpt lat="29.799155" lon="99.756242"><time>2026-05-02T22:54:34.962Z</time></trkpt>
      <trkpt lat="29.799155" lon="99.756242"><time>2026-05-02T22:54:34.978Z</time></trkpt>
      <trkpt lat="29.799155" lon="99.756242"><time>2026-05-02T22:54:34.995Z</time></trkpt>
      <trkpt lat="29.799155" lon="99.756242"><time>2026-05-02T22:54:35.012Z</time></trkpt>
      <trkpt lat="29.799154" lon="99.756237"><time>2026-05-02T22:54:35.028Z</time></trkpt>
      <trkpt lat="29.799154" lon="99.756237"><time>2026-05-02T22:54:35.045Z</time></trkpt>
      <trkpt lat="29.799154" lon="99.756237"><time>2026-05-02T22:54:35.062Z</time></trkpt>
      <trkpt lat="29.799154" lon="99.756237"><time>2026-05-02T22:54:35.078Z</time></trkpt>
      <trkpt lat="29.799154" lon="99.756237"><time>2026-05-02T22:54:35.095Z</time></trkpt>
      <trkpt lat="29.799154" lon="99.756237"><time>2026-05-02T22:54:35.112Z</time></trkpt>
      <trkpt lat="29.799152" lon="99.756232"><time>2026-05-02T22:54:35.128Z</time></trkpt>
      <trkpt lat="29.799152" lon="99.756232"><time>2026-05-02T22:54:35.145Z</time></trkpt>
      <trkpt lat="29.799152" lon="99.756232"><time>2026-05-02T22:54:35.162Z</time></trkpt>
      <trkpt lat="29.799152" lon="99.756232"><time>2026-05-02T22:54:35.178Z</time></trkpt>
      <trkpt lat="29.799152" lon="99.756232"><time>2026-05-02T22:54:35.195Z</time></trkpt>
      <trkpt lat="29.799152" lon="99.756232"><time>2026-05-02T22:54:35.212Z</time></trkpt>
      <trkpt lat="29.799151" lon="99.756227"><time>2026-05-02T22:54:35.228Z</time></trkpt>
      <trkpt lat="29.799151" lon="99.756227"><time>2026-05-02T22:54:35.245Z</time></trkpt>
      <trkpt lat="29.799151" lon="99.756227"><time>2026-05-02T22:54:35.262Z</time></trkpt>
      <trkpt lat="29.799151" lon="99.756227"><time>2026-05-02T22:54:35.279Z</time></trkpt>
      <trkpt lat="29.799151" lon="99.756227"><time>2026-05-02T22:54:35.295Z</time></trkpt>
      <trkpt lat="29.799151" lon="99.756227"><time>2026-05-02T22:54:35.312Z</time></trkpt>
      <trkpt lat="29.79915" lon="99.756222"><time>2026-05-02T22:54:35.329Z</time></trkpt>
      <trkpt lat="29.79915" lon="99.756222"><time>2026-05-02T22:54:35.345Z</time></trkpt>
      <trkpt lat="29.79915" lon="99.756222"><time>2026-05-02T22:54:35.362Z</time></trkpt>
      <trkpt lat="29.79915" lon="99.756222"><time>2026-05-02T22:54:35.379Z</time></trkpt>
      <trkpt lat="29.79915" lon="99.756222"><time>2026-05-02T22:54:35.395Z</time></trkpt>
      <trkpt lat="29.79915" lon="99.756222"><time>2026-05-02T22:54:35.412Z</time></trkpt>
      <trkpt lat="29.799149" lon="99.756216"><time>2026-05-02T22:54:35.429Z</time></trkpt>
      <trkpt lat="29.799149" lon="99.756216"><time>2026-05-02T22:54:35.445Z</time></trkpt>
      <trkpt lat="29.799149" lon="99.756216"><time>2026-05-02T22:54:35.462Z</time></trkpt>
      <trkpt lat="29.799149" lon="99.756216"><time>2026-05-02T22:54:35.479Z</time></trkpt>
      <trkpt lat="29.799149" lon="99.756216"><time>2026-05-02T22:54:35.495Z</time></trkpt>
      <trkpt lat="29.799149" lon="99.756216"><time>2026-05-02T22:54:35.512Z</time></trkpt>
      <trkpt lat="29.799148" lon="99.756211"><time>2026-05-02T22:54:35.529Z</time></trkpt>
      <trkpt lat="29.799148" lon="99.756211"><time>2026-05-02T22:54:35.545Z</time></trkpt>
      <trkpt lat="29.799148" lon="99.756211"><time>2026-05-02T22:54:35.562Z</time></trkpt>
      <trkpt lat="29.799148" lon="99.756211"><time>2026-05-02T22:54:35.579Z</time></trkpt>
      <trkpt lat="29.799148" lon="99.756211"><time>2026-05-02T22:54:35.595Z</time></trkpt>
      <trkpt lat="29.799148" lon="99.756211"><time>2026-05-02T22:54:35.612Z</time></trkpt>
      <trkpt lat="29.799147" lon="99.756205"><time>2026-05-02T22:54:35.629Z</time></trkpt>
      <trkpt lat="29.799147" lon="99.756205"><time>2026-05-02T22:54:35.645Z</time></trkpt>
      <trkpt lat="29.799147" lon="99.756205"><time>2026-05-02T22:54:35.662Z</time></trkpt>
      <trkpt lat="29.799147" lon="99.756205"><time>2026-05-02T22:54:35.679Z</time></trkpt>
      <trkpt lat="29.799147" lon="99.756205"><time>2026-05-02T22:54:35.696Z</time></trkpt>
      <trkpt lat="29.799147" lon="99.756205"><time>2026-05-02T22:54:35.712Z</time></trkpt>
      <trkpt lat="29.799146" lon="99.756198"><time>2026-05-02T22:54:35.729Z</time></trkpt>
      <trkpt lat="29.799146" lon="99.756198"><time>2026-05-02T22:54:35.746Z</time></trkpt>
      <trkpt lat="29.799146" lon="99.756198"><time>2026-05-02T22:54:35.762Z</time></trkpt>
      <trkpt lat="29.799146" lon="99.756198"><time>2026-05-02T22:54:35.779Z</time></trkpt>
      <trkpt lat="29.799146" lon="99.756198"><time>2026-05-02T22:54:35.796Z</time></trkpt>
      <trkpt lat="29.799146" lon="99.756198"><time>2026-05-02T22:54:35.812Z</time></trkpt>
      <trkpt lat="29.799145" lon="99.756193"><time>2026-05-02T22:54:35.829Z</time></trkpt>
      <trkpt lat="29.799145" lon="99.756193"><time>2026-05-02T22:54:35.846Z</time></trkpt>
      <trkpt lat="29.799145" lon="99.756193"><time>2026-05-02T22:54:35.862Z</time></trkpt>
      <trkpt lat="29.799145" lon="99.756193"><time>2026-05-02T22:54:35.879Z</time></trkpt>
      <trkpt lat="29.799145" lon="99.756193"><time>2026-05-02T22:54:35.896Z</time></trkpt>
      <trkpt lat="29.799145" lon="99.756193"><time>2026-05-02T22:54:35.912Z</time></trkpt>
      <trkpt lat="29.799145" lon="99.756186"><time>2026-05-02T22:54:35.929Z</time></trkpt>
      <trkpt lat="29.799145" lon="99.756186"><time>2026-05-02T22:54:35.946Z</time></trkpt>
      <trkpt lat="29.799145" lon="99.756186"><time>2026-05-02T22:54:35.962Z</time></trkpt>
      <trkpt lat="29.799145" lon="99.756186"><time>2026-05-02T22:54:35.979Z</time></trkpt>
      <trkpt lat="29.799145" lon="99.756186"><time>2026-05-02T22:54:35.996Z</time></trkpt>
      <trkpt lat="29.799145" lon="99.756186"><time>2026-05-02T22:54:36.012Z</time></trkpt>
      <trkpt lat="29.799144" lon="99.756181"><time>2026-05-02T22:54:36.029Z</time></trkpt>
      <trkpt lat="29.799144" lon="99.756181"><time>2026-05-02T22:54:36.046Z</time></trkpt>
      <trkpt lat="29.799144" lon="99.756181"><time>2026-05-02T22:54:36.062Z</time></trkpt>
      <trkpt lat="29.799144" lon="99.756181"><time>2026-05-02T22:54:36.079Z</time></trkpt>
      <trkpt lat="29.799144" lon="99.756181"><time>2026-05-02T22:54:36.096Z</time></trkpt>
      <trkpt lat="29.799144" lon="99.756181"><time>2026-05-02T22:54:36.113Z</time></trkpt>
      <trkpt lat="29.799144" lon="99.756175"><time>2026-05-02T22:54:36.129Z</time></trkpt>
      <trkpt lat="29.799144" lon="99.756175"><time>2026-05-02T22:54:36.146Z</time></trkpt>
      <trkpt lat="29.799144" lon="99.756175"><time>2026-05-02T22:54:36.163Z</time></trkpt>
      <trkpt lat="29.799144" lon="99.756175"><time>2026-05-02T22:54:36.179Z</time></trkpt>
      <trkpt lat="29.799144" lon="99.756175"><time>2026-05-02T22:54:36.196Z</time></trkpt>
      <trkpt lat="29.799144" lon="99.756175"><time>2026-05-02T22:54:36.213Z</time></trkpt>
      <trkpt lat="29.799143" lon="99.756169"><time>2026-05-02T22:54:36.229Z</time></trkpt>
      <trkpt lat="29.799143" lon="99.756169"><time>2026-05-02T22:54:36.246Z</time></trkpt>
      <trkpt lat="29.799143" lon="99.756169"><time>2026-05-02T22:54:36.263Z</time></trkpt>
      <trkpt lat="29.799143" lon="99.756169"><time>2026-05-02T22:54:36.279Z</time></trkpt>
      <trkpt lat="29.799143" lon="99.756169"><time>2026-05-02T22:54:36.296Z</time></trkpt>
      <trkpt lat="29.799143" lon="99.756169"><time>2026-05-02T22:54:36.313Z</time></trkpt>
      <trkpt lat="29.799143" lon="99.756163"><time>2026-05-02T22:54:36.329Z</time></trkpt>
      <trkpt lat="29.799143" lon="99.756163"><time>2026-05-02T22:54:36.346Z</time></trkpt>
      <trkpt lat="29.799143" lon="99.756163"><time>2026-05-02T22:54:36.363Z</time></trkpt>
      <trkpt lat="29.799143" lon="99.756163"><time>2026-05-02T22:54:36.379Z</time></trkpt>
      <trkpt lat="29.799143" lon="99.756163"><time>2026-05-02T22:54:36.396Z</time></trkpt>
      <trkpt lat="29.799143" lon="99.756163"><time>2026-05-02T22:54:36.413Z</time></trkpt>
      <trkpt lat="29.799142" lon="99.756157"><time>2026-05-02T22:54:36.429Z</time></trkpt>
      <trkpt lat="29.799142" lon="99.756157"><time>2026-05-02T22:54:36.446Z</time></trkpt>
      <trkpt lat="29.799142" lon="99.756157"><time>2026-05-02T22:54:36.463Z</time></trkpt>
      <trkpt lat="29.799142" lon="99.756157"><time>2026-05-02T22:54:36.479Z</time></trkpt>
      <trkpt lat="29.799142" lon="99.756157"><time>2026-05-02T22:54:36.496Z</time></trkpt>
      <trkpt lat="29.799142" lon="99.756157"><time>2026-05-02T22:54:36.513Z</time></trkpt>
      <trkpt lat="29.799142" lon="99.756151"><time>2026-05-02T22:54:36.530Z</time></trkpt>
      <trkpt lat="29.799142" lon="99.756151"><time>2026-05-02T22:54:36.546Z</time></trkpt>
      <trkpt lat="29.799142" lon="99.756151"><time>2026-05-02T22:54:36.563Z</time></trkpt>
      <trkpt lat="29.799142" lon="99.756151"><time>2026-05-02T22:54:36.580Z</time></trkpt>
      <trkpt lat="29.799142" lon="99.756151"><time>2026-05-02T22:54:36.596Z</time></trkpt>
      <trkpt lat="29.799142" lon="99.756151"><time>2026-05-02T22:54:36.613Z</time></trkpt>
      <trkpt lat="29.799141" lon="99.756146"><time>2026-05-02T22:54:36.630Z</time></trkpt>
      <trkpt lat="29.799141" lon="99.756146"><time>2026-05-02T22:54:36.646Z</time></trkpt>
      <trkpt lat="29.799141" lon="99.756146"><time>2026-05-02T22:54:36.663Z</time></trkpt>
      <trkpt lat="29.799141" lon="99.756146"><time>2026-05-02T22:54:36.680Z</time></trkpt>
      <trkpt lat="29.799141" lon="99.756146"><time>2026-05-02T22:54:36.696Z</time></trkpt>
      <trkpt lat="29.799141" lon="99.756146"><time>2026-05-02T22:54:36.713Z</time></trkpt>
      <trkpt lat="29.799141" lon="99.75614"><time>2026-05-02T22:54:36.730Z</time></trkpt>
      <trkpt lat="29.799141" lon="99.75614"><time>2026-05-02T22:54:36.746Z</time></trkpt>
      <trkpt lat="29.799141" lon="99.75614"><time>2026-05-02T22:54:36.763Z</time></trkpt>
      <trkpt lat="29.799141" lon="99.75614"><time>2026-05-02T22:54:36.780Z</time></trkpt>
      <trkpt lat="29.799141" lon="99.75614"><time>2026-05-02T22:54:36.796Z</time></trkpt>
      <trkpt lat="29.799141" lon="99.75614"><time>2026-05-02T22:54:36.813Z</time></trkpt>
      <trkpt lat="29.79914" lon="99.756134"><time>2026-05-02T22:54:36.830Z</time></trkpt>
      <trkpt lat="29.79914" lon="99.756134"><time>2026-05-02T22:54:36.846Z</time></trkpt>
      <trkpt lat="29.79914" lon="99.756134"><time>2026-05-02T22:54:36.863Z</time></trkpt>
      <trkpt lat="29.79914" lon="99.756134"><time>2026-05-02T22:54:36.880Z</time></trkpt>
      <trkpt lat="29.79914" lon="99.756134"><time>2026-05-02T22:54:36.896Z</time></trkpt>
      <trkpt lat="29.79914" lon="99.756134"><time>2026-05-02T22:54:36.913Z</time></trkpt>
      <trkpt lat="29.79914" lon="99.756128"><time>2026-05-02T22:54:36.930Z</time></trkpt>
      <trkpt lat="29.79914" lon="99.756128"><time>2026-05-02T22:54:36.947Z</time></trkpt>
      <trkpt lat="29.79914" lon="99.756128"><time>2026-05-02T22:54:36.963Z</time></trkpt>
      <trkpt lat="29.79914" lon="99.756128"><time>2026-05-02T22:54:36.980Z</time></trkpt>
      <trkpt lat="29.79914" lon="99.756128"><time>2026-05-02T22:54:36.997Z</time></trkpt>
      <trkpt lat="29.79914" lon="99.756128"><time>2026-05-02T22:54:37.013Z</time></trkpt>
      <trkpt lat="29.799139" lon="99.756122"><time>2026-05-02T22:54:37.030Z</time></trkpt>
      <trkpt lat="29.799139" lon="99.756122"><time>2026-05-02T22:54:37.047Z</time></trkpt>
      <trkpt lat="29.799139" lon="99.756122"><time>2026-05-02T22:54:37.063Z</time></trkpt>
      <trkpt lat="29.799139" lon="99.756122"><time>2026-05-02T22:54:37.080Z</time></trkpt>
      <trkpt lat="29.799139" lon="99.756122"><time>2026-05-02T22:54:37.097Z</time></trkpt>
      <trkpt lat="29.799139" lon="99.756122"><time>2026-05-02T22:54:37.113Z</time></trkpt>
      <trkpt lat="29.799139" lon="99.756117"><time>2026-05-02T22:54:37.130Z</time></trkpt>
      <trkpt lat="29.799139" lon="99.756117"><time>2026-05-02T22:54:37.147Z</time></trkpt>
      <trkpt lat="29.799139" lon="99.756117"><time>2026-05-02T22:54:37.163Z</time></trkpt>
      <trkpt lat="29.799139" lon="99.756117"><time>2026-05-02T22:54:37.180Z</time></trkpt>
      <trkpt lat="29.799139" lon="99.756117"><time>2026-05-02T22:54:37.197Z</time></trkpt>
      <trkpt lat="29.799139" lon="99.756117"><time>2026-05-02T22:54:37.213Z</time></trkpt>
      <trkpt lat="29.799138" lon="99.756111"><time>2026-05-02T22:54:37.230Z</time></trkpt>
      <trkpt lat="29.799138" lon="99.756111"><time>2026-05-02T22:54:37.247Z</time></trkpt>
      <trkpt lat="29.799138" lon="99.756111"><time>2026-05-02T22:54:37.263Z</time></trkpt>
      <trkpt lat="29.799138" lon="99.756111"><time>2026-05-02T22:54:37.280Z</time></trkpt>
      <trkpt lat="29.799138" lon="99.756111"><time>2026-05-02T22:54:37.297Z</time></trkpt>
      <trkpt lat="29.799138" lon="99.756111"><time>2026-05-02T22:54:37.313Z</time></trkpt>
      <trkpt lat="29.799138" lon="99.756105"><time>2026-05-02T22:54:37.330Z</time></trkpt>
      <trkpt lat="29.799138" lon="99.756105"><time>2026-05-02T22:54:37.347Z</time></trkpt>
      <trkpt lat="29.799138" lon="99.756105"><time>2026-05-02T22:54:37.364Z</time></trkpt>
      <trkpt lat="29.799138" lon="99.756105"><time>2026-05-02T22:54:37.380Z</time></trkpt>
      <trkpt lat="29.799138" lon="99.756105"><time>2026-05-02T22:54:37.397Z</time></trkpt>
      <trkpt lat="29.799138" lon="99.756105"><time>2026-05-02T22:54:37.414Z</time></trkpt>
      <trkpt lat="29.799138" lon="99.756099"><time>2026-05-02T22:54:37.430Z</time></trkpt>
      <trkpt lat="29.799138" lon="99.756099"><time>2026-05-02T22:54:37.447Z</time></trkpt>
      <trkpt lat="29.799138" lon="99.756099"><time>2026-05-02T22:54:37.464Z</time></trkpt>
      <trkpt lat="29.799138" lon="99.756099"><time>2026-05-02T22:54:37.480Z</time></trkpt>
      <trkpt lat="29.799138" lon="99.756099"><time>2026-05-02T22:54:37.497Z</time></trkpt>
      <trkpt lat="29.799138" lon="99.756099"><time>2026-05-02T22:54:37.514Z</time></trkpt>
      <trkpt lat="29.799138" lon="99.756094"><time>2026-05-02T22:54:37.530Z</time></trkpt>
      <trkpt lat="29.799138" lon="99.756094"><time>2026-05-02T22:54:37.547Z</time></trkpt>
      <trkpt lat="29.799138" lon="99.756094"><time>2026-05-02T22:54:37.564Z</time></trkpt>
      <trkpt lat="29.799138" lon="99.756094"><time>2026-05-02T22:54:37.580Z</time></trkpt>
      <trkpt lat="29.799138" lon="99.756094"><time>2026-05-02T22:54:37.597Z</time></trkpt>
      <trkpt lat="29.799138" lon="99.756094"><time>2026-05-02T22:54:37.614Z</time></trkpt>
      <trkpt lat="29.799138" lon="99.756087"><time>2026-05-02T22:54:37.630Z</time></trkpt>
      <trkpt lat="29.799138" lon="99.756087"><time>2026-05-02T22:54:37.647Z</time></trkpt>
      <trkpt lat="29.799138" lon="99.756087"><time>2026-05-02T22:54:37.664Z</time></trkpt>
      <trkpt lat="29.799138" lon="99.756087"><time>2026-05-02T22:54:37.680Z</time></trkpt>
      <trkpt lat="29.799138" lon="99.756087"><time>2026-05-02T22:54:37.697Z</time></trkpt>
      <trkpt lat="29.799138" lon="99.756087"><time>2026-05-02T22:54:37.714Z</time></trkpt>
      <trkpt lat="29.799138" lon="99.756082"><time>2026-05-02T22:54:37.730Z</time></trkpt>
      <trkpt lat="29.799138" lon="99.756082"><time>2026-05-02T22:54:37.747Z</time></trkpt>
      <trkpt lat="29.799138" lon="99.756082"><time>2026-05-02T22:54:37.764Z</time></trkpt>
      <trkpt lat="29.799138" lon="99.756082"><time>2026-05-02T22:54:37.781Z</time></trkpt>
      <trkpt lat="29.799138" lon="99.756082"><time>2026-05-02T22:54:37.797Z</time></trkpt>
      <trkpt lat="29.799138" lon="99.756082"><time>2026-05-02T22:54:37.814Z</time></trkpt>
      <trkpt lat="29.799138" lon="99.756076"><time>2026-05-02T22:54:37.831Z</time></trkpt>
      <trkpt lat="29.799138" lon="99.756076"><time>2026-05-02T22:54:37.847Z</time></trkpt>
      <trkpt lat="29.799138" lon="99.756076"><time>2026-05-02T22:54:37.864Z</time></trkpt>
      <trkpt lat="29.799138" lon="99.756076"><time>2026-05-02T22:54:37.881Z</time></trkpt>
      <trkpt lat="29.799138" lon="99.756076"><time>2026-05-02T22:54:37.897Z</time></trkpt>
      <trkpt lat="29.799138" lon="99.756076"><time>2026-05-02T22:54:37.914Z</time></trkpt>
      <trkpt lat="29.799138" lon="99.756069"><time>2026-05-02T22:54:37.931Z</time></trkpt>
      <trkpt lat="29.799138" lon="99.756069"><time>2026-05-02T22:54:37.947Z</time></trkpt>
      <trkpt lat="29.799138" lon="99.756069"><time>2026-05-02T22:54:37.964Z</time></trkpt>
      <trkpt lat="29.799138" lon="99.756069"><time>2026-05-02T22:54:37.981Z</time></trkpt>
      <trkpt lat="29.799138" lon="99.756069"><time>2026-05-02T22:54:37.997Z</time></trkpt>
      <trkpt lat="29.799138" lon="99.756069"><time>2026-05-02T22:54:38.014Z</time></trkpt>
      <trkpt lat="29.799139" lon="99.756064"><time>2026-05-02T22:54:38.031Z</time></trkpt>
      <trkpt lat="29.799139" lon="99.756064"><time>2026-05-02T22:54:38.047Z</time></trkpt>
      <trkpt lat="29.799139" lon="99.756064"><time>2026-05-02T22:54:38.064Z</time></trkpt>
      <trkpt lat="29.799139" lon="99.756064"><time>2026-05-02T22:54:38.081Z</time></trkpt>
      <trkpt lat="29.799139" lon="99.756064"><time>2026-05-02T22:54:38.097Z</time></trkpt>
      <trkpt lat="29.799139" lon="99.756064"><time>2026-05-02T22:54:38.114Z</time></trkpt>
      <trkpt lat="29.799139" lon="99.756057"><time>2026-05-02T22:54:38.131Z</time></trkpt>
      <trkpt lat="29.799139" lon="99.756057"><time>2026-05-02T22:54:38.147Z</time></trkpt>
      <trkpt lat="29.799139" lon="99.756057"><time>2026-05-02T22:54:38.164Z</time></trkpt>
      <trkpt lat="29.799139" lon="99.756057"><time>2026-05-02T22:54:38.181Z</time></trkpt>
      <trkpt lat="29.799139" lon="99.756057"><time>2026-05-02T22:54:38.198Z</time></trkpt>
      <trkpt lat="29.799139" lon="99.756057"><time>2026-05-02T22:54:38.214Z</time></trkpt>
      <trkpt lat="29.79914" lon="99.756052"><time>2026-05-02T22:54:38.231Z</time></trkpt>
      <trkpt lat="29.79914" lon="99.756052"><time>2026-05-02T22:54:38.248Z</time></trkpt>
      <trkpt lat="29.79914" lon="99.756052"><time>2026-05-02T22:54:38.264Z</time></trkpt>
      <trkpt lat="29.79914" lon="99.756052"><time>2026-05-02T22:54:38.281Z</time></trkpt>
      <trkpt lat="29.79914" lon="99.756052"><time>2026-05-02T22:54:38.298Z</time></trkpt>
      <trkpt lat="29.79914" lon="99.756052"><time>2026-05-02T22:54:38.314Z</time></trkpt>
      <trkpt lat="29.79914" lon="99.756046"><time>2026-05-02T22:54:38.331Z</time></trkpt>
      <trkpt lat="29.79914" lon="99.756046"><time>2026-05-02T22:54:38.348Z</time></trkpt>
      <trkpt lat="29.79914" lon="99.756046"><time>2026-05-02T22:54:38.364Z</time></trkpt>
      <trkpt lat="29.79914" lon="99.756046"><time>2026-05-02T22:54:38.381Z</time></trkpt>
      <trkpt lat="29.79914" lon="99.756046"><time>2026-05-02T22:54:38.398Z</time></trkpt>
      <trkpt lat="29.79914" lon="99.756046"><time>2026-05-02T22:54:38.414Z</time></trkpt>
      <trkpt lat="29.799141" lon="99.756039"><time>2026-05-02T22:54:38.431Z</time></trkpt>
      <trkpt lat="29.799141" lon="99.756039"><time>2026-05-02T22:54:38.448Z</time></trkpt>
      <trkpt lat="29.799141" lon="99.756039"><time>2026-05-02T22:54:38.464Z</time></trkpt>
      <trkpt lat="29.799141" lon="99.756039"><time>2026-05-02T22:54:38.481Z</time></trkpt>
      <trkpt lat="29.799141" lon="99.756039"><time>2026-05-02T22:54:38.498Z</time></trkpt>
      <trkpt lat="29.799141" lon="99.756039"><time>2026-05-02T22:54:38.514Z</time></trkpt>
      <trkpt lat="29.799142" lon="99.756033"><time>2026-05-02T22:54:38.531Z</time></trkpt>
      <trkpt lat="29.799142" lon="99.756033"><time>2026-05-02T22:54:38.548Z</time></trkpt>
      <trkpt lat="29.799142" lon="99.756033"><time>2026-05-02T22:54:38.564Z</time></trkpt>
      <trkpt lat="29.799142" lon="99.756033"><time>2026-05-02T22:54:38.581Z</time></trkpt>
      <trkpt lat="29.799142" lon="99.756033"><time>2026-05-02T22:54:38.598Z</time></trkpt>
      <trkpt lat="29.799142" lon="99.756033"><time>2026-05-02T22:54:38.615Z</time></trkpt>
      <trkpt lat="29.799142" lon="99.756027"><time>2026-05-02T22:54:38.631Z</time></trkpt>
      <trkpt lat="29.799142" lon="99.756027"><time>2026-05-02T22:54:38.648Z</time></trkpt>
      <trkpt lat="29.799142" lon="99.756027"><time>2026-05-02T22:54:38.665Z</time></trkpt>
      <trkpt lat="29.799142" lon="99.756027"><time>2026-05-02T22:54:38.681Z</time></trkpt>
      <trkpt lat="29.799142" lon="99.756027"><time>2026-05-02T22:54:38.698Z</time></trkpt>
      <trkpt lat="29.799142" lon="99.756027"><time>2026-05-02T22:54:38.715Z</time></trkpt>
      <trkpt lat="29.799143" lon="99.756021"><time>2026-05-02T22:54:38.731Z</time></trkpt>
      <trkpt lat="29.799143" lon="99.756021"><time>2026-05-02T22:54:38.748Z</time></trkpt>
      <trkpt lat="29.799143" lon="99.756021"><time>2026-05-02T22:54:38.765Z</time></trkpt>
      <trkpt lat="29.799143" lon="99.756021"><time>2026-05-02T22:54:38.781Z</time></trkpt>
      <trkpt lat="29.799143" lon="99.756021"><time>2026-05-02T22:54:38.798Z</time></trkpt>
      <trkpt lat="29.799143" lon="99.756021"><time>2026-05-02T22:54:38.815Z</time></trkpt>
      <trkpt lat="29.799144" lon="99.756015"><time>2026-05-02T22:54:38.831Z</time></trkpt>
      <trkpt lat="29.799144" lon="99.756015"><time>2026-05-02T22:54:38.848Z</time></trkpt>
      <trkpt lat="29.799144" lon="99.756015"><time>2026-05-02T22:54:38.865Z</time></trkpt>
      <trkpt lat="29.799144" lon="99.756015"><time>2026-05-02T22:54:38.881Z</time></trkpt>
      <trkpt lat="29.799144" lon="99.756015"><time>2026-05-02T22:54:38.898Z</time></trkpt>
      <trkpt lat="29.799144" lon="99.756015"><time>2026-05-02T22:54:38.915Z</time></trkpt>
      <trkpt lat="29.799145" lon="99.756009"><time>2026-05-02T22:54:38.931Z</time></trkpt>
      <trkpt lat="29.799145" lon="99.756009"><time>2026-05-02T22:54:38.948Z</time></trkpt>
      <trkpt lat="29.799145" lon="99.756009"><time>2026-05-02T22:54:38.965Z</time></trkpt>
      <trkpt lat="29.799145" lon="99.756009"><time>2026-05-02T22:54:38.981Z</time></trkpt>
      <trkpt lat="29.799145" lon="99.756009"><time>2026-05-02T22:54:38.998Z</time></trkpt>
      <trkpt lat="29.799145" lon="99.756009"><time>2026-05-02T22:54:39.015Z</time></trkpt>
      <trkpt lat="29.799145" lon="99.756003"><time>2026-05-02T22:54:39.032Z</time></trkpt>
      <trkpt lat="29.799145" lon="99.756003"><time>2026-05-02T22:54:39.048Z</time></trkpt>
      <trkpt lat="29.799145" lon="99.756003"><time>2026-05-02T22:54:39.065Z</time></trkpt>
      <trkpt lat="29.799145" lon="99.756003"><time>2026-05-02T22:54:39.082Z</time></trkpt>
      <trkpt lat="29.799145" lon="99.756003"><time>2026-05-02T22:54:39.098Z</time></trkpt>
      <trkpt lat="29.799145" lon="99.756003"><time>2026-05-02T22:54:39.115Z</time></trkpt>
      <trkpt lat="29.799146" lon="99.755997"><time>2026-05-02T22:54:39.132Z</time></trkpt>
      <trkpt lat="29.799146" lon="99.755997"><time>2026-05-02T22:54:39.148Z</time></trkpt>
      <trkpt lat="29.799146" lon="99.755997"><time>2026-05-02T22:54:39.165Z</time></trkpt>
      <trkpt lat="29.799146" lon="99.755997"><time>2026-05-02T22:54:39.182Z</time></trkpt>
      <trkpt lat="29.799146" lon="99.755997"><time>2026-05-02T22:54:39.198Z</time></trkpt>
      <trkpt lat="29.799146" lon="99.755997"><time>2026-05-02T22:54:39.215Z</time></trkpt>
      <trkpt lat="29.799147" lon="99.755991"><time>2026-05-02T22:54:39.232Z</time></trkpt>
      <trkpt lat="29.799147" lon="99.755991"><time>2026-05-02T22:54:39.248Z</time></trkpt>
      <trkpt lat="29.799147" lon="99.755991"><time>2026-05-02T22:54:39.265Z</time></trkpt>
      <trkpt lat="29.799147" lon="99.755991"><time>2026-05-02T22:54:39.282Z</time></trkpt>
      <trkpt lat="29.799147" lon="99.755991"><time>2026-05-02T22:54:39.298Z</time></trkpt>
      <trkpt lat="29.799147" lon="99.755991"><time>2026-05-02T22:54:39.315Z</time></trkpt>
      <trkpt lat="29.799148" lon="99.755985"><time>2026-05-02T22:54:39.332Z</time></trkpt>
      <trkpt lat="29.799148" lon="99.755985"><time>2026-05-02T22:54:39.348Z</time></trkpt>
      <trkpt lat="29.799148" lon="99.755985"><time>2026-05-02T22:54:39.365Z</time></trkpt>
      <trkpt lat="29.799148" lon="99.755985"><time>2026-05-02T22:54:39.382Z</time></trkpt>
      <trkpt lat="29.799148" lon="99.755985"><time>2026-05-02T22:54:39.398Z</time></trkpt>
      <trkpt lat="29.799148" lon="99.755985"><time>2026-05-02T22:54:39.415Z</time></trkpt>
      <trkpt lat="29.799149" lon="99.75598"><time>2026-05-02T22:54:39.432Z</time></trkpt>
      <trkpt lat="29.799149" lon="99.75598"><time>2026-05-02T22:54:39.449Z</time></trkpt>
      <trkpt lat="29.799149" lon="99.75598"><time>2026-05-02T22:54:39.465Z</time></trkpt>
      <trkpt lat="29.799149" lon="99.75598"><time>2026-05-02T22:54:39.482Z</time></trkpt>
      <trkpt lat="29.799149" lon="99.75598"><time>2026-05-02T22:54:39.499Z</time></trkpt>
      <trkpt lat="29.799149" lon="99.75598"><time>2026-05-02T22:54:39.515Z</time></trkpt>
      <trkpt lat="29.79915" lon="99.755975"><time>2026-05-02T22:54:39.532Z</time></trkpt>
      <trkpt lat="29.79915" lon="99.755975"><time>2026-05-02T22:54:39.549Z</time></trkpt>
      <trkpt lat="29.79915" lon="99.755975"><time>2026-05-02T22:54:39.565Z</time></trkpt>
      <trkpt lat="29.79915" lon="99.755975"><time>2026-05-02T22:54:39.582Z</time></trkpt>
      <trkpt lat="29.79915" lon="99.755975"><time>2026-05-02T22:54:39.599Z</time></trkpt>
      <trkpt lat="29.79915" lon="99.755975"><time>2026-05-02T22:54:39.615Z</time></trkpt>
      <trkpt lat="29.799152" lon="99.755969"><time>2026-05-02T22:54:39.632Z</time></trkpt>
      <trkpt lat="29.799152" lon="99.755969"><time>2026-05-02T22:54:39.649Z</time></trkpt>
      <trkpt lat="29.799152" lon="99.755969"><time>2026-05-02T22:54:39.665Z</time></trkpt>
      <trkpt lat="29.799152" lon="99.755969"><time>2026-05-02T22:54:39.682Z</time></trkpt>
      <trkpt lat="29.799152" lon="99.755969"><time>2026-05-02T22:54:39.699Z</time></trkpt>
      <trkpt lat="29.799152" lon="99.755969"><time>2026-05-02T22:54:39.715Z</time></trkpt>
      <trkpt lat="29.799153" lon="99.755963"><time>2026-05-02T22:54:39.732Z</time></trkpt>
      <trkpt lat="29.799153" lon="99.755963"><time>2026-05-02T22:54:39.749Z</time></trkpt>
      <trkpt lat="29.799153" lon="99.755963"><time>2026-05-02T22:54:39.765Z</time></trkpt>
      <trkpt lat="29.799153" lon="99.755963"><time>2026-05-02T22:54:39.782Z</time></trkpt>
      <trkpt lat="29.799153" lon="99.755963"><time>2026-05-02T22:54:39.799Z</time></trkpt>
      <trkpt lat="29.799153" lon="99.755963"><time>2026-05-02T22:54:39.815Z</time></trkpt>
      <trkpt lat="29.799154" lon="99.755958"><time>2026-05-02T22:54:39.832Z</time></trkpt>
      <trkpt lat="29.799154" lon="99.755958"><time>2026-05-02T22:54:39.849Z</time></trkpt>
      <trkpt lat="29.799154" lon="99.755958"><time>2026-05-02T22:54:39.866Z</time></trkpt>
      <trkpt lat="29.799154" lon="99.755958"><time>2026-05-02T22:54:39.882Z</time></trkpt>
      <trkpt lat="29.799154" lon="99.755958"><time>2026-05-02T22:54:39.899Z</time></trkpt>
      <trkpt lat="29.799154" lon="99.755958"><time>2026-05-02T22:54:39.916Z</time></trkpt>
      <trkpt lat="29.799156" lon="99.755952"><time>2026-05-02T22:54:39.932Z</time></trkpt>
      <trkpt lat="29.799156" lon="99.755952"><time>2026-05-02T22:54:39.949Z</time></trkpt>
      <trkpt lat="29.799156" lon="99.755952"><time>2026-05-02T22:54:39.966Z</time></trkpt>
      <trkpt lat="29.799156" lon="99.755952"><time>2026-05-02T22:54:39.982Z</time></trkpt>
      <trkpt lat="29.799156" lon="99.755952"><time>2026-05-02T22:54:39.999Z</time></trkpt>
      <trkpt lat="29.799156" lon="99.755952"><time>2026-05-02T22:54:40.016Z</time></trkpt>
      <trkpt lat="29.799158" lon="99.755946"><time>2026-05-02T22:54:40.032Z</time></trkpt>
      <trkpt lat="29.799158" lon="99.755946"><time>2026-05-02T22:54:40.049Z</time></trkpt>
      <trkpt lat="29.799158" lon="99.755946"><time>2026-05-02T22:54:40.066Z</time></trkpt>
      <trkpt lat="29.799158" lon="99.755946"><time>2026-05-02T22:54:40.082Z</time></trkpt>
      <trkpt lat="29.799158" lon="99.755946"><time>2026-05-02T22:54:40.099Z</time></trkpt>
      <trkpt lat="29.799158" lon="99.755946"><time>2026-05-02T22:54:40.116Z</time></trkpt>
      <trkpt lat="29.79916" lon="99.755941"><time>2026-05-02T22:54:40.132Z</time></trkpt>
      <trkpt lat="29.79916" lon="99.755941"><time>2026-05-02T22:54:40.149Z</time></trkpt>
      <trkpt lat="29.79916" lon="99.755941"><time>2026-05-02T22:54:40.166Z</time></trkpt>
      <trkpt lat="29.79916" lon="99.755941"><time>2026-05-02T22:54:40.182Z</time></trkpt>
      <trkpt lat="29.79916" lon="99.755941"><time>2026-05-02T22:54:40.199Z</time></trkpt>
      <trkpt lat="29.79916" lon="99.755941"><time>2026-05-02T22:54:40.216Z</time></trkpt>
      <trkpt lat="29.799162" lon="99.755935"><time>2026-05-02T22:54:40.232Z</time></trkpt>
      <trkpt lat="29.799162" lon="99.755935"><time>2026-05-02T22:54:40.249Z</time></trkpt>
      <trkpt lat="29.799162" lon="99.755935"><time>2026-05-02T22:54:40.266Z</time></trkpt>
      <trkpt lat="29.799162" lon="99.755935"><time>2026-05-02T22:54:40.283Z</time></trkpt>
      <trkpt lat="29.799162" lon="99.755935"><time>2026-05-02T22:54:40.299Z</time></trkpt>
      <trkpt lat="29.799162" lon="99.755935"><time>2026-05-02T22:54:40.316Z</time></trkpt>
      <trkpt lat="29.799164" lon="99.755929"><time>2026-05-02T22:54:40.333Z</time></trkpt>
      <trkpt lat="29.799164" lon="99.755929"><time>2026-05-02T22:54:40.349Z</time></trkpt>
      <trkpt lat="29.799164" lon="99.755929"><time>2026-05-02T22:54:40.366Z</time></trkpt>
      <trkpt lat="29.799164" lon="99.755929"><time>2026-05-02T22:54:40.383Z</time></trkpt>
      <trkpt lat="29.799164" lon="99.755929"><time>2026-05-02T22:54:40.399Z</time></trkpt>
      <trkpt lat="29.799164" lon="99.755929"><time>2026-05-02T22:54:40.416Z</time></trkpt>
      <trkpt lat="29.799166" lon="99.755924"><time>2026-05-02T22:54:40.433Z</time></trkpt>
      <trkpt lat="29.799166" lon="99.755924"><time>2026-05-02T22:54:40.449Z</time></trkpt>
      <trkpt lat="29.799166" lon="99.755924"><time>2026-05-02T22:54:40.466Z</time></trkpt>
      <trkpt lat="29.799166" lon="99.755924"><time>2026-05-02T22:54:40.483Z</time></trkpt>
      <trkpt lat="29.799166" lon="99.755924"><time>2026-05-02T22:54:40.499Z</time></trkpt>
      <trkpt lat="29.799166" lon="99.755924"><time>2026-05-02T22:54:40.516Z</time></trkpt>
      <trkpt lat="29.799169" lon="99.755918"><time>2026-05-02T22:54:40.533Z</time></trkpt>
      <trkpt lat="29.799169" lon="99.755918"><time>2026-05-02T22:54:40.549Z</time></trkpt>
      <trkpt lat="29.799169" lon="99.755918"><time>2026-05-02T22:54:40.566Z</time></trkpt>
      <trkpt lat="29.799169" lon="99.755918"><time>2026-05-02T22:54:40.583Z</time></trkpt>
      <trkpt lat="29.799169" lon="99.755918"><time>2026-05-02T22:54:40.599Z</time></trkpt>
      <trkpt lat="29.799169" lon="99.755918"><time>2026-05-02T22:54:40.616Z</time></trkpt>
      <trkpt lat="29.799171" lon="99.755912"><time>2026-05-02T22:54:40.633Z</time></trkpt>
      <trkpt lat="29.799171" lon="99.755912"><time>2026-05-02T22:54:40.649Z</time></trkpt>
      <trkpt lat="29.799171" lon="99.755912"><time>2026-05-02T22:54:40.666Z</time></trkpt>
      <trkpt lat="29.799171" lon="99.755912"><time>2026-05-02T22:54:40.683Z</time></trkpt>
      <trkpt lat="29.799171" lon="99.755912"><time>2026-05-02T22:54:40.700Z</time></trkpt>
      <trkpt lat="29.799171" lon="99.755912"><time>2026-05-02T22:54:40.716Z</time></trkpt>
      <trkpt lat="29.799174" lon="99.755906"><time>2026-05-02T22:54:40.733Z</time></trkpt>
      <trkpt lat="29.799174" lon="99.755906"><time>2026-05-02T22:54:40.750Z</time></trkpt>
      <trkpt lat="29.799174" lon="99.755906"><time>2026-05-02T22:54:40.766Z</time></trkpt>
      <trkpt lat="29.799174" lon="99.755906"><time>2026-05-02T22:54:40.783Z</time></trkpt>
      <trkpt lat="29.799174" lon="99.755906"><time>2026-05-02T22:54:40.800Z</time></trkpt>
      <trkpt lat="29.799174" lon="99.755906"><time>2026-05-02T22:54:40.816Z</time></trkpt>
      <trkpt lat="29.799176" lon="99.755901"><time>2026-05-02T22:54:40.833Z</time></trkpt>
      <trkpt lat="29.799176" lon="99.755901"><time>2026-05-02T22:54:40.850Z</time></trkpt>
      <trkpt lat="29.799176" lon="99.755901"><time>2026-05-02T22:54:40.866Z</time></trkpt>
      <trkpt lat="29.799176" lon="99.755901"><time>2026-05-02T22:54:40.883Z</time></trkpt>
      <trkpt lat="29.799176" lon="99.755901"><time>2026-05-02T22:54:40.900Z</time></trkpt>
      <trkpt lat="29.799176" lon="99.755901"><time>2026-05-02T22:54:40.916Z</time></trkpt>
      <trkpt lat="29.799179" lon="99.755895"><time>2026-05-02T22:54:40.933Z</time></trkpt>
      <trkpt lat="29.799179" lon="99.755895"><time>2026-05-02T22:54:40.950Z</time></trkpt>
      <trkpt lat="29.799179" lon="99.755895"><time>2026-05-02T22:54:40.966Z</time></trkpt>
      <trkpt lat="29.799179" lon="99.755895"><time>2026-05-02T22:54:40.983Z</time></trkpt>
      <trkpt lat="29.799179" lon="99.755895"><time>2026-05-02T22:54:41.000Z</time></trkpt>
      <trkpt lat="29.799179" lon="99.755895"><time>2026-05-02T22:54:41.016Z</time></trkpt>
      <trkpt lat="29.799181" lon="99.755889"><time>2026-05-02T22:54:41.033Z</time></trkpt>
      <trkpt lat="29.799181" lon="99.755889"><time>2026-05-02T22:54:41.050Z</time></trkpt>
      <trkpt lat="29.799181" lon="99.755889"><time>2026-05-02T22:54:41.066Z</time></trkpt>
      <trkpt lat="29.799181" lon="99.755889"><time>2026-05-02T22:54:41.083Z</time></trkpt>
      <trkpt lat="29.799181" lon="99.755889"><time>2026-05-02T22:54:41.100Z</time></trkpt>
      <trkpt lat="29.799181" lon="99.755889"><time>2026-05-02T22:54:41.117Z</time></trkpt>
      <trkpt lat="29.799184" lon="99.755883"><time>2026-05-02T22:54:41.133Z</time></trkpt>
      <trkpt lat="29.799184" lon="99.755883"><time>2026-05-02T22:54:41.150Z</time></trkpt>
      <trkpt lat="29.799184" lon="99.755883"><time>2026-05-02T22:54:41.167Z</time></trkpt>
      <trkpt lat="29.799184" lon="99.755883"><time>2026-05-02T22:54:41.183Z</time></trkpt>
      <trkpt lat="29.799184" lon="99.755883"><time>2026-05-02T22:54:41.200Z</time></trkpt>
      <trkpt lat="29.799184" lon="99.755883"><time>2026-05-02T22:54:41.217Z</time></trkpt>
      <trkpt lat="29.799187" lon="99.755877"><time>2026-05-02T22:54:41.233Z</time></trkpt>
      <trkpt lat="29.799187" lon="99.755877"><time>2026-05-02T22:54:41.250Z</time></trkpt>
      <trkpt lat="29.799187" lon="99.755877"><time>2026-05-02T22:54:41.267Z</time></trkpt>
      <trkpt lat="29.799187" lon="99.755877"><time>2026-05-02T22:54:41.283Z</time></trkpt>
      <trkpt lat="29.799187" lon="99.755877"><time>2026-05-02T22:54:41.300Z</time></trkpt>
      <trkpt lat="29.799187" lon="99.755877"><time>2026-05-02T22:54:41.317Z</time></trkpt>
      <trkpt lat="29.79919" lon="99.755872"><time>2026-05-02T22:54:41.333Z</time></trkpt>
      <trkpt lat="29.79919" lon="99.755872"><time>2026-05-02T22:54:41.350Z</time></trkpt>
      <trkpt lat="29.79919" lon="99.755872"><time>2026-05-02T22:54:41.367Z</time></trkpt>
      <trkpt lat="29.79919" lon="99.755872"><time>2026-05-02T22:54:41.383Z</time></trkpt>
      <trkpt lat="29.79919" lon="99.755872"><time>2026-05-02T22:54:41.400Z</time></trkpt>
      <trkpt lat="29.79919" lon="99.755872"><time>2026-05-02T22:54:41.417Z</time></trkpt>
      <trkpt lat="29.799192" lon="99.755866"><time>2026-05-02T22:54:41.433Z</time></trkpt>
      <trkpt lat="29.799192" lon="99.755866"><time>2026-05-02T22:54:41.450Z</time></trkpt>
      <trkpt lat="29.799192" lon="99.755866"><time>2026-05-02T22:54:41.467Z</time></trkpt>
      <trkpt lat="29.799192" lon="99.755866"><time>2026-05-02T22:54:41.483Z</time></trkpt>
      <trkpt lat="29.799192" lon="99.755866"><time>2026-05-02T22:54:41.500Z</time></trkpt>
      <trkpt lat="29.799192" lon="99.755866"><time>2026-05-02T22:54:41.517Z</time></trkpt>
      <trkpt lat="29.799195" lon="99.75586"><time>2026-05-02T22:54:41.534Z</time></trkpt>
      <trkpt lat="29.799195" lon="99.75586"><time>2026-05-02T22:54:41.550Z</time></trkpt>
      <trkpt lat="29.799195" lon="99.75586"><time>2026-05-02T22:54:41.567Z</time></trkpt>
      <trkpt lat="29.799195" lon="99.75586"><time>2026-05-02T22:54:41.584Z</time></trkpt>
      <trkpt lat="29.799195" lon="99.75586"><time>2026-05-02T22:54:41.600Z</time></trkpt>
      <trkpt lat="29.799195" lon="99.75586"><time>2026-05-02T22:54:41.617Z</time></trkpt>
      <trkpt lat="29.799198" lon="99.755855"><time>2026-05-02T22:54:41.634Z</time></trkpt>
      <trkpt lat="29.799198" lon="99.755855"><time>2026-05-02T22:54:41.650Z</time></trkpt>
      <trkpt lat="29.799198" lon="99.755855"><time>2026-05-02T22:54:41.667Z</time></trkpt>
      <trkpt lat="29.799198" lon="99.755855"><time>2026-05-02T22:54:41.684Z</time></trkpt>
      <trkpt lat="29.799198" lon="99.755855"><time>2026-05-02T22:54:41.700Z</time></trkpt>
      <trkpt lat="29.799198" lon="99.755855"><time>2026-05-02T22:54:41.717Z</time></trkpt>
      <trkpt lat="29.799201" lon="99.755849"><time>2026-05-02T22:54:41.734Z</time></trkpt>
      <trkpt lat="29.799201" lon="99.755849"><time>2026-05-02T22:54:41.750Z</time></trkpt>
      <trkpt lat="29.799201" lon="99.755849"><time>2026-05-02T22:54:41.767Z</time></trkpt>
      <trkpt lat="29.799201" lon="99.755849"><time>2026-05-02T22:54:41.784Z</time></trkpt>
      <trkpt lat="29.799201" lon="99.755849"><time>2026-05-02T22:54:41.800Z</time></trkpt>
      <trkpt lat="29.799201" lon="99.755849"><time>2026-05-02T22:54:41.817Z</time></trkpt>
      <trkpt lat="29.799204" lon="99.755843"><time>2026-05-02T22:54:41.834Z</time></trkpt>
      <trkpt lat="29.799204" lon="99.755843"><time>2026-05-02T22:54:41.850Z</time></trkpt>
      <trkpt lat="29.799204" lon="99.755843"><time>2026-05-02T22:54:41.867Z</time></trkpt>
      <trkpt lat="29.799204" lon="99.755843"><time>2026-05-02T22:54:41.884Z</time></trkpt>
      <trkpt lat="29.799204" lon="99.755843"><time>2026-05-02T22:54:41.900Z</time></trkpt>
      <trkpt lat="29.799204" lon="99.755843"><time>2026-05-02T22:54:41.917Z</time></trkpt>
      <trkpt lat="29.799208" lon="99.755837"><time>2026-05-02T22:54:41.934Z</time></trkpt>
      <trkpt lat="29.799208" lon="99.755837"><time>2026-05-02T22:54:41.951Z</time></trkpt>
      <trkpt lat="29.799208" lon="99.755837"><time>2026-05-02T22:54:41.967Z</time></trkpt>
      <trkpt lat="29.799208" lon="99.755837"><time>2026-05-02T22:54:41.984Z</time></trkpt>
      <trkpt lat="29.799208" lon="99.755837"><time>2026-05-02T22:54:42.001Z</time></trkpt>
      <trkpt lat="29.799208" lon="99.755837"><time>2026-05-02T22:54:42.017Z</time></trkpt>
      <trkpt lat="29.799211" lon="99.755831"><time>2026-05-02T22:54:42.034Z</time></trkpt>
      <trkpt lat="29.799211" lon="99.755831"><time>2026-05-02T22:54:42.051Z</time></trkpt>
      <trkpt lat="29.799211" lon="99.755831"><time>2026-05-02T22:54:42.067Z</time></trkpt>
      <trkpt lat="29.799211" lon="99.755831"><time>2026-05-02T22:54:42.084Z</time></trkpt>
      <trkpt lat="29.799211" lon="99.755831"><time>2026-05-02T22:54:42.101Z</time></trkpt>
      <trkpt lat="29.799211" lon="99.755831"><time>2026-05-02T22:54:42.117Z</time></trkpt>
      <trkpt lat="29.799215" lon="99.755826"><time>2026-05-02T22:54:42.134Z</time></trkpt>
      <trkpt lat="29.799215" lon="99.755826"><time>2026-05-02T22:54:42.151Z</time></trkpt>
      <trkpt lat="29.799215" lon="99.755826"><time>2026-05-02T22:54:42.167Z</time></trkpt>
      <trkpt lat="29.799215" lon="99.755826"><time>2026-05-02T22:54:42.184Z</time></trkpt>
      <trkpt lat="29.799215" lon="99.755826"><time>2026-05-02T22:54:42.201Z</time></trkpt>
      <trkpt lat="29.799215" lon="99.755826"><time>2026-05-02T22:54:42.217Z</time></trkpt>
      <trkpt lat="29.799219" lon="99.75582"><time>2026-05-02T22:54:42.234Z</time></trkpt>
      <trkpt lat="29.799219" lon="99.75582"><time>2026-05-02T22:54:42.251Z</time></trkpt>
      <trkpt lat="29.799219" lon="99.75582"><time>2026-05-02T22:54:42.267Z</time></trkpt>
      <trkpt lat="29.799219" lon="99.75582"><time>2026-05-02T22:54:42.284Z</time></trkpt>
      <trkpt lat="29.799219" lon="99.75582"><time>2026-05-02T22:54:42.301Z</time></trkpt>
      <trkpt lat="29.799219" lon="99.75582"><time>2026-05-02T22:54:42.317Z</time></trkpt>
      <trkpt lat="29.799223" lon="99.755814"><time>2026-05-02T22:54:42.334Z</time></trkpt>
      <trkpt lat="29.799223" lon="99.755814"><time>2026-05-02T22:54:42.351Z</time></trkpt>
      <trkpt lat="29.799223" lon="99.755814"><time>2026-05-02T22:54:42.368Z</time></trkpt>
      <trkpt lat="29.799223" lon="99.755814"><time>2026-05-02T22:54:42.384Z</time></trkpt>
      <trkpt lat="29.799223" lon="99.755814"><time>2026-05-02T22:54:42.401Z</time></trkpt>
      <trkpt lat="29.799223" lon="99.755814"><time>2026-05-02T22:54:42.418Z</time></trkpt>
      <trkpt lat="29.799227" lon="99.755809"><time>2026-05-02T22:54:42.434Z</time></trkpt>
      <trkpt lat="29.799227" lon="99.755809"><time>2026-05-02T22:54:42.451Z</time></trkpt>
      <trkpt lat="29.799227" lon="99.755809"><time>2026-05-02T22:54:42.468Z</time></trkpt>
      <trkpt lat="29.799227" lon="99.755809"><time>2026-05-02T22:54:42.484Z</time></trkpt>
      <trkpt lat="29.799227" lon="99.755809"><time>2026-05-02T22:54:42.501Z</time></trkpt>
      <trkpt lat="29.799227" lon="99.755809"><time>2026-05-02T22:54:42.518Z</time></trkpt>
      <trkpt lat="29.799231" lon="99.755804"><time>2026-05-02T22:54:42.534Z</time></trkpt>
      <trkpt lat="29.799231" lon="99.755804"><time>2026-05-02T22:54:42.551Z</time></trkpt>
      <trkpt lat="29.799231" lon="99.755804"><time>2026-05-02T22:54:42.568Z</time></trkpt>
      <trkpt lat="29.799231" lon="99.755804"><time>2026-05-02T22:54:42.584Z</time></trkpt>
      <trkpt lat="29.799231" lon="99.755804"><time>2026-05-02T22:54:42.601Z</time></trkpt>
      <trkpt lat="29.799231" lon="99.755804"><time>2026-05-02T22:54:42.618Z</time></trkpt>
      <trkpt lat="29.799236" lon="99.755798"><time>2026-05-02T22:54:42.634Z</time></trkpt>
      <trkpt lat="29.799236" lon="99.755798"><time>2026-05-02T22:54:42.651Z</time></trkpt>
      <trkpt lat="29.799236" lon="99.755798"><time>2026-05-02T22:54:42.668Z</time></trkpt>
      <trkpt lat="29.799236" lon="99.755798"><time>2026-05-02T22:54:42.684Z</time></trkpt>
      <trkpt lat="29.799236" lon="99.755798"><time>2026-05-02T22:54:42.701Z</time></trkpt>
      <trkpt lat="29.799236" lon="99.755798"><time>2026-05-02T22:54:42.718Z</time></trkpt>
      <trkpt lat="29.799241" lon="99.755793"><time>2026-05-02T22:54:42.734Z</time></trkpt>
      <trkpt lat="29.799241" lon="99.755793"><time>2026-05-02T22:54:42.751Z</time></trkpt>
      <trkpt lat="29.799241" lon="99.755793"><time>2026-05-02T22:54:42.768Z</time></trkpt>
      <trkpt lat="29.799241" lon="99.755793"><time>2026-05-02T22:54:42.785Z</time></trkpt>
      <trkpt lat="29.799241" lon="99.755793"><time>2026-05-02T22:54:42.801Z</time></trkpt>
      <trkpt lat="29.799241" lon="99.755793"><time>2026-05-02T22:54:42.818Z</time></trkpt>
      <trkpt lat="29.799246" lon="99.755787"><time>2026-05-02T22:54:42.835Z</time></trkpt>
      <trkpt lat="29.799246" lon="99.755787"><time>2026-05-02T22:54:42.851Z</time></trkpt>
      <trkpt lat="29.799246" lon="99.755787"><time>2026-05-02T22:54:42.868Z</time></trkpt>
      <trkpt lat="29.799246" lon="99.755787"><time>2026-05-02T22:54:42.885Z</time></trkpt>
      <trkpt lat="29.799246" lon="99.755787"><time>2026-05-02T22:54:42.901Z</time></trkpt>
      <trkpt lat="29.799246" lon="99.755787"><time>2026-05-02T22:54:42.918Z</time></trkpt>
      <trkpt lat="29.799251" lon="99.755782"><time>2026-05-02T22:54:42.935Z</time></trkpt>
      <trkpt lat="29.799251" lon="99.755782"><time>2026-05-02T22:54:42.951Z</time></trkpt>
      <trkpt lat="29.799251" lon="99.755782"><time>2026-05-02T22:54:42.968Z</time></trkpt>
      <trkpt lat="29.799251" lon="99.755782"><time>2026-05-02T22:54:42.985Z</time></trkpt>
      <trkpt lat="29.799251" lon="99.755782"><time>2026-05-02T22:54:43.001Z</time></trkpt>
      <trkpt lat="29.799251" lon="99.755782"><time>2026-05-02T22:54:43.018Z</time></trkpt>
      <trkpt lat="29.799256" lon="99.755777"><time>2026-05-02T22:54:43.035Z</time></trkpt>
      <trkpt lat="29.799256" lon="99.755777"><time>2026-05-02T22:54:43.051Z</time></trkpt>
      <trkpt lat="29.799256" lon="99.755777"><time>2026-05-02T22:54:43.068Z</time></trkpt>
      <trkpt lat="29.799256" lon="99.755777"><time>2026-05-02T22:54:43.085Z</time></trkpt>
      <trkpt lat="29.799256" lon="99.755777"><time>2026-05-02T22:54:43.101Z</time></trkpt>
      <trkpt lat="29.799256" lon="99.755777"><time>2026-05-02T22:54:43.118Z</time></trkpt>
      <trkpt lat="29.799261" lon="99.755772"><time>2026-05-02T22:54:43.135Z</time></trkpt>
      <trkpt lat="29.799261" lon="99.755772"><time>2026-05-02T22:54:43.151Z</time></trkpt>
      <trkpt lat="29.799261" lon="99.755772"><time>2026-05-02T22:54:43.168Z</time></trkpt>
      <trkpt lat="29.799261" lon="99.755772"><time>2026-05-02T22:54:43.185Z</time></trkpt>
      <trkpt lat="29.799261" lon="99.755772"><time>2026-05-02T22:54:43.202Z</time></trkpt>
      <trkpt lat="29.799261" lon="99.755772"><time>2026-05-02T22:54:43.218Z</time></trkpt>
      <trkpt lat="29.799266" lon="99.755767"><time>2026-05-02T22:54:43.235Z</time></trkpt>
      <trkpt lat="29.799266" lon="99.755767"><time>2026-05-02T22:54:43.252Z</time></trkpt>
      <trkpt lat="29.799266" lon="99.755767"><time>2026-05-02T22:54:43.268Z</time></trkpt>
      <trkpt lat="29.799266" lon="99.755767"><time>2026-05-02T22:54:43.285Z</time></trkpt>
      <trkpt lat="29.799266" lon="99.755767"><time>2026-05-02T22:54:43.302Z</time></trkpt>
      <trkpt lat="29.799266" lon="99.755767"><time>2026-05-02T22:54:43.318Z</time></trkpt>
      <trkpt lat="29.799271" lon="99.755762"><time>2026-05-02T22:54:43.335Z</time></trkpt>
      <trkpt lat="29.799271" lon="99.755762"><time>2026-05-02T22:54:43.352Z</time></trkpt>
      <trkpt lat="29.799271" lon="99.755762"><time>2026-05-02T22:54:43.368Z</time></trkpt>
      <trkpt lat="29.799271" lon="99.755762"><time>2026-05-02T22:54:43.385Z</time></trkpt>
      <trkpt lat="29.799271" lon="99.755762"><time>2026-05-02T22:54:43.402Z</time></trkpt>
      <trkpt lat="29.799271" lon="99.755762"><time>2026-05-02T22:54:43.418Z</time></trkpt>
      <trkpt lat="29.799276" lon="99.755757"><time>2026-05-02T22:54:43.435Z</time></trkpt>
      <trkpt lat="29.799276" lon="99.755757"><time>2026-05-02T22:54:43.452Z</time></trkpt>
      <trkpt lat="29.799276" lon="99.755757"><time>2026-05-02T22:54:43.468Z</time></trkpt>
      <trkpt lat="29.799276" lon="99.755757"><time>2026-05-02T22:54:43.485Z</time></trkpt>
      <trkpt lat="29.799276" lon="99.755757"><time>2026-05-02T22:54:43.502Z</time></trkpt>
      <trkpt lat="29.799276" lon="99.755757"><time>2026-05-02T22:54:43.518Z</time></trkpt>
      <trkpt lat="29.799281" lon="99.755752"><time>2026-05-02T22:54:43.535Z</time></trkpt>
      <trkpt lat="29.799281" lon="99.755752"><time>2026-05-02T22:54:43.552Z</time></trkpt>
      <trkpt lat="29.799281" lon="99.755752"><time>2026-05-02T22:54:43.568Z</time></trkpt>
      <trkpt lat="29.799281" lon="99.755752"><time>2026-05-02T22:54:43.585Z</time></trkpt>
      <trkpt lat="29.799281" lon="99.755752"><time>2026-05-02T22:54:43.602Z</time></trkpt>
      <trkpt lat="29.799281" lon="99.755752"><time>2026-05-02T22:54:43.619Z</time></trkpt>
      <trkpt lat="29.799286" lon="99.755747"><time>2026-05-02T22:54:43.635Z</time></trkpt>
      <trkpt lat="29.799286" lon="99.755747"><time>2026-05-02T22:54:43.652Z</time></trkpt>
      <trkpt lat="29.799286" lon="99.755747"><time>2026-05-02T22:54:43.669Z</time></trkpt>
      <trkpt lat="29.799286" lon="99.755747"><time>2026-05-02T22:54:43.685Z</time></trkpt>
      <trkpt lat="29.799286" lon="99.755747"><time>2026-05-02T22:54:43.702Z</time></trkpt>
      <trkpt lat="29.799286" lon="99.755747"><time>2026-05-02T22:54:43.719Z</time></trkpt>
      <trkpt lat="29.799292" lon="99.755743"><time>2026-05-02T22:54:43.735Z</time></trkpt>
      <trkpt lat="29.799292" lon="99.755743"><time>2026-05-02T22:54:43.752Z</time></trkpt>
      <trkpt lat="29.799292" lon="99.755743"><time>2026-05-02T22:54:43.769Z</time></trkpt>
      <trkpt lat="29.799292" lon="99.755743"><time>2026-05-02T22:54:43.785Z</time></trkpt>
      <trkpt lat="29.799292" lon="99.755743"><time>2026-05-02T22:54:43.802Z</time></trkpt>
      <trkpt lat="29.799292" lon="99.755743"><time>2026-05-02T22:54:43.819Z</time></trkpt>
      <trkpt lat="29.799297" lon="99.755738"><time>2026-05-02T22:54:43.835Z</time></trkpt>
      <trkpt lat="29.799297" lon="99.755738"><time>2026-05-02T22:54:43.852Z</time></trkpt>
      <trkpt lat="29.799297" lon="99.755738"><time>2026-05-02T22:54:43.869Z</time></trkpt>
      <trkpt lat="29.799297" lon="99.755738"><time>2026-05-02T22:54:43.885Z</time></trkpt>
      <trkpt lat="29.799297" lon="99.755738"><time>2026-05-02T22:54:43.902Z</time></trkpt>
      <trkpt lat="29.799297" lon="99.755738"><time>2026-05-02T22:54:43.919Z</time></trkpt>
      <trkpt lat="29.799303" lon="99.755734"><time>2026-05-02T22:54:43.935Z</time></trkpt>
      <trkpt lat="29.799303" lon="99.755734"><time>2026-05-02T22:54:43.952Z</time></trkpt>
      <trkpt lat="29.799303" lon="99.755734"><time>2026-05-02T22:54:43.969Z</time></trkpt>
      <trkpt lat="29.799303" lon="99.755734"><time>2026-05-02T22:54:43.985Z</time></trkpt>
      <trkpt lat="29.799303" lon="99.755734"><time>2026-05-02T22:54:44.002Z</time></trkpt>
      <trkpt lat="29.799303" lon="99.755734"><time>2026-05-02T22:54:44.019Z</time></trkpt>
      <trkpt lat="29.799304" lon="99.75573"><time>2026-05-02T22:54:44.036Z</time></trkpt>
      <trkpt lat="29.799304" lon="99.75573"><time>2026-05-02T22:54:44.052Z</time></trkpt>
      <trkpt lat="29.799304" lon="99.75573"><time>2026-05-02T22:54:44.069Z</time></trkpt>
      <trkpt lat="29.799304" lon="99.75573"><time>2026-05-02T22:54:44.086Z</time></trkpt>
      <trkpt lat="29.799304" lon="99.75573"><time>2026-05-02T22:54:44.102Z</time></trkpt>
      <trkpt lat="29.799304" lon="99.75573"><time>2026-05-02T22:54:44.119Z</time></trkpt>
      <trkpt lat="29.79931" lon="99.755726"><time>2026-05-02T22:54:44.136Z</time></trkpt>
      <trkpt lat="29.79931" lon="99.755726"><time>2026-05-02T22:54:44.152Z</time></trkpt>
      <trkpt lat="29.79931" lon="99.755726"><time>2026-05-02T22:54:44.169Z</time></trkpt>
      <trkpt lat="29.79931" lon="99.755726"><time>2026-05-02T22:54:44.186Z</time></trkpt>
      <trkpt lat="29.79931" lon="99.755726"><time>2026-05-02T22:54:44.202Z</time></trkpt>
      <trkpt lat="29.79931" lon="99.755726"><time>2026-05-02T22:54:44.219Z</time></trkpt>
      <trkpt lat="29.799315" lon="99.755721"><time>2026-05-02T22:54:44.236Z</time></trkpt>
      <trkpt lat="29.799315" lon="99.755721"><time>2026-05-02T22:54:44.252Z</time></trkpt>
      <trkpt lat="29.799315" lon="99.755721"><time>2026-05-02T22:54:44.269Z</time></trkpt>
      <trkpt lat="29.799315" lon="99.755721"><time>2026-05-02T22:54:44.286Z</time></trkpt>
      <trkpt lat="29.799315" lon="99.755721"><time>2026-05-02T22:54:44.302Z</time></trkpt>
      <trkpt lat="29.799315" lon="99.755721"><time>2026-05-02T22:54:44.319Z</time></trkpt>
      <trkpt lat="29.799321" lon="99.755717"><time>2026-05-02T22:54:44.336Z</time></trkpt>
      <trkpt lat="29.799321" lon="99.755717"><time>2026-05-02T22:54:44.352Z</time></trkpt>
      <trkpt lat="29.799321" lon="99.755717"><time>2026-05-02T22:54:44.369Z</time></trkpt>
      <trkpt lat="29.799321" lon="99.755717"><time>2026-05-02T22:54:44.386Z</time></trkpt>
      <trkpt lat="29.799321" lon="99.755717"><time>2026-05-02T22:54:44.402Z</time></trkpt>
      <trkpt lat="29.799321" lon="99.755717"><time>2026-05-02T22:54:44.419Z</time></trkpt>
      <trkpt lat="29.799327" lon="99.755713"><time>2026-05-02T22:54:44.436Z</time></trkpt>
      <trkpt lat="29.799327" lon="99.755713"><time>2026-05-02T22:54:44.453Z</time></trkpt>
      <trkpt lat="29.799327" lon="99.755713"><time>2026-05-02T22:54:44.469Z</time></trkpt>
      <trkpt lat="29.799327" lon="99.755713"><time>2026-05-02T22:54:44.486Z</time></trkpt>
      <trkpt lat="29.799327" lon="99.755713"><time>2026-05-02T22:54:44.503Z</time></trkpt>
      <trkpt lat="29.799327" lon="99.755713"><time>2026-05-02T22:54:44.519Z</time></trkpt>
      <trkpt lat="29.799332" lon="99.75571"><time>2026-05-02T22:54:44.536Z</time></trkpt>
      <trkpt lat="29.799332" lon="99.75571"><time>2026-05-02T22:54:44.553Z</time></trkpt>
      <trkpt lat="29.799332" lon="99.75571"><time>2026-05-02T22:54:44.569Z</time></trkpt>
      <trkpt lat="29.799332" lon="99.75571"><time>2026-05-02T22:54:44.586Z</time></trkpt>
      <trkpt lat="29.799332" lon="99.75571"><time>2026-05-02T22:54:44.603Z</time></trkpt>
      <trkpt lat="29.799332" lon="99.75571"><time>2026-05-02T22:54:44.619Z</time></trkpt>
      <trkpt lat="29.799339" lon="99.755706"><time>2026-05-02T22:54:44.636Z</time></trkpt>
      <trkpt lat="29.799339" lon="99.755706"><time>2026-05-02T22:54:44.653Z</time></trkpt>
      <trkpt lat="29.799339" lon="99.755706"><time>2026-05-02T22:54:44.669Z</time></trkpt>
      <trkpt lat="29.799339" lon="99.755706"><time>2026-05-02T22:54:44.686Z</time></trkpt>
      <trkpt lat="29.799339" lon="99.755706"><time>2026-05-02T22:54:44.703Z</time></trkpt>
      <trkpt lat="29.799339" lon="99.755706"><time>2026-05-02T22:54:44.719Z</time></trkpt>
      <trkpt lat="29.799345" lon="99.755702"><time>2026-05-02T22:54:44.736Z</time></trkpt>
      <trkpt lat="29.799345" lon="99.755702"><time>2026-05-02T22:54:44.753Z</time></trkpt>
      <trkpt lat="29.799345" lon="99.755702"><time>2026-05-02T22:54:44.769Z</time></trkpt>
      <trkpt lat="29.799345" lon="99.755702"><time>2026-05-02T22:54:44.786Z</time></trkpt>
      <trkpt lat="29.799345" lon="99.755702"><time>2026-05-02T22:54:44.803Z</time></trkpt>
      <trkpt lat="29.799345" lon="99.755702"><time>2026-05-02T22:54:44.819Z</time></trkpt>
      <trkpt lat="29.799351" lon="99.755699"><time>2026-05-02T22:54:44.836Z</time></trkpt>
      <trkpt lat="29.799351" lon="99.755699"><time>2026-05-02T22:54:44.853Z</time></trkpt>
      <trkpt lat="29.799351" lon="99.755699"><time>2026-05-02T22:54:44.870Z</time></trkpt>
      <trkpt lat="29.799351" lon="99.755699"><time>2026-05-02T22:54:44.886Z</time></trkpt>
      <trkpt lat="29.799351" lon="99.755699"><time>2026-05-02T22:54:44.903Z</time></trkpt>
      <trkpt lat="29.799351" lon="99.755699"><time>2026-05-02T22:54:44.920Z</time></trkpt>
      <trkpt lat="29.799357" lon="99.755695"><time>2026-05-02T22:54:44.936Z</time></trkpt>
      <trkpt lat="29.799357" lon="99.755695"><time>2026-05-02T22:54:44.953Z</time></trkpt>
      <trkpt lat="29.799357" lon="99.755695"><time>2026-05-02T22:54:44.970Z</time></trkpt>
      <trkpt lat="29.799357" lon="99.755695"><time>2026-05-02T22:54:44.986Z</time></trkpt>
      <trkpt lat="29.799357" lon="99.755695"><time>2026-05-02T22:54:45.003Z</time></trkpt>
      <trkpt lat="29.799357" lon="99.755695"><time>2026-05-02T22:54:45.020Z</time></trkpt>
      <trkpt lat="29.799363" lon="99.755692"><time>2026-05-02T22:54:45.036Z</time></trkpt>
      <trkpt lat="29.799363" lon="99.755692"><time>2026-05-02T22:54:45.053Z</time></trkpt>
      <trkpt lat="29.799363" lon="99.755692"><time>2026-05-02T22:54:45.070Z</time></trkpt>
      <trkpt lat="29.799363" lon="99.755692"><time>2026-05-02T22:54:45.086Z</time></trkpt>
      <trkpt lat="29.799363" lon="99.755692"><time>2026-05-02T22:54:45.103Z</time></trkpt>
      <trkpt lat="29.799363" lon="99.755692"><time>2026-05-02T22:54:45.120Z</time></trkpt>
      <trkpt lat="29.799369" lon="99.755689"><time>2026-05-02T22:54:45.136Z</time></trkpt>
      <trkpt lat="29.799369" lon="99.755689"><time>2026-05-02T22:54:45.153Z</time></trkpt>
      <trkpt lat="29.799369" lon="99.755689"><time>2026-05-02T22:54:45.170Z</time></trkpt>
      <trkpt lat="29.799369" lon="99.755689"><time>2026-05-02T22:54:45.186Z</time></trkpt>
      <trkpt lat="29.799369" lon="99.755689"><time>2026-05-02T22:54:45.203Z</time></trkpt>
      <trkpt lat="29.799369" lon="99.755689"><time>2026-05-02T22:54:45.220Z</time></trkpt>
      <trkpt lat="29.799376" lon="99.755686"><time>2026-05-02T22:54:45.236Z</time></trkpt>
      <trkpt lat="29.799376" lon="99.755686"><time>2026-05-02T22:54:45.253Z</time></trkpt>
      <trkpt lat="29.799376" lon="99.755686"><time>2026-05-02T22:54:45.270Z</time></trkpt>
      <trkpt lat="29.799376" lon="99.755686"><time>2026-05-02T22:54:45.287Z</time></trkpt>
      <trkpt lat="29.799376" lon="99.755686"><time>2026-05-02T22:54:45.303Z</time></trkpt>
      <trkpt lat="29.799376" lon="99.755686"><time>2026-05-02T22:54:45.320Z</time></trkpt>
      <trkpt lat="29.799382" lon="99.755683"><time>2026-05-02T22:54:45.337Z</time></trkpt>
      <trkpt lat="29.799382" lon="99.755683"><time>2026-05-02T22:54:45.353Z</time></trkpt>
      <trkpt lat="29.799382" lon="99.755683"><time>2026-05-02T22:54:45.370Z</time></trkpt>
      <trkpt lat="29.799382" lon="99.755683"><time>2026-05-02T22:54:45.387Z</time></trkpt>
      <trkpt lat="29.799382" lon="99.755683"><time>2026-05-02T22:54:45.403Z</time></trkpt>
      <trkpt lat="29.799382" lon="99.755683"><time>2026-05-02T22:54:45.420Z</time></trkpt>
      <trkpt lat="29.799389" lon="99.75568"><time>2026-05-02T22:54:45.437Z</time></trkpt>
      <trkpt lat="29.799389" lon="99.75568"><time>2026-05-02T22:54:45.453Z</time></trkpt>
      <trkpt lat="29.799389" lon="99.75568"><time>2026-05-02T22:54:45.470Z</time></trkpt>
      <trkpt lat="29.799389" lon="99.75568"><time>2026-05-02T22:54:45.487Z</time></trkpt>
      <trkpt lat="29.799389" lon="99.75568"><time>2026-05-02T22:54:45.503Z</time></trkpt>
      <trkpt lat="29.799389" lon="99.75568"><time>2026-05-02T22:54:45.520Z</time></trkpt>
      <trkpt lat="29.799395" lon="99.755677"><time>2026-05-02T22:54:45.537Z</time></trkpt>
      <trkpt lat="29.799395" lon="99.755677"><time>2026-05-02T22:54:45.553Z</time></trkpt>
      <trkpt lat="29.799395" lon="99.755677"><time>2026-05-02T22:54:45.570Z</time></trkpt>
      <trkpt lat="29.799395" lon="99.755677"><time>2026-05-02T22:54:45.587Z</time></trkpt>
      <trkpt lat="29.799395" lon="99.755677"><time>2026-05-02T22:54:45.603Z</time></trkpt>
      <trkpt lat="29.799395" lon="99.755677"><time>2026-05-02T22:54:45.620Z</time></trkpt>
      <trkpt lat="29.799402" lon="99.755675"><time>2026-05-02T22:54:45.637Z</time></trkpt>
      <trkpt lat="29.799402" lon="99.755675"><time>2026-05-02T22:54:45.653Z</time></trkpt>
      <trkpt lat="29.799402" lon="99.755675"><time>2026-05-02T22:54:45.670Z</time></trkpt>
      <trkpt lat="29.799402" lon="99.755675"><time>2026-05-02T22:54:45.687Z</time></trkpt>
      <trkpt lat="29.799402" lon="99.755675"><time>2026-05-02T22:54:45.704Z</time></trkpt>
      <trkpt lat="29.799402" lon="99.755675"><time>2026-05-02T22:54:45.720Z</time></trkpt>
      <trkpt lat="29.799408" lon="99.755673"><time>2026-05-02T22:54:45.737Z</time></trkpt>
      <trkpt lat="29.799408" lon="99.755673"><time>2026-05-02T22:54:45.754Z</time></trkpt>
      <trkpt lat="29.799408" lon="99.755673"><time>2026-05-02T22:54:45.770Z</time></trkpt>
      <trkpt lat="29.799408" lon="99.755673"><time>2026-05-02T22:54:45.787Z</time></trkpt>
      <trkpt lat="29.799408" lon="99.755673"><time>2026-05-02T22:54:45.804Z</time></trkpt>
      <trkpt lat="29.799408" lon="99.755673"><time>2026-05-02T22:54:45.820Z</time></trkpt>
      <trkpt lat="29.799415" lon="99.755671"><time>2026-05-02T22:54:45.837Z</time></trkpt>
      <trkpt lat="29.799415" lon="99.755671"><time>2026-05-02T22:54:45.854Z</time></trkpt>
      <trkpt lat="29.799415" lon="99.755671"><time>2026-05-02T22:54:45.870Z</time></trkpt>
      <trkpt lat="29.799415" lon="99.755671"><time>2026-05-02T22:54:45.887Z</time></trkpt>
      <trkpt lat="29.799415" lon="99.755671"><time>2026-05-02T22:54:45.904Z</time></trkpt>
      <trkpt lat="29.799415" lon="99.755671"><time>2026-05-02T22:54:45.920Z</time></trkpt>
      <trkpt lat="29.799422" lon="99.755669"><time>2026-05-02T22:54:45.937Z</time></trkpt>
      <trkpt lat="29.799422" lon="99.755669"><time>2026-05-02T22:54:45.954Z</time></trkpt>
      <trkpt lat="29.799422" lon="99.755669"><time>2026-05-02T22:54:45.970Z</time></trkpt>
      <trkpt lat="29.799422" lon="99.755669"><time>2026-05-02T22:54:45.987Z</time></trkpt>
      <trkpt lat="29.799422" lon="99.755669"><time>2026-05-02T22:54:46.004Z</time></trkpt>
      <trkpt lat="29.799422" lon="99.755669"><time>2026-05-02T22:54:46.020Z</time></trkpt>
      <trkpt lat="29.799429" lon="99.755668"><time>2026-05-02T22:54:46.037Z</time></trkpt>
      <trkpt lat="29.799429" lon="99.755668"><time>2026-05-02T22:54:46.054Z</time></trkpt>
      <trkpt lat="29.799429" lon="99.755668"><time>2026-05-02T22:54:46.070Z</time></trkpt>
      <trkpt lat="29.799429" lon="99.755668"><time>2026-05-02T22:54:46.087Z</time></trkpt>
      <trkpt lat="29.799429" lon="99.755668"><time>2026-05-02T22:54:46.104Z</time></trkpt>
      <trkpt lat="29.799429" lon="99.755668"><time>2026-05-02T22:54:46.121Z</time></trkpt>
      <trkpt lat="29.799436" lon="99.755667"><time>2026-05-02T22:54:46.137Z</time></trkpt>
      <trkpt lat="29.799436" lon="99.755667"><time>2026-05-02T22:54:46.154Z</time></trkpt>
      <trkpt lat="29.799436" lon="99.755667"><time>2026-05-02T22:54:46.171Z</time></trkpt>
      <trkpt lat="29.799436" lon="99.755667"><time>2026-05-02T22:54:46.187Z</time></trkpt>
      <trkpt lat="29.799436" lon="99.755667"><time>2026-05-02T22:54:46.204Z</time></trkpt>
      <trkpt lat="29.799436" lon="99.755667"><time>2026-05-02T22:54:46.221Z</time></trkpt>
      <trkpt lat="29.799444" lon="99.755666"><time>2026-05-02T22:54:46.237Z</time></trkpt>
      <trkpt lat="29.799444" lon="99.755666"><time>2026-05-02T22:54:46.254Z</time></trkpt>
      <trkpt lat="29.799444" lon="99.755666"><time>2026-05-02T22:54:46.271Z</time></trkpt>
      <trkpt lat="29.799444" lon="99.755666"><time>2026-05-02T22:54:46.287Z</time></trkpt>
      <trkpt lat="29.799444" lon="99.755666"><time>2026-05-02T22:54:46.304Z</time></trkpt>
      <trkpt lat="29.799444" lon="99.755666"><time>2026-05-02T22:54:46.321Z</time></trkpt>
      <trkpt lat="29.799451" lon="99.755666"><time>2026-05-02T22:54:46.337Z</time></trkpt>
      <trkpt lat="29.799451" lon="99.755666"><time>2026-05-02T22:54:46.354Z</time></trkpt>
      <trkpt lat="29.799451" lon="99.755666"><time>2026-05-02T22:54:46.371Z</time></trkpt>
      <trkpt lat="29.799451" lon="99.755666"><time>2026-05-02T22:54:46.387Z</time></trkpt>
      <trkpt lat="29.799451" lon="99.755666"><time>2026-05-02T22:54:46.404Z</time></trkpt>
      <trkpt lat="29.799451" lon="99.755666"><time>2026-05-02T22:54:46.421Z</time></trkpt>
      <trkpt lat="29.799458" lon="99.755666"><time>2026-05-02T22:54:46.437Z</time></trkpt>
      <trkpt lat="29.799458" lon="99.755666"><time>2026-05-02T22:54:46.454Z</time></trkpt>
      <trkpt lat="29.799458" lon="99.755666"><time>2026-05-02T22:54:46.471Z</time></trkpt>
      <trkpt lat="29.799458" lon="99.755666"><time>2026-05-02T22:54:46.487Z</time></trkpt>
      <trkpt lat="29.799458" lon="99.755666"><time>2026-05-02T22:54:46.504Z</time></trkpt>
      <trkpt lat="29.799458" lon="99.755666"><time>2026-05-02T22:54:46.521Z</time></trkpt>
      <trkpt lat="29.799466" lon="99.755666"><time>2026-05-02T22:54:46.538Z</time></trkpt>
      <trkpt lat="29.799466" lon="99.755666"><time>2026-05-02T22:54:46.554Z</time></trkpt>
      <trkpt lat="29.799466" lon="99.755666"><time>2026-05-02T22:54:46.571Z</time></trkpt>
      <trkpt lat="29.799466" lon="99.755666"><time>2026-05-02T22:54:46.588Z</time></trkpt>
      <trkpt lat="29.799466" lon="99.755666"><time>2026-05-02T22:54:46.604Z</time></trkpt>
      <trkpt lat="29.799466" lon="99.755666"><time>2026-05-02T22:54:46.621Z</time></trkpt>
      <trkpt lat="29.799474" lon="99.755667"><time>2026-05-02T22:54:46.638Z</time></trkpt>
      <trkpt lat="29.799474" lon="99.755667"><time>2026-05-02T22:54:46.654Z</time></trkpt>
      <trkpt lat="29.799474" lon="99.755667"><time>2026-05-02T22:54:46.671Z</time></trkpt>
      <trkpt lat="29.799474" lon="99.755667"><time>2026-05-02T22:54:46.688Z</time></trkpt>
      <trkpt lat="29.799474" lon="99.755667"><time>2026-05-02T22:54:46.704Z</time></trkpt>
      <trkpt lat="29.799474" lon="99.755667"><time>2026-05-02T22:54:46.721Z</time></trkpt>
      <trkpt lat="29.799481" lon="99.755668"><time>2026-05-02T22:54:46.738Z</time></trkpt>
      <trkpt lat="29.799481" lon="99.755668"><time>2026-05-02T22:54:46.754Z</time></trkpt>
      <trkpt lat="29.799481" lon="99.755668"><time>2026-05-02T22:54:46.771Z</time></trkpt>
      <trkpt lat="29.799481" lon="99.755668"><time>2026-05-02T22:54:46.788Z</time></trkpt>
      <trkpt lat="29.799481" lon="99.755668"><time>2026-05-02T22:54:46.804Z</time></trkpt>
      <trkpt lat="29.799481" lon="99.755668"><time>2026-05-02T22:54:46.821Z</time></trkpt>
      <trkpt lat="29.799489" lon="99.75567"><time>2026-05-02T22:54:46.838Z</time></trkpt>
      <trkpt lat="29.799489" lon="99.75567"><time>2026-05-02T22:54:46.854Z</time></trkpt>
      <trkpt lat="29.799489" lon="99.75567"><time>2026-05-02T22:54:46.871Z</time></trkpt>
      <trkpt lat="29.799489" lon="99.75567"><time>2026-05-02T22:54:46.888Z</time></trkpt>
      <trkpt lat="29.799489" lon="99.75567"><time>2026-05-02T22:54:46.904Z</time></trkpt>
      <trkpt lat="29.799489" lon="99.75567"><time>2026-05-02T22:54:46.921Z</time></trkpt>
      <trkpt lat="29.799497" lon="99.755672"><time>2026-05-02T22:54:46.938Z</time></trkpt>
      <trkpt lat="29.799497" lon="99.755672"><time>2026-05-02T22:54:46.955Z</time></trkpt>
      <trkpt lat="29.799497" lon="99.755672"><time>2026-05-02T22:54:46.971Z</time></trkpt>
      <trkpt lat="29.799497" lon="99.755672"><time>2026-05-02T22:54:46.988Z</time></trkpt>
      <trkpt lat="29.799497" lon="99.755672"><time>2026-05-02T22:54:47.005Z</time></trkpt>
      <trkpt lat="29.799497" lon="99.755672"><time>2026-05-02T22:54:47.021Z</time></trkpt>
      <trkpt lat="29.799504" lon="99.755674"><time>2026-05-02T22:54:47.038Z</time></trkpt>
      <trkpt lat="29.799504" lon="99.755674"><time>2026-05-02T22:54:47.055Z</time></trkpt>
      <trkpt lat="29.799504" lon="99.755674"><time>2026-05-02T22:54:47.071Z</time></trkpt>
      <trkpt lat="29.799504" lon="99.755674"><time>2026-05-02T22:54:47.088Z</time></trkpt>
      <trkpt lat="29.799504" lon="99.755674"><time>2026-05-02T22:54:47.105Z</time></trkpt>
      <trkpt lat="29.799504" lon="99.755674"><time>2026-05-02T22:54:47.121Z</time></trkpt>
      <trkpt lat="29.799512" lon="99.755676"><time>2026-05-02T22:54:47.138Z</time></trkpt>
      <trkpt lat="29.799512" lon="99.755676"><time>2026-05-02T22:54:47.155Z</time></trkpt>
      <trkpt lat="29.799512" lon="99.755676"><time>2026-05-02T22:54:47.171Z</time></trkpt>
      <trkpt lat="29.799512" lon="99.755676"><time>2026-05-02T22:54:47.188Z</time></trkpt>
      <trkpt lat="29.799512" lon="99.755676"><time>2026-05-02T22:54:47.205Z</time></trkpt>
      <trkpt lat="29.799512" lon="99.755676"><time>2026-05-02T22:54:47.221Z</time></trkpt>
      <trkpt lat="29.79952" lon="99.755678"><time>2026-05-02T22:54:47.238Z</time></trkpt>
      <trkpt lat="29.79952" lon="99.755678"><time>2026-05-02T22:54:47.255Z</time></trkpt>
      <trkpt lat="29.79952" lon="99.755678"><time>2026-05-02T22:54:47.271Z</time></trkpt>
      <trkpt lat="29.79952" lon="99.755678"><time>2026-05-02T22:54:47.288Z</time></trkpt>
      <trkpt lat="29.79952" lon="99.755678"><time>2026-05-02T22:54:47.305Z</time></trkpt>
      <trkpt lat="29.79952" lon="99.755678"><time>2026-05-02T22:54:47.321Z</time></trkpt>
      <trkpt lat="29.799527" lon="99.755681"><time>2026-05-02T22:54:47.338Z</time></trkpt>
      <trkpt lat="29.799527" lon="99.755681"><time>2026-05-02T22:54:47.355Z</time></trkpt>
      <trkpt lat="29.799527" lon="99.755681"><time>2026-05-02T22:54:47.372Z</time></trkpt>
      <trkpt lat="29.799527" lon="99.755681"><time>2026-05-02T22:54:47.388Z</time></trkpt>
      <trkpt lat="29.799527" lon="99.755681"><time>2026-05-02T22:54:47.405Z</time></trkpt>
      <trkpt lat="29.799527" lon="99.755681"><time>2026-05-02T22:54:47.422Z</time></trkpt>
      <trkpt lat="29.799534" lon="99.755683"><time>2026-05-02T22:54:47.438Z</time></trkpt>
      <trkpt lat="29.799534" lon="99.755683"><time>2026-05-02T22:54:47.455Z</time></trkpt>
      <trkpt lat="29.799534" lon="99.755683"><time>2026-05-02T22:54:47.472Z</time></trkpt>
      <trkpt lat="29.799534" lon="99.755683"><time>2026-05-02T22:54:47.488Z</time></trkpt>
      <trkpt lat="29.799534" lon="99.755683"><time>2026-05-02T22:54:47.505Z</time></trkpt>
      <trkpt lat="29.799534" lon="99.755683"><time>2026-05-02T22:54:47.522Z</time></trkpt>
      <trkpt lat="29.799541" lon="99.755686"><time>2026-05-02T22:54:47.538Z</time></trkpt>
      <trkpt lat="29.799541" lon="99.755686"><time>2026-05-02T22:54:47.555Z</time></trkpt>
      <trkpt lat="29.799541" lon="99.755686"><time>2026-05-02T22:54:47.572Z</time></trkpt>
      <trkpt lat="29.799541" lon="99.755686"><time>2026-05-02T22:54:47.588Z</time></trkpt>
      <trkpt lat="29.799541" lon="99.755686"><time>2026-05-02T22:54:47.605Z</time></trkpt>
      <trkpt lat="29.799541" lon="99.755686"><time>2026-05-02T22:54:47.622Z</time></trkpt>
      <trkpt lat="29.799548" lon="99.755689"><time>2026-05-02T22:54:47.638Z</time></trkpt>
      <trkpt lat="29.799548" lon="99.755689"><time>2026-05-02T22:54:47.655Z</time></trkpt>
      <trkpt lat="29.799548" lon="99.755689"><time>2026-05-02T22:54:47.672Z</time></trkpt>
      <trkpt lat="29.799548" lon="99.755689"><time>2026-05-02T22:54:47.688Z</time></trkpt>
      <trkpt lat="29.799548" lon="99.755689"><time>2026-05-02T22:54:47.705Z</time></trkpt>
      <trkpt lat="29.799548" lon="99.755689"><time>2026-05-02T22:54:47.722Z</time></trkpt>
      <trkpt lat="29.799556" lon="99.755692"><time>2026-05-02T22:54:47.738Z</time></trkpt>
      <trkpt lat="29.799556" lon="99.755692"><time>2026-05-02T22:54:47.755Z</time></trkpt>
      <trkpt lat="29.799556" lon="99.755692"><time>2026-05-02T22:54:47.772Z</time></trkpt>
      <trkpt lat="29.799556" lon="99.755692"><time>2026-05-02T22:54:47.789Z</time></trkpt>
      <trkpt lat="29.799556" lon="99.755692"><time>2026-05-02T22:54:47.805Z</time></trkpt>
      <trkpt lat="29.799556" lon="99.755692"><time>2026-05-02T22:54:47.822Z</time></trkpt>
      <trkpt lat="29.799563" lon="99.755696"><time>2026-05-02T22:54:47.839Z</time></trkpt>
      <trkpt lat="29.799563" lon="99.755696"><time>2026-05-02T22:54:47.855Z</time></trkpt>
      <trkpt lat="29.799563" lon="99.755696"><time>2026-05-02T22:54:47.872Z</time></trkpt>
      <trkpt lat="29.799563" lon="99.755696"><time>2026-05-02T22:54:47.889Z</time></trkpt>
      <trkpt lat="29.799563" lon="99.755696"><time>2026-05-02T22:54:47.905Z</time></trkpt>
      <trkpt lat="29.799563" lon="99.755696"><time>2026-05-02T22:54:47.922Z</time></trkpt>
      <trkpt lat="29.799569" lon="99.755699"><time>2026-05-02T22:54:47.939Z</time></trkpt>
      <trkpt lat="29.799569" lon="99.755699"><time>2026-05-02T22:54:47.955Z</time></trkpt>
      <trkpt lat="29.799569" lon="99.755699"><time>2026-05-02T22:54:47.972Z</time></trkpt>
      <trkpt lat="29.799569" lon="99.755699"><time>2026-05-02T22:54:47.989Z</time></trkpt>
      <trkpt lat="29.799569" lon="99.755699"><time>2026-05-02T22:54:48.005Z</time></trkpt>
      <trkpt lat="29.799569" lon="99.755699"><time>2026-05-02T22:54:48.022Z</time></trkpt>
      <trkpt lat="29.799577" lon="99.755703"><time>2026-05-02T22:54:48.039Z</time></trkpt>
      <trkpt lat="29.799577" lon="99.755703"><time>2026-05-02T22:54:48.055Z</time></trkpt>
      <trkpt lat="29.799577" lon="99.755703"><time>2026-05-02T22:54:48.072Z</time></trkpt>
      <trkpt lat="29.799577" lon="99.755703"><time>2026-05-02T22:54:48.089Z</time></trkpt>
      <trkpt lat="29.799577" lon="99.755703"><time>2026-05-02T22:54:48.105Z</time></trkpt>
      <trkpt lat="29.799577" lon="99.755703"><time>2026-05-02T22:54:48.122Z</time></trkpt>
      <trkpt lat="29.799584" lon="99.755707"><time>2026-05-02T22:54:48.139Z</time></trkpt>
      <trkpt lat="29.799584" lon="99.755707"><time>2026-05-02T22:54:48.155Z</time></trkpt>
      <trkpt lat="29.799584" lon="99.755707"><time>2026-05-02T22:54:48.172Z</time></trkpt>
      <trkpt lat="29.799584" lon="99.755707"><time>2026-05-02T22:54:48.189Z</time></trkpt>
      <trkpt lat="29.799584" lon="99.755707"><time>2026-05-02T22:54:48.206Z</time></trkpt>
      <trkpt lat="29.799584" lon="99.755707"><time>2026-05-02T22:54:48.222Z</time></trkpt>
      <trkpt lat="29.799591" lon="99.755711"><time>2026-05-02T22:54:48.239Z</time></trkpt>
      <trkpt lat="29.799591" lon="99.755711"><time>2026-05-02T22:54:48.256Z</time></trkpt>
      <trkpt lat="29.799591" lon="99.755711"><time>2026-05-02T22:54:48.272Z</time></trkpt>
      <trkpt lat="29.799591" lon="99.755711"><time>2026-05-02T22:54:48.289Z</time></trkpt>
      <trkpt lat="29.799591" lon="99.755711"><time>2026-05-02T22:54:48.306Z</time></trkpt>
      <trkpt lat="29.799591" lon="99.755711"><time>2026-05-02T22:54:48.322Z</time></trkpt>
      <trkpt lat="29.799597" lon="99.755715"><time>2026-05-02T22:54:48.339Z</time></trkpt>
      <trkpt lat="29.799597" lon="99.755715"><time>2026-05-02T22:54:48.356Z</time></trkpt>
      <trkpt lat="29.799597" lon="99.755715"><time>2026-05-02T22:54:48.372Z</time></trkpt>
      <trkpt lat="29.799597" lon="99.755715"><time>2026-05-02T22:54:48.389Z</time></trkpt>
      <trkpt lat="29.799597" lon="99.755715"><time>2026-05-02T22:54:48.406Z</time></trkpt>
      <trkpt lat="29.799597" lon="99.755715"><time>2026-05-02T22:54:48.422Z</time></trkpt>
      <trkpt lat="29.799604" lon="99.75572"><time>2026-05-02T22:54:48.439Z</time></trkpt>
      <trkpt lat="29.799604" lon="99.75572"><time>2026-05-02T22:54:48.456Z</time></trkpt>
      <trkpt lat="29.799604" lon="99.75572"><time>2026-05-02T22:54:48.472Z</time></trkpt>
      <trkpt lat="29.799604" lon="99.75572"><time>2026-05-02T22:54:48.489Z</time></trkpt>
      <trkpt lat="29.799604" lon="99.75572"><time>2026-05-02T22:54:48.506Z</time></trkpt>
      <trkpt lat="29.799604" lon="99.75572"><time>2026-05-02T22:54:48.522Z</time></trkpt>
      <trkpt lat="29.79961" lon="99.755724"><time>2026-05-02T22:54:48.539Z</time></trkpt>
      <trkpt lat="29.79961" lon="99.755724"><time>2026-05-02T22:54:48.556Z</time></trkpt>
      <trkpt lat="29.79961" lon="99.755724"><time>2026-05-02T22:54:48.572Z</time></trkpt>
      <trkpt lat="29.79961" lon="99.755724"><time>2026-05-02T22:54:48.589Z</time></trkpt>
      <trkpt lat="29.79961" lon="99.755724"><time>2026-05-02T22:54:48.606Z</time></trkpt>
      <trkpt lat="29.79961" lon="99.755724"><time>2026-05-02T22:54:48.623Z</time></trkpt>
      <trkpt lat="29.799617" lon="99.755729"><time>2026-05-02T22:54:48.639Z</time></trkpt>
      <trkpt lat="29.799617" lon="99.755729"><time>2026-05-02T22:54:48.656Z</time></trkpt>
      <trkpt lat="29.799617" lon="99.755729"><time>2026-05-02T22:54:48.673Z</time></trkpt>
      <trkpt lat="29.799617" lon="99.755729"><time>2026-05-02T22:54:48.689Z</time></trkpt>
      <trkpt lat="29.799617" lon="99.755729"><time>2026-05-02T22:54:48.706Z</time></trkpt>
      <trkpt lat="29.799617" lon="99.755729"><time>2026-05-02T22:54:48.723Z</time></trkpt>
      <trkpt lat="29.799623" lon="99.755734"><time>2026-05-02T22:54:48.739Z</time></trkpt>
      <trkpt lat="29.799623" lon="99.755734"><time>2026-05-02T22:54:48.756Z</time></trkpt>
      <trkpt lat="29.799623" lon="99.755734"><time>2026-05-02T22:54:48.773Z</time></trkpt>
      <trkpt lat="29.799623" lon="99.755734"><time>2026-05-02T22:54:48.789Z</time></trkpt>
      <trkpt lat="29.799623" lon="99.755734"><time>2026-05-02T22:54:48.806Z</time></trkpt>
      <trkpt lat="29.799623" lon="99.755734"><time>2026-05-02T22:54:48.823Z</time></trkpt>
      <trkpt lat="29.799629" lon="99.75574"><time>2026-05-02T22:54:48.839Z</time></trkpt>
      <trkpt lat="29.799629" lon="99.75574"><time>2026-05-02T22:54:48.856Z</time></trkpt>
      <trkpt lat="29.799629" lon="99.75574"><time>2026-05-02T22:54:48.873Z</time></trkpt>
      <trkpt lat="29.799629" lon="99.75574"><time>2026-05-02T22:54:48.889Z</time></trkpt>
      <trkpt lat="29.799629" lon="99.75574"><time>2026-05-02T22:54:48.906Z</time></trkpt>
      <trkpt lat="29.799629" lon="99.75574"><time>2026-05-02T22:54:48.923Z</time></trkpt>
      <trkpt lat="29.799634" lon="99.755745"><time>2026-05-02T22:54:48.939Z</time></trkpt>
      <trkpt lat="29.799634" lon="99.755745"><time>2026-05-02T22:54:48.956Z</time></trkpt>
      <trkpt lat="29.799634" lon="99.755745"><time>2026-05-02T22:54:48.973Z</time></trkpt>
      <trkpt lat="29.799634" lon="99.755745"><time>2026-05-02T22:54:48.989Z</time></trkpt>
      <trkpt lat="29.799634" lon="99.755745"><time>2026-05-02T22:54:49.006Z</time></trkpt>
      <trkpt lat="29.799634" lon="99.755745"><time>2026-05-02T22:54:49.023Z</time></trkpt>
      <trkpt lat="29.79964" lon="99.755752"><time>2026-05-02T22:54:49.040Z</time></trkpt>
      <trkpt lat="29.79964" lon="99.755752"><time>2026-05-02T22:54:49.056Z</time></trkpt>
      <trkpt lat="29.79964" lon="99.755752"><time>2026-05-02T22:54:49.073Z</time></trkpt>
      <trkpt lat="29.79964" lon="99.755752"><time>2026-05-02T22:54:49.090Z</time></trkpt>
      <trkpt lat="29.79964" lon="99.755752"><time>2026-05-02T22:54:49.106Z</time></trkpt>
      <trkpt lat="29.79964" lon="99.755752"><time>2026-05-02T22:54:49.123Z</time></trkpt>
      <trkpt lat="29.799645" lon="99.755758"><time>2026-05-02T22:54:49.140Z</time></trkpt>
      <trkpt lat="29.799645" lon="99.755758"><time>2026-05-02T22:54:49.156Z</time></trkpt>
      <trkpt lat="29.799645" lon="99.755758"><time>2026-05-02T22:54:49.173Z</time></trkpt>
      <trkpt lat="29.799645" lon="99.755758"><time>2026-05-02T22:54:49.190Z</time></trkpt>
      <trkpt lat="29.799645" lon="99.755758"><time>2026-05-02T22:54:49.206Z</time></trkpt>
      <trkpt lat="29.79965" lon="99.755765"><time>2026-05-02T22:54:49.223Z</time></trkpt>
      <trkpt lat="29.79965" lon="99.755765"><time>2026-05-02T22:54:49.240Z</time></trkpt>
      <trkpt lat="29.79965" lon="99.755765"><time>2026-05-02T22:54:49.256Z</time></trkpt>
      <trkpt lat="29.79965" lon="99.755765"><time>2026-05-02T22:54:49.273Z</time></trkpt>
      <trkpt lat="29.79965" lon="99.755765"><time>2026-05-02T22:54:49.290Z</time></trkpt>
      <trkpt lat="29.79965" lon="99.755765"><time>2026-05-02T22:54:49.306Z</time></trkpt>
      <trkpt lat="29.799655" lon="99.755772"><time>2026-05-02T22:54:49.323Z</time></trkpt>
      <trkpt lat="29.799655" lon="99.755772"><time>2026-05-02T22:54:49.340Z</time></trkpt>
      <trkpt lat="29.799655" lon="99.755772"><time>2026-05-02T22:54:49.356Z</time></trkpt>
      <trkpt lat="29.799655" lon="99.755772"><time>2026-05-02T22:54:49.373Z</time></trkpt>
      <trkpt lat="29.799655" lon="99.755772"><time>2026-05-02T22:54:49.390Z</time></trkpt>
      <trkpt lat="29.799655" lon="99.755772"><time>2026-05-02T22:54:49.406Z</time></trkpt>
      <trkpt lat="29.799655" lon="99.755772"><time>2026-05-02T22:54:49.423Z</time></trkpt>
      <trkpt lat="29.799659" lon="99.755779"><time>2026-05-02T22:54:49.440Z</time></trkpt>
      <trkpt lat="29.799659" lon="99.755779"><time>2026-05-02T22:54:49.457Z</time></trkpt>
      <trkpt lat="29.799659" lon="99.755779"><time>2026-05-02T22:54:49.473Z</time></trkpt>
      <trkpt lat="29.799659" lon="99.755779"><time>2026-05-02T22:54:49.490Z</time></trkpt>
      <trkpt lat="29.799659" lon="99.755779"><time>2026-05-02T22:54:49.507Z</time></trkpt>
      <trkpt lat="29.799664" lon="99.755786"><time>2026-05-02T22:54:49.523Z</time></trkpt>
      <trkpt lat="29.799664" lon="99.755786"><time>2026-05-02T22:54:49.540Z</time></trkpt>
      <trkpt lat="29.799664" lon="99.755786"><time>2026-05-02T22:54:49.557Z</time></trkpt>
      <trkpt lat="29.799664" lon="99.755786"><time>2026-05-02T22:54:49.573Z</time></trkpt>
      <trkpt lat="29.799664" lon="99.755786"><time>2026-05-02T22:54:49.590Z</time></trkpt>
      <trkpt lat="29.799664" lon="99.755786"><time>2026-05-02T22:54:49.607Z</time></trkpt>
      <trkpt lat="29.799664" lon="99.755786"><time>2026-05-02T22:54:49.623Z</time></trkpt>
      <trkpt lat="29.799668" lon="99.755794"><time>2026-05-02T22:54:49.640Z</time></trkpt>
      <trkpt lat="29.799668" lon="99.755794"><time>2026-05-02T22:54:49.657Z</time></trkpt>
      <trkpt lat="29.799668" lon="99.755794"><time>2026-05-02T22:54:49.673Z</time></trkpt>
      <trkpt lat="29.799668" lon="99.755794"><time>2026-05-02T22:54:49.690Z</time></trkpt>
      <trkpt lat="29.799668" lon="99.755794"><time>2026-05-02T22:54:49.707Z</time></trkpt>
      <trkpt lat="29.799672" lon="99.755802"><time>2026-05-02T22:54:49.723Z</time></trkpt>
      <trkpt lat="29.799672" lon="99.755802"><time>2026-05-02T22:54:49.740Z</time></trkpt>
      <trkpt lat="29.799672" lon="99.755802"><time>2026-05-02T22:54:49.757Z</time></trkpt>
      <trkpt lat="29.799672" lon="99.755802"><time>2026-05-02T22:54:49.773Z</time></trkpt>
      <trkpt lat="29.799672" lon="99.755802"><time>2026-05-02T22:54:49.790Z</time></trkpt>
      <trkpt lat="29.799672" lon="99.755802"><time>2026-05-02T22:54:49.807Z</time></trkpt>
      <trkpt lat="29.799676" lon="99.755809"><time>2026-05-02T22:54:49.823Z</time></trkpt>
      <trkpt lat="29.799676" lon="99.755809"><time>2026-05-02T22:54:49.840Z</time></trkpt>
      <trkpt lat="29.799676" lon="99.755809"><time>2026-05-02T22:54:49.857Z</time></trkpt>
      <trkpt lat="29.799676" lon="99.755809"><time>2026-05-02T22:54:49.874Z</time></trkpt>
      <trkpt lat="29.799676" lon="99.755809"><time>2026-05-02T22:54:49.890Z</time></trkpt>
      <trkpt lat="29.799676" lon="99.755809"><time>2026-05-02T22:54:49.907Z</time></trkpt>
      <trkpt lat="29.799679" lon="99.755818"><time>2026-05-02T22:54:49.924Z</time></trkpt>
      <trkpt lat="29.799679" lon="99.755818"><time>2026-05-02T22:54:49.940Z</time></trkpt>
      <trkpt lat="29.799679" lon="99.755818"><time>2026-05-02T22:54:49.957Z</time></trkpt>
      <trkpt lat="29.799679" lon="99.755818"><time>2026-05-02T22:54:49.974Z</time></trkpt>
      <trkpt lat="29.799679" lon="99.755818"><time>2026-05-02T22:54:49.990Z</time></trkpt>
      <trkpt lat="29.799679" lon="99.755818"><time>2026-05-02T22:54:50.007Z</time></trkpt>
      <trkpt lat="29.799683" lon="99.755826"><time>2026-05-02T22:54:50.024Z</time></trkpt>
      <trkpt lat="29.799683" lon="99.755826"><time>2026-05-02T22:54:50.040Z</time></trkpt>
      <trkpt lat="29.799683" lon="99.755826"><time>2026-05-02T22:54:50.057Z</time></trkpt>
      <trkpt lat="29.799683" lon="99.755826"><time>2026-05-02T22:54:50.074Z</time></trkpt>
      <trkpt lat="29.799683" lon="99.755826"><time>2026-05-02T22:54:50.090Z</time></trkpt>
      <trkpt lat="29.799683" lon="99.755826"><time>2026-05-02T22:54:50.107Z</time></trkpt>
      <trkpt lat="29.799686" lon="99.755834"><time>2026-05-02T22:54:50.124Z</time></trkpt>
      <trkpt lat="29.799686" lon="99.755834"><time>2026-05-02T22:54:50.140Z</time></trkpt>
      <trkpt lat="29.799686" lon="99.755834"><time>2026-05-02T22:54:50.157Z</time></trkpt>
      <trkpt lat="29.799686" lon="99.755834"><time>2026-05-02T22:54:50.174Z</time></trkpt>
      <trkpt lat="29.799686" lon="99.755834"><time>2026-05-02T22:54:50.190Z</time></trkpt>
      <trkpt lat="29.799686" lon="99.755834"><time>2026-05-02T22:54:50.207Z</time></trkpt>
      <trkpt lat="29.799687" lon="99.755842"><time>2026-05-02T22:54:50.224Z</time></trkpt>
      <trkpt lat="29.799687" lon="99.755842"><time>2026-05-02T22:54:50.240Z</time></trkpt>
      <trkpt lat="29.799687" lon="99.755842"><time>2026-05-02T22:54:50.257Z</time></trkpt>
      <trkpt lat="29.799687" lon="99.755842"><time>2026-05-02T22:54:50.274Z</time></trkpt>
      <trkpt lat="29.799687" lon="99.755842"><time>2026-05-02T22:54:50.291Z</time></trkpt>
      <trkpt lat="29.799687" lon="99.755842"><time>2026-05-02T22:54:50.307Z</time></trkpt>
      <trkpt lat="29.799689" lon="99.75585"><time>2026-05-02T22:54:50.324Z</time></trkpt>
      <trkpt lat="29.799689" lon="99.75585"><time>2026-05-02T22:54:50.341Z</time></trkpt>
      <trkpt lat="29.799689" lon="99.75585"><time>2026-05-02T22:54:50.357Z</time></trkpt>
      <trkpt lat="29.799689" lon="99.75585"><time>2026-05-02T22:54:50.374Z</time></trkpt>
      <trkpt lat="29.799689" lon="99.75585"><time>2026-05-02T22:54:50.391Z</time></trkpt>
      <trkpt lat="29.799689" lon="99.75585"><time>2026-05-02T22:54:50.407Z</time></trkpt>
      <trkpt lat="29.799692" lon="99.755858"><time>2026-05-02T22:54:50.424Z</time></trkpt>
      <trkpt lat="29.799692" lon="99.755858"><time>2026-05-02T22:54:50.441Z</time></trkpt>
      <trkpt lat="29.799692" lon="99.755858"><time>2026-05-02T22:54:50.457Z</time></trkpt>
      <trkpt lat="29.799692" lon="99.755858"><time>2026-05-02T22:54:50.474Z</time></trkpt>
      <trkpt lat="29.799692" lon="99.755858"><time>2026-05-02T22:54:50.491Z</time></trkpt>
      <trkpt lat="29.799692" lon="99.755858"><time>2026-05-02T22:54:50.507Z</time></trkpt>
      <trkpt lat="29.799694" lon="99.755866"><time>2026-05-02T22:54:50.524Z</time></trkpt>
      <trkpt lat="29.799694" lon="99.755866"><time>2026-05-02T22:54:50.541Z</time></trkpt>
      <trkpt lat="29.799694" lon="99.755866"><time>2026-05-02T22:54:50.557Z</time></trkpt>
      <trkpt lat="29.799694" lon="99.755866"><time>2026-05-02T22:54:50.574Z</time></trkpt>
      <trkpt lat="29.799694" lon="99.755866"><time>2026-05-02T22:54:50.591Z</time></trkpt>
      <trkpt lat="29.799694" lon="99.755866"><time>2026-05-02T22:54:50.607Z</time></trkpt>
      <trkpt lat="29.799696" lon="99.755875"><time>2026-05-02T22:54:50.624Z</time></trkpt>
      <trkpt lat="29.799696" lon="99.755875"><time>2026-05-02T22:54:50.641Z</time></trkpt>
      <trkpt lat="29.799696" lon="99.755875"><time>2026-05-02T22:54:50.657Z</time></trkpt>
      <trkpt lat="29.799696" lon="99.755875"><time>2026-05-02T22:54:50.674Z</time></trkpt>
      <trkpt lat="29.799696" lon="99.755875"><time>2026-05-02T22:54:50.691Z</time></trkpt>
      <trkpt lat="29.799696" lon="99.755875"><time>2026-05-02T22:54:50.708Z</time></trkpt>
      <trkpt lat="29.799697" lon="99.755883"><time>2026-05-02T22:54:50.724Z</time></trkpt>
      <trkpt lat="29.799697" lon="99.755883"><time>2026-05-02T22:54:50.741Z</time></trkpt>
      <trkpt lat="29.799697" lon="99.755883"><time>2026-05-02T22:54:50.758Z</time></trkpt>
      <trkpt lat="29.799697" lon="99.755883"><time>2026-05-02T22:54:50.774Z</time></trkpt>
      <trkpt lat="29.799697" lon="99.755883"><time>2026-05-02T22:54:50.791Z</time></trkpt>
      <trkpt lat="29.799697" lon="99.755883"><time>2026-05-02T22:54:50.808Z</time></trkpt>
      <trkpt lat="29.799699" lon="99.755892"><time>2026-05-02T22:54:50.824Z</time></trkpt>
      <trkpt lat="29.799699" lon="99.755892"><time>2026-05-02T22:54:50.841Z</time></trkpt>
      <trkpt lat="29.799699" lon="99.755892"><time>2026-05-02T22:54:50.858Z</time></trkpt>
      <trkpt lat="29.799699" lon="99.755892"><time>2026-05-02T22:54:50.874Z</time></trkpt>
      <trkpt lat="29.799699" lon="99.755892"><time>2026-05-02T22:54:50.891Z</time></trkpt>
      <trkpt lat="29.799699" lon="99.755892"><time>2026-05-02T22:54:50.908Z</time></trkpt>
      <trkpt lat="29.7997" lon="99.7559"><time>2026-05-02T22:54:50.924Z</time></trkpt>
      <trkpt lat="29.7997" lon="99.7559"><time>2026-05-02T22:54:50.941Z</time></trkpt>
      <trkpt lat="29.7997" lon="99.7559"><time>2026-05-02T22:54:50.958Z</time></trkpt>
      <trkpt lat="29.7997" lon="99.7559"><time>2026-05-02T22:54:50.974Z</time></trkpt>
      <trkpt lat="29.7997" lon="99.7559"><time>2026-05-02T22:54:50.991Z</time></trkpt>
      <trkpt lat="29.7997" lon="99.7559"><time>2026-05-02T22:54:51.008Z</time></trkpt>
      <trkpt lat="29.7997" lon="99.755909"><time>2026-05-02T22:54:51.024Z</time></trkpt>
      <trkpt lat="29.7997" lon="99.755909"><time>2026-05-02T22:54:51.041Z</time></trkpt>
      <trkpt lat="29.7997" lon="99.755909"><time>2026-05-02T22:54:51.058Z</time></trkpt>
      <trkpt lat="29.7997" lon="99.755909"><time>2026-05-02T22:54:51.074Z</time></trkpt>
      <trkpt lat="29.7997" lon="99.755909"><time>2026-05-02T22:54:51.091Z</time></trkpt>
      <trkpt lat="29.7997" lon="99.755909"><time>2026-05-02T22:54:51.108Z</time></trkpt>
      <trkpt lat="29.7997" lon="99.755917"><time>2026-05-02T22:54:51.125Z</time></trkpt>
      <trkpt lat="29.7997" lon="99.755917"><time>2026-05-02T22:54:51.141Z</time></trkpt>
      <trkpt lat="29.7997" lon="99.755917"><time>2026-05-02T22:54:51.158Z</time></trkpt>
      <trkpt lat="29.7997" lon="99.755917"><time>2026-05-02T22:54:51.175Z</time></trkpt>
      <trkpt lat="29.7997" lon="99.755917"><time>2026-05-02T22:54:51.191Z</time></trkpt>
      <trkpt lat="29.7997" lon="99.755917"><time>2026-05-02T22:54:51.208Z</time></trkpt>
      <trkpt lat="29.7997" lon="99.755926"><time>2026-05-02T22:54:51.225Z</time></trkpt>
      <trkpt lat="29.7997" lon="99.755926"><time>2026-05-02T22:54:51.241Z</time></trkpt>
      <trkpt lat="29.7997" lon="99.755926"><time>2026-05-02T22:54:51.258Z</time></trkpt>
      <trkpt lat="29.7997" lon="99.755926"><time>2026-05-02T22:54:51.275Z</time></trkpt>
      <trkpt lat="29.7997" lon="99.755926"><time>2026-05-02T22:54:51.291Z</time></trkpt>
      <trkpt lat="29.7997" lon="99.755926"><time>2026-05-02T22:54:51.308Z</time></trkpt>
      <trkpt lat="29.7997" lon="99.755934"><time>2026-05-02T22:54:51.325Z</time></trkpt>
      <trkpt lat="29.7997" lon="99.755934"><time>2026-05-02T22:54:51.341Z</time></trkpt>
      <trkpt lat="29.7997" lon="99.755934"><time>2026-05-02T22:54:51.358Z</time></trkpt>
      <trkpt lat="29.7997" lon="99.755934"><time>2026-05-02T22:54:51.375Z</time></trkpt>
      <trkpt lat="29.7997" lon="99.755934"><time>2026-05-02T22:54:51.391Z</time></trkpt>
      <trkpt lat="29.7997" lon="99.755934"><time>2026-05-02T22:54:51.408Z</time></trkpt>
      <trkpt lat="29.799699" lon="99.755943"><time>2026-05-02T22:54:51.425Z</time></trkpt>
      <trkpt lat="29.799699" lon="99.755943"><time>2026-05-02T22:54:51.441Z</time></trkpt>
      <trkpt lat="29.799699" lon="99.755943"><time>2026-05-02T22:54:51.458Z</time></trkpt>
      <trkpt lat="29.799699" lon="99.755943"><time>2026-05-02T22:54:51.475Z</time></trkpt>
      <trkpt lat="29.799699" lon="99.755943"><time>2026-05-02T22:54:51.491Z</time></trkpt>
      <trkpt lat="29.799699" lon="99.755943"><time>2026-05-02T22:54:51.508Z</time></trkpt>
      <trkpt lat="29.799699" lon="99.75595"><time>2026-05-02T22:54:51.525Z</time></trkpt>
      <trkpt lat="29.799699" lon="99.75595"><time>2026-05-02T22:54:51.542Z</time></trkpt>
      <trkpt lat="29.799699" lon="99.75595"><time>2026-05-02T22:54:51.558Z</time></trkpt>
      <trkpt lat="29.799699" lon="99.75595"><time>2026-05-02T22:54:51.575Z</time></trkpt>
      <trkpt lat="29.799699" lon="99.75595"><time>2026-05-02T22:54:51.592Z</time></trkpt>
      <trkpt lat="29.799699" lon="99.75595"><time>2026-05-02T22:54:51.608Z</time></trkpt>
      <trkpt lat="29.799698" lon="99.755959"><time>2026-05-02T22:54:51.625Z</time></trkpt>
      <trkpt lat="29.799698" lon="99.755959"><time>2026-05-02T22:54:51.642Z</time></trkpt>
      <trkpt lat="29.799698" lon="99.755959"><time>2026-05-02T22:54:51.658Z</time></trkpt>
      <trkpt lat="29.799698" lon="99.755959"><time>2026-05-02T22:54:51.675Z</time></trkpt>
      <trkpt lat="29.799698" lon="99.755959"><time>2026-05-02T22:54:51.692Z</time></trkpt>
      <trkpt lat="29.799698" lon="99.755959"><time>2026-05-02T22:54:51.708Z</time></trkpt>
      <trkpt lat="29.799697" lon="99.755966"><time>2026-05-02T22:54:51.725Z</time></trkpt>
      <trkpt lat="29.799697" lon="99.755966"><time>2026-05-02T22:54:51.742Z</time></trkpt>
      <trkpt lat="29.799697" lon="99.755966"><time>2026-05-02T22:54:51.758Z</time></trkpt>
      <trkpt lat="29.799697" lon="99.755966"><time>2026-05-02T22:54:51.775Z</time></trkpt>
      <trkpt lat="29.799697" lon="99.755966"><time>2026-05-02T22:54:51.792Z</time></trkpt>
      <trkpt lat="29.799697" lon="99.755966"><time>2026-05-02T22:54:51.808Z</time></trkpt>
      <trkpt lat="29.799695" lon="99.755973"><time>2026-05-02T22:54:51.825Z</time></trkpt>
      <trkpt lat="29.799695" lon="99.755973"><time>2026-05-02T22:54:51.842Z</time></trkpt>
      <trkpt lat="29.799695" lon="99.755973"><time>2026-05-02T22:54:51.858Z</time></trkpt>
      <trkpt lat="29.799695" lon="99.755973"><time>2026-05-02T22:54:51.875Z</time></trkpt>
      <trkpt lat="29.799695" lon="99.755973"><time>2026-05-02T22:54:51.892Z</time></trkpt>
      <trkpt lat="29.799695" lon="99.755973"><time>2026-05-02T22:54:51.908Z</time></trkpt>
      <trkpt lat="29.799694" lon="99.75598"><time>2026-05-02T22:54:51.925Z</time></trkpt>
      <trkpt lat="29.799694" lon="99.75598"><time>2026-05-02T22:54:51.942Z</time></trkpt>
      <trkpt lat="29.799694" lon="99.75598"><time>2026-05-02T22:54:51.959Z</time></trkpt>
      <trkpt lat="29.799694" lon="99.75598"><time>2026-05-02T22:54:51.975Z</time></trkpt>
      <trkpt lat="29.799694" lon="99.75598"><time>2026-05-02T22:54:51.992Z</time></trkpt>
      <trkpt lat="29.799694" lon="99.75598"><time>2026-05-02T22:54:52.009Z</time></trkpt>
      <trkpt lat="29.799693" lon="99.755987"><time>2026-05-02T22:54:52.025Z</time></trkpt>
      <trkpt lat="29.799693" lon="99.755987"><time>2026-05-02T22:54:52.042Z</time></trkpt>
      <trkpt lat="29.799693" lon="99.755987"><time>2026-05-02T22:54:52.059Z</time></trkpt>
      <trkpt lat="29.799693" lon="99.755987"><time>2026-05-02T22:54:52.075Z</time></trkpt>
      <trkpt lat="29.799693" lon="99.755987"><time>2026-05-02T22:54:52.092Z</time></trkpt>
      <trkpt lat="29.799693" lon="99.755987"><time>2026-05-02T22:54:52.109Z</time></trkpt>
      <trkpt lat="29.799692" lon="99.755992"><time>2026-05-02T22:54:52.125Z</time></trkpt>
      <trkpt lat="29.799692" lon="99.755992"><time>2026-05-02T22:54:52.142Z</time></trkpt>
      <trkpt lat="29.799692" lon="99.755992"><time>2026-05-02T22:54:52.159Z</time></trkpt>
      <trkpt lat="29.799692" lon="99.755992"><time>2026-05-02T22:54:52.175Z</time></trkpt>
      <trkpt lat="29.799692" lon="99.755992"><time>2026-05-02T22:54:52.192Z</time></trkpt>
      <trkpt lat="29.799692" lon="99.755992"><time>2026-05-02T22:54:52.209Z</time></trkpt>
      <trkpt lat="29.79969" lon="99.755999"><time>2026-05-02T22:54:52.225Z</time></trkpt>
      <trkpt lat="29.79969" lon="99.755999"><time>2026-05-02T22:54:52.242Z</time></trkpt>
      <trkpt lat="29.79969" lon="99.755999"><time>2026-05-02T22:54:52.259Z</time></trkpt>
      <trkpt lat="29.79969" lon="99.755999"><time>2026-05-02T22:54:52.275Z</time></trkpt>
      <trkpt lat="29.79969" lon="99.755999"><time>2026-05-02T22:54:52.292Z</time></trkpt>
      <trkpt lat="29.79969" lon="99.755999"><time>2026-05-02T22:54:52.309Z</time></trkpt>
      <trkpt lat="29.799689" lon="99.756004"><time>2026-05-02T22:54:52.325Z</time></trkpt>
      <trkpt lat="29.799689" lon="99.756004"><time>2026-05-02T22:54:52.342Z</time></trkpt>
      <trkpt lat="29.799689" lon="99.756004"><time>2026-05-02T22:54:52.359Z</time></trkpt>
      <trkpt lat="29.799689" lon="99.756004"><time>2026-05-02T22:54:52.376Z</time></trkpt>
      <trkpt lat="29.799689" lon="99.756004"><time>2026-05-02T22:54:52.392Z</time></trkpt>
      <trkpt lat="29.799689" lon="99.756004"><time>2026-05-02T22:54:52.409Z</time></trkpt>
      <trkpt lat="29.799688" lon="99.756008"><time>2026-05-02T22:54:52.426Z</time></trkpt>
      <trkpt lat="29.799688" lon="99.756008"><time>2026-05-02T22:54:52.442Z</time></trkpt>
      <trkpt lat="29.799688" lon="99.756008"><time>2026-05-02T22:54:52.459Z</time></trkpt>
      <trkpt lat="29.799688" lon="99.756008"><time>2026-05-02T22:54:52.476Z</time></trkpt>
      <trkpt lat="29.799688" lon="99.756008"><time>2026-05-02T22:54:52.492Z</time></trkpt>
      <trkpt lat="29.799688" lon="99.756008"><time>2026-05-02T22:54:52.509Z</time></trkpt>
      <trkpt lat="29.799687" lon="99.756012"><time>2026-05-02T22:54:52.526Z</time></trkpt>
      <trkpt lat="29.799687" lon="99.756012"><time>2026-05-02T22:54:52.542Z</time></trkpt>
      <trkpt lat="29.799687" lon="99.756012"><time>2026-05-02T22:54:52.559Z</time></trkpt>
      <trkpt lat="29.799687" lon="99.756012"><time>2026-05-02T22:54:52.576Z</time></trkpt>
      <trkpt lat="29.799687" lon="99.756012"><time>2026-05-02T22:54:52.592Z</time></trkpt>
      <trkpt lat="29.799687" lon="99.756012"><time>2026-05-02T22:54:52.609Z</time></trkpt>
      <trkpt lat="29.799686" lon="99.756016"><time>2026-05-02T22:54:52.626Z</time></trkpt>
      <trkpt lat="29.799686" lon="99.756016"><time>2026-05-02T22:54:52.642Z</time></trkpt>
      <trkpt lat="29.799686" lon="99.756016"><time>2026-05-02T22:54:52.659Z</time></trkpt>
      <trkpt lat="29.799686" lon="99.756016"><time>2026-05-02T22:54:52.676Z</time></trkpt>
      <trkpt lat="29.799686" lon="99.756016"><time>2026-05-02T22:54:52.692Z</time></trkpt>
      <trkpt lat="29.799686" lon="99.756016"><time>2026-05-02T22:54:52.709Z</time></trkpt>
      <trkpt lat="29.799685" lon="99.756019"><time>2026-05-02T22:54:52.726Z</time></trkpt>
      <trkpt lat="29.799685" lon="99.756019"><time>2026-05-02T22:54:52.742Z</time></trkpt>
      <trkpt lat="29.799685" lon="99.756019"><time>2026-05-02T22:54:52.759Z</time></trkpt>
      <trkpt lat="29.799685" lon="99.756019"><time>2026-05-02T22:54:52.776Z</time></trkpt>
      <trkpt lat="29.799685" lon="99.756019"><time>2026-05-02T22:54:52.793Z</time></trkpt>
      <trkpt lat="29.799685" lon="99.756019"><time>2026-05-02T22:54:52.809Z</time></trkpt>
      <trkpt lat="29.799685" lon="99.756021"><time>2026-05-02T22:54:52.826Z</time></trkpt>
      <trkpt lat="29.799685" lon="99.756021"><time>2026-05-02T22:54:52.843Z</time></trkpt>
      <trkpt lat="29.799685" lon="99.756021"><time>2026-05-02T22:54:52.859Z</time></trkpt>
      <trkpt lat="29.799685" lon="99.756021"><time>2026-05-02T22:54:52.876Z</time></trkpt>
      <trkpt lat="29.799685" lon="99.756021"><time>2026-05-02T22:54:52.893Z</time></trkpt>
      <trkpt lat="29.799685" lon="99.756021"><time>2026-05-02T22:54:52.909Z</time></trkpt>
      <trkpt lat="29.799684" lon="99.756023"><time>2026-05-02T22:54:52.926Z</time></trkpt>
      <trkpt lat="29.799684" lon="99.756023"><time>2026-05-02T22:54:52.943Z</time></trkpt>
      <trkpt lat="29.799684" lon="99.756023"><time>2026-05-02T22:54:52.959Z</time></trkpt>
      <trkpt lat="29.799684" lon="99.756023"><time>2026-05-02T22:54:52.976Z</time></trkpt>
      <trkpt lat="29.799684" lon="99.756023"><time>2026-05-02T22:54:52.993Z</time></trkpt>
      <trkpt lat="29.799684" lon="99.756023"><time>2026-05-02T22:54:53.009Z</time></trkpt>
      <trkpt lat="29.799684" lon="99.756025"><time>2026-05-02T22:54:53.026Z</time></trkpt>
      <trkpt lat="29.799684" lon="99.756025"><time>2026-05-02T22:54:53.043Z</time></trkpt>
      <trkpt lat="29.799684" lon="99.756025"><time>2026-05-02T22:54:53.059Z</time></trkpt>
      <trkpt lat="29.799684" lon="99.756025"><time>2026-05-02T22:54:53.076Z</time></trkpt>
      <trkpt lat="29.799684" lon="99.756025"><time>2026-05-02T22:54:53.093Z</time></trkpt>
      <trkpt lat="29.799684" lon="99.756025"><time>2026-05-02T22:54:53.109Z</time></trkpt>
      <trkpt lat="29.799684" lon="99.756026"><time>2026-05-02T22:54:53.126Z</time></trkpt>
      <trkpt lat="29.799684" lon="99.756026"><time>2026-05-02T22:54:53.143Z</time></trkpt>
      <trkpt lat="29.799684" lon="99.756026"><time>2026-05-02T22:54:53.159Z</time></trkpt>
      <trkpt lat="29.799684" lon="99.756026"><time>2026-05-02T22:54:53.176Z</time></trkpt>
      <trkpt lat="29.799684" lon="99.756026"><time>2026-05-02T22:54:53.193Z</time></trkpt>
      <trkpt lat="29.799684" lon="99.756026"><time>2026-05-02T22:54:53.210Z</time></trkpt>
      <trkpt lat="29.799684" lon="99.756028"><time>2026-05-02T22:54:53.226Z</time></trkpt>
      <trkpt lat="29.799684" lon="99.756028"><time>2026-05-02T22:54:53.243Z</time></trkpt>
      <trkpt lat="29.799684" lon="99.756028"><time>2026-05-02T22:54:53.260Z</time></trkpt>
      <trkpt lat="29.799684" lon="99.756028"><time>2026-05-02T22:54:53.276Z</time></trkpt>
      <trkpt lat="29.799684" lon="99.756028"><time>2026-05-02T22:54:53.293Z</time></trkpt>
      <trkpt lat="29.799684" lon="99.756028"><time>2026-05-02T22:54:53.310Z</time></trkpt>
      <trkpt lat="29.799684" lon="99.756029"><time>2026-05-02T22:54:53.326Z</time></trkpt>
      <trkpt lat="29.799684" lon="99.756029"><time>2026-05-02T22:54:53.343Z</time></trkpt>
      <trkpt lat="29.799684" lon="99.756029"><time>2026-05-02T22:54:53.360Z</time></trkpt>
      <trkpt lat="29.799684" lon="99.756029"><time>2026-05-02T22:54:53.376Z</time></trkpt>
      <trkpt lat="29.799684" lon="99.756029"><time>2026-05-02T22:54:53.393Z</time></trkpt>
      <trkpt lat="29.799684" lon="99.756029"><time>2026-05-02T22:54:53.410Z</time></trkpt>
      <trkpt lat="29.799683" lon="99.75603"><time>2026-05-02T22:54:53.426Z</time></trkpt>
      <trkpt lat="29.799683" lon="99.75603"><time>2026-05-02T22:54:53.443Z</time></trkpt>
      <trkpt lat="29.799683" lon="99.75603"><time>2026-05-02T22:54:53.460Z</time></trkpt>
      <trkpt lat="29.799683" lon="99.75603"><time>2026-05-02T22:54:53.476Z</time></trkpt>
      <trkpt lat="29.799683" lon="99.75603"><time>2026-05-02T22:54:53.493Z</time></trkpt>
      <trkpt lat="29.799683" lon="99.75603"><time>2026-05-02T22:54:53.510Z</time></trkpt>
      <trkpt lat="29.799683" lon="99.756032"><time>2026-05-02T22:54:53.526Z</time></trkpt>
      <trkpt lat="29.799683" lon="99.756032"><time>2026-05-02T22:54:53.543Z</time></trkpt>
      <trkpt lat="29.799683" lon="99.756032"><time>2026-05-02T22:54:53.560Z</time></trkpt>
      <trkpt lat="29.799683" lon="99.756032"><time>2026-05-02T22:54:53.576Z</time></trkpt>
      <trkpt lat="29.799683" lon="99.756032"><time>2026-05-02T22:54:53.593Z</time></trkpt>
      <trkpt lat="29.799683" lon="99.756032"><time>2026-05-02T22:54:53.610Z</time></trkpt>
      <trkpt lat="29.799682" lon="99.756032"><time>2026-05-02T22:54:53.627Z</time></trkpt>
      <trkpt lat="29.799682" lon="99.756032"><time>2026-05-02T22:54:53.643Z</time></trkpt>
      <trkpt lat="29.799682" lon="99.756032"><time>2026-05-02T22:54:53.660Z</time></trkpt>
      <trkpt lat="29.799682" lon="99.756032"><time>2026-05-02T22:54:53.677Z</time></trkpt>
      <trkpt lat="29.799682" lon="99.756032"><time>2026-05-02T22:54:53.693Z</time></trkpt>
      <trkpt lat="29.799682" lon="99.756032"><time>2026-05-02T22:54:53.710Z</time></trkpt>
      <trkpt lat="29.799682" lon="99.756033"><time>2026-05-02T22:54:53.727Z</time></trkpt>
      <trkpt lat="29.799682" lon="99.756033"><time>2026-05-02T22:54:53.743Z</time></trkpt>
      <trkpt lat="29.799682" lon="99.756033"><time>2026-05-02T22:54:53.760Z</time></trkpt>
      <trkpt lat="29.799682" lon="99.756033"><time>2026-05-02T22:54:53.777Z</time></trkpt>
      <trkpt lat="29.799682" lon="99.756033"><time>2026-05-02T22:54:53.793Z</time></trkpt>
      <trkpt lat="29.799682" lon="99.756033"><time>2026-05-02T22:54:53.810Z</time></trkpt>
      <trkpt lat="29.799681" lon="99.756034"><time>2026-05-02T22:54:53.827Z</time></trkpt>
      <trkpt lat="29.799681" lon="99.756034"><time>2026-05-02T22:54:53.843Z</time></trkpt>
      <trkpt lat="29.799681" lon="99.756034"><time>2026-05-02T22:54:53.860Z</time></trkpt>
      <trkpt lat="29.799681" lon="99.756034"><time>2026-05-02T22:54:53.877Z</time></trkpt>
      <trkpt lat="29.799681" lon="99.756034"><time>2026-05-02T22:54:53.893Z</time></trkpt>
      <trkpt lat="29.799681" lon="99.756034"><time>2026-05-02T22:54:53.910Z</time></trkpt>
      <trkpt lat="29.79968" lon="99.756034"><time>2026-05-02T22:54:53.927Z</time></trkpt>
      <trkpt lat="29.79968" lon="99.756034"><time>2026-05-02T22:54:53.943Z</time></trkpt>
      <trkpt lat="29.79968" lon="99.756034"><time>2026-05-02T22:54:53.960Z</time></trkpt>
      <trkpt lat="29.79968" lon="99.756034"><time>2026-05-02T22:54:53.977Z</time></trkpt>
      <trkpt lat="29.79968" lon="99.756034"><time>2026-05-02T22:54:53.993Z</time></trkpt>
      <trkpt lat="29.79968" lon="99.756034"><time>2026-05-02T22:54:54.010Z</time></trkpt>
      <trkpt lat="29.799679" lon="99.756035"><time>2026-05-02T22:54:54.027Z</time></trkpt>
      <trkpt lat="29.799679" lon="99.756035"><time>2026-05-02T22:54:54.044Z</time></trkpt>
      <trkpt lat="29.799679" lon="99.756035"><time>2026-05-02T22:54:54.060Z</time></trkpt>
      <trkpt lat="29.799679" lon="99.756035"><time>2026-05-02T22:54:54.077Z</time></trkpt>
      <trkpt lat="29.799679" lon="99.756035"><time>2026-05-02T22:54:54.094Z</time></trkpt>
      <trkpt lat="29.799679" lon="99.756035"><time>2026-05-02T22:54:54.110Z</time></trkpt>
      <trkpt lat="29.799678" lon="99.756036"><time>2026-05-02T22:54:54.127Z</time></trkpt>
      <trkpt lat="29.799678" lon="99.756036"><time>2026-05-02T22:54:54.144Z</time></trkpt>
      <trkpt lat="29.799678" lon="99.756036"><time>2026-05-02T22:54:54.160Z</time></trkpt>
      <trkpt lat="29.799678" lon="99.756036"><time>2026-05-02T22:54:54.177Z</time></trkpt>
      <trkpt lat="29.799678" lon="99.756036"><time>2026-05-02T22:54:54.194Z</time></trkpt>
      <trkpt lat="29.799678" lon="99.756036"><time>2026-05-02T22:54:54.210Z</time></trkpt>
      <trkpt lat="29.799677" lon="99.756037"><time>2026-05-02T22:54:54.227Z</time></trkpt>
      <trkpt lat="29.799677" lon="99.756037"><time>2026-05-02T22:54:54.244Z</time></trkpt>
      <trkpt lat="29.799677" lon="99.756037"><time>2026-05-02T22:54:54.260Z</time></trkpt>
      <trkpt lat="29.799677" lon="99.756037"><time>2026-05-02T22:54:54.277Z</time></trkpt>
      <trkpt lat="29.799677" lon="99.756037"><time>2026-05-02T22:54:54.294Z</time></trkpt>
      <trkpt lat="29.799677" lon="99.756037"><time>2026-05-02T22:54:54.310Z</time></trkpt>
      <trkpt lat="29.799676" lon="99.756037"><time>2026-05-02T22:54:54.327Z</time></trkpt>
      <trkpt lat="29.799676" lon="99.756037"><time>2026-05-02T22:54:54.344Z</time></trkpt>
      <trkpt lat="29.799676" lon="99.756037"><time>2026-05-02T22:54:54.360Z</time></trkpt>
      <trkpt lat="29.799676" lon="99.756037"><time>2026-05-02T22:54:54.377Z</time></trkpt>
      <trkpt lat="29.799676" lon="99.756037"><time>2026-05-02T22:54:54.394Z</time></trkpt>
      <trkpt lat="29.799676" lon="99.756037"><time>2026-05-02T22:54:54.410Z</time></trkpt>
      <trkpt lat="29.799674" lon="99.756038"><time>2026-05-02T22:54:54.427Z</time></trkpt>
      <trkpt lat="29.799674" lon="99.756038"><time>2026-05-02T22:54:54.444Z</time></trkpt>
      <trkpt lat="29.799674" lon="99.756038"><time>2026-05-02T22:54:54.461Z</time></trkpt>
      <trkpt lat="29.799674" lon="99.756038"><time>2026-05-02T22:54:54.477Z</time></trkpt>
      <trkpt lat="29.799674" lon="99.756038"><time>2026-05-02T22:54:54.494Z</time></trkpt>
      <trkpt lat="29.799674" lon="99.756038"><time>2026-05-02T22:54:54.511Z</time></trkpt>
      <trkpt lat="29.799673" lon="99.756039"><time>2026-05-02T22:54:54.527Z</time></trkpt>
      <trkpt lat="29.799673" lon="99.756039"><time>2026-05-02T22:54:54.544Z</time></trkpt>
      <trkpt lat="29.799673" lon="99.756039"><time>2026-05-02T22:54:54.561Z</time></trkpt>
      <trkpt lat="29.799673" lon="99.756039"><time>2026-05-02T22:54:54.577Z</time></trkpt>
      <trkpt lat="29.799673" lon="99.756039"><time>2026-05-02T22:54:54.594Z</time></trkpt>
      <trkpt lat="29.799673" lon="99.756039"><time>2026-05-02T22:54:54.611Z</time></trkpt>
      <trkpt lat="29.799672" lon="99.756039"><time>2026-05-02T22:54:54.627Z</time></trkpt>
      <trkpt lat="29.799672" lon="99.756039"><time>2026-05-02T22:54:54.644Z</time></trkpt>
      <trkpt lat="29.799672" lon="99.756039"><time>2026-05-02T22:54:54.661Z</time></trkpt>
      <trkpt lat="29.799672" lon="99.756039"><time>2026-05-02T22:54:54.677Z</time></trkpt>
      <trkpt lat="29.799672" lon="99.756039"><time>2026-05-02T22:54:54.694Z</time></trkpt>
      <trkpt lat="29.799672" lon="99.756039"><time>2026-05-02T22:54:54.711Z</time></trkpt>
      <trkpt lat="29.79967" lon="99.75604"><time>2026-05-02T22:54:54.727Z</time></trkpt>
      <trkpt lat="29.79967" lon="99.75604"><time>2026-05-02T22:54:54.744Z</time></trkpt>
      <trkpt lat="29.79967" lon="99.75604"><time>2026-05-02T22:54:54.761Z</time></trkpt>
      <trkpt lat="29.79967" lon="99.75604"><time>2026-05-02T22:54:54.777Z</time></trkpt>
      <trkpt lat="29.79967" lon="99.75604"><time>2026-05-02T22:54:54.794Z</time></trkpt>
      <trkpt lat="29.79967" lon="99.75604"><time>2026-05-02T22:54:54.811Z</time></trkpt>
      <trkpt lat="29.799669" lon="99.75604"><time>2026-05-02T22:54:54.827Z</time></trkpt>
      <trkpt lat="29.799669" lon="99.75604"><time>2026-05-02T22:54:54.844Z</time></trkpt>
      <trkpt lat="29.799669" lon="99.75604"><time>2026-05-02T22:54:54.861Z</time></trkpt>
      <trkpt lat="29.799669" lon="99.75604"><time>2026-05-02T22:54:54.878Z</time></trkpt>
      <trkpt lat="29.799669" lon="99.75604"><time>2026-05-02T22:54:54.894Z</time></trkpt>
      <trkpt lat="29.799669" lon="99.75604"><time>2026-05-02T22:54:54.911Z</time></trkpt>
      <trkpt lat="29.799668" lon="99.75604"><time>2026-05-02T22:54:54.928Z</time></trkpt>
      <trkpt lat="29.799668" lon="99.75604"><time>2026-05-02T22:54:54.944Z</time></trkpt>
      <trkpt lat="29.799668" lon="99.75604"><time>2026-05-02T22:54:54.961Z</time></trkpt>
      <trkpt lat="29.799668" lon="99.75604"><time>2026-05-02T22:54:54.978Z</time></trkpt>
      <trkpt lat="29.799668" lon="99.75604"><time>2026-05-02T22:54:54.994Z</time></trkpt>
      <trkpt lat="29.799668" lon="99.75604"><time>2026-05-02T22:54:55.011Z</time></trkpt>
      <trkpt lat="29.799667" lon="99.756039"><time>2026-05-02T22:54:55.028Z</time></trkpt>
      <trkpt lat="29.799667" lon="99.756039"><time>2026-05-02T22:54:55.044Z</time></trkpt>
      <trkpt lat="29.799667" lon="99.756039"><time>2026-05-02T22:54:55.061Z</time></trkpt>
      <trkpt lat="29.799667" lon="99.756039"><time>2026-05-02T22:54:55.078Z</time></trkpt>
      <trkpt lat="29.799667" lon="99.756039"><time>2026-05-02T22:54:55.094Z</time></trkpt>
      <trkpt lat="29.799667" lon="99.756039"><time>2026-05-02T22:54:55.111Z</time></trkpt>
      <trkpt lat="29.799666" lon="99.756039"><time>2026-05-02T22:54:55.128Z</time></trkpt>
      <trkpt lat="29.799666" lon="99.756039"><time>2026-05-02T22:54:55.144Z</time></trkpt>
      <trkpt lat="29.799666" lon="99.756039"><time>2026-05-02T22:54:55.161Z</time></trkpt>
      <trkpt lat="29.799666" lon="99.756039"><time>2026-05-02T22:54:55.178Z</time></trkpt>
      <trkpt lat="29.799666" lon="99.756039"><time>2026-05-02T22:54:55.194Z</time></trkpt>
      <trkpt lat="29.799666" lon="99.756039"><time>2026-05-02T22:54:55.211Z</time></trkpt>
      <trkpt lat="29.799665" lon="99.756038"><time>2026-05-02T22:54:55.228Z</time></trkpt>
      <trkpt lat="29.799665" lon="99.756038"><time>2026-05-02T22:54:55.244Z</time></trkpt>
      <trkpt lat="29.799665" lon="99.756038"><time>2026-05-02T22:54:55.261Z</time></trkpt>
      <trkpt lat="29.799665" lon="99.756038"><time>2026-05-02T22:54:55.278Z</time></trkpt>
      <trkpt lat="29.799665" lon="99.756038"><time>2026-05-02T22:54:55.295Z</time></trkpt>
      <trkpt lat="29.799665" lon="99.756038"><time>2026-05-02T22:54:55.311Z</time></trkpt>
      <trkpt lat="29.799665" lon="99.756036"><time>2026-05-02T22:54:55.328Z</time></trkpt>
      <trkpt lat="29.799665" lon="99.756036"><time>2026-05-02T22:54:55.345Z</time></trkpt>
      <trkpt lat="29.799665" lon="99.756036"><time>2026-05-02T22:54:55.361Z</time></trkpt>
      <trkpt lat="29.799665" lon="99.756036"><time>2026-05-02T22:54:55.378Z</time></trkpt>
      <trkpt lat="29.799665" lon="99.756036"><time>2026-05-02T22:54:55.395Z</time></trkpt>
      <trkpt lat="29.799665" lon="99.756036"><time>2026-05-02T22:54:55.411Z</time></trkpt>
      <trkpt lat="29.799664" lon="99.756035"><time>2026-05-02T22:54:55.428Z</time></trkpt>
      <trkpt lat="29.799664" lon="99.756035"><time>2026-05-02T22:54:55.445Z</time></trkpt>
      <trkpt lat="29.799664" lon="99.756035"><time>2026-05-02T22:54:55.461Z</time></trkpt>
      <trkpt lat="29.799664" lon="99.756035"><time>2026-05-02T22:54:55.478Z</time></trkpt>
      <trkpt lat="29.799664" lon="99.756035"><time>2026-05-02T22:54:55.495Z</time></trkpt>
      <trkpt lat="29.799664" lon="99.756035"><time>2026-05-02T22:54:55.511Z</time></trkpt>
      <trkpt lat="29.799664" lon="99.756033"><time>2026-05-02T22:54:55.528Z</time></trkpt>
      <trkpt lat="29.799664" lon="99.756033"><time>2026-05-02T22:54:55.545Z</time></trkpt>
      <trkpt lat="29.799664" lon="99.756033"><time>2026-05-02T22:54:55.561Z</time></trkpt>
      <trkpt lat="29.799664" lon="99.756033"><time>2026-05-02T22:54:55.578Z</time></trkpt>
      <trkpt lat="29.799664" lon="99.756033"><time>2026-05-02T22:54:55.595Z</time></trkpt>
      <trkpt lat="29.799664" lon="99.756033"><time>2026-05-02T22:54:55.611Z</time></trkpt>
      <trkpt lat="29.799663" lon="99.756031"><time>2026-05-02T22:54:55.628Z</time></trkpt>
      <trkpt lat="29.799663" lon="99.756031"><time>2026-05-02T22:54:55.645Z</time></trkpt>
      <trkpt lat="29.799663" lon="99.756031"><time>2026-05-02T22:54:55.661Z</time></trkpt>
      <trkpt lat="29.799663" lon="99.756031"><time>2026-05-02T22:54:55.678Z</time></trkpt>
      <trkpt lat="29.799663" lon="99.756031"><time>2026-05-02T22:54:55.695Z</time></trkpt>
      <trkpt lat="29.799663" lon="99.756031"><time>2026-05-02T22:54:55.712Z</time></trkpt>
      <trkpt lat="29.799663" lon="99.756029"><time>2026-05-02T22:54:55.728Z</time></trkpt>
      <trkpt lat="29.799663" lon="99.756029"><time>2026-05-02T22:54:55.745Z</time></trkpt>
      <trkpt lat="29.799663" lon="99.756029"><time>2026-05-02T22:54:55.762Z</time></trkpt>
      <trkpt lat="29.799663" lon="99.756029"><time>2026-05-02T22:54:55.778Z</time></trkpt>
      <trkpt lat="29.799663" lon="99.756029"><time>2026-05-02T22:54:55.795Z</time></trkpt>
      <trkpt lat="29.799663" lon="99.756029"><time>2026-05-02T22:54:55.812Z</time></trkpt>
      <trkpt lat="29.799662" lon="99.756026"><time>2026-05-02T22:54:55.828Z</time></trkpt>
      <trkpt lat="29.799662" lon="99.756026"><time>2026-05-02T22:54:55.845Z</time></trkpt>
      <trkpt lat="29.799662" lon="99.756026"><time>2026-05-02T22:54:55.862Z</time></trkpt>
      <trkpt lat="29.799662" lon="99.756026"><time>2026-05-02T22:54:55.878Z</time></trkpt>
      <trkpt lat="29.799662" lon="99.756026"><time>2026-05-02T22:54:55.895Z</time></trkpt>
      <trkpt lat="29.799662" lon="99.756026"><time>2026-05-02T22:54:55.912Z</time></trkpt>
      <trkpt lat="29.799662" lon="99.756024"><time>2026-05-02T22:54:55.928Z</time></trkpt>
      <trkpt lat="29.799662" lon="99.756024"><time>2026-05-02T22:54:55.945Z</time></trkpt>
      <trkpt lat="29.799662" lon="99.756024"><time>2026-05-02T22:54:55.962Z</time></trkpt>
      <trkpt lat="29.799662" lon="99.756024"><time>2026-05-02T22:54:55.978Z</time></trkpt>
      <trkpt lat="29.799662" lon="99.756024"><time>2026-05-02T22:54:55.995Z</time></trkpt>
      <trkpt lat="29.799662" lon="99.756024"><time>2026-05-02T22:54:56.012Z</time></trkpt>
      <trkpt lat="29.799661" lon="99.756022"><time>2026-05-02T22:54:56.028Z</time></trkpt>
      <trkpt lat="29.799661" lon="99.756022"><time>2026-05-02T22:54:56.045Z</time></trkpt>
      <trkpt lat="29.799661" lon="99.756022"><time>2026-05-02T22:54:56.062Z</time></trkpt>
      <trkpt lat="29.799661" lon="99.756022"><time>2026-05-02T22:54:56.078Z</time></trkpt>
      <trkpt lat="29.799661" lon="99.756022"><time>2026-05-02T22:54:56.095Z</time></trkpt>
      <trkpt lat="29.799661" lon="99.756022"><time>2026-05-02T22:54:56.112Z</time></trkpt>
      <trkpt lat="29.79966" lon="99.75602"><time>2026-05-02T22:54:56.129Z</time></trkpt>
      <trkpt lat="29.79966" lon="99.75602"><time>2026-05-02T22:54:56.145Z</time></trkpt>
      <trkpt lat="29.79966" lon="99.75602"><time>2026-05-02T22:54:56.162Z</time></trkpt>
      <trkpt lat="29.79966" lon="99.75602"><time>2026-05-02T22:54:56.179Z</time></trkpt>
      <trkpt lat="29.79966" lon="99.75602"><time>2026-05-02T22:54:56.195Z</time></trkpt>
      <trkpt lat="29.79966" lon="99.75602"><time>2026-05-02T22:54:56.212Z</time></trkpt>
      <trkpt lat="29.799659" lon="99.756017"><time>2026-05-02T22:54:56.229Z</time></trkpt>
      <trkpt lat="29.799659" lon="99.756017"><time>2026-05-02T22:54:56.245Z</time></trkpt>
      <trkpt lat="29.799659" lon="99.756017"><time>2026-05-02T22:54:56.262Z</time></trkpt>
      <trkpt lat="29.799659" lon="99.756017"><time>2026-05-02T22:54:56.279Z</time></trkpt>
      <trkpt lat="29.799659" lon="99.756017"><time>2026-05-02T22:54:56.295Z</time></trkpt>
      <trkpt lat="29.799659" lon="99.756017"><time>2026-05-02T22:54:56.312Z</time></trkpt>
      <trkpt lat="29.799659" lon="99.756016"><time>2026-05-02T22:54:56.329Z</time></trkpt>
      <trkpt lat="29.799659" lon="99.756016"><time>2026-05-02T22:54:56.345Z</time></trkpt>
      <trkpt lat="29.799659" lon="99.756016"><time>2026-05-02T22:54:56.362Z</time></trkpt>
      <trkpt lat="29.799659" lon="99.756016"><time>2026-05-02T22:54:56.379Z</time></trkpt>
      <trkpt lat="29.799659" lon="99.756016"><time>2026-05-02T22:54:56.395Z</time></trkpt>
      <trkpt lat="29.799659" lon="99.756016"><time>2026-05-02T22:54:56.412Z</time></trkpt>
      <trkpt lat="29.799658" lon="99.756014"><time>2026-05-02T22:54:56.429Z</time></trkpt>
      <trkpt lat="29.799658" lon="99.756014"><time>2026-05-02T22:54:56.445Z</time></trkpt>
      <trkpt lat="29.799658" lon="99.756014"><time>2026-05-02T22:54:56.462Z</time></trkpt>
      <trkpt lat="29.799658" lon="99.756014"><time>2026-05-02T22:54:56.479Z</time></trkpt>
      <trkpt lat="29.799658" lon="99.756014"><time>2026-05-02T22:54:56.495Z</time></trkpt>
      <trkpt lat="29.799658" lon="99.756014"><time>2026-05-02T22:54:56.512Z</time></trkpt>
      <trkpt lat="29.799657" lon="99.756012"><time>2026-05-02T22:54:56.529Z</time></trkpt>
      <trkpt lat="29.799657" lon="99.756012"><time>2026-05-02T22:54:56.546Z</time></trkpt>
      <trkpt lat="29.799657" lon="99.756012"><time>2026-05-02T22:54:56.562Z</time></trkpt>
      <trkpt lat="29.799657" lon="99.756012"><time>2026-05-02T22:54:56.579Z</time></trkpt>
      <trkpt lat="29.799657" lon="99.756012"><time>2026-05-02T22:54:56.596Z</time></trkpt>
      <trkpt lat="29.799657" lon="99.756012"><time>2026-05-02T22:54:56.612Z</time></trkpt>
      <trkpt lat="29.799655" lon="99.756011"><time>2026-05-02T22:54:56.629Z</time></trkpt>
      <trkpt lat="29.799655" lon="99.756011"><time>2026-05-02T22:54:56.646Z</time></trkpt>
      <trkpt lat="29.799655" lon="99.756011"><time>2026-05-02T22:54:56.662Z</time></trkpt>
      <trkpt lat="29.799655" lon="99.756011"><time>2026-05-02T22:54:56.679Z</time></trkpt>
      <trkpt lat="29.799655" lon="99.756011"><time>2026-05-02T22:54:56.696Z</time></trkpt>
      <trkpt lat="29.799655" lon="99.756011"><time>2026-05-02T22:54:56.712Z</time></trkpt>
      <trkpt lat="29.799654" lon="99.75601"><time>2026-05-02T22:54:56.729Z</time></trkpt>
      <trkpt lat="29.799654" lon="99.75601"><time>2026-05-02T22:54:56.746Z</time></trkpt>
      <trkpt lat="29.799654" lon="99.75601"><time>2026-05-02T22:54:56.762Z</time></trkpt>
      <trkpt lat="29.799654" lon="99.75601"><time>2026-05-02T22:54:56.779Z</time></trkpt>
      <trkpt lat="29.799654" lon="99.75601"><time>2026-05-02T22:54:56.796Z</time></trkpt>
      <trkpt lat="29.799654" lon="99.75601"><time>2026-05-02T22:54:56.812Z</time></trkpt>
      <trkpt lat="29.799653" lon="99.756008"><time>2026-05-02T22:54:56.829Z</time></trkpt>
      <trkpt lat="29.799653" lon="99.756008"><time>2026-05-02T22:54:56.846Z</time></trkpt>
      <trkpt lat="29.799653" lon="99.756008"><time>2026-05-02T22:54:56.862Z</time></trkpt>
      <trkpt lat="29.799653" lon="99.756008"><time>2026-05-02T22:54:56.879Z</time></trkpt>
      <trkpt lat="29.799653" lon="99.756008"><time>2026-05-02T22:54:56.896Z</time></trkpt>
      <trkpt lat="29.799653" lon="99.756008"><time>2026-05-02T22:54:56.912Z</time></trkpt>
      <trkpt lat="29.799651" lon="99.756007"><time>2026-05-02T22:54:56.929Z</time></trkpt>
      <trkpt lat="29.799651" lon="99.756007"><time>2026-05-02T22:54:56.946Z</time></trkpt>
      <trkpt lat="29.799651" lon="99.756007"><time>2026-05-02T22:54:56.963Z</time></trkpt>
      <trkpt lat="29.799651" lon="99.756007"><time>2026-05-02T22:54:56.979Z</time></trkpt>
      <trkpt lat="29.799651" lon="99.756007"><time>2026-05-02T22:54:56.996Z</time></trkpt>
      <trkpt lat="29.799651" lon="99.756007"><time>2026-05-02T22:54:57.013Z</time></trkpt>
      <trkpt lat="29.79965" lon="99.756005"><time>2026-05-02T22:54:57.029Z</time></trkpt>
      <trkpt lat="29.79965" lon="99.756005"><time>2026-05-02T22:54:57.046Z</time></trkpt>
      <trkpt lat="29.79965" lon="99.756005"><time>2026-05-02T22:54:57.063Z</time></trkpt>
      <trkpt lat="29.79965" lon="99.756005"><time>2026-05-02T22:54:57.079Z</time></trkpt>
      <trkpt lat="29.79965" lon="99.756005"><time>2026-05-02T22:54:57.096Z</time></trkpt>
      <trkpt lat="29.79965" lon="99.756005"><time>2026-05-02T22:54:57.113Z</time></trkpt>
      <trkpt lat="29.799649" lon="99.756003"><time>2026-05-02T22:54:57.129Z</time></trkpt>
      <trkpt lat="29.799649" lon="99.756003"><time>2026-05-02T22:54:57.146Z</time></trkpt>
      <trkpt lat="29.799649" lon="99.756003"><time>2026-05-02T22:54:57.163Z</time></trkpt>
      <trkpt lat="29.799649" lon="99.756003"><time>2026-05-02T22:54:57.179Z</time></trkpt>
      <trkpt lat="29.799649" lon="99.756003"><time>2026-05-02T22:54:57.196Z</time></trkpt>
      <trkpt lat="29.799649" lon="99.756003"><time>2026-05-02T22:54:57.213Z</time></trkpt>
      <trkpt lat="29.799647" lon="99.756001"><time>2026-05-02T22:54:57.229Z</time></trkpt>
      <trkpt lat="29.799647" lon="99.756001"><time>2026-05-02T22:54:57.246Z</time></trkpt>
      <trkpt lat="29.799647" lon="99.756001"><time>2026-05-02T22:54:57.263Z</time></trkpt>
      <trkpt lat="29.799647" lon="99.756001"><time>2026-05-02T22:54:57.279Z</time></trkpt>
      <trkpt lat="29.799647" lon="99.756001"><time>2026-05-02T22:54:57.296Z</time></trkpt>
      <trkpt lat="29.799647" lon="99.756001"><time>2026-05-02T22:54:57.313Z</time></trkpt>
      <trkpt lat="29.799646" lon="99.755999"><time>2026-05-02T22:54:57.329Z</time></trkpt>
      <trkpt lat="29.799646" lon="99.755999"><time>2026-05-02T22:54:57.346Z</time></trkpt>
      <trkpt lat="29.799646" lon="99.755999"><time>2026-05-02T22:54:57.363Z</time></trkpt>
      <trkpt lat="29.799646" lon="99.755999"><time>2026-05-02T22:54:57.380Z</time></trkpt>
      <trkpt lat="29.799646" lon="99.755999"><time>2026-05-02T22:54:57.396Z</time></trkpt>
      <trkpt lat="29.799646" lon="99.755999"><time>2026-05-02T22:54:57.413Z</time></trkpt>
      <trkpt lat="29.799644" lon="99.755997"><time>2026-05-02T22:54:57.430Z</time></trkpt>
      <trkpt lat="29.799644" lon="99.755997"><time>2026-05-02T22:54:57.446Z</time></trkpt>
    </trkseg>
  </trk>
</gpx>
