<?xml version="1.0" encoding="UTF-8"?>
<gpx version="1.1" creator="Pyxis" xmlns="http://www.topografix.com/GPX/1/1">
  <trk>
    <name>trip-20260424-9acd9ffa-3f1f-4717-8b22-eca5c3fa9087_2026-05-05_1200-1600</name>
    <trkseg>
      <trkpt lat="30.0492859" lon="101.5702329">
        <ele>3465.8560318974937</ele>
        <time>2026-05-05T04:00:02.714Z</time>
        <speed>17.56</speed>
      </trkpt>
      <trkpt lat="30.0498055" lon="101.5706837">
        <ele>3467.613300174047</ele>
        <time>2026-05-05T04:00:06.709Z</time>
        <speed>17.89</speed>
      </trkpt>
      <trkpt lat="30.0503332" lon="101.5711273">
        <ele>3468.419997755378</ele>
        <time>2026-05-05T04:00:10.712Z</time>
        <speed>18.96</speed>
      </trkpt>
      <trkpt lat="30.0508609" lon="101.5715729">
        <ele>3467.9995444695855</ele>
        <time>2026-05-05T04:00:14.712Z</time>
        <speed>17.73</speed>
      </trkpt>
      <trkpt lat="30.0513985" lon="101.5719975">
        <ele>3469.53405807544</ele>
        <time>2026-05-05T04:00:18.713Z</time>
        <speed>18.03</speed>
      </trkpt>
      <trkpt lat="30.0519363" lon="101.5724108">
        <ele>3468.607420035105</ele>
        <time>2026-05-05T04:00:22.711Z</time>
        <speed>18.06</speed>
      </trkpt>
      <trkpt lat="30.052487" lon="101.5728401">
        <ele>3470.225169466574</ele>
        <time>2026-05-05T04:00:26.710Z</time>
        <speed>18.51</speed>
      </trkpt>
      <trkpt lat="30.0530473" lon="101.5732709">
        <ele>3473.233537553087</ele>
        <time>2026-05-05T04:00:30.712Z</time>
        <speed>18.89</speed>
      </trkpt>
      <trkpt lat="30.0536108" lon="101.5736934">
        <ele>3474.6219152401054</ele>
        <time>2026-05-05T04:00:34.711Z</time>
        <speed>17.37</speed>
      </trkpt>
      <trkpt lat="30.0543823" lon="101.5742813">
        <ele>3474.52734375</ele>
        <time>2026-05-05T04:00:40.708Z</time>
        <speed>17.32</speed>
      </trkpt>
      <trkpt lat="30.0548902" lon="101.5746913">
        <ele>3475.21044921875</ele>
        <time>2026-05-05T04:00:44.711Z</time>
        <speed>17.72</speed>
      </trkpt>
      <trkpt lat="30.0554508" lon="101.5751235">
        <ele>3476.84590173286</ele>
        <time>2026-05-05T04:00:48.710Z</time>
        <speed>19.22</speed>
      </trkpt>
      <trkpt lat="30.0560291" lon="101.5755727">
        <ele>3477.9842646418506</ele>
        <time>2026-05-05T04:00:52.709Z</time>
        <speed>20.0</speed>
      </trkpt>
      <trkpt lat="30.0566271" lon="101.5761028">
        <ele>3481.214352662588</ele>
        <time>2026-05-05T04:00:56.713Z</time>
        <speed>21.29</speed>
      </trkpt>
      <trkpt lat="30.0572298" lon="101.5766676">
        <ele>3479.91552734375</ele>
        <time>2026-05-05T04:01:00.712Z</time>
        <speed>21.71</speed>
      </trkpt>
      <trkpt lat="30.057839" lon="101.5772583">
        <ele>3481.5617493760933</ele>
        <time>2026-05-05T04:01:04.711Z</time>
        <speed>22.13</speed>
      </trkpt>
      <trkpt lat="30.0583595" lon="101.5779288">
        <ele>3483.573507999905</ele>
        <time>2026-05-05T04:01:08.714Z</time>
        <speed>21.29</speed>
      </trkpt>
      <trkpt lat="30.0588253" lon="101.5785746">
        <ele>3483.5423153298366</ele>
        <time>2026-05-05T04:01:12.710Z</time>
        <speed>19.62</speed>
      </trkpt>
      <trkpt lat="30.0593366" lon="101.5791695">
        <ele>3486.53857421875</ele>
        <time>2026-05-05T04:01:16.710Z</time>
        <speed>20.96</speed>
      </trkpt>
      <trkpt lat="30.0598499" lon="101.5798445">
        <ele>3489.534156461509</ele>
        <time>2026-05-05T04:01:20.710Z</time>
        <speed>21.96</speed>
      </trkpt>
      <trkpt lat="30.0603044" lon="101.5806322">
        <ele>3488.8688719323522</ele>
        <time>2026-05-05T04:01:24.713Z</time>
        <speed>23.02</speed>
      </trkpt>
      <trkpt lat="30.0607113" lon="101.5813728">
        <ele>3492.398527327464</ele>
        <time>2026-05-05T04:01:28.710Z</time>
        <speed>19.61</speed>
      </trkpt>
      <trkpt lat="30.0610717" lon="101.5820308">
        <ele>3491.329761718971</ele>
        <time>2026-05-05T04:01:32.708Z</time>
        <speed>18.42</speed>
      </trkpt>
      <trkpt lat="30.0617668" lon="101.5832419">
        <ele>3490.8949949914404</ele>
        <time>2026-05-05T04:01:40.712Z</time>
        <speed>15.98</speed>
      </trkpt>
      <trkpt lat="30.0620829" lon="101.5837825">
        <ele>3491.648457829496</ele>
        <time>2026-05-05T04:01:44.710Z</time>
        <speed>15.75</speed>
      </trkpt>
      <trkpt lat="30.062237" lon="101.5840452">
        <ele>3490.1494599751954</ele>
        <time>2026-05-05T04:01:46.708Z</time>
        <speed>15.22</speed>
      </trkpt>
      <trkpt lat="30.0626037" lon="101.5846673">
        <ele>3490.5193597874027</ele>
        <time>2026-05-05T04:01:51.712Z</time>
        <speed>14.42</speed>
      </trkpt>
      <trkpt lat="30.0628934" lon="101.5851683">
        <ele>3493.3206321628786</ele>
        <time>2026-05-05T04:01:55.714Z</time>
        <speed>14.66</speed>
      </trkpt>
      <trkpt lat="30.0631665" lon="101.5856851">
        <ele>3493.4367715693043</ele>
        <time>2026-05-05T04:01:59.710Z</time>
        <speed>14.46</speed>
      </trkpt>
      <trkpt lat="30.0634394" lon="101.5862233">
        <ele>3494.000086372051</ele>
        <time>2026-05-05T04:02:03.711Z</time>
        <speed>15.18</speed>
      </trkpt>
      <trkpt lat="30.0636943" lon="101.5867446">
        <ele>3494.2291358160505</ele>
        <time>2026-05-05T04:02:07.710Z</time>
        <speed>14.16</speed>
      </trkpt>
      <trkpt lat="30.063952" lon="101.5872617">
        <ele>3495.28090473932</ele>
        <time>2026-05-05T04:02:11.709Z</time>
        <speed>14.31</speed>
      </trkpt>
      <trkpt lat="30.0642088" lon="101.5877736">
        <ele>3496.1151737421733</ele>
        <time>2026-05-05T04:02:15.710Z</time>
        <speed>14.29</speed>
      </trkpt>
      <trkpt lat="30.064473" lon="101.5882802">
        <ele>3496.628007353751</ele>
        <time>2026-05-05T04:02:19.710Z</time>
        <speed>14.07</speed>
      </trkpt>
      <trkpt lat="30.0647951" lon="101.58873">
        <ele>3496.633920980409</ele>
        <time>2026-05-05T04:02:23.710Z</time>
        <speed>14.47</speed>
      </trkpt>
      <trkpt lat="30.065202" lon="101.5891287">
        <ele>3500.008055013677</ele>
        <time>2026-05-05T04:02:27.709Z</time>
        <speed>15.1</speed>
      </trkpt>
      <trkpt lat="30.0656612" lon="101.5895365">
        <ele>3499.2007202654054</ele>
        <time>2026-05-05T04:02:31.709Z</time>
        <speed>16.64</speed>
      </trkpt>
      <trkpt lat="30.0661088" lon="101.5899167">
        <ele>3500.3539881647835</ele>
        <time>2026-05-05T04:02:35.709Z</time>
        <speed>15.57</speed>
      </trkpt>
      <trkpt lat="30.0666327" lon="101.5903807">
        <ele>3499.8715958364896</ele>
        <time>2026-05-05T04:02:39.709Z</time>
        <speed>20.72</speed>
      </trkpt>
      <trkpt lat="30.0671969" lon="101.5911176">
        <ele>3503.8813262628596</ele>
        <time>2026-05-05T04:02:43.710Z</time>
        <speed>24.88</speed>
      </trkpt>
      <trkpt lat="30.0677571" lon="101.591917">
        <ele>3507.1581206643723</ele>
        <time>2026-05-05T04:02:47.710Z</time>
        <speed>24.69</speed>
      </trkpt>
      <trkpt lat="30.0683169" lon="101.5927006">
        <ele>3508.2347219583153</ele>
        <time>2026-05-05T04:02:51.710Z</time>
        <speed>24.11</speed>
      </trkpt>
      <trkpt lat="30.0685926" lon="101.5930884">
        <ele>3509.157470703125</ele>
        <time>2026-05-05T04:02:53.709Z</time>
        <speed>24.02</speed>
      </trkpt>
      <trkpt lat="30.0691193" lon="101.5938545">
        <ele>3511.0943681386484</ele>
        <time>2026-05-05T04:02:57.711Z</time>
        <speed>22.72</speed>
      </trkpt>
      <trkpt lat="30.0695058" lon="101.5946774">
        <ele>3513.20849609375</ele>
        <time>2026-05-05T04:03:01.710Z</time>
        <speed>22.84</speed>
      </trkpt>
      <trkpt lat="30.0698277" lon="101.5955448">
        <ele>3515.897690850878</ele>
        <time>2026-05-05T04:03:05.710Z</time>
        <speed>22.18</speed>
      </trkpt>
      <trkpt lat="30.0700628" lon="101.5961607">
        <ele>3517.0001842707597</ele>
        <time>2026-05-05T04:03:08.709Z</time>
        <speed>21.13</speed>
      </trkpt>
      <trkpt lat="30.0702362" lon="101.5965347">
        <ele>3517.887704905411</ele>
        <time>2026-05-05T04:03:10.708Z</time>
        <speed>20.47</speed>
      </trkpt>
      <trkpt lat="30.0709538" lon="101.5975352">
        <ele>3520.5193190672526</ele>
        <time>2026-05-05T04:03:16.710Z</time>
        <speed>21.99</speed>
      </trkpt>
      <trkpt lat="30.0715194" lon="101.5982439">
        <ele>3521.4590333154592</ele>
        <time>2026-05-05T04:03:20.710Z</time>
        <speed>23.98</speed>
      </trkpt>
      <trkpt lat="30.072064" lon="101.5990073">
        <ele>3522.9265952291835</ele>
        <time>2026-05-05T04:03:24.711Z</time>
        <speed>23.64</speed>
      </trkpt>
      <trkpt lat="30.0724574" lon="101.5998827">
        <ele>3524.6035282769567</ele>
        <time>2026-05-05T04:03:28.710Z</time>
        <speed>23.75</speed>
      </trkpt>
      <trkpt lat="30.0726963" lon="101.6007939">
        <ele>3525.6141534333474</ele>
        <time>2026-05-05T04:03:32.712Z</time>
        <speed>21.8</speed>
      </trkpt>
      <trkpt lat="30.0729609" lon="101.6015896">
        <ele>3527.354361894579</ele>
        <time>2026-05-05T04:03:36.713Z</time>
        <speed>20.11</speed>
      </trkpt>
      <trkpt lat="30.0733289" lon="101.602287">
        <ele>3529.710693359375</ele>
        <time>2026-05-05T04:03:40.710Z</time>
        <speed>18.61</speed>
      </trkpt>
      <trkpt lat="30.0736563" lon="101.6029546">
        <ele>3530.794977558037</ele>
        <time>2026-05-05T04:03:44.711Z</time>
        <speed>18.3</speed>
      </trkpt>
      <trkpt lat="30.0739005" lon="101.6036259">
        <ele>3531.0293977639813</ele>
        <time>2026-05-05T04:03:48.710Z</time>
        <speed>17.55</speed>
      </trkpt>
      <trkpt lat="30.0743481" lon="101.6049962">
        <ele>3532.693902554918</ele>
        <time>2026-05-05T04:03:56.711Z</time>
        <speed>18.29</speed>
      </trkpt>
      <trkpt lat="30.0745908" lon="101.6057449">
        <ele>3534.988304159991</ele>
        <time>2026-05-05T04:04:00.709Z</time>
        <speed>19.71</speed>
      </trkpt>
      <trkpt lat="30.0748437" lon="101.6064986">
        <ele>3537.7477516564636</ele>
        <time>2026-05-05T04:04:04.712Z</time>
        <speed>18.85</speed>
      </trkpt>
      <trkpt lat="30.075109" lon="101.6072072">
        <ele>3539.7710073540957</ele>
        <time>2026-05-05T04:04:08.710Z</time>
        <speed>18.68</speed>
      </trkpt>
      <trkpt lat="30.0754039" lon="101.6078998">
        <ele>3543.0844137487584</ele>
        <time>2026-05-05T04:04:12.712Z</time>
        <speed>18.25</speed>
      </trkpt>
      <trkpt lat="30.0755964" lon="101.6084223">
        <ele>3544.2257437824846</ele>
        <time>2026-05-05T04:04:15.708Z</time>
        <speed>18.45</speed>
      </trkpt>
      <trkpt lat="30.0757091" lon="101.6094227">
        <ele>3547.5174632016565</ele>
        <time>2026-05-05T04:04:20.710Z</time>
        <speed>20.59</speed>
      </trkpt>
      <trkpt lat="30.0757256" lon="101.6102946">
        <ele>3552.4243495544492</ele>
        <time>2026-05-05T04:04:24.712Z</time>
        <speed>20.64</speed>
      </trkpt>
      <trkpt lat="30.0757479" lon="101.6110344">
        <ele>3557.8697876684437</ele>
        <time>2026-05-05T04:04:28.709Z</time>
        <speed>17.23</speed>
      </trkpt>
      <trkpt lat="30.0757971" lon="101.6117165">
        <ele>3560.3576766982155</ele>
        <time>2026-05-05T04:04:32.710Z</time>
        <speed>15.87</speed>
      </trkpt>
      <trkpt lat="30.0758905" lon="101.6123813">
        <ele>3564.726601508679</ele>
        <time>2026-05-05T04:04:36.709Z</time>
        <speed>16.74</speed>
      </trkpt>
      <trkpt lat="30.0760013" lon="101.6130679">
        <ele>3565.7749324842857</ele>
        <time>2026-05-05T04:04:40.714Z</time>
        <speed>16.71</speed>
      </trkpt>
      <trkpt lat="30.0761613" lon="101.6137488">
        <ele>3568.699128615495</ele>
        <time>2026-05-05T04:04:44.710Z</time>
        <speed>17.09</speed>
      </trkpt>
      <trkpt lat="30.0762951" lon="101.6143905">
        <ele>3569.8213846352455</ele>
        <time>2026-05-05T04:04:48.712Z</time>
        <speed>14.21</speed>
      </trkpt>
      <trkpt lat="30.07639" lon="101.6149159">
        <ele>3569.9448966012014</ele>
        <time>2026-05-05T04:04:52.710Z</time>
        <speed>12.04</speed>
      </trkpt>
      <trkpt lat="30.0764937" lon="101.6154852">
        <ele>3569.426975780257</ele>
        <time>2026-05-05T04:04:56.710Z</time>
        <speed>16.02</speed>
      </trkpt>
      <trkpt lat="30.0766333" lon="101.61621">
        <ele>3570.1691154858227</ele>
        <time>2026-05-05T04:05:00.711Z</time>
        <speed>19.29</speed>
      </trkpt>
      <trkpt lat="30.076804" lon="101.616994">
        <ele>3570.6386814896055</ele>
        <time>2026-05-05T04:05:04.709Z</time>
        <speed>19.95</speed>
      </trkpt>
      <trkpt lat="30.0770503" lon="101.6177694">
        <ele>3572.40531269237</ele>
        <time>2026-05-05T04:05:08.711Z</time>
        <speed>19.48</speed>
      </trkpt>
      <trkpt lat="30.0772875" lon="101.6184919">
        <ele>3572.5830627602536</ele>
        <time>2026-05-05T04:05:12.710Z</time>
        <speed>17.94</speed>
      </trkpt>
      <trkpt lat="30.0774653" lon="101.61918">
        <ele>3574.8579136590433</ele>
        <time>2026-05-05T04:05:16.708Z</time>
        <speed>17.31</speed>
      </trkpt>
      <trkpt lat="30.0776154" lon="101.6198951">
        <ele>3576.3817832378104</ele>
        <time>2026-05-05T04:05:20.708Z</time>
        <speed>17.9</speed>
      </trkpt>
      <trkpt lat="30.0776911" lon="101.6202533">
        <ele>3576.114684951938</ele>
        <time>2026-05-05T04:05:22.708Z</time>
        <speed>17.97</speed>
      </trkpt>
      <trkpt lat="30.078052" lon="101.6216909">
        <ele>3580.2338930713167</ele>
        <time>2026-05-05T04:05:30.711Z</time>
        <speed>18.02</speed>
      </trkpt>
      <trkpt lat="30.0782606" lon="101.6230825">
        <ele>3580.9186663525034</ele>
        <time>2026-05-05T04:05:38.714Z</time>
        <speed>16.75</speed>
      </trkpt>
      <trkpt lat="30.0785224" lon="101.6244454">
        <ele>3583.504938739864</ele>
        <time>2026-05-05T04:05:46.711Z</time>
        <speed>16.73</speed>
      </trkpt>
      <trkpt lat="30.0785306" lon="101.6251361">
        <ele>3583.383056640625</ele>
        <time>2026-05-05T04:05:50.711Z</time>
        <speed>16.71</speed>
      </trkpt>
      <trkpt lat="30.0784561" lon="101.6258263">
        <ele>3583.9570490592073</ele>
        <time>2026-05-05T04:05:54.710Z</time>
        <speed>16.78</speed>
      </trkpt>
      <trkpt lat="30.0783774" lon="101.6265159">
        <ele>3584.168147020031</ele>
        <time>2026-05-05T04:05:58.712Z</time>
        <speed>16.79</speed>
      </trkpt>
      <trkpt lat="30.0783945" lon="101.6272086">
        <ele>3583.192626953125</ele>
        <time>2026-05-05T04:06:02.712Z</time>
        <speed>16.81</speed>
      </trkpt>
      <trkpt lat="30.0784839" lon="101.6278949">
        <ele>3582.683181349684</ele>
        <time>2026-05-05T04:06:06.712Z</time>
        <speed>16.77</speed>
      </trkpt>
      <trkpt lat="30.0785651" lon="101.6285779">
        <ele>3582.358501464432</ele>
        <time>2026-05-05T04:06:10.708Z</time>
        <speed>16.7</speed>
      </trkpt>
      <trkpt lat="30.0786265" lon="101.6292717">
        <ele>3582.4287109375</ele>
        <time>2026-05-05T04:06:14.711Z</time>
        <speed>16.78</speed>
      </trkpt>
      <trkpt lat="30.078689" lon="101.6299622">
        <ele>3582.136568460711</ele>
        <time>2026-05-05T04:06:18.709Z</time>
        <speed>16.71</speed>
      </trkpt>
      <trkpt lat="30.0787466" lon="101.630651">
        <ele>3581.8303119463444</ele>
        <time>2026-05-05T04:06:22.712Z</time>
        <speed>16.72</speed>
      </trkpt>
      <trkpt lat="30.0787818" lon="101.6313484">
        <ele>3582.115725465612</ele>
        <time>2026-05-05T04:06:26.712Z</time>
        <speed>16.78</speed>
      </trkpt>
      <trkpt lat="30.0787855" lon="101.6316989">
        <ele>3582.0670622575603</ele>
        <time>2026-05-05T04:06:28.707Z</time>
        <speed>16.74</speed>
      </trkpt>
      <trkpt lat="30.0787871" lon="101.6325653">
        <ele>3582.4027455600567</ele>
        <time>2026-05-05T04:06:33.709Z</time>
        <speed>16.7</speed>
      </trkpt>
      <trkpt lat="30.0787869" lon="101.6332546">
        <ele>3582.554171540683</ele>
        <time>2026-05-05T04:06:37.711Z</time>
        <speed>16.66</speed>
      </trkpt>
      <trkpt lat="30.0787969" lon="101.6339501">
        <ele>3584.286842085909</ele>
        <time>2026-05-05T04:06:41.710Z</time>
        <speed>16.79</speed>
      </trkpt>
      <trkpt lat="30.0788736" lon="101.6346432">
        <ele>3585.751586395968</ele>
        <time>2026-05-05T04:06:45.712Z</time>
        <speed>16.86</speed>
      </trkpt>
      <trkpt lat="30.0789915" lon="101.6353278">
        <ele>3586.4254522833426</ele>
        <time>2026-05-05T04:06:49.712Z</time>
        <speed>16.79</speed>
      </trkpt>
      <trkpt lat="30.0790274" lon="101.6360173">
        <ele>3586.1564780707477</ele>
        <time>2026-05-05T04:06:53.713Z</time>
        <speed>16.68</speed>
      </trkpt>
      <trkpt lat="30.0789479" lon="101.636706">
        <ele>3585.522984863525</ele>
        <time>2026-05-05T04:06:57.711Z</time>
        <speed>16.68</speed>
      </trkpt>
      <trkpt lat="30.0789395" lon="101.6373941">
        <ele>3584.9594834309696</ele>
        <time>2026-05-05T04:07:01.710Z</time>
        <speed>16.69</speed>
      </trkpt>
      <trkpt lat="30.0789968" lon="101.6380828">
        <ele>3585.2486615295948</ele>
        <time>2026-05-05T04:07:05.710Z</time>
        <speed>16.64</speed>
      </trkpt>
      <trkpt lat="30.079053" lon="101.6387745">
        <ele>3585.336312964756</ele>
        <time>2026-05-05T04:07:09.710Z</time>
        <speed>16.82</speed>
      </trkpt>
      <trkpt lat="30.079111" lon="101.6394669">
        <ele>3587.940924068908</ele>
        <time>2026-05-05T04:07:13.710Z</time>
        <speed>16.61</speed>
      </trkpt>
      <trkpt lat="30.0791754" lon="101.6401548">
        <ele>3588.609984480223</ele>
        <time>2026-05-05T04:07:17.710Z</time>
        <speed>16.67</speed>
      </trkpt>
      <trkpt lat="30.0792475" lon="101.6408403">
        <ele>3591.4504119417606</ele>
        <time>2026-05-05T04:07:21.711Z</time>
        <speed>16.78</speed>
      </trkpt>
      <trkpt lat="30.0793474" lon="101.6415247">
        <ele>3593.751104004593</ele>
        <time>2026-05-05T04:07:25.710Z</time>
        <speed>16.68</speed>
      </trkpt>
      <trkpt lat="30.0794161" lon="101.6422192">
        <ele>3595.4395155407865</ele>
        <time>2026-05-05T04:07:29.711Z</time>
        <speed>16.9</speed>
      </trkpt>
      <trkpt lat="30.0794574" lon="101.6429138">
        <ele>3597.042956456992</ele>
        <time>2026-05-05T04:07:33.711Z</time>
        <speed>16.66</speed>
      </trkpt>
      <trkpt lat="30.0794738" lon="101.6432592">
        <ele>3597.3340177475343</ele>
        <time>2026-05-05T04:07:35.707Z</time>
        <speed>16.68</speed>
      </trkpt>
      <trkpt lat="30.0795216" lon="101.6439485">
        <ele>3598.8809509120674</ele>
        <time>2026-05-05T04:07:39.711Z</time>
        <speed>16.68</speed>
      </trkpt>
      <trkpt lat="30.0795968" lon="101.6446405">
        <ele>3599.3812847656623</ele>
        <time>2026-05-05T04:07:43.708Z</time>
        <speed>16.8</speed>
      </trkpt>
      <trkpt lat="30.0796794" lon="101.6453304">
        <ele>3600.9024490943534</ele>
        <time>2026-05-05T04:07:47.711Z</time>
        <speed>16.8</speed>
      </trkpt>
      <trkpt lat="30.0797594" lon="101.6460205">
        <ele>3601.5184539612696</ele>
        <time>2026-05-05T04:07:51.712Z</time>
        <speed>16.67</speed>
      </trkpt>
      <trkpt lat="30.0798409" lon="101.6467096">
        <ele>3601.1874980690127</ele>
        <time>2026-05-05T04:07:55.712Z</time>
        <speed>16.8</speed>
      </trkpt>
      <trkpt lat="30.0799229" lon="101.6473993">
        <ele>3601.8877110107614</ele>
        <time>2026-05-05T04:07:59.711Z</time>
        <speed>16.75</speed>
      </trkpt>
      <trkpt lat="30.0800074" lon="101.6480859">
        <ele>3602.05615234375</ele>
        <time>2026-05-05T04:08:03.711Z</time>
        <speed>16.7</speed>
      </trkpt>
      <trkpt lat="30.0800916" lon="101.6487687">
        <ele>3602.2474949074717</ele>
        <time>2026-05-05T04:08:07.711Z</time>
        <speed>16.66</speed>
      </trkpt>
      <trkpt lat="30.0801852" lon="101.6494576">
        <ele>3604.83550399367</ele>
        <time>2026-05-05T04:08:11.712Z</time>
        <speed>16.81</speed>
      </trkpt>
      <trkpt lat="30.0803162" lon="101.6501386">
        <ele>3607.5233199885224</ele>
        <time>2026-05-05T04:08:15.712Z</time>
        <speed>16.78</speed>
      </trkpt>
      <trkpt lat="30.0804615" lon="101.6508104">
        <ele>3609.299502997392</ele>
        <time>2026-05-05T04:08:19.712Z</time>
        <speed>16.67</speed>
      </trkpt>
      <trkpt lat="30.080654" lon="101.6514619">
        <ele>3611.2434457594227</ele>
        <time>2026-05-05T04:08:23.712Z</time>
        <speed>16.63</speed>
      </trkpt>
      <trkpt lat="30.0809616" lon="101.6520522">
        <ele>3612.456153807826</ele>
        <time>2026-05-05T04:08:27.712Z</time>
        <speed>16.6</speed>
      </trkpt>
      <trkpt lat="30.0812561" lon="101.6526604">
        <ele>3614.5356516993993</ele>
        <time>2026-05-05T04:08:31.711Z</time>
        <speed>16.86</speed>
      </trkpt>
      <trkpt lat="30.0814316" lon="101.6533272">
        <ele>3617.432921598459</ele>
        <time>2026-05-05T04:08:35.711Z</time>
        <speed>16.84</speed>
      </trkpt>
      <trkpt lat="30.0815474" lon="101.6540093">
        <ele>3619.205172829202</ele>
        <time>2026-05-05T04:08:39.711Z</time>
        <speed>16.69</speed>
      </trkpt>
      <trkpt lat="30.081605" lon="101.6543501">
        <ele>3620.157105311112</ele>
        <time>2026-05-05T04:08:41.708Z</time>
        <speed>16.7</speed>
      </trkpt>
      <trkpt lat="30.0817454" lon="101.6552018">
        <ele>3620.6658141466155</ele>
        <time>2026-05-05T04:08:46.711Z</time>
        <speed>16.74</speed>
      </trkpt>
      <trkpt lat="30.081858" lon="101.6558845">
        <ele>3621.481563510041</ele>
        <time>2026-05-05T04:08:50.710Z</time>
        <speed>16.74</speed>
      </trkpt>
      <trkpt lat="30.0819878" lon="101.6565191">
        <ele>3621.1289334633348</ele>
        <time>2026-05-05T04:08:54.712Z</time>
        <speed>13.77</speed>
      </trkpt>
      <trkpt lat="30.0821548" lon="101.6570438">
        <ele>3621.778741807336</ele>
        <time>2026-05-05T04:08:58.708Z</time>
        <speed>14.79</speed>
      </trkpt>
      <trkpt lat="30.0823585" lon="101.6576885">
        <ele>3620.8694112526073</ele>
        <time>2026-05-05T04:09:02.708Z</time>
        <speed>17.53</speed>
      </trkpt>
      <trkpt lat="30.0826079" lon="101.6583435">
        <ele>3622.222988119763</ele>
        <time>2026-05-05T04:09:06.710Z</time>
        <speed>16.77</speed>
      </trkpt>
      <trkpt lat="30.0828853" lon="101.6589775">
        <ele>3623.2597336919957</ele>
        <time>2026-05-05T04:09:10.708Z</time>
        <speed>17.34</speed>
      </trkpt>
      <trkpt lat="30.0831228" lon="101.6596223">
        <ele>3622.72412109375</ele>
        <time>2026-05-05T04:09:14.711Z</time>
        <speed>16.67</speed>
      </trkpt>
      <trkpt lat="30.0832879" lon="101.6602875">
        <ele>3623.860424782754</ele>
        <time>2026-05-05T04:09:18.711Z</time>
        <speed>16.76</speed>
      </trkpt>
      <trkpt lat="30.0834429" lon="101.6609626">
        <ele>3625.4796398544713</ele>
        <time>2026-05-05T04:09:22.709Z</time>
        <speed>16.79</speed>
      </trkpt>
      <trkpt lat="30.0835832" lon="101.6616438">
        <ele>3627.322011162539</ele>
        <time>2026-05-05T04:09:26.709Z</time>
        <speed>16.84</speed>
      </trkpt>
      <trkpt lat="30.0837023" lon="101.6623287">
        <ele>3629.6762972877546</ele>
        <time>2026-05-05T04:09:30.709Z</time>
        <speed>16.75</speed>
      </trkpt>
      <trkpt lat="30.0839301" lon="101.6636924">
        <ele>3631.929553722474</ele>
        <time>2026-05-05T04:09:38.709Z</time>
        <speed>16.75</speed>
      </trkpt>
      <trkpt lat="30.0840432" lon="101.6643796">
        <ele>3633.8995061674077</ele>
        <time>2026-05-05T04:09:42.711Z</time>
        <speed>16.76</speed>
      </trkpt>
      <trkpt lat="30.0841649" lon="101.6650609">
        <ele>3635.3609831985755</ele>
        <time>2026-05-05T04:09:46.709Z</time>
        <speed>16.74</speed>
      </trkpt>
      <trkpt lat="30.0845319" lon="101.666012">
        <ele>3636.5544478125476</ele>
        <time>2026-05-05T04:09:52.713Z</time>
        <speed>16.76</speed>
      </trkpt>
      <trkpt lat="30.0848426" lon="101.6666077">
        <ele>3636.0804887840272</ele>
        <time>2026-05-05T04:09:56.712Z</time>
        <speed>16.78</speed>
      </trkpt>
      <trkpt lat="30.0851384" lon="101.6672157">
        <ele>3635.9447605102428</ele>
        <time>2026-05-05T04:10:00.713Z</time>
        <speed>16.85</speed>
      </trkpt>
      <trkpt lat="30.0853596" lon="101.6678555">
        <ele>3634.7750581046234</ele>
        <time>2026-05-05T04:10:04.709Z</time>
        <speed>16.59</speed>
      </trkpt>
      <trkpt lat="30.0855153" lon="101.668522">
        <ele>3634.9199443371767</ele>
        <time>2026-05-05T04:10:08.711Z</time>
        <speed>16.82</speed>
      </trkpt>
      <trkpt lat="30.0855748" lon="101.6692085">
        <ele>3636.6525569422324</ele>
        <time>2026-05-05T04:10:12.710Z</time>
        <speed>16.69</speed>
      </trkpt>
      <trkpt lat="30.0854997" lon="101.6698998">
        <ele>3636.900999219943</ele>
        <time>2026-05-05T04:10:16.708Z</time>
        <speed>16.79</speed>
      </trkpt>
      <trkpt lat="30.0854709" lon="101.6705911">
        <ele>3639.5291082049457</ele>
        <time>2026-05-05T04:10:20.711Z</time>
        <speed>16.72</speed>
      </trkpt>
      <trkpt lat="30.0856096" lon="101.6712658">
        <ele>3640.0609654990953</ele>
        <time>2026-05-05T04:10:24.711Z</time>
        <speed>16.68</speed>
      </trkpt>
      <trkpt lat="30.0858483" lon="101.6719018">
        <ele>3640.9214183138147</ele>
        <time>2026-05-05T04:10:28.710Z</time>
        <speed>16.66</speed>
      </trkpt>
      <trkpt lat="30.0861035" lon="101.6725278">
        <ele>3642.386827961545</ele>
        <time>2026-05-05T04:10:32.712Z</time>
        <speed>16.67</speed>
      </trkpt>
      <trkpt lat="30.0863611" lon="101.6731538">
        <ele>3644.209854086227</ele>
        <time>2026-05-05T04:10:36.711Z</time>
        <speed>16.7</speed>
      </trkpt>
      <trkpt lat="30.0866247" lon="101.6737828">
        <ele>3646.496330683089</ele>
        <time>2026-05-05T04:10:40.710Z</time>
        <speed>16.93</speed>
      </trkpt>
      <trkpt lat="30.086877" lon="101.6744143">
        <ele>3648.5063738510817</ele>
        <time>2026-05-05T04:10:44.709Z</time>
        <speed>16.75</speed>
      </trkpt>
      <trkpt lat="30.0870802" lon="101.6750663">
        <ele>3649.337104588681</ele>
        <time>2026-05-05T04:10:48.708Z</time>
        <speed>16.68</speed>
      </trkpt>
      <trkpt lat="30.0870738" lon="101.6760873">
        <ele>3648.715019152402</ele>
        <time>2026-05-05T04:10:54.706Z</time>
        <speed>16.7</speed>
      </trkpt>
      <trkpt lat="30.0875448" lon="101.6794646">
        <ele>3653.558186325878</ele>
        <time>2026-05-05T04:11:15.710Z</time>
        <speed>16.59</speed>
      </trkpt>
      <trkpt lat="30.0882639" lon="101.6805792">
        <ele>3656.734388065869</ele>
        <time>2026-05-05T04:11:23.710Z</time>
        <speed>16.81</speed>
      </trkpt>
      <trkpt lat="30.0884927" lon="101.6812258">
        <ele>3657.640930408812</ele>
        <time>2026-05-05T04:11:27.710Z</time>
        <speed>16.88</speed>
      </trkpt>
      <trkpt lat="30.0885816" lon="101.6819156">
        <ele>3659.745839033947</ele>
        <time>2026-05-05T04:11:31.710Z</time>
        <speed>16.91</speed>
      </trkpt>
      <trkpt lat="30.0885784" lon="101.682614">
        <ele>3660.652185085991</ele>
        <time>2026-05-05T04:11:35.709Z</time>
        <speed>16.78</speed>
      </trkpt>
      <trkpt lat="30.0885662" lon="101.6833079">
        <ele>3660.0531860277415</ele>
        <time>2026-05-05T04:11:39.709Z</time>
        <speed>16.76</speed>
      </trkpt>
      <trkpt lat="30.088555" lon="101.6840008">
        <ele>3659.31868963694</ele>
        <time>2026-05-05T04:11:43.710Z</time>
        <speed>16.61</speed>
      </trkpt>
      <trkpt lat="30.0885561" lon="101.6846885">
        <ele>3659.1921074397646</ele>
        <time>2026-05-05T04:11:47.710Z</time>
        <speed>16.52</speed>
      </trkpt>
      <trkpt lat="30.0886149" lon="101.6853564">
        <ele>3659.5361448429135</ele>
        <time>2026-05-05T04:11:51.709Z</time>
        <speed>16.1</speed>
      </trkpt>
      <trkpt lat="30.0887201" lon="101.6860344">
        <ele>3661.554271676405</ele>
        <time>2026-05-05T04:11:55.710Z</time>
        <speed>17.16</speed>
      </trkpt>
      <trkpt lat="30.0888074" lon="101.686729">
        <ele>3663.9668198736304</ele>
        <time>2026-05-05T04:11:59.710Z</time>
        <speed>16.99</speed>
      </trkpt>
      <trkpt lat="30.0888208" lon="101.687081">
        <ele>3664.4016036086027</ele>
        <time>2026-05-05T04:12:01.708Z</time>
        <speed>17.05</speed>
      </trkpt>
      <trkpt lat="30.0887926" lon="101.6877748">
        <ele>3666.8554613339243</ele>
        <time>2026-05-05T04:12:05.711Z</time>
        <speed>16.6</speed>
      </trkpt>
      <trkpt lat="30.0887516" lon="101.6884601">
        <ele>3667.9130991720604</ele>
        <time>2026-05-05T04:12:09.710Z</time>
        <speed>16.49</speed>
      </trkpt>
      <trkpt lat="30.0887074" lon="101.6891448">
        <ele>3668.7308151714115</ele>
        <time>2026-05-05T04:12:13.711Z</time>
        <speed>16.71</speed>
      </trkpt>
      <trkpt lat="30.0886545" lon="101.6899671">
        <ele>3670.0558677366103</ele>
        <time>2026-05-05T04:12:17.706Z</time>
        <speed>22.2</speed>
      </trkpt>
      <trkpt lat="30.0884653" lon="101.6908533">
        <ele>3673.5962865310526</ele>
        <time>2026-05-05T04:12:21.710Z</time>
        <speed>20.85</speed>
      </trkpt>
      <trkpt lat="30.0882046" lon="101.6915486">
        <ele>3675.9486819015715</ele>
        <time>2026-05-05T04:12:25.708Z</time>
        <speed>14.45</speed>
      </trkpt>
      <trkpt lat="30.0879847" lon="101.6921246">
        <ele>3676.6074921261998</ele>
        <time>2026-05-05T04:12:29.709Z</time>
        <speed>16.09</speed>
      </trkpt>
      <trkpt lat="30.0877359" lon="101.6927681">
        <ele>3677.0824779801205</ele>
        <time>2026-05-05T04:12:33.712Z</time>
        <speed>17.49</speed>
      </trkpt>
      <trkpt lat="30.0874449" lon="101.6934384">
        <ele>3678.978881004258</ele>
        <time>2026-05-05T04:12:37.707Z</time>
        <speed>18.01</speed>
      </trkpt>
      <trkpt lat="30.0870944" lon="101.6940806">
        <ele>3682.428631918751</ele>
        <time>2026-05-05T04:12:41.707Z</time>
        <speed>18.81</speed>
      </trkpt>
      <trkpt lat="30.0867242" lon="101.6947121">
        <ele>3684.0061119120883</ele>
        <time>2026-05-05T04:12:45.710Z</time>
        <speed>17.58</speed>
      </trkpt>
      <trkpt lat="30.0863983" lon="101.6952931">
        <ele>3685.355599078075</ele>
        <time>2026-05-05T04:12:49.713Z</time>
        <speed>16.13</speed>
      </trkpt>
      <trkpt lat="30.0860608" lon="101.6958689">
        <ele>3686.4844280932175</ele>
        <time>2026-05-05T04:12:53.711Z</time>
        <speed>17.21</speed>
      </trkpt>
      <trkpt lat="30.0856862" lon="101.696505">
        <ele>3687.5854307608665</ele>
        <time>2026-05-05T04:12:57.711Z</time>
        <speed>19.0</speed>
      </trkpt>
      <trkpt lat="30.0853235" lon="101.6971177">
        <ele>3688.1080102845663</ele>
        <time>2026-05-05T04:13:01.709Z</time>
        <speed>17.99</speed>
      </trkpt>
      <trkpt lat="30.0849785" lon="101.6977242">
        <ele>3688.123353742028</ele>
        <time>2026-05-05T04:13:05.710Z</time>
        <speed>17.37</speed>
      </trkpt>
      <trkpt lat="30.0848044" lon="101.6980291">
        <ele>3688.70313530769</ele>
        <time>2026-05-05T04:13:07.707Z</time>
        <speed>17.77</speed>
      </trkpt>
      <trkpt lat="30.0842717" lon="101.6989505">
        <ele>3690.6641905591296</ele>
        <time>2026-05-05T04:13:12.710Z</time>
        <speed>23.32</speed>
      </trkpt>
      <trkpt lat="30.0837994" lon="101.6997518">
        <ele>3693.9933187517495</ele>
        <time>2026-05-05T04:13:16.709Z</time>
        <speed>22.44</speed>
      </trkpt>
      <trkpt lat="30.0832997" lon="101.7004458">
        <ele>3695.2781371735196</ele>
        <time>2026-05-05T04:13:20.709Z</time>
        <speed>21.69</speed>
      </trkpt>
      <trkpt lat="30.0826533" lon="101.701058">
        <ele>3697.456556102131</ele>
        <time>2026-05-05T04:13:24.708Z</time>
        <speed>23.42</speed>
      </trkpt>
      <trkpt lat="30.0820424" lon="101.7015753">
        <ele>3700.67363802391</ele>
        <time>2026-05-05T04:13:28.710Z</time>
        <speed>19.24</speed>
      </trkpt>
      <trkpt lat="30.0815218" lon="101.7020065">
        <ele>3701.8294293637055</ele>
        <time>2026-05-05T04:13:32.710Z</time>
        <speed>17.36</speed>
      </trkpt>
      <trkpt lat="30.081012" lon="101.7024221">
        <ele>3702.7358045953697</ele>
        <time>2026-05-05T04:13:36.711Z</time>
        <speed>17.64</speed>
      </trkpt>
      <trkpt lat="30.0804845" lon="101.7028153">
        <ele>3704.4662874532924</ele>
        <time>2026-05-05T04:13:40.711Z</time>
        <speed>17.03</speed>
      </trkpt>
      <trkpt lat="30.0799463" lon="101.7031958">
        <ele>3706.0891977341657</ele>
        <time>2026-05-05T04:13:44.710Z</time>
        <speed>17.81</speed>
      </trkpt>
      <trkpt lat="30.0793945" lon="101.7035807">
        <ele>3708.34824765025</ele>
        <time>2026-05-05T04:13:48.711Z</time>
        <speed>18.16</speed>
      </trkpt>
      <trkpt lat="30.0788401" lon="101.7039645">
        <ele>3710.3923903225214</ele>
        <time>2026-05-05T04:13:52.710Z</time>
        <speed>18.28</speed>
      </trkpt>
      <trkpt lat="30.078264" lon="101.7043733">
        <ele>3712.45647813103</ele>
        <time>2026-05-05T04:13:56.709Z</time>
        <speed>18.99</speed>
      </trkpt>
      <trkpt lat="30.0777111" lon="101.7047529">
        <ele>3714.205407520501</ele>
        <time>2026-05-05T04:14:00.709Z</time>
        <speed>17.08</speed>
      </trkpt>
      <trkpt lat="30.0771537" lon="101.7050463">
        <ele>3715.474643927044</ele>
        <time>2026-05-05T04:14:04.708Z</time>
        <speed>17.25</speed>
      </trkpt>
      <trkpt lat="30.0765493" lon="101.7052731">
        <ele>3716.5171478813495</ele>
        <time>2026-05-05T04:14:08.710Z</time>
        <speed>17.93</speed>
      </trkpt>
      <trkpt lat="30.0759239" lon="101.7054779">
        <ele>3718.2647003158063</ele>
        <time>2026-05-05T04:14:12.710Z</time>
        <speed>18.02</speed>
      </trkpt>
      <trkpt lat="30.0756352" lon="101.7055702">
        <ele>3718.799938238378</ele>
        <time>2026-05-05T04:14:14.708Z</time>
        <speed>15.82</speed>
      </trkpt>
      <trkpt lat="30.0750854" lon="101.7057521">
        <ele>3720.191499202783</ele>
        <time>2026-05-05T04:14:18.709Z</time>
        <speed>16.26</speed>
      </trkpt>
      <trkpt lat="30.0745535" lon="101.7059172">
        <ele>3721.7900291001647</ele>
        <time>2026-05-05T04:14:22.708Z</time>
        <speed>15.03</speed>
      </trkpt>
      <trkpt lat="30.074027" lon="101.7060898">
        <ele>3721.9053733955475</ele>
        <time>2026-05-05T04:14:26.709Z</time>
        <speed>15.66</speed>
      </trkpt>
      <trkpt lat="30.0734635" lon="101.7062654">
        <ele>3724.3006441055836</ele>
        <time>2026-05-05T04:14:30.709Z</time>
        <speed>16.38</speed>
      </trkpt>
      <trkpt lat="30.0728909" lon="101.7064558">
        <ele>3725.4940149914514</ele>
        <time>2026-05-05T04:14:34.713Z</time>
        <speed>17.18</speed>
      </trkpt>
      <trkpt lat="30.0723529" lon="101.7066741">
        <ele>3726.90543602103</ele>
        <time>2026-05-05T04:14:38.712Z</time>
        <speed>15.26</speed>
      </trkpt>
      <trkpt lat="30.0718599" lon="101.7069595">
        <ele>3727.6493523228783</ele>
        <time>2026-05-05T04:14:42.712Z</time>
        <speed>15.54</speed>
      </trkpt>
      <trkpt lat="30.0714153" lon="101.7073124">
        <ele>3728.4797517683196</ele>
        <time>2026-05-05T04:14:46.708Z</time>
        <speed>14.22</speed>
      </trkpt>
      <trkpt lat="30.0709857" lon="101.7076522">
        <ele>3729.6068672877605</ele>
        <time>2026-05-05T04:14:50.710Z</time>
        <speed>14.56</speed>
      </trkpt>
      <trkpt lat="30.0705684" lon="101.7079821">
        <ele>3729.900520463026</ele>
        <time>2026-05-05T04:14:54.711Z</time>
        <speed>13.99</speed>
      </trkpt>
      <trkpt lat="30.070127" lon="101.7083135">
        <ele>3732.219458365129</ele>
        <time>2026-05-05T04:14:58.712Z</time>
        <speed>14.77</speed>
      </trkpt>
      <trkpt lat="30.0696444" lon="101.7086318">
        <ele>3733.3960904717646</ele>
        <time>2026-05-05T04:15:02.710Z</time>
        <speed>15.6</speed>
      </trkpt>
      <trkpt lat="30.0691047" lon="101.7088827">
        <ele>3734.441691266495</ele>
        <time>2026-05-05T04:15:06.711Z</time>
        <speed>16.38</speed>
      </trkpt>
      <trkpt lat="30.0685565" lon="101.7090264">
        <ele>3735.9458105735043</ele>
        <time>2026-05-05T04:15:10.708Z</time>
        <speed>14.59</speed>
      </trkpt>
      <trkpt lat="30.0670677" lon="101.7093954">
        <ele>3738.6303591044125</ele>
        <time>2026-05-05T04:15:20.706Z</time>
        <speed>17.79</speed>
      </trkpt>
      <trkpt lat="30.0664188" lon="101.7096981">
        <ele>3738.89771458061</ele>
        <time>2026-05-05T04:15:25.708Z</time>
        <speed>15.26</speed>
      </trkpt>
      <trkpt lat="30.0659579" lon="101.710168">
        <ele>3739.6238339014426</ele>
        <time>2026-05-05T04:15:29.711Z</time>
        <speed>18.53</speed>
      </trkpt>
      <trkpt lat="30.0655003" lon="101.7107233">
        <ele>3740.676724910478</ele>
        <time>2026-05-05T04:15:33.712Z</time>
        <speed>18.28</speed>
      </trkpt>
      <trkpt lat="30.0650534" lon="101.7112645">
        <ele>3741.2155610455306</ele>
        <time>2026-05-05T04:15:37.709Z</time>
        <speed>17.7</speed>
      </trkpt>
      <trkpt lat="30.0645997" lon="101.7117422">
        <ele>3741.227067009017</ele>
        <time>2026-05-05T04:15:41.711Z</time>
        <speed>16.49</speed>
      </trkpt>
      <trkpt lat="30.0641196" lon="101.7121248">
        <ele>3743.078996073381</ele>
        <time>2026-05-05T04:15:45.710Z</time>
        <speed>15.87</speed>
      </trkpt>
      <trkpt lat="30.0636304" lon="101.712471">
        <ele>3744.7762556507328</ele>
        <time>2026-05-05T04:15:49.711Z</time>
        <speed>15.8</speed>
      </trkpt>
      <trkpt lat="30.0631331" lon="101.7127845">
        <ele>3746.157694305403</ele>
        <time>2026-05-05T04:15:53.711Z</time>
        <speed>15.97</speed>
      </trkpt>
      <trkpt lat="30.0626096" lon="101.7129725">
        <ele>3747.9061370048307</ele>
        <time>2026-05-05T04:15:57.712Z</time>
        <speed>15.13</speed>
      </trkpt>
      <trkpt lat="30.062053" lon="101.7131114">
        <ele>3749.1950976557177</ele>
        <time>2026-05-05T04:16:01.711Z</time>
        <speed>16.19</speed>
      </trkpt>
      <trkpt lat="30.061487" lon="101.7132371">
        <ele>3750.9297480512982</ele>
        <time>2026-05-05T04:16:05.708Z</time>
        <speed>15.87</speed>
      </trkpt>
      <trkpt lat="30.0609333" lon="101.7133695">
        <ele>3752.139180618249</ele>
        <time>2026-05-05T04:16:09.709Z</time>
        <speed>15.56</speed>
      </trkpt>
      <trkpt lat="30.0604165" lon="101.7135652">
        <ele>3752.0321476245495</ele>
        <time>2026-05-05T04:16:13.708Z</time>
        <speed>15.09</speed>
      </trkpt>
      <trkpt lat="30.0599546" lon="101.7138806">
        <ele>3751.916450987541</ele>
        <time>2026-05-05T04:16:17.710Z</time>
        <speed>14.92</speed>
      </trkpt>
      <trkpt lat="30.0595065" lon="101.7142389">
        <ele>3751.5624795337026</ele>
        <time>2026-05-05T04:16:21.706Z</time>
        <speed>15.49</speed>
      </trkpt>
      <trkpt lat="30.0590421" lon="101.7146114">
        <ele>3753.934184641626</ele>
        <time>2026-05-05T04:16:25.709Z</time>
        <speed>15.62</speed>
      </trkpt>
      <trkpt lat="30.0588143" lon="101.7147951">
        <ele>3754.549439305979</ele>
        <time>2026-05-05T04:16:27.708Z</time>
        <speed>15.44</speed>
      </trkpt>
      <trkpt lat="30.0583609" lon="101.7151628">
        <ele>3755.8157191428177</ele>
        <time>2026-05-05T04:16:31.709Z</time>
        <speed>15.12</speed>
      </trkpt>
      <trkpt lat="30.0579196" lon="101.7155193">
        <ele>3757.520787890977</ele>
        <time>2026-05-05T04:16:35.710Z</time>
        <speed>15.2</speed>
      </trkpt>
      <trkpt lat="30.0574665" lon="101.7158889">
        <ele>3758.5955907302027</ele>
        <time>2026-05-05T04:16:39.708Z</time>
        <speed>14.88</speed>
      </trkpt>
      <trkpt lat="30.0570283" lon="101.7162476">
        <ele>3759.691817819725</ele>
        <time>2026-05-05T04:16:43.708Z</time>
        <speed>15.21</speed>
      </trkpt>
      <trkpt lat="30.056582" lon="101.7166102">
        <ele>3759.3247159349867</ele>
        <time>2026-05-05T04:16:47.709Z</time>
        <speed>15.01</speed>
      </trkpt>
      <trkpt lat="30.0561476" lon="101.7169529">
        <ele>3760.2340632185733</ele>
        <time>2026-05-05T04:16:51.709Z</time>
        <speed>14.07</speed>
      </trkpt>
      <trkpt lat="30.0557371" lon="101.7172779">
        <ele>3760.8461030562553</ele>
        <time>2026-05-05T04:16:55.709Z</time>
        <speed>13.77</speed>
      </trkpt>
      <trkpt lat="30.0553065" lon="101.7176213">
        <ele>3761.7801141356904</ele>
        <time>2026-05-05T04:16:59.710Z</time>
        <speed>14.94</speed>
      </trkpt>
      <trkpt lat="30.0548831" lon="101.7179843">
        <ele>3763.0485875987874</ele>
        <time>2026-05-05T04:17:03.709Z</time>
        <speed>14.73</speed>
      </trkpt>
      <trkpt lat="30.0544798" lon="101.718404">
        <ele>3763.961567088925</ele>
        <time>2026-05-05T04:17:07.710Z</time>
        <speed>15.47</speed>
      </trkpt>
      <trkpt lat="30.0541327" lon="101.7189082">
        <ele>3764.16431973426</ele>
        <time>2026-05-05T04:17:11.709Z</time>
        <speed>15.53</speed>
      </trkpt>
      <trkpt lat="30.0538468" lon="101.7194756">
        <ele>3765.6502626581346</ele>
        <time>2026-05-05T04:17:15.709Z</time>
        <speed>16.39</speed>
      </trkpt>
      <trkpt lat="30.0535695" lon="101.7200793">
        <ele>3766.925844977562</ele>
        <time>2026-05-05T04:17:19.710Z</time>
        <speed>15.67</speed>
      </trkpt>
      <trkpt lat="30.0533134" lon="101.7206356">
        <ele>3769.2738554987977</ele>
        <time>2026-05-05T04:17:23.710Z</time>
        <speed>15.18</speed>
      </trkpt>
      <trkpt lat="30.0530517" lon="101.7211893">
        <ele>3770.6211671767082</ele>
        <time>2026-05-05T04:17:27.709Z</time>
        <speed>14.67</speed>
      </trkpt>
      <trkpt lat="30.0528069" lon="101.7217145">
        <ele>3772.4164187281995</ele>
        <time>2026-05-05T04:17:31.710Z</time>
        <speed>13.98</speed>
      </trkpt>
      <trkpt lat="30.0526923" lon="101.7219687">
        <ele>3772.9374879624997</ele>
        <time>2026-05-05T04:17:33.707Z</time>
        <speed>13.77</speed>
      </trkpt>
      <trkpt lat="30.0524008" lon="101.7226177">
        <ele>3776.095338061324</ele>
        <time>2026-05-05T04:17:38.711Z</time>
        <speed>14.89</speed>
      </trkpt>
      <trkpt lat="30.0521396" lon="101.7231656">
        <ele>3777.504424227512</ele>
        <time>2026-05-05T04:17:42.711Z</time>
        <speed>15.42</speed>
      </trkpt>
      <trkpt lat="30.0518781" lon="101.7237419">
        <ele>3778.2599003316345</ele>
        <time>2026-05-05T04:17:46.710Z</time>
        <speed>15.77</speed>
      </trkpt>
      <trkpt lat="30.0517026" lon="101.7243503">
        <ele>3777.8015555891006</ele>
        <time>2026-05-05T04:17:50.712Z</time>
        <speed>15.35</speed>
      </trkpt>
      <trkpt lat="30.0517438" lon="101.7249686">
        <ele>3777.7368242758807</ele>
        <time>2026-05-05T04:17:54.711Z</time>
        <speed>15.04</speed>
      </trkpt>
      <trkpt lat="30.0520025" lon="101.7255092">
        <ele>3777.4551541472183</ele>
        <time>2026-05-05T04:17:58.711Z</time>
        <speed>14.85</speed>
      </trkpt>
      <trkpt lat="30.0523823" lon="101.7259086">
        <ele>3778.4588127525394</ele>
        <time>2026-05-05T04:18:02.709Z</time>
        <speed>13.41</speed>
      </trkpt>
      <trkpt lat="30.05275" lon="101.7262292">
        <ele>3778.4448828962554</ele>
        <time>2026-05-05T04:18:06.708Z</time>
        <speed>12.28</speed>
      </trkpt>
      <trkpt lat="30.0531337" lon="101.7265542">
        <ele>3778.2944554564465</ele>
        <time>2026-05-05T04:18:10.709Z</time>
        <speed>14.3</speed>
      </trkpt>
      <trkpt lat="30.0535431" lon="101.7269368">
        <ele>3778.8617196765426</ele>
        <time>2026-05-05T04:18:14.710Z</time>
        <speed>14.71</speed>
      </trkpt>
      <trkpt lat="30.0539013" lon="101.7274086">
        <ele>3778.4568484485235</ele>
        <time>2026-05-05T04:18:18.709Z</time>
        <speed>15.63</speed>
      </trkpt>
      <trkpt lat="30.0542272" lon="101.7279418">
        <ele>3779.389380576403</ele>
        <time>2026-05-05T04:18:22.708Z</time>
        <speed>15.76</speed>
      </trkpt>
      <trkpt lat="30.0545575" lon="101.7284818">
        <ele>3781.194897517649</ele>
        <time>2026-05-05T04:18:26.707Z</time>
        <speed>15.91</speed>
      </trkpt>
      <trkpt lat="30.0548852" lon="101.7290236">
        <ele>3782.267532836146</ele>
        <time>2026-05-05T04:18:30.711Z</time>
        <speed>15.92</speed>
      </trkpt>
      <trkpt lat="30.0552144" lon="101.729575">
        <ele>3784.5482456330724</ele>
        <time>2026-05-05T04:18:34.712Z</time>
        <speed>16.43</speed>
      </trkpt>
      <trkpt lat="30.0555699" lon="101.7301603">
        <ele>3786.1008880850595</ele>
        <time>2026-05-05T04:18:38.710Z</time>
        <speed>17.93</speed>
      </trkpt>
      <trkpt lat="30.0557602" lon="101.7304738">
        <ele>3786.9672476904057</ele>
        <time>2026-05-05T04:18:40.707Z</time>
        <speed>18.49</speed>
      </trkpt>
      <trkpt lat="30.0561303" lon="101.7311224">
        <ele>3788.322837070093</ele>
        <time>2026-05-05T04:18:44.710Z</time>
        <speed>18.18</speed>
      </trkpt>
      <trkpt lat="30.0564639" lon="101.7317657">
        <ele>3788.639463090644</ele>
        <time>2026-05-05T04:18:48.711Z</time>
        <speed>17.97</speed>
      </trkpt>
      <trkpt lat="30.0567837" lon="101.7323996">
        <ele>3790.834605475398</ele>
        <time>2026-05-05T04:18:52.710Z</time>
        <speed>17.32</speed>
      </trkpt>
      <trkpt lat="30.0570791" lon="101.7329931">
        <ele>3793.763195137422</ele>
        <time>2026-05-05T04:18:56.711Z</time>
        <speed>16.16</speed>
      </trkpt>
      <trkpt lat="30.0573619" lon="101.7335574">
        <ele>3796.3129313877776</ele>
        <time>2026-05-05T04:19:00.710Z</time>
        <speed>15.26</speed>
      </trkpt>
      <trkpt lat="30.0576403" lon="101.7341156">
        <ele>3799.062004191339</ele>
        <time>2026-05-05T04:19:04.705Z</time>
        <speed>15.42</speed>
      </trkpt>
      <trkpt lat="30.0579106" lon="101.7346535">
        <ele>3801.769690244285</ele>
        <time>2026-05-05T04:19:08.711Z</time>
        <speed>14.82</speed>
      </trkpt>
      <trkpt lat="30.0581868" lon="101.7351967">
        <ele>3803.4761110247323</ele>
        <time>2026-05-05T04:19:12.710Z</time>
        <speed>14.95</speed>
      </trkpt>
      <trkpt lat="30.0584486" lon="101.7357041">
        <ele>3805.9156080216744</ele>
        <time>2026-05-05T04:19:16.709Z</time>
        <speed>14.53</speed>
      </trkpt>
      <trkpt lat="30.0587233" lon="101.7362374">
        <ele>3807.932305546962</ele>
        <time>2026-05-05T04:19:20.708Z</time>
        <speed>14.88</speed>
      </trkpt>
      <trkpt lat="30.0590133" lon="101.7367955">
        <ele>3810.436484567275</ele>
        <time>2026-05-05T04:19:24.709Z</time>
        <speed>16.12</speed>
      </trkpt>
      <trkpt lat="30.0593314" lon="101.7373253">
        <ele>3813.3679832793187</ele>
        <time>2026-05-05T04:19:28.709Z</time>
        <speed>14.5</speed>
      </trkpt>
      <trkpt lat="30.05961" lon="101.7378051">
        <ele>3817.097746564258</ele>
        <time>2026-05-05T04:19:32.711Z</time>
        <speed>13.97</speed>
      </trkpt>
      <trkpt lat="30.0598767" lon="101.7382997">
        <ele>3820.2014214677015</ele>
        <time>2026-05-05T04:19:36.707Z</time>
        <speed>14.08</speed>
      </trkpt>
      <trkpt lat="30.0600606" lon="101.7388854">
        <ele>3822.690245071076</ele>
        <time>2026-05-05T04:19:40.712Z</time>
        <speed>16.1</speed>
      </trkpt>
      <trkpt lat="30.0601316" lon="101.7395648">
        <ele>3824.971487556623</ele>
        <time>2026-05-05T04:19:44.705Z</time>
        <speed>16.01</speed>
      </trkpt>
      <trkpt lat="30.0601464" lon="101.7399007">
        <ele>3825.854361334661</ele>
        <time>2026-05-05T04:19:46.707Z</time>
        <speed>16.63</speed>
      </trkpt>
      <trkpt lat="30.0601779" lon="101.7407929">
        <ele>3828.648048047278</ele>
        <time>2026-05-05T04:19:51.708Z</time>
        <speed>17.02</speed>
      </trkpt>
      <trkpt lat="30.0602048" lon="101.7414876">
        <ele>3830.4510992074393</ele>
        <time>2026-05-05T04:19:55.707Z</time>
        <speed>16.57</speed>
      </trkpt>
      <trkpt lat="30.0602299" lon="101.7422069">
        <ele>3831.0656623979935</ele>
        <time>2026-05-05T04:19:59.710Z</time>
        <speed>17.48</speed>
      </trkpt>
      <trkpt lat="30.0602327" lon="101.7429424">
        <ele>3832.5013169386166</ele>
        <time>2026-05-05T04:20:03.711Z</time>
        <speed>17.81</speed>
      </trkpt>
      <trkpt lat="30.060222" lon="101.7436664">
        <ele>3832.7649369053206</ele>
        <time>2026-05-05T04:20:07.708Z</time>
        <speed>17.68</speed>
      </trkpt>
      <trkpt lat="30.060189" lon="101.7443783">
        <ele>3832.4248375046814</ele>
        <time>2026-05-05T04:20:11.708Z</time>
        <speed>16.14</speed>
      </trkpt>
      <trkpt lat="30.0601549" lon="101.7450328">
        <ele>3832.622767074036</ele>
        <time>2026-05-05T04:20:15.708Z</time>
        <speed>15.13</speed>
      </trkpt>
      <trkpt lat="30.0601151" lon="101.7456658">
        <ele>3834.3843267691614</ele>
        <time>2026-05-05T04:20:19.708Z</time>
        <speed>15.38</speed>
      </trkpt>
      <trkpt lat="30.0600905" lon="101.7463133">
        <ele>3836.9406160776025</ele>
        <time>2026-05-05T04:20:23.708Z</time>
        <speed>15.84</speed>
      </trkpt>
      <trkpt lat="30.0601451" lon="101.7469571">
        <ele>3839.2694939049215</ele>
        <time>2026-05-05T04:20:27.708Z</time>
        <speed>15.61</speed>
      </trkpt>
      <trkpt lat="30.0602798" lon="101.7476215">
        <ele>3842.5538516012825</ele>
        <time>2026-05-05T04:20:31.708Z</time>
        <speed>17.37</speed>
      </trkpt>
      <trkpt lat="30.0604342" lon="101.748298">
        <ele>3843.6467959139623</ele>
        <time>2026-05-05T04:20:35.708Z</time>
        <speed>16.13</speed>
      </trkpt>
      <trkpt lat="30.0605818" lon="101.7489588">
        <ele>3844.4951709717006</ele>
        <time>2026-05-05T04:20:39.709Z</time>
        <speed>16.88</speed>
      </trkpt>
      <trkpt lat="30.0607482" lon="101.7496371">
        <ele>3845.2525324036646</ele>
        <time>2026-05-05T04:20:43.709Z</time>
        <speed>16.74</speed>
      </trkpt>
      <trkpt lat="30.0609918" lon="101.750258">
        <ele>3847.863310424087</ele>
        <time>2026-05-05T04:20:47.709Z</time>
        <speed>16.3</speed>
      </trkpt>
      <trkpt lat="30.0613263" lon="101.7508265">
        <ele>3850.426415736769</ele>
        <time>2026-05-05T04:20:51.709Z</time>
        <speed>16.53</speed>
      </trkpt>
      <trkpt lat="30.0615009" lon="101.7511047">
        <ele>3851.6984760180057</ele>
        <time>2026-05-05T04:20:53.707Z</time>
        <speed>16.59</speed>
      </trkpt>
      <trkpt lat="30.0619486" lon="101.7518254">
        <ele>3853.127398764253</ele>
        <time>2026-05-05T04:20:58.712Z</time>
        <speed>16.81</speed>
      </trkpt>
      <trkpt lat="30.0622867" lon="101.7523738">
        <ele>3854.0196159402694</ele>
        <time>2026-05-05T04:21:02.706Z</time>
        <speed>15.41</speed>
      </trkpt>
      <trkpt lat="30.0626075" lon="101.7528883">
        <ele>3853.8551967483354</ele>
        <time>2026-05-05T04:21:06.710Z</time>
        <speed>15.51</speed>
      </trkpt>
      <trkpt lat="30.0629404" lon="101.7534078">
        <ele>3854.2774475239053</ele>
        <time>2026-05-05T04:21:10.706Z</time>
        <speed>15.37</speed>
      </trkpt>
      <trkpt lat="30.0633612" lon="101.7538646">
        <ele>3857.9005285542776</ele>
        <time>2026-05-05T04:21:14.709Z</time>
        <speed>16.65</speed>
      </trkpt>
      <trkpt lat="30.0638655" lon="101.7543012">
        <ele>3861.021654893119</ele>
        <time>2026-05-05T04:21:18.707Z</time>
        <speed>17.81</speed>
      </trkpt>
      <trkpt lat="30.0643755" lon="101.7547275">
        <ele>3862.871609988313</ele>
        <time>2026-05-05T04:21:22.707Z</time>
        <speed>16.91</speed>
      </trkpt>
      <trkpt lat="30.0648718" lon="101.7551336">
        <ele>3864.189886552795</ele>
        <time>2026-05-05T04:21:26.710Z</time>
        <speed>16.75</speed>
      </trkpt>
      <trkpt lat="30.065354" lon="101.7555277">
        <ele>3868.348712313656</ele>
        <time>2026-05-05T04:21:30.707Z</time>
        <speed>16.37</speed>
      </trkpt>
      <trkpt lat="30.0658347" lon="101.7559238">
        <ele>3868.994724607559</ele>
        <time>2026-05-05T04:21:34.705Z</time>
        <speed>16.62</speed>
      </trkpt>
      <trkpt lat="30.0663231" lon="101.7563366">
        <ele>3870.692839625364</ele>
        <time>2026-05-05T04:21:38.708Z</time>
        <speed>16.98</speed>
      </trkpt>
      <trkpt lat="30.0667948" lon="101.7567814">
        <ele>3871.808766284274</ele>
        <time>2026-05-05T04:21:42.709Z</time>
        <speed>17.0</speed>
      </trkpt>
      <trkpt lat="30.0671825" lon="101.7572944">
        <ele>3872.282604765064</ele>
        <time>2026-05-05T04:21:46.709Z</time>
        <speed>16.23</speed>
      </trkpt>
      <trkpt lat="30.0675284" lon="101.7578507">
        <ele>3873.9788141950958</ele>
        <time>2026-05-05T04:21:50.708Z</time>
        <speed>16.41</speed>
      </trkpt>
      <trkpt lat="30.0678453" lon="101.7584065">
        <ele>3875.781126721957</ele>
        <time>2026-05-05T04:21:54.709Z</time>
        <speed>15.62</speed>
      </trkpt>
      <trkpt lat="30.0681524" lon="101.7589456">
        <ele>3878.420429741085</ele>
        <time>2026-05-05T04:21:58.708Z</time>
        <speed>15.38</speed>
      </trkpt>
      <trkpt lat="30.068304" lon="101.7592149">
        <ele>3881.7345882115883</ele>
        <time>2026-05-05T04:22:00.705Z</time>
        <speed>15.31</speed>
      </trkpt>
      <trkpt lat="30.0686018" lon="101.7597385">
        <ele>3883.502873139772</ele>
        <time>2026-05-05T04:22:04.705Z</time>
        <speed>14.73</speed>
      </trkpt>
      <trkpt lat="30.0688924" lon="101.7602459">
        <ele>3886.9675941013293</ele>
        <time>2026-05-05T04:22:08.707Z</time>
        <speed>14.64</speed>
      </trkpt>
      <trkpt lat="30.0691851" lon="101.7607034">
        <ele>3887.7811403616925</ele>
        <time>2026-05-05T04:22:12.710Z</time>
        <speed>12.93</speed>
      </trkpt>
      <trkpt lat="30.0694803" lon="101.7611122">
        <ele>3889.8848588996707</ele>
        <time>2026-05-05T04:22:16.707Z</time>
        <speed>13.02</speed>
      </trkpt>
      <trkpt lat="30.0697895" lon="101.7615383">
        <ele>3891.026488915764</ele>
        <time>2026-05-05T04:22:20.707Z</time>
        <speed>14.04</speed>
      </trkpt>
      <trkpt lat="30.0700334" lon="101.7620738">
        <ele>3893.0518128827953</ele>
        <time>2026-05-05T04:22:24.708Z</time>
        <speed>14.64</speed>
      </trkpt>
      <trkpt lat="30.0699878" lon="101.7626339">
        <ele>3896.7048583315145</ele>
        <time>2026-05-05T04:22:28.708Z</time>
        <speed>13.65</speed>
      </trkpt>
      <trkpt lat="30.0697156" lon="101.7631179">
        <ele>3898.794609376672</ele>
        <time>2026-05-05T04:22:32.707Z</time>
        <speed>14.06</speed>
      </trkpt>
      <trkpt lat="30.0694078" lon="101.7634728">
        <ele>3904.1925694042266</ele>
        <time>2026-05-05T04:22:36.711Z</time>
        <speed>11.0</speed>
      </trkpt>
      <trkpt lat="30.0691512" lon="101.763757">
        <ele>3906.2467840501376</ele>
        <time>2026-05-05T04:22:40.712Z</time>
        <speed>9.31</speed>
      </trkpt>
      <trkpt lat="30.0689124" lon="101.7640681">
        <ele>3910.119450858143</ele>
        <time>2026-05-05T04:22:44.712Z</time>
        <speed>10.78</speed>
      </trkpt>
      <trkpt lat="30.0687123" lon="101.7644901">
        <ele>3912.587475598371</ele>
        <time>2026-05-05T04:22:48.710Z</time>
        <speed>12.16</speed>
      </trkpt>
      <trkpt lat="30.0685936" lon="101.764978">
        <ele>3916.135165953092</ele>
        <time>2026-05-05T04:22:52.706Z</time>
        <speed>12.0</speed>
      </trkpt>
      <trkpt lat="30.0685319" lon="101.7654674">
        <ele>3920.2001807799434</ele>
        <time>2026-05-05T04:22:56.708Z</time>
        <speed>12.0</speed>
      </trkpt>
      <trkpt lat="30.0684667" lon="101.7659921">
        <ele>3924.704306793151</ele>
        <time>2026-05-05T04:23:00.710Z</time>
        <speed>12.87</speed>
      </trkpt>
      <trkpt lat="30.0684137" lon="101.7665145">
        <ele>3927.82978612038</ele>
        <time>2026-05-05T04:23:04.708Z</time>
        <speed>12.82</speed>
      </trkpt>
      <trkpt lat="30.0684037" lon="101.7667814">
        <ele>3927.9480644089986</ele>
        <time>2026-05-05T04:23:06.707Z</time>
        <speed>13.23</speed>
      </trkpt>
      <trkpt lat="30.0684179" lon="101.7673249">
        <ele>3929.5496520198426</ele>
        <time>2026-05-05T04:23:10.706Z</time>
        <speed>12.88</speed>
      </trkpt>
      <trkpt lat="30.0684379" lon="101.767885">
        <ele>3931.46908164358</ele>
        <time>2026-05-05T04:23:14.709Z</time>
        <speed>14.15</speed>
      </trkpt>
      <trkpt lat="30.0684611" lon="101.7684711">
        <ele>3934.997846915887</ele>
        <time>2026-05-05T04:23:18.709Z</time>
        <speed>13.89</speed>
      </trkpt>
      <trkpt lat="30.0684846" lon="101.7690223">
        <ele>3938.429362784593</ele>
        <time>2026-05-05T04:23:22.708Z</time>
        <speed>12.87</speed>
      </trkpt>
      <trkpt lat="30.068517" lon="101.7695669">
        <ele>3941.6110572990297</ele>
        <time>2026-05-05T04:23:26.707Z</time>
        <speed>13.69</speed>
      </trkpt>
      <trkpt lat="30.0686012" lon="101.7701528">
        <ele>3943.4649137512765</ele>
        <time>2026-05-05T04:23:30.705Z</time>
        <speed>14.84</speed>
      </trkpt>
      <trkpt lat="30.0687326" lon="101.7707645">
        <ele>3945.5166402974132</ele>
        <time>2026-05-05T04:23:34.708Z</time>
        <speed>15.3</speed>
      </trkpt>
      <trkpt lat="30.0688673" lon="101.7713692">
        <ele>3946.8788301616073</ele>
        <time>2026-05-05T04:23:38.706Z</time>
        <speed>14.65</speed>
      </trkpt>
      <trkpt lat="30.0689874" lon="101.7719465">
        <ele>3949.399022685436</ele>
        <time>2026-05-05T04:23:42.707Z</time>
        <speed>14.31</speed>
      </trkpt>
      <trkpt lat="30.0690262" lon="101.7725515">
        <ele>3953.227157620574</ele>
        <time>2026-05-05T04:23:46.708Z</time>
        <speed>14.54</speed>
      </trkpt>
      <trkpt lat="30.0689915" lon="101.7731311">
        <ele>3957.1782379977144</ele>
        <time>2026-05-05T04:23:50.707Z</time>
        <speed>13.55</speed>
      </trkpt>
      <trkpt lat="30.0690828" lon="101.7736592">
        <ele>3961.638340344621</ele>
        <time>2026-05-05T04:23:54.708Z</time>
        <speed>12.92</speed>
      </trkpt>
      <trkpt lat="30.069257" lon="101.7740955">
        <ele>3965.3593053601453</ele>
        <time>2026-05-05T04:23:58.708Z</time>
        <speed>10.67</speed>
      </trkpt>
      <trkpt lat="30.0694208" lon="101.7745017">
        <ele>3967.6291327657736</ele>
        <time>2026-05-05T04:24:02.705Z</time>
        <speed>10.77</speed>
      </trkpt>
      <trkpt lat="30.0695836" lon="101.7748657">
        <ele>3970.5865369055014</ele>
        <time>2026-05-05T04:24:06.706Z</time>
        <speed>9.75</speed>
      </trkpt>
      <trkpt lat="30.069762" lon="101.775144">
        <ele>3971.788150396932</ele>
        <time>2026-05-05T04:24:10.708Z</time>
        <speed>7.05</speed>
      </trkpt>
      <trkpt lat="30.069879" lon="101.7751803">
        <ele>3972.2727276839278</ele>
        <time>2026-05-05T04:24:12.704Z</time>
        <speed>6.55</speed>
      </trkpt>
      <trkpt lat="30.0699703" lon="101.7748596">
        <ele>3974.007529855627</ele>
        <time>2026-05-05T04:24:17.709Z</time>
        <speed>9.73</speed>
      </trkpt>
      <trkpt lat="30.0698249" lon="101.7744347">
        <ele>3975.2814595813247</ele>
        <time>2026-05-05T04:24:21.703Z</time>
        <speed>11.07</speed>
      </trkpt>
      <trkpt lat="30.0697167" lon="101.7740319">
        <ele>3976.070816761371</ele>
        <time>2026-05-05T04:24:25.707Z</time>
        <speed>8.94</speed>
      </trkpt>
      <trkpt lat="30.069666" lon="101.7736971">
        <ele>3976.7887043791484</ele>
        <time>2026-05-05T04:24:29.716Z</time>
        <speed>7.35</speed>
      </trkpt>
      <trkpt lat="30.0696397" lon="101.7734306">
        <ele>3977.6761499460126</ele>
        <time>2026-05-05T04:24:33.706Z</time>
        <speed>6.02</speed>
      </trkpt>
      <trkpt lat="30.0698894" lon="101.773333">
        <ele>3978.925445418159</ele>
        <time>2026-05-05T04:24:41.710Z</time>
        <speed>7.09</speed>
      </trkpt>
      <trkpt lat="30.0699701" lon="101.7737245">
        <ele>3980.68956432382</ele>
        <time>2026-05-05T04:24:45.710Z</time>
        <speed>10.68</speed>
      </trkpt>
      <trkpt lat="30.0702697" lon="101.7745489">
        <ele>3985.163770866147</ele>
        <time>2026-05-05T04:24:53.709Z</time>
        <speed>11.51</speed>
      </trkpt>
      <trkpt lat="30.0704966" lon="101.7749026">
        <ele>3988.539786246547</ele>
        <time>2026-05-05T04:24:57.709Z</time>
        <speed>10.47</speed>
      </trkpt>
      <trkpt lat="30.0707349" lon="101.7752791">
        <ele>3990.6947949210403</ele>
        <time>2026-05-05T04:25:01.705Z</time>
        <speed>11.58</speed>
      </trkpt>
      <trkpt lat="30.0709281" lon="101.7756965">
        <ele>3993.6776799482714</ele>
        <time>2026-05-05T04:25:05.707Z</time>
        <speed>11.73</speed>
      </trkpt>
      <trkpt lat="30.071071" lon="101.7761871">
        <ele>3996.5361897822504</ele>
        <time>2026-05-05T04:25:09.709Z</time>
        <speed>13.1</speed>
      </trkpt>
      <trkpt lat="30.0712066" lon="101.7767021">
        <ele>3998.3647494251118</ele>
        <time>2026-05-05T04:25:13.707Z</time>
        <speed>12.94</speed>
      </trkpt>
      <trkpt lat="30.0713395" lon="101.7772046">
        <ele>3999.6707724027506</ele>
        <time>2026-05-05T04:25:17.707Z</time>
        <speed>12.15</speed>
      </trkpt>
      <trkpt lat="30.0714085" lon="101.7774305">
        <ele>4001.5400233118403</ele>
        <time>2026-05-05T04:25:19.704Z</time>
        <speed>11.5</speed>
      </trkpt>
      <trkpt lat="30.0716122" lon="101.7779919">
        <ele>4005.590316063551</ele>
        <time>2026-05-05T04:25:24.708Z</time>
        <speed>11.83</speed>
      </trkpt>
      <trkpt lat="30.0717883" lon="101.7784026">
        <ele>4009.382305284556</ele>
        <time>2026-05-05T04:25:28.709Z</time>
        <speed>10.21</speed>
      </trkpt>
      <trkpt lat="30.0719591" lon="101.7787567">
        <ele>4012.16390193002</ele>
        <time>2026-05-05T04:25:32.707Z</time>
        <speed>9.63</speed>
      </trkpt>
      <trkpt lat="30.0721372" lon="101.7791084">
        <ele>4015.266138158985</ele>
        <time>2026-05-05T04:25:36.708Z</time>
        <speed>9.87</speed>
      </trkpt>
      <trkpt lat="30.0723081" lon="101.7794569">
        <ele>4017.5304505286585</ele>
        <time>2026-05-05T04:25:40.707Z</time>
        <speed>9.84</speed>
      </trkpt>
      <trkpt lat="30.0724666" lon="101.7797836">
        <ele>4020.5859397850422</ele>
        <time>2026-05-05T04:25:44.705Z</time>
        <speed>7.85</speed>
      </trkpt>
      <trkpt lat="30.0726082" lon="101.7800705">
        <ele>4024.0425140866864</ele>
        <time>2026-05-05T04:25:48.707Z</time>
        <speed>8.92</speed>
      </trkpt>
      <trkpt lat="30.0727502" lon="101.7804661">
        <ele>4025.96893574019</ele>
        <time>2026-05-05T04:25:52.708Z</time>
        <speed>10.83</speed>
      </trkpt>
      <trkpt lat="30.0728143" lon="101.7809596">
        <ele>4028.0978014783486</ele>
        <time>2026-05-05T04:25:56.708Z</time>
        <speed>12.77</speed>
      </trkpt>
      <trkpt lat="30.072851" lon="101.7815051">
        <ele>4031.6408387677875</ele>
        <time>2026-05-05T04:26:00.705Z</time>
        <speed>14.08</speed>
      </trkpt>
      <trkpt lat="30.0728951" lon="101.782208">
        <ele>4033.2513845190074</ele>
        <time>2026-05-05T04:26:04.705Z</time>
        <speed>19.13</speed>
      </trkpt>
      <trkpt lat="30.0729749" lon="101.7829853">
        <ele>4037.5924090779336</ele>
        <time>2026-05-05T04:26:08.709Z</time>
        <speed>18.37</speed>
      </trkpt>
      <trkpt lat="30.0732129" lon="101.783721">
        <ele>4044.7758929879515</ele>
        <time>2026-05-05T04:26:12.708Z</time>
        <speed>19.2</speed>
      </trkpt>
      <trkpt lat="30.0734097" lon="101.7844567">
        <ele>4049.4998195292196</ele>
        <time>2026-05-05T04:26:16.706Z</time>
        <speed>18.06</speed>
      </trkpt>
      <trkpt lat="30.0734119" lon="101.7851872">
        <ele>4055.8327184917666</ele>
        <time>2026-05-05T04:26:20.708Z</time>
        <speed>17.94</speed>
      </trkpt>
      <trkpt lat="30.0733161" lon="101.7859404">
        <ele>4057.8252716511297</ele>
        <time>2026-05-05T04:26:24.706Z</time>
        <speed>18.35</speed>
      </trkpt>
      <trkpt lat="30.0732669" lon="101.7863056">
        <ele>4058.7091240607983</ele>
        <time>2026-05-05T04:26:26.704Z</time>
        <speed>17.75</speed>
      </trkpt>
      <trkpt lat="30.0731884" lon="101.7869749">
        <ele>4063.0371958408273</ele>
        <time>2026-05-05T04:26:30.708Z</time>
        <speed>15.24</speed>
      </trkpt>
      <trkpt lat="30.0732152" lon="101.7876011">
        <ele>4068.078137243233</ele>
        <time>2026-05-05T04:26:34.709Z</time>
        <speed>15.21</speed>
      </trkpt>
      <trkpt lat="30.0733545" lon="101.7881925">
        <ele>4073.6742817631252</ele>
        <time>2026-05-05T04:26:38.708Z</time>
        <speed>13.95</speed>
      </trkpt>
      <trkpt lat="30.07346" lon="101.7887129">
        <ele>4077.0887603865617</ele>
        <time>2026-05-05T04:26:42.709Z</time>
        <speed>12.61</speed>
      </trkpt>
      <trkpt lat="30.0735138" lon="101.7892453">
        <ele>4077.9244914446526</ele>
        <time>2026-05-05T04:26:46.709Z</time>
        <speed>13.22</speed>
      </trkpt>
      <trkpt lat="30.0735193" lon="101.7897474">
        <ele>4081.5920716563865</ele>
        <time>2026-05-05T04:26:50.708Z</time>
        <speed>11.04</speed>
      </trkpt>
      <trkpt lat="30.0735156" lon="101.7901954">
        <ele>4083.0770703519524</ele>
        <time>2026-05-05T04:26:54.710Z</time>
        <speed>11.27</speed>
      </trkpt>
      <trkpt lat="30.0734812" lon="101.7906395">
        <ele>4085.652202641681</ele>
        <time>2026-05-05T04:26:58.709Z</time>
        <speed>10.08</speed>
      </trkpt>
      <trkpt lat="30.0733652" lon="101.79101">
        <ele>4088.0305589177246</ele>
        <time>2026-05-05T04:27:02.707Z</time>
        <speed>9.35</speed>
      </trkpt>
      <trkpt lat="30.0730554" lon="101.7912066">
        <ele>4089.60979070689</ele>
        <time>2026-05-05T04:27:06.706Z</time>
        <speed>11.98</speed>
      </trkpt>
      <trkpt lat="30.0726146" lon="101.7910906">
        <ele>4090.8741704596832</ele>
        <time>2026-05-05T04:27:10.707Z</time>
        <speed>11.59</speed>
      </trkpt>
      <trkpt lat="30.0722762" lon="101.7908209">
        <ele>4093.831593407776</ele>
        <time>2026-05-05T04:27:14.707Z</time>
        <speed>11.18</speed>
      </trkpt>
      <trkpt lat="30.071965" lon="101.7906132">
        <ele>4095.918935908222</ele>
        <time>2026-05-05T04:27:18.707Z</time>
        <speed>8.65</speed>
      </trkpt>
      <trkpt lat="30.0717799" lon="101.7907597">
        <ele>4096.394621966849</ele>
        <time>2026-05-05T04:27:22.708Z</time>
        <speed>7.46</speed>
      </trkpt>
      <trkpt lat="30.0719168" lon="101.7911328">
        <ele>4097.955981790269</ele>
        <time>2026-05-05T04:27:26.707Z</time>
        <speed>12.28</speed>
      </trkpt>
      <trkpt lat="30.0722446" lon="101.7915145">
        <ele>4100.572951345794</ele>
        <time>2026-05-05T04:27:30.706Z</time>
        <speed>12.15</speed>
      </trkpt>
      <trkpt lat="30.0724531" lon="101.7917739">
        <ele>4101.860277101564</ele>
        <time>2026-05-05T04:27:33.705Z</time>
        <speed>10.93</speed>
      </trkpt>
      <trkpt lat="30.0728525" lon="101.7921607">
        <ele>4105.524864964166</ele>
        <time>2026-05-05T04:27:38.707Z</time>
        <speed>12.42</speed>
      </trkpt>
      <trkpt lat="30.0732579" lon="101.7923454">
        <ele>4108.566275840105</ele>
        <time>2026-05-05T04:27:42.707Z</time>
        <speed>11.56</speed>
      </trkpt>
      <trkpt lat="30.0736327" lon="101.7924598">
        <ele>4111.952684273031</ele>
        <time>2026-05-05T04:27:46.707Z</time>
        <speed>10.5</speed>
      </trkpt>
      <trkpt lat="30.0740008" lon="101.7925439">
        <ele>4113.598167006887</ele>
        <time>2026-05-05T04:27:50.708Z</time>
        <speed>10.62</speed>
      </trkpt>
      <trkpt lat="30.0742868" lon="101.792339">
        <ele>4114.1272527958645</ele>
        <time>2026-05-05T04:27:54.708Z</time>
        <speed>10.73</speed>
      </trkpt>
      <trkpt lat="30.074345" lon="101.7917723">
        <ele>4117.725832650734</ele>
        <time>2026-05-05T04:27:58.710Z</time>
        <speed>15.92</speed>
      </trkpt>
      <trkpt lat="30.0743466" lon="101.7912371">
        <ele>4120.741120551027</ele>
        <time>2026-05-05T04:28:02.707Z</time>
        <speed>10.6</speed>
      </trkpt>
      <trkpt lat="30.0743974" lon="101.7908332">
        <ele>4120.833609380763</ele>
        <time>2026-05-05T04:28:06.704Z</time>
        <speed>9.11</speed>
      </trkpt>
      <trkpt lat="30.0746139" lon="101.7906511">
        <ele>4122.01970215941</ele>
        <time>2026-05-05T04:28:10.705Z</time>
        <speed>7.64</speed>
      </trkpt>
      <trkpt lat="30.0748866" lon="101.7908336">
        <ele>4124.252346785284</ele>
        <time>2026-05-05T04:28:14.705Z</time>
        <speed>10.56</speed>
      </trkpt>
      <trkpt lat="30.0751831" lon="101.7911224">
        <ele>4125.139937006011</ele>
        <time>2026-05-05T04:28:18.707Z</time>
        <speed>10.39</speed>
      </trkpt>
      <trkpt lat="30.0755157" lon="101.7911855">
        <ele>4125.909035587374</ele>
        <time>2026-05-05T04:28:22.705Z</time>
        <speed>9.32</speed>
      </trkpt>
      <trkpt lat="30.0757594" lon="101.790905">
        <ele>4129.517717560393</ele>
        <time>2026-05-05T04:28:26.709Z</time>
        <speed>10.55</speed>
      </trkpt>
      <trkpt lat="30.0757893" lon="101.7904515">
        <ele>4132.23961818177</ele>
        <time>2026-05-05T04:28:30.710Z</time>
        <speed>11.78</speed>
      </trkpt>
      <trkpt lat="30.0758967" lon="101.7896971">
        <ele>4136.683848734599</ele>
        <time>2026-05-05T04:28:38.706Z</time>
        <speed>6.75</speed>
      </trkpt>
      <trkpt lat="30.076016" lon="101.7896493">
        <ele>4136.231972690066</ele>
        <time>2026-05-05T04:28:40.703Z</time>
        <speed>7.35</speed>
      </trkpt>
      <trkpt lat="30.076251" lon="101.7898283">
        <ele>4137.473582313364</ele>
        <time>2026-05-05T04:28:44.708Z</time>
        <speed>9.34</speed>
      </trkpt>
      <trkpt lat="30.0764464" lon="101.7901833">
        <ele>4137.174973976704</ele>
        <time>2026-05-05T04:28:48.706Z</time>
        <speed>10.74</speed>
      </trkpt>
      <trkpt lat="30.0766498" lon="101.7905451">
        <ele>4139.379889166954</ele>
        <time>2026-05-05T04:28:52.708Z</time>
        <speed>10.17</speed>
      </trkpt>
      <trkpt lat="30.0770521" lon="101.7911983">
        <ele>4144.994611401886</ele>
        <time>2026-05-05T04:29:00.706Z</time>
        <speed>10.62</speed>
      </trkpt>
      <trkpt lat="30.0771476" lon="101.7916028">
        <ele>4150.30192275881</ele>
        <time>2026-05-05T04:29:04.708Z</time>
        <speed>10.54</speed>
      </trkpt>
      <trkpt lat="30.0769482" lon="101.7920117">
        <ele>4152.043410220533</ele>
        <time>2026-05-05T04:29:08.706Z</time>
        <speed>12.83</speed>
      </trkpt>
      <trkpt lat="30.0765342" lon="101.7923297">
        <ele>4155.774550654078</ele>
        <time>2026-05-05T04:29:12.709Z</time>
        <speed>14.01</speed>
      </trkpt>
      <trkpt lat="30.076205" lon="101.7927083">
        <ele>4157.072455977612</ele>
        <time>2026-05-05T04:29:16.707Z</time>
        <speed>12.72</speed>
      </trkpt>
      <trkpt lat="30.0761363" lon="101.7932268">
        <ele>4158.64207506986</ele>
        <time>2026-05-05T04:29:20.708Z</time>
        <speed>12.98</speed>
      </trkpt>
      <trkpt lat="30.0761647" lon="101.79374">
        <ele>4161.88171665383</ele>
        <time>2026-05-05T04:29:24.707Z</time>
        <speed>12.21</speed>
      </trkpt>
      <trkpt lat="30.0761018" lon="101.7942602">
        <ele>4163.737016418626</ele>
        <time>2026-05-05T04:29:28.706Z</time>
        <speed>12.89</speed>
      </trkpt>
      <trkpt lat="30.075977" lon="101.7947945">
        <ele>4169.1733211777155</ele>
        <time>2026-05-05T04:29:32.707Z</time>
        <speed>13.67</speed>
      </trkpt>
      <trkpt lat="30.0758489" lon="101.7953094">
        <ele>4171.551037262581</ele>
        <time>2026-05-05T04:29:36.706Z</time>
        <speed>12.35</speed>
      </trkpt>
      <trkpt lat="30.0757423" lon="101.7957682">
        <ele>4174.797896457476</ele>
        <time>2026-05-05T04:29:40.708Z</time>
        <speed>10.9</speed>
      </trkpt>
      <trkpt lat="30.0756311" lon="101.7962141">
        <ele>4177.717827432827</ele>
        <time>2026-05-05T04:29:44.706Z</time>
        <speed>11.59</speed>
      </trkpt>
      <trkpt lat="30.0755624" lon="101.7964433">
        <ele>4177.997131094338</ele>
        <time>2026-05-05T04:29:46.705Z</time>
        <speed>12.16</speed>
      </trkpt>
      <trkpt lat="30.0752209" lon="101.7968922">
        <ele>4182.182617554008</ele>
        <time>2026-05-05T04:29:51.708Z</time>
        <speed>11.67</speed>
      </trkpt>
      <trkpt lat="30.0748367" lon="101.7970103">
        <ele>4185.188545462594</ele>
        <time>2026-05-05T04:29:55.704Z</time>
        <speed>9.74</speed>
      </trkpt>
      <trkpt lat="30.074565" lon="101.7970741">
        <ele>4187.9296222506355</ele>
        <time>2026-05-05T04:29:59.705Z</time>
        <speed>6.64</speed>
      </trkpt>
      <trkpt lat="30.0743742" lon="101.7972054">
        <ele>4189.839318601247</ele>
        <time>2026-05-05T04:30:03.705Z</time>
        <speed>6.64</speed>
      </trkpt>
      <trkpt lat="30.074707" lon="101.7974517">
        <ele>4192.135098023529</ele>
        <time>2026-05-05T04:30:11.709Z</time>
        <speed>10.1</speed>
      </trkpt>
      <trkpt lat="30.0750704" lon="101.7973472">
        <ele>4192.188563720358</ele>
        <time>2026-05-05T04:30:15.709Z</time>
        <speed>10.5</speed>
      </trkpt>
      <trkpt lat="30.0754789" lon="101.7972614">
        <ele>4192.915044830337</ele>
        <time>2026-05-05T04:30:19.708Z</time>
        <speed>12.58</speed>
      </trkpt>
      <trkpt lat="30.0759548" lon="101.7972511">
        <ele>4196.093246074471</ele>
        <time>2026-05-05T04:30:23.709Z</time>
        <speed>13.09</speed>
      </trkpt>
      <trkpt lat="30.0764075" lon="101.7972917">
        <ele>4199.759858682412</ele>
        <time>2026-05-05T04:30:27.708Z</time>
        <speed>12.71</speed>
      </trkpt>
      <trkpt lat="30.0768521" lon="101.7973363">
        <ele>4202.646409810961</ele>
        <time>2026-05-05T04:30:31.708Z</time>
        <speed>12.46</speed>
      </trkpt>
      <trkpt lat="30.0773197" lon="101.7973772">
        <ele>4204.84569569054</ele>
        <time>2026-05-05T04:30:35.708Z</time>
        <speed>13.45</speed>
      </trkpt>
      <trkpt lat="30.0777667" lon="101.7973663">
        <ele>4205.968511398524</ele>
        <time>2026-05-05T04:30:39.708Z</time>
        <speed>12.02</speed>
      </trkpt>
      <trkpt lat="30.078161" lon="101.7971656">
        <ele>4201.724649057209</ele>
        <time>2026-05-05T04:30:43.708Z</time>
        <speed>12.31</speed>
      </trkpt>
      <trkpt lat="30.0785388" lon="101.7969098">
        <ele>4204.0902288668185</ele>
        <time>2026-05-05T04:30:47.708Z</time>
        <speed>11.6</speed>
      </trkpt>
      <trkpt lat="30.0789028" lon="101.796799">
        <ele>4207.625773894511</ele>
        <time>2026-05-05T04:30:51.709Z</time>
        <speed>10.21</speed>
      </trkpt>
      <trkpt lat="30.0790862" lon="101.7968353">
        <ele>4208.55070014072</ele>
        <time>2026-05-05T04:30:53.705Z</time>
        <speed>10.56</speed>
      </trkpt>
      <trkpt lat="30.0794876" lon="101.7969107">
        <ele>4213.79985242729</ele>
        <time>2026-05-05T04:30:57.709Z</time>
        <speed>11.57</speed>
      </trkpt>
      <trkpt lat="30.0798832" lon="101.796711">
        <ele>4220.102170329688</ele>
        <time>2026-05-05T04:31:01.706Z</time>
        <speed>13.12</speed>
      </trkpt>
      <trkpt lat="30.0802248" lon="101.7964088">
        <ele>4217.969257096229</ele>
        <time>2026-05-05T04:31:05.707Z</time>
        <speed>10.57</speed>
      </trkpt>
      <trkpt lat="30.0805162" lon="101.7963015">
        <ele>4221.34648516651</ele>
        <time>2026-05-05T04:31:09.704Z</time>
        <speed>6.97</speed>
      </trkpt>
      <trkpt lat="30.0806877" lon="101.796461">
        <ele>4222.010422377283</ele>
        <time>2026-05-05T04:31:13.707Z</time>
        <speed>6.8</speed>
      </trkpt>
      <trkpt lat="30.0806971" lon="101.7966928">
        <ele>4223.713548973832</ele>
        <time>2026-05-05T04:31:17.706Z</time>
        <speed>5.48</speed>
      </trkpt>
      <trkpt lat="30.0805294" lon="101.7969181">
        <ele>4228.205738359511</ele>
        <time>2026-05-05T04:31:21.706Z</time>
        <speed>9.74</speed>
      </trkpt>
      <trkpt lat="30.0802855" lon="101.7971995">
        <ele>4225.664672974897</ele>
        <time>2026-05-05T04:31:25.707Z</time>
        <speed>8.68</speed>
      </trkpt>
      <trkpt lat="30.0800941" lon="101.7974129">
        <ele>4229.731725857266</ele>
        <time>2026-05-05T04:31:29.707Z</time>
        <speed>6.28</speed>
      </trkpt>
      <trkpt lat="30.0800024" lon="101.7975138">
        <ele>4227.858193720294</ele>
        <time>2026-05-05T04:31:33.707Z</time>
        <speed>0.82</speed>
      </trkpt>
      <trkpt lat="30.079977" lon="101.7975371">
        <ele>4229.47649248493</ele>
        <time>2026-05-05T04:31:41.707Z</time>
        <speed>0.39</speed>
      </trkpt>
      <trkpt lat="30.0799493" lon="101.7975592">
        <ele>4230.465631959743</ele>
        <time>2026-05-05T04:31:49.707Z</time>
        <speed>1.65</speed>
      </trkpt>
      <trkpt lat="30.0798899" lon="101.7976155">
        <ele>4230.6218999377015</ele>
        <time>2026-05-05T04:31:53.709Z</time>
        <speed>1.98</speed>
      </trkpt>
      <trkpt lat="30.079853" lon="101.7976475">
        <ele>4230.539590291677</ele>
        <time>2026-05-05T04:31:57.707Z</time>
        <speed>0.93</speed>
      </trkpt>
      <trkpt lat="30.0797955" lon="101.7976937">
        <ele>4230.643396865897</ele>
        <time>2026-05-05T04:32:04.706Z</time>
        <speed>0.3</speed>
      </trkpt>
      <trkpt lat="30.079769" lon="101.7977161">
        <ele>4230.553387731561</ele>
        <time>2026-05-05T04:32:08.704Z</time>
        <speed>1.05</speed>
      </trkpt>
      <trkpt lat="30.079718" lon="101.7977385">
        <ele>4231.744942632411</ele>
        <time>2026-05-05T04:32:32.704Z</time>
        <speed>1.46</speed>
      </trkpt>
      <trkpt lat="30.0795748" lon="101.7978111">
        <ele>4231.167428041372</ele>
        <time>2026-05-05T04:32:36.707Z</time>
        <speed>5.66</speed>
      </trkpt>
      <trkpt lat="30.0794386" lon="101.7978853">
        <ele>4233.433727508282</ele>
        <time>2026-05-05T04:32:40.704Z</time>
        <speed>3.0</speed>
      </trkpt>
      <trkpt lat="30.0793106" lon="101.7979155">
        <ele>4233.004453638844</ele>
        <time>2026-05-05T04:32:44.704Z</time>
        <speed>4.63</speed>
      </trkpt>
      <trkpt lat="30.0791472" lon="101.7979535">
        <ele>4235.036322761408</ele>
        <time>2026-05-05T04:32:48.705Z</time>
        <speed>4.69</speed>
      </trkpt>
      <trkpt lat="30.0789993" lon="101.7979806">
        <ele>4235.920519343925</ele>
        <time>2026-05-05T04:32:52.706Z</time>
        <speed>3.34</speed>
      </trkpt>
      <trkpt lat="30.0789419" lon="101.7979905">
        <ele>4236.543841136807</ele>
        <time>2026-05-05T04:32:54.700Z</time>
        <speed>3.04</speed>
      </trkpt>
      <trkpt lat="30.0788907" lon="101.7980038">
        <ele>4237.378949958282</ele>
        <time>2026-05-05T04:32:56.703Z</time>
        <speed>3.08</speed>
      </trkpt>
      <trkpt lat="30.0788215" lon="101.7980265">
        <ele>4237.711536710849</ele>
        <time>2026-05-05T04:32:58.706Z</time>
        <speed>4.29</speed>
      </trkpt>
      <trkpt lat="30.0787322" lon="101.7980868">
        <ele>4239.001292377642</ele>
        <time>2026-05-05T04:33:02.706Z</time>
        <speed>1.63</speed>
      </trkpt>
      <trkpt lat="30.078698" lon="101.7981151">
        <ele>4238.82478363743</ele>
        <time>2026-05-05T04:33:06.709Z</time>
        <speed>0.93</speed>
      </trkpt>
      <trkpt lat="30.0786489" lon="101.7981559">
        <ele>4239.3764864323675</ele>
        <time>2026-05-05T04:33:10.705Z</time>
        <speed>1.31</speed>
      </trkpt>
      <trkpt lat="30.0785959" lon="101.798206">
        <ele>4239.7763048167435</ele>
        <time>2026-05-05T04:33:14.702Z</time>
        <speed>2.47</speed>
      </trkpt>
      <trkpt lat="30.0785178" lon="101.7982874">
        <ele>4240.748131826376</ele>
        <time>2026-05-05T04:33:18.703Z</time>
        <speed>3.71</speed>
      </trkpt>
      <trkpt lat="30.0784506" lon="101.7983757">
        <ele>4241.01858341973</ele>
        <time>2026-05-05T04:33:22.706Z</time>
        <speed>1.44</speed>
      </trkpt>
      <trkpt lat="30.0784176" lon="101.7984243">
        <ele>4241.828604059105</ele>
        <time>2026-05-05T04:33:30.707Z</time>
        <speed>0.74</speed>
      </trkpt>
      <trkpt lat="30.0783776" lon="101.7984851">
        <ele>4242.52088896445</ele>
        <time>2026-05-05T04:33:34.708Z</time>
        <speed>3.46</speed>
      </trkpt>
      <trkpt lat="30.0783223" lon="101.798568">
        <ele>4240.693848250251</ele>
        <time>2026-05-05T04:33:38.707Z</time>
        <speed>1.07</speed>
      </trkpt>
      <trkpt lat="30.0782948" lon="101.7986036">
        <ele>4243.444462412761</ele>
        <time>2026-05-05T04:33:50.708Z</time>
        <speed>1.55</speed>
      </trkpt>
      <trkpt lat="30.078264" lon="101.7986481">
        <ele>4243.327059047791</ele>
        <time>2026-05-05T04:33:54.708Z</time>
        <speed>0.91</speed>
      </trkpt>
      <trkpt lat="30.0782421" lon="101.7986774">
        <ele>4243.633393543605</ele>
        <time>2026-05-05T04:33:58.708Z</time>
        <speed>1.22</speed>
      </trkpt>
      <trkpt lat="30.0782182" lon="101.7987091">
        <ele>4244.0271145903735</ele>
        <time>2026-05-05T04:34:01.704Z</time>
        <speed>1.09</speed>
      </trkpt>
      <trkpt lat="30.0781744" lon="101.7987656">
        <ele>4242.224067104466</ele>
        <time>2026-05-05T04:34:06.706Z</time>
        <speed>2.4</speed>
      </trkpt>
      <trkpt lat="30.0780988" lon="101.7988553">
        <ele>4242.7994675625005</ele>
        <time>2026-05-05T04:34:10.706Z</time>
        <speed>2.9</speed>
      </trkpt>
      <trkpt lat="30.0780028" lon="101.7989536">
        <ele>4244.867940231919</ele>
        <time>2026-05-05T04:34:14.704Z</time>
        <speed>4.38</speed>
      </trkpt>
      <trkpt lat="30.0778991" lon="101.7990464">
        <ele>4244.653747158184</ele>
        <time>2026-05-05T04:34:18.706Z</time>
        <speed>2.11</speed>
      </trkpt>
      <trkpt lat="30.0778435" lon="101.7990917">
        <ele>4246.725043451568</ele>
        <time>2026-05-05T04:34:22.706Z</time>
        <speed>1.17</speed>
      </trkpt>
      <trkpt lat="30.0777713" lon="101.7991439">
        <ele>4246.275053186417</ele>
        <time>2026-05-05T04:34:26.707Z</time>
        <speed>2.69</speed>
      </trkpt>
      <trkpt lat="30.0776541" lon="101.7992161">
        <ele>4247.916640619205</ele>
        <time>2026-05-05T04:34:30.707Z</time>
        <speed>4.09</speed>
      </trkpt>
      <trkpt lat="30.077519" lon="101.7992796">
        <ele>4245.906420428225</ele>
        <time>2026-05-05T04:34:34.704Z</time>
        <speed>4.61</speed>
      </trkpt>
      <trkpt lat="30.0773553" lon="101.7993343">
        <ele>4246.241038845711</ele>
        <time>2026-05-05T04:34:38.706Z</time>
        <speed>4.36</speed>
      </trkpt>
      <trkpt lat="30.0771986" lon="101.7993698">
        <ele>4248.819245039816</ele>
        <time>2026-05-05T04:34:42.707Z</time>
        <speed>4.27</speed>
      </trkpt>
      <trkpt lat="30.0770334" lon="101.7994033">
        <ele>4249.664510240312</ele>
        <time>2026-05-05T04:34:46.706Z</time>
        <speed>5.0</speed>
      </trkpt>
      <trkpt lat="30.0768697" lon="101.7994368">
        <ele>4250.995138055265</ele>
        <time>2026-05-05T04:34:50.704Z</time>
        <speed>3.79</speed>
      </trkpt>
      <trkpt lat="30.0766826" lon="101.7994735">
        <ele>4250.718370139324</ele>
        <time>2026-05-05T04:34:54.707Z</time>
        <speed>6.58</speed>
      </trkpt>
      <trkpt lat="30.0764794" lon="101.7995073">
        <ele>4252.4631935676525</ele>
        <time>2026-05-05T04:34:58.706Z</time>
        <speed>4.5</speed>
      </trkpt>
      <trkpt lat="30.07637" lon="101.7995243">
        <ele>4253.327016391617</ele>
        <time>2026-05-05T04:35:02.704Z</time>
        <speed>1.63</speed>
      </trkpt>
      <trkpt lat="30.0763261" lon="101.7995304">
        <ele>4252.938438636378</ele>
        <time>2026-05-05T04:35:06.703Z</time>
        <speed>1.06</speed>
      </trkpt>
      <trkpt lat="30.076271" lon="101.7995384">
        <ele>4254.265387426327</ele>
        <time>2026-05-05T04:35:12.707Z</time>
        <speed>0.53</speed>
      </trkpt>
      <trkpt lat="30.0762396" lon="101.7995438">
        <ele>4254.837375385272</ele>
        <time>2026-05-05T04:35:20.703Z</time>
        <speed>1.6</speed>
      </trkpt>
      <trkpt lat="30.0761751" lon="101.7995508">
        <ele>4254.563245745004</ele>
        <time>2026-05-05T04:35:24.704Z</time>
        <speed>1.67</speed>
      </trkpt>
      <trkpt lat="30.076118" lon="101.799555">
        <ele>4254.303623906411</ele>
        <time>2026-05-05T04:35:28.704Z</time>
        <speed>1.36</speed>
      </trkpt>
      <trkpt lat="30.0760615" lon="101.7995543">
        <ele>4254.236111664797</ele>
        <time>2026-05-05T04:35:52.705Z</time>
        <speed>1.33</speed>
      </trkpt>
      <trkpt lat="30.0760138" lon="101.7995547">
        <ele>4255.272018682294</ele>
        <time>2026-05-05T04:35:56.707Z</time>
        <speed>1.12</speed>
      </trkpt>
      <trkpt lat="30.0759588" lon="101.7995523">
        <ele>4254.95962221972</ele>
        <time>2026-05-05T04:36:00.704Z</time>
        <speed>1.94</speed>
      </trkpt>
      <trkpt lat="30.0758859" lon="101.799545">
        <ele>4254.86765769299</ele>
        <time>2026-05-05T04:36:04.706Z</time>
        <speed>2.5</speed>
      </trkpt>
      <trkpt lat="30.0757986" lon="101.79953">
        <ele>4254.985202819852</ele>
        <time>2026-05-05T04:36:08.703Z</time>
        <speed>3.6</speed>
      </trkpt>
      <trkpt lat="30.0756752" lon="101.7995013">
        <ele>4256.677446290648</ele>
        <time>2026-05-05T04:36:12.705Z</time>
        <speed>2.54</speed>
      </trkpt>
      <trkpt lat="30.075637" lon="101.7994889">
        <ele>4256.707591922045</ele>
        <time>2026-05-05T04:36:14.702Z</time>
        <speed>1.82</speed>
      </trkpt>
      <trkpt lat="30.0756025" lon="101.7994762">
        <ele>4256.611170898786</ele>
        <time>2026-05-05T04:36:19.708Z</time>
        <speed>0.28</speed>
      </trkpt>
      <trkpt lat="30.0755625" lon="101.7994655">
        <ele>4256.323291789305</ele>
        <time>2026-05-05T04:36:31.703Z</time>
        <speed>0.84</speed>
      </trkpt>
      <trkpt lat="30.0755364" lon="101.7994563">
        <ele>4254.340016907747</ele>
        <time>2026-05-05T04:36:35.706Z</time>
        <speed>0.66</speed>
      </trkpt>
      <trkpt lat="30.0754954" lon="101.7994439">
        <ele>4257.988399792738</ele>
        <time>2026-05-05T04:36:43.706Z</time>
        <speed>0.15</speed>
      </trkpt>
      <trkpt lat="30.0754344" lon="101.7994311">
        <ele>4253.382367421772</ele>
        <time>2026-05-05T04:37:03.706Z</time>
        <speed>2.53</speed>
      </trkpt>
      <trkpt lat="30.0753626" lon="101.7994178">
        <ele>4257.546434984477</ele>
        <time>2026-05-05T04:37:07.705Z</time>
        <speed>2.05</speed>
      </trkpt>
      <trkpt lat="30.0752847" lon="101.7994048">
        <ele>4257.486525696769</ele>
        <time>2026-05-05T04:37:11.705Z</time>
        <speed>2.38</speed>
      </trkpt>
      <trkpt lat="30.075201" lon="101.7993905">
        <ele>4258.3859801243625</ele>
        <time>2026-05-05T04:37:15.705Z</time>
        <speed>2.38</speed>
      </trkpt>
      <trkpt lat="30.0751303" lon="101.7993776">
        <ele>4258.751886087425</ele>
        <time>2026-05-05T04:37:19.706Z</time>
        <speed>2.28</speed>
      </trkpt>
      <trkpt lat="30.0750833" lon="101.7993689">
        <ele>4258.892600792102</ele>
        <time>2026-05-05T04:37:21.703Z</time>
        <speed>2.73</speed>
      </trkpt>
      <trkpt lat="30.074976" lon="101.7993571">
        <ele>4257.382412393463</ele>
        <time>2026-05-05T04:37:25.704Z</time>
        <speed>2.16</speed>
      </trkpt>
      <trkpt lat="30.0749125" lon="101.7993592">
        <ele>4257.1510555058585</ele>
        <time>2026-05-05T04:37:29.708Z</time>
        <speed>1.64</speed>
      </trkpt>
      <trkpt lat="30.0748098" lon="101.7993852">
        <ele>4257.267229701282</ele>
        <time>2026-05-05T04:37:33.707Z</time>
        <speed>3.05</speed>
      </trkpt>
      <trkpt lat="30.0747343" lon="101.7994227">
        <ele>4258.994177975053</ele>
        <time>2026-05-05T04:37:37.707Z</time>
        <speed>3.34</speed>
      </trkpt>
      <trkpt lat="30.0746242" lon="101.7995158">
        <ele>4260.927121487175</ele>
        <time>2026-05-05T04:37:41.704Z</time>
        <speed>3.6</speed>
      </trkpt>
      <trkpt lat="30.0745295" lon="101.7996714">
        <ele>4259.889728898547</ele>
        <time>2026-05-05T04:37:45.707Z</time>
        <speed>5.17</speed>
      </trkpt>
      <trkpt lat="30.0744793" lon="101.7998244">
        <ele>4260.576309655594</ele>
        <time>2026-05-05T04:37:49.703Z</time>
        <speed>3.39</speed>
      </trkpt>
      <trkpt lat="30.0744518" lon="101.7999649">
        <ele>4261.309244218609</ele>
        <time>2026-05-05T04:37:53.705Z</time>
        <speed>3.4</speed>
      </trkpt>
      <trkpt lat="30.0744444" lon="101.8001149">
        <ele>4261.62305511699</ele>
        <time>2026-05-05T04:37:57.707Z</time>
        <speed>4.33</speed>
      </trkpt>
      <trkpt lat="30.0744484" lon="101.8002958">
        <ele>4260.923965476021</ele>
        <time>2026-05-05T04:38:01.707Z</time>
        <speed>4.23</speed>
      </trkpt>
      <trkpt lat="30.0744538" lon="101.8004426">
        <ele>4263.696019552245</ele>
        <time>2026-05-05T04:38:05.705Z</time>
        <speed>3.04</speed>
      </trkpt>
      <trkpt lat="30.07446" lon="101.800557">
        <ele>4263.9262404364</ele>
        <time>2026-05-05T04:38:09.704Z</time>
        <speed>2.58</speed>
      </trkpt>
      <trkpt lat="30.0744685" lon="101.8006808">
        <ele>4264.627697984753</ele>
        <time>2026-05-05T04:38:13.707Z</time>
        <speed>2.71</speed>
      </trkpt>
      <trkpt lat="30.0744771" lon="101.800807">
        <ele>4264.000723719202</ele>
        <time>2026-05-05T04:38:17.704Z</time>
        <speed>3.62</speed>
      </trkpt>
      <trkpt lat="30.0744884" lon="101.8009582">
        <ele>4264.198015709841</ele>
        <time>2026-05-05T04:38:21.705Z</time>
        <speed>5.12</speed>
      </trkpt>
      <trkpt lat="30.0744968" lon="101.8010986">
        <ele>4265.56381185345</ele>
        <time>2026-05-05T04:38:25.705Z</time>
        <speed>1.76</speed>
      </trkpt>
      <trkpt lat="30.0744997" lon="101.8011374">
        <ele>4265.28809769702</ele>
        <time>2026-05-05T04:38:27.703Z</time>
        <speed>2.41</speed>
      </trkpt>
      <trkpt lat="30.0745079" lon="101.8013051">
        <ele>4265.528830332888</ele>
        <time>2026-05-05T04:38:32.705Z</time>
        <speed>2.89</speed>
      </trkpt>
      <trkpt lat="30.074512" lon="101.8013975">
        <ele>4267.46592310961</ele>
        <time>2026-05-05T04:38:36.704Z</time>
        <speed>1.88</speed>
      </trkpt>
      <trkpt lat="30.0745182" lon="101.801481">
        <ele>4267.637224629549</ele>
        <time>2026-05-05T04:38:40.704Z</time>
        <speed>2.32</speed>
      </trkpt>
      <trkpt lat="30.0745236" lon="101.8015853">
        <ele>4267.68070315898</ele>
        <time>2026-05-05T04:38:44.704Z</time>
        <speed>3.29</speed>
      </trkpt>
      <trkpt lat="30.0745284" lon="101.8016629">
        <ele>4267.483092877716</ele>
        <time>2026-05-05T04:38:48.707Z</time>
        <speed>0.75</speed>
      </trkpt>
      <trkpt lat="30.0745334" lon="101.8017204">
        <ele>4268.512921882035</ele>
        <time>2026-05-05T04:38:52.706Z</time>
        <speed>2.6</speed>
      </trkpt>
      <trkpt lat="30.0745401" lon="101.8018289">
        <ele>4268.276528601266</ele>
        <time>2026-05-05T04:38:56.705Z</time>
        <speed>2.81</speed>
      </trkpt>
      <trkpt lat="30.0745492" lon="101.8019418">
        <ele>4268.771379268717</ele>
        <time>2026-05-05T04:39:00.706Z</time>
        <speed>2.19</speed>
      </trkpt>
      <trkpt lat="30.0745567" lon="101.802068">
        <ele>4270.110991183968</ele>
        <time>2026-05-05T04:39:04.708Z</time>
        <speed>4.06</speed>
      </trkpt>
      <trkpt lat="30.0745618" lon="101.8022465">
        <ele>4271.518490688175</ele>
        <time>2026-05-05T04:39:08.706Z</time>
        <speed>4.42</speed>
      </trkpt>
      <trkpt lat="30.0745595" lon="101.8024506">
        <ele>4271.872373263733</ele>
        <time>2026-05-05T04:39:12.706Z</time>
        <speed>4.89</speed>
      </trkpt>
      <trkpt lat="30.0745498" lon="101.8026348">
        <ele>4270.631613041419</ele>
        <time>2026-05-05T04:39:16.707Z</time>
        <speed>4.53</speed>
      </trkpt>
      <trkpt lat="30.0745235" lon="101.8028488">
        <ele>4272.806524280364</ele>
        <time>2026-05-05T04:39:20.705Z</time>
        <speed>5.83</speed>
      </trkpt>
      <trkpt lat="30.0744757" lon="101.8030909">
        <ele>4274.205382269977</ele>
        <time>2026-05-05T04:39:24.706Z</time>
        <speed>5.75</speed>
      </trkpt>
      <trkpt lat="30.0744158" lon="101.8033358">
        <ele>4273.721074048742</ele>
        <time>2026-05-05T04:39:28.703Z</time>
        <speed>6.22</speed>
      </trkpt>
      <trkpt lat="30.0743813" lon="101.8034862">
        <ele>4276.028746612558</ele>
        <time>2026-05-05T04:39:32.704Z</time>
        <speed>2.06</speed>
      </trkpt>
      <trkpt lat="30.0743663" lon="101.8035474">
        <ele>4276.057284079846</ele>
        <time>2026-05-05T04:39:34.704Z</time>
        <speed>4.05</speed>
      </trkpt>
      <trkpt lat="30.0743082" lon="101.8037665">
        <ele>4276.526804100681</ele>
        <time>2026-05-05T04:39:38.707Z</time>
        <speed>5.55</speed>
      </trkpt>
      <trkpt lat="30.0743006" lon="101.803996">
        <ele>4276.146847599063</ele>
        <time>2026-05-05T04:39:42.707Z</time>
        <speed>5.49</speed>
      </trkpt>
      <trkpt lat="30.074395" lon="101.8042157">
        <ele>4276.938843028078</ele>
        <time>2026-05-05T04:39:46.707Z</time>
        <speed>6.76</speed>
      </trkpt>
      <trkpt lat="30.0745576" lon="101.8043416">
        <ele>4277.921409252782</ele>
        <time>2026-05-05T04:39:50.706Z</time>
        <speed>4.27</speed>
      </trkpt>
      <trkpt lat="30.074664" lon="101.8043787">
        <ele>4277.215480757853</ele>
        <time>2026-05-05T04:39:54.709Z</time>
        <speed>2.08</speed>
      </trkpt>
      <trkpt lat="30.074748" lon="101.8043983">
        <ele>4276.788222861182</ele>
        <time>2026-05-05T04:39:58.707Z</time>
        <speed>3.91</speed>
      </trkpt>
      <trkpt lat="30.0749573" lon="101.8044422">
        <ele>4276.641218970187</ele>
        <time>2026-05-05T04:40:02.706Z</time>
        <speed>7.58</speed>
      </trkpt>
      <trkpt lat="30.0752658" lon="101.8045019">
        <ele>4276.44886542218</ele>
        <time>2026-05-05T04:40:06.705Z</time>
        <speed>9.23</speed>
      </trkpt>
      <trkpt lat="30.0755954" lon="101.8045631">
        <ele>4275.714863997815</ele>
        <time>2026-05-05T04:40:10.705Z</time>
        <speed>9.16</speed>
      </trkpt>
      <trkpt lat="30.075863" lon="101.8046128">
        <ele>4274.1504410300495</ele>
        <time>2026-05-05T04:40:14.708Z</time>
        <speed>5.5</speed>
      </trkpt>
      <trkpt lat="30.0759906" lon="101.8046347">
        <ele>4272.398390719571</ele>
        <time>2026-05-05T04:40:18.707Z</time>
        <speed>2.72</speed>
      </trkpt>
      <trkpt lat="30.0760984" lon="101.804657">
        <ele>4272.433429346367</ele>
        <time>2026-05-05T04:40:22.706Z</time>
        <speed>3.09</speed>
      </trkpt>
      <trkpt lat="30.0761696" lon="101.8046701">
        <ele>4270.322944211778</ele>
        <time>2026-05-05T04:40:26.707Z</time>
        <speed>1.69</speed>
      </trkpt>
      <trkpt lat="30.0745686" lon="101.8050707">
        <ele>4264.532525634791</ele>
        <time>2026-05-05T04:40:57.708Z</time>
        <speed>15.47</speed>
      </trkpt>
      <trkpt lat="30.0741698" lon="101.8051077">
        <ele>4258.849677424767</ele>
        <time>2026-05-05T04:41:01.707Z</time>
        <speed>8.54</speed>
      </trkpt>
      <trkpt lat="30.0741134" lon="101.8054112">
        <ele>4253.052591211022</ele>
        <time>2026-05-05T04:41:05.706Z</time>
        <speed>8.53</speed>
      </trkpt>
      <trkpt lat="30.0743732" lon="101.8057685">
        <ele>4253.097471068252</ele>
        <time>2026-05-05T04:41:09.705Z</time>
        <speed>13.92</speed>
      </trkpt>
      <trkpt lat="30.074808" lon="101.8062427">
        <ele>4250.802415366304</ele>
        <time>2026-05-05T04:41:13.706Z</time>
        <speed>18.11</speed>
      </trkpt>
      <trkpt lat="30.0753239" lon="101.8067743">
        <ele>4251.279579268212</ele>
        <time>2026-05-05T04:41:17.708Z</time>
        <speed>19.9</speed>
      </trkpt>
      <trkpt lat="30.0758267" lon="101.8073451">
        <ele>4245.474842525392</ele>
        <time>2026-05-05T04:41:21.704Z</time>
        <speed>19.38</speed>
      </trkpt>
      <trkpt lat="30.0762613" lon="101.8078491">
        <ele>4239.720659987414</ele>
        <time>2026-05-05T04:41:25.706Z</time>
        <speed>15.14</speed>
      </trkpt>
      <trkpt lat="30.0764955" lon="101.8082064">
        <ele>4236.564900094231</ele>
        <time>2026-05-05T04:41:29.704Z</time>
        <speed>7.05</speed>
      </trkpt>
      <trkpt lat="30.0763987" lon="101.808403">
        <ele>4227.678806819637</ele>
        <time>2026-05-05T04:41:33.706Z</time>
        <speed>6.42</speed>
      </trkpt>
      <trkpt lat="30.0761148" lon="101.8082807">
        <ele>4225.7651395506155</ele>
        <time>2026-05-05T04:41:37.707Z</time>
        <speed>11.32</speed>
      </trkpt>
      <trkpt lat="30.0757261" lon="101.8079555">
        <ele>4225.140910221613</ele>
        <time>2026-05-05T04:41:41.702Z</time>
        <speed>14.73</speed>
      </trkpt>
      <trkpt lat="30.075232" lon="101.8075419">
        <ele>4226.897569708571</ele>
        <time>2026-05-05T04:41:45.704Z</time>
        <speed>18.23</speed>
      </trkpt>
      <trkpt lat="30.0749497" lon="101.8073325">
        <ele>4226.032054166091</ele>
        <time>2026-05-05T04:41:47.702Z</time>
        <speed>18.77</speed>
      </trkpt>
      <trkpt lat="30.0743042" lon="101.8070562">
        <ele>4219.700565440716</ele>
        <time>2026-05-05T04:41:51.704Z</time>
        <speed>19.3</speed>
      </trkpt>
      <trkpt lat="30.07357" lon="101.8070561">
        <ele>4215.367013734162</ele>
        <time>2026-05-05T04:41:55.705Z</time>
        <speed>21.46</speed>
      </trkpt>
      <trkpt lat="30.0728065" lon="101.8071576">
        <ele>4210.0791715692385</ele>
        <time>2026-05-05T04:41:59.705Z</time>
        <speed>20.84</speed>
      </trkpt>
      <trkpt lat="30.0721149" lon="101.8071685">
        <ele>4203.424533943584</ele>
        <time>2026-05-05T04:42:03.706Z</time>
        <speed>18.02</speed>
      </trkpt>
      <trkpt lat="30.0715154" lon="101.8070778">
        <ele>4199.456776153362</ele>
        <time>2026-05-05T04:42:07.707Z</time>
        <speed>16.32</speed>
      </trkpt>
      <trkpt lat="30.070906" lon="101.8071311">
        <ele>4193.774907234478</ele>
        <time>2026-05-05T04:42:11.707Z</time>
        <speed>17.78</speed>
      </trkpt>
      <trkpt lat="30.0702533" lon="101.8072453">
        <ele>4192.1198450155225</ele>
        <time>2026-05-05T04:42:15.706Z</time>
        <speed>18.1</speed>
      </trkpt>
      <trkpt lat="30.0696132" lon="101.8072954">
        <ele>4185.093748961511</ele>
        <time>2026-05-05T04:42:19.706Z</time>
        <speed>17.59</speed>
      </trkpt>
      <trkpt lat="30.0690065" lon="101.8074188">
        <ele>4178.399001130153</ele>
        <time>2026-05-05T04:42:23.706Z</time>
        <speed>17.09</speed>
      </trkpt>
      <trkpt lat="30.0683662" lon="101.8076403">
        <ele>4173.233661075259</ele>
        <time>2026-05-05T04:42:27.707Z</time>
        <speed>19.96</speed>
      </trkpt>
      <trkpt lat="30.0676583" lon="101.8078923">
        <ele>4167.057687973606</ele>
        <time>2026-05-05T04:42:31.707Z</time>
        <speed>20.5</speed>
      </trkpt>
      <trkpt lat="30.0669898" lon="101.8081616">
        <ele>4162.848763882226</ele>
        <time>2026-05-05T04:42:35.706Z</time>
        <speed>18.94</speed>
      </trkpt>
      <trkpt lat="30.0664334" lon="101.8085819">
        <ele>4157.3633621834215</ele>
        <time>2026-05-05T04:42:39.706Z</time>
        <speed>18.52</speed>
      </trkpt>
      <trkpt lat="30.0658471" lon="101.8090586">
        <ele>4152.798216107285</ele>
        <time>2026-05-05T04:42:43.706Z</time>
        <speed>20.66</speed>
      </trkpt>
      <trkpt lat="30.0652105" lon="101.8094587">
        <ele>4147.125218816031</ele>
        <time>2026-05-05T04:42:47.706Z</time>
        <speed>19.9</speed>
      </trkpt>
      <trkpt lat="30.0645812" lon="101.8098082">
        <ele>4141.142330998061</ele>
        <time>2026-05-05T04:42:51.707Z</time>
        <speed>18.91</speed>
      </trkpt>
      <trkpt lat="30.0642786" lon="101.8099738">
        <ele>4138.183986022087</ele>
        <time>2026-05-05T04:42:53.701Z</time>
        <speed>18.34</speed>
      </trkpt>
      <trkpt lat="30.0635757" lon="101.8104045">
        <ele>4132.4192431789215</ele>
        <time>2026-05-05T04:42:58.705Z</time>
        <speed>17.11</speed>
      </trkpt>
      <trkpt lat="30.0631412" lon="101.8108787">
        <ele>4128.143538350716</ele>
        <time>2026-05-05T04:43:02.705Z</time>
        <speed>16.45</speed>
      </trkpt>
      <trkpt lat="30.0626827" lon="101.8112702">
        <ele>4124.075346620662</ele>
        <time>2026-05-05T04:43:06.704Z</time>
        <speed>15.89</speed>
      </trkpt>
      <trkpt lat="30.0621965" lon="101.8113506">
        <ele>4119.794801659644</ele>
        <time>2026-05-05T04:43:10.705Z</time>
        <speed>11.43</speed>
      </trkpt>
      <trkpt lat="30.0618794" lon="101.8113835">
        <ele>4115.762966895233</ele>
        <time>2026-05-05T04:43:14.704Z</time>
        <speed>6.5</speed>
      </trkpt>
      <trkpt lat="30.06172" lon="101.8115275">
        <ele>4112.526679170976</ele>
        <time>2026-05-05T04:43:18.707Z</time>
        <speed>5.91</speed>
      </trkpt>
      <trkpt lat="30.061835" lon="101.8117475">
        <ele>4111.5939787683665</ele>
        <time>2026-05-05T04:43:22.706Z</time>
        <speed>7.99</speed>
      </trkpt>
      <trkpt lat="30.0622006" lon="101.8117736">
        <ele>4111.459040405667</ele>
        <time>2026-05-05T04:43:26.709Z</time>
        <speed>11.7</speed>
      </trkpt>
      <trkpt lat="30.062664" lon="101.811712">
        <ele>4110.754045420169</ele>
        <time>2026-05-05T04:43:30.703Z</time>
        <speed>13.88</speed>
      </trkpt>
      <trkpt lat="30.0631871" lon="101.8116003">
        <ele>4108.899375738925</ele>
        <time>2026-05-05T04:43:34.706Z</time>
        <speed>15.74</speed>
      </trkpt>
      <trkpt lat="30.0637474" lon="101.8113761">
        <ele>4105.883504695665</ele>
        <time>2026-05-05T04:43:38.706Z</time>
        <speed>16.6</speed>
      </trkpt>
      <trkpt lat="30.064289" lon="101.8111079">
        <ele>4102.643423905975</ele>
        <time>2026-05-05T04:43:42.707Z</time>
        <speed>16.24</speed>
      </trkpt>
      <trkpt lat="30.0648101" lon="101.810845">
        <ele>4098.6488957762185</ele>
        <time>2026-05-05T04:43:46.707Z</time>
        <speed>15.3</speed>
      </trkpt>
      <trkpt lat="30.0652677" lon="101.8106146">
        <ele>4093.5680516719913</ele>
        <time>2026-05-05T04:43:50.707Z</time>
        <speed>12.94</speed>
      </trkpt>
      <trkpt lat="30.0656342" lon="101.8105">
        <ele>4089.0976824319114</ele>
        <time>2026-05-05T04:43:54.703Z</time>
        <speed>8.65</speed>
      </trkpt>
      <trkpt lat="30.0658355" lon="101.8106834">
        <ele>4085.802067784145</ele>
        <time>2026-05-05T04:43:58.702Z</time>
        <speed>7.62</speed>
      </trkpt>
      <trkpt lat="30.0657963" lon="101.810831">
        <ele>4084.9613965137078</ele>
        <time>2026-05-05T04:44:00.701Z</time>
        <speed>7.86</speed>
      </trkpt>
      <trkpt lat="30.0654828" lon="101.8110332">
        <ele>4083.8859181006183</ele>
        <time>2026-05-05T04:44:04.702Z</time>
        <speed>11.56</speed>
      </trkpt>
      <trkpt lat="30.0650275" lon="101.8112118">
        <ele>4083.648285658128</ele>
        <time>2026-05-05T04:44:08.701Z</time>
        <speed>14.35</speed>
      </trkpt>
      <trkpt lat="30.0645062" lon="101.8114845">
        <ele>4082.5159669685563</ele>
        <time>2026-05-05T04:44:12.704Z</time>
        <speed>17.36</speed>
      </trkpt>
      <trkpt lat="30.0639514" lon="101.8118631">
        <ele>4080.557233344177</ele>
        <time>2026-05-05T04:44:16.705Z</time>
        <speed>17.26</speed>
      </trkpt>
      <trkpt lat="30.0620946" lon="101.8129824">
        <ele>4064.592155950356</ele>
        <time>2026-05-05T04:44:32.703Z</time>
        <speed>12.44</speed>
      </trkpt>
      <trkpt lat="30.0616188" lon="101.8129746">
        <ele>4062.064082680531</ele>
        <time>2026-05-05T04:44:36.707Z</time>
        <speed>12.57</speed>
      </trkpt>
      <trkpt lat="30.0613189" lon="101.8129018">
        <ele>4059.900949699926</ele>
        <time>2026-05-05T04:44:40.703Z</time>
        <speed>6.0</speed>
      </trkpt>
      <trkpt lat="30.0611708" lon="101.8128718">
        <ele>4055.6270249236477</ele>
        <time>2026-05-05T04:44:44.705Z</time>
        <speed>4.15</speed>
      </trkpt>
      <trkpt lat="30.0610145" lon="101.8128982">
        <ele>4054.0919259673637</ele>
        <time>2026-05-05T04:44:48.705Z</time>
        <speed>4.99</speed>
      </trkpt>
      <trkpt lat="30.0609088" lon="101.8130681">
        <ele>4053.5153405313713</ele>
        <time>2026-05-05T04:44:52.703Z</time>
        <speed>5.63</speed>
      </trkpt>
      <trkpt lat="30.0610316" lon="101.8132631">
        <ele>4052.7022493931554</ele>
        <time>2026-05-05T04:44:56.705Z</time>
        <speed>7.15</speed>
      </trkpt>
      <trkpt lat="30.0613803" lon="101.8133279">
        <ele>4052.159748456357</ele>
        <time>2026-05-05T04:45:00.705Z</time>
        <speed>11.45</speed>
      </trkpt>
      <trkpt lat="30.0617761" lon="101.8133616">
        <ele>4051.5744064493756</ele>
        <time>2026-05-05T04:45:04.702Z</time>
        <speed>10.97</speed>
      </trkpt>
      <trkpt lat="30.0619689" lon="101.813364">
        <ele>4050.3420140423796</ele>
        <time>2026-05-05T04:45:06.702Z</time>
        <speed>10.55</speed>
      </trkpt>
      <trkpt lat="30.0624158" lon="101.8132951">
        <ele>4049.011270734436</ele>
        <time>2026-05-05T04:45:11.707Z</time>
        <speed>9.02</speed>
      </trkpt>
      <trkpt lat="30.0627052" lon="101.8132703">
        <ele>4047.763478209945</ele>
        <time>2026-05-05T04:45:15.708Z</time>
        <speed>6.78</speed>
      </trkpt>
      <trkpt lat="30.0628378" lon="101.8134554">
        <ele>4046.003063709675</ele>
        <time>2026-05-05T04:45:19.706Z</time>
        <speed>6.21</speed>
      </trkpt>
      <trkpt lat="30.0626744" lon="101.8136339">
        <ele>4045.355922594138</ele>
        <time>2026-05-05T04:45:23.707Z</time>
        <speed>8.25</speed>
      </trkpt>
      <trkpt lat="30.0623125" lon="101.8136985">
        <ele>4045.1815016339697</ele>
        <time>2026-05-05T04:45:27.706Z</time>
        <speed>11.05</speed>
      </trkpt>
      <trkpt lat="30.0618843" lon="101.8137781">
        <ele>4044.6344322746063</ele>
        <time>2026-05-05T04:45:31.706Z</time>
        <speed>12.51</speed>
      </trkpt>
      <trkpt lat="30.0614296" lon="101.8139574">
        <ele>4043.502146599233</ele>
        <time>2026-05-05T04:45:35.705Z</time>
        <speed>14.24</speed>
      </trkpt>
      <trkpt lat="30.060954" lon="101.8142207">
        <ele>4042.294566663906</ele>
        <time>2026-05-05T04:45:39.706Z</time>
        <speed>14.92</speed>
      </trkpt>
      <trkpt lat="30.0604428" lon="101.8144872">
        <ele>4039.141564127417</ele>
        <time>2026-05-05T04:45:43.705Z</time>
        <speed>16.21</speed>
      </trkpt>
      <trkpt lat="30.0598678" lon="101.8146677">
        <ele>4035.6009167898874</ele>
        <time>2026-05-05T04:45:47.706Z</time>
        <speed>16.93</speed>
      </trkpt>
      <trkpt lat="30.0592628" lon="101.8147192">
        <ele>4031.4266483874662</ele>
        <time>2026-05-05T04:45:51.706Z</time>
        <speed>16.31</speed>
      </trkpt>
      <trkpt lat="30.0586791" lon="101.8147835">
        <ele>4026.3190076118763</ele>
        <time>2026-05-05T04:45:55.706Z</time>
        <speed>16.34</speed>
      </trkpt>
      <trkpt lat="30.0581153" lon="101.8150664">
        <ele>4021.26568833693</ele>
        <time>2026-05-05T04:45:59.706Z</time>
        <speed>17.51</speed>
      </trkpt>
      <trkpt lat="30.0576378" lon="101.8154524">
        <ele>4016.375218584225</ele>
        <time>2026-05-05T04:46:03.706Z</time>
        <speed>15.21</speed>
      </trkpt>
      <trkpt lat="30.0571999" lon="101.8158039">
        <ele>4010.5179510950547</ele>
        <time>2026-05-05T04:46:07.706Z</time>
        <speed>14.65</speed>
      </trkpt>
      <trkpt lat="30.0567347" lon="101.8161171">
        <ele>4006.5491364008512</ele>
        <time>2026-05-05T04:46:11.706Z</time>
        <speed>14.98</speed>
      </trkpt>
      <trkpt lat="30.0564987" lon="101.8162671">
        <ele>4004.3963771474437</ele>
        <time>2026-05-05T04:46:13.703Z</time>
        <speed>14.9</speed>
      </trkpt>
      <trkpt lat="30.056087" lon="101.8165302">
        <ele>4000.8155047495275</ele>
        <time>2026-05-05T04:46:17.706Z</time>
        <speed>13.04</speed>
      </trkpt>
      <trkpt lat="30.0556801" lon="101.8168061">
        <ele>3996.5715211850666</ele>
        <time>2026-05-05T04:46:21.704Z</time>
        <speed>13.09</speed>
      </trkpt>
      <trkpt lat="30.0553012" lon="101.8170856">
        <ele>3993.5334448544836</ele>
        <time>2026-05-05T04:46:25.705Z</time>
        <speed>12.15</speed>
      </trkpt>
      <trkpt lat="30.0549249" lon="101.817363">
        <ele>3990.5298639597813</ele>
        <time>2026-05-05T04:46:29.706Z</time>
        <speed>11.87</speed>
      </trkpt>
      <trkpt lat="30.0546348" lon="101.8175816">
        <ele>3987.5526157570102</ele>
        <time>2026-05-05T04:46:33.705Z</time>
        <speed>7.4</speed>
      </trkpt>
      <trkpt lat="30.0544907" lon="101.8177938">
        <ele>3984.7718883338302</ele>
        <time>2026-05-05T04:46:37.704Z</time>
        <speed>6.74</speed>
      </trkpt>
      <trkpt lat="30.0546129" lon="101.8180213">
        <ele>3983.566092924154</ele>
        <time>2026-05-05T04:46:41.702Z</time>
        <speed>8.03</speed>
      </trkpt>
      <trkpt lat="30.0549452" lon="101.817952">
        <ele>3983.015701805074</ele>
        <time>2026-05-05T04:46:45.706Z</time>
        <speed>11.01</speed>
      </trkpt>
      <trkpt lat="30.0553392" lon="101.8177592">
        <ele>3982.3941776964093</ele>
        <time>2026-05-05T04:46:49.703Z</time>
        <speed>12.35</speed>
      </trkpt>
      <trkpt lat="30.0557405" lon="101.8175364">
        <ele>3980.726083722203</ele>
        <time>2026-05-05T04:46:53.704Z</time>
        <speed>12.6</speed>
      </trkpt>
      <trkpt lat="30.0561398" lon="101.8173004">
        <ele>3978.3782011240355</ele>
        <time>2026-05-05T04:46:57.706Z</time>
        <speed>12.26</speed>
      </trkpt>
      <trkpt lat="30.0565156" lon="101.8170522">
        <ele>3976.1567129850127</ele>
        <time>2026-05-05T04:47:01.705Z</time>
        <speed>11.55</speed>
      </trkpt>
      <trkpt lat="30.0568683" lon="101.8168049">
        <ele>3973.962616031494</ele>
        <time>2026-05-05T04:47:05.707Z</time>
        <speed>11.28</speed>
      </trkpt>
      <trkpt lat="30.0572237" lon="101.8166513">
        <ele>3972.0909223553945</ele>
        <time>2026-05-05T04:47:09.703Z</time>
        <speed>9.94</speed>
      </trkpt>
      <trkpt lat="30.0575656" lon="101.8166889">
        <ele>3968.9808052490353</ele>
        <time>2026-05-05T04:47:13.707Z</time>
        <speed>9.43</speed>
      </trkpt>
      <trkpt lat="30.0577997" lon="101.8168482">
        <ele>3966.4618037642076</ele>
        <time>2026-05-05T04:47:17.701Z</time>
        <speed>6.35</speed>
      </trkpt>
      <trkpt lat="30.0578781" lon="101.8169415">
        <ele>3965.374175145289</ele>
        <time>2026-05-05T04:47:19.703Z</time>
        <speed>6.42</speed>
      </trkpt>
      <trkpt lat="30.0580403" lon="101.8173497">
        <ele>3963.324460285635</ele>
        <time>2026-05-05T04:47:24.707Z</time>
        <speed>10.57</speed>
      </trkpt>
      <trkpt lat="30.0580835" lon="101.8178111">
        <ele>3963.144982971183</ele>
        <time>2026-05-05T04:47:28.706Z</time>
        <speed>11.57</speed>
      </trkpt>
      <trkpt lat="30.0578657" lon="101.8188108">
        <ele>3960.0979503575036</ele>
        <time>2026-05-05T04:47:36.707Z</time>
        <speed>13.57</speed>
      </trkpt>
      <trkpt lat="30.057131" lon="101.8196957">
        <ele>3953.6183326525934</ele>
        <time>2026-05-05T04:47:44.706Z</time>
        <speed>15.27</speed>
      </trkpt>
      <trkpt lat="30.0566695" lon="101.8200761">
        <ele>3950.1851878987736</ele>
        <time>2026-05-05T04:47:48.705Z</time>
        <speed>16.01</speed>
      </trkpt>
      <trkpt lat="30.0562107" lon="101.8204582">
        <ele>3946.19634975417</ele>
        <time>2026-05-05T04:47:52.702Z</time>
        <speed>15.42</speed>
      </trkpt>
      <trkpt lat="30.0557675" lon="101.8208209">
        <ele>3941.8288064937124</ele>
        <time>2026-05-05T04:47:56.706Z</time>
        <speed>14.52</speed>
      </trkpt>
      <trkpt lat="30.055333" lon="101.8211806">
        <ele>3937.244914060245</ele>
        <time>2026-05-05T04:48:00.704Z</time>
        <speed>15.33</speed>
      </trkpt>
      <trkpt lat="30.0548775" lon="101.8215566">
        <ele>3933.0146240694876</ele>
        <time>2026-05-05T04:48:04.703Z</time>
        <speed>15.7</speed>
      </trkpt>
      <trkpt lat="30.0544524" lon="101.8219729">
        <ele>3928.961411530854</ele>
        <time>2026-05-05T04:48:08.704Z</time>
        <speed>15.32</speed>
      </trkpt>
      <trkpt lat="30.054101" lon="101.8224667">
        <ele>3924.570460546034</ele>
        <time>2026-05-05T04:48:12.702Z</time>
        <speed>15.32</speed>
      </trkpt>
      <trkpt lat="30.0537988" lon="101.8229355">
        <ele>3922.491067986082</ele>
        <time>2026-05-05T04:48:16.704Z</time>
        <speed>13.49</speed>
      </trkpt>
      <trkpt lat="30.0535081" lon="101.8233866">
        <ele>3919.207214978265</ele>
        <time>2026-05-05T04:48:20.706Z</time>
        <speed>13.35</speed>
      </trkpt>
      <trkpt lat="30.0532362" lon="101.8238665">
        <ele>3915.843206210518</ele>
        <time>2026-05-05T04:48:24.705Z</time>
        <speed>14.2</speed>
      </trkpt>
      <trkpt lat="30.0531144" lon="101.824119">
        <ele>3913.406036114235</ele>
        <time>2026-05-05T04:48:26.703Z</time>
        <speed>13.66</speed>
      </trkpt>
      <trkpt lat="30.0529232" lon="101.8244862">
        <ele>3909.096465670836</ele>
        <time>2026-05-05T04:48:30.705Z</time>
        <speed>8.38</speed>
      </trkpt>
      <trkpt lat="30.0527974" lon="101.824631">
        <ele>3904.552287945277</ele>
        <time>2026-05-05T04:48:34.704Z</time>
        <speed>3.83</speed>
      </trkpt>
      <trkpt lat="30.0526709" lon="101.8246148">
        <ele>3902.123081203302</ele>
        <time>2026-05-05T04:48:38.704Z</time>
        <speed>4.16</speed>
      </trkpt>
      <trkpt lat="30.0526818" lon="101.8243638">
        <ele>3901.0408130810215</ele>
        <time>2026-05-05T04:48:42.705Z</time>
        <speed>9.04</speed>
      </trkpt>
      <trkpt lat="30.0529096" lon="101.8239873">
        <ele>3901.0522935382046</ele>
        <time>2026-05-05T04:48:46.706Z</time>
        <speed>11.82</speed>
      </trkpt>
      <trkpt lat="30.0531602" lon="101.8235486">
        <ele>3900.216758782878</ele>
        <time>2026-05-05T04:48:50.705Z</time>
        <speed>12.68</speed>
      </trkpt>
      <trkpt lat="30.053365" lon="101.8230585">
        <ele>3898.988338932013</ele>
        <time>2026-05-05T04:48:54.705Z</time>
        <speed>13.6</speed>
      </trkpt>
      <trkpt lat="30.0535574" lon="101.8225535">
        <ele>3897.764392775897</ele>
        <time>2026-05-05T04:48:58.705Z</time>
        <speed>12.38</speed>
      </trkpt>
      <trkpt lat="30.0535772" lon="101.8220719">
        <ele>3897.3998531122797</ele>
        <time>2026-05-05T04:49:02.705Z</time>
        <speed>10.4</speed>
      </trkpt>
      <trkpt lat="30.0533937" lon="101.8217483">
        <ele>3895.4192488421904</ele>
        <time>2026-05-05T04:49:06.701Z</time>
        <speed>9.77</speed>
      </trkpt>
      <trkpt lat="30.0531242" lon="101.8215596">
        <ele>3893.9590981846973</ele>
        <time>2026-05-05T04:49:10.706Z</time>
        <speed>9.03</speed>
      </trkpt>
      <trkpt lat="30.0527492" lon="101.8215802">
        <ele>3892.6757904850942</ele>
        <time>2026-05-05T04:49:14.704Z</time>
        <speed>12.21</speed>
      </trkpt>
      <trkpt lat="30.0523312" lon="101.8219067">
        <ele>3891.060731669412</ele>
        <time>2026-05-05T04:49:18.706Z</time>
        <speed>15.83</speed>
      </trkpt>
      <trkpt lat="30.0519027" lon="101.8223791">
        <ele>3887.99701858291</ele>
        <time>2026-05-05T04:49:22.700Z</time>
        <speed>16.08</speed>
      </trkpt>
      <trkpt lat="30.0514665" lon="101.8228259">
        <ele>3883.3924589586386</ele>
        <time>2026-05-05T04:49:26.705Z</time>
        <speed>16.44</speed>
      </trkpt>
      <trkpt lat="30.0510394" lon="101.8232694">
        <ele>3877.783406095494</ele>
        <time>2026-05-05T04:49:30.705Z</time>
        <speed>15.04</speed>
      </trkpt>
      <trkpt lat="30.0508375" lon="101.8234795">
        <ele>3876.0983869258516</ele>
        <time>2026-05-05T04:49:32.703Z</time>
        <speed>15.21</speed>
      </trkpt>
      <trkpt lat="30.0502973" lon="101.8239799">
        <ele>3870.9649765499075</ele>
        <time>2026-05-05T04:49:37.705Z</time>
        <speed>15.84</speed>
      </trkpt>
      <trkpt lat="30.0498089" lon="101.8243167">
        <ele>3867.353432489053</ele>
        <time>2026-05-05T04:49:41.707Z</time>
        <speed>15.76</speed>
      </trkpt>
      <trkpt lat="30.0492457" lon="101.8245599">
        <ele>3863.3454960368394</ele>
        <time>2026-05-05T04:49:45.705Z</time>
        <speed>17.16</speed>
      </trkpt>
      <trkpt lat="30.0486652" lon="101.8248141">
        <ele>3859.5144451268243</ele>
        <time>2026-05-05T04:49:49.706Z</time>
        <speed>16.6</speed>
      </trkpt>
      <trkpt lat="30.048138" lon="101.8250826">
        <ele>3854.7775396431803</ele>
        <time>2026-05-05T04:49:53.706Z</time>
        <speed>16.0</speed>
      </trkpt>
      <trkpt lat="30.0476468" lon="101.8253221">
        <ele>3851.7551470854232</ele>
        <time>2026-05-05T04:49:57.706Z</time>
        <speed>14.5</speed>
      </trkpt>
      <trkpt lat="30.0471403" lon="101.8255408">
        <ele>3848.3812452536436</ele>
        <time>2026-05-05T04:50:01.704Z</time>
        <speed>15.14</speed>
      </trkpt>
      <trkpt lat="30.0466297" lon="101.8257502">
        <ele>3844.8911629787276</ele>
        <time>2026-05-05T04:50:05.704Z</time>
        <speed>14.25</speed>
      </trkpt>
      <trkpt lat="30.0461572" lon="101.8258939">
        <ele>3840.929336640816</ele>
        <time>2026-05-05T04:50:09.704Z</time>
        <speed>13.34</speed>
      </trkpt>
      <trkpt lat="30.0457624" lon="101.8257499">
        <ele>3836.383600705892</ele>
        <time>2026-05-05T04:50:13.703Z</time>
        <speed>11.13</speed>
      </trkpt>
      <trkpt lat="30.0454719" lon="101.8254726">
        <ele>3833.3707762894223</ele>
        <time>2026-05-05T04:50:17.703Z</time>
        <speed>9.75</speed>
      </trkpt>
      <trkpt lat="30.0451352" lon="101.8253948">
        <ele>3831.417553822562</ele>
        <time>2026-05-05T04:50:21.702Z</time>
        <speed>9.73</speed>
      </trkpt>
      <trkpt lat="30.0448138" lon="101.8256691">
        <ele>3830.328911572561</ele>
        <time>2026-05-05T04:50:25.702Z</time>
        <speed>13.44</speed>
      </trkpt>
      <trkpt lat="30.0444514" lon="101.8260784">
        <ele>3829.5134041631563</ele>
        <time>2026-05-05T04:50:29.704Z</time>
        <speed>13.62</speed>
      </trkpt>
      <trkpt lat="30.0440399" lon="101.8262709">
        <ele>3827.1701414260465</ele>
        <time>2026-05-05T04:50:33.705Z</time>
        <speed>11.76</speed>
      </trkpt>
      <trkpt lat="30.0436931" lon="101.8265653">
        <ele>3822.1610648607116</ele>
        <time>2026-05-05T04:50:37.701Z</time>
        <speed>12.92</speed>
      </trkpt>
      <trkpt lat="30.0432276" lon="101.8272211">
        <ele>3818.3622896270454</ele>
        <time>2026-05-05T04:50:43.705Z</time>
        <speed>13.46</speed>
      </trkpt>
      <trkpt lat="30.0428028" lon="101.827625">
        <ele>3816.34717084372</ele>
        <time>2026-05-05T04:50:47.702Z</time>
        <speed>17.06</speed>
      </trkpt>
      <trkpt lat="30.0423625" lon="101.8282128">
        <ele>3815.027537236086</ele>
        <time>2026-05-05T04:50:51.702Z</time>
        <speed>19.39</speed>
      </trkpt>
      <trkpt lat="30.0418958" lon="101.8287115">
        <ele>3811.8648070866766</ele>
        <time>2026-05-05T04:50:55.704Z</time>
        <speed>16.46</speed>
      </trkpt>
      <trkpt lat="30.0415252" lon="101.8292011">
        <ele>3806.4565734688877</ele>
        <time>2026-05-05T04:50:59.705Z</time>
        <speed>15.58</speed>
      </trkpt>
      <trkpt lat="30.0412751" lon="101.8297224">
        <ele>3802.024680199301</ele>
        <time>2026-05-05T04:51:03.706Z</time>
        <speed>13.65</speed>
      </trkpt>
      <trkpt lat="30.0410224" lon="101.8301416">
        <ele>3797.324849339891</ele>
        <time>2026-05-05T04:51:07.706Z</time>
        <speed>11.22</speed>
      </trkpt>
      <trkpt lat="30.0407976" lon="101.8304843">
        <ele>3794.1778673306485</ele>
        <time>2026-05-05T04:51:11.705Z</time>
        <speed>9.48</speed>
      </trkpt>
      <trkpt lat="30.0407032" lon="101.8307855">
        <ele>3792.123801383643</ele>
        <time>2026-05-05T04:51:15.706Z</time>
        <speed>6.68</speed>
      </trkpt>
      <trkpt lat="30.0408571" lon="101.8309525">
        <ele>3790.686141743623</ele>
        <time>2026-05-05T04:51:19.706Z</time>
        <speed>7.02</speed>
      </trkpt>
      <trkpt lat="30.0411166" lon="101.8307519">
        <ele>3790.1540538319937</ele>
        <time>2026-05-05T04:51:23.706Z</time>
        <speed>11.79</speed>
      </trkpt>
      <trkpt lat="30.0413783" lon="101.8303137">
        <ele>3789.9682026774826</ele>
        <time>2026-05-05T04:51:27.705Z</time>
        <speed>12.47</speed>
      </trkpt>
      <trkpt lat="30.0416079" lon="101.8299097">
        <ele>3787.693479786121</ele>
        <time>2026-05-05T04:51:31.705Z</time>
        <speed>11.44</speed>
      </trkpt>
      <trkpt lat="30.0418541" lon="101.8294994">
        <ele>3785.252308750116</ele>
        <time>2026-05-05T04:51:35.706Z</time>
        <speed>12.4</speed>
      </trkpt>
      <trkpt lat="30.0421922" lon="101.8291374">
        <ele>3783.4576382102523</ele>
        <time>2026-05-05T04:51:39.706Z</time>
        <speed>12.95</speed>
      </trkpt>
      <trkpt lat="30.0426026" lon="101.8288602">
        <ele>3780.8481384149777</ele>
        <time>2026-05-05T04:51:43.706Z</time>
        <speed>13.35</speed>
      </trkpt>
      <trkpt lat="30.0428136" lon="101.8287298">
        <ele>3779.1098314412034</ele>
        <time>2026-05-05T04:51:45.700Z</time>
        <speed>13.27</speed>
      </trkpt>
      <trkpt lat="30.0433014" lon="101.8284481">
        <ele>3775.6950867362675</ele>
        <time>2026-05-05T04:51:50.707Z</time>
        <speed>10.8</speed>
      </trkpt>
      <trkpt lat="30.0437336" lon="101.8284373">
        <ele>3769.867599339822</ele>
        <time>2026-05-05T04:51:58.703Z</time>
        <speed>6.0</speed>
      </trkpt>
      <trkpt lat="30.0435964" lon="101.8287033">
        <ele>3768.3660720192775</ele>
        <time>2026-05-05T04:52:02.705Z</time>
        <speed>10.28</speed>
      </trkpt>
      <trkpt lat="30.0432223" lon="101.8290346">
        <ele>3768.1672419246534</ele>
        <time>2026-05-05T04:52:06.705Z</time>
        <speed>14.44</speed>
      </trkpt>
      <trkpt lat="30.042819" lon="101.8293913">
        <ele>3768.0632069777134</ele>
        <time>2026-05-05T04:52:10.708Z</time>
        <speed>13.61</speed>
      </trkpt>
      <trkpt lat="30.0425047" lon="101.8297786">
        <ele>3765.4625356892952</ele>
        <time>2026-05-05T04:52:14.706Z</time>
        <speed>12.4</speed>
      </trkpt>
      <trkpt lat="30.042348" lon="101.8302738">
        <ele>3763.4089853097735</ele>
        <time>2026-05-05T04:52:18.703Z</time>
        <speed>13.48</speed>
      </trkpt>
      <trkpt lat="30.0423487" lon="101.8309056">
        <ele>3760.7368932254367</ele>
        <time>2026-05-05T04:52:22.703Z</time>
        <speed>16.61</speed>
      </trkpt>
      <trkpt lat="30.0424105" lon="101.8316102">
        <ele>3757.085603789584</ele>
        <time>2026-05-05T04:52:26.704Z</time>
        <speed>17.37</speed>
      </trkpt>
      <trkpt lat="30.042291" lon="101.8322723">
        <ele>3752.199396887431</ele>
        <time>2026-05-05T04:52:30.705Z</time>
        <speed>16.2</speed>
      </trkpt>
      <trkpt lat="30.0419568" lon="101.8327998">
        <ele>3747.86825973911</ele>
        <time>2026-05-05T04:52:34.708Z</time>
        <speed>15.45</speed>
      </trkpt>
      <trkpt lat="30.0417005" lon="101.8333692">
        <ele>3744.782296314667</ele>
        <time>2026-05-05T04:52:38.706Z</time>
        <speed>16.19</speed>
      </trkpt>
      <trkpt lat="30.0415409" lon="101.8340702">
        <ele>3742.142559857303</ele>
        <time>2026-05-05T04:52:42.705Z</time>
        <speed>18.34</speed>
      </trkpt>
      <trkpt lat="30.0413798" lon="101.8347996">
        <ele>3737.8638196332377</ele>
        <time>2026-05-05T04:52:46.706Z</time>
        <speed>17.74</speed>
      </trkpt>
      <trkpt lat="30.0411549" lon="101.8354325">
        <ele>3732.502853601241</ele>
        <time>2026-05-05T04:52:50.702Z</time>
        <speed>16.58</speed>
      </trkpt>
      <trkpt lat="30.041003" lon="101.8357445">
        <ele>3729.7465741080355</ele>
        <time>2026-05-05T04:52:52.701Z</time>
        <speed>17.53</speed>
      </trkpt>
      <trkpt lat="30.0406828" lon="101.836349">
        <ele>3727.4387131359777</ele>
        <time>2026-05-05T04:52:56.705Z</time>
        <speed>16.36</speed>
      </trkpt>
      <trkpt lat="30.0403501" lon="101.8368823">
        <ele>3725.577570017744</ele>
        <time>2026-05-05T04:53:00.703Z</time>
        <speed>15.79</speed>
      </trkpt>
      <trkpt lat="30.0399818" lon="101.8373466">
        <ele>3724.145364993946</ele>
        <time>2026-05-05T04:53:04.705Z</time>
        <speed>14.74</speed>
      </trkpt>
      <trkpt lat="30.0396841" lon="101.8378455">
        <ele>3723.9728426961406</ele>
        <time>2026-05-05T04:53:08.703Z</time>
        <speed>14.94</speed>
      </trkpt>
      <trkpt lat="30.0394393" lon="101.8383744">
        <ele>3723.672159350607</ele>
        <time>2026-05-05T04:53:12.703Z</time>
        <speed>14.29</speed>
      </trkpt>
      <trkpt lat="30.039176" lon="101.8389732">
        <ele>3722.613509750466</ele>
        <time>2026-05-05T04:53:16.707Z</time>
        <speed>18.14</speed>
      </trkpt>
      <trkpt lat="30.0388331" lon="101.8396381">
        <ele>3720.6433550194424</ele>
        <time>2026-05-05T04:53:20.704Z</time>
        <speed>18.68</speed>
      </trkpt>
      <trkpt lat="30.0383588" lon="101.8401038">
        <ele>3715.7693018275577</ele>
        <time>2026-05-05T04:53:24.705Z</time>
        <speed>16.17</speed>
      </trkpt>
      <trkpt lat="30.0379556" lon="101.8405127">
        <ele>3709.414947464909</ele>
        <time>2026-05-05T04:53:28.705Z</time>
        <speed>15.11</speed>
      </trkpt>
      <trkpt lat="30.0376427" lon="101.8410883">
        <ele>3704.5627865300453</ele>
        <time>2026-05-05T04:53:32.704Z</time>
        <speed>17.19</speed>
      </trkpt>
      <trkpt lat="30.0373517" lon="101.8417007">
        <ele>3701.480692501061</ele>
        <time>2026-05-05T04:53:36.705Z</time>
        <speed>16.48</speed>
      </trkpt>
      <trkpt lat="30.0370675" lon="101.8422868">
        <ele>3697.912131681502</ele>
        <time>2026-05-05T04:53:40.706Z</time>
        <speed>15.72</speed>
      </trkpt>
      <trkpt lat="30.0367617" lon="101.8428189">
        <ele>3694.42044930969</ele>
        <time>2026-05-05T04:53:44.704Z</time>
        <speed>15.49</speed>
      </trkpt>
      <trkpt lat="30.0363212" lon="101.8432478">
        <ele>3691.2385132458803</ele>
        <time>2026-05-05T04:53:48.706Z</time>
        <speed>16.96</speed>
      </trkpt>
      <trkpt lat="30.0358267" lon="101.8436212">
        <ele>3688.696330921038</ele>
        <time>2026-05-05T04:53:52.704Z</time>
        <speed>15.98</speed>
      </trkpt>
      <trkpt lat="30.0353839" lon="101.8440576">
        <ele>3685.1859438855035</ele>
        <time>2026-05-05T04:53:56.705Z</time>
        <speed>16.35</speed>
      </trkpt>
      <trkpt lat="30.0351736" lon="101.8442966">
        <ele>3683.0179297761233</ele>
        <time>2026-05-05T04:53:58.701Z</time>
        <speed>16.48</speed>
      </trkpt>
      <trkpt lat="30.0346581" lon="101.8448662">
        <ele>3678.986212483778</ele>
        <time>2026-05-05T04:54:03.710Z</time>
        <speed>15.54</speed>
      </trkpt>
      <trkpt lat="30.0342388" lon="101.8453287">
        <ele>3674.9324884033535</ele>
        <time>2026-05-05T04:54:07.704Z</time>
        <speed>16.76</speed>
      </trkpt>
      <trkpt lat="30.0337955" lon="101.845823">
        <ele>3671.5842463174763</ele>
        <time>2026-05-05T04:54:11.705Z</time>
        <speed>17.17</speed>
      </trkpt>
      <trkpt lat="30.0333454" lon="101.8463168">
        <ele>3667.927409360897</ele>
        <time>2026-05-05T04:54:15.703Z</time>
        <speed>17.18</speed>
      </trkpt>
      <trkpt lat="30.0329103" lon="101.8468065">
        <ele>3664.485330646245</ele>
        <time>2026-05-05T04:54:19.702Z</time>
        <speed>16.75</speed>
      </trkpt>
      <trkpt lat="30.0325373" lon="101.8473234">
        <ele>3662.8178864645924</ele>
        <time>2026-05-05T04:54:23.701Z</time>
        <speed>16.22</speed>
      </trkpt>
      <trkpt lat="30.0322647" lon="101.8479217">
        <ele>3660.090667488671</ele>
        <time>2026-05-05T04:54:27.702Z</time>
        <speed>17.01</speed>
      </trkpt>
      <trkpt lat="30.0320386" lon="101.8485862">
        <ele>3656.096672732463</ele>
        <time>2026-05-05T04:54:31.702Z</time>
        <speed>16.88</speed>
      </trkpt>
      <trkpt lat="30.0318236" lon="101.8492353">
        <ele>3651.958381992743</ele>
        <time>2026-05-05T04:54:35.702Z</time>
        <speed>16.36</speed>
      </trkpt>
      <trkpt lat="30.0315731" lon="101.8498213">
        <ele>3646.415276850058</ele>
        <time>2026-05-05T04:54:39.702Z</time>
        <speed>14.61</speed>
      </trkpt>
      <trkpt lat="30.0313237" lon="101.8501432">
        <ele>3641.856022576278</ele>
        <time>2026-05-05T04:54:43.701Z</time>
        <speed>7.82</speed>
      </trkpt>
      <trkpt lat="30.0311822" lon="101.8502656">
        <ele>3638.045514488983</ele>
        <time>2026-05-05T04:54:47.701Z</time>
        <speed>4.1</speed>
      </trkpt>
      <trkpt lat="30.0310764" lon="101.8503321">
        <ele>3637.545256722379</ele>
        <time>2026-05-05T04:54:51.701Z</time>
        <speed>2.88</speed>
      </trkpt>
      <trkpt lat="30.0309746" lon="101.8503871">
        <ele>3636.9343359826967</ele>
        <time>2026-05-05T04:54:55.702Z</time>
        <speed>3.58</speed>
      </trkpt>
      <trkpt lat="30.0308344" lon="101.8504415">
        <ele>3637.1074591061174</ele>
        <time>2026-05-05T04:54:59.701Z</time>
        <speed>4.93</speed>
      </trkpt>
      <trkpt lat="30.0306385" lon="101.8504922">
        <ele>3637.3143250378116</ele>
        <time>2026-05-05T04:55:03.702Z</time>
        <speed>6.04</speed>
      </trkpt>
      <trkpt lat="30.0305292" lon="101.8505144">
        <ele>3636.7988070567517</ele>
        <time>2026-05-05T04:55:05.702Z</time>
        <speed>6.35</speed>
      </trkpt>
      <trkpt lat="30.0302959" lon="101.8505566">
        <ele>3636.80094797087</ele>
        <time>2026-05-05T04:55:09.706Z</time>
        <speed>6.18</speed>
      </trkpt>
      <trkpt lat="30.030083" lon="101.8505988">
        <ele>3636.4270352647773</ele>
        <time>2026-05-05T04:55:13.704Z</time>
        <speed>5.91</speed>
      </trkpt>
      <trkpt lat="30.0299369" lon="101.8506275">
        <ele>3636.926507443278</ele>
        <time>2026-05-05T04:55:17.706Z</time>
        <speed>2.97</speed>
      </trkpt>
      <trkpt lat="30.0296044" lon="101.8506829">
        <ele>3636.1334166538263</ele>
        <time>2026-05-05T04:55:29.706Z</time>
        <speed>4.01</speed>
      </trkpt>
      <trkpt lat="30.0294385" lon="101.8507156">
        <ele>3636.8358759714183</ele>
        <time>2026-05-05T04:55:33.706Z</time>
        <speed>4.76</speed>
      </trkpt>
      <trkpt lat="30.0292634" lon="101.8507511">
        <ele>3635.9651067486134</ele>
        <time>2026-05-05T04:55:37.704Z</time>
        <speed>5.14</speed>
      </trkpt>
      <trkpt lat="30.0288302" lon="101.8508703">
        <ele>3636.414510712835</ele>
        <time>2026-05-05T04:55:45.704Z</time>
        <speed>7.8</speed>
      </trkpt>
      <trkpt lat="30.0285309" lon="101.8510067">
        <ele>3636.4962850210254</ele>
        <time>2026-05-05T04:55:49.706Z</time>
        <speed>9.56</speed>
      </trkpt>
      <trkpt lat="30.0282089" lon="101.851231">
        <ele>3635.927767342652</ele>
        <time>2026-05-05T04:55:53.699Z</time>
        <speed>11.36</speed>
      </trkpt>
      <trkpt lat="30.0278893" lon="101.8515384">
        <ele>3635.6756103604444</ele>
        <time>2026-05-05T04:55:57.704Z</time>
        <speed>11.81</speed>
      </trkpt>
      <trkpt lat="30.0276067" lon="101.8519583">
        <ele>3635.7433489149107</ele>
        <time>2026-05-05T04:56:01.705Z</time>
        <speed>13.46</speed>
      </trkpt>
      <trkpt lat="30.0273913" lon="101.852452">
        <ele>3634.2866350018076</ele>
        <time>2026-05-05T04:56:05.705Z</time>
        <speed>13.38</speed>
      </trkpt>
      <trkpt lat="30.0272471" lon="101.8529956">
        <ele>3632.0642791206665</ele>
        <time>2026-05-05T04:56:09.704Z</time>
        <speed>13.88</speed>
      </trkpt>
      <trkpt lat="30.0271836" lon="101.853276">
        <ele>3632.2563495095837</ele>
        <time>2026-05-05T04:56:11.702Z</time>
        <speed>14.13</speed>
      </trkpt>
      <trkpt lat="30.0270232" lon="101.8539634">
        <ele>3627.1883525730345</ele>
        <time>2026-05-05T04:56:16.706Z</time>
        <speed>13.64</speed>
      </trkpt>
      <trkpt lat="30.026754" lon="101.8544667">
        <ele>3625.7538535994872</ele>
        <time>2026-05-05T04:56:20.703Z</time>
        <speed>15.0</speed>
      </trkpt>
      <trkpt lat="30.0263223" lon="101.8548173">
        <ele>3621.5365303951744</ele>
        <time>2026-05-05T04:56:24.704Z</time>
        <speed>14.53</speed>
      </trkpt>
      <trkpt lat="30.0258349" lon="101.8550661">
        <ele>3621.7053399157176</ele>
        <time>2026-05-05T04:56:28.703Z</time>
        <speed>14.76</speed>
      </trkpt>
      <trkpt lat="30.0253164" lon="101.8552898">
        <ele>3619.672115730976</ele>
        <time>2026-05-05T04:56:32.704Z</time>
        <speed>15.93</speed>
      </trkpt>
      <trkpt lat="30.0247732" lon="101.855513">
        <ele>3616.784358477786</ele>
        <time>2026-05-05T04:56:36.704Z</time>
        <speed>16.1</speed>
      </trkpt>
      <trkpt lat="30.0242149" lon="101.8557175">
        <ele>3614.02404540601</ele>
        <time>2026-05-05T04:56:40.703Z</time>
        <speed>16.2</speed>
      </trkpt>
      <trkpt lat="30.0236279" lon="101.8558039">
        <ele>3612.7138990296326</ele>
        <time>2026-05-05T04:56:44.702Z</time>
        <speed>16.48</speed>
      </trkpt>
      <trkpt lat="30.0230269" lon="101.8558279">
        <ele>3610.6007446181684</ele>
        <time>2026-05-05T04:56:48.703Z</time>
        <speed>16.63</speed>
      </trkpt>
      <trkpt lat="30.0224365" lon="101.8558454">
        <ele>3606.223401222666</ele>
        <time>2026-05-05T04:56:52.703Z</time>
        <speed>16.19</speed>
      </trkpt>
      <trkpt lat="30.0218765" lon="101.8559492">
        <ele>3601.721074601398</ele>
        <time>2026-05-05T04:56:56.704Z</time>
        <speed>15.71</speed>
      </trkpt>
      <trkpt lat="30.0213532" lon="101.8562044">
        <ele>3597.623399134314</ele>
        <time>2026-05-05T04:57:00.702Z</time>
        <speed>16.0</speed>
      </trkpt>
      <trkpt lat="30.0207929" lon="101.8564095">
        <ele>3593.314829648072</ele>
        <time>2026-05-05T04:57:04.703Z</time>
        <speed>16.65</speed>
      </trkpt>
      <trkpt lat="30.0201947" lon="101.8565563">
        <ele>3588.1541283413612</ele>
        <time>2026-05-05T04:57:08.702Z</time>
        <speed>16.97</speed>
      </trkpt>
      <trkpt lat="30.0188215" lon="101.8571281">
        <ele>3579.244723255089</ele>
        <time>2026-05-05T04:57:18.701Z</time>
        <speed>15.72</speed>
      </trkpt>
      <trkpt lat="30.0183587" lon="101.8574436">
        <ele>3575.385421719381</ele>
        <time>2026-05-05T04:57:22.704Z</time>
        <speed>14.46</speed>
      </trkpt>
      <trkpt lat="30.0179753" lon="101.8578821">
        <ele>3574.778892561811</ele>
        <time>2026-05-05T04:57:26.700Z</time>
        <speed>15.42</speed>
      </trkpt>
      <trkpt lat="30.017577" lon="101.8583363">
        <ele>3571.681159017693</ele>
        <time>2026-05-05T04:57:30.707Z</time>
        <speed>15.8</speed>
      </trkpt>
      <trkpt lat="30.0170932" lon="101.8586736">
        <ele>3564.747877941699</ele>
        <time>2026-05-05T04:57:34.703Z</time>
        <speed>15.39</speed>
      </trkpt>
      <trkpt lat="30.0166309" lon="101.8589703">
        <ele>3558.285258533875</ele>
        <time>2026-05-05T04:57:38.702Z</time>
        <speed>14.57</speed>
      </trkpt>
      <trkpt lat="30.0162486" lon="101.8594022">
        <ele>3556.449047268703</ele>
        <time>2026-05-05T04:57:42.705Z</time>
        <speed>15.19</speed>
      </trkpt>
      <trkpt lat="30.0160048" lon="101.859951">
        <ele>3552.5210666309245</ele>
        <time>2026-05-05T04:57:46.701Z</time>
        <speed>13.88</speed>
      </trkpt>
      <trkpt lat="30.01585" lon="101.8604649">
        <ele>3547.458716523271</ele>
        <time>2026-05-05T04:57:50.704Z</time>
        <speed>12.72</speed>
      </trkpt>
      <trkpt lat="30.0156308" lon="101.8612033">
        <ele>3537.8532561561274</ele>
        <time>2026-05-05T04:57:58.701Z</time>
        <speed>5.94</speed>
      </trkpt>
      <trkpt lat="30.0155362" lon="101.8613422">
        <ele>3536.5749903516416</ele>
        <time>2026-05-05T04:58:02.705Z</time>
        <speed>3.69</speed>
      </trkpt>
      <trkpt lat="30.015409" lon="101.8613925">
        <ele>3535.5774006933634</ele>
        <time>2026-05-05T04:58:06.703Z</time>
        <speed>4.46</speed>
      </trkpt>
      <trkpt lat="30.0153249" lon="101.8612137">
        <ele>3535.2952717501857</ele>
        <time>2026-05-05T04:58:10.704Z</time>
        <speed>6.62</speed>
      </trkpt>
      <trkpt lat="30.0153766" lon="101.8608526">
        <ele>3535.5460005688087</ele>
        <time>2026-05-05T04:58:14.703Z</time>
        <speed>10.11</speed>
      </trkpt>
      <trkpt lat="30.0154426" lon="101.8604084">
        <ele>3534.5088084211043</ele>
        <time>2026-05-05T04:58:18.701Z</time>
        <speed>11.02</speed>
      </trkpt>
      <trkpt lat="30.0155441" lon="101.8596985">
        <ele>3530.9143985527685</ele>
        <time>2026-05-05T04:58:24.700Z</time>
        <speed>12.76</speed>
      </trkpt>
      <trkpt lat="30.0156014" lon="101.8590851">
        <ele>3527.0477272679364</ele>
        <time>2026-05-05T04:58:29.700Z</time>
        <speed>10.46</speed>
      </trkpt>
      <trkpt lat="30.0153947" lon="101.8587721">
        <ele>3525.067940699808</ele>
        <time>2026-05-05T04:58:33.702Z</time>
        <speed>10.0</speed>
      </trkpt>
      <trkpt lat="30.0150667" lon="101.8588812">
        <ele>3524.964658418695</ele>
        <time>2026-05-05T04:58:37.703Z</time>
        <speed>10.54</speed>
      </trkpt>
      <trkpt lat="30.0149104" lon="101.8593717">
        <ele>3524.201123507063</ele>
        <time>2026-05-05T04:58:41.699Z</time>
        <speed>14.75</speed>
      </trkpt>
      <trkpt lat="30.0148062" lon="101.8600129">
        <ele>3524.4778939432335</ele>
        <time>2026-05-05T04:58:45.702Z</time>
        <speed>15.52</speed>
      </trkpt>
      <trkpt lat="30.0146829" lon="101.8606167">
        <ele>3521.161769365093</ele>
        <time>2026-05-05T04:58:49.703Z</time>
        <speed>14.96</speed>
      </trkpt>
      <trkpt lat="30.0144986" lon="101.8611365">
        <ele>3517.28237029602</ele>
        <time>2026-05-05T04:58:53.703Z</time>
        <speed>11.58</speed>
      </trkpt>
      <trkpt lat="30.0143047" lon="101.8615292">
        <ele>3512.770140765591</ele>
        <time>2026-05-05T04:58:57.704Z</time>
        <speed>11.13</speed>
      </trkpt>
      <trkpt lat="30.0140811" lon="101.8619659">
        <ele>3509.6857880150474</ele>
        <time>2026-05-05T04:59:01.703Z</time>
        <speed>13.0</speed>
      </trkpt>
      <trkpt lat="30.0138531" lon="101.8624073">
        <ele>3507.296526812837</ele>
        <time>2026-05-05T04:59:05.704Z</time>
        <speed>11.59</speed>
      </trkpt>
      <trkpt lat="30.013649" lon="101.8628067">
        <ele>3504.6730340903505</ele>
        <time>2026-05-05T04:59:09.703Z</time>
        <speed>11.3</speed>
      </trkpt>
      <trkpt lat="30.0134658" lon="101.8631687">
        <ele>3500.744498012453</ele>
        <time>2026-05-05T04:59:13.699Z</time>
        <speed>9.04</speed>
      </trkpt>
      <trkpt lat="30.0133019" lon="101.8634712">
        <ele>3497.5622714729016</ele>
        <time>2026-05-05T04:59:17.702Z</time>
        <speed>8.48</speed>
      </trkpt>
      <trkpt lat="30.0131591" lon="101.8637034">
        <ele>3495.621593144675</ele>
        <time>2026-05-05T04:59:21.703Z</time>
        <speed>4.56</speed>
      </trkpt>
      <trkpt lat="30.0128993" lon="101.8640931">
        <ele>3490.9515889529303</ele>
        <time>2026-05-05T04:59:29.700Z</time>
        <speed>6.94</speed>
      </trkpt>
      <trkpt lat="30.0128254" lon="101.8642022">
        <ele>3490.632739200592</ele>
        <time>2026-05-05T04:59:31.699Z</time>
        <speed>6.62</speed>
      </trkpt>
      <trkpt lat="30.0126926" lon="101.8644054">
        <ele>3488.851240766793</ele>
        <time>2026-05-05T04:59:35.702Z</time>
        <speed>5.35</speed>
      </trkpt>
      <trkpt lat="30.0124976" lon="101.8646676">
        <ele>3486.8675531571107</ele>
        <time>2026-05-05T04:59:43.701Z</time>
        <speed>4.19</speed>
      </trkpt>
      <trkpt lat="30.0122538" lon="101.8646788">
        <ele>3486.799929816978</ele>
        <time>2026-05-05T04:59:51.704Z</time>
        <speed>3.29</speed>
      </trkpt>
      <trkpt lat="30.0122537" lon="101.8645471">
        <ele>3485.4115368553803</ele>
        <time>2026-05-05T04:59:55.704Z</time>
        <speed>3.98</speed>
      </trkpt>
      <trkpt lat="30.0126729" lon="101.8639139">
        <ele>3485.50242665621</ele>
        <time>2026-05-05T05:00:03.704Z</time>
        <speed>11.79</speed>
      </trkpt>
      <trkpt lat="30.0128674" lon="101.8634483">
        <ele>3485.7799617624087</ele>
        <time>2026-05-05T05:00:07.703Z</time>
        <speed>12.71</speed>
      </trkpt>
      <trkpt lat="30.0129798" lon="101.8629271">
        <ele>3484.389675918694</ele>
        <time>2026-05-05T05:00:11.703Z</time>
        <speed>12.69</speed>
      </trkpt>
      <trkpt lat="30.0131787" lon="101.8619485">
        <ele>3478.243053686525</ele>
        <time>2026-05-05T05:00:19.704Z</time>
        <speed>11.17</speed>
      </trkpt>
      <trkpt lat="30.0130578" lon="101.8615913">
        <ele>3475.381122980784</ele>
        <time>2026-05-05T05:00:23.704Z</time>
        <speed>9.16</speed>
      </trkpt>
      <trkpt lat="30.0127672" lon="101.8616705">
        <ele>3474.0151754021776</ele>
        <time>2026-05-05T05:00:27.704Z</time>
        <speed>10.04</speed>
      </trkpt>
      <trkpt lat="30.0125579" lon="101.8621477">
        <ele>3473.8611706645997</ele>
        <time>2026-05-05T05:00:31.703Z</time>
        <speed>14.82</speed>
      </trkpt>
      <trkpt lat="30.0123593" lon="101.8626855">
        <ele>3474.369909856597</ele>
        <time>2026-05-05T05:00:35.704Z</time>
        <speed>13.64</speed>
      </trkpt>
      <trkpt lat="30.0122609" lon="101.8629394">
        <ele>3474.27808500851</ele>
        <time>2026-05-05T05:00:37.699Z</time>
        <speed>13.39</speed>
      </trkpt>
      <trkpt lat="30.0119548" lon="101.8635528">
        <ele>3471.367381749832</ele>
        <time>2026-05-05T05:00:42.705Z</time>
        <speed>14.77</speed>
      </trkpt>
      <trkpt lat="30.0116237" lon="101.8640491">
        <ele>3468.4584166688783</ele>
        <time>2026-05-05T05:00:46.700Z</time>
        <speed>15.28</speed>
      </trkpt>
      <trkpt lat="30.011283" lon="101.8645522">
        <ele>3461.974916408062</ele>
        <time>2026-05-05T05:00:50.704Z</time>
        <speed>15.4</speed>
      </trkpt>
      <trkpt lat="30.0109063" lon="101.8650023">
        <ele>3458.02964858388</ele>
        <time>2026-05-05T05:00:54.704Z</time>
        <speed>14.6</speed>
      </trkpt>
      <trkpt lat="30.0104557" lon="101.8653115">
        <ele>3453.161535289683</ele>
        <time>2026-05-05T05:00:58.705Z</time>
        <speed>14.96</speed>
      </trkpt>
      <trkpt lat="30.009503" lon="101.8658567">
        <ele>3445.8943714583224</ele>
        <time>2026-05-05T05:01:06.704Z</time>
        <speed>13.86</speed>
      </trkpt>
      <trkpt lat="30.0090714" lon="101.8661596">
        <ele>3441.6500087890277</ele>
        <time>2026-05-05T05:01:10.702Z</time>
        <speed>14.13</speed>
      </trkpt>
      <trkpt lat="30.0086194" lon="101.8664353">
        <ele>3438.1696132226666</ele>
        <time>2026-05-05T05:01:14.704Z</time>
        <speed>14.32</speed>
      </trkpt>
      <trkpt lat="30.0077018" lon="101.8670345">
        <ele>3429.404473443761</ele>
        <time>2026-05-05T05:01:22.704Z</time>
        <speed>14.89</speed>
      </trkpt>
      <trkpt lat="30.0072221" lon="101.8673405">
        <ele>3424.4640648610034</ele>
        <time>2026-05-05T05:01:26.702Z</time>
        <speed>15.57</speed>
      </trkpt>
      <trkpt lat="30.0067049" lon="101.8675662">
        <ele>3419.6895335513896</ele>
        <time>2026-05-05T05:01:30.702Z</time>
        <speed>15.39</speed>
      </trkpt>
      <trkpt lat="30.0061909" lon="101.8678836">
        <ele>3414.7781433846326</ele>
        <time>2026-05-05T05:01:34.706Z</time>
        <speed>16.09</speed>
      </trkpt>
      <trkpt lat="30.0057402" lon="101.8682229">
        <ele>3412.027245852437</ele>
        <time>2026-05-05T05:01:38.701Z</time>
        <speed>13.88</speed>
      </trkpt>
      <trkpt lat="30.005325" lon="101.8685458">
        <ele>3405.6013513185844</ele>
        <time>2026-05-05T05:01:42.699Z</time>
        <speed>13.21</speed>
      </trkpt>
      <trkpt lat="30.0051225" lon="101.8687074">
        <ele>3403.5711459398963</ele>
        <time>2026-05-05T05:01:44.699Z</time>
        <speed>13.93</speed>
      </trkpt>
      <trkpt lat="30.004733" lon="101.8690665">
        <ele>3398.509621779636</ele>
        <time>2026-05-05T05:01:48.703Z</time>
        <speed>12.67</speed>
      </trkpt>
      <trkpt lat="30.0043879" lon="101.8694302">
        <ele>3394.671808554638</ele>
        <time>2026-05-05T05:01:52.702Z</time>
        <speed>13.97</speed>
      </trkpt>
      <trkpt lat="30.0039919" lon="101.8698871">
        <ele>3391.475612781456</ele>
        <time>2026-05-05T05:01:56.703Z</time>
        <speed>16.28</speed>
      </trkpt>
      <trkpt lat="30.0035355" lon="101.870363">
        <ele>3388.2839135581576</ele>
        <time>2026-05-05T05:02:00.701Z</time>
        <speed>17.19</speed>
      </trkpt>
      <trkpt lat="30.0030859" lon="101.8708122">
        <ele>3383.8638371192064</ele>
        <time>2026-05-05T05:02:04.703Z</time>
        <speed>16.31</speed>
      </trkpt>
      <trkpt lat="30.0026253" lon="101.8712081">
        <ele>3379.366718181319</ele>
        <time>2026-05-05T05:02:08.700Z</time>
        <speed>15.62</speed>
      </trkpt>
      <trkpt lat="30.0014893" lon="101.8724236">
        <ele>3366.8303747830273</ele>
        <time>2026-05-05T05:02:20.700Z</time>
        <speed>14.33</speed>
      </trkpt>
      <trkpt lat="30.0011428" lon="101.8728909">
        <ele>3361.6561647966723</ele>
        <time>2026-05-05T05:02:24.698Z</time>
        <speed>15.55</speed>
      </trkpt>
      <trkpt lat="30.0008004" lon="101.8733897">
        <ele>3356.7635583184615</ele>
        <time>2026-05-05T05:02:28.701Z</time>
        <speed>15.27</speed>
      </trkpt>
      <trkpt lat="30.0000108" lon="101.8740665">
        <ele>3347.956937770576</ele>
        <time>2026-05-05T05:02:36.702Z</time>
        <speed>12.49</speed>
      </trkpt>
      <trkpt lat="29.9995424" lon="101.8744209">
        <ele>3339.5887557303195</ele>
        <time>2026-05-05T05:02:44.703Z</time>
        <speed>5.68</speed>
      </trkpt>
      <trkpt lat="29.9993938" lon="101.8746408">
        <ele>3336.7416623326817</ele>
        <time>2026-05-05T05:02:48.700Z</time>
        <speed>7.73</speed>
      </trkpt>
      <trkpt lat="29.9989336" lon="101.8753693">
        <ele>3329.331690883699</ele>
        <time>2026-05-05T05:03:04.704Z</time>
        <speed>0.0</speed>
      </trkpt>
      <trkpt lat="29.9988573" lon="101.8754764">
        <ele>3327.9537999126082</ele>
        <time>2026-05-05T05:03:24.702Z</time>
        <speed>3.48</speed>
      </trkpt>
      <trkpt lat="29.9987675" lon="101.8756099">
        <ele>3328.380579062654</ele>
        <time>2026-05-05T05:03:28.704Z</time>
        <speed>3.92</speed>
      </trkpt>
      <trkpt lat="29.9986628" lon="101.8757612">
        <ele>3326.616476830532</ele>
        <time>2026-05-05T05:03:32.703Z</time>
        <speed>5.2</speed>
      </trkpt>
      <trkpt lat="29.9985554" lon="101.8759086">
        <ele>3324.6855710198674</ele>
        <time>2026-05-05T05:03:36.703Z</time>
        <speed>3.88</speed>
      </trkpt>
      <trkpt lat="29.9984629" lon="101.8760391">
        <ele>3324.577243389607</ele>
        <time>2026-05-05T05:03:40.703Z</time>
        <speed>4.66</speed>
      </trkpt>
      <trkpt lat="29.9983859" lon="101.8761507">
        <ele>3323.4194453245354</ele>
        <time>2026-05-05T05:03:44.703Z</time>
        <speed>2.09</speed>
      </trkpt>
      <trkpt lat="29.9983442" lon="101.8762121">
        <ele>3320.9846819776617</ele>
        <time>2026-05-05T05:03:48.699Z</time>
        <speed>1.28</speed>
      </trkpt>
      <trkpt lat="29.9982922" lon="101.8762869">
        <ele>3320.0289255412376</ele>
        <time>2026-05-05T05:03:52.703Z</time>
        <speed>3.17</speed>
      </trkpt>
      <trkpt lat="29.9982153" lon="101.8764116">
        <ele>3320.686856882932</ele>
        <time>2026-05-05T05:03:56.703Z</time>
        <speed>4.43</speed>
      </trkpt>
      <trkpt lat="29.9981127" lon="101.8765982">
        <ele>3319.696429022912</ele>
        <time>2026-05-05T05:04:00.701Z</time>
        <speed>6.3</speed>
      </trkpt>
      <trkpt lat="29.9980444" lon="101.8767371">
        <ele>3318.362796866892</ele>
        <time>2026-05-05T05:04:03.700Z</time>
        <speed>4.01</speed>
      </trkpt>
      <trkpt lat="29.9979572" lon="101.8769203">
        <ele>3317.2686567931446</ele>
        <time>2026-05-05T05:04:08.703Z</time>
        <speed>3.84</speed>
      </trkpt>
      <trkpt lat="29.9979018" lon="101.8770566">
        <ele>3315.562830373287</ele>
        <time>2026-05-05T05:04:12.704Z</time>
        <speed>3.35</speed>
      </trkpt>
      <trkpt lat="29.9978695" lon="101.8771529">
        <ele>3315.2080386801845</ele>
        <time>2026-05-05T05:04:16.700Z</time>
        <speed>1.17</speed>
      </trkpt>
      <trkpt lat="29.9978565" lon="101.8771998">
        <ele>3312.820313003368</ele>
        <time>2026-05-05T05:04:24.702Z</time>
        <speed>1.86</speed>
      </trkpt>
      <trkpt lat="29.9978278" lon="101.8772963">
        <ele>3313.1094659478217</ele>
        <time>2026-05-05T05:04:28.704Z</time>
        <speed>2.77</speed>
      </trkpt>
      <trkpt lat="29.9978001" lon="101.8773988">
        <ele>3312.218789173996</ele>
        <time>2026-05-05T05:04:32.701Z</time>
        <speed>2.39</speed>
      </trkpt>
      <trkpt lat="29.9977784" lon="101.8774862">
        <ele>3311.7581816165807</ele>
        <time>2026-05-05T05:04:36.702Z</time>
        <speed>1.94</speed>
      </trkpt>
      <trkpt lat="29.9977257" lon="101.8776957">
        <ele>3314.7816175984417</ele>
        <time>2026-05-05T05:04:44.703Z</time>
        <speed>3.22</speed>
      </trkpt>
      <trkpt lat="29.9976983" lon="101.8778051">
        <ele>3314.371414998147</ele>
        <time>2026-05-05T05:04:48.701Z</time>
        <speed>2.24</speed>
      </trkpt>
      <trkpt lat="29.9976755" lon="101.8778977">
        <ele>3308.4726886251615</ele>
        <time>2026-05-05T05:04:52.703Z</time>
        <speed>2.27</speed>
      </trkpt>
      <trkpt lat="29.9976387" lon="101.8780198">
        <ele>3308.504967454987</ele>
        <time>2026-05-05T05:04:56.702Z</time>
        <speed>4.01</speed>
      </trkpt>
      <trkpt lat="29.9975519" lon="101.8781306">
        <ele>3308.195802623717</ele>
        <time>2026-05-05T05:05:00.702Z</time>
        <speed>3.48</speed>
      </trkpt>
      <trkpt lat="29.997441" lon="101.878106">
        <ele>3307.360163423269</ele>
        <time>2026-05-05T05:05:04.701Z</time>
        <speed>3.46</speed>
      </trkpt>
      <trkpt lat="29.9973893" lon="101.8779443">
        <ele>3307.426318400686</ele>
        <time>2026-05-05T05:05:08.699Z</time>
        <speed>5.59</speed>
      </trkpt>
      <trkpt lat="29.9974277" lon="101.8777962">
        <ele>3308.009499809855</ele>
        <time>2026-05-05T05:05:10.698Z</time>
        <speed>9.17</speed>
      </trkpt>
      <trkpt lat="29.9975656" lon="101.8774249">
        <ele>3311.019463870112</ele>
        <time>2026-05-05T05:05:14.702Z</time>
        <speed>9.49</speed>
      </trkpt>
      <trkpt lat="29.9976816" lon="101.8765825">
        <ele>3302.679663121992</ele>
        <time>2026-05-05T05:05:26.701Z</time>
        <speed>6.61</speed>
      </trkpt>
      <trkpt lat="29.9974444" lon="101.8766291">
        <ele>3302.3060150172155</ele>
        <time>2026-05-05T05:05:30.702Z</time>
        <speed>8.1</speed>
      </trkpt>
      <trkpt lat="29.9972664" lon="101.8770001">
        <ele>3302.5793718289724</ele>
        <time>2026-05-05T05:05:34.704Z</time>
        <speed>11.16</speed>
      </trkpt>
      <trkpt lat="29.9971009" lon="101.8774468">
        <ele>3304.7813977474348</ele>
        <time>2026-05-05T05:05:38.702Z</time>
        <speed>12.34</speed>
      </trkpt>
      <trkpt lat="29.9969696" lon="101.8779548">
        <ele>3302.8494623828165</ele>
        <time>2026-05-05T05:05:42.702Z</time>
        <speed>12.83</speed>
      </trkpt>
      <trkpt lat="29.9969145" lon="101.8784503">
        <ele>3299.2333705085225</ele>
        <time>2026-05-05T05:05:46.703Z</time>
        <speed>12.23</speed>
      </trkpt>
      <trkpt lat="29.9968325" lon="101.8789877">
        <ele>3294.9226563920342</ele>
        <time>2026-05-05T05:05:50.703Z</time>
        <speed>14.01</speed>
      </trkpt>
      <trkpt lat="29.9966893" lon="101.8795179">
        <ele>3290.5195406719063</ele>
        <time>2026-05-05T05:05:54.702Z</time>
        <speed>12.82</speed>
      </trkpt>
      <trkpt lat="29.9965752" lon="101.8799944">
        <ele>3283.7296138031897</ele>
        <time>2026-05-05T05:05:58.704Z</time>
        <speed>11.52</speed>
      </trkpt>
      <trkpt lat="29.9965532" lon="101.8804804">
        <ele>3276.267338976514</ele>
        <time>2026-05-05T05:06:02.700Z</time>
        <speed>11.25</speed>
      </trkpt>
      <trkpt lat="29.9965455" lon="101.8808255">
        <ele>3275.8149655773327</ele>
        <time>2026-05-05T05:06:06.698Z</time>
        <speed>6.34</speed>
      </trkpt>
      <trkpt lat="29.9964875" lon="101.8810148">
        <ele>3270.7860657780616</ele>
        <time>2026-05-05T05:06:10.701Z</time>
        <speed>3.62</speed>
      </trkpt>
      <trkpt lat="29.9963686" lon="101.8810664">
        <ele>3269.8862885359367</ele>
        <time>2026-05-05T05:06:14.697Z</time>
        <speed>4.08</speed>
      </trkpt>
      <trkpt lat="29.9962983" lon="101.8810161">
        <ele>3269.866291244685</ele>
        <time>2026-05-05T05:06:16.697Z</time>
        <speed>5.49</speed>
      </trkpt>
      <trkpt lat="29.996249" lon="101.8806909">
        <ele>3270.1623529268036</ele>
        <time>2026-05-05T05:06:20.699Z</time>
        <speed>11.23</speed>
      </trkpt>
      <trkpt lat="29.9962599" lon="101.8801781">
        <ele>3269.9426915312283</ele>
        <time>2026-05-05T05:06:24.700Z</time>
        <speed>12.57</speed>
      </trkpt>
      <trkpt lat="29.9962659" lon="101.8796276">
        <ele>3266.992142089892</ele>
        <time>2026-05-05T05:06:28.701Z</time>
        <speed>13.77</speed>
      </trkpt>
      <trkpt lat="29.9962639" lon="101.8790904">
        <ele>3262.3605607756645</ele>
        <time>2026-05-05T05:06:32.699Z</time>
        <speed>11.48</speed>
      </trkpt>
      <trkpt lat="29.9962151" lon="101.8786955">
        <ele>3256.976774081165</ele>
        <time>2026-05-05T05:06:36.700Z</time>
        <speed>8.19</speed>
      </trkpt>
      <trkpt lat="29.9960057" lon="101.8784966">
        <ele>3254.821802845689</ele>
        <time>2026-05-05T05:06:40.701Z</time>
        <speed>7.72</speed>
      </trkpt>
      <trkpt lat="29.9957633" lon="101.8786221">
        <ele>3253.890556993197</ele>
        <time>2026-05-05T05:06:44.700Z</time>
        <speed>8.11</speed>
      </trkpt>
      <trkpt lat="29.9956513" lon="101.8790154">
        <ele>3253.52966013068</ele>
        <time>2026-05-05T05:06:48.702Z</time>
        <speed>11.74</speed>
      </trkpt>
      <trkpt lat="29.9955724" lon="101.8795245">
        <ele>3252.6783288836396</ele>
        <time>2026-05-05T05:06:52.701Z</time>
        <speed>13.09</speed>
      </trkpt>
      <trkpt lat="29.9954855" lon="101.8800804">
        <ele>3250.627354120985</ele>
        <time>2026-05-05T05:06:56.700Z</time>
        <speed>14.41</speed>
      </trkpt>
      <trkpt lat="29.9953889" lon="101.880718">
        <ele>3245.2535651615462</ele>
        <time>2026-05-05T05:07:00.700Z</time>
        <speed>16.6</speed>
      </trkpt>
      <trkpt lat="29.9952794" lon="101.8813738">
        <ele>3240.434126235462</ele>
        <time>2026-05-05T05:07:04.703Z</time>
        <speed>16.53</speed>
      </trkpt>
      <trkpt lat="29.9951123" lon="101.8820263">
        <ele>3235.5272877050566</ele>
        <time>2026-05-05T05:07:08.702Z</time>
        <speed>14.81</speed>
      </trkpt>
      <trkpt lat="29.9949493" lon="101.8825896">
        <ele>3233.4221955319326</ele>
        <time>2026-05-05T05:07:12.702Z</time>
        <speed>14.31</speed>
      </trkpt>
      <trkpt lat="29.9947699" lon="101.883186">
        <ele>3229.4329952930075</ele>
        <time>2026-05-05T05:07:16.702Z</time>
        <speed>15.86</speed>
      </trkpt>
      <trkpt lat="29.9946201" lon="101.8837751">
        <ele>3224.86767578125</ele>
        <time>2026-05-05T05:07:20.701Z</time>
        <speed>13.45</speed>
      </trkpt>
      <trkpt lat="29.9945832" lon="101.8840449">
        <ele>3222.37255859375</ele>
        <time>2026-05-05T05:07:22.699Z</time>
        <speed>12.83</speed>
      </trkpt>
      <trkpt lat="29.994543" lon="101.8846206">
        <ele>3215.1466423496504</ele>
        <time>2026-05-05T05:07:27.700Z</time>
        <speed>10.43</speed>
      </trkpt>
      <trkpt lat="29.9944975" lon="101.885056">
        <ele>3210.0098120412804</ele>
        <time>2026-05-05T05:07:31.704Z</time>
        <speed>9.49</speed>
      </trkpt>
      <trkpt lat="29.9944472" lon="101.8853829">
        <ele>3206.011533121882</ele>
        <time>2026-05-05T05:07:35.701Z</time>
        <speed>6.62</speed>
      </trkpt>
      <trkpt lat="29.9943872" lon="101.8856462">
        <ele>3204.3026543316946</ele>
        <time>2026-05-05T05:07:39.703Z</time>
        <speed>6.0</speed>
      </trkpt>
      <trkpt lat="29.9943257" lon="101.8858746">
        <ele>3202.4397835276786</ele>
        <time>2026-05-05T05:07:43.702Z</time>
        <speed>6.04</speed>
      </trkpt>
      <trkpt lat="29.9942783" lon="101.886081">
        <ele>3199.7026148490972</ele>
        <time>2026-05-05T05:07:47.701Z</time>
        <speed>3.82</speed>
      </trkpt>
      <trkpt lat="29.9942454" lon="101.8862303">
        <ele>3197.4395480903263</ele>
        <time>2026-05-05T05:07:51.702Z</time>
        <speed>4.19</speed>
      </trkpt>
      <trkpt lat="29.9941745" lon="101.8863786">
        <ele>3195.283179541596</ele>
        <time>2026-05-05T05:07:55.702Z</time>
        <speed>3.9</speed>
      </trkpt>
      <trkpt lat="29.9940483" lon="101.886424">
        <ele>3196.619110368512</ele>
        <time>2026-05-05T05:07:59.702Z</time>
        <speed>3.76</speed>
      </trkpt>
      <trkpt lat="29.9939346" lon="101.8862872">
        <ele>3195.884402585204</ele>
        <time>2026-05-05T05:08:03.701Z</time>
        <speed>6.31</speed>
      </trkpt>
      <trkpt lat="29.9939705" lon="101.8859244">
        <ele>3195.4996034391706</ele>
        <time>2026-05-05T05:08:07.702Z</time>
        <speed>10.6</speed>
      </trkpt>
      <trkpt lat="29.9940181" lon="101.8854418">
        <ele>3195.5018505739354</ele>
        <time>2026-05-05T05:08:11.702Z</time>
        <speed>11.97</speed>
      </trkpt>
      <trkpt lat="29.9939578" lon="101.8849522">
        <ele>3194.132820986566</ele>
        <time>2026-05-05T05:08:15.701Z</time>
        <speed>12.13</speed>
      </trkpt>
      <trkpt lat="29.9938308" lon="101.8844711">
        <ele>3191.330339424279</ele>
        <time>2026-05-05T05:08:19.702Z</time>
        <speed>12.05</speed>
      </trkpt>
      <trkpt lat="29.9937106" lon="101.8840179">
        <ele>3187.894114671942</ele>
        <time>2026-05-05T05:08:23.701Z</time>
        <speed>10.43</speed>
      </trkpt>
      <trkpt lat="29.9936133" lon="101.8836323">
        <ele>3185.530288398214</ele>
        <time>2026-05-05T05:08:27.701Z</time>
        <speed>9.41</speed>
      </trkpt>
      <trkpt lat="29.9935658" lon="101.8834497">
        <ele>3184.795057811016</ele>
        <time>2026-05-05T05:08:29.698Z</time>
        <speed>8.92</speed>
      </trkpt>
      <trkpt lat="29.993446" lon="101.8830651">
        <ele>3182.243068369007</ele>
        <time>2026-05-05T05:08:34.702Z</time>
        <speed>7.07</speed>
      </trkpt>
      <trkpt lat="29.9932781" lon="101.8828598">
        <ele>3181.665882755836</ele>
        <time>2026-05-05T05:08:38.704Z</time>
        <speed>6.82</speed>
      </trkpt>
      <trkpt lat="29.9930399" lon="101.8829105">
        <ele>3180.6430982594056</ele>
        <time>2026-05-05T05:08:42.701Z</time>
        <speed>7.93</speed>
      </trkpt>
      <trkpt lat="29.992932" lon="101.8832751">
        <ele>3180.6270451184987</ele>
        <time>2026-05-05T05:08:46.701Z</time>
        <speed>10.67</speed>
      </trkpt>
      <trkpt lat="29.9929199" lon="101.8837301">
        <ele>3179.9160764853586</ele>
        <time>2026-05-05T05:08:50.704Z</time>
        <speed>11.38</speed>
      </trkpt>
      <trkpt lat="29.9929083" lon="101.8842211">
        <ele>3179.0733556975683</ele>
        <time>2026-05-05T05:08:54.701Z</time>
        <speed>12.63</speed>
      </trkpt>
      <trkpt lat="29.9928949" lon="101.8847297">
        <ele>3176.7048648558707</ele>
        <time>2026-05-05T05:08:58.703Z</time>
        <speed>12.37</speed>
      </trkpt>
      <trkpt lat="29.9928811" lon="101.8852343">
        <ele>3173.336932728152</ele>
        <time>2026-05-05T05:09:02.702Z</time>
        <speed>11.35</speed>
      </trkpt>
      <trkpt lat="29.9928758" lon="101.8856469">
        <ele>3169.629669759589</ele>
        <time>2026-05-05T05:09:06.700Z</time>
        <speed>9.77</speed>
      </trkpt>
      <trkpt lat="29.9928657" lon="101.886094">
        <ele>3166.0750623620884</ele>
        <time>2026-05-05T05:09:10.700Z</time>
        <speed>11.22</speed>
      </trkpt>
      <trkpt lat="29.9928327" lon="101.886511">
        <ele>3164.2214901988073</ele>
        <time>2026-05-05T05:09:14.702Z</time>
        <speed>9.12</speed>
      </trkpt>
      <trkpt lat="29.9927129" lon="101.8868414">
        <ele>3159.5473563934343</ele>
        <time>2026-05-05T05:09:18.700Z</time>
        <speed>9.18</speed>
      </trkpt>
      <trkpt lat="29.9924258" lon="101.8871759">
        <ele>3156.9460832130185</ele>
        <time>2026-05-05T05:09:22.698Z</time>
        <speed>12.56</speed>
      </trkpt>
      <trkpt lat="29.9921408" lon="101.8875606">
        <ele>3155.8994938435453</ele>
        <time>2026-05-05T05:09:26.700Z</time>
        <speed>11.72</speed>
      </trkpt>
      <trkpt lat="29.9920847" lon="101.8880543">
        <ele>3154.2325347590618</ele>
        <time>2026-05-05T05:09:30.701Z</time>
        <speed>12.92</speed>
      </trkpt>
      <trkpt lat="29.9921426" lon="101.888644">
        <ele>3150.6563596591873</ele>
        <time>2026-05-05T05:09:34.703Z</time>
        <speed>15.22</speed>
      </trkpt>
      <trkpt lat="29.9921772" lon="101.8889693">
        <ele>3149.2310645652788</ele>
        <time>2026-05-05T05:09:36.700Z</time>
        <speed>15.98</speed>
      </trkpt>
      <trkpt lat="29.9922767" lon="101.8896774">
        <ele>3145.64685815641</ele>
        <time>2026-05-05T05:09:40.703Z</time>
        <speed>18.33</speed>
      </trkpt>
      <trkpt lat="29.9924646" lon="101.890429">
        <ele>3142.7831124841446</ele>
        <time>2026-05-05T05:09:44.699Z</time>
        <speed>19.87</speed>
      </trkpt>
      <trkpt lat="29.9927165" lon="101.8911801">
        <ele>3137.422541533551</ele>
        <time>2026-05-05T05:09:48.701Z</time>
        <speed>17.59</speed>
      </trkpt>
      <trkpt lat="29.9928378" lon="101.8918387">
        <ele>3134.1083369398784</ele>
        <time>2026-05-05T05:09:52.701Z</time>
        <speed>15.93</speed>
      </trkpt>
      <trkpt lat="29.9928811" lon="101.8924448">
        <ele>3129.8044541304716</ele>
        <time>2026-05-05T05:09:56.702Z</time>
        <speed>13.0</speed>
      </trkpt>
      <trkpt lat="29.9928806" lon="101.8929185">
        <ele>3124.084055204302</ele>
        <time>2026-05-05T05:10:00.701Z</time>
        <speed>10.57</speed>
      </trkpt>
      <trkpt lat="29.9928734" lon="101.8933043">
        <ele>3121.1604955574403</ele>
        <time>2026-05-05T05:10:04.702Z</time>
        <speed>8.29</speed>
      </trkpt>
      <trkpt lat="29.9928715" lon="101.8935976">
        <ele>3119.6828729449626</ele>
        <time>2026-05-05T05:10:08.700Z</time>
        <speed>6.47</speed>
      </trkpt>
      <trkpt lat="29.9928666" lon="101.8937413">
        <ele>3119.467361284954</ele>
        <time>2026-05-05T05:10:12.702Z</time>
        <speed>1.42</speed>
      </trkpt>
      <trkpt lat="29.9928681" lon="101.8937866">
        <ele>3119.4669574400546</ele>
        <time>2026-05-05T05:10:16.699Z</time>
        <speed>0.65</speed>
      </trkpt>
      <trkpt lat="29.9928617" lon="101.893824">
        <ele>3118.3830025466796</ele>
        <time>2026-05-05T05:10:36.701Z</time>
        <speed>0.0</speed>
      </trkpt>
      <trkpt lat="29.9928592" lon="101.8939252">
        <ele>3120.3041545778437</ele>
        <time>2026-05-05T05:10:50.703Z</time>
        <speed>2.83</speed>
      </trkpt>
      <trkpt lat="29.9928559" lon="101.8940531">
        <ele>3121.153212062541</ele>
        <time>2026-05-05T05:10:54.699Z</time>
        <speed>3.53</speed>
      </trkpt>
      <trkpt lat="29.992847" lon="101.8942331">
        <ele>3120.00930892537</ele>
        <time>2026-05-05T05:10:58.704Z</time>
        <speed>5.08</speed>
      </trkpt>
      <trkpt lat="29.9928144" lon="101.8944448">
        <ele>3118.7514602230035</ele>
        <time>2026-05-05T05:11:02.699Z</time>
        <speed>4.95</speed>
      </trkpt>
      <trkpt lat="29.9927547" lon="101.8946486">
        <ele>3119.722483241884</ele>
        <time>2026-05-05T05:11:06.702Z</time>
        <speed>5.73</speed>
      </trkpt>
      <trkpt lat="29.9926439" lon="101.8949102">
        <ele>3120.994760511356</ele>
        <time>2026-05-05T05:11:10.698Z</time>
        <speed>7.68</speed>
      </trkpt>
      <trkpt lat="29.9924949" lon="101.8951437">
        <ele>3120.3788108147055</ele>
        <time>2026-05-05T05:11:14.706Z</time>
        <speed>6.71</speed>
      </trkpt>
      <trkpt lat="29.9923194" lon="101.8953586">
        <ele>3119.345800660955</ele>
        <time>2026-05-05T05:11:18.700Z</time>
        <speed>7.44</speed>
      </trkpt>
      <trkpt lat="29.9921168" lon="101.8955833">
        <ele>3119.762081820508</ele>
        <time>2026-05-05T05:11:22.701Z</time>
        <speed>8.11</speed>
      </trkpt>
      <trkpt lat="29.9919001" lon="101.8958319">
        <ele>3120.156313634278</ele>
        <time>2026-05-05T05:11:26.702Z</time>
        <speed>8.73</speed>
      </trkpt>
      <trkpt lat="29.9916731" lon="101.8961114">
        <ele>3118.3629694632773</ele>
        <time>2026-05-05T05:11:30.702Z</time>
        <speed>9.94</speed>
      </trkpt>
      <trkpt lat="29.9914451" lon="101.8964737">
        <ele>3117.154022515856</ele>
        <time>2026-05-05T05:11:34.700Z</time>
        <speed>11.41</speed>
      </trkpt>
      <trkpt lat="29.9912439" lon="101.8969078">
        <ele>3116.3798186172353</ele>
        <time>2026-05-05T05:11:38.700Z</time>
        <speed>12.06</speed>
      </trkpt>
      <trkpt lat="29.9910377" lon="101.8973454">
        <ele>3114.7579681825387</ele>
        <time>2026-05-05T05:11:42.699Z</time>
        <speed>12.23</speed>
      </trkpt>
      <trkpt lat="29.9908111" lon="101.8977881">
        <ele>3111.835427643281</ele>
        <time>2026-05-05T05:11:46.702Z</time>
        <speed>12.89</speed>
      </trkpt>
      <trkpt lat="29.9906609" lon="101.8979957">
        <ele>3110.334871506757</ele>
        <time>2026-05-05T05:11:48.698Z</time>
        <speed>12.96</speed>
      </trkpt>
      <trkpt lat="29.9902206" lon="101.8983949">
        <ele>3107.604886490368</ele>
        <time>2026-05-05T05:11:53.704Z</time>
        <speed>11.12</speed>
      </trkpt>
      <trkpt lat="29.9900067" lon="101.898744">
        <ele>3104.0539849092097</ele>
        <time>2026-05-05T05:11:57.699Z</time>
        <speed>10.36</speed>
      </trkpt>
      <trkpt lat="29.9900082" lon="101.899201">
        <ele>3101.062872592793</ele>
        <time>2026-05-05T05:12:01.700Z</time>
        <speed>12.01</speed>
      </trkpt>
      <trkpt lat="29.9900948" lon="101.8997132">
        <ele>3098.0212326595856</ele>
        <time>2026-05-05T05:12:05.701Z</time>
        <speed>13.1</speed>
      </trkpt>
      <trkpt lat="29.9901464" lon="101.9002432">
        <ele>3094.6828233183082</ele>
        <time>2026-05-05T05:12:09.699Z</time>
        <speed>12.8</speed>
      </trkpt>
      <trkpt lat="29.9901461" lon="101.9007773">
        <ele>3089.655023809701</ele>
        <time>2026-05-05T05:12:13.698Z</time>
        <speed>12.85</speed>
      </trkpt>
      <trkpt lat="29.9901142" lon="101.9013393">
        <ele>3085.052481556232</ele>
        <time>2026-05-05T05:12:17.699Z</time>
        <speed>14.53</speed>
      </trkpt>
      <trkpt lat="29.990065" lon="101.9019616">
        <ele>3082.146570043229</ele>
        <time>2026-05-05T05:12:21.700Z</time>
        <speed>15.42</speed>
      </trkpt>
      <trkpt lat="29.9899089" lon="101.9024841">
        <ele>3076.2581128630773</ele>
        <time>2026-05-05T05:12:25.701Z</time>
        <speed>12.14</speed>
      </trkpt>
      <trkpt lat="29.9896471" lon="101.9028727">
        <ele>3070.145064389397</ele>
        <time>2026-05-05T05:12:29.703Z</time>
        <speed>11.54</speed>
      </trkpt>
      <trkpt lat="29.989364" lon="101.9032544">
        <ele>3065.416038455168</ele>
        <time>2026-05-05T05:12:33.700Z</time>
        <speed>12.5</speed>
      </trkpt>
      <trkpt lat="29.9890849" lon="101.9036308">
        <ele>3062.662485997913</ele>
        <time>2026-05-05T05:12:37.701Z</time>
        <speed>11.89</speed>
      </trkpt>
      <trkpt lat="29.9887327" lon="101.9039237">
        <ele>3059.058341944056</ele>
        <time>2026-05-05T05:12:41.699Z</time>
        <speed>11.61</speed>
      </trkpt>
      <trkpt lat="29.9884241" lon="101.9041228">
        <ele>3054.200427789556</ele>
        <time>2026-05-05T05:12:45.702Z</time>
        <speed>9.49</speed>
      </trkpt>
      <trkpt lat="29.9882773" lon="101.9044423">
        <ele>3050.265476337833</ele>
        <time>2026-05-05T05:12:49.700Z</time>
        <speed>9.08</speed>
      </trkpt>
      <trkpt lat="29.9884285" lon="101.9048369">
        <ele>3050.165718709773</ele>
        <time>2026-05-05T05:12:53.700Z</time>
        <speed>12.1</speed>
      </trkpt>
      <trkpt lat="29.9885373" lon="101.9050555">
        <ele>3049.9272744856717</ele>
        <time>2026-05-05T05:12:55.699Z</time>
        <speed>12.06</speed>
      </trkpt>
      <trkpt lat="29.9885776" lon="101.9056775">
        <ele>3044.979967969273</ele>
        <time>2026-05-05T05:13:00.699Z</time>
        <speed>13.23</speed>
      </trkpt>
      <trkpt lat="29.9884985" lon="101.9062154">
        <ele>3042.6275165943734</ele>
        <time>2026-05-05T05:13:04.698Z</time>
        <speed>12.93</speed>
      </trkpt>
      <trkpt lat="29.988494" lon="101.9067491">
        <ele>3039.147078425619</ele>
        <time>2026-05-05T05:13:08.703Z</time>
        <speed>12.74</speed>
      </trkpt>
      <trkpt lat="29.988513" lon="101.9072578">
        <ele>3036.0230126560346</ele>
        <time>2026-05-05T05:13:12.699Z</time>
        <speed>11.94</speed>
      </trkpt>
      <trkpt lat="29.9885388" lon="101.9077569">
        <ele>3033.9395332553536</ele>
        <time>2026-05-05T05:13:16.697Z</time>
        <speed>12.28</speed>
      </trkpt>
      <trkpt lat="29.9886689" lon="101.908272">
        <ele>3032.506369756496</ele>
        <time>2026-05-05T05:13:20.698Z</time>
        <speed>14.01</speed>
      </trkpt>
      <trkpt lat="29.9889182" lon="101.9088307">
        <ele>3031.215432672847</ele>
        <time>2026-05-05T05:13:24.702Z</time>
        <speed>15.53</speed>
      </trkpt>
      <trkpt lat="29.9891563" lon="101.909392">
        <ele>3026.6926567285545</ele>
        <time>2026-05-05T05:13:28.698Z</time>
        <speed>14.26</speed>
      </trkpt>
      <trkpt lat="29.9893384" lon="101.9099506">
        <ele>3021.560302734375</ele>
        <time>2026-05-05T05:13:32.703Z</time>
        <speed>14.71</speed>
      </trkpt>
      <trkpt lat="29.9895262" lon="101.9105005">
        <ele>3020.3310546875</ele>
        <time>2026-05-05T05:13:36.701Z</time>
        <speed>13.99</speed>
      </trkpt>
      <trkpt lat="29.9897162" lon="101.9109944">
        <ele>3018.5657195592157</ele>
        <time>2026-05-05T05:13:40.701Z</time>
        <speed>12.65</speed>
      </trkpt>
      <trkpt lat="29.9898246" lon="101.9115044">
        <ele>3016.1277169231626</ele>
        <time>2026-05-05T05:13:44.701Z</time>
        <speed>13.17</speed>
      </trkpt>
      <trkpt lat="29.989844" lon="101.9120555">
        <ele>3014.744947729859</ele>
        <time>2026-05-05T05:13:48.701Z</time>
        <speed>12.7</speed>
      </trkpt>
      <trkpt lat="29.9898396" lon="101.9125706">
        <ele>3012.331158256242</ele>
        <time>2026-05-05T05:13:52.702Z</time>
        <speed>12.43</speed>
      </trkpt>
      <trkpt lat="29.9897585" lon="101.9131067">
        <ele>3009.6174603137565</ele>
        <time>2026-05-05T05:13:56.702Z</time>
        <speed>13.09</speed>
      </trkpt>
      <trkpt lat="29.9896371" lon="101.9136026">
        <ele>3008.521240234375</ele>
        <time>2026-05-05T05:14:00.700Z</time>
        <speed>11.81</speed>
      </trkpt>
      <trkpt lat="29.9896086" lon="101.9138427">
        <ele>3008.17822265625</ele>
        <time>2026-05-05T05:14:02.698Z</time>
        <speed>11.75</speed>
      </trkpt>
      <trkpt lat="29.9897079" lon="101.9143483">
        <ele>3006.941184969282</ele>
        <time>2026-05-05T05:14:06.700Z</time>
        <speed>13.86</speed>
      </trkpt>
      <trkpt lat="29.989953" lon="101.9148819">
        <ele>3004.914305267989</ele>
        <time>2026-05-05T05:14:10.697Z</time>
        <speed>15.14</speed>
      </trkpt>
      <trkpt lat="29.9901306" lon="101.9154649">
        <ele>3003.0358557328263</ele>
        <time>2026-05-05T05:14:14.699Z</time>
        <speed>15.05</speed>
      </trkpt>
      <trkpt lat="29.9900973" lon="101.9160922">
        <ele>3000.921626893867</ele>
        <time>2026-05-05T05:14:18.701Z</time>
        <speed>15.7</speed>
      </trkpt>
      <trkpt lat="29.9899247" lon="101.9166801">
        <ele>2999.37693807351</ele>
        <time>2026-05-05T05:14:22.701Z</time>
        <speed>14.88</speed>
      </trkpt>
      <trkpt lat="29.9898327" lon="101.9172868">
        <ele>2996.504562871915</ele>
        <time>2026-05-05T05:14:26.701Z</time>
        <speed>14.8</speed>
      </trkpt>
      <trkpt lat="29.9897906" lon="101.9178967">
        <ele>2994.7532451736206</ele>
        <time>2026-05-05T05:14:30.699Z</time>
        <speed>13.83</speed>
      </trkpt>
      <trkpt lat="29.9896007" lon="101.9183918">
        <ele>2990.966736417677</ele>
        <time>2026-05-05T05:14:34.701Z</time>
        <speed>13.28</speed>
      </trkpt>
      <trkpt lat="29.9892478" lon="101.9188226">
        <ele>2985.9216032689746</ele>
        <time>2026-05-05T05:14:38.701Z</time>
        <speed>14.37</speed>
      </trkpt>
      <trkpt lat="29.9888482" lon="101.9191341">
        <ele>2982.7870807546738</ele>
        <time>2026-05-05T05:14:42.706Z</time>
        <speed>12.89</speed>
      </trkpt>
      <trkpt lat="29.988436" lon="101.9193463">
        <ele>2981.1802389725076</ele>
        <time>2026-05-05T05:14:46.703Z</time>
        <speed>12.34</speed>
      </trkpt>
      <trkpt lat="29.9880678" lon="101.9195251">
        <ele>2976.5068526238338</ele>
        <time>2026-05-05T05:14:50.701Z</time>
        <speed>9.92</speed>
      </trkpt>
      <trkpt lat="29.9878792" lon="101.9198021">
        <ele>2974.195693932839</ele>
        <time>2026-05-05T05:14:54.701Z</time>
        <speed>8.76</speed>
      </trkpt>
      <trkpt lat="29.987923" lon="101.9202569">
        <ele>2972.3684110671343</ele>
        <time>2026-05-05T05:14:58.701Z</time>
        <speed>12.88</speed>
      </trkpt>
      <trkpt lat="29.9880406" lon="101.9208104">
        <ele>2971.8091009763307</ele>
        <time>2026-05-05T05:15:02.699Z</time>
        <speed>14.32</speed>
      </trkpt>
      <trkpt lat="29.9880603" lon="101.9214269">
        <ele>2969.798347646175</ele>
        <time>2026-05-05T05:15:06.701Z</time>
        <speed>15.33</speed>
      </trkpt>
      <trkpt lat="29.9880286" lon="101.9217452">
        <ele>2964.819671493234</ele>
        <time>2026-05-05T05:15:08.695Z</time>
        <speed>15.34</speed>
      </trkpt>
      <trkpt lat="29.9880063" lon="101.9223658">
        <ele>2958.7924257063473</ele>
        <time>2026-05-05T05:15:12.704Z</time>
        <speed>14.88</speed>
      </trkpt>
      <trkpt lat="29.9880283" lon="101.9229673">
        <ele>2954.7096405022776</ele>
        <time>2026-05-05T05:15:16.698Z</time>
        <speed>13.91</speed>
      </trkpt>
      <trkpt lat="29.9878788" lon="101.9234569">
        <ele>2952.8300582360284</ele>
        <time>2026-05-05T05:15:20.701Z</time>
        <speed>11.8</speed>
      </trkpt>
      <trkpt lat="29.9876038" lon="101.9238075">
        <ele>2952.255951960449</ele>
        <time>2026-05-05T05:15:24.699Z</time>
        <speed>11.11</speed>
      </trkpt>
      <trkpt lat="29.9873429" lon="101.924159">
        <ele>2952.6189248979686</ele>
        <time>2026-05-05T05:15:28.701Z</time>
        <speed>11.27</speed>
      </trkpt>
      <trkpt lat="29.987134" lon="101.924581">
        <ele>2956.1705019332185</ele>
        <time>2026-05-05T05:15:32.701Z</time>
        <speed>11.81</speed>
      </trkpt>
      <trkpt lat="29.9869286" lon="101.9249601">
        <ele>2958.101996707523</ele>
        <time>2026-05-05T05:15:36.702Z</time>
        <speed>10.4</speed>
      </trkpt>
      <trkpt lat="29.9866627" lon="101.925339">
        <ele>2959.3076730128637</ele>
        <time>2026-05-05T05:15:40.699Z</time>
        <speed>13.02</speed>
      </trkpt>
      <trkpt lat="29.9864292" lon="101.9257828">
        <ele>2961.9916847120244</ele>
        <time>2026-05-05T05:15:44.703Z</time>
        <speed>11.7</speed>
      </trkpt>
      <trkpt lat="29.9863231" lon="101.9262627">
        <ele>2965.2653874804305</ele>
        <time>2026-05-05T05:15:48.701Z</time>
        <speed>11.6</speed>
      </trkpt>
      <trkpt lat="29.986248" lon="101.9266786">
        <ele>2968.2357096603814</ele>
        <time>2026-05-05T05:15:52.700Z</time>
        <speed>9.59</speed>
      </trkpt>
      <trkpt lat="29.9861637" lon="101.927082">
        <ele>2970.6012122768507</ele>
        <time>2026-05-05T05:15:56.701Z</time>
        <speed>10.88</speed>
      </trkpt>
      <trkpt lat="29.9860174" lon="101.9274918">
        <ele>2974.029157125426</ele>
        <time>2026-05-05T05:16:00.699Z</time>
        <speed>10.34</speed>
      </trkpt>
      <trkpt lat="29.9858738" lon="101.9278763">
        <ele>2978.153007750789</ele>
        <time>2026-05-05T05:16:04.701Z</time>
        <speed>10.01</speed>
      </trkpt>
      <trkpt lat="29.98582" lon="101.9283145">
        <ele>2979.749091570426</ele>
        <time>2026-05-05T05:16:08.699Z</time>
        <speed>11.38</speed>
      </trkpt>
      <trkpt lat="29.9858132" lon="101.9287894">
        <ele>2980.325547923354</ele>
        <time>2026-05-05T05:16:12.697Z</time>
        <speed>11.48</speed>
      </trkpt>
      <trkpt lat="29.9858152" lon="101.929021">
        <ele>2980.406105312505</ele>
        <time>2026-05-05T05:16:14.696Z</time>
        <speed>11.13</speed>
      </trkpt>
      <trkpt lat="29.9859465" lon="101.9295725">
        <ele>2981.0186685094172</ele>
        <time>2026-05-05T05:16:19.700Z</time>
        <speed>11.57</speed>
      </trkpt>
      <trkpt lat="29.9862253" lon="101.9299794">
        <ele>2980.985836324521</ele>
        <time>2026-05-05T05:16:23.696Z</time>
        <speed>13.13</speed>
      </trkpt>
      <trkpt lat="29.9864524" lon="101.9304831">
        <ele>2978.756848180074</ele>
        <time>2026-05-05T05:16:27.700Z</time>
        <speed>14.1</speed>
      </trkpt>
      <trkpt lat="29.9865638" lon="101.9310481">
        <ele>2975.3387317626266</ele>
        <time>2026-05-05T05:16:31.699Z</time>
        <speed>13.79</speed>
      </trkpt>
      <trkpt lat="29.9866617" lon="101.9316035">
        <ele>2971.1529712280626</ele>
        <time>2026-05-05T05:16:35.700Z</time>
        <speed>13.52</speed>
      </trkpt>
      <trkpt lat="29.9868113" lon="101.9321356">
        <ele>2965.720354875036</ele>
        <time>2026-05-05T05:16:39.699Z</time>
        <speed>13.48</speed>
      </trkpt>
      <trkpt lat="29.9870226" lon="101.9325627">
        <ele>2963.537336250532</ele>
        <time>2026-05-05T05:16:43.699Z</time>
        <speed>10.38</speed>
      </trkpt>
      <trkpt lat="29.9873371" lon="101.9328005">
        <ele>2960.027306728248</ele>
        <time>2026-05-05T05:16:47.700Z</time>
        <speed>10.52</speed>
      </trkpt>
      <trkpt lat="29.9876444" lon="101.9330837">
        <ele>2958.2334035050512</ele>
        <time>2026-05-05T05:16:51.699Z</time>
        <speed>11.87</speed>
      </trkpt>
      <trkpt lat="29.9878774" lon="101.933532">
        <ele>2955.3178868239643</ele>
        <time>2026-05-05T05:16:55.700Z</time>
        <speed>12.85</speed>
      </trkpt>
      <trkpt lat="29.9879975" lon="101.9340374">
        <ele>2955.2208482854767</ele>
        <time>2026-05-05T05:16:59.699Z</time>
        <speed>12.45</speed>
      </trkpt>
      <trkpt lat="29.9882073" lon="101.9345052">
        <ele>2956.703165870294</ele>
        <time>2026-05-05T05:17:03.700Z</time>
        <speed>13.53</speed>
      </trkpt>
      <trkpt lat="29.9884661" lon="101.9349492">
        <ele>2958.1495740838377</ele>
        <time>2026-05-05T05:17:07.700Z</time>
        <speed>12.43</speed>
      </trkpt>
      <trkpt lat="29.9886166" lon="101.9354216">
        <ele>2959.5724421654954</ele>
        <time>2026-05-05T05:17:11.700Z</time>
        <speed>11.57</speed>
      </trkpt>
      <trkpt lat="29.9887625" lon="101.9358207">
        <ele>2960.402789362341</ele>
        <time>2026-05-05T05:17:15.700Z</time>
        <speed>9.82</speed>
      </trkpt>
      <trkpt lat="29.9890941" lon="101.9360312">
        <ele>2961.600635931847</ele>
        <time>2026-05-05T05:17:19.700Z</time>
        <speed>12.09</speed>
      </trkpt>
      <trkpt lat="29.9893143" lon="101.9360886">
        <ele>2963.013280095665</ele>
        <time>2026-05-05T05:17:21.699Z</time>
        <speed>12.53</speed>
      </trkpt>
      <trkpt lat="29.9898412" lon="101.936286">
        <ele>2964.2164582639757</ele>
        <time>2026-05-05T05:17:26.699Z</time>
        <speed>12.5</speed>
      </trkpt>
      <trkpt lat="29.990201" lon="101.936602">
        <ele>2965.8835776636456</ele>
        <time>2026-05-05T05:17:30.701Z</time>
        <speed>13.02</speed>
      </trkpt>
      <trkpt lat="29.9905059" lon="101.9370451">
        <ele>2967.4282940035623</ele>
        <time>2026-05-05T05:17:34.697Z</time>
        <speed>14.18</speed>
      </trkpt>
      <trkpt lat="29.9908414" lon="101.9375157">
        <ele>2968.296603296084</ele>
        <time>2026-05-05T05:17:38.703Z</time>
        <speed>14.93</speed>
      </trkpt>
      <trkpt lat="29.9912486" lon="101.9378351">
        <ele>2967.97025543317</ele>
        <time>2026-05-05T05:17:42.698Z</time>
        <speed>12.92</speed>
      </trkpt>
      <trkpt lat="29.991691" lon="101.9379125">
        <ele>2966.8653096885614</ele>
        <time>2026-05-05T05:17:46.700Z</time>
        <speed>12.47</speed>
      </trkpt>
      <trkpt lat="29.9921234" lon="101.9377414">
        <ele>2964.374470741287</ele>
        <time>2026-05-05T05:17:50.700Z</time>
        <speed>13.05</speed>
      </trkpt>
      <trkpt lat="29.9925353" lon="101.937705">
        <ele>2961.9127494263585</ele>
        <time>2026-05-05T05:17:54.698Z</time>
        <speed>11.73</speed>
      </trkpt>
      <trkpt lat="29.9928548" lon="101.9380126">
        <ele>2957.964319230485</ele>
        <time>2026-05-05T05:17:58.700Z</time>
        <speed>12.97</speed>
      </trkpt>
      <trkpt lat="29.9930774" lon="101.9385093">
        <ele>2954.830593048478</ele>
        <time>2026-05-05T05:18:02.696Z</time>
        <speed>13.88</speed>
      </trkpt>
      <trkpt lat="29.9933606" lon="101.938998">
        <ele>2952.234847990072</ele>
        <time>2026-05-05T05:18:06.700Z</time>
        <speed>14.23</speed>
      </trkpt>
      <trkpt lat="29.9938291" lon="101.9393013">
        <ele>2948.445393671819</ele>
        <time>2026-05-05T05:18:10.698Z</time>
        <speed>15.54</speed>
      </trkpt>
      <trkpt lat="29.9943153" lon="101.9395802">
        <ele>2945.5380695492213</ele>
        <time>2026-05-05T05:18:14.700Z</time>
        <speed>14.83</speed>
      </trkpt>
      <trkpt lat="29.9946957" lon="101.9400262">
        <ele>2942.558958531294</ele>
        <time>2026-05-05T05:18:18.699Z</time>
        <speed>14.8</speed>
      </trkpt>
      <trkpt lat="29.9950014" lon="101.9405256">
        <ele>2940.741564286648</ele>
        <time>2026-05-05T05:18:22.697Z</time>
        <speed>14.45</speed>
      </trkpt>
      <trkpt lat="29.9951723" lon="101.9411074">
        <ele>2937.193282313777</ele>
        <time>2026-05-05T05:18:26.699Z</time>
        <speed>15.29</speed>
      </trkpt>
      <trkpt lat="29.9952237" lon="101.941421">
        <ele>2934.9134918215022</ele>
        <time>2026-05-05T05:18:28.697Z</time>
        <speed>15.28</speed>
      </trkpt>
      <trkpt lat="29.9954159" lon="101.9419751">
        <ele>2930.0032717021368</ele>
        <time>2026-05-05T05:18:32.702Z</time>
        <speed>13.72</speed>
      </trkpt>
      <trkpt lat="29.9956867" lon="101.9424565">
        <ele>2924.604706116945</ele>
        <time>2026-05-05T05:18:36.698Z</time>
        <speed>14.18</speed>
      </trkpt>
      <trkpt lat="29.9958761" lon="101.9429663">
        <ele>2920.7772419715698</ele>
        <time>2026-05-05T05:18:40.701Z</time>
        <speed>12.36</speed>
      </trkpt>
      <trkpt lat="29.9961024" lon="101.9433884">
        <ele>2918.2581353043615</ele>
        <time>2026-05-05T05:18:44.698Z</time>
        <speed>12.44</speed>
      </trkpt>
      <trkpt lat="29.996456" lon="101.9437698">
        <ele>2916.8172672765136</ele>
        <time>2026-05-05T05:18:48.700Z</time>
        <speed>12.67</speed>
      </trkpt>
      <trkpt lat="29.9968084" lon="101.9441232">
        <ele>2913.4027122148354</ele>
        <time>2026-05-05T05:18:52.700Z</time>
        <speed>13.11</speed>
      </trkpt>
      <trkpt lat="29.9971857" lon="101.9444921">
        <ele>2910.6427964366726</ele>
        <time>2026-05-05T05:18:56.701Z</time>
        <speed>13.89</speed>
      </trkpt>
      <trkpt lat="29.9975682" lon="101.9448401">
        <ele>2906.1694779886916</ele>
        <time>2026-05-05T05:19:00.702Z</time>
        <speed>13.12</speed>
      </trkpt>
      <trkpt lat="29.9979077" lon="101.94513">
        <ele>2902.6083387121776</ele>
        <time>2026-05-05T05:19:04.700Z</time>
        <speed>11.22</speed>
      </trkpt>
      <trkpt lat="29.9982481" lon="101.9453683">
        <ele>2899.159553721117</ele>
        <time>2026-05-05T05:19:08.697Z</time>
        <speed>11.11</speed>
      </trkpt>
      <trkpt lat="29.9986617" lon="101.9454502">
        <ele>2896.7135318756737</ele>
        <time>2026-05-05T05:19:12.701Z</time>
        <speed>11.95</speed>
      </trkpt>
      <trkpt lat="29.9991102" lon="101.9453425">
        <ele>2896.1326065215417</ele>
        <time>2026-05-05T05:19:16.700Z</time>
        <speed>13.22</speed>
      </trkpt>
      <trkpt lat="29.9995766" lon="101.9451915">
        <ele>2891.423573527063</ele>
        <time>2026-05-05T05:19:20.696Z</time>
        <speed>13.45</speed>
      </trkpt>
      <trkpt lat="29.9999854" lon="101.9450029">
        <ele>2885.894808678356</ele>
        <time>2026-05-05T05:19:24.699Z</time>
        <speed>10.53</speed>
      </trkpt>
      <trkpt lat="30.0002406" lon="101.9448157">
        <ele>2881.787183224702</ele>
        <time>2026-05-05T05:19:28.696Z</time>
        <speed>7.06</speed>
      </trkpt>
      <trkpt lat="30.0004031" lon="101.9446867">
        <ele>2877.4660716185303</ele>
        <time>2026-05-05T05:19:32.697Z</time>
        <speed>5.02</speed>
      </trkpt>
      <trkpt lat="30.0004833" lon="101.9446241">
        <ele>2875.613685814502</ele>
        <time>2026-05-05T05:19:34.694Z</time>
        <speed>5.69</speed>
      </trkpt>
      <trkpt lat="30.0006599" lon="101.9444871">
        <ele>2874.4573527827015</ele>
        <time>2026-05-05T05:19:38.699Z</time>
        <speed>5.87</speed>
      </trkpt>
      <trkpt lat="30.0008358" lon="101.9443898">
        <ele>2873.3200182906753</ele>
        <time>2026-05-05T05:19:42.700Z</time>
        <speed>4.86</speed>
      </trkpt>
      <trkpt lat="30.0009929" lon="101.9444584">
        <ele>2873.3329315041155</ele>
        <time>2026-05-05T05:19:46.702Z</time>
        <speed>4.96</speed>
      </trkpt>
      <trkpt lat="30.0010143" lon="101.9446643">
        <ele>2871.9783105022593</ele>
        <time>2026-05-05T05:19:50.697Z</time>
        <speed>6.13</speed>
      </trkpt>
      <trkpt lat="30.0009777" lon="101.9448792">
        <ele>2871.383947343191</ele>
        <time>2026-05-05T05:19:54.701Z</time>
        <speed>3.0</speed>
      </trkpt>
      <trkpt lat="30.000962" lon="101.9449824">
        <ele>2869.9015675239807</ele>
        <time>2026-05-05T05:19:58.699Z</time>
        <speed>1.91</speed>
      </trkpt>
      <trkpt lat="30.0009542" lon="101.9450459">
        <ele>2868.966270726397</ele>
        <time>2026-05-05T05:20:02.699Z</time>
        <speed>1.82</speed>
      </trkpt>
      <trkpt lat="30.0009463" lon="101.9451014">
        <ele>2868.477850992958</ele>
        <time>2026-05-05T05:20:06.698Z</time>
        <speed>1.78</speed>
      </trkpt>
      <trkpt lat="30.0009233" lon="101.9452335">
        <ele>2867.9945707383076</ele>
        <time>2026-05-05T05:20:10.701Z</time>
        <speed>4.51</speed>
      </trkpt>
      <trkpt lat="30.0008866" lon="101.945454">
        <ele>2867.8793276456904</ele>
        <time>2026-05-05T05:20:14.697Z</time>
        <speed>6.22</speed>
      </trkpt>
      <trkpt lat="30.0008396" lon="101.9457511">
        <ele>2866.5987586184624</ele>
        <time>2026-05-05T05:20:18.697Z</time>
        <speed>8.48</speed>
      </trkpt>
      <trkpt lat="30.000758" lon="101.9461187">
        <ele>2864.6687888389706</ele>
        <time>2026-05-05T05:20:22.697Z</time>
        <speed>9.4</speed>
      </trkpt>
      <trkpt lat="30.0006682" lon="101.9464484">
        <ele>2862.1423159322912</ele>
        <time>2026-05-05T05:20:26.696Z</time>
        <speed>7.9</speed>
      </trkpt>
      <trkpt lat="30.0005826" lon="101.9467588">
        <ele>2859.9662090687207</ele>
        <time>2026-05-05T05:20:30.697Z</time>
        <speed>7.29</speed>
      </trkpt>
      <trkpt lat="30.0005656" lon="101.9470421">
        <ele>2857.189884718644</ele>
        <time>2026-05-05T05:20:34.696Z</time>
        <speed>6.95</speed>
      </trkpt>
      <trkpt lat="30.0006845" lon="101.9472792">
        <ele>2855.251985673318</ele>
        <time>2026-05-05T05:20:38.697Z</time>
        <speed>6.62</speed>
      </trkpt>
      <trkpt lat="30.0007724" lon="101.9473554">
        <ele>2854.496954396154</ele>
        <time>2026-05-05T05:20:40.695Z</time>
        <speed>5.65</speed>
      </trkpt>
      <trkpt lat="30.0010023" lon="101.9474735">
        <ele>2853.0311270688294</ele>
        <time>2026-05-05T05:20:45.702Z</time>
        <speed>5.9</speed>
      </trkpt>
      <trkpt lat="30.0012311" lon="101.9475736">
        <ele>2851.1921540989506</ele>
        <time>2026-05-05T05:20:49.700Z</time>
        <speed>7.14</speed>
      </trkpt>
      <trkpt lat="30.0014261" lon="101.9476534">
        <ele>2849.9012596969606</ele>
        <time>2026-05-05T05:20:53.699Z</time>
        <speed>5.91</speed>
      </trkpt>
      <trkpt lat="30.0016508" lon="101.9477455">
        <ele>2847.45459528887</ele>
        <time>2026-05-05T05:20:57.701Z</time>
        <speed>6.54</speed>
      </trkpt>
      <trkpt lat="30.0018769" lon="101.9478318">
        <ele>2845.767324940816</ele>
        <time>2026-05-05T05:21:01.698Z</time>
        <speed>7.09</speed>
      </trkpt>
      <trkpt lat="30.0021397" lon="101.9479051">
        <ele>2843.006296842761</ele>
        <time>2026-05-05T05:21:05.700Z</time>
        <speed>7.17</speed>
      </trkpt>
      <trkpt lat="30.0023874" lon="101.9479685">
        <ele>2840.523285748239</ele>
        <time>2026-05-05T05:21:09.698Z</time>
        <speed>7.36</speed>
      </trkpt>
      <trkpt lat="30.002648" lon="101.9480613">
        <ele>2838.3878520649673</ele>
        <time>2026-05-05T05:21:13.700Z</time>
        <speed>7.97</speed>
      </trkpt>
      <trkpt lat="30.0028994" lon="101.9482418">
        <ele>2834.9908870537447</ele>
        <time>2026-05-05T05:21:17.700Z</time>
        <speed>8.17</speed>
      </trkpt>
      <trkpt lat="30.0031109" lon="101.9484801">
        <ele>2833.0488344122637</ele>
        <time>2026-05-05T05:21:21.702Z</time>
        <speed>8.04</speed>
      </trkpt>
      <trkpt lat="30.0032963" lon="101.9487011">
        <ele>2830.30185395655</ele>
        <time>2026-05-05T05:21:25.697Z</time>
        <speed>7.06</speed>
      </trkpt>
      <trkpt lat="30.0034893" lon="101.9488679">
        <ele>2827.633269873955</ele>
        <time>2026-05-05T05:21:29.701Z</time>
        <speed>6.78</speed>
      </trkpt>
      <trkpt lat="30.0037389" lon="101.9489225">
        <ele>2825.4915935828662</ele>
        <time>2026-05-05T05:21:33.698Z</time>
        <speed>6.8</speed>
      </trkpt>
      <trkpt lat="30.0039845" lon="101.9488716">
        <ele>2823.713260991348</ele>
        <time>2026-05-05T05:21:37.698Z</time>
        <speed>7.54</speed>
      </trkpt>
      <trkpt lat="30.0042395" lon="101.9488206">
        <ele>2820.322032816223</ele>
        <time>2026-05-05T05:21:41.699Z</time>
        <speed>7.29</speed>
      </trkpt>
      <trkpt lat="30.0045005" lon="101.9488699">
        <ele>2818.75311602316</ele>
        <time>2026-05-05T05:21:45.700Z</time>
        <speed>7.76</speed>
      </trkpt>
      <trkpt lat="30.0046431" lon="101.9489396">
        <ele>2817.7806844657284</ele>
        <time>2026-05-05T05:21:47.698Z</time>
        <speed>8.85</speed>
      </trkpt>
      <trkpt lat="30.0049459" lon="101.9491194">
        <ele>2815.111488188258</ele>
        <time>2026-05-05T05:21:51.698Z</time>
        <speed>10.17</speed>
      </trkpt>
      <trkpt lat="30.0053096" lon="101.9493419">
        <ele>2812.075077569983</ele>
        <time>2026-05-05T05:21:55.702Z</time>
        <speed>12.65</speed>
      </trkpt>
      <trkpt lat="30.0057208" lon="101.9496204">
        <ele>2809.4073077056128</ele>
        <time>2026-05-05T05:21:59.703Z</time>
        <speed>12.82</speed>
      </trkpt>
      <trkpt lat="30.0060327" lon="101.9499458">
        <ele>2805.986431249431</ele>
        <time>2026-05-05T05:22:03.699Z</time>
        <speed>11.31</speed>
      </trkpt>
      <trkpt lat="30.0062427" lon="101.9503007">
        <ele>2802.256442478528</ele>
        <time>2026-05-05T05:22:07.696Z</time>
        <speed>10.01</speed>
      </trkpt>
      <trkpt lat="30.0064699" lon="101.9506688">
        <ele>2800.9247457413608</ele>
        <time>2026-05-05T05:22:11.697Z</time>
        <speed>11.97</speed>
      </trkpt>
      <trkpt lat="30.0068165" lon="101.9510183">
        <ele>2799.7944401708883</ele>
        <time>2026-05-05T05:22:15.696Z</time>
        <speed>13.71</speed>
      </trkpt>
      <trkpt lat="30.0072906" lon="101.9513557">
        <ele>2798.172164684722</ele>
        <time>2026-05-05T05:22:19.697Z</time>
        <speed>16.64</speed>
      </trkpt>
      <trkpt lat="30.007818" lon="101.9516788">
        <ele>2793.9613756652457</ele>
        <time>2026-05-05T05:22:23.696Z</time>
        <speed>15.88</speed>
      </trkpt>
      <trkpt lat="30.0083143" lon="101.9519161">
        <ele>2789.1579171615617</ele>
        <time>2026-05-05T05:22:27.696Z</time>
        <speed>14.36</speed>
      </trkpt>
      <trkpt lat="30.0087795" lon="101.9521175">
        <ele>2785.0552084884735</ele>
        <time>2026-05-05T05:22:31.696Z</time>
        <speed>12.81</speed>
      </trkpt>
      <trkpt lat="30.0092455" lon="101.9521949">
        <ele>2781.1545125936227</ele>
        <time>2026-05-05T05:22:35.697Z</time>
        <speed>13.28</speed>
      </trkpt>
      <trkpt lat="30.0097558" lon="101.9521017">
        <ele>2778.5817791007053</ele>
        <time>2026-05-05T05:22:39.697Z</time>
        <speed>14.84</speed>
      </trkpt>
      <trkpt lat="30.0102758" lon="101.9519338">
        <ele>2774.594844408459</ele>
        <time>2026-05-05T05:22:43.696Z</time>
        <speed>15.16</speed>
      </trkpt>
      <trkpt lat="30.0107822" lon="101.9517615">
        <ele>2769.0890864100384</ele>
        <time>2026-05-05T05:22:47.697Z</time>
        <speed>14.56</speed>
      </trkpt>
      <trkpt lat="30.011255" lon="101.9515456">
        <ele>2764.914159191724</ele>
        <time>2026-05-05T05:22:51.697Z</time>
        <speed>14.15</speed>
      </trkpt>
      <trkpt lat="30.0114876" lon="101.9514308">
        <ele>2762.906651361278</ele>
        <time>2026-05-05T05:22:53.696Z</time>
        <speed>13.84</speed>
      </trkpt>
      <trkpt lat="30.0120685" lon="101.9512313">
        <ele>2759.0432965952273</ele>
        <time>2026-05-05T05:22:58.703Z</time>
        <speed>13.52</speed>
      </trkpt>
      <trkpt lat="30.0125603" lon="101.9512672">
        <ele>2756.6534445400416</ele>
        <time>2026-05-05T05:23:02.699Z</time>
        <speed>14.43</speed>
      </trkpt>
      <trkpt lat="30.0130823" lon="101.9514312">
        <ele>2751.551207938882</ele>
        <time>2026-05-05T05:23:06.699Z</time>
        <speed>15.57</speed>
      </trkpt>
      <trkpt lat="30.013629" lon="101.9516148">
        <ele>2747.764480112009</ele>
        <time>2026-05-05T05:23:10.698Z</time>
        <speed>15.42</speed>
      </trkpt>
      <trkpt lat="30.0141316" lon="101.9518676">
        <ele>2744.691842067881</ele>
        <time>2026-05-05T05:23:14.698Z</time>
        <speed>14.95</speed>
      </trkpt>
      <trkpt lat="30.0145805" lon="101.9521439">
        <ele>2744.1393087405722</ele>
        <time>2026-05-05T05:23:18.700Z</time>
        <speed>13.54</speed>
      </trkpt>
      <trkpt lat="30.015024" lon="101.9523838">
        <ele>2742.2419274736726</ele>
        <time>2026-05-05T05:23:22.699Z</time>
        <speed>13.81</speed>
      </trkpt>
      <trkpt lat="30.0154843" lon="101.9526352">
        <ele>2739.3583537193913</ele>
        <time>2026-05-05T05:23:26.700Z</time>
        <speed>14.01</speed>
      </trkpt>
      <trkpt lat="30.0158732" lon="101.9529619">
        <ele>2735.7059782723177</ele>
        <time>2026-05-05T05:23:30.699Z</time>
        <speed>12.26</speed>
      </trkpt>
      <trkpt lat="30.0162377" lon="101.9531683">
        <ele>2731.9465570274683</ele>
        <time>2026-05-05T05:23:34.702Z</time>
        <speed>11.5</speed>
      </trkpt>
      <trkpt lat="30.0166779" lon="101.9532241">
        <ele>2728.9425624977675</ele>
        <time>2026-05-05T05:23:38.701Z</time>
        <speed>12.72</speed>
      </trkpt>
      <trkpt lat="30.0170903" lon="101.9534515">
        <ele>2725.4019300663567</ele>
        <time>2026-05-05T05:23:42.700Z</time>
        <speed>12.61</speed>
      </trkpt>
      <trkpt lat="30.0173554" lon="101.9536349">
        <ele>2721.809594194834</ele>
        <time>2026-05-05T05:23:46.700Z</time>
        <speed>3.96</speed>
      </trkpt>
      <trkpt lat="30.0174012" lon="101.9536561">
        <ele>2717.73164098177</ele>
        <time>2026-05-05T05:23:50.700Z</time>
        <speed>0.54</speed>
      </trkpt>
      <trkpt lat="30.01747" lon="101.953681">
        <ele>2716.475898534085</ele>
        <time>2026-05-05T05:23:54.701Z</time>
        <speed>2.82</speed>
      </trkpt>
      <trkpt lat="30.0175642" lon="101.9537051">
        <ele>2716.3227710071874</ele>
        <time>2026-05-05T05:23:58.701Z</time>
        <speed>2.08</speed>
      </trkpt>
      <trkpt lat="30.0176099" lon="101.9537141">
        <ele>2715.4496086065446</ele>
        <time>2026-05-05T05:24:00.697Z</time>
        <speed>2.8</speed>
      </trkpt>
      <trkpt lat="30.0177519" lon="101.9537366">
        <ele>2714.8859119819745</ele>
        <time>2026-05-05T05:24:04.699Z</time>
        <speed>5.12</speed>
      </trkpt>
      <trkpt lat="30.0179876" lon="101.9537715">
        <ele>2713.2968178810006</ele>
        <time>2026-05-05T05:24:08.699Z</time>
        <speed>7.28</speed>
      </trkpt>
      <trkpt lat="30.0182704" lon="101.9538274">
        <ele>2711.033406913218</ele>
        <time>2026-05-05T05:24:12.701Z</time>
        <speed>7.97</speed>
      </trkpt>
      <trkpt lat="30.0185659" lon="101.9538942">
        <ele>2710.1592159731003</ele>
        <time>2026-05-05T05:24:16.701Z</time>
        <speed>8.74</speed>
      </trkpt>
      <trkpt lat="30.0188777" lon="101.9539542">
        <ele>2707.9862997736013</ele>
        <time>2026-05-05T05:24:20.701Z</time>
        <speed>7.9</speed>
      </trkpt>
      <trkpt lat="30.0191539" lon="101.9539838">
        <ele>2706.535409994283</ele>
        <time>2026-05-05T05:24:24.698Z</time>
        <speed>8.18</speed>
      </trkpt>
      <trkpt lat="30.019455" lon="101.9539951">
        <ele>2704.3175584244023</ele>
        <time>2026-05-05T05:24:28.699Z</time>
        <speed>8.92</speed>
      </trkpt>
      <trkpt lat="30.0197923" lon="101.9540138">
        <ele>2702.2224521664907</ele>
        <time>2026-05-05T05:24:32.699Z</time>
        <speed>9.54</speed>
      </trkpt>
      <trkpt lat="30.0201189" lon="101.9541006">
        <ele>2699.3663786341403</ele>
        <time>2026-05-05T05:24:36.699Z</time>
        <speed>8.83</speed>
      </trkpt>
      <trkpt lat="30.020411" lon="101.9542117">
        <ele>2695.877454223234</ele>
        <time>2026-05-05T05:24:40.700Z</time>
        <speed>9.02</speed>
      </trkpt>
      <trkpt lat="30.020737" lon="101.9543253">
        <ele>2693.0469188722877</ele>
        <time>2026-05-05T05:24:44.700Z</time>
        <speed>9.66</speed>
      </trkpt>
      <trkpt lat="30.0211011" lon="101.954393">
        <ele>2690.1208650309604</ele>
        <time>2026-05-05T05:24:48.701Z</time>
        <speed>10.78</speed>
      </trkpt>
      <trkpt lat="30.0214968" lon="101.954416">
        <ele>2687.581049103423</ele>
        <time>2026-05-05T05:24:52.699Z</time>
        <speed>10.79</speed>
      </trkpt>
      <trkpt lat="30.0219015" lon="101.9543751">
        <ele>2683.6360541188124</ele>
        <time>2026-05-05T05:24:56.702Z</time>
        <speed>12.06</speed>
      </trkpt>
      <trkpt lat="30.0223373" lon="101.9543428">
        <ele>2682.141922516644</ele>
        <time>2026-05-05T05:25:00.699Z</time>
        <speed>12.3</speed>
      </trkpt>
      <trkpt lat="30.0227691" lon="101.9543698">
        <ele>2682.9366782251277</ele>
        <time>2026-05-05T05:25:04.700Z</time>
        <speed>11.77</speed>
      </trkpt>
      <trkpt lat="30.0229724" lon="101.9544142">
        <ele>2684.422343095676</ele>
        <time>2026-05-05T05:25:06.697Z</time>
        <speed>11.35</speed>
      </trkpt>
      <trkpt lat="30.0234684" lon="101.9545754">
        <ele>2687.4881468782946</ele>
        <time>2026-05-05T05:25:11.700Z</time>
        <speed>12.22</speed>
      </trkpt>
      <trkpt lat="30.0239348" lon="101.9547336">
        <ele>2687.3715855156756</ele>
        <time>2026-05-05T05:25:15.699Z</time>
        <speed>14.3</speed>
      </trkpt>
      <trkpt lat="30.0244481" lon="101.9549124">
        <ele>2685.914637280214</ele>
        <time>2026-05-05T05:25:19.699Z</time>
        <speed>15.51</speed>
      </trkpt>
      <trkpt lat="30.0249957" lon="101.9551198">
        <ele>2681.8175431969703</ele>
        <time>2026-05-05T05:25:23.702Z</time>
        <speed>16.19</speed>
      </trkpt>
      <trkpt lat="30.0255735" lon="101.9553336">
        <ele>2678.0917373557627</ele>
        <time>2026-05-05T05:25:27.700Z</time>
        <speed>17.3</speed>
      </trkpt>
      <trkpt lat="30.0261587" lon="101.9555549">
        <ele>2674.9684202465337</ele>
        <time>2026-05-05T05:25:31.700Z</time>
        <speed>17.15</speed>
      </trkpt>
      <trkpt lat="30.0267172" lon="101.95576">
        <ele>2670.049170445653</ele>
        <time>2026-05-05T05:25:35.700Z</time>
        <speed>15.64</speed>
      </trkpt>
      <trkpt lat="30.0272571" lon="101.955882">
        <ele>2666.875074099482</ele>
        <time>2026-05-05T05:25:39.700Z</time>
        <speed>15.07</speed>
      </trkpt>
      <trkpt lat="30.027801" lon="101.9558586">
        <ele>2662.460367589214</ele>
        <time>2026-05-05T05:25:43.699Z</time>
        <speed>15.12</speed>
      </trkpt>
      <trkpt lat="30.0282947" lon="101.9557121">
        <ele>2659.8613113632723</ele>
        <time>2026-05-05T05:25:47.700Z</time>
        <speed>13.06</speed>
      </trkpt>
      <trkpt lat="30.0287328" lon="101.9555079">
        <ele>2656.631463669416</ele>
        <time>2026-05-05T05:25:51.699Z</time>
        <speed>13.1</speed>
      </trkpt>
      <trkpt lat="30.0291858" lon="101.9552892">
        <ele>2654.7925545852668</ele>
        <time>2026-05-05T05:25:55.699Z</time>
        <speed>14.12</speed>
      </trkpt>
      <trkpt lat="30.0296652" lon="101.9550528">
        <ele>2653.5648769225672</ele>
        <time>2026-05-05T05:25:59.700Z</time>
        <speed>14.51</speed>
      </trkpt>
      <trkpt lat="30.0301245" lon="101.9548201">
        <ele>2652.413006784023</ele>
        <time>2026-05-05T05:26:03.700Z</time>
        <speed>13.68</speed>
      </trkpt>
      <trkpt lat="30.0422143" lon="101.9548375">
        <ele>2624.3270958640255</ele>
        <time>2026-05-05T05:27:34.723Z</time>
        <speed>15.49</speed>
      </trkpt>
      <trkpt lat="30.0425648" lon="101.9548904">
        <ele>2623.86733680353</ele>
        <time>2026-05-05T05:27:37.696Z</time>
        <speed>14.14</speed>
      </trkpt>
      <trkpt lat="30.0431427" lon="101.9550693">
        <ele>2621.6085685142584</ele>
        <time>2026-05-05T05:27:42.695Z</time>
        <speed>13.19</speed>
      </trkpt>
      <trkpt lat="30.0436209" lon="101.9552072">
        <ele>2620.4627012445776</ele>
        <time>2026-05-05T05:27:46.697Z</time>
        <speed>14.45</speed>
      </trkpt>
      <trkpt lat="30.0441595" lon="101.9553655">
        <ele>2616.644821327465</ele>
        <time>2026-05-05T05:27:50.700Z</time>
        <speed>15.8</speed>
      </trkpt>
      <trkpt lat="30.0446856" lon="101.9554964">
        <ele>2613.18681780058</ele>
        <time>2026-05-05T05:27:54.699Z</time>
        <speed>14.74</speed>
      </trkpt>
      <trkpt lat="30.0452125" lon="101.9555447">
        <ele>2608.37401703226</ele>
        <time>2026-05-05T05:27:58.700Z</time>
        <speed>14.57</speed>
      </trkpt>
      <trkpt lat="30.0457221" lon="101.9555263">
        <ele>2605.022418637237</ele>
        <time>2026-05-05T05:28:02.698Z</time>
        <speed>13.9</speed>
      </trkpt>
      <trkpt lat="30.0462221" lon="101.9555646">
        <ele>2600.272694227921</ele>
        <time>2026-05-05T05:28:06.698Z</time>
        <speed>14.27</speed>
      </trkpt>
      <trkpt lat="30.0467101" lon="101.9557767">
        <ele>2596.2521641660237</ele>
        <time>2026-05-05T05:28:10.697Z</time>
        <speed>13.57</speed>
      </trkpt>
      <trkpt lat="30.0471014" lon="101.9560583">
        <ele>2593.3820329551645</ele>
        <time>2026-05-05T05:28:14.697Z</time>
        <speed>12.62</speed>
      </trkpt>
      <trkpt lat="30.0475113" lon="101.9563268">
        <ele>2590.115730798561</ele>
        <time>2026-05-05T05:28:18.698Z</time>
        <speed>13.75</speed>
      </trkpt>
      <trkpt lat="30.0479759" lon="101.9565634">
        <ele>2587.3573382458485</ele>
        <time>2026-05-05T05:28:22.698Z</time>
        <speed>14.39</speed>
      </trkpt>
      <trkpt lat="30.0484473" lon="101.9567475">
        <ele>2585.1063418189738</ele>
        <time>2026-05-05T05:28:26.698Z</time>
        <speed>13.27</speed>
      </trkpt>
      <trkpt lat="30.0488993" lon="101.9568824">
        <ele>2582.8885360730114</ele>
        <time>2026-05-05T05:28:30.699Z</time>
        <speed>12.83</speed>
      </trkpt>
      <trkpt lat="30.0493632" lon="101.9569722">
        <ele>2581.705909190315</ele>
        <time>2026-05-05T05:28:34.697Z</time>
        <speed>13.6</speed>
      </trkpt>
      <trkpt lat="30.049867" lon="101.9570119">
        <ele>2580.0418649126946</ele>
        <time>2026-05-05T05:28:38.697Z</time>
        <speed>14.1</speed>
      </trkpt>
      <trkpt lat="30.0550265" lon="101.9568592">
        <ele>2570.3298828301618</ele>
        <time>2026-05-05T05:29:25.725Z</time>
        <speed>12.46</speed>
      </trkpt>
      <trkpt lat="30.0555132" lon="101.9571356">
        <ele>2570.798727156154</ele>
        <time>2026-05-05T05:29:30.699Z</time>
        <speed>11.89</speed>
      </trkpt>
      <trkpt lat="30.0558856" lon="101.9574137">
        <ele>2570.325001978893</ele>
        <time>2026-05-05T05:29:34.701Z</time>
        <speed>12.96</speed>
      </trkpt>
      <trkpt lat="30.0562433" lon="101.9577697">
        <ele>2569.47608728361</ele>
        <time>2026-05-05T05:29:38.702Z</time>
        <speed>12.6</speed>
      </trkpt>
      <trkpt lat="30.0565434" lon="101.9581517">
        <ele>2568.1565986021283</ele>
        <time>2026-05-05T05:29:42.704Z</time>
        <speed>12.57</speed>
      </trkpt>
      <trkpt lat="30.0568333" lon="101.9585381">
        <ele>2566.8406132888476</ele>
        <time>2026-05-05T05:29:46.699Z</time>
        <speed>12.33</speed>
      </trkpt>
      <trkpt lat="30.0571295" lon="101.9589302">
        <ele>2566.074470931517</ele>
        <time>2026-05-05T05:29:50.698Z</time>
        <speed>12.91</speed>
      </trkpt>
      <trkpt lat="30.0575311" lon="101.9594805">
        <ele>2564.8810142255657</ele>
        <time>2026-05-05T05:29:55.701Z</time>
        <speed>14.55</speed>
      </trkpt>
      <trkpt lat="30.0578791" lon="101.9599306">
        <ele>2561.2341649887026</ele>
        <time>2026-05-05T05:29:59.698Z</time>
        <speed>14.37</speed>
      </trkpt>
      <trkpt lat="30.0582615" lon="101.9603249">
        <ele>2556.5129871104846</ele>
        <time>2026-05-05T05:30:03.699Z</time>
        <speed>14.01</speed>
      </trkpt>
      <trkpt lat="30.0587444" lon="101.9605441">
        <ele>2553.6212450020794</ele>
        <time>2026-05-05T05:30:07.697Z</time>
        <speed>14.3</speed>
      </trkpt>
      <trkpt lat="30.0592648" lon="101.9606649">
        <ele>2552.0363641824524</ele>
        <time>2026-05-05T05:30:11.695Z</time>
        <speed>15.07</speed>
      </trkpt>
      <trkpt lat="30.0597822" lon="101.9607864">
        <ele>2552.4217381803974</ele>
        <time>2026-05-05T05:30:15.694Z</time>
        <speed>14.64</speed>
      </trkpt>
      <trkpt lat="30.0603187" lon="101.9608376">
        <ele>2552.4781103453797</ele>
        <time>2026-05-05T05:30:19.695Z</time>
        <speed>14.65</speed>
      </trkpt>
      <trkpt lat="30.0608581" lon="101.9606951">
        <ele>2552.260563234993</ele>
        <time>2026-05-05T05:30:23.694Z</time>
        <speed>15.9</speed>
      </trkpt>
      <trkpt lat="30.0613549" lon="101.9605262">
        <ele>2550.8788219192425</ele>
        <time>2026-05-05T05:30:27.695Z</time>
        <speed>13.73</speed>
      </trkpt>
      <trkpt lat="30.0618337" lon="101.9603618">
        <ele>2546.1096531291178</ele>
        <time>2026-05-05T05:30:31.694Z</time>
        <speed>14.49</speed>
      </trkpt>
      <trkpt lat="30.0623537" lon="101.9601802">
        <ele>2542.1178434456438</ele>
        <time>2026-05-05T05:30:35.694Z</time>
        <speed>15.24</speed>
      </trkpt>
      <trkpt lat="30.0628797" lon="101.9599882">
        <ele>2537.3613495463</ele>
        <time>2026-05-05T05:30:39.694Z</time>
        <speed>15.67</speed>
      </trkpt>
      <trkpt lat="30.0634139" lon="101.9597565">
        <ele>2534.4591377954553</ele>
        <time>2026-05-05T05:30:43.694Z</time>
        <speed>16.17</speed>
      </trkpt>
      <trkpt lat="30.0639591" lon="101.9594507">
        <ele>2530.8382431277923</ele>
        <time>2026-05-05T05:30:47.694Z</time>
        <speed>17.23</speed>
      </trkpt>
      <trkpt lat="30.0645215" lon="101.9591427">
        <ele>2529.7236119537124</ele>
        <time>2026-05-05T05:30:51.695Z</time>
        <speed>17.61</speed>
      </trkpt>
      <trkpt lat="30.0651493" lon="101.9589036">
        <ele>2529.300027854732</ele>
        <time>2026-05-05T05:30:55.695Z</time>
        <speed>17.93</speed>
      </trkpt>
      <trkpt lat="30.0654477" lon="101.9588035">
        <ele>2527.8686580849553</ele>
        <time>2026-05-05T05:30:57.696Z</time>
        <speed>17.28</speed>
      </trkpt>
      <trkpt lat="30.0660569" lon="101.958587">
        <ele>2523.653922009959</ele>
        <time>2026-05-05T05:31:01.696Z</time>
        <speed>17.32</speed>
      </trkpt>
      <trkpt lat="30.0666603" lon="101.9584307">
        <ele>2519.0389599716445</ele>
        <time>2026-05-05T05:31:05.699Z</time>
        <speed>16.57</speed>
      </trkpt>
      <trkpt lat="30.0672311" lon="101.9583679">
        <ele>2515.113848498045</ele>
        <time>2026-05-05T05:31:09.698Z</time>
        <speed>15.67</speed>
      </trkpt>
      <trkpt lat="30.0677855" lon="101.9583364">
        <ele>2511.548028289338</ele>
        <time>2026-05-05T05:31:13.699Z</time>
        <speed>14.68</speed>
      </trkpt>
      <trkpt lat="30.0683193" lon="101.9582921">
        <ele>2506.8806905327374</ele>
        <time>2026-05-05T05:31:17.696Z</time>
        <speed>14.74</speed>
      </trkpt>
      <trkpt lat="30.0687911" lon="101.958201">
        <ele>2503.2451374118755</ele>
        <time>2026-05-05T05:31:21.699Z</time>
        <speed>12.67</speed>
      </trkpt>
      <trkpt lat="30.0692584" lon="101.9580714">
        <ele>2500.4769654084557</ele>
        <time>2026-05-05T05:31:25.698Z</time>
        <speed>13.66</speed>
      </trkpt>
      <trkpt lat="30.069729" lon="101.9578836">
        <ele>2499.8943694483805</ele>
        <time>2026-05-05T05:31:29.696Z</time>
        <speed>14.1</speed>
      </trkpt>
      <trkpt lat="30.0701817" lon="101.9576745">
        <ele>2498.7524074611983</ele>
        <time>2026-05-05T05:31:33.699Z</time>
        <speed>13.28</speed>
      </trkpt>
      <trkpt lat="30.0706176" lon="101.9574611">
        <ele>2497.517360712929</ele>
        <time>2026-05-05T05:31:37.697Z</time>
        <speed>12.68</speed>
      </trkpt>
      <trkpt lat="30.0710453" lon="101.9572937">
        <ele>2497.289484815693</ele>
        <time>2026-05-05T05:31:41.698Z</time>
        <speed>11.83</speed>
      </trkpt>
      <trkpt lat="30.0714079" lon="101.9573604">
        <ele>2497.718472587421</ele>
        <time>2026-05-05T05:31:45.701Z</time>
        <speed>9.14</speed>
      </trkpt>
      <trkpt lat="30.0716283" lon="101.9576483">
        <ele>2499.0754910575843</ele>
        <time>2026-05-05T05:31:49.699Z</time>
        <speed>10.27</speed>
      </trkpt>
      <trkpt lat="30.0716487" lon="101.9580837">
        <ele>2500.6495433412165</ele>
        <time>2026-05-05T05:31:53.699Z</time>
        <speed>11.05</speed>
      </trkpt>
      <trkpt lat="30.0713644" lon="101.9584465">
        <ele>2500.673397675374</ele>
        <time>2026-05-05T05:31:57.699Z</time>
        <speed>12.97</speed>
      </trkpt>
      <trkpt lat="30.0708969" lon="101.9585133">
        <ele>2498.8993675416555</ele>
        <time>2026-05-05T05:32:01.698Z</time>
        <speed>13.35</speed>
      </trkpt>
      <trkpt lat="30.070538" lon="101.9584956">
        <ele>2497.603968609277</ele>
        <time>2026-05-05T05:32:04.696Z</time>
        <speed>12.91</speed>
      </trkpt>
      <trkpt lat="30.0700089" lon="101.9585656">
        <ele>2494.943577925025</ele>
        <time>2026-05-05T05:32:09.699Z</time>
        <speed>12.07</speed>
      </trkpt>
      <trkpt lat="30.0696051" lon="101.958806">
        <ele>2493.0232614667834</ele>
        <time>2026-05-05T05:32:13.698Z</time>
        <speed>13.09</speed>
      </trkpt>
      <trkpt lat="30.0692519" lon="101.9591515">
        <ele>2492.4196998753227</ele>
        <time>2026-05-05T05:32:17.698Z</time>
        <speed>12.2</speed>
      </trkpt>
      <trkpt lat="30.0689448" lon="101.9594963">
        <ele>2492.578333302565</ele>
        <time>2026-05-05T05:32:21.699Z</time>
        <speed>12.19</speed>
      </trkpt>
      <trkpt lat="30.0686618" lon="101.9598761">
        <ele>2492.835103026215</ele>
        <time>2026-05-05T05:32:25.701Z</time>
        <speed>11.88</speed>
      </trkpt>
      <trkpt lat="30.0584022" lon="101.9819923">
        <ele>2433.2705996728073</ele>
        <time>2026-05-05T05:35:17.724Z</time>
        <speed>10.71</speed>
      </trkpt>
      <trkpt lat="30.0581075" lon="101.9822944">
        <ele>2431.1068557830768</ele>
        <time>2026-05-05T05:35:22.696Z</time>
        <speed>9.05</speed>
      </trkpt>
      <trkpt lat="30.0580253" lon="101.982414">
        <ele>2431.371542412398</ele>
        <time>2026-05-05T05:35:24.700Z</time>
        <speed>7.04</speed>
      </trkpt>
      <trkpt lat="30.0579902" lon="101.982689">
        <ele>2429.994242786795</ele>
        <time>2026-05-05T05:35:28.703Z</time>
        <speed>6.79</speed>
      </trkpt>
      <trkpt lat="30.0578906" lon="101.9828525">
        <ele>2428.8037274247786</ele>
        <time>2026-05-05T05:35:32.696Z</time>
        <speed>3.93</speed>
      </trkpt>
      <trkpt lat="30.057831" lon="101.9829086">
        <ele>2426.794919494446</ele>
        <time>2026-05-05T05:35:36.703Z</time>
        <speed>0.98</speed>
      </trkpt>
      <trkpt lat="30.0578018" lon="101.9829357">
        <ele>2425.444228403949</ele>
        <time>2026-05-05T05:35:40.698Z</time>
        <speed>0.85</speed>
      </trkpt>
      <trkpt lat="30.0577793" lon="101.9829565">
        <ele>2425.217770605617</ele>
        <time>2026-05-05T05:35:44.701Z</time>
        <speed>0.73</speed>
      </trkpt>
      <trkpt lat="30.0577561" lon="101.9829729">
        <ele>2425.3921890672013</ele>
        <time>2026-05-05T05:35:48.700Z</time>
        <speed>0.94</speed>
      </trkpt>
      <trkpt lat="30.0577404" lon="101.9829468">
        <ele>2425.0116843042983</ele>
        <time>2026-05-05T05:36:45.699Z</time>
        <speed>0.0</speed>
      </trkpt>
      <trkpt lat="30.0577157" lon="101.9829871">
        <ele>2425.8856667215146</ele>
        <time>2026-05-05T05:37:37.695Z</time>
        <speed>1.0</speed>
      </trkpt>
      <trkpt lat="30.0577078" lon="101.9830369">
        <ele>2426.2835985228708</ele>
        <time>2026-05-05T05:37:43.698Z</time>
        <speed>0.48</speed>
      </trkpt>
      <trkpt lat="30.0576846" lon="101.983056">
        <ele>2425.7611743485886</ele>
        <time>2026-05-05T05:38:12.695Z</time>
        <speed>0.0</speed>
      </trkpt>
      <trkpt lat="30.0576767" lon="101.9830261">
        <ele>2425.9676785528486</ele>
        <time>2026-05-05T05:38:20.725Z</time>
        <speed>0.0</speed>
      </trkpt>
      <trkpt lat="30.0576507" lon="101.9830599">
        <ele>2425.7976775944057</ele>
        <time>2026-05-05T05:38:28.725Z</time>
        <speed>0.0</speed>
      </trkpt>
      <trkpt lat="30.0576168" lon="101.9830751">
        <ele>2425.289214711164</ele>
        <time>2026-05-05T05:38:36.729Z</time>
        <speed>0.0</speed>
      </trkpt>
      <trkpt lat="30.0575767" lon="101.9830945">
        <ele>2425.5327042361737</ele>
        <time>2026-05-05T05:38:56.724Z</time>
        <speed>0.0</speed>
      </trkpt>
      <trkpt lat="30.0575675" lon="101.9831362">
        <ele>2426.685711276044</ele>
        <time>2026-05-05T05:39:40.718Z</time>
        <speed>1.22</speed>
      </trkpt>
      <trkpt lat="30.0575802" lon="101.9831894">
        <ele>2426.5267795446703</ele>
        <time>2026-05-05T05:39:44.718Z</time>
        <speed>1.08</speed>
      </trkpt>
      <trkpt lat="30.0576141" lon="101.9832421">
        <ele>2427.183449891766</ele>
        <time>2026-05-05T05:39:48.718Z</time>
        <speed>1.62</speed>
      </trkpt>
      <trkpt lat="30.0576447" lon="101.9833181">
        <ele>2427.3582292909637</ele>
        <time>2026-05-05T05:39:52.719Z</time>
        <speed>1.32</speed>
      </trkpt>
      <trkpt lat="30.0576633" lon="101.9833955">
        <ele>2427.812051984739</ele>
        <time>2026-05-05T05:39:56.718Z</time>
        <speed>1.06</speed>
      </trkpt>
      <trkpt lat="30.057682" lon="101.9834198">
        <ele>2427.061450156328</ele>
        <time>2026-05-05T05:40:00.718Z</time>
        <speed>0.55</speed>
      </trkpt>
      <trkpt lat="30.057651" lon="101.9833992">
        <ele>2427.490346487883</ele>
        <time>2026-05-05T05:40:16.718Z</time>
        <speed>0.22</speed>
      </trkpt>
      <trkpt lat="30.0576779" lon="101.9833827">
        <ele>2428.2972860792947</ele>
        <time>2026-05-05T05:41:53.719Z</time>
        <speed>0.0</speed>
      </trkpt>
      <trkpt lat="30.0576908" lon="101.9833461">
        <ele>2428.3057408653813</ele>
        <time>2026-05-05T05:45:28.718Z</time>
        <speed>0.0</speed>
      </trkpt>
      <trkpt lat="30.0577187" lon="101.983343">
        <ele>2430.2694703543366</ele>
        <time>2026-05-05T05:48:42.718Z</time>
        <speed>0.0</speed>
      </trkpt>
      <trkpt lat="30.0577528" lon="101.983346">
        <ele>2430.61372240699</ele>
        <time>2026-05-05T05:49:06.718Z</time>
        <speed>1.21</speed>
      </trkpt>
      <trkpt lat="30.0577933" lon="101.9833669">
        <ele>2430.7032856286764</ele>
        <time>2026-05-05T05:49:10.719Z</time>
        <speed>1.31</speed>
      </trkpt>
      <trkpt lat="30.0578121" lon="101.9834342">
        <ele>2430.8021475217715</ele>
        <time>2026-05-05T05:49:14.718Z</time>
        <speed>2.06</speed>
      </trkpt>
      <trkpt lat="30.0578866" lon="101.9835852">
        <ele>2430.7989004949636</ele>
        <time>2026-05-05T05:49:18.718Z</time>
        <speed>5.28</speed>
      </trkpt>
      <trkpt lat="30.0580086" lon="101.9837812">
        <ele>2429.927050262046</ele>
        <time>2026-05-05T05:49:23.719Z</time>
        <speed>4.13</speed>
      </trkpt>
      <trkpt lat="30.0580924" lon="101.983951">
        <ele>2428.271551284079</ele>
        <time>2026-05-05T05:49:27.718Z</time>
        <speed>5.85</speed>
      </trkpt>
      <trkpt lat="30.0581546" lon="101.9842944">
        <ele>2428.368100105867</ele>
        <time>2026-05-05T05:49:31.718Z</time>
        <speed>9.84</speed>
      </trkpt>
      <trkpt lat="30.058217" lon="101.9847833">
        <ele>2427.8626359349664</ele>
        <time>2026-05-05T05:49:35.719Z</time>
        <speed>12.96</speed>
      </trkpt>
      <trkpt lat="30.0582922" lon="101.9853312">
        <ele>2427.0673518288795</ele>
        <time>2026-05-05T05:49:39.718Z</time>
        <speed>13.32</speed>
      </trkpt>
      <trkpt lat="30.0584386" lon="101.9858717">
        <ele>2424.3511501060875</ele>
        <time>2026-05-05T05:49:43.699Z</time>
        <speed>13.28</speed>
      </trkpt>
      <trkpt lat="30.0587064" lon="101.986351">
        <ele>2421.678658725497</ele>
        <time>2026-05-05T05:49:47.698Z</time>
        <speed>14.15</speed>
      </trkpt>
      <trkpt lat="30.05898" lon="101.9868765">
        <ele>2420.1092104045365</ele>
        <time>2026-05-05T05:49:51.698Z</time>
        <speed>14.81</speed>
      </trkpt>
      <trkpt lat="30.059143" lon="101.9874732">
        <ele>2417.8666489335874</ele>
        <time>2026-05-05T05:49:55.699Z</time>
        <speed>15.09</speed>
      </trkpt>
      <trkpt lat="30.0592586" lon="101.9880709">
        <ele>2416.8853310098325</ele>
        <time>2026-05-05T05:49:59.698Z</time>
        <speed>14.86</speed>
      </trkpt>
      <trkpt lat="30.0593737" lon="101.9886886">
        <ele>2414.857647376737</ele>
        <time>2026-05-05T05:50:03.697Z</time>
        <speed>15.41</speed>
      </trkpt>
      <trkpt lat="30.0594916" lon="101.9893409">
        <ele>2413.95176905297</ele>
        <time>2026-05-05T05:50:07.697Z</time>
        <speed>16.38</speed>
      </trkpt>
      <trkpt lat="30.0596007" lon="101.9899808">
        <ele>2413.251873648753</ele>
        <time>2026-05-05T05:50:11.697Z</time>
        <speed>15.46</speed>
      </trkpt>
      <trkpt lat="30.0596573" lon="101.9905772">
        <ele>2410.934064501661</ele>
        <time>2026-05-05T05:50:15.697Z</time>
        <speed>14.22</speed>
      </trkpt>
      <trkpt lat="30.0596632" lon="101.991208">
        <ele>2411.52448833594</ele>
        <time>2026-05-05T05:50:19.696Z</time>
        <speed>15.97</speed>
      </trkpt>
      <trkpt lat="30.0596338" lon="101.9919044">
        <ele>2411.3563292891636</ele>
        <time>2026-05-05T05:50:23.697Z</time>
        <speed>17.91</speed>
      </trkpt>
      <trkpt lat="30.0596162" lon="101.9922808">
        <ele>2411.220656693488</ele>
        <time>2026-05-05T05:50:25.694Z</time>
        <speed>18.26</speed>
      </trkpt>
      <trkpt lat="30.0595719" lon="101.9930386">
        <ele>2409.8901697295314</ele>
        <time>2026-05-05T05:50:29.695Z</time>
        <speed>18.3</speed>
      </trkpt>
      <trkpt lat="30.0595251" lon="101.9938101">
        <ele>2408.8279566754954</ele>
        <time>2026-05-05T05:50:33.698Z</time>
        <speed>18.63</speed>
      </trkpt>
      <trkpt lat="30.0595625" lon="101.994534">
        <ele>2406.438166204395</ele>
        <time>2026-05-05T05:50:37.695Z</time>
        <speed>17.17</speed>
      </trkpt>
      <trkpt lat="30.0597066" lon="101.9952549">
        <ele>2404.3664713805833</ele>
        <time>2026-05-05T05:50:41.696Z</time>
        <speed>18.62</speed>
      </trkpt>
      <trkpt lat="30.0598813" lon="101.9960324">
        <ele>2403.97734282231</ele>
        <time>2026-05-05T05:50:45.697Z</time>
        <speed>19.31</speed>
      </trkpt>
      <trkpt lat="30.0600671" lon="101.9968357">
        <ele>2398.4448585048012</ele>
        <time>2026-05-05T05:50:49.695Z</time>
        <speed>20.7</speed>
      </trkpt>
      <trkpt lat="30.0602409" lon="101.9976754">
        <ele>2395.3663824936725</ele>
        <time>2026-05-05T05:50:53.696Z</time>
        <speed>19.79</speed>
      </trkpt>
      <trkpt lat="30.0603228" lon="101.9984043">
        <ele>2391.771748818417</ele>
        <time>2026-05-05T05:50:57.698Z</time>
        <speed>15.75</speed>
      </trkpt>
      <trkpt lat="30.0603672" lon="101.9989655">
        <ele>2390.1459993562366</ele>
        <time>2026-05-05T05:51:01.694Z</time>
        <speed>12.12</speed>
      </trkpt>
      <trkpt lat="30.0604388" lon="101.9993568">
        <ele>2388.875020356042</ele>
        <time>2026-05-05T05:51:05.695Z</time>
        <speed>7.61</speed>
      </trkpt>
      <trkpt lat="30.0605133" lon="101.9995716">
        <ele>2389.1675267814485</ele>
        <time>2026-05-05T05:51:09.694Z</time>
        <speed>4.88</speed>
      </trkpt>
      <trkpt lat="30.060596" lon="101.9997373">
        <ele>2389.180644079928</ele>
        <time>2026-05-05T05:51:13.697Z</time>
        <speed>1.33</speed>
      </trkpt>
      <trkpt lat="30.0606079" lon="101.9997989">
        <ele>2389.058722749734</ele>
        <time>2026-05-05T05:51:21.695Z</time>
        <speed>0.89</speed>
      </trkpt>
      <trkpt lat="30.0606805" lon="101.9999064">
        <ele>2389.373111194308</ele>
        <time>2026-05-05T05:51:29.699Z</time>
        <speed>6.97</speed>
      </trkpt>
      <trkpt lat="30.0607598" lon="102.0000301">
        <ele>2389.871526999034</ele>
        <time>2026-05-05T05:51:31.694Z</time>
        <speed>8.1</speed>
      </trkpt>
      <trkpt lat="30.0609884" lon="102.0003863">
        <ele>2390.2169092133713</ele>
        <time>2026-05-05T05:51:36.697Z</time>
        <speed>8.69</speed>
      </trkpt>
      <trkpt lat="30.0611712" lon="102.000678">
        <ele>2389.514766728609</ele>
        <time>2026-05-05T05:51:40.696Z</time>
        <speed>8.42</speed>
      </trkpt>
      <trkpt lat="30.0613597" lon="102.0009427">
        <ele>2390.5443534901547</ele>
        <time>2026-05-05T05:51:44.697Z</time>
        <speed>8.54</speed>
      </trkpt>
      <trkpt lat="30.0616106" lon="102.0011928">
        <ele>2390.762272953147</ele>
        <time>2026-05-05T05:51:48.697Z</time>
        <speed>9.74</speed>
      </trkpt>
      <trkpt lat="30.0619478" lon="102.0014192">
        <ele>2390.853540825895</ele>
        <time>2026-05-05T05:51:52.697Z</time>
        <speed>11.63</speed>
      </trkpt>
      <trkpt lat="30.0623413" lon="102.0016434">
        <ele>2390.575614191708</ele>
        <time>2026-05-05T05:51:56.698Z</time>
        <speed>12.38</speed>
      </trkpt>
      <trkpt lat="30.0626997" lon="102.0019154">
        <ele>2389.148143527335</ele>
        <time>2026-05-05T05:52:00.697Z</time>
        <speed>11.58</speed>
      </trkpt>
      <trkpt lat="30.0628872" lon="102.0023193">
        <ele>2385.2126275213154</ele>
        <time>2026-05-05T05:52:04.698Z</time>
        <speed>10.98</speed>
      </trkpt>
      <trkpt lat="30.0629596" lon="102.0027557">
        <ele>2381.137876026158</ele>
        <time>2026-05-05T05:52:08.697Z</time>
        <speed>10.69</speed>
      </trkpt>
      <trkpt lat="30.0630679" lon="102.0032074">
        <ele>2378.130107632058</ele>
        <time>2026-05-05T05:52:12.694Z</time>
        <speed>12.18</speed>
      </trkpt>
      <trkpt lat="30.0633354" lon="102.00362">
        <ele>2375.7391345789347</ele>
        <time>2026-05-05T05:52:16.696Z</time>
        <speed>11.28</speed>
      </trkpt>
      <trkpt lat="30.0636054" lon="102.0039857">
        <ele>2372.3952284512907</ele>
        <time>2026-05-05T05:52:20.697Z</time>
        <speed>12.2</speed>
      </trkpt>
      <trkpt lat="30.0637812" lon="102.0044135">
        <ele>2369.245655379689</ele>
        <time>2026-05-05T05:52:24.697Z</time>
        <speed>10.37</speed>
      </trkpt>
      <trkpt lat="30.0638665" lon="102.0048397">
        <ele>2366.029370835431</ele>
        <time>2026-05-05T05:52:28.698Z</time>
        <speed>11.39</speed>
      </trkpt>
      <trkpt lat="30.0639091" lon="102.0053228">
        <ele>2364.920655776268</ele>
        <time>2026-05-05T05:52:32.696Z</time>
        <speed>11.85</speed>
      </trkpt>
      <trkpt lat="30.0640574" lon="102.0057797">
        <ele>2363.352092276504</ele>
        <time>2026-05-05T05:52:36.696Z</time>
        <speed>12.22</speed>
      </trkpt>
      <trkpt lat="30.0641829" lon="102.0059843">
        <ele>2362.4567575577444</ele>
        <time>2026-05-05T05:52:38.693Z</time>
        <speed>12.2</speed>
      </trkpt>
      <trkpt lat="30.0644709" lon="102.0063501">
        <ele>2360.000327176365</ele>
        <time>2026-05-05T05:52:42.697Z</time>
        <speed>11.84</speed>
      </trkpt>
      <trkpt lat="30.0647772" lon="102.0066967">
        <ele>2356.7097891642816</ele>
        <time>2026-05-05T05:52:46.694Z</time>
        <speed>11.91</speed>
      </trkpt>
      <trkpt lat="30.0650658" lon="102.0070294">
        <ele>2353.2914269384814</ele>
        <time>2026-05-05T05:52:50.698Z</time>
        <speed>10.77</speed>
      </trkpt>
      <trkpt lat="30.0653509" lon="102.0073397">
        <ele>2349.6339105644465</ele>
        <time>2026-05-05T05:52:54.695Z</time>
        <speed>10.5</speed>
      </trkpt>
      <trkpt lat="30.0656181" lon="102.0076024">
        <ele>2345.00892328008</ele>
        <time>2026-05-05T05:52:58.697Z</time>
        <speed>8.18</speed>
      </trkpt>
      <trkpt lat="30.0657935" lon="102.0077493">
        <ele>2343.5117057416314</ele>
        <time>2026-05-05T05:53:02.693Z</time>
        <speed>4.6</speed>
      </trkpt>
      <trkpt lat="30.0659118" lon="102.0078387">
        <ele>2341.2382093977562</ele>
        <time>2026-05-05T05:53:06.695Z</time>
        <speed>3.85</speed>
      </trkpt>
      <trkpt lat="30.0660354" lon="102.0079268">
        <ele>2340.203158900867</ele>
        <time>2026-05-05T05:53:10.695Z</time>
        <speed>3.73</speed>
      </trkpt>
      <trkpt lat="30.0661481" lon="102.0080035">
        <ele>2339.665710330256</ele>
        <time>2026-05-05T05:53:14.696Z</time>
        <speed>2.74</speed>
      </trkpt>
      <trkpt lat="30.0662128" lon="102.0080528">
        <ele>2339.68516668487</ele>
        <time>2026-05-05T05:53:18.694Z</time>
        <speed>1.31</speed>
      </trkpt>
      <trkpt lat="30.0662408" lon="102.0080658">
        <ele>2339.1396292277814</ele>
        <time>2026-05-05T05:53:22.697Z</time>
        <speed>1.12</speed>
      </trkpt>
      <trkpt lat="30.0663207" lon="102.0080984">
        <ele>2337.900450058657</ele>
        <time>2026-05-05T05:53:26.695Z</time>
        <speed>3.23</speed>
      </trkpt>
      <trkpt lat="30.0664273" lon="102.0081655">
        <ele>2338.9684765265447</ele>
        <time>2026-05-05T05:53:30.696Z</time>
        <speed>3.23</speed>
      </trkpt>
      <trkpt lat="30.066508" lon="102.0082175">
        <ele>2338.585566529659</ele>
        <time>2026-05-05T05:53:34.695Z</time>
        <speed>2.4</speed>
      </trkpt>
      <trkpt lat="30.0665575" lon="102.0082451">
        <ele>2338.3970626569962</ele>
        <time>2026-05-05T05:53:38.696Z</time>
        <speed>0.83</speed>
      </trkpt>
      <trkpt lat="30.0666218" lon="102.0082632">
        <ele>2338.2286983872577</ele>
        <time>2026-05-05T05:53:42.695Z</time>
        <speed>3.12</speed>
      </trkpt>
      <trkpt lat="30.0666816" lon="102.0082952">
        <ele>2337.9882411640124</ele>
        <time>2026-05-05T05:53:44.694Z</time>
        <speed>3.8</speed>
      </trkpt>
      <trkpt lat="30.0668087" lon="102.0083564">
        <ele>2337.561159959361</ele>
        <time>2026-05-05T05:53:49.694Z</time>
        <speed>2.59</speed>
      </trkpt>
      <trkpt lat="30.0669275" lon="102.0084238">
        <ele>2337.5225455588106</ele>
        <time>2026-05-05T05:53:53.697Z</time>
        <speed>5.19</speed>
      </trkpt>
      <trkpt lat="30.0671187" lon="102.0085974">
        <ele>2337.565833848813</ele>
        <time>2026-05-05T05:53:57.697Z</time>
        <speed>8.16</speed>
      </trkpt>
      <trkpt lat="30.0673777" lon="102.0087936">
        <ele>2337.105601784183</ele>
        <time>2026-05-05T05:54:01.697Z</time>
        <speed>8.57</speed>
      </trkpt>
      <trkpt lat="30.0675655" lon="102.00892">
        <ele>2336.255942906442</ele>
        <time>2026-05-05T05:54:05.694Z</time>
        <speed>4.76</speed>
      </trkpt>
      <trkpt lat="30.0676086" lon="102.0089475">
        <ele>2334.899829045676</ele>
        <time>2026-05-05T05:54:09.694Z</time>
        <speed>0.0</speed>
      </trkpt>
      <trkpt lat="30.067569" lon="102.0089224">
        <ele>2334.9912003104037</ele>
        <time>2026-05-05T05:54:21.696Z</time>
        <speed>0.63</speed>
      </trkpt>
      <trkpt lat="30.067533" lon="102.0088978">
        <ele>2335.040160129385</ele>
        <time>2026-05-05T05:54:29.695Z</time>
        <speed>0.73</speed>
      </trkpt>
      <trkpt lat="30.0674946" lon="102.0088731">
        <ele>2334.851970443203</ele>
        <time>2026-05-05T05:54:37.693Z</time>
        <speed>0.38</speed>
      </trkpt>
      <trkpt lat="30.0674584" lon="102.00885">
        <ele>2335.238033071708</ele>
        <time>2026-05-05T05:54:45.697Z</time>
        <speed>0.74</speed>
      </trkpt>
      <trkpt lat="30.0674261" lon="102.0088334">
        <ele>2335.4764105905397</ele>
        <time>2026-05-05T05:54:51.694Z</time>
        <speed>0.64</speed>
      </trkpt>
      <trkpt lat="30.0674012" lon="102.0088181">
        <ele>2335.6038177559763</ele>
        <time>2026-05-05T05:54:56.695Z</time>
        <speed>0.0</speed>
      </trkpt>
      <trkpt lat="30.0673505" lon="102.0087863">
        <ele>2335.899373568268</ele>
        <time>2026-05-05T05:55:03.696Z</time>
        <speed>0.47</speed>
      </trkpt>
      <trkpt lat="30.0673614" lon="102.0088523">
        <ele>2336.4999798853955</ele>
        <time>2026-05-05T05:55:11.695Z</time>
        <speed>1.67</speed>
      </trkpt>
      <trkpt lat="30.0673974" lon="102.0089338">
        <ele>2335.7221740419495</ele>
        <time>2026-05-05T05:55:15.696Z</time>
        <speed>2.93</speed>
      </trkpt>
      <trkpt lat="30.0674975" lon="102.0090197">
        <ele>2335.9199114129324</ele>
        <time>2026-05-05T05:55:19.697Z</time>
        <speed>3.89</speed>
      </trkpt>
      <trkpt lat="30.0676213" lon="102.0091005">
        <ele>2335.6273866897855</ele>
        <time>2026-05-05T05:55:23.697Z</time>
        <speed>3.28</speed>
      </trkpt>
      <trkpt lat="30.0677086" lon="102.0091505">
        <ele>2336.8135692537353</ele>
        <time>2026-05-05T05:55:27.696Z</time>
        <speed>1.7</speed>
      </trkpt>
      <trkpt lat="30.0677445" lon="102.0091736">
        <ele>2337.2768240764003</ele>
        <time>2026-05-05T05:55:31.697Z</time>
        <speed>0.89</speed>
      </trkpt>
      <trkpt lat="30.0678852" lon="102.0092658">
        <ele>2337.517246877032</ele>
        <time>2026-05-05T05:55:35.696Z</time>
        <speed>7.73</speed>
      </trkpt>
      <trkpt lat="30.0682287" lon="102.0094573">
        <ele>2337.0411113940836</ele>
        <time>2026-05-05T05:55:39.697Z</time>
        <speed>11.56</speed>
      </trkpt>
      <trkpt lat="30.0686512" lon="102.0096422">
        <ele>2334.896670814451</ele>
        <time>2026-05-05T05:55:43.697Z</time>
        <speed>13.08</speed>
      </trkpt>
      <trkpt lat="30.0691141" lon="102.0097777">
        <ele>2334.248828819049</ele>
        <time>2026-05-05T05:55:47.697Z</time>
        <speed>13.55</speed>
      </trkpt>
      <trkpt lat="30.0696072" lon="102.0098864">
        <ele>2333.428415924257</ele>
        <time>2026-05-05T05:55:51.697Z</time>
        <speed>13.83</speed>
      </trkpt>
      <trkpt lat="30.070041" lon="102.0100087">
        <ele>2332.6666856091624</ele>
        <time>2026-05-05T05:55:55.697Z</time>
        <speed>11.69</speed>
      </trkpt>
      <trkpt lat="30.0702468" lon="102.0100819">
        <ele>2331.5734975580863</ele>
        <time>2026-05-05T05:55:57.692Z</time>
        <speed>12.0</speed>
      </trkpt>
      <trkpt lat="30.0707494" lon="102.0103002">
        <ele>2330.0372098215676</ele>
        <time>2026-05-05T05:56:02.695Z</time>
        <speed>11.45</speed>
      </trkpt>
      <trkpt lat="30.0711218" lon="102.0104771">
        <ele>2328.416893355694</ele>
        <time>2026-05-05T05:56:06.694Z</time>
        <speed>11.02</speed>
      </trkpt>
      <trkpt lat="30.0715394" lon="102.0106711">
        <ele>2326.650320786851</ele>
        <time>2026-05-05T05:56:10.694Z</time>
        <speed>13.32</speed>
      </trkpt>
      <trkpt lat="30.0720121" lon="102.0108309">
        <ele>2326.0633765334283</ele>
        <time>2026-05-05T05:56:14.691Z</time>
        <speed>14.14</speed>
      </trkpt>
      <trkpt lat="30.0725129" lon="102.0110117">
        <ele>2324.637152923939</ele>
        <time>2026-05-05T05:56:18.694Z</time>
        <speed>14.74</speed>
      </trkpt>
      <trkpt lat="30.0729302" lon="102.0113093">
        <ele>2323.3638346790303</ele>
        <time>2026-05-05T05:56:22.691Z</time>
        <speed>13.05</speed>
      </trkpt>
      <trkpt lat="30.0732126" lon="102.0117419">
        <ele>2322.403405139599</ele>
        <time>2026-05-05T05:56:26.695Z</time>
        <speed>13.14</speed>
      </trkpt>
      <trkpt lat="30.0734689" lon="102.0121924">
        <ele>2322.825223788844</ele>
        <time>2026-05-05T05:56:30.695Z</time>
        <speed>12.42</speed>
      </trkpt>
      <trkpt lat="30.0737906" lon="102.0125204">
        <ele>2324.3393635975754</ele>
        <time>2026-05-05T05:56:34.696Z</time>
        <speed>12.42</speed>
      </trkpt>
      <trkpt lat="30.0741911" lon="102.0127043">
        <ele>2326.548958227716</ele>
        <time>2026-05-05T05:56:38.693Z</time>
        <speed>12.16</speed>
      </trkpt>
      <trkpt lat="30.074624" lon="102.0128177">
        <ele>2328.467549398431</ele>
        <time>2026-05-05T05:56:42.696Z</time>
        <speed>12.41</speed>
      </trkpt>
      <trkpt lat="30.0750752" lon="102.0129341">
        <ele>2330.1660297665017</ele>
        <time>2026-05-05T05:56:46.696Z</time>
        <speed>13.01</speed>
      </trkpt>
      <trkpt lat="30.0765839" lon="102.0134873">
        <ele>2326.008981650313</ele>
        <time>2026-05-05T05:56:58.696Z</time>
        <speed>16.1</speed>
      </trkpt>
      <trkpt lat="30.0771064" lon="102.0138623">
        <ele>2324.5453989653806</ele>
        <time>2026-05-05T05:57:02.694Z</time>
        <speed>18.39</speed>
      </trkpt>
      <trkpt lat="30.0773934" lon="102.0140985">
        <ele>2324.090076735056</ele>
        <time>2026-05-05T05:57:04.693Z</time>
        <speed>19.87</speed>
      </trkpt>
      <trkpt lat="30.0779565" lon="102.0146719">
        <ele>2323.4916271452294</ele>
        <time>2026-05-05T05:57:08.698Z</time>
        <speed>20.98</speed>
      </trkpt>
      <trkpt lat="30.0784519" lon="102.0153464">
        <ele>2321.2314356896036</ele>
        <time>2026-05-05T05:57:12.695Z</time>
        <speed>21.47</speed>
      </trkpt>
      <trkpt lat="30.0788722" lon="102.0160963">
        <ele>2319.216975754189</ele>
        <time>2026-05-05T05:57:16.696Z</time>
        <speed>21.71</speed>
      </trkpt>
      <trkpt lat="30.0792093" lon="102.016874">
        <ele>2316.160611757556</ele>
        <time>2026-05-05T05:57:20.696Z</time>
        <speed>20.6</speed>
      </trkpt>
      <trkpt lat="30.0794767" lon="102.0176965">
        <ele>2313.662799307356</ele>
        <time>2026-05-05T05:57:24.696Z</time>
        <speed>21.39</speed>
      </trkpt>
      <trkpt lat="30.0797152" lon="102.0185785">
        <ele>2311.357893647411</ele>
        <time>2026-05-05T05:57:28.695Z</time>
        <speed>22.82</speed>
      </trkpt>
      <trkpt lat="30.0799503" lon="102.0194858">
        <ele>2308.4662498606895</ele>
        <time>2026-05-05T05:57:32.694Z</time>
        <speed>22.58</speed>
      </trkpt>
      <trkpt lat="30.0801827" lon="102.0203769">
        <ele>2305.40543739388</ele>
        <time>2026-05-05T05:57:36.697Z</time>
        <speed>22.47</speed>
      </trkpt>
      <trkpt lat="30.0792795" lon="102.0559641">
        <ele>2217.8069701346767</ele>
        <time>2026-05-05T06:00:15.719Z</time>
        <speed>19.47</speed>
      </trkpt>
      <trkpt lat="30.0714091" lon="102.0689244">
        <ele>2180.7008318397006</ele>
        <time>2026-05-05T06:01:21.719Z</time>
        <speed>23.23</speed>
      </trkpt>
      <trkpt lat="30.0711347" lon="102.0700144">
        <ele>2177.528852912629</ele>
        <time>2026-05-05T06:01:26.694Z</time>
        <speed>23.29</speed>
      </trkpt>
      <trkpt lat="30.0708492" lon="102.071202">
        <ele>2175.8760993851633</ele>
        <time>2026-05-05T06:01:31.718Z</time>
        <speed>23.2</speed>
      </trkpt>
      <trkpt lat="30.0581575" lon="102.0960756">
        <ele>2103.0442034153402</ele>
        <time>2026-05-05T06:03:40.692Z</time>
        <speed>21.9</speed>
      </trkpt>
      <trkpt lat="30.0087425" lon="102.1639945">
        <ele>1767.2416617015351</ele>
        <time>2026-05-05T06:13:36.695Z</time>
        <speed>22.15</speed>
      </trkpt>
      <trkpt lat="30.0079543" lon="102.1640419">
        <ele>1764.3970760883387</ele>
        <time>2026-05-05T06:13:40.719Z</time>
      </trkpt>
      <trkpt lat="29.9904766" lon="102.1857452">
        <ele>1675.3383801456093</ele>
        <time>2026-05-05T06:16:24.689Z</time>
        <speed>23.02</speed>
      </trkpt>
      <trkpt lat="29.9910916" lon="102.1872308">
        <ele>1670.4032738015576</ele>
        <time>2026-05-05T06:16:31.690Z</time>
        <speed>22.86</speed>
      </trkpt>
      <trkpt lat="29.9773547" lon="102.2043819">
        <ele>1600.1154237683672</ele>
        <time>2026-05-05T06:18:32.691Z</time>
        <speed>20.23</speed>
      </trkpt>
      <trkpt lat="29.9752757" lon="102.204663">
        <ele>1595.154966984518</ele>
        <time>2026-05-05T06:18:44.691Z</time>
        <speed>19.25</speed>
      </trkpt>
      <trkpt lat="29.9745638" lon="102.2047171">
        <ele>1594.1301462633653</ele>
        <time>2026-05-05T06:18:48.692Z</time>
        <speed>20.24</speed>
      </trkpt>
      <trkpt lat="29.9728103" lon="102.204846">
        <ele>1591.1083329002809</ele>
        <time>2026-05-05T06:18:57.692Z</time>
        <speed>22.61</speed>
      </trkpt>
      <trkpt lat="29.9719969" lon="102.2049771">
        <ele>1589.6566949764413</ele>
        <time>2026-05-05T06:19:01.690Z</time>
        <speed>22.8</speed>
      </trkpt>
      <trkpt lat="29.9712084" lon="102.2052286">
        <ele>1587.9747793712816</ele>
        <time>2026-05-05T06:19:05.691Z</time>
        <speed>22.73</speed>
      </trkpt>
      <trkpt lat="29.9704513" lon="102.2055873">
        <ele>1585.7323665214076</ele>
        <time>2026-05-05T06:19:09.694Z</time>
        <speed>22.77</speed>
      </trkpt>
      <trkpt lat="29.9697411" lon="102.2060608">
        <ele>1585.0441548665042</ele>
        <time>2026-05-05T06:19:13.691Z</time>
        <speed>22.83</speed>
      </trkpt>
      <trkpt lat="29.969106" lon="102.2066193">
        <ele>1584.3443805109525</ele>
        <time>2026-05-05T06:19:17.692Z</time>
        <speed>21.06</speed>
      </trkpt>
      <trkpt lat="29.9686057" lon="102.207174">
        <ele>1581.1231197512648</ele>
        <time>2026-05-05T06:19:21.692Z</time>
        <speed>18.16</speed>
      </trkpt>
      <trkpt lat="29.9681969" lon="102.2077295">
        <ele>1578.8825870084902</ele>
        <time>2026-05-05T06:19:25.691Z</time>
        <speed>17.15</speed>
      </trkpt>
      <trkpt lat="29.967848" lon="102.2083092">
        <ele>1577.8077432157486</ele>
        <time>2026-05-05T06:19:29.690Z</time>
        <speed>16.97</speed>
      </trkpt>
      <trkpt lat="29.9675442" lon="102.2089352">
        <ele>1577.7299803172152</ele>
        <time>2026-05-05T06:19:33.691Z</time>
        <speed>17.55</speed>
      </trkpt>
      <trkpt lat="29.9672844" lon="102.2096109">
        <ele>1577.9325622793413</ele>
        <time>2026-05-05T06:19:37.691Z</time>
        <speed>18.02</speed>
      </trkpt>
      <trkpt lat="29.9670454" lon="102.210316">
        <ele>1580.1766935694793</ele>
        <time>2026-05-05T06:19:41.692Z</time>
        <speed>18.55</speed>
      </trkpt>
      <trkpt lat="29.9665378" lon="102.211834">
        <ele>1582.0513190390209</ele>
        <time>2026-05-05T06:19:49.691Z</time>
        <speed>20.77</speed>
      </trkpt>
      <trkpt lat="29.9662693" lon="102.2126476">
        <ele>1583.4671300523837</ele>
        <time>2026-05-05T06:19:53.691Z</time>
        <speed>20.96</speed>
      </trkpt>
      <trkpt lat="29.9661358" lon="102.2130518">
        <ele>1583.4325342699465</ele>
        <time>2026-05-05T06:19:55.690Z</time>
        <speed>20.82</speed>
      </trkpt>
      <trkpt lat="29.9655883" lon="102.2147116">
        <ele>1583.769748507222</ele>
        <time>2026-05-05T06:20:03.690Z</time>
        <speed>22.25</speed>
      </trkpt>
      <trkpt lat="29.9652994" lon="102.2155836">
        <ele>1583.756462142588</ele>
        <time>2026-05-05T06:20:07.692Z</time>
        <speed>22.65</speed>
      </trkpt>
      <trkpt lat="29.9647176" lon="102.2173473">
        <ele>1583.3287787031848</ele>
        <time>2026-05-05T06:20:15.692Z</time>
        <speed>22.8</speed>
      </trkpt>
      <trkpt lat="29.9644247" lon="102.2182315">
        <ele>1582.8822287976964</ele>
        <time>2026-05-05T06:20:19.692Z</time>
        <speed>22.78</speed>
      </trkpt>
      <trkpt lat="29.963493" lon="102.2208396">
        <ele>1579.7728465428702</ele>
        <time>2026-05-05T06:20:31.692Z</time>
        <speed>21.67</speed>
      </trkpt>
      <trkpt lat="29.9631337" lon="102.2215236">
        <ele>1578.2192091691145</ele>
        <time>2026-05-05T06:20:35.692Z</time>
        <speed>17.33</speed>
      </trkpt>
      <trkpt lat="29.9604432" lon="102.2279905">
        <ele>1559.0644553354673</ele>
        <time>2026-05-05T06:21:09.718Z</time>
        <speed>20.04</speed>
      </trkpt>
      <trkpt lat="29.9603126" lon="102.2283435">
        <ele>1557.37335079591</ele>
        <time>2026-05-05T06:21:11.689Z</time>
        <speed>19.29</speed>
      </trkpt>
      <trkpt lat="29.9599857" lon="102.2292459">
        <ele>1554.5153719333857</ele>
        <time>2026-05-05T06:21:16.692Z</time>
        <speed>20.17</speed>
      </trkpt>
      <trkpt lat="29.959605" lon="102.2300014">
        <ele>1553.378620414721</ele>
        <time>2026-05-05T06:21:20.693Z</time>
        <speed>21.52</speed>
      </trkpt>
      <trkpt lat="29.9591719" lon="102.2307749">
        <ele>1552.8366274962395</ele>
        <time>2026-05-05T06:21:24.694Z</time>
        <speed>22.86</speed>
      </trkpt>
      <trkpt lat="29.9586999" lon="102.2315873">
        <ele>1551.7780919531858</ele>
        <time>2026-05-05T06:21:28.695Z</time>
        <speed>24.12</speed>
      </trkpt>
      <trkpt lat="29.9582014" lon="102.23244">
        <ele>1551.6747202846677</ele>
        <time>2026-05-05T06:21:32.693Z</time>
        <speed>25.33</speed>
      </trkpt>
      <trkpt lat="29.9576792" lon="102.2333189">
        <ele>1551.33957981419</ele>
        <time>2026-05-05T06:21:36.690Z</time>
        <speed>25.81</speed>
      </trkpt>
      <trkpt lat="29.9571098" lon="102.2341505">
        <ele>1550.9001026281785</ele>
        <time>2026-05-05T06:21:40.693Z</time>
        <speed>25.28</speed>
      </trkpt>
      <trkpt lat="29.9564984" lon="102.2348789">
        <ele>1550.08711276092</ele>
        <time>2026-05-05T06:21:44.692Z</time>
        <speed>23.55</speed>
      </trkpt>
      <trkpt lat="29.9558771" lon="102.2354855">
        <ele>1546.9973070842682</ele>
        <time>2026-05-05T06:21:48.694Z</time>
        <speed>22.13</speed>
      </trkpt>
      <trkpt lat="29.955198" lon="102.235986">
        <ele>1544.68110966891</ele>
        <time>2026-05-05T06:21:52.694Z</time>
        <speed>22.75</speed>
      </trkpt>
      <trkpt lat="29.9544714" lon="102.236453">
        <ele>1544.5716823146604</ele>
        <time>2026-05-05T06:21:56.692Z</time>
        <speed>23.18</speed>
      </trkpt>
      <trkpt lat="29.9537168" lon="102.2368749">
        <ele>1544.0362197792983</ele>
        <time>2026-05-05T06:22:00.690Z</time>
        <speed>23.31</speed>
      </trkpt>
      <trkpt lat="29.952958" lon="102.2372948">
        <ele>1543.6114123295595</ele>
        <time>2026-05-05T06:22:04.693Z</time>
        <speed>23.36</speed>
      </trkpt>
      <trkpt lat="29.9522121" lon="102.237742">
        <ele>1542.4571410994736</ele>
        <time>2026-05-05T06:22:08.691Z</time>
        <speed>23.32</speed>
      </trkpt>
      <trkpt lat="29.9514918" lon="102.2382409">
        <ele>1542.4377320882347</ele>
        <time>2026-05-05T06:22:12.693Z</time>
        <speed>23.33</speed>
      </trkpt>
      <trkpt lat="29.9507998" lon="102.238796">
        <ele>1542.2506265274837</ele>
        <time>2026-05-05T06:22:16.693Z</time>
        <speed>23.32</speed>
      </trkpt>
      <trkpt lat="29.9501433" lon="102.2393967">
        <ele>1542.6525160201293</ele>
        <time>2026-05-05T06:22:20.691Z</time>
        <speed>23.28</speed>
      </trkpt>
      <trkpt lat="29.9506909" lon="102.3772848">
        <ele>1421.7069437925181</ele>
        <time>2026-05-05T06:33:02.718Z</time>
        <speed>23.05</speed>
      </trkpt>
      <trkpt lat="29.9502615" lon="102.3780981">
        <ele>1420.9481688980204</ele>
        <time>2026-05-05T06:33:07.718Z</time>
        <speed>21.03</speed>
      </trkpt>
      <trkpt lat="29.9498509" lon="102.3788164">
        <ele>1420.066849492341</ele>
        <time>2026-05-05T06:33:11.693Z</time>
        <speed>20.76</speed>
      </trkpt>
      <trkpt lat="29.9472701" lon="102.3819085">
        <ele>1417.7149160823499</ele>
        <time>2026-05-05T06:33:31.693Z</time>
        <speed>22.2</speed>
      </trkpt>
      <trkpt lat="29.9467873" lon="102.3826668">
        <ele>1417.9157822688558</ele>
        <time>2026-05-05T06:33:35.693Z</time>
        <speed>23.0</speed>
      </trkpt>
      <trkpt lat="29.946385" lon="102.38351">
        <ele>1418.3352783691355</ele>
        <time>2026-05-05T06:33:39.692Z</time>
        <speed>23.19</speed>
      </trkpt>
      <trkpt lat="29.9460781" lon="102.384409">
        <ele>1417.4539173109147</ele>
        <time>2026-05-05T06:33:43.692Z</time>
        <speed>23.37</speed>
      </trkpt>
      <trkpt lat="29.9458757" lon="102.385351">
        <ele>1415.0400366193855</ele>
        <time>2026-05-05T06:33:47.693Z</time>
        <speed>23.34</speed>
      </trkpt>
      <trkpt lat="29.9457613" lon="102.3863064">
        <ele>1413.0206148802447</ele>
        <time>2026-05-05T06:33:51.692Z</time>
        <speed>23.17</speed>
      </trkpt>
      <trkpt lat="29.9456655" lon="102.3872485">
        <ele>1411.32722990092</ele>
        <time>2026-05-05T06:33:55.693Z</time>
        <speed>22.54</speed>
      </trkpt>
      <trkpt lat="29.9455503" lon="102.3881581">
        <ele>1409.40185546875</ele>
        <time>2026-05-05T06:33:59.693Z</time>
        <speed>21.98</speed>
      </trkpt>
      <trkpt lat="29.9454158" lon="102.3890542">
        <ele>1406.0296804627603</ele>
        <time>2026-05-05T06:34:03.693Z</time>
        <speed>21.89</speed>
      </trkpt>
      <trkpt lat="29.9452686" lon="102.3899473">
        <ele>1404.09145661155</ele>
        <time>2026-05-05T06:34:07.692Z</time>
        <speed>22.23</speed>
      </trkpt>
      <trkpt lat="29.9451326" lon="102.3908492">
        <ele>1402.1049716816324</ele>
        <time>2026-05-05T06:34:11.718Z</time>
        <speed>22.04</speed>
      </trkpt>
      <trkpt lat="29.9668712" lon="102.4329065">
        <ele>1284.8703366617526</ele>
        <time>2026-05-05T06:37:51.719Z</time>
        <speed>23.32</speed>
      </trkpt>
      <trkpt lat="29.9675126" lon="102.4338819">
        <ele>1284.0906824583756</ele>
        <time>2026-05-05T06:37:56.691Z</time>
        <speed>23.16</speed>
      </trkpt>
      <trkpt lat="29.9706358" lon="102.4384447">
        <ele>1278.31231480409</ele>
        <time>2026-05-05T06:38:20.691Z</time>
        <speed>23.65</speed>
      </trkpt>
      <trkpt lat="29.9713281" lon="102.4392965">
        <ele>1276.7355120638179</ele>
        <time>2026-05-05T06:38:25.690Z</time>
        <speed>23.01</speed>
      </trkpt>
      <trkpt lat="29.9734178" lon="102.44123">
        <ele>1272.7875720183333</ele>
        <time>2026-05-05T06:38:38.718Z</time>
      </trkpt>
      <trkpt lat="29.974062" lon="102.4420351">
        <ele>1272.0490951895085</ele>
        <time>2026-05-05T06:38:43.718Z</time>
        <speed>22.21</speed>
      </trkpt>
      <trkpt lat="29.9793589" lon="102.4482555">
        <ele>1260.7582184509579</ele>
        <time>2026-05-05T06:39:22.688Z</time>
        <speed>20.94</speed>
      </trkpt>
      <trkpt lat="29.9798653" lon="102.4491937">
        <ele>1257.9864506065865</ele>
        <time>2026-05-05T06:39:27.691Z</time>
        <speed>21.41</speed>
      </trkpt>
      <trkpt lat="30.0006432" lon="102.4805125">
        <ele>1150.7503761112314</ele>
        <time>2026-05-05T06:42:18.718Z</time>
      </trkpt>
      <trkpt lat="30.0007305" lon="102.4806174">
        <ele>1147.782581753278</ele>
        <time>2026-05-05T06:42:23.691Z</time>
        <speed>21.64</speed>
      </trkpt>
      <trkpt lat="30.0009186" lon="102.4815259">
        <ele>1147.1741434468613</ele>
        <time>2026-05-05T06:42:27.690Z</time>
        <speed>22.72</speed>
      </trkpt>
      <trkpt lat="30.0010832" lon="102.4824568">
        <ele>1146.8684126995774</ele>
        <time>2026-05-05T06:42:31.692Z</time>
        <speed>22.65</speed>
      </trkpt>
      <trkpt lat="30.0013043" lon="102.4833769">
        <ele>1146.1156479918247</ele>
        <time>2026-05-05T06:42:35.692Z</time>
        <speed>22.96</speed>
      </trkpt>
      <trkpt lat="30.0015943" lon="102.4842787">
        <ele>1145.6128720491154</ele>
        <time>2026-05-05T06:42:39.692Z</time>
        <speed>23.19</speed>
      </trkpt>
      <trkpt lat="30.0019128" lon="102.4851713">
        <ele>1144.0624812041076</ele>
        <time>2026-05-05T06:42:43.693Z</time>
        <speed>23.21</speed>
      </trkpt>
      <trkpt lat="30.0022315" lon="102.4860645">
        <ele>1139.3361926815608</ele>
        <time>2026-05-05T06:42:47.692Z</time>
        <speed>23.35</speed>
      </trkpt>
      <trkpt lat="30.0025502" lon="102.4869653">
        <ele>1138.010219833421</ele>
        <time>2026-05-05T06:42:51.692Z</time>
        <speed>23.31</speed>
      </trkpt>
      <trkpt lat="30.0028058" lon="102.4878896">
        <ele>1134.6903732782516</ele>
        <time>2026-05-05T06:42:55.693Z</time>
        <speed>23.34</speed>
      </trkpt>
      <trkpt lat="30.0029734" lon="102.4888383">
        <ele>1129.1704213523153</ele>
        <time>2026-05-05T06:42:59.693Z</time>
        <speed>23.34</speed>
      </trkpt>
      <trkpt lat="30.0030529" lon="102.4897994">
        <ele>1125.4393880224297</ele>
        <time>2026-05-05T06:43:03.692Z</time>
        <speed>23.42</speed>
      </trkpt>
      <trkpt lat="30.0030988" lon="102.4907673">
        <ele>1122.9073077526232</ele>
        <time>2026-05-05T06:43:07.692Z</time>
        <speed>23.35</speed>
      </trkpt>
      <trkpt lat="30.0031792" lon="102.4917313">
        <ele>1120.9173259529084</ele>
        <time>2026-05-05T06:43:11.693Z</time>
        <speed>23.4</speed>
      </trkpt>
      <trkpt lat="30.0033333" lon="102.4926843">
        <ele>1116.2244958252993</ele>
        <time>2026-05-05T06:43:15.692Z</time>
        <speed>23.39</speed>
      </trkpt>
      <trkpt lat="30.0035607" lon="102.493618">
        <ele>1114.193466519958</ele>
        <time>2026-05-05T06:43:19.693Z</time>
        <speed>23.4</speed>
      </trkpt>
      <trkpt lat="30.0038345" lon="102.494536">
        <ele>1110.2738769886455</ele>
        <time>2026-05-05T06:43:23.693Z</time>
        <speed>23.33</speed>
      </trkpt>
      <trkpt lat="30.0040238" lon="102.4952215">
        <ele>1107.3568044498045</ele>
        <time>2026-05-05T06:43:26.688Z</time>
        <speed>23.21</speed>
      </trkpt>
      <trkpt lat="30.0041908" lon="102.4964058">
        <ele>1102.6169305356846</ele>
        <time>2026-05-05T06:43:31.692Z</time>
        <speed>22.94</speed>
      </trkpt>
      <trkpt lat="30.0041771" lon="102.4973187">
        <ele>1098.592437048023</ele>
        <time>2026-05-05T06:43:35.693Z</time>
        <speed>21.34</speed>
      </trkpt>
      <trkpt lat="30.0040526" lon="102.4981615">
        <ele>1096.2595113869575</ele>
        <time>2026-05-05T06:43:39.692Z</time>
        <speed>20.2</speed>
      </trkpt>
      <trkpt lat="30.0038945" lon="102.4989652">
        <ele>1093.4084063990658</ele>
        <time>2026-05-05T06:43:43.693Z</time>
        <speed>19.74</speed>
      </trkpt>
      <trkpt lat="30.0037698" lon="102.4997687">
        <ele>1092.7426683114984</ele>
        <time>2026-05-05T06:43:47.692Z</time>
        <speed>19.52</speed>
      </trkpt>
      <trkpt lat="30.0037188" lon="102.5005611">
        <ele>1091.117431802335</ele>
        <time>2026-05-05T06:43:51.693Z</time>
        <speed>18.84</speed>
      </trkpt>
      <trkpt lat="30.0037314" lon="102.501331">
        <ele>1089.4542236328125</ele>
        <time>2026-05-05T06:43:55.693Z</time>
        <speed>18.38</speed>
      </trkpt>
      <trkpt lat="30.0037721" lon="102.5020867">
        <ele>1087.0595266108658</ele>
        <time>2026-05-05T06:43:59.693Z</time>
        <speed>18.09</speed>
      </trkpt>
      <trkpt lat="30.0038241" lon="102.5028362">
        <ele>1084.0201100035365</ele>
        <time>2026-05-05T06:44:03.692Z</time>
        <speed>18.44</speed>
      </trkpt>
      <trkpt lat="30.0051826" lon="102.5097805">
        <ele>1065.6753257815105</ele>
        <time>2026-05-05T06:44:33.718Z</time>
        <speed>24.79</speed>
      </trkpt>
      <trkpt lat="30.007492" lon="102.5123798">
        <ele>1059.8773343345642</ele>
        <time>2026-05-05T06:44:49.691Z</time>
        <speed>23.37</speed>
      </trkpt>
      <trkpt lat="30.008006" lon="102.5131448">
        <ele>1052.8892515202767</ele>
        <time>2026-05-05T06:44:53.694Z</time>
        <speed>23.39</speed>
      </trkpt>
      <trkpt lat="30.0084071" lon="102.5140011">
        <ele>1049.2507681121297</ele>
        <time>2026-05-05T06:44:57.693Z</time>
        <speed>24.06</speed>
      </trkpt>
      <trkpt lat="30.0086852" lon="102.5149743">
        <ele>1047.2813102107712</ele>
        <time>2026-05-05T06:45:01.691Z</time>
        <speed>25.3</speed>
      </trkpt>
      <trkpt lat="30.0088147" lon="102.5160366">
        <ele>1046.848891535136</ele>
        <time>2026-05-05T06:45:05.691Z</time>
        <speed>26.67</speed>
      </trkpt>
      <trkpt lat="30.0086037" lon="102.5183226">
        <ele>1039.6421917458233</ele>
        <time>2026-05-05T06:45:13.692Z</time>
        <speed>28.47</speed>
      </trkpt>
      <trkpt lat="30.0084814" lon="102.5194994">
        <ele>1037.0197600001543</ele>
        <time>2026-05-05T06:45:17.691Z</time>
        <speed>28.62</speed>
      </trkpt>
      <trkpt lat="30.0085472" lon="102.5206725">
        <ele>1034.7347465986713</ele>
        <time>2026-05-05T06:45:21.692Z</time>
        <speed>28.46</speed>
      </trkpt>
      <trkpt lat="30.0087869" lon="102.5218193">
        <ele>1033.5201543490343</ele>
        <time>2026-05-05T06:45:25.692Z</time>
        <speed>28.24</speed>
      </trkpt>
      <trkpt lat="30.0090469" lon="102.5229017">
        <ele>1031.6262546455973</ele>
        <time>2026-05-05T06:45:29.692Z</time>
        <speed>25.86</speed>
      </trkpt>
      <trkpt lat="30.0092763" lon="102.5238743">
        <ele>1027.3295942161565</ele>
        <time>2026-05-05T06:45:33.691Z</time>
        <speed>23.02</speed>
      </trkpt>
      <trkpt lat="30.0094839" lon="102.5247678">
        <ele>1023.9074717306273</ele>
        <time>2026-05-05T06:45:37.689Z</time>
        <speed>21.88</speed>
      </trkpt>
      <trkpt lat="30.0097039" lon="102.5256403">
        <ele>1021.9657941983348</ele>
        <time>2026-05-05T06:45:41.691Z</time>
        <speed>22.16</speed>
      </trkpt>
      <trkpt lat="30.0098315" lon="102.5260847">
        <ele>1021.5976133246604</ele>
        <time>2026-05-05T06:45:43.688Z</time>
        <speed>22.46</speed>
      </trkpt>
      <trkpt lat="30.0101403" lon="102.5269677">
        <ele>1018.9190496363547</ele>
        <time>2026-05-05T06:45:47.691Z</time>
        <speed>23.45</speed>
      </trkpt>
      <trkpt lat="30.0105397" lon="102.5278461">
        <ele>1017.7349802321139</ele>
        <time>2026-05-05T06:45:51.692Z</time>
        <speed>24.26</speed>
      </trkpt>
      <trkpt lat="30.0109725" lon="102.5287226">
        <ele>1015.762478619673</ele>
        <time>2026-05-05T06:45:55.691Z</time>
        <speed>24.4</speed>
      </trkpt>
      <trkpt lat="30.0113513" lon="102.5296333">
        <ele>1013.0892016417447</ele>
        <time>2026-05-05T06:45:59.691Z</time>
        <speed>24.26</speed>
      </trkpt>
      <trkpt lat="30.0116229" lon="102.5305844">
        <ele>1011.7614914188694</ele>
        <time>2026-05-05T06:46:03.689Z</time>
        <speed>23.9</speed>
      </trkpt>
      <trkpt lat="30.0117724" lon="102.5315338">
        <ele>1008.4492196922165</ele>
        <time>2026-05-05T06:46:07.688Z</time>
        <speed>22.62</speed>
      </trkpt>
      <trkpt lat="30.0118115" lon="102.5324369">
        <ele>1007.2103822684351</ele>
        <time>2026-05-05T06:46:11.688Z</time>
        <speed>21.29</speed>
      </trkpt>
      <trkpt lat="30.0117648" lon="102.5332872">
        <ele>1007.1136095953289</ele>
        <time>2026-05-05T06:46:15.688Z</time>
        <speed>19.66</speed>
      </trkpt>
      <trkpt lat="30.0116632" lon="102.5340053">
        <ele>1005.6730480012957</ele>
        <time>2026-05-05T06:46:19.688Z</time>
        <speed>16.54</speed>
      </trkpt>
      <trkpt lat="30.0115473" lon="102.5346491">
        <ele>1004.014960850765</ele>
        <time>2026-05-05T06:46:23.692Z</time>
        <speed>15.47</speed>
      </trkpt>
      <trkpt lat="30.0114905" lon="102.5349612">
        <ele>1002.9244520439356</ele>
        <time>2026-05-05T06:46:25.690Z</time>
        <speed>15.29</speed>
      </trkpt>
      <trkpt lat="30.0114346" lon="102.5352754">
        <ele>1001.8946976938535</ele>
        <time>2026-05-05T06:46:27.689Z</time>
        <speed>15.43</speed>
      </trkpt>
      <trkpt lat="30.0113322" lon="102.5359168">
        <ele>1000.8368841113004</ele>
        <time>2026-05-05T06:46:31.693Z</time>
        <speed>16.15</speed>
      </trkpt>
      <trkpt lat="30.0112483" lon="102.5366048">
        <ele>999.3851007071044</ele>
        <time>2026-05-05T06:46:35.689Z</time>
        <speed>17.23</speed>
      </trkpt>
      <trkpt lat="30.0111917" lon="102.537342">
        <ele>998.5264312454569</ele>
        <time>2026-05-05T06:46:39.691Z</time>
        <speed>18.32</speed>
      </trkpt>
      <trkpt lat="30.0111616" lon="102.5381226">
        <ele>996.9787986315257</ele>
        <time>2026-05-05T06:46:43.689Z</time>
        <speed>19.22</speed>
      </trkpt>
      <trkpt lat="30.0111793" lon="102.538931">
        <ele>995.6728865975058</ele>
        <time>2026-05-05T06:46:47.697Z</time>
        <speed>19.81</speed>
      </trkpt>
      <trkpt lat="30.0112405" lon="102.5397656">
        <ele>994.1200700764875</ele>
        <time>2026-05-05T06:46:51.697Z</time>
        <speed>20.49</speed>
      </trkpt>
      <trkpt lat="30.0113438" lon="102.5406225">
        <ele>993.4364120418456</ele>
        <time>2026-05-05T06:46:55.696Z</time>
        <speed>21.3</speed>
      </trkpt>
      <trkpt lat="30.0114995" lon="102.5415114">
        <ele>990.0771858423873</ele>
        <time>2026-05-05T06:46:59.696Z</time>
        <speed>22.27</speed>
      </trkpt>
      <trkpt lat="30.0117105" lon="102.5424184">
        <ele>988.7802790196902</ele>
        <time>2026-05-05T06:47:03.697Z</time>
        <speed>22.92</speed>
      </trkpt>
      <trkpt lat="30.0119848" lon="102.5433238">
        <ele>987.6926889107071</ele>
        <time>2026-05-05T06:47:07.696Z</time>
        <speed>23.26</speed>
      </trkpt>
      <trkpt lat="30.0123108" lon="102.5442144">
        <ele>986.1201171875</ele>
        <time>2026-05-05T06:47:11.697Z</time>
        <speed>23.37</speed>
      </trkpt>
      <trkpt lat="30.0126864" lon="102.5450802">
        <ele>984.9398789569955</ele>
        <time>2026-05-05T06:47:15.696Z</time>
        <speed>23.3</speed>
      </trkpt>
      <trkpt lat="30.013121" lon="102.5459049">
        <ele>983.8959671122864</ele>
        <time>2026-05-05T06:47:19.697Z</time>
        <speed>23.27</speed>
      </trkpt>
      <trkpt lat="30.013586" lon="102.5467021">
        <ele>983.7080975060283</ele>
        <time>2026-05-05T06:47:23.697Z</time>
        <speed>22.86</speed>
      </trkpt>
      <trkpt lat="30.0140424" lon="102.5474556">
        <ele>982.969620885829</ele>
        <time>2026-05-05T06:47:27.697Z</time>
        <speed>21.42</speed>
      </trkpt>
      <trkpt lat="30.0144784" lon="102.5481737">
        <ele>981.6129569481616</ele>
        <time>2026-05-05T06:47:31.696Z</time>
        <speed>21.08</speed>
      </trkpt>
      <trkpt lat="30.0150265" lon="102.5490761">
        <ele>981.1591568816316</ele>
        <time>2026-05-05T06:47:36.693Z</time>
        <speed>21.53</speed>
      </trkpt>
      <trkpt lat="30.0154811" lon="102.5498298">
        <ele>983.5399537164435</ele>
        <time>2026-05-05T06:47:40.692Z</time>
        <speed>22.59</speed>
      </trkpt>
      <trkpt lat="30.0159546" lon="102.5506108">
        <ele>983.4792401910718</ele>
        <time>2026-05-05T06:47:44.694Z</time>
        <speed>23.15</speed>
      </trkpt>
      <trkpt lat="30.0164214" lon="102.5514105">
        <ele>981.571704674652</ele>
        <time>2026-05-05T06:47:48.691Z</time>
        <speed>23.28</speed>
      </trkpt>
      <trkpt lat="30.0168387" lon="102.5522443">
        <ele>981.7019024732217</ele>
        <time>2026-05-05T06:47:52.692Z</time>
        <speed>23.32</speed>
      </trkpt>
      <trkpt lat="30.0172058" lon="102.5531153">
        <ele>981.6659540947007</ele>
        <time>2026-05-05T06:47:56.692Z</time>
        <speed>23.35</speed>
      </trkpt>
      <trkpt lat="30.0175182" lon="102.5540114">
        <ele>982.3328370891174</ele>
        <time>2026-05-05T06:48:00.692Z</time>
        <speed>23.3</speed>
      </trkpt>
      <trkpt lat="30.0178187" lon="102.5549428">
        <ele>982.3575352266867</ele>
        <time>2026-05-05T06:48:04.687Z</time>
        <speed>24.75</speed>
      </trkpt>
      <trkpt lat="30.0182132" lon="102.5559024">
        <ele>978.5866325410539</ele>
        <time>2026-05-05T06:48:08.693Z</time>
        <speed>26.36</speed>
      </trkpt>
      <trkpt lat="30.0187788" lon="102.5568105">
        <ele>978.7480291638005</ele>
        <time>2026-05-05T06:48:12.691Z</time>
        <speed>27.6</speed>
      </trkpt>
      <trkpt lat="30.0195212" lon="102.5576023">
        <ele>979.0496798103143</ele>
        <time>2026-05-05T06:48:16.690Z</time>
        <speed>28.38</speed>
      </trkpt>
      <trkpt lat="30.0203848" lon="102.5582409">
        <ele>979.0489746363169</ele>
        <time>2026-05-05T06:48:20.691Z</time>
        <speed>28.49</speed>
      </trkpt>
      <trkpt lat="30.021279" lon="102.5588325">
        <ele>977.6934671577947</ele>
        <time>2026-05-05T06:48:24.691Z</time>
        <speed>28.56</speed>
      </trkpt>
      <trkpt lat="30.0221723" lon="102.5594245">
        <ele>975.6666276555072</ele>
        <time>2026-05-05T06:48:28.691Z</time>
        <speed>28.57</speed>
      </trkpt>
      <trkpt lat="30.0230661" lon="102.5600184">
        <ele>973.4595004553266</ele>
        <time>2026-05-05T06:48:32.693Z</time>
        <speed>28.63</speed>
      </trkpt>
      <trkpt lat="30.0239445" lon="102.5605981">
        <ele>971.1928969825981</ele>
        <time>2026-05-05T06:48:36.690Z</time>
        <speed>27.42</speed>
      </trkpt>
      <trkpt lat="30.0243591" lon="102.560878">
        <ele>970.8191119751327</ele>
        <time>2026-05-05T06:48:38.688Z</time>
        <speed>26.41</speed>
      </trkpt>
      <trkpt lat="30.0253034" lon="102.5615728">
        <ele>970.4160155412158</ele>
        <time>2026-05-05T06:48:43.690Z</time>
        <speed>23.42</speed>
      </trkpt>
      <trkpt lat="30.025944" lon="102.5621134">
        <ele>970.0561928874076</ele>
        <time>2026-05-05T06:48:47.691Z</time>
        <speed>20.81</speed>
      </trkpt>
      <trkpt lat="30.0264976" lon="102.5626351">
        <ele>969.825444063194</ele>
        <time>2026-05-05T06:48:51.690Z</time>
        <speed>19.24</speed>
      </trkpt>
      <trkpt lat="30.0270063" lon="102.5631771">
        <ele>968.8420752941383</ele>
        <time>2026-05-05T06:48:55.691Z</time>
        <speed>19.52</speed>
      </trkpt>
      <trkpt lat="30.0275207" lon="102.5638345">
        <ele>968.75123450108</ele>
        <time>2026-05-05T06:48:59.689Z</time>
        <speed>22.48</speed>
      </trkpt>
      <trkpt lat="30.0280862" lon="102.5645513">
        <ele>969.8841074039124</ele>
        <time>2026-05-05T06:49:03.690Z</time>
        <speed>24.24</speed>
      </trkpt>
      <trkpt lat="30.0286958" lon="102.5653294">
        <ele>971.3910109466149</ele>
        <time>2026-05-05T06:49:07.690Z</time>
        <speed>26.13</speed>
      </trkpt>
      <trkpt lat="30.0293344" lon="102.5661306">
        <ele>971.6317643205089</ele>
        <time>2026-05-05T06:49:11.719Z</time>
        <speed>26.12</speed>
      </trkpt>
      <trkpt lat="30.0313343" lon="102.5684253">
        <ele>968.2643116469933</ele>
        <time>2026-05-05T06:49:22.688Z</time>
        <speed>28.62</speed>
      </trkpt>
      <trkpt lat="30.032381" lon="102.5692926">
        <ele>964.9984549245899</ele>
        <time>2026-05-05T06:49:27.690Z</time>
        <speed>28.65</speed>
      </trkpt>
      <trkpt lat="30.0332549" lon="102.5699329">
        <ele>963.1126306036408</ele>
        <time>2026-05-05T06:49:31.690Z</time>
        <speed>28.61</speed>
      </trkpt>
      <trkpt lat="30.0340945" lon="102.5706275">
        <ele>961.4578964746172</ele>
        <time>2026-05-05T06:49:35.692Z</time>
        <speed>28.52</speed>
      </trkpt>
      <trkpt lat="30.0348189" lon="102.5714642">
        <ele>960.8247120247529</ele>
        <time>2026-05-05T06:49:39.689Z</time>
        <speed>28.59</speed>
      </trkpt>
      <trkpt lat="30.0354067" lon="102.5724374">
        <ele>960.3318060989347</ele>
        <time>2026-05-05T06:49:43.690Z</time>
        <speed>28.61</speed>
      </trkpt>
      <trkpt lat="30.0356475" lon="102.572958">
        <ele>958.8614737161281</ele>
        <time>2026-05-05T06:49:45.687Z</time>
        <speed>28.65</speed>
      </trkpt>
      <trkpt lat="30.0360945" lon="102.5740268">
        <ele>958.1631846164737</ele>
        <time>2026-05-05T06:49:49.691Z</time>
        <speed>28.6</speed>
      </trkpt>
      <trkpt lat="30.0366025" lon="102.5750544">
        <ele>958.2237242717838</ele>
        <time>2026-05-05T06:49:53.692Z</time>
        <speed>28.68</speed>
      </trkpt>
      <trkpt lat="30.0372125" lon="102.57601">
        <ele>957.7541122895052</ele>
        <time>2026-05-05T06:49:57.693Z</time>
        <speed>28.57</speed>
      </trkpt>
      <trkpt lat="30.0378437" lon="102.576952">
        <ele>956.9111656809944</ele>
        <time>2026-05-05T06:50:01.686Z</time>
        <speed>28.57</speed>
      </trkpt>
      <trkpt lat="30.0383544" lon="102.5779843">
        <ele>956.4541437828634</ele>
        <time>2026-05-05T06:50:05.686Z</time>
        <speed>28.9</speed>
      </trkpt>
      <trkpt lat="30.038686" lon="102.5791086">
        <ele>955.6355935560264</ele>
        <time>2026-05-05T06:50:09.688Z</time>
        <speed>28.75</speed>
      </trkpt>
      <trkpt lat="30.0388751" lon="102.580267">
        <ele>954.6849273373521</ele>
        <time>2026-05-05T06:50:13.692Z</time>
        <speed>28.61</speed>
      </trkpt>
      <trkpt lat="30.0389928" lon="102.5814471">
        <ele>953.2291663229223</ele>
        <time>2026-05-05T06:50:17.692Z</time>
        <speed>28.58</speed>
      </trkpt>
      <trkpt lat="30.0390262" lon="102.5826277">
        <ele>952.6477358707205</ele>
        <time>2026-05-05T06:50:21.691Z</time>
        <speed>28.54</speed>
      </trkpt>
      <trkpt lat="30.0390028" lon="102.58381">
        <ele>954.3218529888493</ele>
        <time>2026-05-05T06:50:25.689Z</time>
        <speed>28.36</speed>
      </trkpt>
      <trkpt lat="30.0389571" lon="102.5849464">
        <ele>956.2588246586752</ele>
        <time>2026-05-05T06:50:29.690Z</time>
        <speed>26.55</speed>
      </trkpt>
      <trkpt lat="30.0389346" lon="102.5859901">
        <ele>959.222396200463</ele>
        <time>2026-05-05T06:50:33.692Z</time>
        <speed>24.14</speed>
      </trkpt>
      <trkpt lat="30.038962" lon="102.5869473">
        <ele>962.3422790743218</ele>
        <time>2026-05-05T06:50:37.693Z</time>
        <speed>22.3</speed>
      </trkpt>
      <trkpt lat="30.0390586" lon="102.5878388">
        <ele>964.2688754572112</ele>
        <time>2026-05-05T06:50:41.694Z</time>
        <speed>21.35</speed>
      </trkpt>
      <trkpt lat="30.0392098" lon="102.5887015">
        <ele>965.3170404713965</ele>
        <time>2026-05-05T06:50:45.688Z</time>
        <speed>21.32</speed>
      </trkpt>
      <trkpt lat="30.0394082" lon="102.5895673">
        <ele>966.1716371495093</ele>
        <time>2026-05-05T06:50:49.690Z</time>
        <speed>21.67</speed>
      </trkpt>
      <trkpt lat="30.0395165" lon="102.5900003">
        <ele>966.521099892482</ele>
        <time>2026-05-05T06:50:51.688Z</time>
        <speed>21.76</speed>
      </trkpt>
      <trkpt lat="30.0397316" lon="102.5908826">
        <ele>966.9553006587062</ele>
        <time>2026-05-05T06:50:55.686Z</time>
        <speed>22.24</speed>
      </trkpt>
      <trkpt lat="30.0399095" lon="102.5917767">
        <ele>968.1662824777911</ele>
        <time>2026-05-05T06:50:59.691Z</time>
        <speed>21.92</speed>
      </trkpt>
      <trkpt lat="30.0400176" lon="102.5926633">
        <ele>969.5928559485776</ele>
        <time>2026-05-05T06:51:03.691Z</time>
        <speed>21.37</speed>
      </trkpt>
      <trkpt lat="30.0400614" lon="102.5935483">
        <ele>969.9213919027343</ele>
        <time>2026-05-05T06:51:07.689Z</time>
        <speed>21.36</speed>
      </trkpt>
      <trkpt lat="30.0400609" lon="102.5944649">
        <ele>969.9572917641274</ele>
        <time>2026-05-05T06:51:11.693Z</time>
        <speed>22.39</speed>
      </trkpt>
      <trkpt lat="30.0399643" lon="102.5953174">
        <ele>969.3538454568538</ele>
        <time>2026-05-05T06:51:15.692Z</time>
        <speed>20.75</speed>
      </trkpt>
      <trkpt lat="30.0398035" lon="102.5961503">
        <ele>969.3280396528462</ele>
        <time>2026-05-05T06:51:19.692Z</time>
        <speed>20.85</speed>
      </trkpt>
      <trkpt lat="30.0395637" lon="102.5969869">
        <ele>970.1837199223944</ele>
        <time>2026-05-05T06:51:23.693Z</time>
        <speed>21.04</speed>
      </trkpt>
      <trkpt lat="30.0212305" lon="102.6411001">
        <ele>1050.9600154620944</ele>
        <time>2026-05-05T06:54:50.718Z</time>
        <speed>23.67</speed>
      </trkpt>
      <trkpt lat="30.0208311" lon="102.6427191">
        <ele>1049.7677349395458</ele>
        <time>2026-05-05T06:54:55.689Z</time>
        <speed>23.29</speed>
      </trkpt>
      <trkpt lat="30.0207422" lon="102.6436799">
        <ele>1049.4955470592604</ele>
        <time>2026-05-05T06:54:59.691Z</time>
        <speed>23.37</speed>
      </trkpt>
      <trkpt lat="30.0206544" lon="102.6446499">
        <ele>1048.1014594571752</ele>
        <time>2026-05-05T06:55:03.690Z</time>
        <speed>23.31</speed>
      </trkpt>
      <trkpt lat="30.0206374" lon="102.6456165">
        <ele>1045.1582683033787</ele>
        <time>2026-05-05T06:55:07.689Z</time>
        <speed>23.34</speed>
      </trkpt>
      <trkpt lat="30.0206909" lon="102.646588">
        <ele>1041.9694845883607</ele>
        <time>2026-05-05T06:55:11.692Z</time>
        <speed>23.51</speed>
      </trkpt>
      <trkpt lat="30.0207854" lon="102.6475525">
        <ele>1038.896703527729</ele>
        <time>2026-05-05T06:55:15.693Z</time>
        <speed>23.28</speed>
      </trkpt>
      <trkpt lat="30.0208577" lon="102.6485152">
        <ele>1033.2227245314155</ele>
        <time>2026-05-05T06:55:19.693Z</time>
        <speed>23.31</speed>
      </trkpt>
      <trkpt lat="30.0208356" lon="102.6494855">
        <ele>1029.1080748966342</ele>
        <time>2026-05-05T06:55:23.692Z</time>
        <speed>23.36</speed>
      </trkpt>
      <trkpt lat="30.0207121" lon="102.6504409">
        <ele>1026.0825443033411</ele>
        <time>2026-05-05T06:55:27.693Z</time>
        <speed>23.31</speed>
      </trkpt>
      <trkpt lat="30.0205128" lon="102.6513804">
        <ele>1021.9260856028959</ele>
        <time>2026-05-05T06:55:31.692Z</time>
        <speed>23.38</speed>
      </trkpt>
      <trkpt lat="30.0202851" lon="102.6523176">
        <ele>1017.8882935887575</ele>
        <time>2026-05-05T06:55:35.692Z</time>
        <speed>23.88</speed>
      </trkpt>
      <trkpt lat="30.0200554" lon="102.6532973">
        <ele>1014.3013293608883</ele>
        <time>2026-05-05T06:55:39.692Z</time>
        <speed>24.8</speed>
      </trkpt>
      <trkpt lat="30.0198244" lon="102.6542695">
        <ele>1011.0575158117515</ele>
        <time>2026-05-05T06:55:43.692Z</time>
        <speed>24.05</speed>
      </trkpt>
      <trkpt lat="30.0195952" lon="102.6552357">
        <ele>1006.3209885044157</ele>
        <time>2026-05-05T06:55:47.693Z</time>
        <speed>24.51</speed>
      </trkpt>
      <trkpt lat="30.0193582" lon="102.6562462">
        <ele>1003.7565414876269</ele>
        <time>2026-05-05T06:55:51.692Z</time>
        <speed>25.9</speed>
      </trkpt>
      <trkpt lat="30.0191149" lon="102.6573044">
        <ele>1001.2140896733492</ele>
        <time>2026-05-05T06:55:55.692Z</time>
        <speed>26.86</speed>
      </trkpt>
      <trkpt lat="30.0189244" lon="102.6584052">
        <ele>999.0181942131821</ele>
        <time>2026-05-05T06:55:59.692Z</time>
        <speed>27.26</speed>
      </trkpt>
      <trkpt lat="30.0188304" lon="102.6595264">
        <ele>996.1446765047067</ele>
        <time>2026-05-05T06:56:03.693Z</time>
        <speed>27.07</speed>
      </trkpt>
      <trkpt lat="30.0188371" lon="102.6606472">
        <ele>994.0333977469068</ele>
        <time>2026-05-05T06:56:07.693Z</time>
        <speed>27.13</speed>
      </trkpt>
      <trkpt lat="30.0189461" lon="102.6617759">
        <ele>989.7340477888395</ele>
        <time>2026-05-05T06:56:11.692Z</time>
        <speed>27.69</speed>
      </trkpt>
      <trkpt lat="30.0191711" lon="102.6629083">
        <ele>986.3999440311006</ele>
        <time>2026-05-05T06:56:15.692Z</time>
        <speed>28.29</speed>
      </trkpt>
      <trkpt lat="30.0195504" lon="102.6639978">
        <ele>983.3099257926444</ele>
        <time>2026-05-05T06:56:19.692Z</time>
        <speed>28.41</speed>
      </trkpt>
      <trkpt lat="30.020093" lon="102.6649874">
        <ele>977.6964532608526</ele>
        <time>2026-05-05T06:56:23.692Z</time>
        <speed>27.95</speed>
      </trkpt>
      <trkpt lat="30.0207547" lon="102.6658291">
        <ele>972.6566603298888</ele>
        <time>2026-05-05T06:56:27.692Z</time>
        <speed>26.97</speed>
      </trkpt>
      <trkpt lat="30.0215043" lon="102.6665122">
        <ele>968.554655511726</ele>
        <time>2026-05-05T06:56:31.692Z</time>
        <speed>26.07</speed>
      </trkpt>
      <trkpt lat="30.022324" lon="102.6670273">
        <ele>963.2944476041584</ele>
        <time>2026-05-05T06:56:35.693Z</time>
        <speed>25.96</speed>
      </trkpt>
      <trkpt lat="30.0231965" lon="102.6674291">
        <ele>960.6543164804959</ele>
        <time>2026-05-05T06:56:39.693Z</time>
        <speed>26.07</speed>
      </trkpt>
      <trkpt lat="30.0240664" lon="102.6678106">
        <ele>957.7811392064245</ele>
        <time>2026-05-05T06:56:43.692Z</time>
        <speed>25.58</speed>
      </trkpt>
      <trkpt lat="30.0248826" lon="102.668233">
        <ele>954.0454153338944</ele>
        <time>2026-05-05T06:56:47.693Z</time>
        <speed>23.92</speed>
      </trkpt>
      <trkpt lat="30.0255979" lon="102.6687424">
        <ele>950.7549347293439</ele>
        <time>2026-05-05T06:56:51.692Z</time>
        <speed>23.12</speed>
      </trkpt>
      <trkpt lat="30.0262376" lon="102.6693632">
        <ele>947.4328504320529</ele>
        <time>2026-05-05T06:56:55.693Z</time>
        <speed>23.24</speed>
      </trkpt>
      <trkpt lat="30.0267679" lon="102.670091">
        <ele>944.4281373832923</ele>
        <time>2026-05-05T06:56:59.693Z</time>
        <speed>22.32</speed>
      </trkpt>
      <trkpt lat="30.0271575" lon="102.6707982">
        <ele>942.4216676245899</ele>
        <time>2026-05-05T06:57:03.718Z</time>
        <speed>22.01</speed>
      </trkpt>
      <trkpt lat="30.0275228" lon="102.6715948">
        <ele>938.6739912781388</ele>
        <time>2026-05-05T06:57:07.718Z</time>
        <speed>22.38</speed>
      </trkpt>
      <trkpt lat="30.027648" lon="102.6726385">
        <ele>934.8114492536213</ele>
        <time>2026-05-05T06:57:11.689Z</time>
        <speed>23.07</speed>
      </trkpt>
      <trkpt lat="30.0277" lon="102.673595">
        <ele>931.5930358802902</ele>
        <time>2026-05-05T06:57:15.692Z</time>
        <speed>23.3</speed>
      </trkpt>
      <trkpt lat="30.0276475" lon="102.6745622">
        <ele>928.3660354072874</ele>
        <time>2026-05-05T06:57:19.689Z</time>
        <speed>23.36</speed>
      </trkpt>
      <trkpt lat="30.0274754" lon="102.6755119">
        <ele>926.1469109496925</ele>
        <time>2026-05-05T06:57:23.689Z</time>
        <speed>23.38</speed>
      </trkpt>
      <trkpt lat="30.0254841" lon="102.6981051">
        <ele>865.5671383982914</ele>
        <time>2026-05-05T06:59:07.687Z</time>
        <speed>19.26</speed>
      </trkpt>
      <trkpt lat="30.0255485" lon="102.6993084">
        <ele>865.2588734629666</ele>
        <time>2026-05-05T06:59:12.696Z</time>
        <speed>21.25</speed>
      </trkpt>
      <trkpt lat="30.0256944" lon="102.7002117">
        <ele>865.5681668303635</ele>
        <time>2026-05-05T06:59:16.689Z</time>
        <speed>22.52</speed>
      </trkpt>
      <trkpt lat="30.0258624" lon="102.7011491">
        <ele>865.8658431320601</ele>
        <time>2026-05-05T06:59:20.691Z</time>
        <speed>23.13</speed>
      </trkpt>
      <trkpt lat="30.026028" lon="102.7020961">
        <ele>865.4135187562217</ele>
        <time>2026-05-05T06:59:24.689Z</time>
        <speed>23.26</speed>
      </trkpt>
      <trkpt lat="30.0261979" lon="102.7030403">
        <ele>865.3049616584811</ele>
        <time>2026-05-05T06:59:28.690Z</time>
        <speed>23.27</speed>
      </trkpt>
      <trkpt lat="30.026368" lon="102.7039891">
        <ele>865.5271368800165</ele>
        <time>2026-05-05T06:59:32.690Z</time>
        <speed>23.37</speed>
      </trkpt>
      <trkpt lat="30.0265305" lon="102.7049367">
        <ele>864.8243159466139</ele>
        <time>2026-05-05T06:59:36.690Z</time>
        <speed>23.36</speed>
      </trkpt>
      <trkpt lat="30.0266257" lon="102.7058977">
        <ele>863.3765941324423</ele>
        <time>2026-05-05T06:59:40.695Z</time>
        <speed>23.29</speed>
      </trkpt>
      <trkpt lat="30.0266093" lon="102.70686">
        <ele>863.1489880995168</ele>
        <time>2026-05-05T06:59:44.692Z</time>
        <speed>23.3</speed>
      </trkpt>
      <trkpt lat="30.0264968" lon="102.7078193">
        <ele>864.4081149124859</ele>
        <time>2026-05-05T06:59:48.691Z</time>
        <speed>23.36</speed>
      </trkpt>
      <trkpt lat="30.0263447" lon="102.7087622">
        <ele>864.6162559197952</ele>
        <time>2026-05-05T06:59:52.691Z</time>
        <speed>23.31</speed>
      </trkpt>
      <trkpt lat="30.0261843" lon="102.7097133">
        <ele>867.5240018518318</ele>
        <time>2026-05-05T06:59:56.692Z</time>
        <speed>23.32</speed>
      </trkpt>
      <trkpt lat="30.0260301" lon="102.7106608">
        <ele>869.2763434785404</ele>
        <time>2026-05-05T07:00:00.690Z</time>
        <speed>23.33</speed>
      </trkpt>
      <trkpt lat="30.0258743" lon="102.7116074">
        <ele>870.086025936052</ele>
        <time>2026-05-05T07:00:04.692Z</time>
        <speed>23.38</speed>
      </trkpt>
      <trkpt lat="30.0257426" lon="102.7125658">
        <ele>870.8229030454874</ele>
        <time>2026-05-05T07:00:08.690Z</time>
        <speed>23.39</speed>
      </trkpt>
      <trkpt lat="30.0257114" lon="102.71353">
        <ele>871.7539095613574</ele>
        <time>2026-05-05T07:00:12.690Z</time>
        <speed>23.25</speed>
      </trkpt>
      <trkpt lat="30.0258701" lon="102.7147142">
        <ele>872.1203200157427</ele>
        <time>2026-05-05T07:00:17.692Z</time>
        <speed>23.24</speed>
      </trkpt>
      <trkpt lat="30.0261231" lon="102.7156572">
        <ele>871.5722714411651</ele>
        <time>2026-05-05T07:00:21.692Z</time>
        <speed>24.31</speed>
      </trkpt>
      <trkpt lat="30.0264021" lon="102.716638">
        <ele>870.1784538816719</ele>
        <time>2026-05-05T07:00:25.694Z</time>
        <speed>25.39</speed>
      </trkpt>
      <trkpt lat="30.0265793" lon="102.717681">
        <ele>867.9735826050962</ele>
        <time>2026-05-05T07:00:29.690Z</time>
        <speed>25.65</speed>
      </trkpt>
      <trkpt lat="30.0265962" lon="102.7187461">
        <ele>867.9893547970377</ele>
        <time>2026-05-05T07:00:33.692Z</time>
        <speed>25.8</speed>
      </trkpt>
      <trkpt lat="30.0265325" lon="102.7198183">
        <ele>867.702524234841</ele>
        <time>2026-05-05T07:00:37.691Z</time>
        <speed>25.95</speed>
      </trkpt>
      <trkpt lat="30.0265381" lon="102.7208921">
        <ele>868.7149965179639</ele>
        <time>2026-05-05T07:00:41.692Z</time>
        <speed>26.04</speed>
      </trkpt>
      <trkpt lat="30.0267487" lon="102.7219379">
        <ele>870.0486643182343</ele>
        <time>2026-05-05T07:00:45.690Z</time>
        <speed>25.9</speed>
      </trkpt>
      <trkpt lat="30.027163" lon="102.7228912">
        <ele>869.8952318252365</ele>
        <time>2026-05-05T07:00:49.692Z</time>
        <speed>25.86</speed>
      </trkpt>
      <trkpt lat="30.0277326" lon="102.723719">
        <ele>869.2763434785404</ele>
        <time>2026-05-05T07:00:53.690Z</time>
        <speed>25.04</speed>
      </trkpt>
      <trkpt lat="30.028345" lon="102.7244809">
        <ele>867.1047196438477</ele>
        <time>2026-05-05T07:00:57.692Z</time>
        <speed>24.72</speed>
      </trkpt>
      <trkpt lat="30.0288986" lon="102.7252617">
        <ele>865.1671578482818</ele>
        <time>2026-05-05T07:01:01.692Z</time>
        <speed>24.05</speed>
      </trkpt>
      <trkpt lat="30.0293419" lon="102.7261039">
        <ele>862.9222273032221</ele>
        <time>2026-05-05T07:01:05.691Z</time>
        <speed>23.57</speed>
      </trkpt>
      <trkpt lat="30.0296898" lon="102.7270177">
        <ele>861.2692224875207</ele>
        <time>2026-05-05T07:01:09.691Z</time>
        <speed>24.87</speed>
      </trkpt>
      <trkpt lat="30.0299482" lon="102.728034">
        <ele>859.0446933322024</ele>
        <time>2026-05-05T07:01:13.692Z</time>
        <speed>25.97</speed>
      </trkpt>
      <trkpt lat="30.0301618" lon="102.7290965">
        <ele>855.7685997784513</ele>
        <time>2026-05-05T07:01:17.690Z</time>
        <speed>26.4</speed>
      </trkpt>
      <trkpt lat="30.0302686" lon="102.7296058">
        <ele>853.3132789360349</ele>
        <time>2026-05-05T07:01:19.688Z</time>
        <speed>24.58</speed>
      </trkpt>
      <trkpt lat="30.0305254" lon="102.7308218">
        <ele>849.2442352308182</ele>
        <time>2026-05-05T07:01:24.691Z</time>
        <speed>24.06</speed>
      </trkpt>
      <trkpt lat="30.0307166" lon="102.7317694">
        <ele>845.8580961924569</ele>
        <time>2026-05-05T07:01:28.693Z</time>
        <speed>22.74</speed>
      </trkpt>
      <trkpt lat="30.0309091" lon="102.7326558">
        <ele>841.9341242736658</ele>
        <time>2026-05-05T07:01:32.690Z</time>
        <speed>21.31</speed>
      </trkpt>
      <trkpt lat="30.0311077" lon="102.7334743">
        <ele>838.8419798131612</ele>
        <time>2026-05-05T07:01:36.694Z</time>
        <speed>20.17</speed>
      </trkpt>
      <trkpt lat="30.0313152" lon="102.734193">
        <ele>836.5248885594485</ele>
        <time>2026-05-05T07:01:40.689Z</time>
        <speed>16.69</speed>
      </trkpt>
      <trkpt lat="30.0315327" lon="102.7347482">
        <ele>833.7139330739645</ele>
        <time>2026-05-05T07:01:44.692Z</time>
        <speed>12.87</speed>
      </trkpt>
      <trkpt lat="30.0317049" lon="102.7351271">
        <ele>830.8105922958342</ele>
        <time>2026-05-05T07:01:48.692Z</time>
        <speed>8.02</speed>
      </trkpt>
      <trkpt lat="30.0318349" lon="102.7353878">
        <ele>828.0216840521224</ele>
        <time>2026-05-05T07:01:52.691Z</time>
        <speed>6.77</speed>
      </trkpt>
      <trkpt lat="30.0319086" lon="102.7355211">
        <ele>827.085257618285</ele>
        <time>2026-05-05T07:01:56.693Z</time>
        <speed>3.12</speed>
      </trkpt>
      <trkpt lat="30.0319809" lon="102.7356336">
        <ele>826.136781265313</ele>
        <time>2026-05-05T07:02:00.692Z</time>
        <speed>3.8</speed>
      </trkpt>
      <trkpt lat="30.032048" lon="102.735749">
        <ele>826.1833337383046</ele>
        <time>2026-05-05T07:02:04.691Z</time>
        <speed>2.53</speed>
      </trkpt>
      <trkpt lat="30.0320633" lon="102.7358253">
        <ele>825.4731160782436</ele>
        <time>2026-05-05T07:02:08.691Z</time>
        <speed>1.35</speed>
      </trkpt>
      <trkpt lat="30.0320652" lon="102.7358657">
        <ele>825.6537497082921</ele>
        <time>2026-05-05T07:02:12.688Z</time>
        <speed>1.05</speed>
      </trkpt>
      <trkpt lat="30.0320638" lon="102.735899">
        <ele>826.0513545971392</ele>
        <time>2026-05-05T07:02:16.691Z</time>
        <speed>0.7</speed>
      </trkpt>
      <trkpt lat="30.0320576" lon="102.7359439">
        <ele>826.3387360430166</ele>
        <time>2026-05-05T07:02:26.689Z</time>
        <speed>2.13</speed>
      </trkpt>
      <trkpt lat="30.0320498" lon="102.7360002">
        <ele>826.4705087275469</ele>
        <time>2026-05-05T07:02:30.693Z</time>
        <speed>0.68</speed>
      </trkpt>
      <trkpt lat="30.0320446" lon="102.7360357">
        <ele>826.8587579830006</ele>
        <time>2026-05-05T07:02:38.693Z</time>
        <speed>0.35</speed>
      </trkpt>
      <trkpt lat="30.0320372" lon="102.7361029">
        <ele>826.9425015705127</ele>
        <time>2026-05-05T07:03:02.690Z</time>
        <speed>1.01</speed>
      </trkpt>
      <trkpt lat="30.0320405" lon="102.7361454">
        <ele>827.4876257691252</ele>
        <time>2026-05-05T07:03:06.692Z</time>
        <speed>1.0</speed>
      </trkpt>
      <trkpt lat="30.0320545" lon="102.7361787">
        <ele>827.5757971810486</ele>
        <time>2026-05-05T07:03:10.690Z</time>
        <speed>0.66</speed>
      </trkpt>
      <trkpt lat="30.0320715" lon="102.7362196">
        <ele>827.4301624614187</ele>
        <time>2026-05-05T07:03:22.691Z</time>
        <speed>0.66</speed>
      </trkpt>
      <trkpt lat="30.0320905" lon="102.7362599">
        <ele>827.3230775612654</ele>
        <time>2026-05-05T07:03:41.692Z</time>
        <speed>1.44</speed>
      </trkpt>
      <trkpt lat="30.0321225" lon="102.7362963">
        <ele>827.3230775612654</ele>
        <time>2026-05-05T07:03:45.691Z</time>
        <speed>0.5</speed>
      </trkpt>
      <trkpt lat="30.0321515" lon="102.7363233">
        <ele>826.8047326620258</ele>
        <time>2026-05-05T07:03:57.691Z</time>
        <speed>0.56</speed>
      </trkpt>
      <trkpt lat="30.0321748" lon="102.736354">
        <ele>827.3875809924563</ele>
        <time>2026-05-05T07:04:01.689Z</time>
        <speed>1.04</speed>
      </trkpt>
      <trkpt lat="30.032178" lon="102.7363133">
        <ele>828.3466060811403</ele>
        <time>2026-05-05T07:04:29.690Z</time>
        <speed>0.46</speed>
      </trkpt>
      <trkpt lat="30.0321991" lon="102.7362928">
        <ele>835.3718630771257</ele>
        <time>2026-05-05T07:24:19.713Z</time>
        <speed>0.0</speed>
      </trkpt>
      <trkpt lat="30.0321951" lon="102.7363489">
        <ele>834.9883151417881</ele>
        <time>2026-05-05T07:29:09.715Z</time>
        <speed>1.27</speed>
      </trkpt>
      <trkpt lat="30.0322475" lon="102.7364082">
        <ele>835.2021602653009</ele>
        <time>2026-05-05T07:29:13.714Z</time>
        <speed>2.79</speed>
      </trkpt>
      <trkpt lat="30.0323464" lon="102.7365291">
        <ele>835.2629376544969</ele>
        <time>2026-05-05T07:29:17.715Z</time>
        <speed>5.24</speed>
      </trkpt>
      <trkpt lat="30.0324909" lon="102.7366806">
        <ele>835.2532851247946</ele>
        <time>2026-05-05T07:29:21.713Z</time>
        <speed>4.76</speed>
      </trkpt>
      <trkpt lat="30.0325952" lon="102.7367989">
        <ele>834.5449788830991</ele>
        <time>2026-05-05T07:29:25.714Z</time>
        <speed>3.53</speed>
      </trkpt>
      <trkpt lat="30.0326412" lon="102.7368121">
        <ele>834.222290095356</ele>
        <time>2026-05-05T07:29:27.711Z</time>
        <speed>2.58</speed>
      </trkpt>
      <trkpt lat="30.0327121" lon="102.7367759">
        <ele>833.9122319679984</ele>
        <time>2026-05-05T07:29:31.715Z</time>
        <speed>2.16</speed>
      </trkpt>
      <trkpt lat="30.0327945" lon="102.7367643">
        <ele>833.6087119783866</ele>
        <time>2026-05-05T07:29:35.715Z</time>
        <speed>1.86</speed>
      </trkpt>
      <trkpt lat="30.0328681" lon="102.7368108">
        <ele>832.95966988674</ele>
        <time>2026-05-05T07:29:39.719Z</time>
        <speed>2.72</speed>
      </trkpt>
      <trkpt lat="30.033048" lon="102.7369595">
        <ele>833.1038244625902</ele>
        <time>2026-05-05T07:29:43.713Z</time>
        <speed>8.86</speed>
      </trkpt>
      <trkpt lat="30.0333997" lon="102.7372278">
        <ele>832.9510216860476</ele>
        <time>2026-05-05T07:29:47.714Z</time>
        <speed>13.0</speed>
      </trkpt>
      <trkpt lat="30.0338682" lon="102.7375638">
        <ele>832.2741640881591</ele>
        <time>2026-05-05T07:29:51.715Z</time>
        <speed>17.76</speed>
      </trkpt>
      <trkpt lat="30.0344504" lon="102.7379389">
        <ele>831.9965602670803</ele>
        <time>2026-05-05T07:29:55.693Z</time>
        <speed>19.46</speed>
      </trkpt>
      <trkpt lat="30.0351282" lon="102.7383308">
        <ele>830.9974915849687</ele>
        <time>2026-05-05T07:29:59.686Z</time>
        <speed>22.37</speed>
      </trkpt>
      <trkpt lat="30.0359058" lon="102.7388083">
        <ele>828.2505298630249</ele>
        <time>2026-05-05T07:30:03.685Z</time>
        <speed>26.24</speed>
      </trkpt>
      <trkpt lat="30.0367372" lon="102.7393269">
        <ele>827.4318776115599</ele>
        <time>2026-05-05T07:30:07.687Z</time>
        <speed>26.66</speed>
      </trkpt>
      <trkpt lat="30.0376046" lon="102.7398663">
        <ele>824.7373813612962</ele>
        <time>2026-05-05T07:30:11.686Z</time>
        <speed>27.83</speed>
      </trkpt>
      <trkpt lat="30.0385014" lon="102.7404278">
        <ele>822.998466052741</ele>
        <time>2026-05-05T07:30:15.684Z</time>
        <speed>28.4</speed>
      </trkpt>
      <trkpt lat="30.0394066" lon="102.7409936">
        <ele>820.715283284041</ele>
        <time>2026-05-05T07:30:19.685Z</time>
        <speed>28.61</speed>
      </trkpt>
      <trkpt lat="30.0412226" lon="102.7421267">
        <ele>814.0392704522728</ele>
        <time>2026-05-05T07:30:27.684Z</time>
        <speed>28.52</speed>
      </trkpt>
      <trkpt lat="30.0425837" lon="102.7429772">
        <ele>809.7889841025496</ele>
        <time>2026-05-05T07:30:33.683Z</time>
        <speed>28.61</speed>
      </trkpt>
      <trkpt lat="30.0437171" lon="102.7436861">
        <ele>805.5390947508868</ele>
        <time>2026-05-05T07:30:38.685Z</time>
        <speed>28.58</speed>
      </trkpt>
      <trkpt lat="30.0446248" lon="102.7442521">
        <ele>801.6011129293532</ele>
        <time>2026-05-05T07:30:42.686Z</time>
        <speed>28.61</speed>
      </trkpt>
      <trkpt lat="30.0464168" lon="102.7454282">
        <ele>793.9797640267644</ele>
        <time>2026-05-05T07:30:50.686Z</time>
        <speed>28.13</speed>
      </trkpt>
      <trkpt lat="30.0472328" lon="102.7461393">
        <ele>790.6215934410443</ele>
        <time>2026-05-05T07:30:54.686Z</time>
        <speed>27.92</speed>
      </trkpt>
      <trkpt lat="30.0479657" lon="102.7469833">
        <ele>787.5527789699637</ele>
        <time>2026-05-05T07:30:58.685Z</time>
        <speed>28.81</speed>
      </trkpt>
      <trkpt lat="30.0486069" lon="102.7479082">
        <ele>785.9766137430307</ele>
        <time>2026-05-05T07:31:02.685Z</time>
        <speed>28.87</speed>
      </trkpt>
      <trkpt lat="30.0491753" lon="102.7489024">
        <ele>784.297072812609</ele>
        <time>2026-05-05T07:31:06.686Z</time>
        <speed>28.78</speed>
      </trkpt>
      <trkpt lat="30.0500716" lon="102.7510391">
        <ele>780.5118719570881</ele>
        <time>2026-05-05T07:31:14.686Z</time>
        <speed>28.66</speed>
      </trkpt>
      <trkpt lat="30.050395" lon="102.7521687">
        <ele>777.9771527304983</ele>
        <time>2026-05-05T07:31:18.685Z</time>
        <speed>28.79</speed>
      </trkpt>
      <trkpt lat="30.0508927" lon="102.7542982">
        <ele>771.3306566084618</ele>
        <time>2026-05-05T07:31:26.686Z</time>
        <speed>26.37</speed>
      </trkpt>
      <trkpt lat="30.0511492" lon="102.7554025">
        <ele>768.7845923467148</ele>
        <time>2026-05-05T07:31:30.688Z</time>
        <speed>27.72</speed>
      </trkpt>
      <trkpt lat="30.0515437" lon="102.7576602">
        <ele>765.435677679971</ele>
        <time>2026-05-05T07:31:38.685Z</time>
        <speed>28.05</speed>
      </trkpt>
      <trkpt lat="30.0515557" lon="102.7582501">
        <ele>765.3488758766225</ele>
        <time>2026-05-05T07:31:40.683Z</time>
        <speed>28.29</speed>
      </trkpt>
      <trkpt lat="30.0514271" lon="102.7594193">
        <ele>764.7372205808261</ele>
        <time>2026-05-05T07:31:44.685Z</time>
        <speed>28.51</speed>
      </trkpt>
      <trkpt lat="30.0510932" lon="102.7605353">
        <ele>763.8066904527059</ele>
        <time>2026-05-05T07:31:48.684Z</time>
        <speed>28.6</speed>
      </trkpt>
      <trkpt lat="30.0505685" lon="102.761552">
        <ele>762.8324269436638</ele>
        <time>2026-05-05T07:31:52.687Z</time>
        <speed>28.57</speed>
      </trkpt>
      <trkpt lat="30.0498934" lon="102.7624472">
        <ele>761.9279562602064</ele>
        <time>2026-05-05T07:31:56.687Z</time>
        <speed>28.92</speed>
      </trkpt>
      <trkpt lat="30.0491992" lon="102.7633208">
        <ele>761.6435324626547</ele>
        <time>2026-05-05T07:32:00.685Z</time>
        <speed>28.32</speed>
      </trkpt>
      <trkpt lat="30.0486069" lon="102.7642674">
        <ele>761.2383250201248</ele>
        <time>2026-05-05T07:32:04.685Z</time>
        <speed>28.36</speed>
      </trkpt>
      <trkpt lat="30.0481535" lon="102.7653182">
        <ele>760.6223866327126</ele>
        <time>2026-05-05T07:32:08.686Z</time>
        <speed>27.74</speed>
      </trkpt>
      <trkpt lat="30.0478429" lon="102.766361">
        <ele>758.8243400596907</ele>
        <time>2026-05-05T07:32:12.685Z</time>
        <speed>25.57</speed>
      </trkpt>
      <trkpt lat="30.0475574" lon="102.7673938">
        <ele>755.9438833046139</ele>
        <time>2026-05-05T07:32:16.689Z</time>
        <speed>25.92</speed>
      </trkpt>
      <trkpt lat="30.0472707" lon="102.7683556">
        <ele>754.6943813361108</ele>
        <time>2026-05-05T07:32:20.686Z</time>
        <speed>23.44</speed>
      </trkpt>
      <trkpt lat="30.0469577" lon="102.7692443">
        <ele>752.4924863621103</ele>
        <time>2026-05-05T07:32:24.688Z</time>
        <speed>22.92</speed>
      </trkpt>
      <trkpt lat="30.0466155" lon="102.7700831">
        <ele>751.6589747176744</ele>
        <time>2026-05-05T07:32:28.685Z</time>
        <speed>22.28</speed>
      </trkpt>
      <trkpt lat="30.0462304" lon="102.7709114">
        <ele>750.2834859493157</ele>
        <time>2026-05-05T07:32:32.685Z</time>
        <speed>22.77</speed>
      </trkpt>
      <trkpt lat="30.0365454" lon="102.7918787">
        <ele>736.177535156033</ele>
        <time>2026-05-05T07:34:11.714Z</time>
        <speed>23.9</speed>
      </trkpt>
      <trkpt lat="30.0362848" lon="102.7930475">
        <ele>733.033134222558</ele>
        <time>2026-05-05T07:34:16.686Z</time>
        <speed>23.46</speed>
      </trkpt>
      <trkpt lat="30.0360774" lon="102.7939792">
        <ele>731.694110026343</ele>
        <time>2026-05-05T07:34:20.685Z</time>
        <speed>23.49</speed>
      </trkpt>
      <trkpt lat="30.0357934" lon="102.7948894">
        <ele>730.9409827779465</ele>
        <time>2026-05-05T07:34:24.687Z</time>
        <speed>23.51</speed>
      </trkpt>
      <trkpt lat="30.0353834" lon="102.7957417">
        <ele>730.5518170710412</ele>
        <time>2026-05-05T07:34:28.686Z</time>
        <speed>23.4</speed>
      </trkpt>
      <trkpt lat="30.0348633" lon="102.7965074">
        <ele>726.1167798427048</ele>
        <time>2026-05-05T07:34:32.688Z</time>
        <speed>23.5</speed>
      </trkpt>
      <trkpt lat="30.0342548" lon="102.7971802">
        <ele>721.3781491832336</ele>
        <time>2026-05-05T07:34:36.686Z</time>
        <speed>23.3</speed>
      </trkpt>
      <trkpt lat="30.0336216" lon="102.7978189">
        <ele>719.0905526945951</ele>
        <time>2026-05-05T07:34:40.681Z</time>
        <speed>23.39</speed>
      </trkpt>
      <trkpt lat="30.0329871" lon="102.7984567">
        <ele>716.1931115414882</ele>
        <time>2026-05-05T07:34:44.686Z</time>
        <speed>23.27</speed>
      </trkpt>
      <trkpt lat="30.0323548" lon="102.7990897">
        <ele>712.7025636895382</ele>
        <time>2026-05-05T07:34:48.687Z</time>
        <speed>23.34</speed>
      </trkpt>
      <trkpt lat="30.0317169" lon="102.7997265">
        <ele>708.6082077368172</ele>
        <time>2026-05-05T07:34:52.686Z</time>
        <speed>23.34</speed>
      </trkpt>
      <trkpt lat="30.0310857" lon="102.8003609">
        <ele>705.1802703935982</ele>
        <time>2026-05-05T07:34:56.684Z</time>
        <speed>23.27</speed>
      </trkpt>
      <trkpt lat="30.030452" lon="102.8009974">
        <ele>703.552877728892</ele>
        <time>2026-05-05T07:35:00.684Z</time>
        <speed>23.34</speed>
      </trkpt>
      <trkpt lat="30.0291824" lon="102.8022698">
        <ele>697.718258013741</ele>
        <time>2026-05-05T07:35:08.684Z</time>
        <speed>23.39</speed>
      </trkpt>
      <trkpt lat="30.0285177" lon="102.8029374">
        <ele>695.3707288516122</ele>
        <time>2026-05-05T07:35:12.685Z</time>
        <speed>25.27</speed>
      </trkpt>
      <trkpt lat="30.0278084" lon="102.8036507">
        <ele>693.6588560068557</ele>
        <time>2026-05-05T07:35:16.685Z</time>
        <speed>26.87</speed>
      </trkpt>
      <trkpt lat="30.0270569" lon="102.8043995">
        <ele>691.6336342776259</ele>
        <time>2026-05-05T07:35:20.688Z</time>
        <speed>28.02</speed>
      </trkpt>
      <trkpt lat="30.0254465" lon="102.8058441">
        <ele>687.1254177473575</ele>
        <time>2026-05-05T07:35:28.684Z</time>
        <speed>28.56</speed>
      </trkpt>
      <trkpt lat="30.0245207" lon="102.8063686">
        <ele>684.6379848153339</ele>
        <time>2026-05-05T07:35:32.687Z</time>
        <speed>28.55</speed>
      </trkpt>
      <trkpt lat="30.0235438" lon="102.8067447">
        <ele>684.2528168217312</ele>
        <time>2026-05-05T07:35:36.684Z</time>
        <speed>28.58</speed>
      </trkpt>
      <trkpt lat="30.0225703" lon="102.807129">
        <ele>682.1729101209553</ele>
        <time>2026-05-05T07:35:40.685Z</time>
        <speed>28.53</speed>
      </trkpt>
      <trkpt lat="30.0207626" lon="102.8082675">
        <ele>682.4372800355218</ele>
        <time>2026-05-05T07:35:48.687Z</time>
        <speed>28.61</speed>
      </trkpt>
      <trkpt lat="30.0198586" lon="102.8088191">
        <ele>685.0700654585053</ele>
        <time>2026-05-05T07:35:52.691Z</time>
        <speed>28.65</speed>
      </trkpt>
      <trkpt lat="30.0188946" lon="102.8092459">
        <ele>687.3662077935188</ele>
        <time>2026-05-05T07:35:56.683Z</time>
        <speed>28.63</speed>
      </trkpt>
      <trkpt lat="30.0179233" lon="102.8096301">
        <ele>688.6677406059808</ele>
        <time>2026-05-05T07:36:00.683Z</time>
        <speed>28.6</speed>
      </trkpt>
      <trkpt lat="30.0169866" lon="102.8101282">
        <ele>689.506825142166</ele>
        <time>2026-05-05T07:36:04.684Z</time>
        <speed>28.59</speed>
      </trkpt>
      <trkpt lat="30.0153872" lon="102.8116008">
        <ele>690.8927628958738</ele>
        <time>2026-05-05T07:36:12.687Z</time>
        <speed>28.51</speed>
      </trkpt>
      <trkpt lat="30.0147605" lon="102.8125376">
        <ele>691.9909850891756</ele>
        <time>2026-05-05T07:36:16.685Z</time>
        <speed>28.53</speed>
      </trkpt>
      <trkpt lat="30.0138512" lon="102.8146622">
        <ele>695.7473279902454</ele>
        <time>2026-05-05T07:36:24.685Z</time>
        <speed>28.52</speed>
      </trkpt>
      <trkpt lat="30.0134488" lon="102.8157349">
        <ele>697.5940764891451</ele>
        <time>2026-05-05T07:36:28.686Z</time>
        <speed>27.65</speed>
      </trkpt>
      <trkpt lat="30.0130719" lon="102.8166782">
        <ele>699.6716100726098</ele>
        <time>2026-05-05T07:36:32.686Z</time>
        <speed>21.22</speed>
      </trkpt>
      <trkpt lat="30.0127171" lon="102.8174166">
        <ele>700.8558509964565</ele>
        <time>2026-05-05T07:36:36.683Z</time>
        <speed>21.0</speed>
      </trkpt>
      <trkpt lat="30.0123309" lon="102.8182185">
        <ele>701.6396984803333</ele>
        <time>2026-05-05T07:36:40.685Z</time>
        <speed>23.0</speed>
      </trkpt>
      <trkpt lat="30.0114118" lon="102.8199951">
        <ele>704.2382084862728</ele>
        <time>2026-05-05T07:36:48.686Z</time>
        <speed>26.47</speed>
      </trkpt>
      <trkpt lat="30.0109068" lon="102.8209645">
        <ele>705.5416239643315</ele>
        <time>2026-05-05T07:36:52.684Z</time>
        <speed>27.8</speed>
      </trkpt>
      <trkpt lat="30.010397" lon="102.8219748">
        <ele>708.4994766269352</ele>
        <time>2026-05-05T07:36:56.684Z</time>
        <speed>28.34</speed>
      </trkpt>
      <trkpt lat="30.0099366" lon="102.8230325">
        <ele>711.9614456220357</ele>
        <time>2026-05-05T07:37:00.685Z</time>
        <speed>28.56</speed>
      </trkpt>
      <trkpt lat="30.0095482" lon="102.824128">
        <ele>715.5420140662907</ele>
        <time>2026-05-05T07:37:04.684Z</time>
        <speed>28.64</speed>
      </trkpt>
      <trkpt lat="30.0092449" lon="102.8252665">
        <ele>717.6333778769076</ele>
        <time>2026-05-05T07:37:08.686Z</time>
        <speed>28.7</speed>
      </trkpt>
      <trkpt lat="30.008989" lon="102.8264159">
        <ele>718.1457716381551</ele>
        <time>2026-05-05T07:37:12.686Z</time>
        <speed>28.63</speed>
      </trkpt>
      <trkpt lat="30.0087086" lon="102.8275551">
        <ele>717.9335099466456</ele>
        <time>2026-05-05T07:37:16.684Z</time>
        <speed>28.63</speed>
      </trkpt>
      <trkpt lat="30.0078532" lon="102.8297157">
        <ele>715.4457895376325</ele>
        <time>2026-05-05T07:37:24.686Z</time>
        <speed>28.61</speed>
      </trkpt>
      <trkpt lat="30.0072268" lon="102.8319725">
        <ele>712.2836206642703</ele>
        <time>2026-05-05T07:37:32.688Z</time>
        <speed>28.69</speed>
      </trkpt>
      <trkpt lat="30.007131" lon="102.8331547">
        <ele>709.013659066059</ele>
        <time>2026-05-05T07:37:36.688Z</time>
        <speed>28.61</speed>
      </trkpt>
      <trkpt lat="30.0068818" lon="102.8354744">
        <ele>700.3540364623137</ele>
        <time>2026-05-05T07:37:44.685Z</time>
        <speed>27.42</speed>
      </trkpt>
      <trkpt lat="30.0065676" lon="102.8365348">
        <ele>695.548200353458</ele>
        <time>2026-05-05T07:37:48.687Z</time>
        <speed>26.93</speed>
      </trkpt>
      <trkpt lat="30.0060934" lon="102.8375078">
        <ele>691.084003452246</ele>
        <time>2026-05-05T07:37:52.687Z</time>
        <speed>26.95</speed>
      </trkpt>
      <trkpt lat="30.0054842" lon="102.838362">
        <ele>687.4127868623522</ele>
        <time>2026-05-05T07:37:56.687Z</time>
        <speed>26.75</speed>
      </trkpt>
      <trkpt lat="30.0047962" lon="102.8391274">
        <ele>683.3989781832255</ele>
        <time>2026-05-05T07:38:00.683Z</time>
        <speed>26.43</speed>
      </trkpt>
      <trkpt lat="30.0040938" lon="102.8398565">
        <ele>680.2395478945726</ele>
        <time>2026-05-05T07:38:04.683Z</time>
        <speed>26.13</speed>
      </trkpt>
      <trkpt lat="30.0034012" lon="102.8405773">
        <ele>677.1139283046053</ele>
        <time>2026-05-05T07:38:08.685Z</time>
        <speed>25.64</speed>
      </trkpt>
      <trkpt lat="30.0027213" lon="102.8412789">
        <ele>674.0442976766284</ele>
        <time>2026-05-05T07:38:12.686Z</time>
        <speed>25.1</speed>
      </trkpt>
      <trkpt lat="30.0020506" lon="102.8419703">
        <ele>671.3280889711764</ele>
        <time>2026-05-05T07:38:16.687Z</time>
        <speed>24.9</speed>
      </trkpt>
      <trkpt lat="30.0013957" lon="102.8426703">
        <ele>668.5812557460981</ele>
        <time>2026-05-05T07:38:20.684Z</time>
        <speed>24.68</speed>
      </trkpt>
      <trkpt lat="30.0007755" lon="102.8434109">
        <ele>665.4763140360589</ele>
        <time>2026-05-05T07:38:24.686Z</time>
        <speed>24.91</speed>
      </trkpt>
      <trkpt lat="30.0001836" lon="102.8442159">
        <ele>662.5198093420977</ele>
        <time>2026-05-05T07:38:28.684Z</time>
        <speed>26.03</speed>
      </trkpt>
      <trkpt lat="29.9996252" lon="102.8451191">
        <ele>660.1026091245304</ele>
        <time>2026-05-05T07:38:32.684Z</time>
        <speed>27.27</speed>
      </trkpt>
      <trkpt lat="29.9991147" lon="102.8460962">
        <ele>657.8218241549403</ele>
        <time>2026-05-05T07:38:36.686Z</time>
        <speed>27.52</speed>
      </trkpt>
      <trkpt lat="29.9983211" lon="102.8481407">
        <ele>652.6347554937665</ele>
        <time>2026-05-05T07:38:44.686Z</time>
        <speed>26.82</speed>
      </trkpt>
      <trkpt lat="29.9980456" lon="102.8492121">
        <ele>651.5579104244339</ele>
        <time>2026-05-05T07:38:48.686Z</time>
        <speed>26.97</speed>
      </trkpt>
      <trkpt lat="29.9979181" lon="102.850291">
        <ele>649.4863292584665</ele>
        <time>2026-05-05T07:38:52.686Z</time>
        <speed>25.5</speed>
      </trkpt>
      <trkpt lat="29.9988711" lon="102.8540132">
        <ele>651.6085009966723</ele>
        <time>2026-05-05T07:39:08.685Z</time>
        <speed>22.14</speed>
      </trkpt>
      <trkpt lat="29.9992931" lon="102.8547545">
        <ele>651.5479328381042</ele>
        <time>2026-05-05T07:39:12.685Z</time>
        <speed>21.14</speed>
      </trkpt>
      <trkpt lat="29.9996771" lon="102.855537">
        <ele>651.107339365139</ele>
        <time>2026-05-05T07:39:16.687Z</time>
        <speed>22.44</speed>
      </trkpt>
      <trkpt lat="30.0001274" lon="102.8573996">
        <ele>653.6871234840031</ele>
        <time>2026-05-05T07:39:24.683Z</time>
        <speed>24.18</speed>
      </trkpt>
      <trkpt lat="30.0002883" lon="102.8592345">
        <ele>657.1903932340955</ele>
        <time>2026-05-05T07:39:31.683Z</time>
        <speed>25.78</speed>
      </trkpt>
      <trkpt lat="30.0003812" lon="102.8602812">
        <ele>659.263838134865</ele>
        <time>2026-05-05T07:39:35.685Z</time>
        <speed>25.05</speed>
      </trkpt>
      <trkpt lat="30.0004683" lon="102.8613069">
        <ele>659.3538394768037</ele>
        <time>2026-05-05T07:39:39.683Z</time>
        <speed>24.81</speed>
      </trkpt>
      <trkpt lat="30.0005553" lon="102.8623418">
        <ele>658.4194748251662</ele>
        <time>2026-05-05T07:39:43.684Z</time>
        <speed>25.23</speed>
      </trkpt>
      <trkpt lat="30.0007014" lon="102.8644727">
        <ele>654.820803536474</ele>
        <time>2026-05-05T07:39:51.686Z</time>
        <speed>24.91</speed>
      </trkpt>
      <trkpt lat="30.0007111" lon="102.8655598">
        <ele>651.6207062433441</ele>
        <time>2026-05-05T07:39:55.686Z</time>
        <speed>26.86</speed>
      </trkpt>
      <trkpt lat="30.0006802" lon="102.8666696">
        <ele>649.2992029664855</ele>
        <time>2026-05-05T07:39:59.685Z</time>
        <speed>26.75</speed>
      </trkpt>
      <trkpt lat="30.0005893" lon="102.8688907">
        <ele>641.7724181939112</ele>
        <time>2026-05-05T07:40:07.683Z</time>
        <speed>27.17</speed>
      </trkpt>
      <trkpt lat="30.0005664" lon="102.8694513">
        <ele>640.9338032522444</ele>
        <time>2026-05-05T07:40:09.683Z</time>
        <speed>26.93</speed>
      </trkpt>
      <trkpt lat="30.0005208" lon="102.8705533">
        <ele>637.8680473095283</ele>
        <time>2026-05-05T07:40:13.684Z</time>
        <speed>26.47</speed>
      </trkpt>
      <trkpt lat="30.0004982" lon="102.8710997">
        <ele>636.0599995299635</ele>
        <time>2026-05-05T07:40:15.683Z</time>
        <speed>26.4</speed>
      </trkpt>
      <trkpt lat="30.000477" lon="102.8716459">
        <ele>634.3797711210747</ele>
        <time>2026-05-05T07:40:17.684Z</time>
        <speed>26.21</speed>
      </trkpt>
      <trkpt lat="30.0004598" lon="102.8721865">
        <ele>633.067224603868</ele>
        <time>2026-05-05T07:40:19.683Z</time>
        <speed>25.97</speed>
      </trkpt>
      <trkpt lat="30.0004755" lon="102.8732563">
        <ele>630.4227662868569</ele>
        <time>2026-05-05T07:40:23.684Z</time>
        <speed>25.83</speed>
      </trkpt>
      <trkpt lat="30.0005283" lon="102.8737869">
        <ele>629.541831506117</ele>
        <time>2026-05-05T07:40:25.683Z</time>
        <speed>25.72</speed>
      </trkpt>
      <trkpt lat="30.000613" lon="102.8743054">
        <ele>629.0512348853757</ele>
        <time>2026-05-05T07:40:27.683Z</time>
        <speed>25.41</speed>
      </trkpt>
      <trkpt lat="30.0007272" lon="102.8748147">
        <ele>628.4569345471235</ele>
        <time>2026-05-05T07:40:29.683Z</time>
        <speed>25.34</speed>
      </trkpt>
      <trkpt lat="30.0008723" lon="102.8753101">
        <ele>627.8951855899844</ele>
        <time>2026-05-05T07:40:31.684Z</time>
        <speed>25.16</speed>
      </trkpt>
      <trkpt lat="30.0010473" lon="102.8757862">
        <ele>627.7891272655536</ele>
        <time>2026-05-05T07:40:33.684Z</time>
        <speed>24.77</speed>
      </trkpt>
      <trkpt lat="30.0014678" lon="102.876671">
        <ele>627.7122039902023</ele>
        <time>2026-05-05T07:40:37.684Z</time>
        <speed>24.07</speed>
      </trkpt>
      <trkpt lat="30.0017095" lon="102.8770856">
        <ele>627.6519266120944</ele>
        <time>2026-05-05T07:40:39.684Z</time>
        <speed>24.1</speed>
      </trkpt>
      <trkpt lat="30.0019631" lon="102.8774927">
        <ele>627.4091707842156</ele>
        <time>2026-05-05T07:40:41.684Z</time>
        <speed>24.24</speed>
      </trkpt>
      <trkpt lat="30.0022202" lon="102.8778965">
        <ele>628.9139281889107</ele>
        <time>2026-05-05T07:40:43.684Z</time>
        <speed>23.9</speed>
      </trkpt>
      <trkpt lat="30.0024643" lon="102.878294">
        <ele>628.6079456750666</ele>
        <time>2026-05-05T07:40:45.683Z</time>
        <speed>23.1</speed>
      </trkpt>
      <trkpt lat="30.00268" lon="102.8786769">
        <ele>628.7152391043546</ele>
        <time>2026-05-05T07:40:47.684Z</time>
        <speed>21.34</speed>
      </trkpt>
      <trkpt lat="30.0028643" lon="102.8790489">
        <ele>629.1059313291474</ele>
        <time>2026-05-05T07:40:49.684Z</time>
        <speed>20.36</speed>
      </trkpt>
      <trkpt lat="30.0030243" lon="102.8794262">
        <ele>628.759521484375</ele>
        <time>2026-05-05T07:40:51.683Z</time>
        <speed>20.26</speed>
      </trkpt>
      <trkpt lat="30.0031659" lon="102.8798204">
        <ele>629.445556640625</ele>
        <time>2026-05-05T07:40:53.683Z</time>
        <speed>20.67</speed>
      </trkpt>
      <trkpt lat="30.0034744" lon="102.8810342">
        <ele>632.4528115191206</ele>
        <time>2026-05-05T07:40:59.684Z</time>
        <speed>20.18</speed>
      </trkpt>
      <trkpt lat="30.0035703" lon="102.881789">
        <ele>632.2428028901996</ele>
        <time>2026-05-05T07:41:03.683Z</time>
        <speed>17.37</speed>
      </trkpt>
      <trkpt lat="30.003591" lon="102.8821358">
        <ele>632.3358655160582</ele>
        <time>2026-05-05T07:41:05.684Z</time>
        <speed>16.23</speed>
      </trkpt>
      <trkpt lat="30.0035979" lon="102.8827659">
        <ele>632.8221019871527</ele>
        <time>2026-05-05T07:41:09.683Z</time>
        <speed>14.5</speed>
      </trkpt>
      <trkpt lat="30.0035917" lon="102.8830595">
        <ele>633.1298570718683</ele>
        <time>2026-05-05T07:41:11.683Z</time>
        <speed>13.95</speed>
      </trkpt>
      <trkpt lat="30.0035763" lon="102.8833491">
        <ele>633.8913185126414</ele>
        <time>2026-05-05T07:41:13.683Z</time>
        <speed>14.17</speed>
      </trkpt>
      <trkpt lat="30.0035493" lon="102.883643">
        <ele>634.3290308455204</ele>
        <time>2026-05-05T07:41:15.683Z</time>
        <speed>14.42</speed>
      </trkpt>
      <trkpt lat="30.0034722" lon="102.8842882">
        <ele>634.2709162495185</ele>
        <time>2026-05-05T07:41:19.683Z</time>
        <speed>16.89</speed>
      </trkpt>
      <trkpt lat="29.9875296" lon="102.9320569">
        <ele>606.790770855338</ele>
        <time>2026-05-05T07:45:27.681Z</time>
        <speed>20.79</speed>
      </trkpt>
      <trkpt lat="29.9870195" lon="102.9329243">
        <ele>604.6461460006179</ele>
        <time>2026-05-05T07:45:32.709Z</time>
        <speed>22.98</speed>
      </trkpt>
      <trkpt lat="29.9865648" lon="102.9336613">
        <ele>602.6670580768887</ele>
        <time>2026-05-05T07:45:36.713Z</time>
        <speed>24.58</speed>
      </trkpt>
      <trkpt lat="29.9859054" lon="102.9344506">
        <ele>601.9439328333751</ele>
        <time>2026-05-05T07:45:40.712Z</time>
        <speed>26.34</speed>
      </trkpt>
      <trkpt lat="29.9852696" lon="102.935311">
        <ele>599.8506900398096</ele>
        <time>2026-05-05T07:45:44.713Z</time>
        <speed>27.7</speed>
      </trkpt>
      <trkpt lat="29.9846236" lon="102.9361813">
        <ele>598.4171021733197</ele>
        <time>2026-05-05T07:45:48.711Z</time>
        <speed>28.19</speed>
      </trkpt>
      <trkpt lat="29.9838824" lon="102.9370277">
        <ele>597.6608859979151</ele>
        <time>2026-05-05T07:45:52.712Z</time>
        <speed>28.44</speed>
      </trkpt>
      <trkpt lat="29.9832151" lon="102.9379485">
        <ele>596.1655755244594</ele>
        <time>2026-05-05T07:45:56.713Z</time>
        <speed>28.34</speed>
      </trkpt>
      <trkpt lat="29.982503" lon="102.9387896">
        <ele>595.6686373497307</ele>
        <time>2026-05-05T07:46:00.714Z</time>
        <speed>28.47</speed>
      </trkpt>
      <trkpt lat="29.9817642" lon="102.9396699">
        <ele>597.337366487809</ele>
        <time>2026-05-05T07:46:04.713Z</time>
        <speed>28.41</speed>
      </trkpt>
      <trkpt lat="29.9812927" lon="102.9403539">
        <ele>599.3524812288546</ele>
        <time>2026-05-05T07:46:07.711Z</time>
        <speed>28.47</speed>
      </trkpt>
      <trkpt lat="29.980955" lon="102.9407945">
        <ele>601.1223184298317</ele>
        <time>2026-05-05T07:46:09.709Z</time>
        <speed>28.5</speed>
      </trkpt>
      <trkpt lat="29.9806115" lon="102.9412312">
        <ele>603.42032648313</ele>
        <time>2026-05-05T07:46:11.712Z</time>
        <speed>28.56</speed>
      </trkpt>
      <trkpt lat="29.9799273" lon="102.9421121">
        <ele>606.7134451855843</ele>
        <time>2026-05-05T07:46:15.711Z</time>
        <speed>28.41</speed>
      </trkpt>
      <trkpt lat="29.9793672" lon="102.9430208">
        <ele>610.4319622167775</ele>
        <time>2026-05-05T07:46:19.713Z</time>
        <speed>26.36</speed>
      </trkpt>
      <trkpt lat="29.9789723" lon="102.9439125">
        <ele>613.5635862023465</ele>
        <time>2026-05-05T07:46:23.714Z</time>
        <speed>23.3</speed>
      </trkpt>
      <trkpt lat="29.9788112" lon="102.9448348">
        <ele>614.8929906003364</ele>
        <time>2026-05-05T07:46:27.714Z</time>
        <speed>22.38</speed>
      </trkpt>
      <trkpt lat="29.9786057" lon="102.9456885">
        <ele>615.7029557587998</ele>
        <time>2026-05-05T07:46:31.713Z</time>
        <speed>22.87</speed>
      </trkpt>
      <trkpt lat="29.9784066" lon="102.9466018">
        <ele>616.493494393331</ele>
        <time>2026-05-05T07:46:35.715Z</time>
        <speed>23.89</speed>
      </trkpt>
      <trkpt lat="29.9781758" lon="102.9476574">
        <ele>615.9842948806306</ele>
        <time>2026-05-05T07:46:39.714Z</time>
        <speed>25.5</speed>
      </trkpt>
      <trkpt lat="29.9779804" lon="102.9487118">
        <ele>616.7579523900026</ele>
        <time>2026-05-05T07:46:43.713Z</time>
        <speed>26.22</speed>
      </trkpt>
      <trkpt lat="29.9777795" lon="102.9496445">
        <ele>615.6262976497698</ele>
        <time>2026-05-05T07:46:47.714Z</time>
        <speed>21.69</speed>
      </trkpt>
      <trkpt lat="29.9776384" lon="102.9505261">
        <ele>613.3777456133805</ele>
        <time>2026-05-05T07:46:51.714Z</time>
        <speed>21.29</speed>
      </trkpt>
      <trkpt lat="29.9775708" lon="102.9515091">
        <ele>612.733065979606</ele>
        <time>2026-05-05T07:46:55.715Z</time>
        <speed>25.08</speed>
      </trkpt>
      <trkpt lat="29.9775853" lon="102.9525492">
        <ele>612.3203110478557</ele>
        <time>2026-05-05T07:46:59.710Z</time>
        <speed>26.31</speed>
      </trkpt>
      <trkpt lat="29.9777716" lon="102.9536943">
        <ele>610.3370460621245</ele>
        <time>2026-05-05T07:47:03.712Z</time>
        <speed>27.64</speed>
      </trkpt>
      <trkpt lat="29.9781279" lon="102.9547406">
        <ele>609.819943791964</ele>
        <time>2026-05-05T07:47:07.711Z</time>
        <speed>28.39</speed>
      </trkpt>
      <trkpt lat="29.9784771" lon="102.9558717">
        <ele>609.9122341938847</ele>
        <time>2026-05-05T07:47:11.714Z</time>
        <speed>28.74</speed>
      </trkpt>
      <trkpt lat="29.9787371" lon="102.9567299">
        <ele>608.8267573958996</ele>
        <time>2026-05-05T07:47:14.710Z</time>
        <speed>28.41</speed>
      </trkpt>
      <trkpt lat="29.9790728" lon="102.9581675">
        <ele>608.8864803459056</ele>
        <time>2026-05-05T07:47:19.718Z</time>
        <speed>28.49</speed>
      </trkpt>
      <trkpt lat="29.9791652" lon="102.9593545">
        <ele>607.5060573538344</ele>
        <time>2026-05-05T07:47:23.713Z</time>
        <speed>28.55</speed>
      </trkpt>
      <trkpt lat="29.9791354" lon="102.9605313">
        <ele>607.4010883193938</ele>
        <time>2026-05-05T07:47:27.710Z</time>
        <speed>28.55</speed>
      </trkpt>
      <trkpt lat="29.9789616" lon="102.9616865">
        <ele>606.9070241313183</ele>
        <time>2026-05-05T07:47:31.711Z</time>
        <speed>28.34</speed>
      </trkpt>
      <trkpt lat="29.9786815" lon="102.9627968">
        <ele>607.1374326760752</ele>
        <time>2026-05-05T07:47:35.713Z</time>
        <speed>28.01</speed>
      </trkpt>
      <trkpt lat="29.9782994" lon="102.963855">
        <ele>607.3560485742298</ele>
        <time>2026-05-05T07:47:39.715Z</time>
        <speed>27.94</speed>
      </trkpt>
      <trkpt lat="29.9778314" lon="102.9648663">
        <ele>608.1060940835372</ele>
        <time>2026-05-05T07:47:43.713Z</time>
        <speed>28.25</speed>
      </trkpt>
      <trkpt lat="29.9774024" lon="102.9659722">
        <ele>608.4582170317469</ele>
        <time>2026-05-05T07:47:47.713Z</time>
        <speed>28.58</speed>
      </trkpt>
      <trkpt lat="29.9770698" lon="102.9670889">
        <ele>609.5289692540781</ele>
        <time>2026-05-05T07:47:51.712Z</time>
        <speed>28.62</speed>
      </trkpt>
      <trkpt lat="29.9768653" lon="102.9682496">
        <ele>610.2329137805375</ele>
        <time>2026-05-05T07:47:55.714Z</time>
        <speed>28.72</speed>
      </trkpt>
      <trkpt lat="29.9767641" lon="102.9694126">
        <ele>611.9941293926383</ele>
        <time>2026-05-05T07:47:59.716Z</time>
        <speed>28.36</speed>
      </trkpt>
      <trkpt lat="29.9766817" lon="102.9705623">
        <ele>614.4175416605186</ele>
        <time>2026-05-05T07:48:03.714Z</time>
        <speed>25.6</speed>
      </trkpt>
      <trkpt lat="29.9766399" lon="102.9714563">
        <ele>615.6622598058289</ele>
        <time>2026-05-05T07:48:07.713Z</time>
        <speed>20.49</speed>
      </trkpt>
      <trkpt lat="29.9765453" lon="102.972858">
        <ele>616.420867695175</ele>
        <time>2026-05-05T07:48:13.710Z</time>
        <speed>20.79</speed>
      </trkpt>
      <trkpt lat="29.9767419" lon="102.9719886">
        <ele>617.8796442981874</ele>
        <time>2026-05-05T07:48:19.711Z</time>
      </trkpt>
      <trkpt lat="29.9764242" lon="102.9748601">
        <ele>618.9090247740124</ele>
        <time>2026-05-05T07:48:23.714Z</time>
        <speed>23.29</speed>
      </trkpt>
      <trkpt lat="29.976318" lon="102.976138">
        <ele>620.1589284683296</ele>
        <time>2026-05-05T07:48:28.711Z</time>
        <speed>25.19</speed>
      </trkpt>
      <trkpt lat="29.9762316" lon="102.9771994">
        <ele>620.2262754658508</ele>
        <time>2026-05-05T07:48:32.712Z</time>
        <speed>25.95</speed>
      </trkpt>
      <trkpt lat="29.9760234" lon="102.9782307">
        <ele>619.352144527499</ele>
        <time>2026-05-05T07:48:36.712Z</time>
        <speed>24.74</speed>
      </trkpt>
      <trkpt lat="29.9757294" lon="102.9791616">
        <ele>618.642525383192</ele>
        <time>2026-05-05T07:48:40.714Z</time>
        <speed>24.86</speed>
      </trkpt>
      <trkpt lat="29.9753653" lon="102.9801207">
        <ele>617.2532937735148</ele>
        <time>2026-05-05T07:48:44.711Z</time>
        <speed>25.33</speed>
      </trkpt>
      <trkpt lat="29.9749479" lon="102.9811212">
        <ele>617.0432691527226</ele>
        <time>2026-05-05T07:48:48.714Z</time>
        <speed>26.73</speed>
      </trkpt>
      <trkpt lat="29.9745166" lon="102.9821162">
        <ele>616.953206891588</ele>
        <time>2026-05-05T07:48:52.709Z</time>
        <speed>27.98</speed>
      </trkpt>
      <trkpt lat="29.9741963" lon="102.9831883">
        <ele>615.9469492773823</ele>
        <time>2026-05-05T07:48:56.714Z</time>
        <speed>28.29</speed>
      </trkpt>
      <trkpt lat="29.9739952" lon="102.9843339">
        <ele>615.5354829287659</ele>
        <time>2026-05-05T07:49:00.712Z</time>
        <speed>28.53</speed>
      </trkpt>
      <trkpt lat="29.9738734" lon="102.9855574">
        <ele>616.6325708648963</ele>
        <time>2026-05-05T07:49:04.711Z</time>
        <speed>28.58</speed>
      </trkpt>
      <trkpt lat="29.9737577" lon="102.9867541">
        <ele>618.3763708185382</ele>
        <time>2026-05-05T07:49:08.712Z</time>
        <speed>28.59</speed>
      </trkpt>
      <trkpt lat="29.9736012" lon="102.9879095">
        <ele>618.8722533596523</ele>
        <time>2026-05-05T07:49:12.713Z</time>
        <speed>28.14</speed>
      </trkpt>
      <trkpt lat="29.9733781" lon="102.9889851">
        <ele>619.2764631632278</ele>
        <time>2026-05-05T07:49:16.711Z</time>
        <speed>27.11</speed>
      </trkpt>
      <trkpt lat="29.9730433" lon="102.9900103">
        <ele>618.8167085306621</ele>
        <time>2026-05-05T07:49:20.712Z</time>
        <speed>27.37</speed>
      </trkpt>
      <trkpt lat="29.9726173" lon="102.991099">
        <ele>617.6237701534129</ele>
        <time>2026-05-05T07:49:24.710Z</time>
        <speed>27.29</speed>
      </trkpt>
      <trkpt lat="29.972191" lon="102.9920928">
        <ele>615.5783283151193</ele>
        <time>2026-05-05T07:49:28.711Z</time>
        <speed>27.17</speed>
      </trkpt>
      <trkpt lat="29.9719566" lon="102.9926003">
        <ele>614.1973396146524</ele>
        <time>2026-05-05T07:49:30.709Z</time>
        <speed>27.12</speed>
      </trkpt>
      <trkpt lat="29.9715008" lon="102.993607">
        <ele>610.2655129050698</ele>
        <time>2026-05-05T07:49:34.708Z</time>
        <speed>27.64</speed>
      </trkpt>
      <trkpt lat="29.9710431" lon="102.9946631">
        <ele>606.7860204537233</ele>
        <time>2026-05-05T07:49:38.711Z</time>
        <speed>28.25</speed>
      </trkpt>
      <trkpt lat="29.9705902" lon="102.9956315">
        <ele>603.7958832636458</ele>
        <time>2026-05-05T07:49:42.708Z</time>
        <speed>28.54</speed>
      </trkpt>
      <trkpt lat="29.970181" lon="102.9967311">
        <ele>600.5443615467957</ele>
        <time>2026-05-05T07:49:46.710Z</time>
        <speed>28.68</speed>
      </trkpt>
      <trkpt lat="29.9697907" lon="102.9978788">
        <ele>597.2391113619681</ele>
        <time>2026-05-05T07:49:50.710Z</time>
        <speed>28.16</speed>
      </trkpt>
      <trkpt lat="29.9694225" lon="103.0003348">
        <ele>593.5119573859464</ele>
        <time>2026-05-05T07:49:59.707Z</time>
      </trkpt>
      <trkpt lat="29.9692895" lon="103.0017543">
        <ele>588.985636160838</ele>
        <time>2026-05-05T07:50:04.710Z</time>
        <speed>26.9</speed>
      </trkpt>
      <trkpt lat="29.9693714" lon="103.0029185">
        <ele>589.1706704743299</ele>
        <time>2026-05-05T07:50:08.711Z</time>
        <speed>27.26</speed>
      </trkpt>
      <trkpt lat="29.9695295" lon="103.004052">
        <ele>588.2308412833039</ele>
        <time>2026-05-05T07:50:12.711Z</time>
        <speed>27.26</speed>
      </trkpt>
      <trkpt lat="29.9697763" lon="103.0051758">
        <ele>586.7164942895813</ele>
        <time>2026-05-05T07:50:16.713Z</time>
        <speed>27.26</speed>
      </trkpt>
      <trkpt lat="29.9701429" lon="103.0061934">
        <ele>585.3571884795961</ele>
        <time>2026-05-05T07:50:20.709Z</time>
        <speed>27.34</speed>
      </trkpt>
      <trkpt lat="29.9705864" lon="103.0071544">
        <ele>584.2928425989869</ele>
        <time>2026-05-05T07:50:24.709Z</time>
        <speed>27.27</speed>
      </trkpt>
      <trkpt lat="29.971102" lon="103.0081262">
        <ele>582.9323026960712</ele>
        <time>2026-05-05T07:50:28.709Z</time>
        <speed>27.17</speed>
      </trkpt>
      <trkpt lat="29.9717146" lon="103.0090746">
        <ele>582.1990750115077</ele>
        <time>2026-05-05T07:50:32.713Z</time>
        <speed>27.35</speed>
      </trkpt>
      <trkpt lat="29.972297" lon="103.010001">
        <ele>582.012412502338</ele>
        <time>2026-05-05T07:50:36.710Z</time>
        <speed>28.22</speed>
      </trkpt>
      <trkpt lat="29.9729807" lon="103.0112487">
        <ele>580.9941236586706</ele>
        <time>2026-05-05T07:50:41.716Z</time>
        <speed>28.63</speed>
      </trkpt>
      <trkpt lat="29.9734382" lon="103.0123077">
        <ele>580.5040680149544</ele>
        <time>2026-05-05T07:50:45.708Z</time>
        <speed>28.6</speed>
      </trkpt>
      <trkpt lat="29.9738238" lon="103.0134084">
        <ele>579.8712249280038</ele>
        <time>2026-05-05T07:50:49.713Z</time>
        <speed>28.54</speed>
      </trkpt>
      <trkpt lat="29.9742187" lon="103.0144993">
        <ele>579.3375211392556</ele>
        <time>2026-05-05T07:50:53.716Z</time>
        <speed>28.53</speed>
      </trkpt>
      <trkpt lat="29.9747397" lon="103.0155085">
        <ele>579.1598096172684</ele>
        <time>2026-05-05T07:50:57.713Z</time>
        <speed>28.5</speed>
      </trkpt>
      <trkpt lat="29.9753721" lon="103.0164087">
        <ele>580.4797791536888</ele>
        <time>2026-05-05T07:51:01.712Z</time>
        <speed>25.71</speed>
      </trkpt>
      <trkpt lat="29.9759902" lon="103.0170984">
        <ele>581.6990578764254</ele>
        <time>2026-05-05T07:51:05.713Z</time>
        <speed>22.29</speed>
      </trkpt>
      <trkpt lat="29.9765143" lon="103.0176646">
        <ele>584.0189013043222</ele>
        <time>2026-05-05T07:51:09.711Z</time>
        <speed>19.56</speed>
      </trkpt>
      <trkpt lat="29.9769221" lon="103.0182105">
        <ele>585.3929108868484</ele>
        <time>2026-05-05T07:51:13.711Z</time>
        <speed>19.26</speed>
      </trkpt>
      <trkpt lat="29.9774582" lon="103.0188193">
        <ele>587.7518924614166</ele>
        <time>2026-05-05T07:51:17.711Z</time>
        <speed>19.6</speed>
      </trkpt>
      <trkpt lat="29.9779022" lon="103.0194657">
        <ele>589.2047215070141</ele>
        <time>2026-05-05T07:51:21.712Z</time>
        <speed>20.26</speed>
      </trkpt>
      <trkpt lat="29.9782681" lon="103.0201743">
        <ele>590.7189016216013</ele>
        <time>2026-05-05T07:51:25.710Z</time>
        <speed>20.07</speed>
      </trkpt>
      <trkpt lat="29.9858505" lon="103.0611253">
        <ele>567.9769309081972</ele>
        <time>2026-05-05T07:54:34.712Z</time>
        <speed>18.19</speed>
      </trkpt>
      <trkpt lat="29.9855103" lon="103.0619173">
        <ele>566.531414563619</ele>
        <time>2026-05-05T07:54:39.719Z</time>
        <speed>20.1</speed>
      </trkpt>
      <trkpt lat="29.9850837" lon="103.062679">
        <ele>565.9165170691646</ele>
        <time>2026-05-05T07:54:43.709Z</time>
        <speed>21.66</speed>
      </trkpt>
      <trkpt lat="29.9845745" lon="103.0634183">
        <ele>565.5331697553186</ele>
        <time>2026-05-05T07:54:47.714Z</time>
        <speed>23.06</speed>
      </trkpt>
      <trkpt lat="29.983999" lon="103.0641029">
        <ele>564.1766961434503</ele>
        <time>2026-05-05T07:54:51.712Z</time>
        <speed>23.23</speed>
      </trkpt>
      <trkpt lat="29.9833233" lon="103.0647071">
        <ele>561.7656713528602</ele>
        <time>2026-05-05T07:54:55.712Z</time>
        <speed>23.27</speed>
      </trkpt>
      <trkpt lat="29.9826224" lon="103.0652319">
        <ele>558.3599883185271</ele>
        <time>2026-05-05T07:54:59.716Z</time>
        <speed>23.37</speed>
      </trkpt>
      <trkpt lat="29.9819121" lon="103.0657179">
        <ele>555.1732457902331</ele>
        <time>2026-05-05T07:55:03.710Z</time>
        <speed>23.42</speed>
      </trkpt>
      <trkpt lat="29.9811877" lon="103.0662445">
        <ele>551.5725439246507</ele>
        <time>2026-05-05T07:55:07.710Z</time>
        <speed>23.48</speed>
      </trkpt>
      <trkpt lat="29.9804661" lon="103.0667706">
        <ele>548.0091373540224</ele>
        <time>2026-05-05T07:55:11.712Z</time>
        <speed>23.44</speed>
      </trkpt>
      <trkpt lat="29.9797222" lon="103.067304">
        <ele>546.1508527046938</ele>
        <time>2026-05-05T07:55:15.714Z</time>
        <speed>25.2</speed>
      </trkpt>
      <trkpt lat="29.9789135" lon="103.0678619">
        <ele>542.2609548624256</ele>
        <time>2026-05-05T07:55:19.711Z</time>
        <speed>26.73</speed>
      </trkpt>
      <trkpt lat="29.9780824" lon="103.0684844">
        <ele>539.0267826624362</ele>
        <time>2026-05-05T07:55:23.712Z</time>
        <speed>28.06</speed>
      </trkpt>
      <trkpt lat="29.9772256" lon="103.0690976">
        <ele>537.2839142258523</ele>
        <time>2026-05-05T07:55:27.713Z</time>
        <speed>28.47</speed>
      </trkpt>
      <trkpt lat="29.9764666" lon="103.069946">
        <ele>535.862671377107</ele>
        <time>2026-05-05T07:55:31.712Z</time>
        <speed>28.05</speed>
      </trkpt>
      <trkpt lat="29.9758034" lon="103.070724">
        <ele>534.5756977514152</ele>
        <time>2026-05-05T07:55:35.712Z</time>
        <speed>25.63</speed>
      </trkpt>
      <trkpt lat="29.9752893" lon="103.0715175">
        <ele>531.0263840062719</ele>
        <time>2026-05-05T07:55:39.712Z</time>
        <speed>24.24</speed>
      </trkpt>
      <trkpt lat="29.974831" lon="103.0723456">
        <ele>528.1497334796944</ele>
        <time>2026-05-05T07:55:43.712Z</time>
        <speed>24.15</speed>
      </trkpt>
      <trkpt lat="29.9745026" lon="103.0732667">
        <ele>526.3174188347234</ele>
        <time>2026-05-05T07:55:47.715Z</time>
        <speed>24.8</speed>
      </trkpt>
      <trkpt lat="29.9742224" lon="103.0742682">
        <ele>525.6303315985788</ele>
        <time>2026-05-05T07:55:51.710Z</time>
        <speed>24.52</speed>
      </trkpt>
      <trkpt lat="29.9741156" lon="103.0751602">
        <ele>524.680016618319</ele>
        <time>2026-05-05T07:55:55.713Z</time>
        <speed>21.29</speed>
      </trkpt>
      <trkpt lat="29.9740187" lon="103.0760915">
        <ele>523.8690189035163</ele>
        <time>2026-05-05T07:55:59.712Z</time>
        <speed>21.81</speed>
      </trkpt>
      <trkpt lat="29.9740675" lon="103.0770707">
        <ele>524.0091687817086</ele>
        <time>2026-05-05T07:56:03.714Z</time>
        <speed>23.66</speed>
      </trkpt>
      <trkpt lat="29.9741614" lon="103.078039">
        <ele>524.4898821442533</ele>
        <time>2026-05-05T07:56:07.712Z</time>
        <speed>25.26</speed>
      </trkpt>
      <trkpt lat="29.9743766" lon="103.0791193">
        <ele>525.5542547786195</ele>
        <time>2026-05-05T07:56:11.713Z</time>
        <speed>26.07</speed>
      </trkpt>
      <trkpt lat="29.9745965" lon="103.080146">
        <ele>526.6992732552314</ele>
        <time>2026-05-05T07:56:15.715Z</time>
        <speed>26.72</speed>
      </trkpt>
      <trkpt lat="29.9747882" lon="103.0812896">
        <ele>527.7016108991834</ele>
        <time>2026-05-05T07:56:19.710Z</time>
        <speed>28.05</speed>
      </trkpt>
      <trkpt lat="29.9748794" lon="103.0824744">
        <ele>528.7322613770308</ele>
        <time>2026-05-05T07:56:23.714Z</time>
        <speed>28.52</speed>
      </trkpt>
      <trkpt lat="29.9749221" lon="103.0836123">
        <ele>529.7747812169547</ele>
        <time>2026-05-05T07:56:27.714Z</time>
        <speed>28.58</speed>
      </trkpt>
      <trkpt lat="29.9748838" lon="103.0848377">
        <ele>530.5418482384681</ele>
        <time>2026-05-05T07:56:31.712Z</time>
        <speed>28.54</speed>
      </trkpt>
      <trkpt lat="29.9747485" lon="103.0859826">
        <ele>532.2486770332777</ele>
        <time>2026-05-05T07:56:35.712Z</time>
        <speed>26.95</speed>
      </trkpt>
      <trkpt lat="29.9746317" lon="103.0870347">
        <ele>532.9560272738279</ele>
        <time>2026-05-05T07:56:39.713Z</time>
        <speed>24.99</speed>
      </trkpt>
      <trkpt lat="29.9745121" lon="103.0880305">
        <ele>533.2314481639041</ele>
        <time>2026-05-05T07:56:43.714Z</time>
        <speed>24.34</speed>
      </trkpt>
      <trkpt lat="29.9744978" lon="103.0890532">
        <ele>533.8391425339537</ele>
        <time>2026-05-05T07:56:47.712Z</time>
        <speed>24.6</speed>
      </trkpt>
      <trkpt lat="29.9745436" lon="103.0900845">
        <ele>535.7966372978933</ele>
        <time>2026-05-05T07:56:51.715Z</time>
        <speed>25.82</speed>
      </trkpt>
      <trkpt lat="29.9746814" lon="103.0911588">
        <ele>538.2922777220376</ele>
        <time>2026-05-05T07:56:55.712Z</time>
        <speed>25.83</speed>
      </trkpt>
      <trkpt lat="29.9749064" lon="103.0921588">
        <ele>540.9426365055361</ele>
        <time>2026-05-05T07:56:59.710Z</time>
        <speed>25.55</speed>
      </trkpt>
      <trkpt lat="29.9751227" lon="103.0932189">
        <ele>542.8003819152954</ele>
        <time>2026-05-05T07:57:03.715Z</time>
        <speed>24.92</speed>
      </trkpt>
      <trkpt lat="29.9752933" lon="103.0941627">
        <ele>544.9387902864694</ele>
        <time>2026-05-05T07:57:07.714Z</time>
        <speed>23.08</speed>
      </trkpt>
      <trkpt lat="29.9753596" lon="103.0949629">
        <ele>546.236299550056</ele>
        <time>2026-05-05T07:57:11.712Z</time>
        <speed>17.15</speed>
      </trkpt>
      <trkpt lat="29.9754078" lon="103.0957427">
        <ele>547.0777691056705</ele>
        <time>2026-05-05T07:57:15.712Z</time>
        <speed>19.9</speed>
      </trkpt>
      <trkpt lat="29.9754648" lon="103.0966753">
        <ele>547.324847170796</ele>
        <time>2026-05-05T07:57:19.713Z</time>
        <speed>22.16</speed>
      </trkpt>
      <trkpt lat="29.975431" lon="103.0976258">
        <ele>547.3947172164314</ele>
        <time>2026-05-05T07:57:23.715Z</time>
        <speed>23.53</speed>
      </trkpt>
      <trkpt lat="29.9753657" lon="103.0986391">
        <ele>547.3445631580441</ele>
        <time>2026-05-05T07:57:27.713Z</time>
        <speed>24.38</speed>
      </trkpt>
      <trkpt lat="29.9752963" lon="103.0996082">
        <ele>546.5033727281675</ele>
        <time>2026-05-05T07:57:31.719Z</time>
        <speed>23.44</speed>
      </trkpt>
      <trkpt lat="29.9752761" lon="103.1005848">
        <ele>545.2035475634822</ele>
        <time>2026-05-05T07:57:35.710Z</time>
        <speed>23.34</speed>
      </trkpt>
      <trkpt lat="29.9752778" lon="103.1015412">
        <ele>544.409420067074</ele>
        <time>2026-05-05T07:57:39.709Z</time>
        <speed>23.34</speed>
      </trkpt>
      <trkpt lat="29.9753575" lon="103.1024869">
        <ele>544.0367858281771</ele>
        <time>2026-05-05T07:57:43.712Z</time>
        <speed>23.32</speed>
      </trkpt>
      <trkpt lat="29.9754601" lon="103.1034075">
        <ele>542.6540744649373</ele>
        <time>2026-05-05T07:57:47.712Z</time>
        <speed>23.44</speed>
      </trkpt>
      <trkpt lat="29.9756522" lon="103.1043417">
        <ele>541.2176269193934</ele>
        <time>2026-05-05T07:57:51.710Z</time>
        <speed>23.35</speed>
      </trkpt>
      <trkpt lat="29.9758562" lon="103.105366">
        <ele>540.0290870309134</ele>
        <time>2026-05-05T07:57:55.711Z</time>
        <speed>23.38</speed>
      </trkpt>
      <trkpt lat="29.9760658" lon="103.1062832">
        <ele>538.3929317100894</ele>
        <time>2026-05-05T07:57:59.712Z</time>
        <speed>23.33</speed>
      </trkpt>
      <trkpt lat="29.9762665" lon="103.107244">
        <ele>536.8765793001301</ele>
        <time>2026-05-05T07:58:03.712Z</time>
        <speed>23.04</speed>
      </trkpt>
      <trkpt lat="29.9764578" lon="103.108109">
        <ele>535.2235045932828</ele>
        <time>2026-05-05T07:58:07.711Z</time>
        <speed>21.12</speed>
      </trkpt>
      <trkpt lat="29.9766562" lon="103.1089313">
        <ele>533.6989586206232</ele>
        <time>2026-05-05T07:58:11.713Z</time>
        <speed>19.87</speed>
      </trkpt>
      <trkpt lat="29.9768568" lon="103.1097493">
        <ele>533.2824272545455</ele>
        <time>2026-05-05T07:58:15.712Z</time>
        <speed>19.62</speed>
      </trkpt>
      <trkpt lat="29.9769681" lon="103.1104914">
        <ele>533.7005995913858</ele>
        <time>2026-05-05T07:58:19.711Z</time>
        <speed>18.82</speed>
      </trkpt>
      <trkpt lat="29.9771395" lon="103.1112263">
        <ele>535.3858329748579</ele>
        <time>2026-05-05T07:58:23.709Z</time>
        <speed>17.46</speed>
      </trkpt>
      <trkpt lat="29.9770974" lon="103.112042">
        <ele>535.8561450586559</ele>
        <time>2026-05-05T07:58:28.710Z</time>
        <speed>14.81</speed>
      </trkpt>
      <trkpt lat="29.9768597" lon="103.112597">
        <ele>535.4065223117583</ele>
        <time>2026-05-05T07:58:32.713Z</time>
        <speed>14.77</speed>
      </trkpt>
      <trkpt lat="29.976516" lon="103.1130722">
        <ele>533.1643176573995</ele>
        <time>2026-05-05T07:58:36.714Z</time>
        <speed>16.05</speed>
      </trkpt>
      <trkpt lat="29.9760402" lon="103.1135208">
        <ele>530.7321557247121</ele>
        <time>2026-05-05T07:58:40.712Z</time>
        <speed>16.85</speed>
      </trkpt>
      <trkpt lat="29.9755606" lon="103.1139309">
        <ele>529.4568399446274</ele>
        <time>2026-05-05T07:58:44.710Z</time>
        <speed>17.81</speed>
      </trkpt>
      <trkpt lat="29.9749808" lon="103.1143218">
        <ele>528.7598265373881</ele>
        <time>2026-05-05T07:58:48.711Z</time>
        <speed>18.48</speed>
      </trkpt>
      <trkpt lat="29.9743378" lon="103.1147222">
        <ele>528.4883194437738</ele>
        <time>2026-05-05T07:58:52.710Z</time>
        <speed>20.43</speed>
      </trkpt>
      <trkpt lat="29.9736961" lon="103.115166">
        <ele>528.394747047519</ele>
        <time>2026-05-05T07:58:56.713Z</time>
        <speed>21.71</speed>
      </trkpt>
      <trkpt lat="29.9729423" lon="103.1156444">
        <ele>528.4597528734733</ele>
        <time>2026-05-05T07:59:00.709Z</time>
        <speed>23.58</speed>
      </trkpt>
      <trkpt lat="29.9721921" lon="103.1161402">
        <ele>528.6134343833891</ele>
        <time>2026-05-05T07:59:04.712Z</time>
        <speed>25.06</speed>
      </trkpt>
      <trkpt lat="29.9714344" lon="103.1166721">
        <ele>529.0905650785179</ele>
        <time>2026-05-05T07:59:08.709Z</time>
        <speed>25.65</speed>
      </trkpt>
      <trkpt lat="29.9705579" lon="103.1171917">
        <ele>529.2190743725738</ele>
        <time>2026-05-05T07:59:12.709Z</time>
        <speed>26.99</speed>
      </trkpt>
      <trkpt lat="29.9696603" lon="103.11779">
        <ele>530.1290378712208</ele>
        <time>2026-05-05T07:59:16.710Z</time>
        <speed>28.21</speed>
      </trkpt>
      <trkpt lat="29.9687605" lon="103.1183325">
        <ele>531.0911933681009</ele>
        <time>2026-05-05T07:59:20.713Z</time>
        <speed>28.49</speed>
      </trkpt>
      <trkpt lat="29.9679303" lon="103.1189431">
        <ele>531.8623098284161</ele>
        <time>2026-05-05T07:59:24.709Z</time>
        <speed>28.51</speed>
      </trkpt>
      <trkpt lat="29.9670258" lon="103.1194531">
        <ele>532.7031246519721</ele>
        <time>2026-05-05T07:59:28.709Z</time>
        <speed>28.61</speed>
      </trkpt>
      <trkpt lat="29.9665512" lon="103.1196961">
        <ele>533.4200804009856</ele>
        <time>2026-05-05T07:59:30.709Z</time>
        <speed>28.64</speed>
      </trkpt>
      <trkpt lat="29.9655891" lon="103.1201345">
        <ele>533.9855639113275</ele>
        <time>2026-05-05T07:59:34.712Z</time>
        <speed>28.63</speed>
      </trkpt>
      <trkpt lat="29.9646151" lon="103.1204931">
        <ele>533.6844436556908</ele>
        <time>2026-05-05T07:59:38.711Z</time>
        <speed>28.61</speed>
      </trkpt>
      <trkpt lat="29.9635477" lon="103.1207428">
        <ele>532.5922669758622</ele>
        <time>2026-05-05T07:59:42.710Z</time>
        <speed>28.71</speed>
      </trkpt>
      <trkpt lat="29.9625025" lon="103.1209395">
        <ele>530.4184499435534</ele>
        <time>2026-05-05T07:59:46.711Z</time>
        <speed>28.66</speed>
      </trkpt>
      <trkpt lat="29.9614966" lon="103.1211511">
        <ele>527.9176556295187</ele>
        <time>2026-05-05T07:59:50.713Z</time>
        <speed>28.63</speed>
      </trkpt>
      <trkpt lat="29.9605329" lon="103.1215014">
        <ele>525.2350754408374</ele>
        <time>2026-05-05T07:59:54.712Z</time>
        <speed>28.63</speed>
      </trkpt>
      <trkpt lat="29.9595606" lon="103.1218901">
        <ele>522.3125056997236</ele>
        <time>2026-05-05T07:59:58.708Z</time>
        <speed>28.47</speed>
      </trkpt>
    </trkseg>
  </trk>
</gpx>
