<?xml version="1.0" encoding="UTF-8"?>
<gpx version="1.1" creator="Pyxis" xmlns="http://www.topografix.com/GPX/1/1">
  <trk>
    <name>trip-20260424-9acd9ffa-3f1f-4717-8b22-eca5c3fa9087_2026-04-26_1600-2000</name>
    <trkseg>
      <trkpt lat="24.8586696" lon="103.2939873">
        <ele>1759.1519429191962</ele>
        <time>2026-04-26T08:00:03.844Z</time>
        <speed>29.58</speed>
      </trkpt>
      <trkpt lat="24.8596581" lon="103.2935017">
        <ele>1753.8227467297327</ele>
        <time>2026-04-26T08:00:07.844Z</time>
        <speed>30.85</speed>
      </trkpt>
      <trkpt lat="24.8606773" lon="103.2929908">
        <ele>1751.97126777505</ele>
        <time>2026-04-26T08:00:11.845Z</time>
        <speed>31.45</speed>
      </trkpt>
      <trkpt lat="24.8611988" lon="103.2927374">
        <ele>1747.2045740091817</ele>
        <time>2026-04-26T08:00:13.844Z</time>
        <speed>32.05</speed>
      </trkpt>
      <trkpt lat="24.8634138" lon="103.2915729">
        <ele>1742.7189644218035</ele>
        <time>2026-04-26T08:00:22.844Z</time>
        <speed>28.26</speed>
      </trkpt>
      <trkpt lat="24.8642899" lon="103.2910223">
        <ele>1742.5092152635436</ele>
        <time>2026-04-26T08:00:26.845Z</time>
        <speed>27.88</speed>
      </trkpt>
      <trkpt lat="24.8650779" lon="103.2903693">
        <ele>1743.9694930281864</ele>
        <time>2026-04-26T08:00:30.844Z</time>
        <speed>27.34</speed>
      </trkpt>
      <trkpt lat="24.8657841" lon="103.2895981">
        <ele>1748.295083158329</ele>
        <time>2026-04-26T08:00:34.844Z</time>
        <speed>28.14</speed>
      </trkpt>
      <trkpt lat="24.8664073" lon="103.288714">
        <ele>1749.199124395431</ele>
        <time>2026-04-26T08:00:38.844Z</time>
        <speed>28.39</speed>
      </trkpt>
      <trkpt lat="24.8669347" lon="103.2877433">
        <ele>1753.33645463494</ele>
        <time>2026-04-26T08:00:42.845Z</time>
        <speed>29.1</speed>
      </trkpt>
      <trkpt lat="24.8674453" lon="103.2867063">
        <ele>1755.5329628545633</ele>
        <time>2026-04-26T08:00:46.845Z</time>
        <speed>30.31</speed>
      </trkpt>
      <trkpt lat="24.8679701" lon="103.2856266">
        <ele>1753.2265796770737</ele>
        <time>2026-04-26T08:00:50.844Z</time>
        <speed>31.02</speed>
      </trkpt>
      <trkpt lat="24.8690171" lon="103.2834649">
        <ele>1752.0860438719753</ele>
        <time>2026-04-26T08:00:58.845Z</time>
        <speed>30.18</speed>
      </trkpt>
      <trkpt lat="24.8695327" lon="103.282435">
        <ele>1752.7199093288648</ele>
        <time>2026-04-26T08:01:02.844Z</time>
        <speed>29.39</speed>
      </trkpt>
      <trkpt lat="24.8700301" lon="103.2814311">
        <ele>1754.3699845360284</ele>
        <time>2026-04-26T08:01:06.844Z</time>
        <speed>29.02</speed>
      </trkpt>
      <trkpt lat="24.8717293" lon="103.2785507">
        <ele>1760.8592644432713</ele>
        <time>2026-04-26T08:01:18.845Z</time>
        <speed>27.87</speed>
      </trkpt>
      <trkpt lat="24.8720328" lon="103.2781077">
        <ele>1762.9991729381466</ele>
        <time>2026-04-26T08:01:20.844Z</time>
        <speed>28.2</speed>
      </trkpt>
      <trkpt lat="24.8733097" lon="103.2764218">
        <ele>1768.4752668006931</ele>
        <time>2026-04-26T08:01:28.845Z</time>
        <speed>27.66</speed>
      </trkpt>
      <trkpt lat="24.8746107" lon="103.2748334">
        <ele>1771.6113658095842</ele>
        <time>2026-04-26T08:01:36.844Z</time>
        <speed>26.52</speed>
      </trkpt>
      <trkpt lat="24.8752186" lon="103.2740847">
        <ele>1774.588513598278</ele>
        <time>2026-04-26T08:01:40.844Z</time>
        <speed>24.86</speed>
      </trkpt>
      <trkpt lat="24.8757604" lon="103.2733481">
        <ele>1776.1595636555794</ele>
        <time>2026-04-26T08:01:44.844Z</time>
        <speed>22.43</speed>
      </trkpt>
      <trkpt lat="24.8762487" lon="103.2726133">
        <ele>1777.5421909231825</ele>
        <time>2026-04-26T08:01:48.845Z</time>
        <speed>23.32</speed>
      </trkpt>
      <trkpt lat="24.8766825" lon="103.2717712">
        <ele>1780.0329830435596</ele>
        <time>2026-04-26T08:01:52.844Z</time>
        <speed>25.0</speed>
      </trkpt>
      <trkpt lat="24.8773415" lon="103.2698285">
        <ele>1784.491745412075</ele>
        <time>2026-04-26T08:02:00.845Z</time>
        <speed>26.75</speed>
      </trkpt>
      <trkpt lat="24.8775933" lon="103.2688056">
        <ele>1787.055448582953</ele>
        <time>2026-04-26T08:02:04.845Z</time>
        <speed>26.36</speed>
      </trkpt>
      <trkpt lat="24.8778697" lon="103.2677904">
        <ele>1783.7590957444306</ele>
        <time>2026-04-26T08:02:08.844Z</time>
        <speed>27.02</speed>
      </trkpt>
      <trkpt lat="24.8794803" lon="103.2651903">
        <ele>1790.501270443944</ele>
        <time>2026-04-26T08:02:20.845Z</time>
        <speed>26.39</speed>
      </trkpt>
      <trkpt lat="24.8802283" lon="103.2645813">
        <ele>1792.7097570360725</ele>
        <time>2026-04-26T08:02:24.844Z</time>
        <speed>24.85</speed>
      </trkpt>
      <trkpt lat="24.8805906" lon="103.2643191">
        <ele>1793.9055209457674</ele>
        <time>2026-04-26T08:02:26.844Z</time>
        <speed>23.88</speed>
      </trkpt>
      <trkpt lat="24.8814584" lon="103.2637082">
        <ele>1797.1885814180157</ele>
        <time>2026-04-26T08:02:31.845Z</time>
        <speed>22.54</speed>
      </trkpt>
      <trkpt lat="24.8821029" lon="103.2631709">
        <ele>1801.4309958332417</ele>
        <time>2026-04-26T08:02:35.844Z</time>
        <speed>21.59</speed>
      </trkpt>
      <trkpt lat="24.8826638" lon="103.2625956">
        <ele>1803.2052097881083</ele>
        <time>2026-04-26T08:02:39.845Z</time>
        <speed>22.28</speed>
      </trkpt>
      <trkpt lat="24.8831966" lon="103.2618864">
        <ele>1806.3072706279452</ele>
        <time>2026-04-26T08:02:43.845Z</time>
        <speed>24.46</speed>
      </trkpt>
      <trkpt lat="24.8836333" lon="103.261101">
        <ele>1811.5435515788877</ele>
        <time>2026-04-26T08:02:47.845Z</time>
        <speed>23.4</speed>
      </trkpt>
      <trkpt lat="24.8839679" lon="103.260241">
        <ele>1815.1694990505414</ele>
        <time>2026-04-26T08:02:51.844Z</time>
        <speed>23.76</speed>
      </trkpt>
      <trkpt lat="24.8842168" lon="103.2593143">
        <ele>1819.7347797252498</ele>
        <time>2026-04-26T08:02:55.844Z</time>
        <speed>23.73</speed>
      </trkpt>
      <trkpt lat="24.8843192" lon="103.2583734">
        <ele>1822.4821359595046</ele>
        <time>2026-04-26T08:02:59.844Z</time>
        <speed>24.55</speed>
      </trkpt>
      <trkpt lat="24.8843162" lon="103.2574042">
        <ele>1824.2841436302078</ele>
        <time>2026-04-26T08:03:03.844Z</time>
        <speed>24.63</speed>
      </trkpt>
      <trkpt lat="24.8841603" lon="103.2564781">
        <ele>1827.5619286386977</ele>
        <time>2026-04-26T08:03:07.845Z</time>
        <speed>23.06</speed>
      </trkpt>
      <trkpt lat="24.8838977" lon="103.2555782">
        <ele>1833.3979685302654</ele>
        <time>2026-04-26T08:03:11.844Z</time>
        <speed>24.14</speed>
      </trkpt>
      <trkpt lat="24.8835473" lon="103.2547373">
        <ele>1837.2084579850825</ele>
        <time>2026-04-26T08:03:15.845Z</time>
        <speed>23.46</speed>
      </trkpt>
      <trkpt lat="24.8826389" lon="103.253288">
        <ele>1845.2951162131828</ele>
        <time>2026-04-26T08:03:23.844Z</time>
        <speed>22.72</speed>
      </trkpt>
      <trkpt lat="24.8821838" lon="103.2526253">
        <ele>1848.959718977568</ele>
        <time>2026-04-26T08:03:27.844Z</time>
        <speed>18.86</speed>
      </trkpt>
      <trkpt lat="24.8818385" lon="103.2520651">
        <ele>1853.3421642781188</ele>
        <time>2026-04-26T08:03:31.844Z</time>
        <speed>17.39</speed>
      </trkpt>
      <trkpt lat="24.8812975" lon="103.2509775">
        <ele>1854.3758602514747</ele>
        <time>2026-04-26T08:03:37.845Z</time>
        <speed>23.47</speed>
      </trkpt>
      <trkpt lat="24.8809897" lon="103.2500676">
        <ele>1857.9816752505535</ele>
        <time>2026-04-26T08:03:41.844Z</time>
        <speed>25.1</speed>
      </trkpt>
      <trkpt lat="24.8807636" lon="103.2490938">
        <ele>1859.8191432216347</ele>
        <time>2026-04-26T08:03:45.844Z</time>
        <speed>25.78</speed>
      </trkpt>
      <trkpt lat="24.8806672" lon="103.2480539">
        <ele>1859.9800493268979</ele>
        <time>2026-04-26T08:03:49.844Z</time>
        <speed>26.22</speed>
      </trkpt>
      <trkpt lat="24.8806882" lon="103.2469815">
        <ele>1860.0461776460081</ele>
        <time>2026-04-26T08:03:53.844Z</time>
        <speed>27.59</speed>
      </trkpt>
      <trkpt lat="24.8808126" lon="103.245889">
        <ele>1862.5111415892375</ele>
        <time>2026-04-26T08:03:57.844Z</time>
        <speed>28.4</speed>
      </trkpt>
      <trkpt lat="24.881079" lon="103.2447983">
        <ele>1864.0657141176148</ele>
        <time>2026-04-26T08:04:01.844Z</time>
        <speed>28.84</speed>
      </trkpt>
      <trkpt lat="24.8814914" lon="103.2437184">
        <ele>1864.9196471648743</ele>
        <time>2026-04-26T08:04:05.844Z</time>
        <speed>30.09</speed>
      </trkpt>
      <trkpt lat="24.8820209" lon="103.2426579">
        <ele>1864.3345057371625</ele>
        <time>2026-04-26T08:04:09.844Z</time>
        <speed>31.35</speed>
      </trkpt>
      <trkpt lat="24.8825939" lon="103.2415698">
        <ele>1864.155119087497</ele>
        <time>2026-04-26T08:04:13.845Z</time>
        <speed>31.98</speed>
      </trkpt>
      <trkpt lat="24.8831683" lon="103.2405129">
        <ele>1863.8075692840455</ele>
        <time>2026-04-26T08:04:17.844Z</time>
        <speed>30.92</speed>
      </trkpt>
      <trkpt lat="24.8837113" lon="103.2394802">
        <ele>1861.5264966349303</ele>
        <time>2026-04-26T08:04:21.845Z</time>
        <speed>28.62</speed>
      </trkpt>
      <trkpt lat="24.8842008" lon="103.238539">
        <ele>1858.737510779904</ele>
        <time>2026-04-26T08:04:25.844Z</time>
        <speed>26.37</speed>
      </trkpt>
      <trkpt lat="24.8846866" lon="103.2376274">
        <ele>1853.8206117284012</ele>
        <time>2026-04-26T08:04:29.845Z</time>
        <speed>27.28</speed>
      </trkpt>
      <trkpt lat="24.8851803" lon="103.2366835">
        <ele>1851.0413212353612</ele>
        <time>2026-04-26T08:04:33.845Z</time>
        <speed>27.91</speed>
      </trkpt>
      <trkpt lat="24.885686" lon="103.2357226">
        <ele>1849.5069513353646</ele>
        <time>2026-04-26T08:04:37.845Z</time>
        <speed>28.14</speed>
      </trkpt>
      <trkpt lat="24.8859382" lon="103.235254">
        <ele>1846.880799205104</ele>
        <time>2026-04-26T08:04:39.844Z</time>
        <speed>27.2</speed>
      </trkpt>
      <trkpt lat="24.8866278" lon="103.2341662">
        <ele>1838.7161141924414</ele>
        <time>2026-04-26T08:04:44.845Z</time>
        <speed>26.94</speed>
      </trkpt>
      <trkpt lat="24.8873387" lon="103.233437">
        <ele>1833.9529129686707</ele>
        <time>2026-04-26T08:04:48.844Z</time>
        <speed>27.11</speed>
      </trkpt>
      <trkpt lat="24.888177" lon="103.2328621">
        <ele>1827.746024721205</ele>
        <time>2026-04-26T08:04:52.845Z</time>
        <speed>27.73</speed>
      </trkpt>
      <trkpt lat="24.8891286" lon="103.232505">
        <ele>1825.1674470325056</ele>
        <time>2026-04-26T08:04:56.845Z</time>
        <speed>28.29</speed>
      </trkpt>
      <trkpt lat="24.8901552" lon="103.2323669">
        <ele>1816.4553004153233</ele>
        <time>2026-04-26T08:05:00.845Z</time>
        <speed>28.61</speed>
      </trkpt>
      <trkpt lat="24.8911913" lon="103.2324776">
        <ele>1810.9858476500444</ele>
        <time>2026-04-26T08:05:04.845Z</time>
        <speed>29.0</speed>
      </trkpt>
      <trkpt lat="24.8921715" lon="103.232841">
        <ele>1808.487823286034</ele>
        <time>2026-04-26T08:05:08.844Z</time>
        <speed>28.47</speed>
      </trkpt>
      <trkpt lat="24.8930524" lon="103.2334251">
        <ele>1805.8051699005548</ele>
        <time>2026-04-26T08:05:12.844Z</time>
        <speed>28.84</speed>
      </trkpt>
      <trkpt lat="24.8938722" lon="103.2341268">
        <ele>1802.4417739068415</ele>
        <time>2026-04-26T08:05:16.845Z</time>
        <speed>29.39</speed>
      </trkpt>
      <trkpt lat="24.8946775" lon="103.2348927">
        <ele>1796.723779494382</ele>
        <time>2026-04-26T08:05:20.845Z</time>
        <speed>29.49</speed>
      </trkpt>
      <trkpt lat="24.8954842" lon="103.2356457">
        <ele>1792.4631629935107</ele>
        <time>2026-04-26T08:05:24.844Z</time>
        <speed>29.41</speed>
      </trkpt>
      <trkpt lat="24.8963155" lon="103.2364088">
        <ele>1784.8402672022482</ele>
        <time>2026-04-26T08:05:28.844Z</time>
        <speed>30.21</speed>
      </trkpt>
      <trkpt lat="24.8971003" lon="103.2371167">
        <ele>1778.1485556563525</ele>
        <time>2026-04-26T08:05:32.845Z</time>
        <speed>28.2</speed>
      </trkpt>
      <trkpt lat="24.8979012" lon="103.2378484">
        <ele>1771.8309732390924</ele>
        <time>2026-04-26T08:05:36.845Z</time>
        <speed>29.37</speed>
      </trkpt>
      <trkpt lat="24.8987099" lon="103.2386014">
        <ele>1768.8652729360167</ele>
        <time>2026-04-26T08:05:40.844Z</time>
        <speed>28.9</speed>
      </trkpt>
      <trkpt lat="24.8995193" lon="103.2393222">
        <ele>1765.1984442239286</ele>
        <time>2026-04-26T08:05:44.845Z</time>
        <speed>28.6</speed>
      </trkpt>
      <trkpt lat="24.8999352" lon="103.2396559">
        <ele>1764.8409563672972</ele>
        <time>2026-04-26T08:05:46.844Z</time>
        <speed>28.71</speed>
      </trkpt>
      <trkpt lat="24.900815" lon="103.2402489">
        <ele>1761.2334783983172</ele>
        <time>2026-04-26T08:05:50.844Z</time>
        <speed>28.9</speed>
      </trkpt>
      <trkpt lat="24.9017847" lon="103.2407003">
        <ele>1759.0820937294918</ele>
        <time>2026-04-26T08:05:54.844Z</time>
        <speed>29.68</speed>
      </trkpt>
      <trkpt lat="24.9028309" lon="103.240968">
        <ele>1755.1462358742856</ele>
        <time>2026-04-26T08:05:58.844Z</time>
        <speed>30.34</speed>
      </trkpt>
      <trkpt lat="24.9039382" lon="103.2410093">
        <ele>1751.5981120247336</ele>
        <time>2026-04-26T08:06:02.844Z</time>
        <speed>31.36</speed>
      </trkpt>
      <trkpt lat="24.9050507" lon="103.240809">
        <ele>1745.2215155130452</ele>
        <time>2026-04-26T08:06:06.845Z</time>
        <speed>31.46</speed>
      </trkpt>
      <trkpt lat="24.9060886" lon="103.2403821">
        <ele>1738.564706085703</ele>
        <time>2026-04-26T08:06:10.845Z</time>
        <speed>29.44</speed>
      </trkpt>
      <trkpt lat="24.9069851" lon="103.2397852">
        <ele>1732.0024639518933</ele>
        <time>2026-04-26T08:06:14.845Z</time>
        <speed>28.62</speed>
      </trkpt>
      <trkpt lat="24.9077696" lon="103.239032">
        <ele>1725.1275407832259</ele>
        <time>2026-04-26T08:06:18.845Z</time>
        <speed>29.09</speed>
      </trkpt>
      <trkpt lat="24.908419" lon="103.2381135">
        <ele>1720.3283356710047</ele>
        <time>2026-04-26T08:06:22.844Z</time>
        <speed>28.95</speed>
      </trkpt>
      <trkpt lat="24.9089032" lon="103.2370865">
        <ele>1715.9918250631774</ele>
        <time>2026-04-26T08:06:26.844Z</time>
        <speed>28.73</speed>
      </trkpt>
      <trkpt lat="24.9091931" lon="103.236015">
        <ele>1710.6475472159464</ele>
        <time>2026-04-26T08:06:30.844Z</time>
        <speed>28.64</speed>
      </trkpt>
      <trkpt lat="24.9093077" lon="103.2348731">
        <ele>1707.6752915957343</ele>
        <time>2026-04-26T08:06:34.845Z</time>
        <speed>29.26</speed>
      </trkpt>
      <trkpt lat="24.9092477" lon="103.2337249">
        <ele>1702.0615994186605</ele>
        <time>2026-04-26T08:06:38.845Z</time>
        <speed>28.86</speed>
      </trkpt>
      <trkpt lat="24.9090684" lon="103.2326187">
        <ele>1697.713626607943</ele>
        <time>2026-04-26T08:06:42.845Z</time>
        <speed>27.95</speed>
      </trkpt>
      <trkpt lat="24.908811" lon="103.2315345">
        <ele>1693.5307903625974</ele>
        <time>2026-04-26T08:06:46.844Z</time>
        <speed>27.85</speed>
      </trkpt>
      <trkpt lat="24.908539" lon="103.230494">
        <ele>1689.7120172444338</ele>
        <time>2026-04-26T08:06:50.845Z</time>
        <speed>25.88</speed>
      </trkpt>
      <trkpt lat="24.9084194" lon="103.2300013">
        <ele>1687.9269690412414</ele>
        <time>2026-04-26T08:06:52.844Z</time>
        <speed>25.64</speed>
      </trkpt>
      <trkpt lat="24.9081564" lon="103.2287255">
        <ele>1683.34640280816</ele>
        <time>2026-04-26T08:06:57.844Z</time>
        <speed>27.26</speed>
      </trkpt>
      <trkpt lat="24.90803" lon="103.2276669">
        <ele>1681.5479639394582</ele>
        <time>2026-04-26T08:07:01.845Z</time>
        <speed>27.27</speed>
      </trkpt>
      <trkpt lat="24.9080129" lon="103.2265907">
        <ele>1676.3573766342836</ele>
        <time>2026-04-26T08:07:05.844Z</time>
        <speed>27.67</speed>
      </trkpt>
      <trkpt lat="24.908097" lon="103.2255033">
        <ele>1669.535156082778</ele>
        <time>2026-04-26T08:07:09.845Z</time>
        <speed>27.49</speed>
      </trkpt>
      <trkpt lat="24.9082775" lon="103.2244372">
        <ele>1664.4935372577163</ele>
        <time>2026-04-26T08:07:13.844Z</time>
        <speed>28.4</speed>
      </trkpt>
      <trkpt lat="24.9085667" lon="103.2233622">
        <ele>1657.8867914471853</ele>
        <time>2026-04-26T08:07:17.845Z</time>
        <speed>28.9</speed>
      </trkpt>
      <trkpt lat="24.9089785" lon="103.2222896">
        <ele>1653.2126807390187</ele>
        <time>2026-04-26T08:07:21.844Z</time>
        <speed>29.71</speed>
      </trkpt>
      <trkpt lat="24.9094918" lon="103.2212669">
        <ele>1646.6792015670294</ele>
        <time>2026-04-26T08:07:25.845Z</time>
        <speed>29.69</speed>
      </trkpt>
      <trkpt lat="24.9100966" lon="103.2202689">
        <ele>1641.9131468175694</ele>
        <time>2026-04-26T08:07:29.845Z</time>
        <speed>30.33</speed>
      </trkpt>
      <trkpt lat="24.9106411" lon="103.2193278">
        <ele>1635.4106125668254</ele>
        <time>2026-04-26T08:07:33.845Z</time>
        <speed>28.06</speed>
      </trkpt>
      <trkpt lat="24.911175" lon="103.2183254">
        <ele>1634.9846049190999</ele>
        <time>2026-04-26T08:07:37.844Z</time>
        <speed>29.85</speed>
      </trkpt>
      <trkpt lat="24.9116344" lon="103.2172376">
        <ele>1632.302094656474</ele>
        <time>2026-04-26T08:07:41.845Z</time>
        <speed>29.74</speed>
      </trkpt>
      <trkpt lat="24.9120413" lon="103.2161525">
        <ele>1627.4054924942168</ele>
        <time>2026-04-26T08:07:45.844Z</time>
        <speed>29.38</speed>
      </trkpt>
      <trkpt lat="24.9124732" lon="103.2151022">
        <ele>1620.6901027711046</ele>
        <time>2026-04-26T08:07:49.845Z</time>
        <speed>28.18</speed>
      </trkpt>
      <trkpt lat="24.9130338" lon="103.2141626">
        <ele>1613.1123863326427</ele>
        <time>2026-04-26T08:07:53.844Z</time>
        <speed>29.2</speed>
      </trkpt>
      <trkpt lat="24.913724" lon="103.2133411">
        <ele>1606.8310613418594</ele>
        <time>2026-04-26T08:07:57.845Z</time>
        <speed>28.81</speed>
      </trkpt>
      <trkpt lat="24.9141179" lon="103.2129379">
        <ele>1604.1504239695837</ele>
        <time>2026-04-26T08:07:59.844Z</time>
        <speed>30.15</speed>
      </trkpt>
      <trkpt lat="24.9149349" lon="103.2121129">
        <ele>1601.3087879830862</ele>
        <time>2026-04-26T08:08:03.844Z</time>
        <speed>30.97</speed>
      </trkpt>
      <trkpt lat="24.9156602" lon="103.2112126">
        <ele>1596.0094207669445</ele>
        <time>2026-04-26T08:08:07.844Z</time>
        <speed>30.21</speed>
      </trkpt>
      <trkpt lat="24.916172" lon="103.2102176">
        <ele>1590.3203542086799</ele>
        <time>2026-04-26T08:08:11.845Z</time>
        <speed>29.02</speed>
      </trkpt>
      <trkpt lat="24.9165051" lon="103.2091192">
        <ele>1584.793417243779</ele>
        <time>2026-04-26T08:08:15.844Z</time>
        <speed>29.68</speed>
      </trkpt>
      <trkpt lat="24.9167399" lon="103.208005">
        <ele>1582.181672219928</ele>
        <time>2026-04-26T08:08:19.844Z</time>
        <speed>28.91</speed>
      </trkpt>
      <trkpt lat="24.9170186" lon="103.206912">
        <ele>1577.457984927172</ele>
        <time>2026-04-26T08:08:23.845Z</time>
        <speed>28.78</speed>
      </trkpt>
      <trkpt lat="24.9174155" lon="103.2058766">
        <ele>1572.503271689001</ele>
        <time>2026-04-26T08:08:27.844Z</time>
        <speed>28.64</speed>
      </trkpt>
      <trkpt lat="24.9179252" lon="103.2048966">
        <ele>1570.783979160889</ele>
        <time>2026-04-26T08:08:31.845Z</time>
        <speed>28.88</speed>
      </trkpt>
      <trkpt lat="24.9184713" lon="103.2039093">
        <ele>1566.7394409534804</ele>
        <time>2026-04-26T08:08:35.845Z</time>
        <speed>29.08</speed>
      </trkpt>
      <trkpt lat="24.9189478" lon="103.2028782">
        <ele>1565.58230703764</ele>
        <time>2026-04-26T08:08:39.845Z</time>
        <speed>28.84</speed>
      </trkpt>
      <trkpt lat="24.9192863" lon="103.2018239">
        <ele>1566.0579089460814</ele>
        <time>2026-04-26T08:08:43.844Z</time>
        <speed>27.45</speed>
      </trkpt>
      <trkpt lat="24.9194994" lon="103.2007841">
        <ele>1564.0452888900872</ele>
        <time>2026-04-26T08:08:47.844Z</time>
        <speed>26.56</speed>
      </trkpt>
      <trkpt lat="24.9195501" lon="103.1997121">
        <ele>1562.5110582665034</ele>
        <time>2026-04-26T08:08:51.844Z</time>
        <speed>27.75</speed>
      </trkpt>
      <trkpt lat="24.9194719" lon="103.1986458">
        <ele>1560.5914598539273</ele>
        <time>2026-04-26T08:08:55.845Z</time>
        <speed>27.18</speed>
      </trkpt>
      <trkpt lat="24.9192535" lon="103.1975794">
        <ele>1557.4503579207644</ele>
        <time>2026-04-26T08:08:59.845Z</time>
        <speed>28.22</speed>
      </trkpt>
      <trkpt lat="24.9189454" lon="103.1965193">
        <ele>1553.6984044769813</ele>
        <time>2026-04-26T08:09:03.844Z</time>
        <speed>28.68</speed>
      </trkpt>
      <trkpt lat="24.9186176" lon="103.1954546">
        <ele>1550.0296477394274</ele>
        <time>2026-04-26T08:09:07.844Z</time>
        <speed>28.72</speed>
      </trkpt>
      <trkpt lat="24.9184065" lon="103.19435">
        <ele>1546.1902376456758</ele>
        <time>2026-04-26T08:09:11.845Z</time>
        <speed>28.07</speed>
      </trkpt>
      <trkpt lat="24.9183375" lon="103.1932697">
        <ele>1543.0256818568755</ele>
        <time>2026-04-26T08:09:15.844Z</time>
        <speed>26.81</speed>
      </trkpt>
      <trkpt lat="24.9183223" lon="103.1922348">
        <ele>1540.385052756562</ele>
        <time>2026-04-26T08:09:19.845Z</time>
        <speed>25.97</speed>
      </trkpt>
      <trkpt lat="24.9182941" lon="103.1912116">
        <ele>1539.3673692395507</ele>
        <time>2026-04-26T08:09:23.844Z</time>
        <speed>25.6</speed>
      </trkpt>
      <trkpt lat="24.9181426" lon="103.1902029">
        <ele>1536.7933830005531</ele>
        <time>2026-04-26T08:09:27.844Z</time>
        <speed>26.02</speed>
      </trkpt>
      <trkpt lat="24.9178551" lon="103.1892372">
        <ele>1534.7912106454262</ele>
        <time>2026-04-26T08:09:31.844Z</time>
        <speed>25.7</speed>
      </trkpt>
      <trkpt lat="24.9175057" lon="103.1883355">
        <ele>1532.1704576133639</ele>
        <time>2026-04-26T08:09:35.844Z</time>
        <speed>24.08</speed>
      </trkpt>
      <trkpt lat="24.9171894" lon="103.1874703">
        <ele>1529.3196254263596</ele>
        <time>2026-04-26T08:09:39.844Z</time>
        <speed>23.2</speed>
      </trkpt>
      <trkpt lat="24.9169467" lon="103.1866066">
        <ele>1525.6546547770868</ele>
        <time>2026-04-26T08:09:43.844Z</time>
        <speed>21.79</speed>
      </trkpt>
      <trkpt lat="24.9168067" lon="103.1857543">
        <ele>1524.588110744983</ele>
        <time>2026-04-26T08:09:47.844Z</time>
        <speed>22.07</speed>
      </trkpt>
      <trkpt lat="24.9167902" lon="103.1848993">
        <ele>1521.9400681503316</ele>
        <time>2026-04-26T08:09:51.844Z</time>
        <speed>21.8</speed>
      </trkpt>
      <trkpt lat="24.9167989" lon="103.183997">
        <ele>1521.0171337469274</ele>
        <time>2026-04-26T08:09:55.844Z</time>
        <speed>22.95</speed>
      </trkpt>
      <trkpt lat="24.9168706" lon="103.1830894">
        <ele>1523.1024379456055</ele>
        <time>2026-04-26T08:09:59.845Z</time>
        <speed>22.73</speed>
      </trkpt>
      <trkpt lat="24.916943" lon="103.1822146">
        <ele>1522.5969798750561</ele>
        <time>2026-04-26T08:10:03.845Z</time>
        <speed>21.99</speed>
      </trkpt>
      <trkpt lat="24.9170433" lon="103.1812043">
        <ele>1522.573130298575</ele>
        <time>2026-04-26T08:10:08.845Z</time>
        <speed>19.52</speed>
      </trkpt>
      <trkpt lat="24.9169438" lon="103.1805182">
        <ele>1522.6357054930113</ele>
        <time>2026-04-26T08:10:12.845Z</time>
        <speed>17.6</speed>
      </trkpt>
      <trkpt lat="24.9166108" lon="103.179919">
        <ele>1523.327730093612</ele>
        <time>2026-04-26T08:10:16.844Z</time>
        <speed>18.34</speed>
      </trkpt>
      <trkpt lat="24.9160608" lon="103.179503">
        <ele>1524.4631043404654</ele>
        <time>2026-04-26T08:10:20.845Z</time>
        <speed>19.12</speed>
      </trkpt>
      <trkpt lat="24.9153741" lon="103.1791963">
        <ele>1523.9096991708873</ele>
        <time>2026-04-26T08:10:24.844Z</time>
        <speed>21.73</speed>
      </trkpt>
      <trkpt lat="24.9146495" lon="103.1788355">
        <ele>1521.203054201644</ele>
        <time>2026-04-26T08:10:28.844Z</time>
        <speed>22.61</speed>
      </trkpt>
      <trkpt lat="24.9143046" lon="103.1786006">
        <ele>1520.9682798641481</ele>
        <time>2026-04-26T08:10:30.834Z</time>
        <speed>22.67</speed>
      </trkpt>
      <trkpt lat="24.9139797" lon="103.1783365">
        <ele>1520.3819195073404</ele>
        <time>2026-04-26T08:10:32.843Z</time>
        <speed>22.36</speed>
      </trkpt>
      <trkpt lat="24.9136746" lon="103.1780497">
        <ele>1520.791116160611</ele>
        <time>2026-04-26T08:10:34.841Z</time>
        <speed>21.96</speed>
      </trkpt>
      <trkpt lat="24.9131752" lon="103.1774144">
        <ele>1520.2388134093512</ele>
        <time>2026-04-26T08:10:38.841Z</time>
        <speed>20.99</speed>
      </trkpt>
      <trkpt lat="24.9127967" lon="103.1767108">
        <ele>1519.5188701223178</ele>
        <time>2026-04-26T08:10:42.842Z</time>
        <speed>20.81</speed>
      </trkpt>
      <trkpt lat="24.912494" lon="103.1759375">
        <ele>1517.6625542934755</ele>
        <time>2026-04-26T08:10:46.841Z</time>
        <speed>21.42</speed>
      </trkpt>
      <trkpt lat="24.9121438" lon="103.1752138">
        <ele>1515.7582876382637</ele>
        <time>2026-04-26T08:10:50.841Z</time>
        <speed>20.42</speed>
      </trkpt>
      <trkpt lat="24.9117012" lon="103.1746638">
        <ele>1511.5706706954459</ele>
        <time>2026-04-26T08:10:54.841Z</time>
        <speed>18.22</speed>
      </trkpt>
      <trkpt lat="24.9111656" lon="103.1744041">
        <ele>1508.0046486989418</ele>
        <time>2026-04-26T08:10:58.841Z</time>
        <speed>16.82</speed>
      </trkpt>
      <trkpt lat="24.9105706" lon="103.1743448">
        <ele>1508.8084774701583</ele>
        <time>2026-04-26T08:11:02.842Z</time>
        <speed>16.44</speed>
      </trkpt>
      <trkpt lat="24.9099989" lon="103.1744566">
        <ele>1508.068331105078</ele>
        <time>2026-04-26T08:11:06.842Z</time>
        <speed>16.21</speed>
      </trkpt>
      <trkpt lat="24.9094259" lon="103.1746735">
        <ele>1508.6231006205178</ele>
        <time>2026-04-26T08:11:10.842Z</time>
        <speed>17.17</speed>
      </trkpt>
      <trkpt lat="24.9088042" lon="103.1748921">
        <ele>1508.860732417547</ele>
        <time>2026-04-26T08:11:14.841Z</time>
        <speed>18.22</speed>
      </trkpt>
      <trkpt lat="24.9081442" lon="103.17501">
        <ele>1509.4762298597705</ele>
        <time>2026-04-26T08:11:18.841Z</time>
        <speed>18.83</speed>
      </trkpt>
      <trkpt lat="24.9073586" lon="103.1750681">
        <ele>1509.0750732421875</ele>
        <time>2026-04-26T08:11:22.842Z</time>
        <speed>22.21</speed>
      </trkpt>
      <trkpt lat="24.9064935" lon="103.1751108">
        <ele>1511.7181706452436</ele>
        <time>2026-04-26T08:11:26.842Z</time>
        <speed>24.15</speed>
      </trkpt>
      <trkpt lat="24.9055913" lon="103.1751453">
        <ele>1511.5963183176905</ele>
        <time>2026-04-26T08:11:30.842Z</time>
        <speed>25.16</speed>
      </trkpt>
      <trkpt lat="24.904649" lon="103.1752025">
        <ele>1512.2700953472238</ele>
        <time>2026-04-26T08:11:34.841Z</time>
        <speed>26.6</speed>
      </trkpt>
      <trkpt lat="24.9041624" lon="103.1752314">
        <ele>1513.521106146556</ele>
        <time>2026-04-26T08:11:36.841Z</time>
        <speed>26.91</speed>
      </trkpt>
      <trkpt lat="24.9029313" lon="103.1752885">
        <ele>1515.9715698790096</ele>
        <time>2026-04-26T08:11:41.841Z</time>
        <speed>27.58</speed>
      </trkpt>
      <trkpt lat="24.9019313" lon="103.1753242">
        <ele>1516.231736780263</ele>
        <time>2026-04-26T08:11:45.841Z</time>
        <speed>27.67</speed>
      </trkpt>
      <trkpt lat="24.9009305" lon="103.1754001">
        <ele>1516.2502480768196</ele>
        <time>2026-04-26T08:11:49.842Z</time>
        <speed>27.98</speed>
      </trkpt>
      <trkpt lat="24.8999289" lon="103.1755597">
        <ele>1516.6995497149753</ele>
        <time>2026-04-26T08:11:53.842Z</time>
        <speed>28.33</speed>
      </trkpt>
      <trkpt lat="24.8989275" lon="103.1757822">
        <ele>1516.9703052920229</ele>
        <time>2026-04-26T08:11:57.842Z</time>
        <speed>28.41</speed>
      </trkpt>
      <trkpt lat="24.897973" lon="103.1760851">
        <ele>1517.8093085052851</ele>
        <time>2026-04-26T08:12:01.841Z</time>
        <speed>27.08</speed>
      </trkpt>
      <trkpt lat="24.8970724" lon="103.1764435">
        <ele>1519.0173230753962</ele>
        <time>2026-04-26T08:12:05.841Z</time>
        <speed>26.2</speed>
      </trkpt>
      <trkpt lat="24.8961957" lon="103.1768657">
        <ele>1520.768515815919</ele>
        <time>2026-04-26T08:12:09.842Z</time>
        <speed>26.04</speed>
      </trkpt>
      <trkpt lat="24.8953595" lon="103.1773242">
        <ele>1524.12333459553</ele>
        <time>2026-04-26T08:12:13.841Z</time>
        <speed>25.66</speed>
      </trkpt>
      <trkpt lat="24.8945364" lon="103.1778554">
        <ele>1526.1572404316348</ele>
        <time>2026-04-26T08:12:17.841Z</time>
        <speed>27.27</speed>
      </trkpt>
      <trkpt lat="24.8936822" lon="103.1783992">
        <ele>1530.2967581632267</ele>
        <time>2026-04-26T08:12:21.842Z</time>
        <speed>27.46</speed>
      </trkpt>
      <trkpt lat="24.8928107" lon="103.1789409">
        <ele>1533.4801500773801</ele>
        <time>2026-04-26T08:12:25.841Z</time>
        <speed>27.83</speed>
      </trkpt>
      <trkpt lat="24.8919153" lon="103.1794564">
        <ele>1535.458077443671</ele>
        <time>2026-04-26T08:12:29.841Z</time>
        <speed>27.91</speed>
      </trkpt>
      <trkpt lat="24.8910456" lon="103.1800002">
        <ele>1536.427078148359</ele>
        <time>2026-04-26T08:12:33.841Z</time>
        <speed>27.76</speed>
      </trkpt>
      <trkpt lat="24.8901835" lon="103.1805416">
        <ele>1540.9377798350704</ele>
        <time>2026-04-26T08:12:37.841Z</time>
        <speed>26.91</speed>
      </trkpt>
      <trkpt lat="24.8893553" lon="103.1810595">
        <ele>1541.2462836127734</ele>
        <time>2026-04-26T08:12:41.841Z</time>
        <speed>26.02</speed>
      </trkpt>
      <trkpt lat="24.8889543" lon="103.1813077">
        <ele>1544.0767647989219</ele>
        <time>2026-04-26T08:12:43.842Z</time>
        <speed>25.23</speed>
      </trkpt>
      <trkpt lat="24.8879263" lon="103.1818208">
        <ele>1548.0424201851813</ele>
        <time>2026-04-26T08:12:48.841Z</time>
        <speed>25.08</speed>
      </trkpt>
      <trkpt lat="24.887054" lon="103.1820822">
        <ele>1549.5667812737468</ele>
        <time>2026-04-26T08:12:52.842Z</time>
        <speed>25.35</speed>
      </trkpt>
      <trkpt lat="24.8861395" lon="103.1822195">
        <ele>1553.6773898629317</ele>
        <time>2026-04-26T08:12:56.842Z</time>
        <speed>25.44</speed>
      </trkpt>
      <trkpt lat="24.8852129" lon="103.1822073">
        <ele>1556.598923050019</ele>
        <time>2026-04-26T08:13:00.842Z</time>
        <speed>25.32</speed>
      </trkpt>
      <trkpt lat="24.8843068" lon="103.1820415">
        <ele>1557.971133949119</ele>
        <time>2026-04-26T08:13:04.841Z</time>
        <speed>25.55</speed>
      </trkpt>
      <trkpt lat="24.8834163" lon="103.181743">
        <ele>1559.1488089707416</ele>
        <time>2026-04-26T08:13:08.841Z</time>
        <speed>26.09</speed>
      </trkpt>
      <trkpt lat="24.8825527" lon="103.1812943">
        <ele>1556.9815287997003</ele>
        <time>2026-04-26T08:13:12.842Z</time>
        <speed>26.45</speed>
      </trkpt>
      <trkpt lat="24.8817339" lon="103.1807371">
        <ele>1557.5749702682024</ele>
        <time>2026-04-26T08:13:16.841Z</time>
        <speed>26.89</speed>
      </trkpt>
      <trkpt lat="24.8809032" lon="103.1801672">
        <ele>1559.2187484910376</ele>
        <time>2026-04-26T08:13:20.842Z</time>
        <speed>27.53</speed>
      </trkpt>
      <trkpt lat="24.8800368" lon="103.1796664">
        <ele>1558.430419968495</ele>
        <time>2026-04-26T08:13:24.842Z</time>
        <speed>27.16</speed>
      </trkpt>
      <trkpt lat="24.8795833" lon="103.1794674">
        <ele>1556.8733668481075</ele>
        <time>2026-04-26T08:13:26.841Z</time>
        <speed>26.81</speed>
      </trkpt>
      <trkpt lat="24.8791298" lon="103.1792982">
        <ele>1556.5070152219896</ele>
        <time>2026-04-26T08:13:28.842Z</time>
        <speed>26.76</speed>
      </trkpt>
      <trkpt lat="24.8786563" lon="103.1791662">
        <ele>1555.8904690604847</ele>
        <time>2026-04-26T08:13:30.842Z</time>
        <speed>27.39</speed>
      </trkpt>
      <trkpt lat="24.8781808" lon="103.1790798">
        <ele>1556.9637801721062</ele>
        <time>2026-04-26T08:13:32.842Z</time>
        <speed>26.94</speed>
      </trkpt>
      <trkpt lat="24.8777032" lon="103.1790396">
        <ele>1556.2674409143667</ele>
        <time>2026-04-26T08:13:34.841Z</time>
        <speed>26.92</speed>
      </trkpt>
      <trkpt lat="24.8772212" lon="103.17903">
        <ele>1554.5060070924242</ele>
        <time>2026-04-26T08:13:36.842Z</time>
        <speed>26.85</speed>
      </trkpt>
      <trkpt lat="24.8767333" lon="103.1790461">
        <ele>1554.1241039082295</ele>
        <time>2026-04-26T08:13:38.841Z</time>
        <speed>26.97</speed>
      </trkpt>
      <trkpt lat="24.8762476" lon="103.1790992">
        <ele>1553.9576813210838</ele>
        <time>2026-04-26T08:13:40.842Z</time>
        <speed>26.98</speed>
      </trkpt>
      <trkpt lat="24.875762" lon="103.179197">
        <ele>1555.8593078370793</ele>
        <time>2026-04-26T08:13:42.842Z</time>
        <speed>27.26</speed>
      </trkpt>
      <trkpt lat="24.8752761" lon="103.1793186">
        <ele>1555.1699177791306</ele>
        <time>2026-04-26T08:13:44.841Z</time>
        <speed>28.03</speed>
      </trkpt>
      <trkpt lat="24.8747832" lon="103.1794589">
        <ele>1555.664745508332</ele>
        <time>2026-04-26T08:13:46.841Z</time>
        <speed>28.89</speed>
      </trkpt>
      <trkpt lat="24.8742753" lon="103.1796062">
        <ele>1555.9305983578522</ele>
        <time>2026-04-26T08:13:48.841Z</time>
        <speed>29.57</speed>
      </trkpt>
      <trkpt lat="24.8737603" lon="103.1797693">
        <ele>1556.2454336286053</ele>
        <time>2026-04-26T08:13:50.841Z</time>
        <speed>29.78</speed>
      </trkpt>
      <trkpt lat="24.8732453" lon="103.1799291">
        <ele>1555.8830648132714</ele>
        <time>2026-04-26T08:13:52.841Z</time>
        <speed>30.03</speed>
      </trkpt>
      <trkpt lat="24.8727211" lon="103.180086">
        <ele>1556.6889514445552</ele>
        <time>2026-04-26T08:13:54.841Z</time>
        <speed>30.13</speed>
      </trkpt>
      <trkpt lat="24.8721964" lon="103.1802384">
        <ele>1554.6620253881265</ele>
        <time>2026-04-26T08:13:56.842Z</time>
        <speed>30.06</speed>
      </trkpt>
      <trkpt lat="24.8716702" lon="103.1803984">
        <ele>1552.9166345319502</ele>
        <time>2026-04-26T08:13:58.842Z</time>
        <speed>30.14</speed>
      </trkpt>
      <trkpt lat="24.8711463" lon="103.1805598">
        <ele>1553.194846960179</ele>
        <time>2026-04-26T08:14:00.841Z</time>
        <speed>30.09</speed>
      </trkpt>
      <trkpt lat="24.8706214" lon="103.180719">
        <ele>1550.476130213952</ele>
        <time>2026-04-26T08:14:02.841Z</time>
        <speed>30.28</speed>
      </trkpt>
      <trkpt lat="24.870092" lon="103.1808797">
        <ele>1550.4359037427562</ele>
        <time>2026-04-26T08:14:04.841Z</time>
        <speed>30.34</speed>
      </trkpt>
      <trkpt lat="24.8695767" lon="103.1810422">
        <ele>1548.1630267422256</ele>
        <time>2026-04-26T08:14:06.842Z</time>
        <speed>29.81</speed>
      </trkpt>
      <trkpt lat="24.8690623" lon="103.1812023">
        <ele>1546.8060814635862</ele>
        <time>2026-04-26T08:14:08.841Z</time>
        <speed>29.61</speed>
      </trkpt>
      <trkpt lat="24.8685513" lon="103.1813569">
        <ele>1547.5387415941475</ele>
        <time>2026-04-26T08:14:10.841Z</time>
        <speed>29.57</speed>
      </trkpt>
      <trkpt lat="24.8680357" lon="103.1815039">
        <ele>1545.7862801561512</ele>
        <time>2026-04-26T08:14:12.842Z</time>
        <speed>29.38</speed>
      </trkpt>
      <trkpt lat="24.8675228" lon="103.1816515">
        <ele>1544.4321173588082</ele>
        <time>2026-04-26T08:14:14.842Z</time>
        <speed>29.16</speed>
      </trkpt>
      <trkpt lat="24.867007" lon="103.181793">
        <ele>1543.2913110955121</ele>
        <time>2026-04-26T08:14:16.842Z</time>
        <speed>29.23</speed>
      </trkpt>
      <trkpt lat="24.8664883" lon="103.181911">
        <ele>1542.1824432048024</ele>
        <time>2026-04-26T08:14:18.841Z</time>
        <speed>29.31</speed>
      </trkpt>
      <trkpt lat="24.8659639" lon="103.1820069">
        <ele>1542.5394499873548</ele>
        <time>2026-04-26T08:14:20.841Z</time>
        <speed>29.51</speed>
      </trkpt>
      <trkpt lat="24.8654307" lon="103.1820817">
        <ele>1541.8579633975567</ele>
        <time>2026-04-26T08:14:22.841Z</time>
        <speed>29.62</speed>
      </trkpt>
      <trkpt lat="24.8648976" lon="103.1821274">
        <ele>1541.1264956287196</ele>
        <time>2026-04-26T08:14:24.841Z</time>
        <speed>29.37</speed>
      </trkpt>
      <trkpt lat="24.8643666" lon="103.1821554">
        <ele>1541.2142284855302</ele>
        <time>2026-04-26T08:14:26.841Z</time>
        <speed>29.38</speed>
      </trkpt>
      <trkpt lat="24.86383" lon="103.1821586">
        <ele>1540.0697929911023</ele>
        <time>2026-04-26T08:14:28.841Z</time>
        <speed>29.46</speed>
      </trkpt>
      <trkpt lat="24.8632936" lon="103.1821423">
        <ele>1540.0844488516973</ele>
        <time>2026-04-26T08:14:30.842Z</time>
        <speed>29.6</speed>
      </trkpt>
      <trkpt lat="24.862756" lon="103.1820944">
        <ele>1538.4992392623408</ele>
        <time>2026-04-26T08:14:32.842Z</time>
        <speed>29.78</speed>
      </trkpt>
      <trkpt lat="24.8622215" lon="103.1820291">
        <ele>1538.0913413265278</ele>
        <time>2026-04-26T08:14:34.842Z</time>
        <speed>29.87</speed>
      </trkpt>
      <trkpt lat="24.8616879" lon="103.1819624">
        <ele>1538.525202097299</ele>
        <time>2026-04-26T08:14:36.841Z</time>
        <speed>29.59</speed>
      </trkpt>
      <trkpt lat="24.8611628" lon="103.1818882">
        <ele>1538.310856079842</ele>
        <time>2026-04-26T08:14:38.841Z</time>
        <speed>29.2</speed>
      </trkpt>
      <trkpt lat="24.8601533" lon="103.1817567">
        <ele>1536.8696302322587</ele>
        <time>2026-04-26T08:14:42.841Z</time>
        <speed>27.26</speed>
      </trkpt>
      <trkpt lat="24.8591754" lon="103.1816797">
        <ele>1534.842246691478</ele>
        <time>2026-04-26T08:14:46.842Z</time>
        <speed>27.89</speed>
      </trkpt>
      <trkpt lat="24.8579081" lon="103.1816698">
        <ele>1534.9132937350737</ele>
        <time>2026-04-26T08:14:51.843Z</time>
        <speed>28.69</speed>
      </trkpt>
      <trkpt lat="24.8568621" lon="103.1817395">
        <ele>1533.7848259277648</ele>
        <time>2026-04-26T08:14:55.842Z</time>
        <speed>29.34</speed>
      </trkpt>
      <trkpt lat="24.8557966" lon="103.1818908">
        <ele>1533.7604352754056</ele>
        <time>2026-04-26T08:14:59.842Z</time>
        <speed>30.03</speed>
      </trkpt>
      <trkpt lat="24.8547185" lon="103.1820872">
        <ele>1533.4664193017743</ele>
        <time>2026-04-26T08:15:03.842Z</time>
        <speed>30.38</speed>
      </trkpt>
      <trkpt lat="24.8536395" lon="103.1822905">
        <ele>1533.3496332686575</ele>
        <time>2026-04-26T08:15:07.842Z</time>
        <speed>30.04</speed>
      </trkpt>
      <trkpt lat="24.8525794" lon="103.182493">
        <ele>1531.1606730732142</ele>
        <time>2026-04-26T08:15:11.842Z</time>
        <speed>29.83</speed>
      </trkpt>
      <trkpt lat="24.8515082" lon="103.1826931">
        <ele>1530.0850985897805</ele>
        <time>2026-04-26T08:15:15.842Z</time>
        <speed>30.14</speed>
      </trkpt>
      <trkpt lat="24.8504317" lon="103.182884">
        <ele>1529.76235631192</ele>
        <time>2026-04-26T08:15:19.842Z</time>
        <speed>30.06</speed>
      </trkpt>
      <trkpt lat="24.8493542" lon="103.1830157">
        <ele>1529.2276068991143</ele>
        <time>2026-04-26T08:15:23.842Z</time>
        <speed>29.89</speed>
      </trkpt>
      <trkpt lat="24.8482871" lon="103.1830578">
        <ele>1528.1599187401875</ele>
        <time>2026-04-26T08:15:27.842Z</time>
        <speed>29.13</speed>
      </trkpt>
      <trkpt lat="24.847245" lon="103.1830247">
        <ele>1528.783605325844</ele>
        <time>2026-04-26T08:15:31.842Z</time>
        <speed>28.65</speed>
      </trkpt>
      <trkpt lat="24.8462209" lon="103.1829147">
        <ele>1532.3430642513629</ele>
        <time>2026-04-26T08:15:35.843Z</time>
        <speed>28.46</speed>
      </trkpt>
      <trkpt lat="24.8451963" lon="103.1827378">
        <ele>1534.9289138763313</ele>
        <time>2026-04-26T08:15:39.843Z</time>
        <speed>28.94</speed>
      </trkpt>
      <trkpt lat="24.8441649" lon="103.182476">
        <ele>1538.1220049742612</ele>
        <time>2026-04-26T08:15:43.843Z</time>
        <speed>29.52</speed>
      </trkpt>
      <trkpt lat="24.8431369" lon="103.1821495">
        <ele>1540.6647332279463</ele>
        <time>2026-04-26T08:15:47.842Z</time>
        <speed>29.91</speed>
      </trkpt>
      <trkpt lat="24.8421161" lon="103.1817486">
        <ele>1542.7575302389976</ele>
        <time>2026-04-26T08:15:51.843Z</time>
        <speed>30.5</speed>
      </trkpt>
      <trkpt lat="24.8410779" lon="103.1813374">
        <ele>1543.3908240047647</ele>
        <time>2026-04-26T08:15:55.842Z</time>
        <speed>30.61</speed>
      </trkpt>
      <trkpt lat="24.8400555" lon="103.1809236">
        <ele>1542.7816123399875</ele>
        <time>2026-04-26T08:15:59.843Z</time>
        <speed>29.62</speed>
      </trkpt>
      <trkpt lat="24.8392997" lon="103.1806238">
        <ele>1541.8765708275505</ele>
        <time>2026-04-26T08:16:02.843Z</time>
        <speed>29.34</speed>
      </trkpt>
      <trkpt lat="24.8380705" lon="103.180132">
        <ele>1539.0707302395106</ele>
        <time>2026-04-26T08:16:07.843Z</time>
        <speed>29.05</speed>
      </trkpt>
      <trkpt lat="24.8373176" lon="103.1798503">
        <ele>1538.8139999387647</ele>
        <time>2026-04-26T08:16:10.843Z</time>
        <speed>29.4</speed>
      </trkpt>
      <trkpt lat="24.8360529" lon="103.1793603">
        <ele>1538.4047003117637</ele>
        <time>2026-04-26T08:16:15.843Z</time>
        <speed>29.8</speed>
      </trkpt>
      <trkpt lat="24.8350477" lon="103.1789561">
        <ele>1540.5429904326377</ele>
        <time>2026-04-26T08:16:19.843Z</time>
        <speed>29.03</speed>
      </trkpt>
      <trkpt lat="24.8340758" lon="103.1785792">
        <ele>1541.7998024678734</ele>
        <time>2026-04-26T08:16:23.843Z</time>
        <speed>28.12</speed>
      </trkpt>
      <trkpt lat="24.8331175" lon="103.1782406">
        <ele>1543.8366714269598</ele>
        <time>2026-04-26T08:16:27.843Z</time>
        <speed>27.54</speed>
      </trkpt>
      <trkpt lat="24.8321401" lon="103.1779534">
        <ele>1545.1316542389159</ele>
        <time>2026-04-26T08:16:31.843Z</time>
        <speed>28.29</speed>
      </trkpt>
      <trkpt lat="24.8313863" lon="103.1777734">
        <ele>1546.3549516719786</ele>
        <time>2026-04-26T08:16:34.842Z</time>
        <speed>28.6</speed>
      </trkpt>
      <trkpt lat="24.8301134" lon="103.1775218">
        <ele>1547.7697948628552</ele>
        <time>2026-04-26T08:16:39.843Z</time>
        <speed>28.56</speed>
      </trkpt>
      <trkpt lat="24.829094" lon="103.1773368">
        <ele>1548.613848799228</ele>
        <time>2026-04-26T08:16:43.842Z</time>
        <speed>28.54</speed>
      </trkpt>
      <trkpt lat="24.828071" lon="103.1771176">
        <ele>1550.3843423597311</ele>
        <time>2026-04-26T08:16:47.842Z</time>
        <speed>29.04</speed>
      </trkpt>
      <trkpt lat="24.827051" lon="103.176831">
        <ele>1553.114069572554</ele>
        <time>2026-04-26T08:16:51.843Z</time>
        <speed>29.29</speed>
      </trkpt>
      <trkpt lat="24.82603" lon="103.1764824">
        <ele>1556.1031076219404</ele>
        <time>2026-04-26T08:16:55.842Z</time>
        <speed>29.37</speed>
      </trkpt>
      <trkpt lat="24.8250548" lon="103.1760838">
        <ele>1555.8211221717982</ele>
        <time>2026-04-26T08:16:59.842Z</time>
        <speed>28.06</speed>
      </trkpt>
      <trkpt lat="24.8241182" lon="103.1756645">
        <ele>1555.9225775684615</ele>
        <time>2026-04-26T08:17:03.843Z</time>
        <speed>27.41</speed>
      </trkpt>
      <trkpt lat="24.8232282" lon="103.1752662">
        <ele>1555.910400390625</ele>
        <time>2026-04-26T08:17:07.842Z</time>
        <speed>26.24</speed>
      </trkpt>
      <trkpt lat="24.8227786" lon="103.1750889">
        <ele>1556.5781988284773</ele>
        <time>2026-04-26T08:17:09.843Z</time>
        <speed>26.66</speed>
      </trkpt>
      <trkpt lat="24.8216106" lon="103.1747466">
        <ele>1556.1716197864994</ele>
        <time>2026-04-26T08:17:14.842Z</time>
        <speed>27.23</speed>
      </trkpt>
      <trkpt lat="24.8206362" lon="103.1745822">
        <ele>1557.5770775590827</ele>
        <time>2026-04-26T08:17:18.842Z</time>
        <speed>27.42</speed>
      </trkpt>
      <trkpt lat="24.8196475" lon="103.174542">
        <ele>1557.1191518857918</ele>
        <time>2026-04-26T08:17:22.843Z</time>
        <speed>27.57</speed>
      </trkpt>
      <trkpt lat="24.8186422" lon="103.1746126">
        <ele>1555.2557259155153</ele>
        <time>2026-04-26T08:17:26.842Z</time>
        <speed>28.05</speed>
      </trkpt>
      <trkpt lat="24.8176001" lon="103.1747419">
        <ele>1551.4389530853996</ele>
        <time>2026-04-26T08:17:30.843Z</time>
        <speed>29.38</speed>
      </trkpt>
      <trkpt lat="24.8165274" lon="103.1748951">
        <ele>1550.1353907613386</ele>
        <time>2026-04-26T08:17:34.843Z</time>
        <speed>30.28</speed>
      </trkpt>
      <trkpt lat="24.8154304" lon="103.1750418">
        <ele>1547.9246721930297</ele>
        <time>2026-04-26T08:17:38.842Z</time>
        <speed>30.51</speed>
      </trkpt>
      <trkpt lat="24.8143438" lon="103.1751876">
        <ele>1547.98986000121</ele>
        <time>2026-04-26T08:17:42.842Z</time>
        <speed>30.0</speed>
      </trkpt>
      <trkpt lat="24.8132672" lon="103.1752985">
        <ele>1548.1958053068972</ele>
        <time>2026-04-26T08:17:46.843Z</time>
        <speed>29.48</speed>
      </trkpt>
      <trkpt lat="24.8122121" lon="103.1753396">
        <ele>1550.300264669256</ele>
        <time>2026-04-26T08:17:50.842Z</time>
        <speed>29.2</speed>
      </trkpt>
      <trkpt lat="24.8111804" lon="103.1752815">
        <ele>1552.4578416014986</ele>
        <time>2026-04-26T08:17:54.843Z</time>
        <speed>28.41</speed>
      </trkpt>
      <trkpt lat="24.8101723" lon="103.175148">
        <ele>1553.4608879744221</ele>
        <time>2026-04-26T08:17:58.842Z</time>
        <speed>28.21</speed>
      </trkpt>
      <trkpt lat="24.8091732" lon="103.174943">
        <ele>1556.2086365901534</ele>
        <time>2026-04-26T08:18:02.842Z</time>
        <speed>28.03</speed>
      </trkpt>
      <trkpt lat="24.808185" lon="103.1746636">
        <ele>1557.9436277415473</ele>
        <time>2026-04-26T08:18:06.843Z</time>
        <speed>28.1</speed>
      </trkpt>
      <trkpt lat="24.8072214" lon="103.1743109">
        <ele>1559.6800300791049</ele>
        <time>2026-04-26T08:18:10.842Z</time>
        <speed>28.18</speed>
      </trkpt>
      <trkpt lat="24.8062921" lon="103.1738871">
        <ele>1560.4803745040376</ele>
        <time>2026-04-26T08:18:14.843Z</time>
        <speed>27.65</speed>
      </trkpt>
      <trkpt lat="24.8058469" lon="103.1736535">
        <ele>1560.720814129486</ele>
        <time>2026-04-26T08:18:16.843Z</time>
        <speed>27.14</speed>
      </trkpt>
      <trkpt lat="24.8049813" lon="103.1731643">
        <ele>1560.4401190546948</ele>
        <time>2026-04-26T08:18:20.842Z</time>
        <speed>26.73</speed>
      </trkpt>
      <trkpt lat="24.8041415" lon="103.1726872">
        <ele>1558.9248619147968</ele>
        <time>2026-04-26T08:18:24.842Z</time>
        <speed>26.14</speed>
      </trkpt>
      <trkpt lat="24.8032763" lon="103.1722545">
        <ele>1557.5678510952478</ele>
        <time>2026-04-26T08:18:28.843Z</time>
        <speed>26.67</speed>
      </trkpt>
      <trkpt lat="24.8023653" lon="103.1718692">
        <ele>1557.6402880653186</ele>
        <time>2026-04-26T08:18:32.843Z</time>
        <speed>27.44</speed>
      </trkpt>
      <trkpt lat="24.8014116" lon="103.1715484">
        <ele>1558.2820927904422</ele>
        <time>2026-04-26T08:18:36.842Z</time>
        <speed>27.89</speed>
      </trkpt>
      <trkpt lat="24.8004274" lon="103.1713014">
        <ele>1558.8550849034875</ele>
        <time>2026-04-26T08:18:40.842Z</time>
        <speed>28.18</speed>
      </trkpt>
      <trkpt lat="24.7994227" lon="103.1711384">
        <ele>1558.7410200336853</ele>
        <time>2026-04-26T08:18:44.843Z</time>
        <speed>28.28</speed>
      </trkpt>
      <trkpt lat="24.798416" lon="103.171053">
        <ele>1558.9287109375</ele>
        <time>2026-04-26T08:18:48.842Z</time>
        <speed>28.08</speed>
      </trkpt>
      <trkpt lat="24.7973901" lon="103.1710391">
        <ele>1556.9523213440314</ele>
        <time>2026-04-26T08:18:52.842Z</time>
        <speed>28.43</speed>
      </trkpt>
      <trkpt lat="24.796358" lon="103.1710485">
        <ele>1556.7265090894293</ele>
        <time>2026-04-26T08:18:56.842Z</time>
        <speed>28.63</speed>
      </trkpt>
      <trkpt lat="24.7953302" lon="103.1710648">
        <ele>1557.107742482061</ele>
        <time>2026-04-26T08:19:00.842Z</time>
        <speed>28.57</speed>
      </trkpt>
      <trkpt lat="24.7943149" lon="103.1710762">
        <ele>1557.4646666627068</ele>
        <time>2026-04-26T08:19:04.843Z</time>
        <speed>27.38</speed>
      </trkpt>
      <trkpt lat="24.7933361" lon="103.1710801">
        <ele>1557.5113077180831</ele>
        <time>2026-04-26T08:19:08.843Z</time>
        <speed>26.58</speed>
      </trkpt>
      <trkpt lat="24.792382" lon="103.1710423">
        <ele>1556.964655965848</ele>
        <time>2026-04-26T08:19:12.843Z</time>
        <speed>26.41</speed>
      </trkpt>
      <trkpt lat="24.7914198" lon="103.1709306">
        <ele>1557.1854204084882</ele>
        <time>2026-04-26T08:19:16.842Z</time>
        <speed>27.37</speed>
      </trkpt>
      <trkpt lat="24.7904704" lon="103.1707119">
        <ele>1557.0463345987948</ele>
        <time>2026-04-26T08:19:20.842Z</time>
        <speed>27.52</speed>
      </trkpt>
      <trkpt lat="24.7899911" lon="103.1705625">
        <ele>1556.9518541925245</ele>
        <time>2026-04-26T08:19:22.843Z</time>
        <speed>27.43</speed>
      </trkpt>
      <trkpt lat="24.7888121" lon="103.1700703">
        <ele>1554.3212491883833</ele>
        <time>2026-04-26T08:19:27.842Z</time>
        <speed>27.88</speed>
      </trkpt>
      <trkpt lat="24.7879171" lon="103.1695515">
        <ele>1551.7234463074979</ele>
        <time>2026-04-26T08:19:31.843Z</time>
        <speed>28.15</speed>
      </trkpt>
      <trkpt lat="24.7870622" lon="103.1689586">
        <ele>1549.6853583075442</ele>
        <time>2026-04-26T08:19:35.842Z</time>
        <speed>27.98</speed>
      </trkpt>
      <trkpt lat="24.7862519" lon="103.1682606">
        <ele>1546.8970570537922</ele>
        <time>2026-04-26T08:19:39.843Z</time>
        <speed>28.76</speed>
      </trkpt>
      <trkpt lat="24.7855062" lon="103.1674714">
        <ele>1543.262311945425</ele>
        <time>2026-04-26T08:19:43.842Z</time>
        <speed>29.05</speed>
      </trkpt>
      <trkpt lat="24.7848311" lon="103.1665854">
        <ele>1538.187782834181</ele>
        <time>2026-04-26T08:19:47.843Z</time>
        <speed>28.83</speed>
      </trkpt>
      <trkpt lat="24.7842279" lon="103.1656312">
        <ele>1536.485353265211</ele>
        <time>2026-04-26T08:19:51.842Z</time>
        <speed>29.0</speed>
      </trkpt>
      <trkpt lat="24.7837023" lon="103.1646011">
        <ele>1529.1107456683126</ele>
        <time>2026-04-26T08:19:55.842Z</time>
        <speed>29.86</speed>
      </trkpt>
      <trkpt lat="24.7832985" lon="103.163527">
        <ele>1525.8742143820152</ele>
        <time>2026-04-26T08:19:59.843Z</time>
        <speed>28.98</speed>
      </trkpt>
      <trkpt lat="24.7830031" lon="103.1624239">
        <ele>1521.7024905366343</ele>
        <time>2026-04-26T08:20:03.842Z</time>
        <speed>29.17</speed>
      </trkpt>
      <trkpt lat="24.7827954" lon="103.1612911">
        <ele>1517.891243362287</ele>
        <time>2026-04-26T08:20:07.843Z</time>
        <speed>28.85</speed>
      </trkpt>
      <trkpt lat="24.7826891" lon="103.1601736">
        <ele>1515.663098707341</ele>
        <time>2026-04-26T08:20:11.843Z</time>
        <speed>28.06</speed>
      </trkpt>
      <trkpt lat="24.7826327" lon="103.1590405">
        <ele>1515.3599348368616</ele>
        <time>2026-04-26T08:20:15.842Z</time>
        <speed>29.22</speed>
      </trkpt>
      <trkpt lat="24.7825806" lon="103.1578746">
        <ele>1515.1748904042329</ele>
        <time>2026-04-26T08:20:19.843Z</time>
        <speed>29.52</speed>
      </trkpt>
      <trkpt lat="24.7825246" lon="103.1566995">
        <ele>1515.6683485054787</ele>
        <time>2026-04-26T08:20:23.843Z</time>
        <speed>29.42</speed>
      </trkpt>
      <trkpt lat="24.7824682" lon="103.1555643">
        <ele>1515.2652150924137</ele>
        <time>2026-04-26T08:20:27.843Z</time>
        <speed>28.38</speed>
      </trkpt>
      <trkpt lat="24.7824424" lon="103.155007">
        <ele>1515.7822588512106</ele>
        <time>2026-04-26T08:20:29.842Z</time>
        <speed>28.19</speed>
      </trkpt>
      <trkpt lat="24.7823914" lon="103.1538934">
        <ele>1515.0998912634275</ele>
        <time>2026-04-26T08:20:33.843Z</time>
        <speed>28.42</speed>
      </trkpt>
      <trkpt lat="24.7823647" lon="103.1527677">
        <ele>1515.308798010138</ele>
        <time>2026-04-26T08:20:37.843Z</time>
        <speed>28.48</speed>
      </trkpt>
      <trkpt lat="24.7823669" lon="103.151636">
        <ele>1515.5059903511733</ele>
        <time>2026-04-26T08:20:41.843Z</time>
        <speed>28.78</speed>
      </trkpt>
      <trkpt lat="24.7823954" lon="103.1504913">
        <ele>1516.1633822124697</ele>
        <time>2026-04-26T08:20:45.843Z</time>
        <speed>29.03</speed>
      </trkpt>
      <trkpt lat="24.7824453" lon="103.149334">
        <ele>1516.6422663704075</ele>
        <time>2026-04-26T08:20:49.843Z</time>
        <speed>29.04</speed>
      </trkpt>
      <trkpt lat="24.7825231" lon="103.1482012">
        <ele>1517.657791272052</ele>
        <time>2026-04-26T08:20:53.842Z</time>
        <speed>28.51</speed>
      </trkpt>
      <trkpt lat="24.7826334" lon="103.1470899">
        <ele>1518.7015380859375</ele>
        <time>2026-04-26T08:20:57.843Z</time>
        <speed>28.03</speed>
      </trkpt>
      <trkpt lat="24.7827664" lon="103.146011">
        <ele>1519.2566467344432</ele>
        <time>2026-04-26T08:21:01.842Z</time>
        <speed>27.34</speed>
      </trkpt>
      <trkpt lat="24.7829185" lon="103.1449507">
        <ele>1520.9650364796641</ele>
        <time>2026-04-26T08:21:05.842Z</time>
        <speed>26.8</speed>
      </trkpt>
      <trkpt lat="24.7830709" lon="103.1439006">
        <ele>1522.2866437403325</ele>
        <time>2026-04-26T08:21:09.842Z</time>
        <speed>26.72</speed>
      </trkpt>
      <trkpt lat="24.7832118" lon="103.1428349">
        <ele>1524.0874166779959</ele>
        <time>2026-04-26T08:21:13.843Z</time>
        <speed>27.29</speed>
      </trkpt>
      <trkpt lat="24.7833721" lon="103.1417495">
        <ele>1526.2457829270643</ele>
        <time>2026-04-26T08:21:17.843Z</time>
        <speed>28.09</speed>
      </trkpt>
      <trkpt lat="24.7835202" lon="103.1406316">
        <ele>1529.458790387609</ele>
        <time>2026-04-26T08:21:21.843Z</time>
        <speed>28.68</speed>
      </trkpt>
      <trkpt lat="24.7836733" lon="103.1395029">
        <ele>1532.7264605299977</ele>
        <time>2026-04-26T08:21:25.842Z</time>
        <speed>28.7</speed>
      </trkpt>
      <trkpt lat="24.7838268" lon="103.1383836">
        <ele>1536.3124840258467</ele>
        <time>2026-04-26T08:21:29.843Z</time>
        <speed>28.36</speed>
      </trkpt>
      <trkpt lat="24.7839807" lon="103.1372879">
        <ele>1539.4345730101118</ele>
        <time>2026-04-26T08:21:33.842Z</time>
        <speed>27.6</speed>
      </trkpt>
      <trkpt lat="24.7840701" lon="103.1367631">
        <ele>1540.5742139877566</ele>
        <time>2026-04-26T08:21:35.842Z</time>
        <speed>27.2</speed>
      </trkpt>
      <trkpt lat="24.7843771" lon="103.1354697">
        <ele>1542.4666479162145</ele>
        <time>2026-04-26T08:21:40.843Z</time>
        <speed>26.99</speed>
      </trkpt>
      <trkpt lat="24.7847155" lon="103.1344822">
        <ele>1545.088089432804</ele>
        <time>2026-04-26T08:21:44.842Z</time>
        <speed>26.72</speed>
      </trkpt>
      <trkpt lat="24.7851326" lon="103.1335118">
        <ele>1547.4585142747435</ele>
        <time>2026-04-26T08:21:48.842Z</time>
        <speed>27.14</speed>
      </trkpt>
      <trkpt lat="24.7855899" lon="103.1325651">
        <ele>1550.102477025751</ele>
        <time>2026-04-26T08:21:52.842Z</time>
        <speed>27.53</speed>
      </trkpt>
      <trkpt lat="24.7860654" lon="103.1315957">
        <ele>1552.3232672736397</ele>
        <time>2026-04-26T08:21:56.842Z</time>
        <speed>28.0</speed>
      </trkpt>
      <trkpt lat="24.7865404" lon="103.1306181">
        <ele>1556.242629620454</ele>
        <time>2026-04-26T08:22:00.842Z</time>
        <speed>28.18</speed>
      </trkpt>
      <trkpt lat="24.7870145" lon="103.1296346">
        <ele>1558.5054555700735</ele>
        <time>2026-04-26T08:22:04.842Z</time>
        <speed>27.93</speed>
      </trkpt>
      <trkpt lat="24.7874886" lon="103.1286672">
        <ele>1562.3744617078075</ele>
        <time>2026-04-26T08:22:08.842Z</time>
        <speed>27.4</speed>
      </trkpt>
      <trkpt lat="24.7879419" lon="103.1277129">
        <ele>1567.4081796133141</ele>
        <time>2026-04-26T08:22:12.843Z</time>
        <speed>27.29</speed>
      </trkpt>
      <trkpt lat="24.7883295" lon="103.1267228">
        <ele>1572.108875662884</ele>
        <time>2026-04-26T08:22:16.843Z</time>
        <speed>27.16</speed>
      </trkpt>
      <trkpt lat="24.7886177" lon="103.1256958">
        <ele>1575.1860000011886</ele>
        <time>2026-04-26T08:22:20.843Z</time>
        <speed>27.25</speed>
      </trkpt>
      <trkpt lat="24.7887797" lon="103.1246346">
        <ele>1579.862674886288</ele>
        <time>2026-04-26T08:22:24.843Z</time>
        <speed>26.87</speed>
      </trkpt>
      <trkpt lat="24.7888478" lon="103.1235872">
        <ele>1584.118872493876</ele>
        <time>2026-04-26T08:22:28.842Z</time>
        <speed>26.45</speed>
      </trkpt>
      <trkpt lat="24.7887851" lon="103.1226016">
        <ele>1586.5806167419753</ele>
        <time>2026-04-26T08:22:32.843Z</time>
        <speed>24.73</speed>
      </trkpt>
      <trkpt lat="24.7887177" lon="103.1216452">
        <ele>1589.504845826122</ele>
        <time>2026-04-26T08:22:36.843Z</time>
        <speed>23.96</speed>
      </trkpt>
      <trkpt lat="24.788659" lon="103.1207002">
        <ele>1591.324923977824</ele>
        <time>2026-04-26T08:22:40.842Z</time>
        <speed>23.88</speed>
      </trkpt>
      <trkpt lat="24.7886483" lon="103.1197836">
        <ele>1592.6484043896492</ele>
        <time>2026-04-26T08:22:44.843Z</time>
        <speed>22.84</speed>
      </trkpt>
      <trkpt lat="24.7887029" lon="103.1189014">
        <ele>1595.847377473256</ele>
        <time>2026-04-26T08:22:48.842Z</time>
        <speed>22.58</speed>
      </trkpt>
      <trkpt lat="24.7888168" lon="103.1180445">
        <ele>1597.582920493528</ele>
        <time>2026-04-26T08:22:52.842Z</time>
        <speed>21.86</speed>
      </trkpt>
      <trkpt lat="24.7889392" lon="103.1171929">
        <ele>1598.628926412247</ele>
        <time>2026-04-26T08:22:56.843Z</time>
        <speed>21.73</speed>
      </trkpt>
      <trkpt lat="24.7924644" lon="103.106097">
        <ele>1600.2656440669334</ele>
        <time>2026-04-26T08:23:39.843Z</time>
        <speed>28.48</speed>
      </trkpt>
      <trkpt lat="24.7927869" lon="103.1051015">
        <ele>1601.638315871768</ele>
        <time>2026-04-26T08:23:43.843Z</time>
        <speed>26.83</speed>
      </trkpt>
      <trkpt lat="24.7931342" lon="103.1038476">
        <ele>1600.0470845368318</ele>
        <time>2026-04-26T08:23:48.843Z</time>
        <speed>27.15</speed>
      </trkpt>
      <trkpt lat="24.7933302" lon="103.1027709">
        <ele>1599.0490452369497</ele>
        <time>2026-04-26T08:23:52.842Z</time>
        <speed>27.71</speed>
      </trkpt>
      <trkpt lat="24.7934398" lon="103.1016759">
        <ele>1598.8830575819688</ele>
        <time>2026-04-26T08:23:56.843Z</time>
        <speed>27.82</speed>
      </trkpt>
      <trkpt lat="24.7934539" lon="103.1005719">
        <ele>1598.89013671875</ele>
        <time>2026-04-26T08:24:00.843Z</time>
        <speed>27.89</speed>
      </trkpt>
      <trkpt lat="24.793382" lon="103.0994738">
        <ele>1597.921849903403</ele>
        <time>2026-04-26T08:24:04.842Z</time>
        <speed>27.87</speed>
      </trkpt>
      <trkpt lat="24.7932098" lon="103.0983793">
        <ele>1596.961590663613</ele>
        <time>2026-04-26T08:24:08.843Z</time>
        <speed>27.92</speed>
      </trkpt>
      <trkpt lat="24.7929568" lon="103.0973203">
        <ele>1596.4075145646862</ele>
        <time>2026-04-26T08:24:12.842Z</time>
        <speed>27.8</speed>
      </trkpt>
      <trkpt lat="24.7926104" lon="103.0962985">
        <ele>1594.1858257103333</ele>
        <time>2026-04-26T08:24:16.842Z</time>
        <speed>28.0</speed>
      </trkpt>
      <trkpt lat="24.7921745" lon="103.0952926">
        <ele>1593.9115772143675</ele>
        <time>2026-04-26T08:24:20.842Z</time>
        <speed>28.23</speed>
      </trkpt>
      <trkpt lat="24.7916387" lon="103.0943259">
        <ele>1593.3604192151392</ele>
        <time>2026-04-26T08:24:24.843Z</time>
        <speed>29.03</speed>
      </trkpt>
      <trkpt lat="24.791008" lon="103.0933974">
        <ele>1593.0351361132223</ele>
        <time>2026-04-26T08:24:28.843Z</time>
        <speed>29.23</speed>
      </trkpt>
      <trkpt lat="24.7902982" lon="103.0925333">
        <ele>1592.9607332184416</ele>
        <time>2026-04-26T08:24:32.843Z</time>
        <speed>29.26</speed>
      </trkpt>
      <trkpt lat="24.7895133" lon="103.0917467">
        <ele>1592.1239046040205</ele>
        <time>2026-04-26T08:24:36.842Z</time>
        <speed>29.54</speed>
      </trkpt>
      <trkpt lat="24.789083" lon="103.0913804">
        <ele>1591.345744039478</ele>
        <time>2026-04-26T08:24:38.842Z</time>
        <speed>29.86</speed>
      </trkpt>
      <trkpt lat="24.7886566" lon="103.0910165">
        <ele>1590.5435990623482</ele>
        <time>2026-04-26T08:24:40.842Z</time>
        <speed>30.38</speed>
      </trkpt>
      <trkpt lat="24.7882134" lon="103.0906449">
        <ele>1588.2956620965447</ele>
        <time>2026-04-26T08:24:42.842Z</time>
        <speed>30.72</speed>
      </trkpt>
      <trkpt lat="24.7877708" lon="103.0902786">
        <ele>1586.0321379768322</ele>
        <time>2026-04-26T08:24:44.842Z</time>
        <speed>30.77</speed>
      </trkpt>
      <trkpt lat="24.7873277" lon="103.0899087">
        <ele>1583.971028203672</ele>
        <time>2026-04-26T08:24:46.843Z</time>
        <speed>30.92</speed>
      </trkpt>
      <trkpt lat="24.7868834" lon="103.0895419">
        <ele>1580.0646538614</ele>
        <time>2026-04-26T08:24:48.842Z</time>
        <speed>30.9</speed>
      </trkpt>
      <trkpt lat="24.7864363" lon="103.0891722">
        <ele>1579.4877256028608</ele>
        <time>2026-04-26T08:24:50.843Z</time>
        <speed>31.08</speed>
      </trkpt>
      <trkpt lat="24.7859886" lon="103.0888025">
        <ele>1577.7588838628621</ele>
        <time>2026-04-26T08:24:52.843Z</time>
        <speed>31.07</speed>
      </trkpt>
      <trkpt lat="24.7855405" lon="103.0884375">
        <ele>1574.1611356426326</ele>
        <time>2026-04-26T08:24:54.842Z</time>
        <speed>31.08</speed>
      </trkpt>
      <trkpt lat="24.7850995" lon="103.0880633">
        <ele>1572.737616017817</ele>
        <time>2026-04-26T08:24:56.842Z</time>
        <speed>30.99</speed>
      </trkpt>
      <trkpt lat="24.7846631" lon="103.0876722">
        <ele>1569.149127011471</ele>
        <time>2026-04-26T08:24:58.843Z</time>
        <speed>31.38</speed>
      </trkpt>
      <trkpt lat="24.7842028" lon="103.0873239">
        <ele>1566.2917761473398</ele>
        <time>2026-04-26T08:25:00.843Z</time>
        <speed>31.41</speed>
      </trkpt>
      <trkpt lat="24.7837481" lon="103.0869582">
        <ele>1564.743736147073</ele>
        <time>2026-04-26T08:25:02.842Z</time>
        <speed>31.21</speed>
      </trkpt>
      <trkpt lat="24.7833006" lon="103.0865976">
        <ele>1563.0029245900455</ele>
        <time>2026-04-26T08:25:04.842Z</time>
        <speed>30.7</speed>
      </trkpt>
      <trkpt lat="24.7828622" lon="103.0862427">
        <ele>1561.1587371152607</ele>
        <time>2026-04-26T08:25:06.843Z</time>
        <speed>29.99</speed>
      </trkpt>
      <trkpt lat="24.7824372" lon="103.0858898">
        <ele>1560.7058592491437</ele>
        <time>2026-04-26T08:25:08.842Z</time>
        <speed>29.42</speed>
      </trkpt>
      <trkpt lat="24.782014" lon="103.0855413">
        <ele>1557.651674135929</ele>
        <time>2026-04-26T08:25:10.842Z</time>
        <speed>29.3</speed>
      </trkpt>
      <trkpt lat="24.7815917" lon="103.0851946">
        <ele>1555.0978754322587</ele>
        <time>2026-04-26T08:25:12.842Z</time>
        <speed>29.24</speed>
      </trkpt>
      <trkpt lat="24.7811713" lon="103.0848493">
        <ele>1552.4860257022674</ele>
        <time>2026-04-26T08:25:14.843Z</time>
        <speed>29.05</speed>
      </trkpt>
      <trkpt lat="24.7807516" lon="103.084508">
        <ele>1550.8475993572806</ele>
        <time>2026-04-26T08:25:16.842Z</time>
        <speed>28.85</speed>
      </trkpt>
      <trkpt lat="24.7803375" lon="103.0841669">
        <ele>1549.683040227735</ele>
        <time>2026-04-26T08:25:18.843Z</time>
        <speed>28.76</speed>
      </trkpt>
      <trkpt lat="24.7799226" lon="103.0838244">
        <ele>1547.9511772462258</ele>
        <time>2026-04-26T08:25:20.843Z</time>
        <speed>28.82</speed>
      </trkpt>
      <trkpt lat="24.779498" lon="103.0834662">
        <ele>1546.3556591718575</ele>
        <time>2026-04-26T08:25:22.842Z</time>
        <speed>29.96</speed>
      </trkpt>
      <trkpt lat="24.7790513" lon="103.0831024">
        <ele>1546.2746186184363</ele>
        <time>2026-04-26T08:25:24.842Z</time>
        <speed>31.05</speed>
      </trkpt>
      <trkpt lat="24.7785929" lon="103.0827241">
        <ele>1545.02196442706</ele>
        <time>2026-04-26T08:25:26.842Z</time>
        <speed>31.97</speed>
      </trkpt>
      <trkpt lat="24.7781286" lon="103.0823352">
        <ele>1544.79721613211</ele>
        <time>2026-04-26T08:25:28.843Z</time>
        <speed>32.62</speed>
      </trkpt>
      <trkpt lat="24.7776649" lon="103.081953">
        <ele>1543.773973580006</ele>
        <time>2026-04-26T08:25:30.842Z</time>
        <speed>32.48</speed>
      </trkpt>
      <trkpt lat="24.7771983" lon="103.0815666">
        <ele>1542.1880069144765</ele>
        <time>2026-04-26T08:25:32.843Z</time>
        <speed>32.18</speed>
      </trkpt>
      <trkpt lat="24.7767366" lon="103.0811873">
        <ele>1541.9436957282346</ele>
        <time>2026-04-26T08:25:34.843Z</time>
        <speed>31.78</speed>
      </trkpt>
      <trkpt lat="24.7762833" lon="103.0808139">
        <ele>1541.7306148659075</ele>
        <time>2026-04-26T08:25:36.842Z</time>
        <speed>31.23</speed>
      </trkpt>
      <trkpt lat="24.7758423" lon="103.0804554">
        <ele>1542.1868939368542</ele>
        <time>2026-04-26T08:25:38.843Z</time>
        <speed>30.1</speed>
      </trkpt>
      <trkpt lat="24.7754139" lon="103.0801143">
        <ele>1543.035425169025</ele>
        <time>2026-04-26T08:25:40.842Z</time>
        <speed>28.97</speed>
      </trkpt>
      <trkpt lat="24.7749887" lon="103.0797952">
        <ele>1543.9496137152378</ele>
        <time>2026-04-26T08:25:42.842Z</time>
        <speed>28.46</speed>
      </trkpt>
      <trkpt lat="24.7745536" lon="103.079497">
        <ele>1544.021500064091</ele>
        <time>2026-04-26T08:25:44.842Z</time>
        <speed>28.35</speed>
      </trkpt>
      <trkpt lat="24.7741045" lon="103.0792261">
        <ele>1545.3227188230742</ele>
        <time>2026-04-26T08:25:46.842Z</time>
        <speed>28.52</speed>
      </trkpt>
      <trkpt lat="24.7736365" lon="103.0789788">
        <ele>1546.667112181366</ele>
        <time>2026-04-26T08:25:48.842Z</time>
        <speed>28.8</speed>
      </trkpt>
      <trkpt lat="24.7731534" lon="103.0787575">
        <ele>1548.0704068555697</ele>
        <time>2026-04-26T08:25:50.842Z</time>
        <speed>29.0</speed>
      </trkpt>
      <trkpt lat="24.7726633" lon="103.0785605">
        <ele>1549.654298700563</ele>
        <time>2026-04-26T08:25:52.842Z</time>
        <speed>29.21</speed>
      </trkpt>
      <trkpt lat="24.7721555" lon="103.0783905">
        <ele>1551.6162155118977</ele>
        <time>2026-04-26T08:25:54.842Z</time>
        <speed>29.3</speed>
      </trkpt>
      <trkpt lat="24.7716506" lon="103.0782337">
        <ele>1552.2962092697567</ele>
        <time>2026-04-26T08:25:56.843Z</time>
        <speed>29.05</speed>
      </trkpt>
      <trkpt lat="24.7711575" lon="103.0780839">
        <ele>1555.5663303261736</ele>
        <time>2026-04-26T08:25:58.843Z</time>
        <speed>28.74</speed>
      </trkpt>
      <trkpt lat="24.7706624" lon="103.0779277">
        <ele>1557.853704461339</ele>
        <time>2026-04-26T08:26:00.842Z</time>
        <speed>28.54</speed>
      </trkpt>
      <trkpt lat="24.7701704" lon="103.0777636">
        <ele>1559.459629446115</ele>
        <time>2026-04-26T08:26:02.842Z</time>
        <speed>28.42</speed>
      </trkpt>
      <trkpt lat="24.769686" lon="103.0775814">
        <ele>1560.5985843659973</ele>
        <time>2026-04-26T08:26:04.842Z</time>
        <speed>28.35</speed>
      </trkpt>
      <trkpt lat="24.7692096" lon="103.0773687">
        <ele>1561.1181172100235</ele>
        <time>2026-04-26T08:26:06.843Z</time>
        <speed>28.37</speed>
      </trkpt>
      <trkpt lat="24.7687443" lon="103.0771262">
        <ele>1562.6614416730129</ele>
        <time>2026-04-26T08:26:08.843Z</time>
        <speed>28.5</speed>
      </trkpt>
      <trkpt lat="24.7682877" lon="103.0768555">
        <ele>1564.3681533781319</ele>
        <time>2026-04-26T08:26:10.843Z</time>
        <speed>28.68</speed>
      </trkpt>
      <trkpt lat="24.7678379" lon="103.0765552">
        <ele>1565.3716379349742</ele>
        <time>2026-04-26T08:26:12.843Z</time>
        <speed>28.9</speed>
      </trkpt>
      <trkpt lat="24.7673971" lon="103.0762269">
        <ele>1566.8497151570255</ele>
        <time>2026-04-26T08:26:14.843Z</time>
        <speed>29.31</speed>
      </trkpt>
      <trkpt lat="24.7669788" lon="103.0758724">
        <ele>1568.5330190196798</ele>
        <time>2026-04-26T08:26:16.842Z</time>
        <speed>29.33</speed>
      </trkpt>
      <trkpt lat="24.7665907" lon="103.0754915">
        <ele>1571.3057085761534</ele>
        <time>2026-04-26T08:26:18.842Z</time>
        <speed>29.03</speed>
      </trkpt>
      <trkpt lat="24.7662182" lon="103.075097">
        <ele>1572.957541508585</ele>
        <time>2026-04-26T08:26:20.843Z</time>
        <speed>28.68</speed>
      </trkpt>
      <trkpt lat="24.7658628" lon="103.0746917">
        <ele>1575.3362362542825</ele>
        <time>2026-04-26T08:26:22.843Z</time>
        <speed>28.29</speed>
      </trkpt>
      <trkpt lat="24.7655116" lon="103.0742832">
        <ele>1577.295702838038</ele>
        <time>2026-04-26T08:26:24.842Z</time>
        <speed>28.35</speed>
      </trkpt>
      <trkpt lat="24.765157" lon="103.0738729">
        <ele>1578.8958850885824</ele>
        <time>2026-04-26T08:26:26.842Z</time>
        <speed>28.54</speed>
      </trkpt>
      <trkpt lat="24.7648142" lon="103.0734618">
        <ele>1579.3249418497085</ele>
        <time>2026-04-26T08:26:28.843Z</time>
        <speed>28.35</speed>
      </trkpt>
      <trkpt lat="24.7644643" lon="103.0730598">
        <ele>1582.1318740503748</ele>
        <time>2026-04-26T08:26:30.842Z</time>
        <speed>27.99</speed>
      </trkpt>
      <trkpt lat="24.7641204" lon="103.0726607">
        <ele>1582.906922425212</ele>
        <time>2026-04-26T08:26:32.843Z</time>
        <speed>27.65</speed>
      </trkpt>
      <trkpt lat="24.7637756" lon="103.0722633">
        <ele>1584.7113104244672</ele>
        <time>2026-04-26T08:26:34.843Z</time>
        <speed>27.62</speed>
      </trkpt>
      <trkpt lat="24.7634302" lon="103.0718653">
        <ele>1586.8871160354713</ele>
        <time>2026-04-26T08:26:36.843Z</time>
        <speed>27.84</speed>
      </trkpt>
      <trkpt lat="24.7630841" lon="103.0714628">
        <ele>1586.976516097165</ele>
        <time>2026-04-26T08:26:38.843Z</time>
        <speed>27.97</speed>
      </trkpt>
      <trkpt lat="24.7623943" lon="103.0706472">
        <ele>1591.7234061924066</ele>
        <time>2026-04-26T08:26:42.843Z</time>
        <speed>27.94</speed>
      </trkpt>
      <trkpt lat="24.7617123" lon="103.0698555">
        <ele>1596.1816502699999</ele>
        <time>2026-04-26T08:26:46.842Z</time>
        <speed>27.19</speed>
      </trkpt>
      <trkpt lat="24.7610468" lon="103.0690705">
        <ele>1598.9126185333223</ele>
        <time>2026-04-26T08:26:50.842Z</time>
        <speed>27.34</speed>
      </trkpt>
      <trkpt lat="24.7603272" lon="103.0683419">
        <ele>1602.0256156593855</ele>
        <time>2026-04-26T08:26:54.843Z</time>
        <speed>27.24</speed>
      </trkpt>
      <trkpt lat="24.7595278" lon="103.0676773">
        <ele>1605.2825172541854</ele>
        <time>2026-04-26T08:26:58.842Z</time>
        <speed>27.79</speed>
      </trkpt>
      <trkpt lat="24.7586542" lon="103.0671118">
        <ele>1607.4737362174176</ele>
        <time>2026-04-26T08:27:02.842Z</time>
        <speed>27.94</speed>
      </trkpt>
      <trkpt lat="24.7577712" lon="103.0666471">
        <ele>1610.1506808380457</ele>
        <time>2026-04-26T08:27:06.843Z</time>
        <speed>27.05</speed>
      </trkpt>
      <trkpt lat="24.7568971" lon="103.0662263">
        <ele>1611.8610631536158</ele>
        <time>2026-04-26T08:27:10.842Z</time>
        <speed>26.35</speed>
      </trkpt>
      <trkpt lat="24.7560405" lon="103.0657792">
        <ele>1615.4513700883606</ele>
        <time>2026-04-26T08:27:14.842Z</time>
        <speed>26.47</speed>
      </trkpt>
      <trkpt lat="24.755219" lon="103.0652358">
        <ele>1619.610809949637</ele>
        <time>2026-04-26T08:27:18.842Z</time>
        <speed>26.32</speed>
      </trkpt>
      <trkpt lat="24.7544788" lon="103.0646354">
        <ele>1622.6166119401473</ele>
        <time>2026-04-26T08:27:22.843Z</time>
        <speed>25.28</speed>
      </trkpt>
      <trkpt lat="24.7538153" lon="103.0639946">
        <ele>1625.4907558918437</ele>
        <time>2026-04-26T08:27:26.842Z</time>
        <speed>24.19</speed>
      </trkpt>
      <trkpt lat="24.7532062" lon="103.0633154">
        <ele>1627.643661266133</ele>
        <time>2026-04-26T08:27:30.842Z</time>
        <speed>24.08</speed>
      </trkpt>
      <trkpt lat="24.7526675" lon="103.0626016">
        <ele>1630.8667016988159</ele>
        <time>2026-04-26T08:27:34.843Z</time>
        <speed>23.37</speed>
      </trkpt>
      <trkpt lat="24.7521327" lon="103.0618881">
        <ele>1632.073916016482</ele>
        <time>2026-04-26T08:27:38.842Z</time>
        <speed>23.34</speed>
      </trkpt>
      <trkpt lat="24.7500835" lon="103.0567615">
        <ele>1647.3604253504006</ele>
        <time>2026-04-26T08:27:59.842Z</time>
        <speed>27.8</speed>
      </trkpt>
      <trkpt lat="24.7496193" lon="103.0555396">
        <ele>1652.2070760962833</ele>
        <time>2026-04-26T08:28:04.842Z</time>
        <speed>27.39</speed>
      </trkpt>
      <trkpt lat="24.7492483" lon="103.0545586">
        <ele>1655.4388017389813</ele>
        <time>2026-04-26T08:28:08.843Z</time>
        <speed>26.62</speed>
      </trkpt>
      <trkpt lat="24.7490625" lon="103.0540778">
        <ele>1657.162196081552</ele>
        <time>2026-04-26T08:28:10.843Z</time>
        <speed>26.19</speed>
      </trkpt>
      <trkpt lat="24.7486245" lon="103.0529022">
        <ele>1658.9840440590854</ele>
        <time>2026-04-26T08:28:15.842Z</time>
        <speed>25.37</speed>
      </trkpt>
      <trkpt lat="24.7482805" lon="103.0519616">
        <ele>1663.0914531046265</ele>
        <time>2026-04-26T08:28:19.842Z</time>
        <speed>25.65</speed>
      </trkpt>
      <trkpt lat="24.7479255" lon="103.0510306">
        <ele>1666.1824757235563</ele>
        <time>2026-04-26T08:28:23.843Z</time>
        <speed>25.45</speed>
      </trkpt>
      <trkpt lat="24.7475802" lon="103.0501073">
        <ele>1669.7802285543225</ele>
        <time>2026-04-26T08:28:27.842Z</time>
        <speed>25.14</speed>
      </trkpt>
      <trkpt lat="24.7442774" lon="103.0413658">
        <ele>1695.011912562487</ele>
        <time>2026-04-26T08:29:06.840Z</time>
        <speed>24.49</speed>
      </trkpt>
      <trkpt lat="24.743858" lon="103.040273">
        <ele>1697.6936953579977</ele>
        <time>2026-04-26T08:29:11.842Z</time>
        <speed>23.1</speed>
      </trkpt>
      <trkpt lat="24.7369265" lon="103.0223491">
        <ele>1749.4303739955808</ele>
        <time>2026-04-26T08:31:06.842Z</time>
        <speed>21.3</speed>
      </trkpt>
      <trkpt lat="24.7364906" lon="103.0213663">
        <ele>1754.0497329274756</ele>
        <time>2026-04-26T08:31:11.842Z</time>
        <speed>23.66</speed>
      </trkpt>
      <trkpt lat="24.7360804" lon="103.0205528">
        <ele>1758.9563685340431</ele>
        <time>2026-04-26T08:31:15.842Z</time>
        <speed>22.85</speed>
      </trkpt>
      <trkpt lat="24.7356646" lon="103.0197944">
        <ele>1760.3943955652228</ele>
        <time>2026-04-26T08:31:19.842Z</time>
        <speed>21.85</speed>
      </trkpt>
      <trkpt lat="24.7352519" lon="103.0190435">
        <ele>1762.292966457315</ele>
        <time>2026-04-26T08:31:23.843Z</time>
        <speed>22.11</speed>
      </trkpt>
      <trkpt lat="24.7205077" lon="103.006485">
        <ele>1821.1547695812362</ele>
        <time>2026-04-26T08:32:46.842Z</time>
        <speed>26.19</speed>
      </trkpt>
      <trkpt lat="24.7194277" lon="103.0059237">
        <ele>1824.634285775963</ele>
        <time>2026-04-26T08:32:51.843Z</time>
        <speed>27.13</speed>
      </trkpt>
      <trkpt lat="24.7185138" lon="103.0055001">
        <ele>1828.691581143564</ele>
        <time>2026-04-26T08:32:55.842Z</time>
        <speed>28.06</speed>
      </trkpt>
      <trkpt lat="24.7175657" lon="103.0050052">
        <ele>1832.860730467218</ele>
        <time>2026-04-26T08:32:59.843Z</time>
        <speed>28.8</speed>
      </trkpt>
      <trkpt lat="24.71661" lon="103.0045196">
        <ele>1837.1595511993212</ele>
        <time>2026-04-26T08:33:03.843Z</time>
        <speed>29.71</speed>
      </trkpt>
      <trkpt lat="24.715606" lon="103.004088">
        <ele>1840.148922942276</ele>
        <time>2026-04-26T08:33:07.842Z</time>
        <speed>29.98</speed>
      </trkpt>
      <trkpt lat="24.714633" lon="103.003584">
        <ele>1843.8954043954031</ele>
        <time>2026-04-26T08:33:11.842Z</time>
        <speed>29.9</speed>
      </trkpt>
      <trkpt lat="24.7136559" lon="103.0031257">
        <ele>1846.110849261424</ele>
        <time>2026-04-26T08:33:15.841Z</time>
        <speed>28.71</speed>
      </trkpt>
      <trkpt lat="24.712746" lon="103.002678">
        <ele>1849.6426850294001</ele>
        <time>2026-04-26T08:33:19.842Z</time>
        <speed>27.64</speed>
      </trkpt>
      <trkpt lat="24.7118073" lon="103.0022076">
        <ele>1852.266602770991</ele>
        <time>2026-04-26T08:33:23.842Z</time>
        <speed>27.48</speed>
      </trkpt>
      <trkpt lat="24.7109859" lon="103.0017827">
        <ele>1853.7388694193558</ele>
        <time>2026-04-26T08:33:27.843Z</time>
        <speed>27.4</speed>
      </trkpt>
      <trkpt lat="24.7101144" lon="103.001122">
        <ele>1857.40992547109</ele>
        <time>2026-04-26T08:33:31.843Z</time>
        <speed>27.39</speed>
      </trkpt>
      <trkpt lat="24.7093221" lon="103.0004984">
        <ele>1859.246687965152</ele>
        <time>2026-04-26T08:33:35.842Z</time>
        <speed>27.7</speed>
      </trkpt>
      <trkpt lat="24.7086702" lon="102.9996975">
        <ele>1862.4500792015522</ele>
        <time>2026-04-26T08:33:39.842Z</time>
        <speed>27.65</speed>
      </trkpt>
      <trkpt lat="24.7080107" lon="102.9988928">
        <ele>1865.0699138435098</ele>
        <time>2026-04-26T08:33:43.842Z</time>
        <speed>27.31</speed>
      </trkpt>
      <trkpt lat="24.7074734" lon="102.997936">
        <ele>1867.6524471608284</ele>
        <time>2026-04-26T08:33:47.842Z</time>
        <speed>27.51</speed>
      </trkpt>
      <trkpt lat="24.7070575" lon="102.9969586">
        <ele>1871.2650064959325</ele>
        <time>2026-04-26T08:33:51.842Z</time>
        <speed>27.54</speed>
      </trkpt>
      <trkpt lat="24.7066675" lon="102.9959775">
        <ele>1874.7843037380458</ele>
        <time>2026-04-26T08:33:55.842Z</time>
        <speed>27.48</speed>
      </trkpt>
      <trkpt lat="24.7063134" lon="102.99492">
        <ele>1876.8929401387688</ele>
        <time>2026-04-26T08:33:59.842Z</time>
        <speed>27.97</speed>
      </trkpt>
      <trkpt lat="24.7059424" lon="102.9938844">
        <ele>1880.6823782022093</ele>
        <time>2026-04-26T08:34:03.842Z</time>
        <speed>27.68</speed>
      </trkpt>
      <trkpt lat="24.7055595" lon="102.992837">
        <ele>1882.9813217804883</ele>
        <time>2026-04-26T08:34:07.842Z</time>
        <speed>28.0</speed>
      </trkpt>
      <trkpt lat="24.7051948" lon="102.9918234">
        <ele>1885.3451577523506</ele>
        <time>2026-04-26T08:34:11.842Z</time>
        <speed>28.36</speed>
      </trkpt>
      <trkpt lat="24.7048215" lon="102.9907999">
        <ele>1889.428624677548</ele>
        <time>2026-04-26T08:34:15.843Z</time>
        <speed>27.93</speed>
      </trkpt>
      <trkpt lat="24.7044142" lon="102.9897692">
        <ele>1891.3882147593968</ele>
        <time>2026-04-26T08:34:19.843Z</time>
        <speed>26.79</speed>
      </trkpt>
      <trkpt lat="24.7040525" lon="102.9888457">
        <ele>1893.4925233701513</ele>
        <time>2026-04-26T08:34:23.843Z</time>
        <speed>25.94</speed>
      </trkpt>
      <trkpt lat="24.7036394" lon="102.9879284">
        <ele>1894.2573545842858</ele>
        <time>2026-04-26T08:34:27.843Z</time>
        <speed>26.42</speed>
      </trkpt>
      <trkpt lat="24.7032219" lon="102.9870382">
        <ele>1894.6079581750157</ele>
        <time>2026-04-26T08:34:31.842Z</time>
        <speed>25.0</speed>
      </trkpt>
      <trkpt lat="24.702753" lon="102.9862024">
        <ele>1893.9385288285662</ele>
        <time>2026-04-26T08:34:35.843Z</time>
        <speed>24.32</speed>
      </trkpt>
      <trkpt lat="24.7022288" lon="102.9852122">
        <ele>1891.2767677506588</ele>
        <time>2026-04-26T08:34:40.843Z</time>
        <speed>23.08</speed>
      </trkpt>
      <trkpt lat="24.6906398" lon="102.9565061">
        <ele>1808.9489291219443</ele>
        <time>2026-04-26T08:36:30.843Z</time>
      </trkpt>
      <trkpt lat="24.6903171" lon="102.9551767">
        <ele>1804.273111464302</ele>
        <time>2026-04-26T08:36:35.843Z</time>
        <speed>29.69</speed>
      </trkpt>
      <trkpt lat="24.6899833" lon="102.9540529">
        <ele>1801.0142293602728</ele>
        <time>2026-04-26T08:36:39.843Z</time>
        <speed>29.99</speed>
      </trkpt>
      <trkpt lat="24.6896348" lon="102.9529321">
        <ele>1798.2123948556339</ele>
        <time>2026-04-26T08:36:43.842Z</time>
        <speed>30.32</speed>
      </trkpt>
      <trkpt lat="24.6892887" lon="102.9518384">
        <ele>1793.6217086716829</ele>
        <time>2026-04-26T08:36:47.843Z</time>
        <speed>28.79</speed>
      </trkpt>
      <trkpt lat="24.6891146" lon="102.9513236">
        <ele>1791.0026411080128</ele>
        <time>2026-04-26T08:36:49.842Z</time>
        <speed>27.45</speed>
      </trkpt>
      <trkpt lat="24.6889436" lon="102.9508442">
        <ele>1789.2247043839143</ele>
        <time>2026-04-26T08:36:51.842Z</time>
        <speed>25.83</speed>
      </trkpt>
      <trkpt lat="24.688763" lon="102.9503705">
        <ele>1787.3049504057565</ele>
        <time>2026-04-26T08:36:53.843Z</time>
        <speed>25.94</speed>
      </trkpt>
      <trkpt lat="24.6885716" lon="102.949901">
        <ele>1784.85850021814</ele>
        <time>2026-04-26T08:36:55.843Z</time>
        <speed>25.78</speed>
      </trkpt>
      <trkpt lat="24.688376" lon="102.949458">
        <ele>1783.8027627304564</ele>
        <time>2026-04-26T08:36:57.843Z</time>
        <speed>23.91</speed>
      </trkpt>
      <trkpt lat="24.6882184" lon="102.9490583">
        <ele>1783.7598621876512</ele>
        <time>2026-04-26T08:36:59.843Z</time>
        <speed>21.45</speed>
      </trkpt>
      <trkpt lat="24.6880607" lon="102.9486731">
        <ele>1782.7710885298275</ele>
        <time>2026-04-26T08:37:01.842Z</time>
        <speed>21.17</speed>
      </trkpt>
      <trkpt lat="24.6879133" lon="102.9483077">
        <ele>1780.2683588782309</ele>
        <time>2026-04-26T08:37:03.843Z</time>
        <speed>19.23</speed>
      </trkpt>
      <trkpt lat="24.6877804" lon="102.9479737">
        <ele>1780.492277609856</ele>
        <time>2026-04-26T08:37:05.842Z</time>
        <speed>18.09</speed>
      </trkpt>
      <trkpt lat="24.687662" lon="102.9476566">
        <ele>1781.053530589975</ele>
        <time>2026-04-26T08:37:07.842Z</time>
        <speed>16.38</speed>
      </trkpt>
      <trkpt lat="24.6875811" lon="102.9473622">
        <ele>1780.633903299774</ele>
        <time>2026-04-26T08:37:09.842Z</time>
        <speed>15.08</speed>
      </trkpt>
      <trkpt lat="24.6875472" lon="102.9470815">
        <ele>1780.2465716391039</ele>
        <time>2026-04-26T08:37:11.843Z</time>
        <speed>14.09</speed>
      </trkpt>
      <trkpt lat="24.6875751" lon="102.9468082">
        <ele>1779.472056078199</ele>
        <time>2026-04-26T08:37:13.843Z</time>
        <speed>14.01</speed>
      </trkpt>
      <trkpt lat="24.6876662" lon="102.9465534">
        <ele>1779.6253881819896</ele>
        <time>2026-04-26T08:37:15.842Z</time>
        <speed>13.89</speed>
      </trkpt>
      <trkpt lat="24.6877892" lon="102.9463099">
        <ele>1779.021134387484</ele>
        <time>2026-04-26T08:37:17.842Z</time>
        <speed>14.51</speed>
      </trkpt>
      <trkpt lat="24.6879188" lon="102.9460508">
        <ele>1778.4085067655456</ele>
        <time>2026-04-26T08:37:19.842Z</time>
        <speed>15.17</speed>
      </trkpt>
      <trkpt lat="24.6880207" lon="102.9457952">
        <ele>1778.1044601393908</ele>
        <time>2026-04-26T08:37:21.843Z</time>
        <speed>13.29</speed>
      </trkpt>
      <trkpt lat="24.6880567" lon="102.9455661">
        <ele>1777.4021973577926</ele>
        <time>2026-04-26T08:37:23.842Z</time>
        <speed>10.97</speed>
      </trkpt>
      <trkpt lat="24.6880331" lon="102.9453566">
        <ele>1776.7172560545123</ele>
        <time>2026-04-26T08:37:25.842Z</time>
        <speed>10.85</speed>
      </trkpt>
      <trkpt lat="24.6879421" lon="102.9451605">
        <ele>1775.2332257594112</ele>
        <time>2026-04-26T08:37:27.842Z</time>
        <speed>11.22</speed>
      </trkpt>
      <trkpt lat="24.6877975" lon="102.9449945">
        <ele>1773.6549481638976</ele>
        <time>2026-04-26T08:37:29.841Z</time>
        <speed>11.63</speed>
      </trkpt>
      <trkpt lat="24.6876007" lon="102.9448821">
        <ele>1774.116122002248</ele>
        <time>2026-04-26T08:37:31.840Z</time>
        <speed>13.02</speed>
      </trkpt>
      <trkpt lat="24.6873715" lon="102.9448218">
        <ele>1773.6236089997415</ele>
        <time>2026-04-26T08:37:33.842Z</time>
        <speed>14.02</speed>
      </trkpt>
      <trkpt lat="24.6871123" lon="102.9448165">
        <ele>1773.0155142343688</ele>
        <time>2026-04-26T08:37:35.842Z</time>
        <speed>14.83</speed>
      </trkpt>
      <trkpt lat="24.6868243" lon="102.9448473">
        <ele>1773.0832006745327</ele>
        <time>2026-04-26T08:37:37.843Z</time>
        <speed>16.53</speed>
      </trkpt>
      <trkpt lat="24.6865296" lon="102.9449051">
        <ele>1772.7589170492834</ele>
        <time>2026-04-26T08:37:39.842Z</time>
        <speed>16.84</speed>
      </trkpt>
      <trkpt lat="24.6862352" lon="102.9449874">
        <ele>1772.6827711271087</ele>
        <time>2026-04-26T08:37:41.842Z</time>
        <speed>17.32</speed>
      </trkpt>
      <trkpt lat="24.6859408" lon="102.9451605">
        <ele>1772.0320176575917</ele>
        <time>2026-04-26T08:37:43.843Z</time>
        <speed>18.32</speed>
      </trkpt>
      <trkpt lat="24.6856278" lon="102.9453163">
        <ele>1770.9259878956734</ele>
        <time>2026-04-26T08:37:45.843Z</time>
        <speed>19.19</speed>
      </trkpt>
      <trkpt lat="24.6853054" lon="102.9454594">
        <ele>1770.3952093384478</ele>
        <time>2026-04-26T08:37:47.842Z</time>
        <speed>19.7</speed>
      </trkpt>
      <trkpt lat="24.6849826" lon="102.9455576">
        <ele>1768.4679365937197</ele>
        <time>2026-04-26T08:37:49.842Z</time>
        <speed>18.41</speed>
      </trkpt>
      <trkpt lat="24.6846437" lon="102.9455889">
        <ele>1767.49041135779</ele>
        <time>2026-04-26T08:37:51.843Z</time>
        <speed>19.11</speed>
      </trkpt>
      <trkpt lat="24.6842934" lon="102.9455683">
        <ele>1766.1896874635074</ele>
        <time>2026-04-26T08:37:53.842Z</time>
        <speed>19.58</speed>
      </trkpt>
      <trkpt lat="24.68395" lon="102.9454787">
        <ele>1765.1843703843394</ele>
        <time>2026-04-26T08:37:55.842Z</time>
        <speed>19.52</speed>
      </trkpt>
      <trkpt lat="24.6836317" lon="102.9453317">
        <ele>1764.9034598274836</ele>
        <time>2026-04-26T08:37:57.842Z</time>
        <speed>18.85</speed>
      </trkpt>
      <trkpt lat="24.6833615" lon="102.9451307">
        <ele>1762.9368023492689</ele>
        <time>2026-04-26T08:37:59.843Z</time>
        <speed>17.43</speed>
      </trkpt>
      <trkpt lat="24.6831505" lon="102.9449057">
        <ele>1761.0952585972339</ele>
        <time>2026-04-26T08:38:01.843Z</time>
        <speed>15.62</speed>
      </trkpt>
      <trkpt lat="24.6829825" lon="102.9446691">
        <ele>1759.5654413291393</ele>
        <time>2026-04-26T08:38:03.843Z</time>
        <speed>14.5</speed>
      </trkpt>
      <trkpt lat="24.6828308" lon="102.9444405">
        <ele>1757.1939492809513</ele>
        <time>2026-04-26T08:38:05.842Z</time>
        <speed>13.72</speed>
      </trkpt>
      <trkpt lat="24.6827055" lon="102.9442136">
        <ele>1755.8525564778847</ele>
        <time>2026-04-26T08:38:07.842Z</time>
        <speed>13.76</speed>
      </trkpt>
      <trkpt lat="24.6825968" lon="102.9440222">
        <ele>1754.8903865794853</ele>
        <time>2026-04-26T08:38:09.842Z</time>
        <speed>11.46</speed>
      </trkpt>
      <trkpt lat="24.6825127" lon="102.9438475">
        <ele>1753.66415761139</ele>
        <time>2026-04-26T08:38:11.842Z</time>
        <speed>9.38</speed>
      </trkpt>
      <trkpt lat="24.6824433" lon="102.9436864">
        <ele>1752.9866222369774</ele>
        <time>2026-04-26T08:38:13.842Z</time>
        <speed>8.25</speed>
      </trkpt>
      <trkpt lat="24.6823876" lon="102.9435454">
        <ele>1752.445211397593</ele>
        <time>2026-04-26T08:38:15.842Z</time>
        <speed>6.9</speed>
      </trkpt>
      <trkpt lat="24.6823382" lon="102.9434267">
        <ele>1751.967755678707</ele>
        <time>2026-04-26T08:38:17.843Z</time>
        <speed>6.13</speed>
      </trkpt>
      <trkpt lat="24.6822937" lon="102.9433191">
        <ele>1751.361604801502</ele>
        <time>2026-04-26T08:38:19.843Z</time>
        <speed>5.79</speed>
      </trkpt>
      <trkpt lat="24.6822463" lon="102.9432077">
        <ele>1751.1963039120446</ele>
        <time>2026-04-26T08:38:21.842Z</time>
        <speed>6.37</speed>
      </trkpt>
      <trkpt lat="24.6822011" lon="102.943093">
        <ele>1751.0646996414125</ele>
        <time>2026-04-26T08:38:23.842Z</time>
        <speed>6.38</speed>
      </trkpt>
      <trkpt lat="24.6821605" lon="102.9429521">
        <ele>1751.197023679487</ele>
        <time>2026-04-26T08:38:25.842Z</time>
        <speed>7.24</speed>
      </trkpt>
      <trkpt lat="24.6821106" lon="102.9428009">
        <ele>1751.2089675475659</ele>
        <time>2026-04-26T08:38:27.842Z</time>
        <speed>8.36</speed>
      </trkpt>
      <trkpt lat="24.6820745" lon="102.9426617">
        <ele>1751.0830990432555</ele>
        <time>2026-04-26T08:38:29.842Z</time>
        <speed>7.51</speed>
      </trkpt>
      <trkpt lat="24.682061" lon="102.9425486">
        <ele>1751.0567181754607</ele>
        <time>2026-04-26T08:38:31.843Z</time>
        <speed>6.41</speed>
      </trkpt>
      <trkpt lat="24.6820557" lon="102.9424404">
        <ele>1750.5121713338433</ele>
        <time>2026-04-26T08:38:33.842Z</time>
        <speed>4.79</speed>
      </trkpt>
      <trkpt lat="24.6820515" lon="102.942378">
        <ele>1750.1068843890735</ele>
        <time>2026-04-26T08:38:35.843Z</time>
        <speed>3.35</speed>
      </trkpt>
      <trkpt lat="24.6820463" lon="102.942339">
        <ele>1750.2573070500468</ele>
        <time>2026-04-26T08:38:37.842Z</time>
        <speed>1.82</speed>
      </trkpt>
      <trkpt lat="24.68202" lon="102.9423006">
        <ele>1749.7995354170034</ele>
        <time>2026-04-26T08:38:41.842Z</time>
        <speed>1.48</speed>
      </trkpt>
      <trkpt lat="24.6820405" lon="102.9422761">
        <ele>1749.8898873276112</ele>
        <time>2026-04-26T08:39:41.842Z</time>
        <speed>0.33</speed>
      </trkpt>
      <trkpt lat="24.6820726" lon="102.9423224">
        <ele>1749.726480314384</ele>
        <time>2026-04-26T08:39:50.842Z</time>
        <speed>0.45</speed>
      </trkpt>
      <trkpt lat="24.6820598" lon="102.942296">
        <ele>1752.3331608016185</ele>
        <time>2026-04-26T08:42:07.843Z</time>
        <speed>0.0</speed>
      </trkpt>
      <trkpt lat="24.6820544" lon="102.9422649">
        <ele>1756.3847427868175</ele>
        <time>2026-04-26T08:46:56.842Z</time>
        <speed>0.15</speed>
      </trkpt>
      <trkpt lat="24.6811811" lon="102.9413163">
        <ele>1757.7717906900543</ele>
        <time>2026-04-26T08:49:09.842Z</time>
        <speed>10.29</speed>
      </trkpt>
      <trkpt lat="24.6808752" lon="102.9411587">
        <ele>1756.5828644956343</ele>
        <time>2026-04-26T08:49:13.817Z</time>
        <speed>9.49</speed>
      </trkpt>
      <trkpt lat="24.6805736" lon="102.9409937">
        <ele>1756.298980768758</ele>
        <time>2026-04-26T08:49:17.811Z</time>
        <speed>9.59</speed>
      </trkpt>
      <trkpt lat="24.6804336" lon="102.9408979">
        <ele>1755.4515120751141</ele>
        <time>2026-04-26T08:49:19.812Z</time>
        <speed>8.8</speed>
      </trkpt>
      <trkpt lat="24.6802019" lon="102.9405118">
        <ele>1754.8689047835414</ele>
        <time>2026-04-26T08:49:24.817Z</time>
        <speed>10.49</speed>
      </trkpt>
      <trkpt lat="24.6800645" lon="102.9400627">
        <ele>1754.6523316690968</ele>
        <time>2026-04-26T08:49:28.815Z</time>
        <speed>12.3</speed>
      </trkpt>
      <trkpt lat="24.6798777" lon="102.9394939">
        <ele>1754.4030731091405</ele>
        <time>2026-04-26T08:49:32.816Z</time>
        <speed>14.16</speed>
      </trkpt>
      <trkpt lat="24.6796807" lon="102.9389278">
        <ele>1754.670885416578</ele>
        <time>2026-04-26T08:49:36.815Z</time>
        <speed>14.26</speed>
      </trkpt>
      <trkpt lat="24.6794679" lon="102.9383305">
        <ele>1753.8725107803268</ele>
        <time>2026-04-26T08:49:40.815Z</time>
        <speed>15.1</speed>
      </trkpt>
      <trkpt lat="24.6792626" lon="102.9377093">
        <ele>1753.8141376837702</ele>
        <time>2026-04-26T08:49:44.817Z</time>
        <speed>15.27</speed>
      </trkpt>
      <trkpt lat="24.6790538" lon="102.9370909">
        <ele>1753.2038500329577</ele>
        <time>2026-04-26T08:49:48.810Z</time>
        <speed>16.27</speed>
      </trkpt>
      <trkpt lat="24.6789601" lon="102.9368125">
        <ele>1751.8133293292483</ele>
        <time>2026-04-26T08:49:50.814Z</time>
        <speed>13.92</speed>
      </trkpt>
      <trkpt lat="24.678873" lon="102.9365817">
        <ele>1751.3860236415019</ele>
        <time>2026-04-26T08:49:52.813Z</time>
        <speed>11.88</speed>
      </trkpt>
      <trkpt lat="24.6787998" lon="102.9363616">
        <ele>1750.911431770413</ele>
        <time>2026-04-26T08:49:54.813Z</time>
        <speed>11.89</speed>
      </trkpt>
      <trkpt lat="24.6787253" lon="102.9361319">
        <ele>1749.9911512598085</ele>
        <time>2026-04-26T08:49:56.814Z</time>
        <speed>12.64</speed>
      </trkpt>
      <trkpt lat="24.6786356" lon="102.9358953">
        <ele>1749.6883576927626</ele>
        <time>2026-04-26T08:49:58.813Z</time>
        <speed>13.27</speed>
      </trkpt>
      <trkpt lat="24.678536" lon="102.9356438">
        <ele>1749.833117902388</ele>
        <time>2026-04-26T08:50:00.813Z</time>
        <speed>14.14</speed>
      </trkpt>
      <trkpt lat="24.6784394" lon="102.9353818">
        <ele>1749.9630168585966</ele>
        <time>2026-04-26T08:50:02.814Z</time>
        <speed>14.65</speed>
      </trkpt>
      <trkpt lat="24.678338" lon="102.9351087">
        <ele>1749.7925432274915</ele>
        <time>2026-04-26T08:50:04.813Z</time>
        <speed>15.12</speed>
      </trkpt>
      <trkpt lat="24.6782337" lon="102.9348398">
        <ele>1749.6736168523646</ele>
        <time>2026-04-26T08:50:06.814Z</time>
        <speed>14.41</speed>
      </trkpt>
      <trkpt lat="24.6781596" lon="102.9346121">
        <ele>1749.331917569651</ele>
        <time>2026-04-26T08:50:08.813Z</time>
        <speed>10.81</speed>
      </trkpt>
      <trkpt lat="24.6780816" lon="102.934499">
        <ele>1748.9764366501904</ele>
        <time>2026-04-26T08:50:10.814Z</time>
        <speed>5.53</speed>
      </trkpt>
      <trkpt lat="24.6780374" lon="102.934462">
        <ele>1748.424655255076</ele>
        <time>2026-04-26T08:50:12.813Z</time>
        <speed>1.94</speed>
      </trkpt>
      <trkpt lat="24.6779953" lon="102.9344925">
        <ele>1747.279246512553</ele>
        <time>2026-04-26T08:50:14.813Z</time>
        <speed>3.68</speed>
      </trkpt>
      <trkpt lat="24.6779897" lon="102.9345424">
        <ele>1746.641600048659</ele>
        <time>2026-04-26T08:50:18.814Z</time>
        <speed>3.09</speed>
      </trkpt>
      <trkpt lat="24.6780422" lon="102.934634">
        <ele>1746.7311462355751</ele>
        <time>2026-04-26T08:50:20.814Z</time>
        <speed>6.88</speed>
      </trkpt>
      <trkpt lat="24.6781044" lon="102.9347867">
        <ele>1746.8951020299794</ele>
        <time>2026-04-26T08:50:22.813Z</time>
        <speed>9.85</speed>
      </trkpt>
      <trkpt lat="24.6782624" lon="102.935201">
        <ele>1747.496047178804</ele>
        <time>2026-04-26T08:50:26.813Z</time>
        <speed>12.49</speed>
      </trkpt>
      <trkpt lat="24.678339" lon="102.9354363">
        <ele>1748.4818238021683</ele>
        <time>2026-04-26T08:50:28.814Z</time>
        <speed>13.13</speed>
      </trkpt>
      <trkpt lat="24.6784178" lon="102.9356695">
        <ele>1748.041842634538</ele>
        <time>2026-04-26T08:50:30.813Z</time>
        <speed>12.38</speed>
      </trkpt>
      <trkpt lat="24.6784893" lon="102.9358884">
        <ele>1748.2390708220505</ele>
        <time>2026-04-26T08:50:32.814Z</time>
        <speed>12.07</speed>
      </trkpt>
      <trkpt lat="24.6785633" lon="102.9360912">
        <ele>1748.2076145021567</ele>
        <time>2026-04-26T08:50:34.814Z</time>
        <speed>11.37</speed>
      </trkpt>
      <trkpt lat="24.6786337" lon="102.936294">
        <ele>1748.4323129091542</ele>
        <time>2026-04-26T08:50:36.814Z</time>
        <speed>10.61</speed>
      </trkpt>
      <trkpt lat="24.6787506" lon="102.9366508">
        <ele>1748.6326084428654</ele>
        <time>2026-04-26T08:50:40.814Z</time>
        <speed>8.37</speed>
      </trkpt>
      <trkpt lat="24.6787948" lon="102.9367972">
        <ele>1748.6417672943912</ele>
        <time>2026-04-26T08:50:42.813Z</time>
        <speed>7.24</speed>
      </trkpt>
      <trkpt lat="24.6788242" lon="102.9369342">
        <ele>1748.7208338111702</ele>
        <time>2026-04-26T08:50:44.813Z</time>
        <speed>7.28</speed>
      </trkpt>
      <trkpt lat="24.6787556" lon="102.9371387">
        <ele>1748.97864785974</ele>
        <time>2026-04-26T08:50:48.813Z</time>
        <speed>6.14</speed>
      </trkpt>
      <trkpt lat="24.6766517" lon="102.9374251">
        <ele>1750.9317545540832</ele>
        <time>2026-04-26T08:51:06.814Z</time>
        <speed>17.67</speed>
      </trkpt>
      <trkpt lat="24.6752465" lon="102.9371942">
        <ele>1750.925618183348</ele>
        <time>2026-04-26T08:51:14.813Z</time>
        <speed>21.23</speed>
      </trkpt>
      <trkpt lat="24.6748626" lon="102.9371222">
        <ele>1750.1208522065083</ele>
        <time>2026-04-26T08:51:16.814Z</time>
        <speed>21.79</speed>
      </trkpt>
      <trkpt lat="24.6744693" lon="102.9370509">
        <ele>1749.9099752265063</ele>
        <time>2026-04-26T08:51:18.814Z</time>
        <speed>22.29</speed>
      </trkpt>
      <trkpt lat="24.6740679" lon="102.9369779">
        <ele>1749.4047590231014</ele>
        <time>2026-04-26T08:51:20.814Z</time>
        <speed>22.73</speed>
      </trkpt>
      <trkpt lat="24.673669" lon="102.9369054">
        <ele>1748.8865837551466</ele>
        <time>2026-04-26T08:51:22.814Z</time>
        <speed>22.15</speed>
      </trkpt>
      <trkpt lat="24.6732734" lon="102.9368325">
        <ele>1748.4049498717086</ele>
        <time>2026-04-26T08:51:24.813Z</time>
        <speed>22.14</speed>
      </trkpt>
      <trkpt lat="24.6728846" lon="102.9367597">
        <ele>1747.65217342937</ele>
        <time>2026-04-26T08:51:26.813Z</time>
        <speed>21.79</speed>
      </trkpt>
      <trkpt lat="24.6725041" lon="102.9366891">
        <ele>1747.1912666936475</ele>
        <time>2026-04-26T08:51:28.813Z</time>
        <speed>20.92</speed>
      </trkpt>
      <trkpt lat="24.6721398" lon="102.9366248">
        <ele>1745.960197444491</ele>
        <time>2026-04-26T08:51:30.814Z</time>
        <speed>20.18</speed>
      </trkpt>
      <trkpt lat="24.6714617" lon="102.9365052">
        <ele>1744.141218547756</ele>
        <time>2026-04-26T08:51:34.813Z</time>
        <speed>17.78</speed>
      </trkpt>
      <trkpt lat="24.6711493" lon="102.9364461">
        <ele>1742.8345774265558</ele>
        <time>2026-04-26T08:51:36.813Z</time>
        <speed>17.19</speed>
      </trkpt>
      <trkpt lat="24.6708514" lon="102.9363907">
        <ele>1742.0080315680743</ele>
        <time>2026-04-26T08:51:38.813Z</time>
        <speed>16.15</speed>
      </trkpt>
      <trkpt lat="24.6705749" lon="102.936339">
        <ele>1741.7590640927626</ele>
        <time>2026-04-26T08:51:40.813Z</time>
        <speed>15.08</speed>
      </trkpt>
      <trkpt lat="24.670308" lon="102.9362858">
        <ele>1741.0257645469458</ele>
        <time>2026-04-26T08:51:42.813Z</time>
        <speed>14.79</speed>
      </trkpt>
      <trkpt lat="24.6700622" lon="102.9362339">
        <ele>1740.9329088676188</ele>
        <time>2026-04-26T08:51:44.814Z</time>
        <speed>13.03</speed>
      </trkpt>
      <trkpt lat="24.6698521" lon="102.9361849">
        <ele>1740.5777590341188</ele>
        <time>2026-04-26T08:51:46.814Z</time>
        <speed>11.31</speed>
      </trkpt>
      <trkpt lat="24.6685963" lon="102.9357984">
        <ele>1738.785342101383</ele>
        <time>2026-04-26T08:51:56.843Z</time>
        <speed>17.19</speed>
      </trkpt>
      <trkpt lat="24.6678088" lon="102.9355168">
        <ele>1738.8786942555569</ele>
        <time>2026-04-26T08:52:01.840Z</time>
        <speed>19.2</speed>
      </trkpt>
      <trkpt lat="24.6672895" lon="102.9353416">
        <ele>1739.272724310701</ele>
        <time>2026-04-26T08:52:04.842Z</time>
        <speed>20.25</speed>
      </trkpt>
      <trkpt lat="24.6663964" lon="102.9350347">
        <ele>1738.14001775724</ele>
        <time>2026-04-26T08:52:09.843Z</time>
        <speed>20.8</speed>
      </trkpt>
      <trkpt lat="24.6658556" lon="102.9348369">
        <ele>1737.8113016771058</ele>
        <time>2026-04-26T08:52:12.841Z</time>
        <speed>21.24</speed>
      </trkpt>
      <trkpt lat="24.6649431" lon="102.9345099">
        <ele>1737.4990861584158</ele>
        <time>2026-04-26T08:52:17.843Z</time>
        <speed>21.4</speed>
      </trkpt>
      <trkpt lat="24.6643976" lon="102.9343285">
        <ele>1736.6838464357843</ele>
        <time>2026-04-26T08:52:20.841Z</time>
        <speed>20.55</speed>
      </trkpt>
      <trkpt lat="24.6635154" lon="102.9340279">
        <ele>1734.6405074065367</ele>
        <time>2026-04-26T08:52:25.843Z</time>
        <speed>20.38</speed>
      </trkpt>
      <trkpt lat="24.6629959" lon="102.9338387">
        <ele>1734.0733694574014</ele>
        <time>2026-04-26T08:52:28.842Z</time>
        <speed>20.11</speed>
      </trkpt>
      <trkpt lat="24.6616474" lon="102.9333424">
        <ele>1732.8425975025439</ele>
        <time>2026-04-26T08:52:36.840Z</time>
        <speed>18.82</speed>
      </trkpt>
      <trkpt lat="24.6609703" lon="102.9330988">
        <ele>1731.6464681344273</ele>
        <time>2026-04-26T08:52:41.842Z</time>
        <speed>13.41</speed>
      </trkpt>
      <trkpt lat="24.6605647" lon="102.9329398">
        <ele>1726.3443206323616</ele>
        <time>2026-04-26T08:52:56.843Z</time>
        <speed>0.0</speed>
      </trkpt>
      <trkpt lat="24.6598695" lon="102.9326985">
        <ele>1726.7679882793188</ele>
        <time>2026-04-26T08:53:12.843Z</time>
        <speed>13.27</speed>
      </trkpt>
      <trkpt lat="24.6594031" lon="102.9325565">
        <ele>1727.0191152058792</ele>
        <time>2026-04-26T08:53:16.813Z</time>
        <speed>13.68</speed>
      </trkpt>
      <trkpt lat="24.6588733" lon="102.932389">
        <ele>1727.1242801328112</ele>
        <time>2026-04-26T08:53:20.814Z</time>
        <speed>16.59</speed>
      </trkpt>
      <trkpt lat="24.6561483" lon="102.9314428">
        <ele>1727.561254725762</ele>
        <time>2026-04-26T08:53:36.839Z</time>
        <speed>21.21</speed>
      </trkpt>
      <trkpt lat="24.6554169" lon="102.9311687">
        <ele>1727.0546109679467</ele>
        <time>2026-04-26T08:53:40.842Z</time>
        <speed>21.84</speed>
      </trkpt>
      <trkpt lat="24.6546546" lon="102.9309129">
        <ele>1726.59485363491</ele>
        <time>2026-04-26T08:53:44.841Z</time>
        <speed>22.34</speed>
      </trkpt>
      <trkpt lat="24.6538825" lon="102.9306301">
        <ele>1726.0232708798173</ele>
        <time>2026-04-26T08:53:48.839Z</time>
        <speed>22.45</speed>
      </trkpt>
      <trkpt lat="24.6531143" lon="102.930358">
        <ele>1725.499673226775</ele>
        <time>2026-04-26T08:53:52.840Z</time>
        <speed>22.18</speed>
      </trkpt>
      <trkpt lat="24.6523366" lon="102.9300886">
        <ele>1724.7819354621636</ele>
        <time>2026-04-26T08:53:56.838Z</time>
        <speed>22.51</speed>
      </trkpt>
      <trkpt lat="24.6519425" lon="102.9299534">
        <ele>1724.2510028125546</ele>
        <time>2026-04-26T08:53:58.842Z</time>
        <speed>22.89</speed>
      </trkpt>
      <trkpt lat="24.6511327" lon="102.9296769">
        <ele>1723.995489440491</ele>
        <time>2026-04-26T08:54:02.841Z</time>
        <speed>23.89</speed>
      </trkpt>
      <trkpt lat="24.6503291" lon="102.9293949">
        <ele>1723.9539575522192</ele>
        <time>2026-04-26T08:54:06.840Z</time>
        <speed>23.31</speed>
      </trkpt>
      <trkpt lat="24.6495321" lon="102.9291029">
        <ele>1722.3507632900664</ele>
        <time>2026-04-26T08:54:10.842Z</time>
        <speed>22.95</speed>
      </trkpt>
      <trkpt lat="24.6480638" lon="102.9285919">
        <ele>1720.382188317715</ele>
        <time>2026-04-26T08:54:18.842Z</time>
        <speed>18.84</speed>
      </trkpt>
      <trkpt lat="24.647487" lon="102.9283755">
        <ele>1718.269291236218</ele>
        <time>2026-04-26T08:54:22.840Z</time>
        <speed>15.27</speed>
      </trkpt>
      <trkpt lat="24.6470252" lon="102.928215">
        <ele>1717.0625204989838</ele>
        <time>2026-04-26T08:54:26.843Z</time>
        <speed>11.42</speed>
      </trkpt>
      <trkpt lat="24.6467353" lon="102.9281294">
        <ele>1716.3584814363446</ele>
        <time>2026-04-26T08:54:30.840Z</time>
        <speed>4.3</speed>
      </trkpt>
      <trkpt lat="24.6466872" lon="102.9281203">
        <ele>1714.3386945051461</ele>
        <time>2026-04-26T08:54:42.843Z</time>
        <speed>0.0</speed>
      </trkpt>
      <trkpt lat="24.6460937" lon="102.9279664">
        <ele>1715.2763162903934</ele>
        <time>2026-04-26T08:55:37.840Z</time>
        <speed>12.82</speed>
      </trkpt>
      <trkpt lat="24.6455661" lon="102.9278526">
        <ele>1716.5059495997054</ele>
        <time>2026-04-26T08:55:41.841Z</time>
        <speed>15.8</speed>
      </trkpt>
      <trkpt lat="24.64367" lon="102.927456">
        <ele>1716.879341867663</ele>
        <time>2026-04-26T08:55:53.839Z</time>
        <speed>19.46</speed>
      </trkpt>
      <trkpt lat="24.6429725" lon="102.9273035">
        <ele>1716.7696155968763</ele>
        <time>2026-04-26T08:55:57.842Z</time>
        <speed>19.52</speed>
      </trkpt>
      <trkpt lat="24.6422924" lon="102.9271533">
        <ele>1716.6035418014865</ele>
        <time>2026-04-26T08:56:01.840Z</time>
        <speed>19.36</speed>
      </trkpt>
      <trkpt lat="24.6415983" lon="102.9269995">
        <ele>1715.7212036218637</ele>
        <time>2026-04-26T08:56:05.840Z</time>
        <speed>19.3</speed>
      </trkpt>
      <trkpt lat="24.6409138" lon="102.9268513">
        <ele>1715.1836882847422</ele>
        <time>2026-04-26T08:56:09.842Z</time>
        <speed>19.71</speed>
      </trkpt>
      <trkpt lat="24.6405625" lon="102.9267766">
        <ele>1714.865887913159</ele>
        <time>2026-04-26T08:56:11.842Z</time>
        <speed>19.77</speed>
      </trkpt>
      <trkpt lat="24.6398595" lon="102.9266201">
        <ele>1714.5678849852534</ele>
        <time>2026-04-26T08:56:15.841Z</time>
        <speed>19.63</speed>
      </trkpt>
      <trkpt lat="24.6391528" lon="102.9264723">
        <ele>1714.529582660693</ele>
        <time>2026-04-26T08:56:19.841Z</time>
        <speed>19.94</speed>
      </trkpt>
      <trkpt lat="24.6384459" lon="102.9263267">
        <ele>1712.2753399563985</ele>
        <time>2026-04-26T08:56:23.842Z</time>
        <speed>20.17</speed>
      </trkpt>
      <trkpt lat="24.6377291" lon="102.9261704">
        <ele>1710.7856539233558</ele>
        <time>2026-04-26T08:56:27.842Z</time>
        <speed>20.53</speed>
      </trkpt>
      <trkpt lat="24.6370022" lon="102.9260155">
        <ele>1710.258486403102</ele>
        <time>2026-04-26T08:56:31.842Z</time>
        <speed>20.46</speed>
      </trkpt>
      <trkpt lat="24.6362793" lon="102.9258649">
        <ele>1709.7595351038074</ele>
        <time>2026-04-26T08:56:35.842Z</time>
        <speed>20.45</speed>
      </trkpt>
      <trkpt lat="24.6355508" lon="102.9256984">
        <ele>1709.3355890953324</ele>
        <time>2026-04-26T08:56:39.840Z</time>
        <speed>20.61</speed>
      </trkpt>
      <trkpt lat="24.6348553" lon="102.9255479">
        <ele>1708.7039223213415</ele>
        <time>2026-04-26T08:56:43.840Z</time>
        <speed>18.05</speed>
      </trkpt>
      <trkpt lat="24.6342289" lon="102.9254081">
        <ele>1707.3023457409026</ele>
        <time>2026-04-26T08:56:47.839Z</time>
        <speed>16.15</speed>
      </trkpt>
      <trkpt lat="24.6337446" lon="102.9253057">
        <ele>1706.6893340791055</ele>
        <time>2026-04-26T08:56:51.839Z</time>
        <speed>10.38</speed>
      </trkpt>
      <trkpt lat="24.6334852" lon="102.9252493">
        <ele>1705.5168904563373</ele>
        <time>2026-04-26T08:56:55.839Z</time>
        <speed>3.73</speed>
      </trkpt>
      <trkpt lat="24.6334348" lon="102.9252182">
        <ele>1705.3792912025087</ele>
        <time>2026-04-26T08:56:59.841Z</time>
        <speed>0.0</speed>
      </trkpt>
      <trkpt lat="24.6333474" lon="102.9251952">
        <ele>1705.5983189901588</ele>
        <time>2026-04-26T08:58:44.842Z</time>
        <speed>5.75</speed>
      </trkpt>
      <trkpt lat="24.6331484" lon="102.9251653">
        <ele>1705.7022071628242</ele>
        <time>2026-04-26T08:58:48.842Z</time>
        <speed>6.02</speed>
      </trkpt>
      <trkpt lat="24.633007" lon="102.9253046">
        <ele>1705.7936845070767</ele>
        <time>2026-04-26T08:58:52.842Z</time>
        <speed>6.99</speed>
      </trkpt>
      <trkpt lat="24.6329268" lon="102.9256603">
        <ele>1705.9258417698484</ele>
        <time>2026-04-26T08:58:56.843Z</time>
        <speed>11.1</speed>
      </trkpt>
      <trkpt lat="24.6328275" lon="102.9261304">
        <ele>1707.076277211417</ele>
        <time>2026-04-26T08:59:00.842Z</time>
        <speed>13.57</speed>
      </trkpt>
      <trkpt lat="24.632583" lon="102.9273293">
        <ele>1707.534748785952</ele>
        <time>2026-04-26T08:59:08.841Z</time>
        <speed>17.55</speed>
      </trkpt>
      <trkpt lat="24.6324489" lon="102.9280099">
        <ele>1708.237437155688</ele>
        <time>2026-04-26T08:59:12.843Z</time>
        <speed>17.48</speed>
      </trkpt>
      <trkpt lat="24.6323131" lon="102.9286858">
        <ele>1708.0260951801624</ele>
        <time>2026-04-26T08:59:16.842Z</time>
        <speed>17.5</speed>
      </trkpt>
      <trkpt lat="24.6321453" lon="102.9293532">
        <ele>1708.0656688577653</ele>
        <time>2026-04-26T08:59:20.843Z</time>
        <speed>17.79</speed>
      </trkpt>
      <trkpt lat="24.6318812" lon="102.930016">
        <ele>1707.846084051876</ele>
        <time>2026-04-26T08:59:24.842Z</time>
        <speed>18.48</speed>
      </trkpt>
      <trkpt lat="24.6314694" lon="102.9305553">
        <ele>1707.770795459771</ele>
        <time>2026-04-26T08:59:28.841Z</time>
        <speed>18.08</speed>
      </trkpt>
      <trkpt lat="24.6306981" lon="102.9312009">
        <ele>1707.483951502515</ele>
        <time>2026-04-26T08:59:34.843Z</time>
        <speed>18.61</speed>
      </trkpt>
      <trkpt lat="24.6301439" lon="102.931558">
        <ele>1707.4495917767717</ele>
        <time>2026-04-26T08:59:38.839Z</time>
        <speed>16.62</speed>
      </trkpt>
      <trkpt lat="24.6296281" lon="102.931908">
        <ele>1707.3232065912505</ele>
        <time>2026-04-26T08:59:42.841Z</time>
        <speed>16.3</speed>
      </trkpt>
      <trkpt lat="24.6292188" lon="102.9322768">
        <ele>1707.0124090922202</ele>
        <time>2026-04-26T08:59:46.843Z</time>
        <speed>13.35</speed>
      </trkpt>
      <trkpt lat="24.6289394" lon="102.9326757">
        <ele>1706.2314475424178</ele>
        <time>2026-04-26T08:59:50.842Z</time>
        <speed>11.93</speed>
      </trkpt>
      <trkpt lat="24.6287347" lon="102.933104">
        <ele>1705.9739399943244</ele>
        <time>2026-04-26T08:59:54.841Z</time>
        <speed>12.17</speed>
      </trkpt>
      <trkpt lat="24.6285193" lon="102.9340887">
        <ele>1706.3229303237472</ele>
        <time>2026-04-26T09:00:02.843Z</time>
        <speed>13.39</speed>
      </trkpt>
      <trkpt lat="24.6283192" lon="102.9351373">
        <ele>1705.7765219965881</ele>
        <time>2026-04-26T09:00:10.843Z</time>
        <speed>13.8</speed>
      </trkpt>
      <trkpt lat="24.6282112" lon="102.9357099">
        <ele>1706.1571505048835</ele>
        <time>2026-04-26T09:00:14.842Z</time>
        <speed>15.39</speed>
      </trkpt>
      <trkpt lat="24.6280976" lon="102.9363425">
        <ele>1706.6626896732637</ele>
        <time>2026-04-26T09:00:18.841Z</time>
        <speed>17.21</speed>
      </trkpt>
      <trkpt lat="24.6278539" lon="102.9376739">
        <ele>1706.040620017108</ele>
        <time>2026-04-26T09:00:26.841Z</time>
        <speed>17.08</speed>
      </trkpt>
      <trkpt lat="24.6277322" lon="102.938338">
        <ele>1706.0424235912085</ele>
        <time>2026-04-26T09:00:30.841Z</time>
        <speed>17.05</speed>
      </trkpt>
      <trkpt lat="24.6276061" lon="102.9390179">
        <ele>1706.1779077082092</ele>
        <time>2026-04-26T09:00:34.842Z</time>
        <speed>18.04</speed>
      </trkpt>
      <trkpt lat="24.6274037" lon="102.9401022">
        <ele>1706.5958761868378</ele>
        <time>2026-04-26T09:00:40.839Z</time>
        <speed>19.36</speed>
      </trkpt>
      <trkpt lat="24.6272707" lon="102.9408613">
        <ele>1708.9936919791724</ele>
        <time>2026-04-26T09:00:44.839Z</time>
        <speed>19.89</speed>
      </trkpt>
      <trkpt lat="24.6269974" lon="102.9423468">
        <ele>1709.55337148031</ele>
        <time>2026-04-26T09:00:52.842Z</time>
        <speed>16.4</speed>
      </trkpt>
      <trkpt lat="24.6267626" lon="102.9436144">
        <ele>1710.800348068874</ele>
        <time>2026-04-26T09:01:00.838Z</time>
        <speed>14.06</speed>
      </trkpt>
      <trkpt lat="24.6266502" lon="102.9441797">
        <ele>1706.7552602758503</ele>
        <time>2026-04-26T09:01:04.843Z</time>
        <speed>15.0</speed>
      </trkpt>
      <trkpt lat="24.6262168" lon="102.9458197">
        <ele>1704.4845859876677</ele>
        <time>2026-04-26T09:01:16.841Z</time>
        <speed>14.37</speed>
      </trkpt>
      <trkpt lat="24.6248551" lon="102.9475468">
        <ele>1707.4353305701784</ele>
        <time>2026-04-26T09:01:32.838Z</time>
        <speed>14.72</speed>
      </trkpt>
      <trkpt lat="24.623862" lon="102.9484806">
        <ele>1709.2049071993217</ele>
        <time>2026-04-26T09:01:42.837Z</time>
        <speed>15.14</speed>
      </trkpt>
      <trkpt lat="24.6234411" lon="102.948871">
        <ele>1709.0647924087823</ele>
        <time>2026-04-26T09:01:46.842Z</time>
        <speed>15.23</speed>
      </trkpt>
      <trkpt lat="24.6230144" lon="102.9492797">
        <ele>1707.8400488653092</ele>
        <time>2026-04-26T09:01:50.840Z</time>
        <speed>16.13</speed>
      </trkpt>
      <trkpt lat="24.62254" lon="102.9497269">
        <ele>1707.7080913477075</ele>
        <time>2026-04-26T09:01:54.842Z</time>
        <speed>17.8</speed>
      </trkpt>
      <trkpt lat="24.6220416" lon="102.9502009">
        <ele>1707.9651651354975</ele>
        <time>2026-04-26T09:01:58.842Z</time>
        <speed>18.57</speed>
      </trkpt>
      <trkpt lat="24.6215256" lon="102.9506925">
        <ele>1707.7693869913558</ele>
        <time>2026-04-26T09:02:02.840Z</time>
        <speed>19.04</speed>
      </trkpt>
      <trkpt lat="24.6200426" lon="102.9519826">
        <ele>1705.9710181503651</ele>
        <time>2026-04-26T09:02:14.840Z</time>
        <speed>16.06</speed>
      </trkpt>
      <trkpt lat="24.6196669" lon="102.9522276">
        <ele>1705.9559209097756</ele>
        <time>2026-04-26T09:02:18.840Z</time>
        <speed>10.39</speed>
      </trkpt>
      <trkpt lat="24.6192879" lon="102.9523975">
        <ele>1705.729798203574</ele>
        <time>2026-04-26T09:02:22.840Z</time>
        <speed>11.8</speed>
      </trkpt>
      <trkpt lat="24.6190843" lon="102.9524652">
        <ele>1705.9584791313553</ele>
        <time>2026-04-26T09:02:24.842Z</time>
        <speed>12.09</speed>
      </trkpt>
      <trkpt lat="24.618651" lon="102.9525628">
        <ele>1707.0909255957079</ele>
        <time>2026-04-26T09:02:28.841Z</time>
        <speed>12.64</speed>
      </trkpt>
      <trkpt lat="24.6184146" lon="102.9525994">
        <ele>1707.4671764038292</ele>
        <time>2026-04-26T09:02:30.837Z</time>
        <speed>13.5</speed>
      </trkpt>
      <trkpt lat="24.6177794" lon="102.9525894">
        <ele>1708.481767073426</ele>
        <time>2026-04-26T09:02:35.839Z</time>
        <speed>15.29</speed>
      </trkpt>
      <trkpt lat="24.6173645" lon="102.9525018">
        <ele>1709.3660446873068</ele>
        <time>2026-04-26T09:02:38.837Z</time>
        <speed>16.02</speed>
      </trkpt>
      <trkpt lat="24.6167985" lon="102.9523131">
        <ele>1708.2177296242803</ele>
        <time>2026-04-26T09:02:42.837Z</time>
        <speed>17.16</speed>
      </trkpt>
      <trkpt lat="24.615001" lon="102.9515329">
        <ele>1708.9431165591802</ele>
        <time>2026-04-26T09:02:54.837Z</time>
        <speed>18.08</speed>
      </trkpt>
      <trkpt lat="24.6138384" lon="102.9511153">
        <ele>1708.6261372640333</ele>
        <time>2026-04-26T09:03:02.838Z</time>
        <speed>17.04</speed>
      </trkpt>
      <trkpt lat="24.6132577" lon="102.9510308">
        <ele>1708.5607403630006</ele>
        <time>2026-04-26T09:03:06.838Z</time>
        <speed>14.69</speed>
      </trkpt>
      <trkpt lat="24.6127223" lon="102.9510172">
        <ele>1707.703365407764</ele>
        <time>2026-04-26T09:03:10.838Z</time>
        <speed>15.02</speed>
      </trkpt>
      <trkpt lat="24.6121605" lon="102.9510284">
        <ele>1705.7308315602586</ele>
        <time>2026-04-26T09:03:14.841Z</time>
        <speed>15.94</speed>
      </trkpt>
      <trkpt lat="24.6115457" lon="102.9510418">
        <ele>1706.2831601132723</ele>
        <time>2026-04-26T09:03:18.843Z</time>
        <speed>17.6</speed>
      </trkpt>
      <trkpt lat="24.6108929" lon="102.9510653">
        <ele>1704.7468586778607</ele>
        <time>2026-04-26T09:03:22.841Z</time>
        <speed>18.56</speed>
      </trkpt>
      <trkpt lat="24.6095262" lon="102.9511092">
        <ele>1705.167227477175</ele>
        <time>2026-04-26T09:03:30.841Z</time>
        <speed>18.43</speed>
      </trkpt>
      <trkpt lat="24.6087402" lon="102.9511334">
        <ele>1706.1251129757009</ele>
        <time>2026-04-26T09:03:35.840Z</time>
        <speed>15.8</speed>
      </trkpt>
      <trkpt lat="24.6082893" lon="102.9511408">
        <ele>1705.8869842598367</ele>
        <time>2026-04-26T09:03:39.840Z</time>
        <speed>8.64</speed>
      </trkpt>
      <trkpt lat="24.6080279" lon="102.9511503">
        <ele>1705.1804833424808</ele>
        <time>2026-04-26T09:03:43.842Z</time>
        <speed>7.63</speed>
      </trkpt>
      <trkpt lat="24.6076735" lon="102.9511623">
        <ele>1704.2214129984645</ele>
        <time>2026-04-26T09:03:47.842Z</time>
        <speed>11.46</speed>
      </trkpt>
      <trkpt lat="24.6072176" lon="102.9511804">
        <ele>1704.4968806822296</ele>
        <time>2026-04-26T09:03:51.841Z</time>
        <speed>13.15</speed>
      </trkpt>
      <trkpt lat="24.6067491" lon="102.9511964">
        <ele>1703.4914630573226</ele>
        <time>2026-04-26T09:03:55.841Z</time>
        <speed>12.45</speed>
      </trkpt>
      <trkpt lat="24.6059296" lon="102.9512233">
        <ele>1702.1255167057664</ele>
        <time>2026-04-26T09:04:03.841Z</time>
        <speed>12.74</speed>
      </trkpt>
      <trkpt lat="24.6054422" lon="102.9512358">
        <ele>1703.2391376255462</ele>
        <time>2026-04-26T09:04:07.841Z</time>
        <speed>13.96</speed>
      </trkpt>
      <trkpt lat="24.6049366" lon="102.951256">
        <ele>1703.5805458557588</ele>
        <time>2026-04-26T09:04:11.840Z</time>
        <speed>13.92</speed>
      </trkpt>
      <trkpt lat="24.6044351" lon="102.9513085">
        <ele>1703.7095628499883</ele>
        <time>2026-04-26T09:04:15.842Z</time>
        <speed>14.14</speed>
      </trkpt>
      <trkpt lat="24.6028516" lon="102.951834">
        <ele>1701.8686375555408</ele>
        <time>2026-04-26T09:04:27.840Z</time>
        <speed>15.55</speed>
      </trkpt>
      <trkpt lat="24.6023045" lon="102.9520289">
        <ele>1702.435535777825</ele>
        <time>2026-04-26T09:04:31.842Z</time>
        <speed>16.23</speed>
      </trkpt>
      <trkpt lat="24.6017241" lon="102.9521356">
        <ele>1701.2896564033908</ele>
        <time>2026-04-26T09:04:35.839Z</time>
        <speed>16.39</speed>
      </trkpt>
      <trkpt lat="24.6006658" lon="102.9520855">
        <ele>1702.2982585875095</ele>
        <time>2026-04-26T09:04:42.842Z</time>
        <speed>17.04</speed>
      </trkpt>
      <trkpt lat="24.6000563" lon="102.9520859">
        <ele>1704.0186082997109</ele>
        <time>2026-04-26T09:04:46.843Z</time>
        <speed>16.88</speed>
      </trkpt>
      <trkpt lat="24.5989028" lon="102.9524102">
        <ele>1706.2691496029918</ele>
        <time>2026-04-26T09:04:54.838Z</time>
        <speed>16.51</speed>
      </trkpt>
      <trkpt lat="24.5983377" lon="102.9526698">
        <ele>1705.7886606576346</ele>
        <time>2026-04-26T09:04:58.842Z</time>
        <speed>16.9</speed>
      </trkpt>
      <trkpt lat="24.5977752" lon="102.9529249">
        <ele>1703.5323917420142</ele>
        <time>2026-04-26T09:05:02.841Z</time>
        <speed>17.27</speed>
      </trkpt>
      <trkpt lat="24.5966264" lon="102.9534438">
        <ele>1702.2199329505422</ele>
        <time>2026-04-26T09:05:10.842Z</time>
        <speed>16.91</speed>
      </trkpt>
      <trkpt lat="24.5960732" lon="102.9536884">
        <ele>1702.1028858160823</ele>
        <time>2026-04-26T09:05:14.841Z</time>
        <speed>15.44</speed>
      </trkpt>
      <trkpt lat="24.5955532" lon="102.953922">
        <ele>1708.0018005827135</ele>
        <time>2026-04-26T09:05:18.842Z</time>
        <speed>15.08</speed>
      </trkpt>
      <trkpt lat="24.5940023" lon="102.9545033">
        <ele>1706.4993801362396</ele>
        <time>2026-04-26T09:05:30.841Z</time>
        <speed>15.09</speed>
      </trkpt>
      <trkpt lat="24.593452" lon="102.9544916">
        <ele>1705.278439837671</ele>
        <time>2026-04-26T09:05:34.843Z</time>
        <speed>14.9</speed>
      </trkpt>
      <trkpt lat="24.5924261" lon="102.9541792">
        <ele>1705.4696953959522</ele>
        <time>2026-04-26T09:05:42.838Z</time>
        <speed>14.26</speed>
      </trkpt>
      <trkpt lat="24.5921741" lon="102.9541047">
        <ele>1706.3578643240514</ele>
        <time>2026-04-26T09:05:44.837Z</time>
        <speed>14.46</speed>
      </trkpt>
      <trkpt lat="24.5916585" lon="102.9540338">
        <ele>1707.536968759852</ele>
        <time>2026-04-26T09:05:48.843Z</time>
        <speed>14.58</speed>
      </trkpt>
      <trkpt lat="24.5911302" lon="102.9540934">
        <ele>1708.218099998227</ele>
        <time>2026-04-26T09:05:52.842Z</time>
        <speed>14.93</speed>
      </trkpt>
      <trkpt lat="24.5906384" lon="102.9543074">
        <ele>1708.6719864224497</ele>
        <time>2026-04-26T09:05:56.842Z</time>
        <speed>15.3</speed>
      </trkpt>
      <trkpt lat="24.5897619" lon="102.9551264">
        <ele>1708.985409161553</ele>
        <time>2026-04-26T09:06:04.843Z</time>
        <speed>17.54</speed>
      </trkpt>
      <trkpt lat="24.5888389" lon="102.9561779">
        <ele>1712.2499787117583</ele>
        <time>2026-04-26T09:06:12.842Z</time>
        <speed>19.33</speed>
      </trkpt>
      <trkpt lat="24.5883602" lon="102.9567191">
        <ele>1715.717151834884</ele>
        <time>2026-04-26T09:06:16.843Z</time>
        <speed>19.07</speed>
      </trkpt>
      <trkpt lat="24.5878836" lon="102.957252">
        <ele>1716.8969283595222</ele>
        <time>2026-04-26T09:06:20.841Z</time>
        <speed>18.27</speed>
      </trkpt>
      <trkpt lat="24.5874359" lon="102.9577468">
        <ele>1717.2247528038329</ele>
        <time>2026-04-26T09:06:24.842Z</time>
        <speed>16.73</speed>
      </trkpt>
      <trkpt lat="24.5870061" lon="102.9581505">
        <ele>1717.245485001003</ele>
        <time>2026-04-26T09:06:28.840Z</time>
        <speed>15.06</speed>
      </trkpt>
      <trkpt lat="24.5865839" lon="102.958444">
        <ele>1719.3880156467833</ele>
        <time>2026-04-26T09:06:32.842Z</time>
        <speed>13.07</speed>
      </trkpt>
      <trkpt lat="24.5861467" lon="102.9586547">
        <ele>1720.1127880930035</ele>
        <time>2026-04-26T09:06:36.840Z</time>
        <speed>13.28</speed>
      </trkpt>
      <trkpt lat="24.5857048" lon="102.9587719">
        <ele>1720.915088527375</ele>
        <time>2026-04-26T09:06:40.837Z</time>
        <speed>12.32</speed>
      </trkpt>
      <trkpt lat="24.5852471" lon="102.9588296">
        <ele>1723.3615725582777</ele>
        <time>2026-04-26T09:06:44.839Z</time>
        <speed>13.39</speed>
      </trkpt>
      <trkpt lat="24.5847316" lon="102.9588061">
        <ele>1725.1583173092079</ele>
        <time>2026-04-26T09:06:48.836Z</time>
        <speed>15.21</speed>
      </trkpt>
      <trkpt lat="24.5844539" lon="102.9587532">
        <ele>1728.01068123381</ele>
        <time>2026-04-26T09:06:50.837Z</time>
        <speed>15.89</speed>
      </trkpt>
      <trkpt lat="24.583642" lon="102.9585094">
        <ele>1735.45246261864</ele>
        <time>2026-04-26T09:06:56.837Z</time>
        <speed>15.39</speed>
      </trkpt>
      <trkpt lat="24.5832455" lon="102.9583679">
        <ele>1737.8193267404758</ele>
        <time>2026-04-26T09:06:59.839Z</time>
        <speed>15.63</speed>
      </trkpt>
      <trkpt lat="24.5826949" lon="102.9581754">
        <ele>1742.0260491531546</ele>
        <time>2026-04-26T09:07:03.843Z</time>
        <speed>16.65</speed>
      </trkpt>
      <trkpt lat="24.5821091" lon="102.9579684">
        <ele>1743.0592652989205</ele>
        <time>2026-04-26T09:07:07.839Z</time>
        <speed>17.65</speed>
      </trkpt>
      <trkpt lat="24.5814812" lon="102.9577559">
        <ele>1746.994890735144</ele>
        <time>2026-04-26T09:07:11.842Z</time>
        <speed>18.42</speed>
      </trkpt>
      <trkpt lat="24.5808512" lon="102.9575462">
        <ele>1750.6559789554308</ele>
        <time>2026-04-26T09:07:15.842Z</time>
        <speed>18.36</speed>
      </trkpt>
      <trkpt lat="24.5801945" lon="102.9573932">
        <ele>1752.094292831705</ele>
        <time>2026-04-26T09:07:19.842Z</time>
        <speed>18.9</speed>
      </trkpt>
      <trkpt lat="24.5795037" lon="102.9573312">
        <ele>1750.5216430773846</ele>
        <time>2026-04-26T09:07:23.842Z</time>
        <speed>19.39</speed>
      </trkpt>
      <trkpt lat="24.5788221" lon="102.9573499">
        <ele>1751.0307437166412</ele>
        <time>2026-04-26T09:07:27.843Z</time>
        <speed>17.91</speed>
      </trkpt>
      <trkpt lat="24.5781955" lon="102.9574477">
        <ele>1750.7949777471097</ele>
        <time>2026-04-26T09:07:31.840Z</time>
        <speed>17.29</speed>
      </trkpt>
      <trkpt lat="24.5776433" lon="102.9576143">
        <ele>1751.1057074596968</ele>
        <time>2026-04-26T09:07:35.842Z</time>
        <speed>15.22</speed>
      </trkpt>
      <trkpt lat="24.5770952" lon="102.9578581">
        <ele>1748.166514653675</ele>
        <time>2026-04-26T09:07:39.842Z</time>
        <speed>16.0</speed>
      </trkpt>
      <trkpt lat="24.5766059" lon="102.9581092">
        <ele>1745.8764307018914</ele>
        <time>2026-04-26T09:07:43.842Z</time>
        <speed>12.81</speed>
      </trkpt>
      <trkpt lat="24.5762205" lon="102.958346">
        <ele>1743.7677394769423</ele>
        <time>2026-04-26T09:07:47.841Z</time>
        <speed>9.77</speed>
      </trkpt>
      <trkpt lat="24.5759228" lon="102.9585149">
        <ele>1739.2527415231214</ele>
        <time>2026-04-26T09:07:51.841Z</time>
        <speed>8.43</speed>
      </trkpt>
      <trkpt lat="24.5756298" lon="102.9586304">
        <ele>1736.7119234360125</ele>
        <time>2026-04-26T09:07:55.839Z</time>
        <speed>7.79</speed>
      </trkpt>
      <trkpt lat="24.5754888" lon="102.9586525">
        <ele>1735.1373841250982</ele>
        <time>2026-04-26T09:07:57.838Z</time>
        <speed>7.74</speed>
      </trkpt>
      <trkpt lat="24.5752233" lon="102.9586351">
        <ele>1732.1912162551532</ele>
        <time>2026-04-26T09:08:01.842Z</time>
        <speed>7.84</speed>
      </trkpt>
      <trkpt lat="24.5749373" lon="102.9585284">
        <ele>1729.3809757585752</ele>
        <time>2026-04-26T09:08:05.840Z</time>
        <speed>8.03</speed>
      </trkpt>
      <trkpt lat="24.5746963" lon="102.9584225">
        <ele>1727.3779979247624</ele>
        <time>2026-04-26T09:08:09.843Z</time>
        <speed>6.53</speed>
      </trkpt>
      <trkpt lat="24.5744257" lon="102.9582986">
        <ele>1725.0894993072177</ele>
        <time>2026-04-26T09:08:13.842Z</time>
        <speed>9.36</speed>
      </trkpt>
      <trkpt lat="24.5740633" lon="102.958206">
        <ele>1723.50390625</ele>
        <time>2026-04-26T09:08:17.842Z</time>
        <speed>10.57</speed>
      </trkpt>
      <trkpt lat="24.5736654" lon="102.9581893">
        <ele>1721.9755817044636</ele>
        <time>2026-04-26T09:08:21.840Z</time>
        <speed>11.03</speed>
      </trkpt>
      <trkpt lat="24.5733136" lon="102.9582828">
        <ele>1719.1647065256873</ele>
        <time>2026-04-26T09:08:25.843Z</time>
        <speed>9.37</speed>
      </trkpt>
      <trkpt lat="24.573012" lon="102.9584203">
        <ele>1717.79727450293</ele>
        <time>2026-04-26T09:08:29.842Z</time>
        <speed>8.41</speed>
      </trkpt>
      <trkpt lat="24.5727326" lon="102.958579">
        <ele>1716.3803949358617</ele>
        <time>2026-04-26T09:08:33.839Z</time>
        <speed>8.74</speed>
      </trkpt>
      <trkpt lat="24.5724546" lon="102.9587321">
        <ele>1714.98193359375</ele>
        <time>2026-04-26T09:08:37.842Z</time>
        <speed>7.25</speed>
      </trkpt>
      <trkpt lat="24.5721897" lon="102.958868">
        <ele>1714.4358408171142</ele>
        <time>2026-04-26T09:08:41.840Z</time>
        <speed>8.22</speed>
      </trkpt>
      <trkpt lat="24.571887" lon="102.9589971">
        <ele>1713.3190674942437</ele>
        <time>2026-04-26T09:08:45.843Z</time>
        <speed>8.83</speed>
      </trkpt>
      <trkpt lat="24.5715618" lon="102.9590819">
        <ele>1713.0639054014116</ele>
        <time>2026-04-26T09:08:49.841Z</time>
        <speed>9.04</speed>
      </trkpt>
      <trkpt lat="24.5712051" lon="102.9591121">
        <ele>1712.5759342784495</ele>
        <time>2026-04-26T09:08:53.843Z</time>
        <speed>10.18</speed>
      </trkpt>
      <trkpt lat="24.5708433" lon="102.9590744">
        <ele>1711.545040567919</ele>
        <time>2026-04-26T09:08:57.842Z</time>
        <speed>10.58</speed>
      </trkpt>
      <trkpt lat="24.5704293" lon="102.9589654">
        <ele>1710.8702058890829</ele>
        <time>2026-04-26T09:09:01.839Z</time>
        <speed>11.97</speed>
      </trkpt>
      <trkpt lat="24.5702366" lon="102.958869">
        <ele>1709.9944485300916</ele>
        <time>2026-04-26T09:09:03.838Z</time>
        <speed>11.9</speed>
      </trkpt>
      <trkpt lat="24.5697863" lon="102.9585647">
        <ele>1708.5041023970382</ele>
        <time>2026-04-26T09:09:08.843Z</time>
        <speed>10.98</speed>
      </trkpt>
      <trkpt lat="24.5695039" lon="102.9582583">
        <ele>1706.9191500211862</ele>
        <time>2026-04-26T09:09:12.840Z</time>
        <speed>10.61</speed>
      </trkpt>
      <trkpt lat="24.5692748" lon="102.9579328">
        <ele>1704.8082859990675</ele>
        <time>2026-04-26T09:09:16.840Z</time>
        <speed>9.77</speed>
      </trkpt>
      <trkpt lat="24.5690598" lon="102.9576088">
        <ele>1703.9871378332493</ele>
        <time>2026-04-26T09:09:20.842Z</time>
        <speed>8.16</speed>
      </trkpt>
      <trkpt lat="24.5688794" lon="102.9573408">
        <ele>1702.1126343975175</ele>
        <time>2026-04-26T09:09:24.841Z</time>
        <speed>9.17</speed>
      </trkpt>
      <trkpt lat="24.5686635" lon="102.9570228">
        <ele>1701.4283012368041</ele>
        <time>2026-04-26T09:09:28.843Z</time>
        <speed>10.31</speed>
      </trkpt>
      <trkpt lat="24.5684445" lon="102.9567054">
        <ele>1701.49951171875</ele>
        <time>2026-04-26T09:09:32.840Z</time>
        <speed>10.56</speed>
      </trkpt>
      <trkpt lat="24.5683293" lon="102.9565429">
        <ele>1701.4734422975355</ele>
        <time>2026-04-26T09:09:34.837Z</time>
        <speed>10.24</speed>
      </trkpt>
      <trkpt lat="24.5682189" lon="102.9563809">
        <ele>1702.0007203127188</ele>
        <time>2026-04-26T09:09:36.835Z</time>
        <speed>9.74</speed>
      </trkpt>
      <trkpt lat="24.568117" lon="102.9562239">
        <ele>1702.4207768687172</ele>
        <time>2026-04-26T09:09:38.836Z</time>
        <speed>9.8</speed>
      </trkpt>
      <trkpt lat="24.5680329" lon="102.9560535">
        <ele>1703.2426814031987</ele>
        <time>2026-04-26T09:09:40.841Z</time>
        <speed>9.94</speed>
      </trkpt>
      <trkpt lat="24.5679311" lon="102.9556714">
        <ele>1705.4055714165727</ele>
        <time>2026-04-26T09:09:44.839Z</time>
        <speed>10.24</speed>
      </trkpt>
      <trkpt lat="24.5679365" lon="102.9554723">
        <ele>1706.7940402464221</ele>
        <time>2026-04-26T09:09:46.836Z</time>
        <speed>10.67</speed>
      </trkpt>
      <trkpt lat="24.5679691" lon="102.9552597">
        <ele>1708.000438684647</ele>
        <time>2026-04-26T09:09:48.836Z</time>
        <speed>11.6</speed>
      </trkpt>
      <trkpt lat="24.5680209" lon="102.9550179">
        <ele>1708.9924578029154</ele>
        <time>2026-04-26T09:09:50.842Z</time>
        <speed>12.67</speed>
      </trkpt>
      <trkpt lat="24.5680721" lon="102.9548035">
        <ele>1710.8042305796673</ele>
        <time>2026-04-26T09:09:52.838Z</time>
        <speed>9.51</speed>
      </trkpt>
      <trkpt lat="24.568103" lon="102.9546348">
        <ele>1712.2075152887226</ele>
        <time>2026-04-26T09:09:54.838Z</time>
        <speed>8.55</speed>
      </trkpt>
      <trkpt lat="24.5681378" lon="102.9544566">
        <ele>1713.5592193649727</ele>
        <time>2026-04-26T09:09:56.839Z</time>
        <speed>9.61</speed>
      </trkpt>
      <trkpt lat="24.5681675" lon="102.9542536">
        <ele>1713.3629736475864</ele>
        <time>2026-04-26T09:09:58.840Z</time>
        <speed>10.41</speed>
      </trkpt>
      <trkpt lat="24.5681772" lon="102.9540546">
        <ele>1714.2629957060174</ele>
        <time>2026-04-26T09:10:00.837Z</time>
        <speed>10.0</speed>
      </trkpt>
      <trkpt lat="24.5681617" lon="102.9538417">
        <ele>1715.3111220667458</ele>
        <time>2026-04-26T09:10:02.838Z</time>
        <speed>11.31</speed>
      </trkpt>
      <trkpt lat="24.5681032" lon="102.9536212">
        <ele>1716.633968735278</ele>
        <time>2026-04-26T09:10:04.841Z</time>
        <speed>12.37</speed>
      </trkpt>
      <trkpt lat="24.5680186" lon="102.9534082">
        <ele>1716.9994585515287</ele>
        <time>2026-04-26T09:10:06.839Z</time>
        <speed>11.72</speed>
      </trkpt>
      <trkpt lat="24.5679373" lon="102.9532203">
        <ele>1718.4860677253625</ele>
        <time>2026-04-26T09:10:08.843Z</time>
        <speed>9.34</speed>
      </trkpt>
      <trkpt lat="24.5678654" lon="102.9530873">
        <ele>1719.2138415829493</ele>
        <time>2026-04-26T09:10:10.842Z</time>
        <speed>6.51</speed>
      </trkpt>
      <trkpt lat="24.567802" lon="102.9529909">
        <ele>1719.3615253314722</ele>
        <time>2026-04-26T09:10:12.841Z</time>
        <speed>6.22</speed>
      </trkpt>
      <trkpt lat="24.5677146" lon="102.9528646">
        <ele>1719.432942208508</ele>
        <time>2026-04-26T09:10:14.838Z</time>
        <speed>9.09</speed>
      </trkpt>
      <trkpt lat="24.5675891" lon="102.9527295">
        <ele>1719.3010697050017</ele>
        <time>2026-04-26T09:10:16.837Z</time>
        <speed>9.96</speed>
      </trkpt>
      <trkpt lat="24.5674359" lon="102.9526072">
        <ele>1720.399583977002</ele>
        <time>2026-04-26T09:10:18.837Z</time>
        <speed>10.67</speed>
      </trkpt>
      <trkpt lat="24.567274" lon="102.9524877">
        <ele>1721.1469159499848</ele>
        <time>2026-04-26T09:10:20.839Z</time>
        <speed>12.04</speed>
      </trkpt>
      <trkpt lat="24.5671176" lon="102.9523686">
        <ele>1722.0058820475692</ele>
        <time>2026-04-26T09:10:22.841Z</time>
        <speed>10.68</speed>
      </trkpt>
      <trkpt lat="24.5669741" lon="102.9522437">
        <ele>1722.8506618424713</ele>
        <time>2026-04-26T09:10:24.842Z</time>
        <speed>9.82</speed>
      </trkpt>
      <trkpt lat="24.5668579" lon="102.9520923">
        <ele>1723.2818451702537</ele>
        <time>2026-04-26T09:10:26.842Z</time>
        <speed>10.88</speed>
      </trkpt>
      <trkpt lat="24.5667835" lon="102.9518916">
        <ele>1723.3244232142583</ele>
        <time>2026-04-26T09:10:28.842Z</time>
        <speed>11.43</speed>
      </trkpt>
      <trkpt lat="24.5667549" lon="102.9516628">
        <ele>1723.189469592888</ele>
        <time>2026-04-26T09:10:30.839Z</time>
        <speed>12.06</speed>
      </trkpt>
      <trkpt lat="24.5667573" lon="102.9514213">
        <ele>1723.0811172094898</ele>
        <time>2026-04-26T09:10:32.840Z</time>
        <speed>12.55</speed>
      </trkpt>
      <trkpt lat="24.5667615" lon="102.9511696">
        <ele>1723.6640736066438</ele>
        <time>2026-04-26T09:10:34.840Z</time>
        <speed>13.01</speed>
      </trkpt>
      <trkpt lat="24.5667389" lon="102.9509143">
        <ele>1724.3931138740445</ele>
        <time>2026-04-26T09:10:36.839Z</time>
        <speed>13.11</speed>
      </trkpt>
      <trkpt lat="24.5666777" lon="102.9506676">
        <ele>1724.747271569622</ele>
        <time>2026-04-26T09:10:38.841Z</time>
        <speed>13.44</speed>
      </trkpt>
      <trkpt lat="24.5665727" lon="102.9504265">
        <ele>1724.6843331083924</ele>
        <time>2026-04-26T09:10:40.842Z</time>
        <speed>14.26</speed>
      </trkpt>
      <trkpt lat="24.5664334" lon="102.9501834">
        <ele>1724.9072421982314</ele>
        <time>2026-04-26T09:10:42.842Z</time>
        <speed>14.52</speed>
      </trkpt>
      <trkpt lat="24.5662862" lon="102.9499441">
        <ele>1724.6951828704816</ele>
        <time>2026-04-26T09:10:44.842Z</time>
        <speed>14.85</speed>
      </trkpt>
      <trkpt lat="24.5661314" lon="102.9497035">
        <ele>1724.5397806963724</ele>
        <time>2026-04-26T09:10:46.843Z</time>
        <speed>14.8</speed>
      </trkpt>
      <trkpt lat="24.5659827" lon="102.9494745">
        <ele>1724.2925456797063</ele>
        <time>2026-04-26T09:10:48.839Z</time>
        <speed>14.14</speed>
      </trkpt>
      <trkpt lat="24.5658431" lon="102.9492608">
        <ele>1724.4170917845906</ele>
        <time>2026-04-26T09:10:50.837Z</time>
        <speed>12.81</speed>
      </trkpt>
      <trkpt lat="24.5657062" lon="102.9490687">
        <ele>1724.1019520197178</ele>
        <time>2026-04-26T09:10:52.838Z</time>
        <speed>11.99</speed>
      </trkpt>
      <trkpt lat="24.565539" lon="102.9489023">
        <ele>1723.6124703026642</ele>
        <time>2026-04-26T09:10:54.839Z</time>
        <speed>12.78</speed>
      </trkpt>
      <trkpt lat="24.5653331" lon="102.9487665">
        <ele>1724.494731722837</ele>
        <time>2026-04-26T09:10:56.841Z</time>
        <speed>13.63</speed>
      </trkpt>
      <trkpt lat="24.5649838" lon="102.9486864">
        <ele>1724.75204034434</ele>
        <time>2026-04-26T09:10:59.838Z</time>
        <speed>14.01</speed>
      </trkpt>
      <trkpt lat="24.5647229" lon="102.9487135">
        <ele>1724.4922441140784</ele>
        <time>2026-04-26T09:11:01.838Z</time>
        <speed>14.64</speed>
      </trkpt>
      <trkpt lat="24.5644601" lon="102.9487538">
        <ele>1724.2975208481716</ele>
        <time>2026-04-26T09:11:03.837Z</time>
        <speed>15.37</speed>
      </trkpt>
      <trkpt lat="24.5641756" lon="102.9488026">
        <ele>1724.0965222724842</ele>
        <time>2026-04-26T09:11:05.837Z</time>
        <speed>15.74</speed>
      </trkpt>
      <trkpt lat="24.5638913" lon="102.9488587">
        <ele>1724.1106344018178</ele>
        <time>2026-04-26T09:11:07.838Z</time>
        <speed>16.56</speed>
      </trkpt>
      <trkpt lat="24.5635932" lon="102.948911">
        <ele>1724.1278079687258</ele>
        <time>2026-04-26T09:11:09.843Z</time>
        <speed>16.68</speed>
      </trkpt>
      <trkpt lat="24.5632973" lon="102.9489679">
        <ele>1724.2626620874425</ele>
        <time>2026-04-26T09:11:11.838Z</time>
        <speed>16.55</speed>
      </trkpt>
      <trkpt lat="24.5630034" lon="102.9490155">
        <ele>1723.9491930831834</ele>
        <time>2026-04-26T09:11:13.840Z</time>
        <speed>16.5</speed>
      </trkpt>
      <trkpt lat="24.5625964" lon="102.9490865">
        <ele>1725.6254376101538</ele>
        <time>2026-04-26T09:11:16.840Z</time>
        <speed>14.28</speed>
      </trkpt>
      <trkpt lat="24.5623679" lon="102.9491158">
        <ele>1725.247491090661</ele>
        <time>2026-04-26T09:11:18.842Z</time>
        <speed>11.63</speed>
      </trkpt>
      <trkpt lat="24.5621874" lon="102.9491435">
        <ele>1724.6272734538452</ele>
        <time>2026-04-26T09:11:20.842Z</time>
        <speed>8.63</speed>
      </trkpt>
      <trkpt lat="24.5620243" lon="102.9491682">
        <ele>1724.070504871066</ele>
        <time>2026-04-26T09:11:22.839Z</time>
        <speed>9.12</speed>
      </trkpt>
      <trkpt lat="24.5618585" lon="102.9491714">
        <ele>1723.0678083405912</ele>
        <time>2026-04-26T09:11:24.838Z</time>
        <speed>9.45</speed>
      </trkpt>
      <trkpt lat="24.5616979" lon="102.9491323">
        <ele>1722.2876772551851</ele>
        <time>2026-04-26T09:11:26.839Z</time>
        <speed>9.09</speed>
      </trkpt>
      <trkpt lat="24.561567" lon="102.9490648">
        <ele>1721.8237162396804</ele>
        <time>2026-04-26T09:11:28.839Z</time>
        <speed>7.61</speed>
      </trkpt>
      <trkpt lat="24.5614564" lon="102.9489789">
        <ele>1721.0088816079797</ele>
        <time>2026-04-26T09:11:30.839Z</time>
        <speed>7.53</speed>
      </trkpt>
      <trkpt lat="24.5613551" lon="102.9488887">
        <ele>1720.299550169776</ele>
        <time>2026-04-26T09:11:32.839Z</time>
        <speed>7.15</speed>
      </trkpt>
      <trkpt lat="24.5612789" lon="102.9488106">
        <ele>1720.2098383293817</ele>
        <time>2026-04-26T09:11:34.836Z</time>
        <speed>5.19</speed>
      </trkpt>
      <trkpt lat="24.5612106" lon="102.9487713">
        <ele>1719.875594488394</ele>
        <time>2026-04-26T09:11:36.837Z</time>
        <speed>3.95</speed>
      </trkpt>
      <trkpt lat="24.5610709" lon="102.948776">
        <ele>1720.299292869905</ele>
        <time>2026-04-26T09:11:40.840Z</time>
        <speed>3.35</speed>
      </trkpt>
      <trkpt lat="24.560927" lon="102.9487547">
        <ele>1720.3441326134548</ele>
        <time>2026-04-26T09:11:44.841Z</time>
        <speed>3.62</speed>
      </trkpt>
      <trkpt lat="24.5608367" lon="102.94863">
        <ele>1720.349128174828</ele>
        <time>2026-04-26T09:11:48.838Z</time>
        <speed>7.38</speed>
      </trkpt>
      <trkpt lat="24.5606493" lon="102.9484035">
        <ele>1720.069046206588</ele>
        <time>2026-04-26T09:11:52.839Z</time>
        <speed>7.41</speed>
      </trkpt>
      <trkpt lat="24.5605003" lon="102.9482479">
        <ele>1723.1869521137767</ele>
        <time>2026-04-26T09:11:56.838Z</time>
        <speed>4.33</speed>
      </trkpt>
      <trkpt lat="24.5603582" lon="102.94815">
        <ele>1724.41503489007</ele>
        <time>2026-04-26T09:12:00.839Z</time>
        <speed>4.3</speed>
      </trkpt>
      <trkpt lat="24.560221" lon="102.9481027">
        <ele>1727.5925750959962</ele>
        <time>2026-04-26T09:12:04.840Z</time>
        <speed>3.58</speed>
      </trkpt>
      <trkpt lat="24.5600852" lon="102.9480893">
        <ele>1729.62193332962</ele>
        <time>2026-04-26T09:12:08.838Z</time>
        <speed>2.72</speed>
      </trkpt>
      <trkpt lat="24.5600258" lon="102.9481019">
        <ele>1729.9592923397747</ele>
        <time>2026-04-26T09:12:12.837Z</time>
        <speed>2.86</speed>
      </trkpt>
      <trkpt lat="24.5599765" lon="102.9481438">
        <ele>1731.1776445277292</ele>
        <time>2026-04-26T09:12:16.838Z</time>
        <speed>0.78</speed>
      </trkpt>
      <trkpt lat="24.5599593" lon="102.9482078">
        <ele>1731.4524942841088</ele>
        <time>2026-04-26T09:12:20.842Z</time>
        <speed>1.41</speed>
      </trkpt>
      <trkpt lat="24.5599581" lon="102.9482437">
        <ele>1732.5619634614459</ele>
        <time>2026-04-26T09:12:24.839Z</time>
        <speed>0.43</speed>
      </trkpt>
      <trkpt lat="24.5599841" lon="102.9481623">
        <ele>1729.9703393943216</ele>
        <time>2026-04-26T09:13:43.841Z</time>
        <speed>0.41</speed>
      </trkpt>
      <trkpt lat="24.5599961" lon="102.9481268">
        <ele>1729.8095968185917</ele>
        <time>2026-04-26T09:13:51.837Z</time>
        <speed>0.55</speed>
      </trkpt>
      <trkpt lat="24.5599946" lon="102.9481606">
        <ele>1729.6704026719285</ele>
        <time>2026-04-26T09:13:55.841Z</time>
        <speed>1.31</speed>
      </trkpt>
      <trkpt lat="24.5599954" lon="102.9482099">
        <ele>1728.8990900198112</ele>
        <time>2026-04-26T09:13:59.842Z</time>
        <speed>1.15</speed>
      </trkpt>
      <trkpt lat="24.5599845" lon="102.9482409">
        <ele>1729.5585066509775</ele>
        <time>2026-04-26T09:14:03.839Z</time>
        <speed>0.56</speed>
      </trkpt>
      <trkpt lat="24.5600144" lon="102.9482093">
        <ele>1729.9993333762902</ele>
        <time>2026-04-26T09:14:57.874Z</time>
        <speed>0.9324953</speed>
      </trkpt>
      <trkpt lat="24.5599866" lon="102.948202">
        <ele>1729.7296673118983</ele>
        <time>2026-04-26T09:16:03.841Z</time>
        <speed>0.07278548</speed>
      </trkpt>
      <trkpt lat="24.5599733" lon="102.9482304">
        <ele>1728.8485390419216</ele>
        <time>2026-04-26T09:22:19.838Z</time>
        <speed>0.11302383</speed>
      </trkpt>
      <trkpt lat="24.5599741" lon="102.9482607">
        <ele>1728.089774846193</ele>
        <time>2026-04-26T09:23:40.839Z</time>
        <speed>0.058114827</speed>
      </trkpt>
      <trkpt lat="24.55996" lon="102.9482328">
        <ele>1728.6609517857175</ele>
        <time>2026-04-26T09:28:41.839Z</time>
        <speed>0.053256445</speed>
      </trkpt>
      <trkpt lat="24.5599728" lon="102.9481941">
        <ele>1729.1041911727546</ele>
        <time>2026-04-26T09:28:58.114Z</time>
        <speed>1.5343213</speed>
      </trkpt>
      <trkpt lat="24.5600115" lon="102.9481404">
        <ele>1728.2438058295322</ele>
        <time>2026-04-26T09:29:02.038Z</time>
        <speed>1.5345314</speed>
      </trkpt>
      <trkpt lat="24.5600313" lon="102.9481199">
        <ele>1727.8360030134306</ele>
        <time>2026-04-26T09:29:04.096Z</time>
        <speed>1.420699</speed>
      </trkpt>
      <trkpt lat="24.5600355" lon="102.9480807">
        <ele>1726.9790278314083</ele>
        <time>2026-04-26T09:29:08.112Z</time>
        <speed>1.1197748</speed>
      </trkpt>
      <trkpt lat="24.5600374" lon="102.9481317">
        <ele>1727.1019769403863</ele>
        <time>2026-04-26T09:29:44.839Z</time>
        <speed>0.055136204</speed>
      </trkpt>
      <trkpt lat="24.5599978" lon="102.948133">
        <ele>1727.2657259708124</ele>
        <time>2026-04-26T09:29:54.875Z</time>
        <speed>1.1220859</speed>
      </trkpt>
      <trkpt lat="24.5599409" lon="102.9481323">
        <ele>1727.9881405923934</ele>
        <time>2026-04-26T09:29:58.855Z</time>
        <speed>1.3307076</speed>
      </trkpt>
      <trkpt lat="24.5599049" lon="102.9481185">
        <ele>1728.4333855925631</ele>
        <time>2026-04-26T09:30:04.837Z</time>
        <speed>0.17713141</speed>
      </trkpt>
      <trkpt lat="24.5599296" lon="102.9481043">
        <ele>1729.3130365073578</ele>
        <time>2026-04-26T09:30:12.834Z</time>
        <speed>0.05661117</speed>
      </trkpt>
      <trkpt lat="24.5599667" lon="102.9481584">
        <ele>1728.279465543452</ele>
        <time>2026-04-26T09:30:31.499Z</time>
        <speed>1.4119197</speed>
      </trkpt>
      <trkpt lat="24.559994" lon="102.9482069">
        <ele>1728.266329093008</ele>
        <time>2026-04-26T09:30:35.594Z</time>
        <speed>1.394698</speed>
      </trkpt>
      <trkpt lat="24.5600304" lon="102.9482374">
        <ele>1728.1173420356802</ele>
        <time>2026-04-26T09:30:40.576Z</time>
        <speed>1.2034338</speed>
      </trkpt>
      <trkpt lat="24.5600104" lon="102.948265">
        <ele>1729.4109062626974</ele>
        <time>2026-04-26T09:30:54.435Z</time>
        <speed>0.09030478</speed>
      </trkpt>
      <trkpt lat="24.5599825" lon="102.9482583">
        <ele>1729.1349431156088</ele>
        <time>2026-04-26T09:31:04.834Z</time>
        <speed>0.11595739</speed>
      </trkpt>
      <trkpt lat="24.5600064" lon="102.948243">
        <ele>1729.5910149849608</ele>
        <time>2026-04-26T09:31:37.837Z</time>
        <speed>0.07390098</speed>
      </trkpt>
      <trkpt lat="24.5599876" lon="102.9481971">
        <ele>1729.4936653027703</ele>
        <time>2026-04-26T09:32:01.837Z</time>
        <speed>0.6850878</speed>
      </trkpt>
      <trkpt lat="24.5600488" lon="102.948217">
        <ele>1728.5929721388757</ele>
        <time>2026-04-26T09:32:15.832Z</time>
        <speed>2.1991088</speed>
      </trkpt>
      <trkpt lat="24.5602446" lon="102.9481356">
        <ele>1727.500684153524</ele>
        <time>2026-04-26T09:32:23.215Z</time>
        <speed>2.9140158</speed>
      </trkpt>
      <trkpt lat="24.5605201" lon="102.9482842">
        <ele>1725.188498045878</ele>
        <time>2026-04-26T09:32:32.841Z</time>
        <speed>6.2935576</speed>
      </trkpt>
      <trkpt lat="24.5609703" lon="102.9488054">
        <ele>1720.4925823078274</ele>
        <time>2026-04-26T09:32:41.839Z</time>
        <speed>7.363733</speed>
      </trkpt>
      <trkpt lat="24.561157" lon="102.9488417">
        <ele>1718.290254392821</ele>
        <time>2026-04-26T09:32:45.839Z</time>
        <speed>5.4557676</speed>
      </trkpt>
      <trkpt lat="24.5613177" lon="102.9489177">
        <ele>1717.0354290219875</ele>
        <time>2026-04-26T09:32:49.841Z</time>
        <speed>4.2766194</speed>
      </trkpt>
      <trkpt lat="24.5614511" lon="102.9490114">
        <ele>1716.9153846743939</ele>
        <time>2026-04-26T09:32:53.837Z</time>
        <speed>5.196986</speed>
      </trkpt>
      <trkpt lat="24.5616698" lon="102.9491942">
        <ele>1717.5393949482461</ele>
        <time>2026-04-26T09:32:57.842Z</time>
        <speed>7.46</speed>
      </trkpt>
      <trkpt lat="24.5618333" lon="102.9492978">
        <ele>1716.8110040695901</ele>
        <time>2026-04-26T09:32:59.837Z</time>
        <speed>8.45</speed>
      </trkpt>
      <trkpt lat="24.562141" lon="102.9492877">
        <ele>1716.9104317079841</ele>
        <time>2026-04-26T09:33:03.840Z</time>
        <speed>9.73</speed>
      </trkpt>
      <trkpt lat="24.5625153" lon="102.949163">
        <ele>1716.60031317045</ele>
        <time>2026-04-26T09:33:07.837Z</time>
        <speed>10.78</speed>
      </trkpt>
      <trkpt lat="24.5630008" lon="102.9490809">
        <ele>1717.3503671978692</ele>
        <time>2026-04-26T09:33:11.835Z</time>
        <speed>12.82</speed>
      </trkpt>
      <trkpt lat="24.5635087" lon="102.9489439">
        <ele>1717.5232673568328</ele>
        <time>2026-04-26T09:33:15.839Z</time>
        <speed>13.8</speed>
      </trkpt>
      <trkpt lat="24.5639233" lon="102.9489267">
        <ele>1717.8890958468908</ele>
        <time>2026-04-26T09:33:19.835Z</time>
        <speed>14.17</speed>
      </trkpt>
      <trkpt lat="24.56418" lon="102.9488723">
        <ele>1717.9026593400997</ele>
        <time>2026-04-26T09:33:21.836Z</time>
        <speed>14.25</speed>
      </trkpt>
      <trkpt lat="24.5644389" lon="102.9488231">
        <ele>1717.6067889355736</ele>
        <time>2026-04-26T09:33:23.834Z</time>
        <speed>14.04</speed>
      </trkpt>
      <trkpt lat="24.5648701" lon="102.9487652">
        <ele>1717.9245192825542</ele>
        <time>2026-04-26T09:33:27.843Z</time>
        <speed>10.74</speed>
      </trkpt>
      <trkpt lat="24.5652022" lon="102.9487951">
        <ele>1716.0762135406442</ele>
        <time>2026-04-26T09:33:31.838Z</time>
        <speed>9.83</speed>
      </trkpt>
      <trkpt lat="24.5655288" lon="102.9488985">
        <ele>1717.0762403621507</ele>
        <time>2026-04-26T09:33:35.837Z</time>
        <speed>8.62</speed>
      </trkpt>
      <trkpt lat="24.5657705" lon="102.9491438">
        <ele>1717.2491118698972</ele>
        <time>2026-04-26T09:33:39.838Z</time>
        <speed>9.66</speed>
      </trkpt>
      <trkpt lat="24.565994" lon="102.9496131">
        <ele>1718.8038050038272</ele>
        <time>2026-04-26T09:33:43.837Z</time>
        <speed>11.59</speed>
      </trkpt>
      <trkpt lat="24.5664238" lon="102.950287">
        <ele>1720.005996282965</ele>
        <time>2026-04-26T09:33:50.834Z</time>
      </trkpt>
      <trkpt lat="24.56664" lon="102.9506596">
        <ele>1720.3557711898688</ele>
        <time>2026-04-26T09:33:54.836Z</time>
        <speed>10.43</speed>
      </trkpt>
      <trkpt lat="24.5667863" lon="102.9510791">
        <ele>1720.2020126890993</ele>
        <time>2026-04-26T09:33:58.835Z</time>
        <speed>11.65</speed>
      </trkpt>
      <trkpt lat="24.5667409" lon="102.95155">
        <ele>1720.3328208517328</ele>
        <time>2026-04-26T09:34:02.834Z</time>
        <speed>11.21</speed>
      </trkpt>
      <trkpt lat="24.5667338" lon="102.9519605">
        <ele>1720.4381418125547</ele>
        <time>2026-04-26T09:34:06.837Z</time>
        <speed>10.05</speed>
      </trkpt>
      <trkpt lat="24.5669566" lon="102.9522492">
        <ele>1720.4821633037423</ele>
        <time>2026-04-26T09:34:10.833Z</time>
        <speed>9.23</speed>
      </trkpt>
      <trkpt lat="24.5671942" lon="102.9524855">
        <ele>1719.424747311809</ele>
        <time>2026-04-26T09:34:14.835Z</time>
        <speed>9.14</speed>
      </trkpt>
      <trkpt lat="24.5674992" lon="102.9526923">
        <ele>1719.9932004309849</ele>
        <time>2026-04-26T09:34:18.834Z</time>
        <speed>9.78</speed>
      </trkpt>
      <trkpt lat="24.5678083" lon="102.9529716">
        <ele>1720.4418325991685</ele>
        <time>2026-04-26T09:34:22.841Z</time>
        <speed>9.71</speed>
      </trkpt>
      <trkpt lat="24.567958" lon="102.9533065">
        <ele>1719.4212553605003</ele>
        <time>2026-04-26T09:34:26.833Z</time>
        <speed>10.12</speed>
      </trkpt>
      <trkpt lat="24.5681188" lon="102.9536507">
        <ele>1718.7082021392982</ele>
        <time>2026-04-26T09:34:30.838Z</time>
        <speed>10.09</speed>
      </trkpt>
      <trkpt lat="24.5681364" lon="102.9540818">
        <ele>1718.3220536354604</ele>
        <time>2026-04-26T09:34:34.834Z</time>
        <speed>10.84</speed>
      </trkpt>
      <trkpt lat="24.5681084" lon="102.9544466">
        <ele>1716.918960262596</ele>
        <time>2026-04-26T09:34:38.837Z</time>
        <speed>10.36</speed>
      </trkpt>
      <trkpt lat="24.568022" lon="102.9548968">
        <ele>1714.1972449686345</ele>
        <time>2026-04-26T09:34:42.838Z</time>
        <speed>11.61</speed>
      </trkpt>
      <trkpt lat="24.5679744" lon="102.9553449">
        <ele>1712.9670406330074</ele>
        <time>2026-04-26T09:34:46.835Z</time>
        <speed>12.05</speed>
      </trkpt>
      <trkpt lat="24.5679279" lon="102.9557862">
        <ele>1710.4844894451612</ele>
        <time>2026-04-26T09:34:50.839Z</time>
        <speed>9.95</speed>
      </trkpt>
      <trkpt lat="24.568067" lon="102.9562017">
        <ele>1708.758648845727</ele>
        <time>2026-04-26T09:34:54.835Z</time>
        <speed>10.37</speed>
      </trkpt>
      <trkpt lat="24.5682712" lon="102.9565194">
        <ele>1707.4626149957764</ele>
        <time>2026-04-26T09:34:58.833Z</time>
        <speed>10.93</speed>
      </trkpt>
      <trkpt lat="24.5683864" lon="102.9566841">
        <ele>1704.8746176311329</ele>
        <time>2026-04-26T09:35:00.832Z</time>
        <speed>10.08</speed>
      </trkpt>
      <trkpt lat="24.5685767" lon="102.9569886">
        <ele>1702.9779422754425</ele>
        <time>2026-04-26T09:35:04.835Z</time>
        <speed>9.51</speed>
      </trkpt>
      <trkpt lat="24.5687861" lon="102.9573126">
        <ele>1698.819614723014</ele>
        <time>2026-04-26T09:35:08.839Z</time>
        <speed>9.03</speed>
      </trkpt>
      <trkpt lat="24.5688821" lon="102.9575077">
        <ele>1699.0739906725828</ele>
        <time>2026-04-26T09:35:12.834Z</time>
        <speed>3.5</speed>
      </trkpt>
      <trkpt lat="24.5689289" lon="102.9575542">
        <ele>1698.194157559743</ele>
        <time>2026-04-26T09:35:16.833Z</time>
        <speed>0.9</speed>
      </trkpt>
      <trkpt lat="24.5689481" lon="102.9575848">
        <ele>1696.95241286877</ele>
        <time>2026-04-26T09:35:20.835Z</time>
        <speed>0.0</speed>
      </trkpt>
      <trkpt lat="24.5689231" lon="102.9575605">
        <ele>1697.127466994425</ele>
        <time>2026-04-26T09:35:24.835Z</time>
        <speed>0.78</speed>
      </trkpt>
      <trkpt lat="24.5688468" lon="102.9575879">
        <ele>1696.98184908646</ele>
        <time>2026-04-26T09:35:28.840Z</time>
        <speed>0.23</speed>
      </trkpt>
      <trkpt lat="24.5688836" lon="102.9575509">
        <ele>1695.8427403020007</ele>
        <time>2026-04-26T09:35:32.836Z</time>
        <speed>0.6</speed>
      </trkpt>
      <trkpt lat="24.5688922" lon="102.9575918">
        <ele>1697.636578005566</ele>
        <time>2026-04-26T09:36:03.830Z</time>
        <speed>0.0</speed>
      </trkpt>
      <trkpt lat="24.5688643" lon="102.9576151">
        <ele>1697.5555313172606</ele>
        <time>2026-04-26T09:36:11.830Z</time>
        <speed>0.0</speed>
      </trkpt>
      <trkpt lat="24.5688919" lon="102.9575449">
        <ele>1697.2671246237294</ele>
        <time>2026-04-26T09:36:23.830Z</time>
        <speed>0.0</speed>
      </trkpt>
      <trkpt lat="24.5689222" lon="102.9575663">
        <ele>1696.837400641695</ele>
        <time>2026-04-26T09:36:31.818Z</time>
      </trkpt>
      <trkpt lat="24.5688503" lon="102.9574829">
        <ele>1697.424957741301</ele>
        <time>2026-04-26T09:36:35.830Z</time>
        <speed>0.98</speed>
      </trkpt>
      <trkpt lat="24.5687802" lon="102.9576249">
        <ele>1696.498479690385</ele>
        <time>2026-04-26T09:36:47.830Z</time>
        <speed>0.0</speed>
      </trkpt>
      <trkpt lat="24.5686099" lon="102.9577748">
        <ele>1697.4118296213592</ele>
        <time>2026-04-26T09:36:53.831Z</time>
        <speed>0.0</speed>
      </trkpt>
      <trkpt lat="24.5688516" lon="102.9574191">
        <ele>1697.1313702382886</ele>
        <time>2026-04-26T09:37:00.831Z</time>
        <speed>0.0</speed>
      </trkpt>
      <trkpt lat="24.5688841" lon="102.9573324">
        <ele>1696.732925821265</ele>
        <time>2026-04-26T09:37:45.830Z</time>
        <speed>0.0</speed>
      </trkpt>
      <trkpt lat="24.5688726" lon="102.9573737">
        <ele>1696.7762623829763</ele>
        <time>2026-04-26T09:37:47.831Z</time>
        <speed>0.0</speed>
      </trkpt>
      <trkpt lat="24.5688738" lon="102.9574066">
        <ele>1697.640991470521</ele>
        <time>2026-04-26T09:37:52.830Z</time>
        <speed>0.0</speed>
      </trkpt>
      <trkpt lat="24.5688419" lon="102.9574371">
        <ele>1697.6081622700965</ele>
        <time>2026-04-26T09:38:12.830Z</time>
        <speed>0.0</speed>
      </trkpt>
      <trkpt lat="24.5688157" lon="102.9574542">
        <ele>1698.3081219366295</ele>
        <time>2026-04-26T09:45:01.830Z</time>
        <speed>0.0</speed>
      </trkpt>
      <trkpt lat="24.5688418" lon="102.9574726">
        <ele>1696.5905058566052</ele>
        <time>2026-04-26T10:21:03.010Z</time>
        <speed>0.157324</speed>
      </trkpt>
      <trkpt lat="24.5688567" lon="102.9574992">
        <ele>1714.300048828125</ele>
        <time>2026-04-26T10:23:17.761Z</time>
        <speed>0.74895394</speed>
      </trkpt>
      <trkpt lat="24.5688307" lon="102.9575142">
        <ele>1714.300048828125</ele>
        <time>2026-04-26T10:23:33.024Z</time>
        <speed>0.14750221</speed>
      </trkpt>
      <trkpt lat="24.5688327" lon="102.9574551">
        <ele>1714.300048828125</ele>
        <time>2026-04-26T10:24:05.692Z</time>
      </trkpt>
      <trkpt lat="24.568852" lon="102.9574887">
        <ele>1714.300048828125</ele>
        <time>2026-04-26T10:24:22.792Z</time>
        <speed>0.10246929</speed>
      </trkpt>
      <trkpt lat="24.5689002" lon="102.9574636">
        <ele>1714.300048828125</ele>
        <time>2026-04-26T10:24:29.361Z</time>
        <speed>1.3476368</speed>
      </trkpt>
      <trkpt lat="24.5688696" lon="102.9575007">
        <ele>1714.300048828125</ele>
        <time>2026-04-26T10:24:40.820Z</time>
        <speed>0.0503615</speed>
      </trkpt>
      <trkpt lat="24.5688668" lon="102.9574489">
        <ele>1714.300048828125</ele>
        <time>2026-04-26T10:26:19.820Z</time>
        <speed>2.3473299</speed>
      </trkpt>
      <trkpt lat="24.568592" lon="102.9569191">
        <ele>1714.300048828125</ele>
        <time>2026-04-26T10:26:24.820Z</time>
        <speed>11.81</speed>
      </trkpt>
      <trkpt lat="24.5685078" lon="102.9567798">
        <ele>1715.94205465922</ele>
        <time>2026-04-26T10:26:26.821Z</time>
        <speed>5.84</speed>
      </trkpt>
      <trkpt lat="24.5684769" lon="102.9567148">
        <ele>1715.9420496499179</ele>
        <time>2026-04-26T10:26:28.820Z</time>
        <speed>1.04</speed>
      </trkpt>
      <trkpt lat="24.5684433" lon="102.9567075">
        <ele>1714.300048828125</ele>
        <time>2026-04-26T10:26:34.821Z</time>
        <speed>0.89</speed>
      </trkpt>
      <trkpt lat="24.5684474" lon="102.9567485">
        <ele>1714.5239984237103</ele>
        <time>2026-04-26T10:26:50.820Z</time>
        <speed>2.17</speed>
      </trkpt>
      <trkpt lat="24.5684676" lon="102.956796">
        <ele>1714.5201593369143</ele>
        <time>2026-04-26T10:26:52.821Z</time>
        <speed>3.11</speed>
      </trkpt>
      <trkpt lat="24.568532" lon="102.9568738">
        <ele>1714.5892639496158</ele>
        <time>2026-04-26T10:26:54.821Z</time>
        <speed>7.62</speed>
      </trkpt>
      <trkpt lat="24.5686279" lon="102.9570202">
        <ele>1714.6289358089264</ele>
        <time>2026-04-26T10:26:56.821Z</time>
        <speed>10.24</speed>
      </trkpt>
      <trkpt lat="24.5687417" lon="102.9571931">
        <ele>1714.6942028143774</ele>
        <time>2026-04-26T10:26:58.820Z</time>
        <speed>11.42</speed>
      </trkpt>
      <trkpt lat="24.5688674" lon="102.9573895">
        <ele>1714.8388174306629</ele>
        <time>2026-04-26T10:27:00.821Z</time>
        <speed>12.89</speed>
      </trkpt>
      <trkpt lat="24.569005" lon="102.9575987">
        <ele>1715.2182792334163</ele>
        <time>2026-04-26T10:27:02.820Z</time>
        <speed>13.16</speed>
      </trkpt>
      <trkpt lat="24.5691524" lon="102.9578248">
        <ele>1715.4115365261214</ele>
        <time>2026-04-26T10:27:04.820Z</time>
        <speed>14.44</speed>
      </trkpt>
      <trkpt lat="24.5692926" lon="102.9580382">
        <ele>1717.0403046586894</ele>
        <time>2026-04-26T10:27:06.821Z</time>
        <speed>12.91</speed>
      </trkpt>
      <trkpt lat="24.5694323" lon="102.9582396">
        <ele>1717.7015405609661</ele>
        <time>2026-04-26T10:27:08.821Z</time>
        <speed>12.81</speed>
      </trkpt>
      <trkpt lat="24.5695935" lon="102.9584357">
        <ele>1718.2654926221987</ele>
        <time>2026-04-26T10:27:10.821Z</time>
        <speed>13.54</speed>
      </trkpt>
      <trkpt lat="24.5697793" lon="102.9586004">
        <ele>1719.124573467508</ele>
        <time>2026-04-26T10:27:12.820Z</time>
        <speed>13.85</speed>
      </trkpt>
      <trkpt lat="24.569995" lon="102.9587607">
        <ele>1719.872367410848</ele>
        <time>2026-04-26T10:27:14.820Z</time>
        <speed>14.78</speed>
      </trkpt>
      <trkpt lat="24.5702305" lon="102.9589053">
        <ele>1722.2064163538091</ele>
        <time>2026-04-26T10:27:16.820Z</time>
        <speed>15.04</speed>
      </trkpt>
      <trkpt lat="24.5704716" lon="102.9590028">
        <ele>1722.2782373330062</ele>
        <time>2026-04-26T10:27:18.821Z</time>
        <speed>13.79</speed>
      </trkpt>
      <trkpt lat="24.5707193" lon="102.959072">
        <ele>1723.0198062702548</ele>
        <time>2026-04-26T10:27:20.820Z</time>
        <speed>13.91</speed>
      </trkpt>
      <trkpt lat="24.5709435" lon="102.9591205">
        <ele>1724.1087163474906</ele>
        <time>2026-04-26T10:27:22.820Z</time>
        <speed>12.46</speed>
      </trkpt>
      <trkpt lat="24.5711623" lon="102.9591391">
        <ele>1724.2791416811933</ele>
        <time>2026-04-26T10:27:24.821Z</time>
        <speed>11.76</speed>
      </trkpt>
      <trkpt lat="24.5713782" lon="102.9591276">
        <ele>1724.7384573647807</ele>
        <time>2026-04-26T10:27:26.821Z</time>
        <speed>12.12</speed>
      </trkpt>
      <trkpt lat="24.5715586" lon="102.9590929">
        <ele>1725.426610309286</ele>
        <time>2026-04-26T10:27:28.821Z</time>
        <speed>8.43</speed>
      </trkpt>
      <trkpt lat="24.5716728" lon="102.9590731">
        <ele>1725.683396046961</ele>
        <time>2026-04-26T10:27:30.821Z</time>
        <speed>5.08</speed>
      </trkpt>
      <trkpt lat="24.5717587" lon="102.9590524">
        <ele>1725.683396046961</ele>
        <time>2026-04-26T10:27:32.820Z</time>
        <speed>5.03</speed>
      </trkpt>
      <trkpt lat="24.5718583" lon="102.9590142">
        <ele>1725.919174374574</ele>
        <time>2026-04-26T10:27:34.820Z</time>
        <speed>5.27</speed>
      </trkpt>
      <trkpt lat="24.5719658" lon="102.9589827">
        <ele>1725.9588985334422</ele>
        <time>2026-04-26T10:27:36.821Z</time>
        <speed>7.12</speed>
      </trkpt>
      <trkpt lat="24.572074" lon="102.9589464">
        <ele>1725.9326648195456</ele>
        <time>2026-04-26T10:27:38.821Z</time>
        <speed>6.39</speed>
      </trkpt>
      <trkpt lat="24.5721431" lon="102.9589053">
        <ele>1726.0166981713203</ele>
        <time>2026-04-26T10:27:40.821Z</time>
        <speed>2.74</speed>
      </trkpt>
      <trkpt lat="24.5722099" lon="102.9588739">
        <ele>1726.0564232387792</ele>
        <time>2026-04-26T10:27:42.821Z</time>
        <speed>3.61</speed>
      </trkpt>
      <trkpt lat="24.5723093" lon="102.9588263">
        <ele>1726.331940853062</ele>
        <time>2026-04-26T10:27:44.820Z</time>
        <speed>8.61</speed>
      </trkpt>
      <trkpt lat="24.5724625" lon="102.9587454">
        <ele>1726.4370243149363</ele>
        <time>2026-04-26T10:27:46.820Z</time>
        <speed>10.26</speed>
      </trkpt>
      <trkpt lat="24.5726547" lon="102.9586393">
        <ele>1726.6937713598415</ele>
        <time>2026-04-26T10:27:48.820Z</time>
        <speed>12.28</speed>
      </trkpt>
      <trkpt lat="24.5728417" lon="102.9585372">
        <ele>1728.0844506642777</ele>
        <time>2026-04-26T10:27:50.820Z</time>
        <speed>11.02</speed>
      </trkpt>
      <trkpt lat="24.5730004" lon="102.9584446">
        <ele>1729.2400242118756</ele>
        <time>2026-04-26T10:27:52.820Z</time>
        <speed>9.49</speed>
      </trkpt>
      <trkpt lat="24.5731418" lon="102.9583681">
        <ele>1729.5343592900442</ele>
        <time>2026-04-26T10:27:54.820Z</time>
        <speed>8.32</speed>
      </trkpt>
      <trkpt lat="24.5732894" lon="102.9583009">
        <ele>1729.5997402681246</ele>
        <time>2026-04-26T10:27:56.821Z</time>
        <speed>8.58</speed>
      </trkpt>
      <trkpt lat="24.5734353" lon="102.9582489">
        <ele>1729.665762740578</ele>
        <time>2026-04-26T10:27:58.821Z</time>
        <speed>8.47</speed>
      </trkpt>
      <trkpt lat="24.5736035" lon="102.958215">
        <ele>1729.7777593529645</ele>
        <time>2026-04-26T10:28:00.821Z</time>
        <speed>9.97</speed>
      </trkpt>
      <trkpt lat="24.5737775" lon="102.9581963">
        <ele>1730.0796748490643</ele>
        <time>2026-04-26T10:28:02.820Z</time>
        <speed>9.46</speed>
      </trkpt>
      <trkpt lat="24.5739338" lon="102.9581981">
        <ele>1730.802186020181</ele>
        <time>2026-04-26T10:28:04.820Z</time>
        <speed>8.71</speed>
      </trkpt>
      <trkpt lat="24.5740782" lon="102.9582188">
        <ele>1732.0889230322548</ele>
        <time>2026-04-26T10:28:06.821Z</time>
        <speed>7.66</speed>
      </trkpt>
      <trkpt lat="24.5742204" lon="102.9582617">
        <ele>1732.4899280301208</ele>
        <time>2026-04-26T10:28:08.821Z</time>
        <speed>8.56</speed>
      </trkpt>
      <trkpt lat="24.5743613" lon="102.9583077">
        <ele>1733.1977422642415</ele>
        <time>2026-04-26T10:28:10.820Z</time>
        <speed>7.97</speed>
      </trkpt>
      <trkpt lat="24.5745006" lon="102.9583722">
        <ele>1734.1240638602333</ele>
        <time>2026-04-26T10:28:12.820Z</time>
        <speed>8.69</speed>
      </trkpt>
      <trkpt lat="24.5746548" lon="102.9584337">
        <ele>1735.1356097400992</ele>
        <time>2026-04-26T10:28:14.821Z</time>
        <speed>9.28</speed>
      </trkpt>
      <trkpt lat="24.5748023" lon="102.9584973">
        <ele>1736.5018955042851</ele>
        <time>2026-04-26T10:28:16.821Z</time>
        <speed>8.79</speed>
      </trkpt>
      <trkpt lat="24.5749516" lon="102.9585639">
        <ele>1738.455568465254</ele>
        <time>2026-04-26T10:28:18.820Z</time>
        <speed>9.62</speed>
      </trkpt>
      <trkpt lat="24.5751073" lon="102.9586338">
        <ele>1738.8405547096518</ele>
        <time>2026-04-26T10:28:20.821Z</time>
        <speed>9.15</speed>
      </trkpt>
      <trkpt lat="24.5752637" lon="102.958679">
        <ele>1739.859966205213</ele>
        <time>2026-04-26T10:28:22.821Z</time>
        <speed>9.02</speed>
      </trkpt>
      <trkpt lat="24.57543" lon="102.9586967">
        <ele>1741.4097981137768</ele>
        <time>2026-04-26T10:28:24.820Z</time>
        <speed>9.44</speed>
      </trkpt>
      <trkpt lat="24.5758572" lon="102.9585918">
        <ele>1745.3874056350928</ele>
        <time>2026-04-26T10:28:29.820Z</time>
        <speed>9.56</speed>
      </trkpt>
      <trkpt lat="24.5760712" lon="102.9584676">
        <ele>1748.0315963862765</ele>
        <time>2026-04-26T10:28:32.820Z</time>
        <speed>8.89</speed>
      </trkpt>
      <trkpt lat="24.576399" lon="102.9582771">
        <ele>1749.046681357512</ele>
        <time>2026-04-26T10:28:36.820Z</time>
        <speed>9.59</speed>
      </trkpt>
      <trkpt lat="24.5767407" lon="102.9580805">
        <ele>1751.4264399869253</ele>
        <time>2026-04-26T10:28:40.820Z</time>
        <speed>10.61</speed>
      </trkpt>
      <trkpt lat="24.5770971" lon="102.9578966">
        <ele>1753.703398456972</ele>
        <time>2026-04-26T10:28:44.821Z</time>
        <speed>10.77</speed>
      </trkpt>
      <trkpt lat="24.5774516" lon="102.9577077">
        <ele>1754.187107652458</ele>
        <time>2026-04-26T10:28:48.820Z</time>
        <speed>11.2</speed>
      </trkpt>
      <trkpt lat="24.5777992" lon="102.9575892">
        <ele>1755.4021095562814</ele>
        <time>2026-04-26T10:28:52.820Z</time>
        <speed>9.49</speed>
      </trkpt>
      <trkpt lat="24.5781466" lon="102.9574818">
        <ele>1755.8437602726715</ele>
        <time>2026-04-26T10:28:56.821Z</time>
        <speed>10.22</speed>
      </trkpt>
      <trkpt lat="24.5784987" lon="102.9574148">
        <ele>1757.8326509973292</ele>
        <time>2026-04-26T10:29:00.820Z</time>
        <speed>10.11</speed>
      </trkpt>
      <trkpt lat="24.5789062" lon="102.9573509">
        <ele>1759.5432078372341</ele>
        <time>2026-04-26T10:29:04.820Z</time>
        <speed>11.76</speed>
      </trkpt>
      <trkpt lat="24.5796245" lon="102.9573354">
        <ele>1761.4082269495395</ele>
        <time>2026-04-26T10:29:08.821Z</time>
        <speed>21.28</speed>
      </trkpt>
      <trkpt lat="24.5804922" lon="102.957455">
        <ele>1762.1198127733785</ele>
        <time>2026-04-26T10:29:12.821Z</time>
        <speed>23.51</speed>
      </trkpt>
      <trkpt lat="24.5812419" lon="102.95768">
        <ele>1761.0524561158268</ele>
        <time>2026-04-26T10:29:16.820Z</time>
        <speed>21.41</speed>
      </trkpt>
      <trkpt lat="24.5818926" lon="102.9579092">
        <ele>1758.4175613263128</ele>
        <time>2026-04-26T10:29:20.821Z</time>
        <speed>18.17</speed>
      </trkpt>
      <trkpt lat="24.5823797" lon="102.9580637">
        <ele>1756.152293787418</ele>
        <time>2026-04-26T10:29:24.821Z</time>
        <speed>13.57</speed>
      </trkpt>
      <trkpt lat="24.5827636" lon="102.9582053">
        <ele>1754.4763826294322</ele>
        <time>2026-04-26T10:29:28.820Z</time>
        <speed>8.94</speed>
      </trkpt>
      <trkpt lat="24.5829221" lon="102.9582301">
        <ele>1753.3347498299868</ele>
        <time>2026-04-26T10:29:30.820Z</time>
        <speed>9.09</speed>
      </trkpt>
      <trkpt lat="24.5831218" lon="102.9580797">
        <ele>1751.1572503124278</ele>
        <time>2026-04-26T10:29:34.821Z</time>
        <speed>5.62</speed>
      </trkpt>
      <trkpt lat="24.5831459" lon="102.9578594">
        <ele>1749.7553301202354</ele>
        <time>2026-04-26T10:29:38.820Z</time>
        <speed>6.61</speed>
      </trkpt>
      <trkpt lat="24.5830034" lon="102.9576287">
        <ele>1749.195392782864</ele>
        <time>2026-04-26T10:29:42.820Z</time>
        <speed>9.18</speed>
      </trkpt>
      <trkpt lat="24.5827169" lon="102.9573905">
        <ele>1749.1628672489549</ele>
        <time>2026-04-26T10:29:46.820Z</time>
        <speed>9.87</speed>
      </trkpt>
      <trkpt lat="24.5823505" lon="102.957335">
        <ele>1748.8076026193285</ele>
        <time>2026-04-26T10:29:50.821Z</time>
        <speed>11.2</speed>
      </trkpt>
      <trkpt lat="24.5819551" lon="102.9572563">
        <ele>1747.5710363950486</ele>
        <time>2026-04-26T10:29:54.821Z</time>
        <speed>11.38</speed>
      </trkpt>
      <trkpt lat="24.5815533" lon="102.9570248">
        <ele>1746.5189709502777</ele>
        <time>2026-04-26T10:29:58.820Z</time>
        <speed>11.94</speed>
      </trkpt>
      <trkpt lat="24.5813193" lon="102.9566255">
        <ele>1745.4137343506748</ele>
        <time>2026-04-26T10:30:02.821Z</time>
        <speed>11.49</speed>
      </trkpt>
      <trkpt lat="24.5812529" lon="102.9561178">
        <ele>1744.187391774356</ele>
        <time>2026-04-26T10:30:06.821Z</time>
        <speed>14.84</speed>
      </trkpt>
      <trkpt lat="24.5812311" lon="102.9555553">
        <ele>1743.099771846234</ele>
        <time>2026-04-26T10:30:10.820Z</time>
        <speed>12.54</speed>
      </trkpt>
      <trkpt lat="24.5813608" lon="102.9550913">
        <ele>1741.2668223264147</ele>
        <time>2026-04-26T10:30:14.821Z</time>
        <speed>11.0</speed>
      </trkpt>
      <trkpt lat="24.5815618" lon="102.9546511">
        <ele>1739.08475333782</ele>
        <time>2026-04-26T10:30:18.820Z</time>
        <speed>14.81</speed>
      </trkpt>
      <trkpt lat="24.5817218" lon="102.95413">
        <ele>1738.3864646098884</ele>
        <time>2026-04-26T10:30:22.820Z</time>
        <speed>12.45</speed>
      </trkpt>
      <trkpt lat="24.5818566" lon="102.9537064">
        <ele>1736.686007880896</ele>
        <time>2026-04-26T10:30:26.821Z</time>
        <speed>10.49</speed>
      </trkpt>
      <trkpt lat="24.5820791" lon="102.953382">
        <ele>1735.4377133933756</ele>
        <time>2026-04-26T10:30:30.821Z</time>
        <speed>10.68</speed>
      </trkpt>
      <trkpt lat="24.5822383" lon="102.9530989">
        <ele>1735.0304211499977</ele>
        <time>2026-04-26T10:30:34.820Z</time>
        <speed>5.45</speed>
      </trkpt>
      <trkpt lat="24.5822613" lon="102.9530219">
        <ele>1734.8861096289027</ele>
        <time>2026-04-26T10:30:36.820Z</time>
        <speed>4.48</speed>
      </trkpt>
      <trkpt lat="24.5822905" lon="102.9527415">
        <ele>1734.2781736226123</ele>
        <time>2026-04-26T10:30:41.821Z</time>
        <speed>4.39</speed>
      </trkpt>
      <trkpt lat="24.5820825" lon="102.952568">
        <ele>1734.369885168467</ele>
        <time>2026-04-26T10:30:45.820Z</time>
        <speed>11.15</speed>
      </trkpt>
      <trkpt lat="24.5817582" lon="102.9523797">
        <ele>1734.4599559584863</ele>
        <time>2026-04-26T10:30:49.821Z</time>
        <speed>8.1</speed>
      </trkpt>
      <trkpt lat="24.5815174" lon="102.9522721">
        <ele>1734.354773793083</ele>
        <time>2026-04-26T10:30:53.821Z</time>
        <speed>7.68</speed>
      </trkpt>
      <trkpt lat="24.5814028" lon="102.9522331">
        <ele>1733.4209038649694</ele>
        <time>2026-04-26T10:30:57.821Z</time>
        <speed>0.71</speed>
      </trkpt>
      <trkpt lat="24.5814381" lon="102.9522465">
        <ele>1731.2671231738432</ele>
        <time>2026-04-26T10:31:01.821Z</time>
        <speed>2.52</speed>
      </trkpt>
      <trkpt lat="24.5815302" lon="102.9522856">
        <ele>1731.3662998299012</ele>
        <time>2026-04-26T10:31:05.821Z</time>
        <speed>3.19</speed>
      </trkpt>
      <trkpt lat="24.5815786" lon="102.9523036">
        <ele>1731.9965406451558</ele>
        <time>2026-04-26T10:31:09.821Z</time>
        <speed>0.97</speed>
      </trkpt>
      <trkpt lat="24.5816135" lon="102.9523071">
        <ele>1732.574805353475</ele>
        <time>2026-04-26T10:31:13.821Z</time>
        <speed>0.74</speed>
      </trkpt>
      <trkpt lat="24.5816435" lon="102.9523191">
        <ele>1732.745452444941</ele>
        <time>2026-04-26T10:31:17.820Z</time>
        <speed>1.36</speed>
      </trkpt>
      <trkpt lat="24.5816953" lon="102.9523289">
        <ele>1732.8333648468404</ele>
        <time>2026-04-26T10:31:21.820Z</time>
        <speed>1.29</speed>
      </trkpt>
      <trkpt lat="24.5816614" lon="102.9522921">
        <ele>1733.09397065289</ele>
        <time>2026-04-26T10:31:29.821Z</time>
        <speed>0.25</speed>
      </trkpt>
      <trkpt lat="24.5816872" lon="102.9523205">
        <ele>1732.7807842848729</ele>
        <time>2026-04-26T10:32:43.820Z</time>
        <speed>0.0</speed>
      </trkpt>
      <trkpt lat="24.5816614" lon="102.9522745">
        <ele>1732.7727758277847</ele>
        <time>2026-04-26T10:33:49.821Z</time>
        <speed>1.57</speed>
      </trkpt>
      <trkpt lat="24.581662" lon="102.9522074">
        <ele>1732.6665828045761</ele>
        <time>2026-04-26T10:33:53.820Z</time>
        <speed>1.69</speed>
      </trkpt>
      <trkpt lat="24.5816758" lon="102.9521385">
        <ele>1732.1414448602713</ele>
        <time>2026-04-26T10:33:57.820Z</time>
        <speed>2.13</speed>
      </trkpt>
      <trkpt lat="24.5816913" lon="102.9520796">
        <ele>1731.8356714459712</ele>
        <time>2026-04-26T10:34:01.820Z</time>
        <speed>1.47</speed>
      </trkpt>
      <trkpt lat="24.5817015" lon="102.9520269">
        <ele>1731.7236973271672</ele>
        <time>2026-04-26T10:34:05.820Z</time>
        <speed>1.41</speed>
      </trkpt>
      <trkpt lat="24.5817126" lon="102.9519959">
        <ele>1732.2796131681528</ele>
        <time>2026-04-26T10:34:09.820Z</time>
        <speed>0.84</speed>
      </trkpt>
      <trkpt lat="24.5817343" lon="102.9519525">
        <ele>1732.4764625952168</ele>
        <time>2026-04-26T10:34:11.968Z</time>
        <speed>1.3770059</speed>
      </trkpt>
      <trkpt lat="24.5817706" lon="102.9519309">
        <ele>1732.9686567450426</ele>
        <time>2026-04-26T10:34:17.820Z</time>
        <speed>1.3895016</speed>
      </trkpt>
      <trkpt lat="24.5818081" lon="102.9519448">
        <ele>1732.1467802819575</ele>
        <time>2026-04-26T10:34:21.820Z</time>
        <speed>1.9285665</speed>
      </trkpt>
      <trkpt lat="24.5818492" lon="102.9519219">
        <ele>1731.595381192269</ele>
        <time>2026-04-26T10:34:25.950Z</time>
        <speed>1.6321064</speed>
      </trkpt>
      <trkpt lat="24.581878" lon="102.9519076">
        <ele>1731.451125637046</ele>
        <time>2026-04-26T10:34:27.767Z</time>
        <speed>1.6250732</speed>
      </trkpt>
      <trkpt lat="24.5819055" lon="102.9519029">
        <ele>1730.7903052217398</ele>
        <time>2026-04-26T10:34:31.885Z</time>
        <speed>1.4265103</speed>
      </trkpt>
      <trkpt lat="24.5819237" lon="102.9518719">
        <ele>1730.802109825423</ele>
        <time>2026-04-26T10:34:33.821Z</time>
        <speed>1.4223853</speed>
      </trkpt>
      <trkpt lat="24.5819698" lon="102.9518024">
        <ele>1730.6933111207657</ele>
        <time>2026-04-26T10:34:39.811Z</time>
        <speed>1.4902653</speed>
      </trkpt>
      <trkpt lat="24.581997" lon="102.9517743">
        <ele>1730.6932110120483</ele>
        <time>2026-04-26T10:34:41.821Z</time>
        <speed>1.6492853</speed>
      </trkpt>
      <trkpt lat="24.582029" lon="102.9517563">
        <ele>1730.325245408774</ele>
        <time>2026-04-26T10:34:43.767Z</time>
        <speed>1.7346522</speed>
      </trkpt>
      <trkpt lat="24.5820586" lon="102.9517412">
        <ele>1730.1478853214642</ele>
        <time>2026-04-26T10:34:45.647Z</time>
        <speed>1.7332687</speed>
      </trkpt>
      <trkpt lat="24.5820851" lon="102.9517236">
        <ele>1730.4632810480398</ele>
        <time>2026-04-26T10:34:47.464Z</time>
        <speed>1.7451676</speed>
      </trkpt>
      <trkpt lat="24.5821157" lon="102.9517124">
        <ele>1730.3446857695094</ele>
        <time>2026-04-26T10:34:49.291Z</time>
        <speed>1.7330759</speed>
      </trkpt>
      <trkpt lat="24.5821698" lon="102.9516953">
        <ele>1730.1523879248502</ele>
        <time>2026-04-26T10:34:53.002Z</time>
        <speed>1.6848463</speed>
      </trkpt>
      <trkpt lat="24.58222" lon="102.9516819">
        <ele>1729.4909181752898</ele>
        <time>2026-04-26T10:34:56.727Z</time>
        <speed>1.6596901</speed>
      </trkpt>
      <trkpt lat="24.5822768" lon="102.9516817">
        <ele>1729.1536211166629</ele>
        <time>2026-04-26T10:35:00.529Z</time>
        <speed>1.6575174</speed>
      </trkpt>
      <trkpt lat="24.5823061" lon="102.9516757">
        <ele>1729.1627373221895</ele>
        <time>2026-04-26T10:35:02.488Z</time>
        <speed>1.6323526</speed>
      </trkpt>
      <trkpt lat="24.5823578" lon="102.9516499">
        <ele>1729.127341830946</ele>
        <time>2026-04-26T10:35:06.311Z</time>
        <speed>1.6609511</speed>
      </trkpt>
      <trkpt lat="24.5823898" lon="102.9516214">
        <ele>1728.4275817962703</ele>
        <time>2026-04-26T10:35:10.168Z</time>
        <speed>1.657183</speed>
      </trkpt>
      <trkpt lat="24.5823966" lon="102.9515774">
        <ele>1728.2961959922147</ele>
        <time>2026-04-26T10:35:12.049Z</time>
        <speed>1.6198798</speed>
      </trkpt>
      <trkpt lat="24.5824176" lon="102.951551">
        <ele>1728.2301833946146</ele>
        <time>2026-04-26T10:35:13.973Z</time>
        <speed>1.6096725</speed>
      </trkpt>
      <trkpt lat="24.5824616" lon="102.9515323">
        <ele>1727.910223869209</ele>
        <time>2026-04-26T10:35:17.890Z</time>
        <speed>1.6073458</speed>
      </trkpt>
      <trkpt lat="24.5824994" lon="102.9514853">
        <ele>1727.7133985860914</ele>
        <time>2026-04-26T10:35:23.689Z</time>
        <speed>1.6647362</speed>
      </trkpt>
      <trkpt lat="24.5825253" lon="102.9514661">
        <ele>1727.5354175118368</ele>
        <time>2026-04-26T10:35:25.747Z</time>
        <speed>1.6264493</speed>
      </trkpt>
      <trkpt lat="24.5825436" lon="102.9514369">
        <ele>1727.5142825504502</ele>
        <time>2026-04-26T10:35:31.607Z</time>
        <speed>1.6384586</speed>
      </trkpt>
      <trkpt lat="24.5825714" lon="102.9514265">
        <ele>1727.5931063317166</ele>
        <time>2026-04-26T10:35:33.423Z</time>
        <speed>1.7088393</speed>
      </trkpt>
      <trkpt lat="24.5826047" lon="102.9514415">
        <ele>1727.4041064467851</ele>
        <time>2026-04-26T10:35:35.888Z</time>
        <speed>1.9498278</speed>
      </trkpt>
      <trkpt lat="24.5826453" lon="102.9514588">
        <ele>1727.526379748691</ele>
        <time>2026-04-26T10:35:40.032Z</time>
        <speed>1.8537383</speed>
      </trkpt>
      <trkpt lat="24.582637" lon="102.9513719">
        <ele>1727.2764565990717</ele>
        <time>2026-04-26T10:35:44.426Z</time>
        <speed>1.5359029</speed>
      </trkpt>
      <trkpt lat="24.5826321" lon="102.9513389">
        <ele>1727.3950089825087</ele>
        <time>2026-04-26T10:35:46.446Z</time>
        <speed>1.5383433</speed>
      </trkpt>
      <trkpt lat="24.5826096" lon="102.951289">
        <ele>1727.2855537669723</ele>
        <time>2026-04-26T10:35:50.821Z</time>
        <speed>1.3662778</speed>
      </trkpt>
      <trkpt lat="24.5825934" lon="102.9512603">
        <ele>1727.4431984455782</ele>
        <time>2026-04-26T10:35:52.869Z</time>
        <speed>1.5192908</speed>
      </trkpt>
      <trkpt lat="24.5825929" lon="102.9512184">
        <ele>1727.3790924957268</ele>
        <time>2026-04-26T10:35:56.787Z</time>
        <speed>1.5333959</speed>
      </trkpt>
      <trkpt lat="24.5826295" lon="102.9512144">
        <ele>1727.0572745022703</ele>
        <time>2026-04-26T10:36:00.627Z</time>
        <speed>1.129175</speed>
      </trkpt>
      <trkpt lat="24.5825273" lon="102.9512018">
        <ele>1726.8055418160309</ele>
        <time>2026-04-26T10:36:06.821Z</time>
        <speed>0.8488981</speed>
      </trkpt>
      <trkpt lat="24.5825918" lon="102.9512254">
        <ele>1726.7792695480518</ele>
        <time>2026-04-26T10:36:08.946Z</time>
        <speed>0.21578409</speed>
      </trkpt>
      <trkpt lat="24.5825566" lon="102.9511973">
        <ele>1726.6741812787259</ele>
        <time>2026-04-26T10:36:10.820Z</time>
        <speed>1.233549</speed>
      </trkpt>
      <trkpt lat="24.5825241" lon="102.9511779">
        <ele>1726.0577747269551</ele>
        <time>2026-04-26T10:36:12.805Z</time>
        <speed>1.2226471</speed>
      </trkpt>
      <trkpt lat="24.5825162" lon="102.9510806">
        <ele>1725.413156009299</ele>
        <time>2026-04-26T10:36:17.209Z</time>
        <speed>1.617078</speed>
      </trkpt>
      <trkpt lat="24.5825357" lon="102.9510495">
        <ele>1725.28181751984</ele>
        <time>2026-04-26T10:36:19.191Z</time>
        <speed>1.6445452</speed>
      </trkpt>
      <trkpt lat="24.5825534" lon="102.9509889">
        <ele>1724.8231095563883</ele>
        <time>2026-04-26T10:36:23.147Z</time>
        <speed>1.6236699</speed>
      </trkpt>
      <trkpt lat="24.5825945" lon="102.9509487">
        <ele>1724.6257957795092</ele>
        <time>2026-04-26T10:36:25.070Z</time>
        <speed>1.6238401</speed>
      </trkpt>
      <trkpt lat="24.5826191" lon="102.9509219">
        <ele>1724.612983353121</ele>
        <time>2026-04-26T10:36:26.907Z</time>
        <speed>1.620644</speed>
      </trkpt>
      <trkpt lat="24.5825918" lon="102.950874">
        <ele>1724.1511865984767</ele>
        <time>2026-04-26T10:36:34.471Z</time>
        <speed>1.4821677</speed>
      </trkpt>
      <trkpt lat="24.5825908" lon="102.950837">
        <ele>1724.0986582523508</ele>
        <time>2026-04-26T10:36:36.491Z</time>
        <speed>1.5549343</speed>
      </trkpt>
      <trkpt lat="24.5825606" lon="102.9508095">
        <ele>1723.9736487927155</ele>
        <time>2026-04-26T10:36:38.671Z</time>
        <speed>1.555264</speed>
      </trkpt>
      <trkpt lat="24.5825474" lon="102.9507773">
        <ele>1723.6066088805974</ele>
        <time>2026-04-26T10:36:40.692Z</time>
        <speed>1.589494</speed>
      </trkpt>
      <trkpt lat="24.5825241" lon="102.9507447">
        <ele>1723.1057870402178</ele>
        <time>2026-04-26T10:36:44.821Z</time>
        <speed>1.5176904</speed>
      </trkpt>
      <trkpt lat="24.5825313" lon="102.9506966">
        <ele>1723.5125220272957</ele>
        <time>2026-04-26T10:36:52.667Z</time>
        <speed>1.1370225</speed>
      </trkpt>
      <trkpt lat="24.5824704" lon="102.9506648">
        <ele>1725.1070207994514</ele>
        <time>2026-04-26T10:37:10.010Z</time>
        <speed>1.2668256</speed>
      </trkpt>
      <trkpt lat="24.5824179" lon="102.9506405">
        <ele>1725.9879586863367</ele>
        <time>2026-04-26T10:37:13.991Z</time>
        <speed>1.4278282</speed>
      </trkpt>
      <trkpt lat="24.5823917" lon="102.9506247">
        <ele>1726.0270432059835</ele>
        <time>2026-04-26T10:37:15.988Z</time>
        <speed>1.472354</speed>
      </trkpt>
      <trkpt lat="24.5823409" lon="102.950606">
        <ele>1726.3088506769918</ele>
        <time>2026-04-26T10:37:19.967Z</time>
        <speed>1.4801368</speed>
      </trkpt>
      <trkpt lat="24.5822966" lon="102.9505826">
        <ele>1726.5061281703017</ele>
        <time>2026-04-26T10:37:24.050Z</time>
        <speed>1.4331528</speed>
      </trkpt>
      <trkpt lat="24.5822691" lon="102.9505647">
        <ele>1726.5774124290874</ele>
        <time>2026-04-26T10:37:26.309Z</time>
        <speed>1.3633041</speed>
      </trkpt>
      <trkpt lat="24.582244" lon="102.9505496">
        <ele>1726.7484998237007</ele>
        <time>2026-04-26T10:37:28.426Z</time>
        <speed>1.3612331</speed>
      </trkpt>
      <trkpt lat="24.5822078" lon="102.9505319">
        <ele>1727.0419958395914</ele>
        <time>2026-04-26T10:37:32.469Z</time>
        <speed>1.4711761</speed>
      </trkpt>
      <trkpt lat="24.582169" lon="102.9505336">
        <ele>1727.2912728389192</ele>
        <time>2026-04-26T10:37:36.625Z</time>
        <speed>1.5083597</speed>
      </trkpt>
      <trkpt lat="24.582142" lon="102.9504922">
        <ele>1727.2464624964869</ele>
        <time>2026-04-26T10:37:38.568Z</time>
        <speed>1.6164247</speed>
      </trkpt>
      <trkpt lat="24.5821174" lon="102.950467">
        <ele>1727.3650156043063</ele>
        <time>2026-04-26T10:37:40.666Z</time>
        <speed>1.5846285</speed>
      </trkpt>
      <trkpt lat="24.5820852" lon="102.9504906">
        <ele>1727.4303807194499</ele>
        <time>2026-04-26T10:37:42.827Z</time>
        <speed>1.4733777</speed>
      </trkpt>
      <trkpt lat="24.5820436" lon="102.9504772">
        <ele>1728.6940656723423</ele>
        <time>2026-04-26T10:37:46.684Z</time>
        <speed>1.3899766</speed>
      </trkpt>
      <trkpt lat="24.5820034" lon="102.9504447">
        <ele>1728.7685533442898</ele>
        <time>2026-04-26T10:37:50.820Z</time>
        <speed>1.2405745</speed>
      </trkpt>
      <trkpt lat="24.5819677" lon="102.9504296">
        <ele>1728.78327009496</ele>
        <time>2026-04-26T10:37:53.809Z</time>
        <speed>1.2099996</speed>
      </trkpt>
      <trkpt lat="24.5819582" lon="102.9504614">
        <ele>1728.446115574508</ele>
        <time>2026-04-26T10:38:10.820Z</time>
        <speed>0.13031293</speed>
      </trkpt>
      <trkpt lat="24.581933" lon="102.9504461">
        <ele>1728.3878453901382</ele>
        <time>2026-04-26T10:38:27.505Z</time>
        <speed>0.06667948</speed>
      </trkpt>
      <trkpt lat="24.5819652" lon="102.9504611">
        <ele>1728.9146631156746</ele>
        <time>2026-04-26T10:39:18.821Z</time>
        <speed>0.09385065</speed>
      </trkpt>
      <trkpt lat="24.5819306" lon="102.9504625">
        <ele>1728.690358354679</ele>
        <time>2026-04-26T10:39:38.821Z</time>
        <speed>0.114120625</speed>
      </trkpt>
      <trkpt lat="24.5819629" lon="102.9504361">
        <ele>1729.025952758743</ele>
        <time>2026-04-26T10:39:58.820Z</time>
        <speed>0.124649964</speed>
      </trkpt>
      <trkpt lat="24.5819224" lon="102.9504357">
        <ele>1728.7614492005002</ele>
        <time>2026-04-26T10:40:10.820Z</time>
        <speed>0.06257408</speed>
      </trkpt>
      <trkpt lat="24.5818881" lon="102.9504477">
        <ele>1728.8743074595145</ele>
        <time>2026-04-26T10:41:04.888Z</time>
        <speed>0.14750187</speed>
      </trkpt>
      <trkpt lat="24.5819239" lon="102.9504686">
        <ele>1728.8749245269212</ele>
        <time>2026-04-26T10:41:14.820Z</time>
        <speed>0.09749901</speed>
      </trkpt>
      <trkpt lat="24.5818847" lon="102.950454">
        <ele>1728.7954716470863</ele>
        <time>2026-04-26T10:42:10.820Z</time>
        <speed>0.27665734</speed>
      </trkpt>
      <trkpt lat="24.5818668" lon="102.9504821">
        <ele>1728.9042916147944</ele>
        <time>2026-04-26T10:42:17.067Z</time>
        <speed>0.30774486</speed>
      </trkpt>
      <trkpt lat="24.5818366" lon="102.9504837">
        <ele>1728.7563744797287</ele>
        <time>2026-04-26T10:42:21.890Z</time>
        <speed>0.36311913</speed>
      </trkpt>
      <trkpt lat="24.5818792" lon="102.9504838">
        <ele>1728.9530763434468</ele>
        <time>2026-04-26T10:42:42.820Z</time>
        <speed>0.11078395</speed>
      </trkpt>
      <trkpt lat="24.5819119" lon="102.9504726">
        <ele>1729.0845398258512</ele>
        <time>2026-04-26T10:42:59.487Z</time>
        <speed>0.09856871</speed>
      </trkpt>
      <trkpt lat="24.5819567" lon="102.9505089">
        <ele>1729.320988029897</ele>
        <time>2026-04-26T10:43:20.591Z</time>
        <speed>1.0685345</speed>
      </trkpt>
      <trkpt lat="24.5819766" lon="102.9505347">
        <ele>1729.189589192193</ele>
        <time>2026-04-26T10:43:22.690Z</time>
        <speed>1.3653938</speed>
      </trkpt>
      <trkpt lat="24.5818762" lon="102.9505477">
        <ele>1728.992242056556</ele>
        <time>2026-04-26T10:43:26.820Z</time>
        <speed>1.5664983</speed>
      </trkpt>
      <trkpt lat="24.5817785" lon="102.9503848">
        <ele>1729.3466965313357</ele>
        <time>2026-04-26T10:43:32.987Z</time>
        <speed>1.5680202</speed>
      </trkpt>
      <trkpt lat="24.5817371" lon="102.950369">
        <ele>1729.385797505904</ele>
        <time>2026-04-26T10:43:34.820Z</time>
        <speed>1.5437219</speed>
      </trkpt>
      <trkpt lat="24.5816711" lon="102.9503407">
        <ele>1729.6614244715277</ele>
        <time>2026-04-26T10:43:38.727Z</time>
        <speed>1.62309</speed>
      </trkpt>
      <trkpt lat="24.5816457" lon="102.950327">
        <ele>1720.5736215516106</ele>
        <time>2026-04-26T10:43:40.668Z</time>
        <speed>1.6165544</speed>
      </trkpt>
      <trkpt lat="24.5816151" lon="102.950313">
        <ele>1720.7710500857331</ele>
        <time>2026-04-26T10:43:42.687Z</time>
        <speed>1.6411343</speed>
      </trkpt>
      <trkpt lat="24.5815728" lon="102.9502786">
        <ele>1721.0438905986452</ele>
        <time>2026-04-26T10:43:46.547Z</time>
        <speed>1.5216973</speed>
      </trkpt>
      <trkpt lat="24.5815343" lon="102.9502586">
        <ele>1720.5632138276133</ele>
        <time>2026-04-26T10:43:48.769Z</time>
        <speed>1.345793</speed>
      </trkpt>
      <trkpt lat="24.581511" lon="102.950282">
        <ele>1730.1082141410398</ele>
        <time>2026-04-26T10:43:58.820Z</time>
        <speed>0.09830292</speed>
      </trkpt>
      <trkpt lat="24.5815166" lon="102.9503159">
        <ele>1721.0235754701812</ele>
        <time>2026-04-26T10:44:38.820Z</time>
        <speed>0.13655488</speed>
      </trkpt>
      <trkpt lat="24.5814505" lon="102.9503093">
        <ele>1720.6946912200644</ele>
        <time>2026-04-26T10:44:50.446Z</time>
        <speed>0.21796806</speed>
      </trkpt>
      <trkpt lat="24.5815051" lon="102.9503222">
        <ele>1720.7493285748124</ele>
        <time>2026-04-26T10:44:52.487Z</time>
        <speed>0.15358305</speed>
      </trkpt>
      <trkpt lat="24.5816139" lon="102.9504023">
        <ele>1718.886910758319</ele>
        <time>2026-04-26T10:45:02.187Z</time>
        <speed>1.6332119</speed>
      </trkpt>
      <trkpt lat="24.5816705" lon="102.9504114">
        <ele>1718.726391305503</ele>
        <time>2026-04-26T10:45:06.105Z</time>
        <speed>1.6241751</speed>
      </trkpt>
      <trkpt lat="24.5817129" lon="102.9503992">
        <ele>1720.462279815901</ele>
        <time>2026-04-26T10:45:08.071Z</time>
        <speed>1.5751828</speed>
      </trkpt>
      <trkpt lat="24.5817443" lon="102.950411">
        <ele>1718.9487386725561</ele>
        <time>2026-04-26T10:45:10.032Z</time>
        <speed>1.6414759</speed>
      </trkpt>
      <trkpt lat="24.5817801" lon="102.9504151">
        <ele>1720.3408924673424</ele>
        <time>2026-04-26T10:45:13.933Z</time>
        <speed>1.6291122</speed>
      </trkpt>
      <trkpt lat="24.5818254" lon="102.9504105">
        <ele>1718.8144651369057</ele>
        <time>2026-04-26T10:45:17.912Z</time>
        <speed>1.5041362</speed>
      </trkpt>
      <trkpt lat="24.5818547" lon="102.9504254">
        <ele>1719.2200469443358</ele>
        <time>2026-04-26T10:45:19.969Z</time>
        <speed>1.5425388</speed>
      </trkpt>
      <trkpt lat="24.5819167" lon="102.9504505">
        <ele>1719.4480435920902</ele>
        <time>2026-04-26T10:45:23.650Z</time>
        <speed>1.5833521</speed>
      </trkpt>
      <trkpt lat="24.5819469" lon="102.9504516">
        <ele>1718.4236587272474</ele>
        <time>2026-04-26T10:45:25.566Z</time>
        <speed>1.5940764</speed>
      </trkpt>
      <trkpt lat="24.581972" lon="102.9504327">
        <ele>1715.3400886092902</ele>
        <time>2026-04-26T10:45:27.820Z</time>
        <speed>1.5085877</speed>
      </trkpt>
      <trkpt lat="24.5819735" lon="102.9504648">
        <ele>1718.9546464857963</ele>
        <time>2026-04-26T10:45:36.821Z</time>
        <speed>0.08426871</speed>
      </trkpt>
      <trkpt lat="24.5819404" lon="102.9504632">
        <ele>1714.967544332415</ele>
        <time>2026-04-26T10:46:00.821Z</time>
        <speed>0.08198248</speed>
      </trkpt>
      <trkpt lat="24.5819001" lon="102.9504094">
        <ele>1718.5141429612345</ele>
        <time>2026-04-26T10:46:16.820Z</time>
        <speed>0.4328842</speed>
      </trkpt>
      <trkpt lat="24.5818534" lon="102.9503975">
        <ele>1719.0436837943018</ele>
        <time>2026-04-26T10:46:32.820Z</time>
        <speed>0.20471399</speed>
      </trkpt>
      <trkpt lat="24.5818665" lon="102.9504241">
        <ele>1715.1452403006942</ele>
        <time>2026-04-26T10:46:44.821Z</time>
        <speed>0.13909543</speed>
      </trkpt>
      <trkpt lat="24.5819044" lon="102.9504386">
        <ele>1715.802901690135</ele>
        <time>2026-04-26T10:47:13.829Z</time>
        <speed>0.86576885</speed>
      </trkpt>
      <trkpt lat="24.5818321" lon="102.9504374">
        <ele>1717.546841326812</ele>
        <time>2026-04-26T10:47:17.808Z</time>
        <speed>1.4753132</speed>
      </trkpt>
      <trkpt lat="24.5817651" lon="102.9504213">
        <ele>1715.6028943057102</ele>
        <time>2026-04-26T10:47:23.485Z</time>
        <speed>1.4331878</speed>
      </trkpt>
      <trkpt lat="24.5817192" lon="102.9503781">
        <ele>1715.3029136368261</ele>
        <time>2026-04-26T10:47:27.430Z</time>
        <speed>1.5227771</speed>
      </trkpt>
      <trkpt lat="24.5816766" lon="102.9503601">
        <ele>1718.5332540888364</ele>
        <time>2026-04-26T10:47:31.383Z</time>
        <speed>1.5440221</speed>
      </trkpt>
      <trkpt lat="24.5816433" lon="102.9503123">
        <ele>1716.0563194402664</ele>
        <time>2026-04-26T10:47:35.486Z</time>
        <speed>1.4538316</speed>
      </trkpt>
      <trkpt lat="24.5815982" lon="102.9503009">
        <ele>1715.5955236935858</ele>
        <time>2026-04-26T10:47:40.065Z</time>
        <speed>1.1744968</speed>
      </trkpt>
      <trkpt lat="24.5815534" lon="102.9502991">
        <ele>1715.7678102955908</ele>
        <time>2026-04-26T10:47:55.027Z</time>
        <speed>1.1699744</speed>
      </trkpt>
      <trkpt lat="24.5815182" lon="102.950312">
        <ele>1713.8742255985715</ele>
        <time>2026-04-26T10:48:23.063Z</time>
        <speed>0.063768886</speed>
      </trkpt>
      <trkpt lat="24.5814702" lon="102.9503059">
        <ele>1713.5993382065217</ele>
        <time>2026-04-26T10:48:48.821Z</time>
        <speed>0.10386536</speed>
      </trkpt>
      <trkpt lat="24.5814407" lon="102.9502999">
        <ele>1715.5267541576018</ele>
        <time>2026-04-26T10:50:28.821Z</time>
        <speed>0.10396525</speed>
      </trkpt>
      <trkpt lat="24.58142" lon="102.9503209">
        <ele>1713.7411347504458</ele>
        <time>2026-04-26T10:50:40.820Z</time>
        <speed>0.16850767</speed>
      </trkpt>
      <trkpt lat="24.5813789" lon="102.9503282">
        <ele>1715.7682864347062</ele>
        <time>2026-04-26T10:51:16.821Z</time>
        <speed>0.165921</speed>
      </trkpt>
      <trkpt lat="24.5814069" lon="102.950314">
        <ele>1716.9947102047518</ele>
        <time>2026-04-26T10:51:25.290Z</time>
        <speed>0.22047721</speed>
      </trkpt>
      <trkpt lat="24.5814418" lon="102.9503118">
        <ele>1715.749063563866</ele>
        <time>2026-04-26T10:51:29.630Z</time>
        <speed>0.57348514</speed>
      </trkpt>
      <trkpt lat="24.5814646" lon="102.9502863">
        <ele>1714.637680976917</ele>
        <time>2026-04-26T10:51:36.821Z</time>
        <speed>0.46296096</speed>
      </trkpt>
      <trkpt lat="24.5814367" lon="102.9502669">
        <ele>1715.3612167914866</ele>
        <time>2026-04-26T10:51:48.821Z</time>
        <speed>0.070698604</speed>
      </trkpt>
      <trkpt lat="24.5814121" lon="102.9502848">
        <ele>1715.3786374424992</ele>
        <time>2026-04-26T10:52:00.821Z</time>
        <speed>0.07250626</speed>
      </trkpt>
      <trkpt lat="24.5814169" lon="102.9503207">
        <ele>1712.7700508061682</ele>
        <time>2026-04-26T10:52:20.821Z</time>
        <speed>0.08715431</speed>
      </trkpt>
      <trkpt lat="24.5814646" lon="102.9503092">
        <ele>1713.3505598264492</ele>
        <time>2026-04-26T10:52:44.820Z</time>
        <speed>0.2523513</speed>
      </trkpt>
      <trkpt lat="24.5814363" lon="102.9502982">
        <ele>1716.5859675320678</ele>
        <time>2026-04-26T10:53:00.821Z</time>
        <speed>0.10041626</speed>
      </trkpt>
      <trkpt lat="24.5814655" lon="102.9502807">
        <ele>1710.7403065671813</ele>
        <time>2026-04-26T10:54:08.821Z</time>
        <speed>0.03596381</speed>
      </trkpt>
      <trkpt lat="24.5814333" lon="102.9502818">
        <ele>1712.2534996571005</ele>
        <time>2026-04-26T10:55:00.821Z</time>
        <speed>0.11231386</speed>
      </trkpt>
      <trkpt lat="24.5814716" lon="102.9502996">
        <ele>1711.8847730668654</ele>
        <time>2026-04-26T10:55:16.820Z</time>
        <speed>0.82923514</speed>
      </trkpt>
      <trkpt lat="24.5814429" lon="102.9503187">
        <ele>1712.6390012900379</ele>
        <time>2026-04-26T10:55:24.820Z</time>
        <speed>0.08554551</speed>
      </trkpt>
      <trkpt lat="24.5814928" lon="102.9502994">
        <ele>1712.3556348704703</ele>
        <time>2026-04-26T10:56:47.293Z</time>
        <speed>0.2841336</speed>
      </trkpt>
      <trkpt lat="24.5815299" lon="102.9502702">
        <ele>1706.1604677770883</ele>
        <time>2026-04-26T10:56:52.416Z</time>
        <speed>0.69990224</speed>
      </trkpt>
      <trkpt lat="24.5815063" lon="102.9502871">
        <ele>1707.8361213023697</ele>
        <time>2026-04-26T10:56:57.073Z</time>
        <speed>1.178413</speed>
      </trkpt>
      <trkpt lat="24.5814946" lon="102.9503162">
        <ele>1705.9379422314646</ele>
        <time>2026-04-26T10:57:22.236Z</time>
        <speed>0.31120354</speed>
      </trkpt>
      <trkpt lat="24.581499" lon="102.9502754">
        <ele>1702.5322642216095</ele>
        <time>2026-04-26T10:58:28.006Z</time>
        <speed>0.58368254</speed>
      </trkpt>
      <trkpt lat="24.5815084" lon="102.9503063">
        <ele>1705.515808457422</ele>
        <time>2026-04-26T10:59:10.820Z</time>
        <speed>3.7874556E-10</speed>
      </trkpt>
      <trkpt lat="24.5814131" lon="102.9503072">
        <ele>1704.9244639470621</ele>
        <time>2026-04-26T10:59:34.821Z</time>
        <speed>0.09753166</speed>
      </trkpt>
      <trkpt lat="24.5814466" lon="102.9503137">
        <ele>1704.3868364003256</ele>
        <time>2026-04-26T10:59:42.820Z</time>
        <speed>0.08178222</speed>
      </trkpt>
      <trkpt lat="24.5814573" lon="102.9502858">
        <ele>1704.769058750217</ele>
        <time>2026-04-26T11:00:02.820Z</time>
        <speed>0.100928135</speed>
      </trkpt>
      <trkpt lat="24.5814861" lon="102.9502817">
        <ele>1705.6247755553507</ele>
        <time>2026-04-26T11:00:14.820Z</time>
        <speed>0.14743935</speed>
      </trkpt>
      <trkpt lat="24.5814629" lon="102.9503109">
        <ele>1703.21484375</ele>
        <time>2026-04-26T11:01:14.821Z</time>
        <speed>0.18783799</speed>
      </trkpt>
      <trkpt lat="24.5814895" lon="102.9502852">
        <ele>1703.750337969609</ele>
        <time>2026-04-26T11:01:26.820Z</time>
        <speed>0.11418097</speed>
      </trkpt>
      <trkpt lat="24.5815054" lon="102.9503169">
        <ele>1698.7127371572349</ele>
        <time>2026-04-26T11:02:06.820Z</time>
        <speed>0.1322652</speed>
      </trkpt>
      <trkpt lat="24.5814667" lon="102.9503073">
        <ele>1702.7223558027115</ele>
        <time>2026-04-26T11:02:34.821Z</time>
        <speed>2.9762588E-5</speed>
      </trkpt>
      <trkpt lat="24.5814355" lon="102.9503145">
        <ele>1702.56466733103</ele>
        <time>2026-04-26T11:04:02.821Z</time>
        <speed>0.1322881</speed>
      </trkpt>
      <trkpt lat="24.5814162" lon="102.9502888">
        <ele>1700.1567393633259</ele>
        <time>2026-04-26T11:04:22.820Z</time>
        <speed>0.13173117</speed>
      </trkpt>
      <trkpt lat="24.581388" lon="102.9502967">
        <ele>1702.0645339442945</ele>
        <time>2026-04-26T11:04:38.820Z</time>
        <speed>0.1406073</speed>
      </trkpt>
      <trkpt lat="24.5814219" lon="102.9502852">
        <ele>1699.6767876096196</ele>
        <time>2026-04-26T11:04:50.821Z</time>
        <speed>0.095539585</speed>
      </trkpt>
      <trkpt lat="24.5814587" lon="102.9502929">
        <ele>1698.8178608774845</ele>
        <time>2026-04-26T11:05:06.821Z</time>
        <speed>0.18113357</speed>
      </trkpt>
      <trkpt lat="24.5815065" lon="102.9502645">
        <ele>1700.006570875698</ele>
        <time>2026-04-26T11:06:10.821Z</time>
        <speed>0.13440101</speed>
      </trkpt>
      <trkpt lat="24.5815393" lon="102.9502665">
        <ele>1699.8210127794318</ele>
        <time>2026-04-26T11:06:18.821Z</time>
        <speed>0.33923113</speed>
      </trkpt>
      <trkpt lat="24.581512" lon="102.950285">
        <ele>1700.9753042154625</ele>
        <time>2026-04-26T11:06:26.821Z</time>
        <speed>0.08845795</speed>
      </trkpt>
      <trkpt lat="24.5814882" lon="102.9503092">
        <ele>1700.0778366004515</ele>
        <time>2026-04-26T11:06:38.820Z</time>
        <speed>0.06648362</speed>
      </trkpt>
      <trkpt lat="24.5814098" lon="102.9503232">
        <ele>1699.4391234499992</ele>
        <time>2026-04-26T11:06:58.821Z</time>
        <speed>0.38130698</speed>
      </trkpt>
      <trkpt lat="24.5813771" lon="102.9503082">
        <ele>1700.222707635502</ele>
        <time>2026-04-26T11:07:06.821Z</time>
        <speed>0.32937798</speed>
      </trkpt>
      <trkpt lat="24.5813974" lon="102.9502809">
        <ele>1700.259425735502</ele>
        <time>2026-04-26T11:07:14.820Z</time>
        <speed>0.20227596</speed>
      </trkpt>
      <trkpt lat="24.5814207" lon="102.9502442">
        <ele>1699.3539569449583</ele>
        <time>2026-04-26T11:07:18.820Z</time>
        <speed>0.44622728</speed>
      </trkpt>
      <trkpt lat="24.5814404" lon="102.950274">
        <ele>1700.652020459239</ele>
        <time>2026-04-26T11:07:26.821Z</time>
        <speed>0.3061674</speed>
      </trkpt>
      <trkpt lat="24.5814831" lon="102.9502857">
        <ele>1698.5227291902938</ele>
        <time>2026-04-26T11:07:34.821Z</time>
        <speed>0.35675585</speed>
      </trkpt>
      <trkpt lat="24.5815109" lon="102.9502689">
        <ele>1699.5628292758306</ele>
        <time>2026-04-26T11:07:38.820Z</time>
        <speed>0.2542278</speed>
      </trkpt>
      <trkpt lat="24.581545" lon="102.9502792">
        <ele>1699.596816493918</ele>
        <time>2026-04-26T11:08:00.884Z</time>
        <speed>0.9779345</speed>
      </trkpt>
      <trkpt lat="24.5815034" lon="102.9503021">
        <ele>1699.743305168542</ele>
        <time>2026-04-26T11:08:02.821Z</time>
        <speed>1.0673021</speed>
      </trkpt>
      <trkpt lat="24.5814589" lon="102.9503271">
        <ele>1700.5509200696415</ele>
        <time>2026-04-26T11:08:06.727Z</time>
        <speed>1.0391319</speed>
      </trkpt>
      <trkpt lat="24.5814414" lon="102.9503012">
        <ele>1700.2794074270946</ele>
        <time>2026-04-26T11:08:10.821Z</time>
        <speed>0.13737962</speed>
      </trkpt>
      <trkpt lat="24.5814503" lon="102.9503328">
        <ele>1699.7690864010135</ele>
        <time>2026-04-26T11:08:14.820Z</time>
        <speed>0.09930739</speed>
      </trkpt>
      <trkpt lat="24.5814249" lon="102.9503191">
        <ele>1702.878647773792</ele>
        <time>2026-04-26T11:08:22.821Z</time>
        <speed>0.08097513</speed>
      </trkpt>
      <trkpt lat="24.5813899" lon="102.9503182">
        <ele>1700.7384158161633</ele>
        <time>2026-04-26T11:08:38.821Z</time>
        <speed>0.15662296</speed>
      </trkpt>
      <trkpt lat="24.5813595" lon="102.9503046">
        <ele>1700.401660078373</ele>
        <time>2026-04-26T11:08:42.821Z</time>
        <speed>0.23805356</speed>
      </trkpt>
      <trkpt lat="24.5813357" lon="102.950323">
        <ele>1700.1929738800104</ele>
        <time>2026-04-26T11:09:06.821Z</time>
        <speed>0.743481</speed>
      </trkpt>
      <trkpt lat="24.5813837" lon="102.950337">
        <ele>1700.1522803384084</ele>
        <time>2026-04-26T11:09:13.228Z</time>
        <speed>1.4378406</speed>
      </trkpt>
      <trkpt lat="24.5814303" lon="102.9502526">
        <ele>1699.5018116286014</ele>
        <time>2026-04-26T11:09:18.570Z</time>
        <speed>0.37893772</speed>
      </trkpt>
      <trkpt lat="24.581388" lon="102.9502458">
        <ele>1699.3216431020508</ele>
        <time>2026-04-26T11:09:30.821Z</time>
        <speed>0.19360423</speed>
      </trkpt>
      <trkpt lat="24.5814187" lon="102.9502637">
        <ele>1700.2047894259701</ele>
        <time>2026-04-26T11:09:58.821Z</time>
        <speed>0.053325072</speed>
      </trkpt>
      <trkpt lat="24.581446" lon="102.9502719">
        <ele>1700.949956328921</ele>
        <time>2026-04-26T11:10:14.821Z</time>
        <speed>0.1754057</speed>
      </trkpt>
      <trkpt lat="24.5814731" lon="102.9502813">
        <ele>1701.1112845253642</ele>
        <time>2026-04-26T11:10:26.227Z</time>
        <speed>0.28542784</speed>
      </trkpt>
      <trkpt lat="24.5814836" lon="102.9502491">
        <ele>1699.427916189126</ele>
        <time>2026-04-26T11:10:47.820Z</time>
        <speed>0.0871801</speed>
      </trkpt>
      <trkpt lat="24.5815154" lon="102.9502579">
        <ele>1700.8097144670073</ele>
        <time>2026-04-26T11:11:05.821Z</time>
        <speed>0.12468391</speed>
      </trkpt>
      <trkpt lat="24.5815727" lon="102.9502644">
        <ele>1699.6756641002123</ele>
        <time>2026-04-26T11:11:12.767Z</time>
        <speed>1.4931993</speed>
      </trkpt>
      <trkpt lat="24.5816156" lon="102.950321">
        <ele>1699.46765969188</ele>
        <time>2026-04-26T11:11:15.129Z</time>
        <speed>1.4736305</speed>
      </trkpt>
      <trkpt lat="24.5816446" lon="102.9503384">
        <ele>1699.3753524837075</ele>
        <time>2026-04-26T11:11:17.368Z</time>
        <speed>1.5368177</speed>
      </trkpt>
      <trkpt lat="24.5816699" lon="102.9503075">
        <ele>1699.3984638632385</ele>
        <time>2026-04-26T11:11:19.647Z</time>
        <speed>1.5410622</speed>
      </trkpt>
      <trkpt lat="24.5817093" lon="102.950339">
        <ele>1697.8278853982986</ele>
        <time>2026-04-26T11:11:24.128Z</time>
        <speed>1.5146103</speed>
      </trkpt>
      <trkpt lat="24.5817509" lon="102.9503491">
        <ele>1698.8805817472185</ele>
        <time>2026-04-26T11:11:28.791Z</time>
        <speed>1.4872215</speed>
      </trkpt>
      <trkpt lat="24.5817947" lon="102.950354">
        <ele>1699.4170047930256</ele>
        <time>2026-04-26T11:11:33.131Z</time>
        <speed>1.2152154</speed>
      </trkpt>
      <trkpt lat="24.5817567" lon="102.9503704">
        <ele>1699.0606179930999</ele>
        <time>2026-04-26T11:11:41.820Z</time>
        <speed>0.06457284</speed>
      </trkpt>
      <trkpt lat="24.5817857" lon="102.9503839">
        <ele>1698.32861328125</ele>
        <time>2026-04-26T11:11:53.821Z</time>
        <speed>0.09352582</speed>
      </trkpt>
      <trkpt lat="24.5817805" lon="102.9504185">
        <ele>1698.6408855454445</ele>
        <time>2026-04-26T11:12:05.820Z</time>
        <speed>0.09138169</speed>
      </trkpt>
      <trkpt lat="24.5817704" lon="102.9503885">
        <ele>1698.7885133780576</ele>
        <time>2026-04-26T11:12:45.820Z</time>
        <speed>0.061960977</speed>
      </trkpt>
      <trkpt lat="24.5817491" lon="102.9503449">
        <ele>1698.5812660207573</ele>
        <time>2026-04-26T11:13:45.821Z</time>
        <speed>0.12742984</speed>
      </trkpt>
      <trkpt lat="24.5817631" lon="102.9503713">
        <ele>1698.6775575207046</ele>
        <time>2026-04-26T11:13:53.820Z</time>
        <speed>0.0942234</speed>
      </trkpt>
      <trkpt lat="24.5818033" lon="102.950393">
        <ele>1698.7756941650891</ele>
        <time>2026-04-26T11:14:13.820Z</time>
        <speed>0.057670955</speed>
      </trkpt>
      <trkpt lat="24.5818122" lon="102.950436">
        <ele>1699.0728675594044</ele>
        <time>2026-04-26T11:14:46.669Z</time>
        <speed>0.515826</speed>
      </trkpt>
      <trkpt lat="24.5818276" lon="102.9504671">
        <ele>1698.4808478197315</ele>
        <time>2026-04-26T11:15:01.821Z</time>
        <speed>0.13133103</speed>
      </trkpt>
      <trkpt lat="24.5818518" lon="102.9504364">
        <ele>1698.3061876244576</ele>
        <time>2026-04-26T11:15:10.068Z</time>
        <speed>1.0594189</speed>
      </trkpt>
      <trkpt lat="24.5818577" lon="102.9504008">
        <ele>1699.6524423243195</ele>
        <time>2026-04-26T11:15:13.820Z</time>
        <speed>0.40781328</speed>
      </trkpt>
      <trkpt lat="24.5818775" lon="102.9504358">
        <ele>1699.9907781655038</ele>
        <time>2026-04-26T11:15:26.820Z</time>
        <speed>1.2584544</speed>
      </trkpt>
      <trkpt lat="24.5819177" lon="102.950431">
        <ele>1699.9645000431422</ele>
        <time>2026-04-26T11:15:29.590Z</time>
        <speed>1.3701158</speed>
      </trkpt>
      <trkpt lat="24.5818407" lon="102.9504657">
        <ele>1700.2677221347558</ele>
        <time>2026-04-26T11:15:42.821Z</time>
        <speed>0.24503131</speed>
      </trkpt>
      <trkpt lat="24.5817512" lon="102.950484">
        <ele>1699.9868710627754</ele>
        <time>2026-04-26T11:15:46.821Z</time>
        <speed>0.20182914</speed>
      </trkpt>
      <trkpt lat="24.5816967" lon="102.9504758">
        <ele>1700.372295719929</ele>
        <time>2026-04-26T11:15:53.312Z</time>
        <speed>0.11710657</speed>
      </trkpt>
      <trkpt lat="24.5817022" lon="102.9505058">
        <ele>1699.283813232203</ele>
        <time>2026-04-26T11:16:02.820Z</time>
        <speed>0.051342987</speed>
      </trkpt>
      <trkpt lat="24.581704" lon="102.9504723">
        <ele>1699.4830729245923</ele>
        <time>2026-04-26T11:17:02.821Z</time>
        <speed>0.101615466</speed>
      </trkpt>
      <trkpt lat="24.5817007" lon="102.9505047">
        <ele>1700.1243921086102</ele>
        <time>2026-04-26T11:17:46.820Z</time>
        <speed>0.0</speed>
      </trkpt>
      <trkpt lat="24.581672" lon="102.9504855">
        <ele>1702.061456029423</ele>
        <time>2026-04-26T11:17:54.820Z</time>
        <speed>0.0</speed>
      </trkpt>
      <trkpt lat="24.581698" lon="102.9504975">
        <ele>1698.9100479685533</ele>
        <time>2026-04-26T11:18:06.820Z</time>
        <speed>0.0</speed>
      </trkpt>
      <trkpt lat="24.5817345" lon="102.9504686">
        <ele>1701.5381721547815</ele>
        <time>2026-04-26T11:18:26.821Z</time>
        <speed>0.0</speed>
      </trkpt>
      <trkpt lat="24.5817011" lon="102.9504986">
        <ele>1700.7973690444758</ele>
        <time>2026-04-26T11:18:38.821Z</time>
        <speed>0.0</speed>
      </trkpt>
      <trkpt lat="24.5816426" lon="102.9505314">
        <ele>1699.2042081033871</ele>
        <time>2026-04-26T11:18:42.820Z</time>
        <speed>0.0</speed>
      </trkpt>
      <trkpt lat="24.5816762" lon="102.9505804">
        <ele>1699.957028914709</ele>
        <time>2026-04-26T11:18:46.821Z</time>
        <speed>0.0</speed>
      </trkpt>
      <trkpt lat="24.5816475" lon="102.9505496">
        <ele>1701.2009561213677</ele>
        <time>2026-04-26T11:18:50.820Z</time>
        <speed>0.0</speed>
      </trkpt>
      <trkpt lat="24.5816979" lon="102.9504279">
        <ele>1701.7484221653206</ele>
        <time>2026-04-26T11:18:54.821Z</time>
        <speed>0.0</speed>
      </trkpt>
      <trkpt lat="24.5817149" lon="102.9504831">
        <ele>1701.9528331489525</ele>
        <time>2026-04-26T11:19:06.821Z</time>
        <speed>0.0</speed>
      </trkpt>
      <trkpt lat="24.581767" lon="102.9505186">
        <ele>1699.8076755712461</ele>
        <time>2026-04-26T11:19:18.821Z</time>
        <speed>1.04</speed>
      </trkpt>
      <trkpt lat="24.5817706" lon="102.9504878">
        <ele>1700.1119407245692</ele>
        <time>2026-04-26T11:19:22.821Z</time>
        <speed>0.58</speed>
      </trkpt>
      <trkpt lat="24.5817958" lon="102.9504514">
        <ele>1698.274827490065</ele>
        <time>2026-04-26T11:19:26.821Z</time>
        <speed>0.83</speed>
      </trkpt>
      <trkpt lat="24.5818731" lon="102.9504938">
        <ele>1697.88440486309</ele>
        <time>2026-04-26T11:19:38.820Z</time>
        <speed>0.25135496</speed>
      </trkpt>
      <trkpt lat="24.5818341" lon="102.9504839">
        <ele>1697.9308934249043</ele>
        <time>2026-04-26T11:19:42.820Z</time>
        <speed>0.09304009</speed>
      </trkpt>
      <trkpt lat="24.5817978" lon="102.9504874">
        <ele>1699.0749724300624</ele>
        <time>2026-04-26T11:19:50.820Z</time>
        <speed>0.10365704</speed>
      </trkpt>
      <trkpt lat="24.581833" lon="102.9504608">
        <ele>1696.6867207577877</ele>
        <time>2026-04-26T11:20:10.820Z</time>
        <speed>0.17355761</speed>
      </trkpt>
      <trkpt lat="24.5819266" lon="102.9504421">
        <ele>1698.5772085824738</ele>
        <time>2026-04-26T11:20:22.820Z</time>
        <speed>0.7914367</speed>
      </trkpt>
      <trkpt lat="24.5819396" lon="102.9504755">
        <ele>1697.8678665688858</ele>
        <time>2026-04-26T11:20:26.820Z</time>
        <speed>0.98138905</speed>
      </trkpt>
      <trkpt lat="24.5818082" lon="102.9504603">
        <ele>1697.1384232929554</ele>
        <time>2026-04-26T11:20:30.820Z</time>
        <speed>0.9569828</speed>
      </trkpt>
      <trkpt lat="24.5817735" lon="102.9504603">
        <ele>1700.3645763374445</ele>
        <time>2026-04-26T11:20:34.821Z</time>
        <speed>0.69679636</speed>
      </trkpt>
      <trkpt lat="24.5817468" lon="102.9504253">
        <ele>1698.211567367026</ele>
        <time>2026-04-26T11:20:38.820Z</time>
        <speed>0.025695417</speed>
      </trkpt>
      <trkpt lat="24.5817307" lon="102.9503927">
        <ele>1700.1766699312334</ele>
        <time>2026-04-26T11:20:46.820Z</time>
        <speed>0.07531769</speed>
      </trkpt>
      <trkpt lat="24.5817032" lon="102.9504011">
        <ele>1697.0121605880465</ele>
        <time>2026-04-26T11:20:58.551Z</time>
        <speed>0.9775522</speed>
      </trkpt>
      <trkpt lat="24.5816875" lon="102.9503688">
        <ele>1697.7206921872503</ele>
        <time>2026-04-26T11:21:06.820Z</time>
        <speed>0.069221124</speed>
      </trkpt>
      <trkpt lat="24.581657" lon="102.950357">
        <ele>1699.792905040082</ele>
        <time>2026-04-26T11:21:14.821Z</time>
        <speed>1.2458524</speed>
      </trkpt>
      <trkpt lat="24.5816257" lon="102.9503402">
        <ele>1697.089455038142</ele>
        <time>2026-04-26T11:21:16.820Z</time>
        <speed>1.3821089</speed>
      </trkpt>
      <trkpt lat="24.5815962" lon="102.9503266">
        <ele>1697.1420047053423</ele>
        <time>2026-04-26T11:21:18.935Z</time>
        <speed>1.4453455</speed>
      </trkpt>
      <trkpt lat="24.5815757" lon="102.9503055">
        <ele>1698.1633578884341</ele>
        <time>2026-04-26T11:21:20.820Z</time>
        <speed>1.3362591</speed>
      </trkpt>
      <trkpt lat="24.5815533" lon="102.9502867">
        <ele>1698.1370821316361</ele>
        <time>2026-04-26T11:21:22.945Z</time>
        <speed>1.3192415</speed>
      </trkpt>
      <trkpt lat="24.5815248" lon="102.9502809">
        <ele>1700.1170086593677</ele>
        <time>2026-04-26T11:21:28.820Z</time>
        <speed>1.0199078</speed>
      </trkpt>
      <trkpt lat="24.5816609" lon="102.9502579">
        <ele>1697.5922765015791</ele>
        <time>2026-04-26T11:21:34.001Z</time>
        <speed>0.96026266</speed>
      </trkpt>
      <trkpt lat="24.5815502" lon="102.9502671">
        <ele>1698.5083324130226</ele>
        <time>2026-04-26T11:21:36.820Z</time>
        <speed>1.0375099</speed>
      </trkpt>
      <trkpt lat="24.5815216" lon="102.950266">
        <ele>1700.242431640625</ele>
        <time>2026-04-26T11:21:40.820Z</time>
        <speed>0.09545067</speed>
      </trkpt>
      <trkpt lat="24.5814871" lon="102.9502895">
        <ele>1697.0107480761208</ele>
        <time>2026-04-26T11:21:52.820Z</time>
        <speed>0.05509095</speed>
      </trkpt>
      <trkpt lat="24.5814583" lon="102.9503073">
        <ele>1697.9823919890289</ele>
        <time>2026-04-26T11:22:42.820Z</time>
        <speed>0.17655881</speed>
      </trkpt>
      <trkpt lat="24.5814337" lon="102.9502914">
        <ele>1698.0013609915045</ele>
        <time>2026-04-26T11:23:02.821Z</time>
        <speed>0.17638542</speed>
      </trkpt>
      <trkpt lat="24.5814054" lon="102.9502889">
        <ele>1699.1403400391137</ele>
        <time>2026-04-26T11:23:14.821Z</time>
        <speed>0.19452113</speed>
      </trkpt>
      <trkpt lat="24.5814444" lon="102.9502785">
        <ele>1698.5640870403101</ele>
        <time>2026-04-26T11:23:50.821Z</time>
        <speed>0.14886548</speed>
      </trkpt>
      <trkpt lat="24.5814788" lon="102.9502611">
        <ele>1697.2610742394745</ele>
        <time>2026-04-26T11:23:58.821Z</time>
        <speed>0.19921868</speed>
      </trkpt>
      <trkpt lat="24.5814413" lon="102.9502703">
        <ele>1697.8678665688858</ele>
        <time>2026-04-26T11:24:14.820Z</time>
        <speed>0.14907004</speed>
      </trkpt>
      <trkpt lat="24.5814749" lon="102.9502829">
        <ele>1700.0810831597316</ele>
        <time>2026-04-26T11:25:02.820Z</time>
        <speed>0.0901092</speed>
      </trkpt>
      <trkpt lat="24.5815078" lon="102.9502894">
        <ele>1696.9849975068682</ele>
        <time>2026-04-26T11:25:10.821Z</time>
        <speed>0.19420272</speed>
      </trkpt>
      <trkpt lat="24.5815388" lon="102.9502826">
        <ele>1697.9658492273718</ele>
        <time>2026-04-26T11:25:14.821Z</time>
        <speed>0.29881525</speed>
      </trkpt>
      <trkpt lat="24.581507" lon="102.9502783">
        <ele>1697.1142108479592</ele>
        <time>2026-04-26T11:25:46.693Z</time>
        <speed>0.110416256</speed>
      </trkpt>
      <trkpt lat="24.5815536" lon="102.9502697">
        <ele>1697.0333333911228</ele>
        <time>2026-04-26T11:25:56.788Z</time>
        <speed>0.8318241</speed>
      </trkpt>
      <trkpt lat="24.5815305" lon="102.9503135">
        <ele>1697.7432347543152</ele>
        <time>2026-04-26T11:26:01.171Z</time>
        <speed>0.8898346</speed>
      </trkpt>
      <trkpt lat="24.5815392" lon="102.9502828">
        <ele>1697.3012156299276</ele>
        <time>2026-04-26T11:26:09.573Z</time>
        <speed>0.10999375</speed>
      </trkpt>
      <trkpt lat="24.5815235" lon="102.9502378">
        <ele>1699.7929637006025</ele>
        <time>2026-04-26T11:26:30.820Z</time>
        <speed>0.07542797</speed>
      </trkpt>
      <trkpt lat="24.5815175" lon="102.9502738">
        <ele>1697.3595554350788</ele>
        <time>2026-04-26T11:26:53.820Z</time>
        <speed>0.2223959</speed>
      </trkpt>
      <trkpt lat="24.5815161" lon="102.950309">
        <ele>1700.0253692731221</ele>
        <time>2026-04-26T11:26:58.820Z</time>
        <speed>0.2181465</speed>
      </trkpt>
      <trkpt lat="24.5815188" lon="102.9503399">
        <ele>1697.900390625</ele>
        <time>2026-04-26T11:27:06.820Z</time>
        <speed>0.23111707</speed>
      </trkpt>
      <trkpt lat="24.5815213" lon="102.9503727">
        <ele>1700.7176371014607</ele>
        <time>2026-04-26T11:27:30.821Z</time>
        <speed>0.15992838</speed>
      </trkpt>
      <trkpt lat="24.5815465" lon="102.9503921">
        <ele>1701.262828501565</ele>
        <time>2026-04-26T11:27:34.820Z</time>
        <speed>0.3147271</speed>
      </trkpt>
      <trkpt lat="24.5815708" lon="102.9504104">
        <ele>1696.5759230559115</ele>
        <time>2026-04-26T11:27:42.207Z</time>
        <speed>0.37499526</speed>
      </trkpt>
      <trkpt lat="24.5815389" lon="102.9503405">
        <ele>1697.7893193585076</ele>
        <time>2026-04-26T11:27:46.820Z</time>
        <speed>0.19334778</speed>
      </trkpt>
      <trkpt lat="24.5815389" lon="102.9501533">
        <ele>1699.4350087557484</ele>
        <time>2026-04-26T11:27:50.821Z</time>
        <speed>0.22001861</speed>
      </trkpt>
      <trkpt lat="24.5815204" lon="102.9501787">
        <ele>1697.2009434615086</ele>
        <time>2026-04-26T11:27:54.820Z</time>
        <speed>0.2109683</speed>
      </trkpt>
      <trkpt lat="24.5814997" lon="102.9501998">
        <ele>1700.594790316065</ele>
        <time>2026-04-26T11:28:01.326Z</time>
        <speed>0.39014655</speed>
      </trkpt>
      <trkpt lat="24.5815077" lon="102.9502297">
        <ele>1700.0490692236413</ele>
        <time>2026-04-26T11:28:06.086Z</time>
        <speed>0.2123197</speed>
      </trkpt>
      <trkpt lat="24.5815387" lon="102.9502385">
        <ele>1700.030959721156</ele>
        <time>2026-04-26T11:28:26.821Z</time>
        <speed>0.13228852</speed>
      </trkpt>
      <trkpt lat="24.5815717" lon="102.9502608">
        <ele>1699.047390435965</ele>
        <time>2026-04-26T11:28:42.821Z</time>
        <speed>0.0905904</speed>
      </trkpt>
      <trkpt lat="24.5815557" lon="102.9502905">
        <ele>1698.117585143419</ele>
        <time>2026-04-26T11:28:47.830Z</time>
        <speed>0.43586025</speed>
      </trkpt>
      <trkpt lat="24.5815464" lon="102.9503194">
        <ele>1699.3744735878383</ele>
        <time>2026-04-26T11:28:49.947Z</time>
        <speed>0.7957079</speed>
      </trkpt>
      <trkpt lat="24.581576" lon="102.950294">
        <ele>1697.1746705925477</ele>
        <time>2026-04-26T11:28:54.820Z</time>
        <speed>0.13761374</speed>
      </trkpt>
      <trkpt lat="24.5815456" lon="102.9502583">
        <ele>1698.1759301026084</ele>
        <time>2026-04-26T11:29:06.821Z</time>
        <speed>0.063840285</speed>
      </trkpt>
      <trkpt lat="24.5815129" lon="102.9502604">
        <ele>1696.381854728862</ele>
        <time>2026-04-26T11:29:26.470Z</time>
        <speed>0.081850454</speed>
      </trkpt>
      <trkpt lat="24.5814809" lon="102.9502758">
        <ele>1697.2223940159934</ele>
        <time>2026-04-26T11:29:38.821Z</time>
        <speed>0.15566711</speed>
      </trkpt>
      <trkpt lat="24.5815066" lon="102.9502646">
        <ele>1700.537958122687</ele>
        <time>2026-04-26T11:30:38.821Z</time>
        <speed>0.07056746</speed>
      </trkpt>
      <trkpt lat="24.5814761" lon="102.9502496">
        <ele>1698.5481121672308</ele>
        <time>2026-04-26T11:32:10.820Z</time>
        <speed>0.106404506</speed>
      </trkpt>
      <trkpt lat="24.581502" lon="102.950277">
        <ele>1697.8423522743064</ele>
        <time>2026-04-26T11:32:45.820Z</time>
        <speed>0.15458108</speed>
      </trkpt>
      <trkpt lat="24.5815413" lon="102.9502736">
        <ele>1700.7439101309487</ele>
        <time>2026-04-26T11:32:53.820Z</time>
        <speed>0.27883887</speed>
      </trkpt>
      <trkpt lat="24.5815717" lon="102.950278">
        <ele>1700.1782604341888</ele>
        <time>2026-04-26T11:32:57.821Z</time>
        <speed>0.3532213</speed>
      </trkpt>
      <trkpt lat="24.5815335" lon="102.9502853">
        <ele>1699.0935009326652</ele>
        <time>2026-04-26T11:33:09.821Z</time>
        <speed>0.086315416</speed>
      </trkpt>
      <trkpt lat="24.5815021" lon="102.9502781">
        <ele>1700.5129728857535</ele>
        <time>2026-04-26T11:33:21.821Z</time>
        <speed>0.23097451</speed>
      </trkpt>
      <trkpt lat="24.5814367" lon="102.9502754">
        <ele>1698.9541968030555</ele>
        <time>2026-04-26T11:33:29.821Z</time>
        <speed>0.34465283</speed>
      </trkpt>
      <trkpt lat="24.5814707" lon="102.9502781">
        <ele>1698.0884964323432</ele>
        <time>2026-04-26T11:33:33.820Z</time>
        <speed>0.27275613</speed>
      </trkpt>
      <trkpt lat="24.581523" lon="102.9502649">
        <ele>1697.0968797511675</ele>
        <time>2026-04-26T11:33:41.821Z</time>
        <speed>0.27907762</speed>
      </trkpt>
      <trkpt lat="24.581475" lon="102.950273">
        <ele>1698.7559863312026</ele>
        <time>2026-04-26T11:33:57.820Z</time>
        <speed>0.102743424</speed>
      </trkpt>
      <trkpt lat="24.5814292" lon="102.9502475">
        <ele>1700.9403289630877</ele>
        <time>2026-04-26T11:34:17.820Z</time>
        <speed>0.02920927</speed>
      </trkpt>
      <trkpt lat="24.5814532" lon="102.9502631">
        <ele>1699.2103231209776</ele>
        <time>2026-04-26T11:34:49.820Z</time>
        <speed>0.097395875</speed>
      </trkpt>
      <trkpt lat="24.5814268" lon="102.9502873">
        <ele>1698.4636216961683</ele>
        <time>2026-04-26T11:35:01.820Z</time>
        <speed>0.17615233</speed>
      </trkpt>
      <trkpt lat="24.5814659" lon="102.9502628">
        <ele>1700.2614221497831</ele>
        <time>2026-04-26T11:35:18.821Z</time>
        <speed>0.13906822</speed>
      </trkpt>
      <trkpt lat="24.5814421" lon="102.9502772">
        <ele>1699.0129705036468</ele>
        <time>2026-04-26T11:35:42.820Z</time>
        <speed>0.1288244</speed>
      </trkpt>
      <trkpt lat="24.5814141" lon="102.9502789">
        <ele>1697.5405537965048</ele>
        <time>2026-04-26T11:36:02.820Z</time>
        <speed>0.1906343</speed>
      </trkpt>
      <trkpt lat="24.581453" lon="102.9502639">
        <ele>1700.8932075614794</ele>
        <time>2026-04-26T11:36:10.820Z</time>
        <speed>0.09961603</speed>
      </trkpt>
      <trkpt lat="24.5814912" lon="102.9502599">
        <ele>1699.4670735892882</ele>
        <time>2026-04-26T11:36:36.947Z</time>
        <speed>0.23607613</speed>
      </trkpt>
      <trkpt lat="24.5815121" lon="102.9502807">
        <ele>1697.8011386020314</ele>
        <time>2026-04-26T11:37:19.821Z</time>
        <speed>0.26200622</speed>
      </trkpt>
      <trkpt lat="24.5815688" lon="102.95024">
        <ele>1698.5687051580426</ele>
        <time>2026-04-26T11:37:26.393Z</time>
        <speed>0.44513705</speed>
      </trkpt>
      <trkpt lat="24.581531" lon="102.9502634">
        <ele>1697.8032652502345</ele>
        <time>2026-04-26T11:37:30.820Z</time>
        <speed>0.08715609</speed>
      </trkpt>
      <trkpt lat="24.5814995" lon="102.950252">
        <ele>1701.0899173204011</ele>
        <time>2026-04-26T11:37:38.820Z</time>
        <speed>0.09122574</speed>
      </trkpt>
      <trkpt lat="24.5814673" lon="102.9502568">
        <ele>1698.929958571868</ele>
        <time>2026-04-26T11:37:58.820Z</time>
        <speed>0.1436224</speed>
      </trkpt>
      <trkpt lat="24.5814961" lon="102.9502513">
        <ele>1698.2079927385319</ele>
        <time>2026-04-26T11:38:17.097Z</time>
        <speed>0.14006424</speed>
      </trkpt>
      <trkpt lat="24.5815255" lon="102.9502411">
        <ele>1697.4361122040982</ele>
        <time>2026-04-26T11:38:30.820Z</time>
        <speed>0.07029866</speed>
      </trkpt>
      <trkpt lat="24.5815451" lon="102.9502659">
        <ele>1699.2925352729178</ele>
        <time>2026-04-26T11:39:18.820Z</time>
        <speed>0.7379319</speed>
      </trkpt>
      <trkpt lat="24.5815908" lon="102.9502701">
        <ele>1698.5365471585694</ele>
        <time>2026-04-26T11:39:26.953Z</time>
        <speed>0.28130242</speed>
      </trkpt>
      <trkpt lat="24.5816498" lon="102.9503166">
        <ele>1698.9502218777336</ele>
        <time>2026-04-26T11:39:34.821Z</time>
        <speed>0.8693566</speed>
      </trkpt>
      <trkpt lat="24.5816835" lon="102.9503348">
        <ele>1700.0106302029321</ele>
        <time>2026-04-26T11:39:37.074Z</time>
        <speed>1.1700492</speed>
      </trkpt>
      <trkpt lat="24.5817307" lon="102.9503347">
        <ele>1697.8608397777207</ele>
        <time>2026-04-26T11:39:42.029Z</time>
        <speed>1.1107426</speed>
      </trkpt>
      <trkpt lat="24.5818003" lon="102.9503295">
        <ele>1697.3220667300673</ele>
        <time>2026-04-26T11:39:53.652Z</time>
        <speed>1.1235951</speed>
      </trkpt>
      <trkpt lat="24.5818454" lon="102.9503598">
        <ele>1698.9643190126462</ele>
        <time>2026-04-26T11:39:58.168Z</time>
        <speed>1.2857668</speed>
      </trkpt>
      <trkpt lat="24.5818718" lon="102.9503791">
        <ele>1696.556418328682</ele>
        <time>2026-04-26T11:40:00.232Z</time>
        <speed>1.3968188</speed>
      </trkpt>
      <trkpt lat="24.5819036" lon="102.9503847">
        <ele>1696.648676244831</ele>
        <time>2026-04-26T11:40:02.473Z</time>
        <speed>1.4262253</speed>
      </trkpt>
      <trkpt lat="24.5819118" lon="102.9504315">
        <ele>1699.804016714333</ele>
        <time>2026-04-26T11:40:06.820Z</time>
        <speed>0.8185053</speed>
      </trkpt>
      <trkpt lat="24.5819081" lon="102.9503794">
        <ele>1698.085476666324</ele>
        <time>2026-04-26T11:40:14.820Z</time>
        <speed>0.07323183</speed>
      </trkpt>
      <trkpt lat="24.581943" lon="102.9503742">
        <ele>1696.5663801207302</ele>
        <time>2026-04-26T11:40:22.820Z</time>
        <speed>0.11268596</speed>
      </trkpt>
      <trkpt lat="24.5819781" lon="102.9503743">
        <ele>1697.836120045048</ele>
        <time>2026-04-26T11:40:30.821Z</time>
        <speed>0.10141689</speed>
      </trkpt>
      <trkpt lat="24.5820045" lon="102.9503819">
        <ele>1697.7042565188942</ele>
        <time>2026-04-26T11:40:38.821Z</time>
        <speed>0.038358234</speed>
      </trkpt>
      <trkpt lat="24.5820107" lon="102.9504118">
        <ele>1698.1776105979284</ele>
        <time>2026-04-26T11:40:58.820Z</time>
        <speed>0.27522284</speed>
      </trkpt>
      <trkpt lat="24.5819996" lon="102.9503791">
        <ele>1697.5338515017925</ele>
        <time>2026-04-26T11:41:04.729Z</time>
        <speed>0.09449341</speed>
      </trkpt>
      <trkpt lat="24.5821133" lon="102.9504885">
        <ele>1696.6622255525506</ele>
        <time>2026-04-26T11:41:17.074Z</time>
        <speed>1.3444189</speed>
      </trkpt>
      <trkpt lat="24.5821495" lon="102.950515">
        <ele>1694.7303376266352</ele>
        <time>2026-04-26T11:41:21.272Z</time>
        <speed>1.3150212</speed>
      </trkpt>
      <trkpt lat="24.582171" lon="102.9505336">
        <ele>1696.0649553958688</ele>
        <time>2026-04-26T11:41:23.356Z</time>
        <speed>1.312447</speed>
      </trkpt>
      <trkpt lat="24.5821961" lon="102.9505478">
        <ele>1696.4036151554358</ele>
        <time>2026-04-26T11:41:25.490Z</time>
        <speed>1.3270212</speed>
      </trkpt>
      <trkpt lat="24.5822385" lon="102.9505663">
        <ele>1695.5923695774186</ele>
        <time>2026-04-26T11:41:32.273Z</time>
        <speed>1.1479121</speed>
      </trkpt>
      <trkpt lat="24.5822854" lon="102.9505825">
        <ele>1694.091664393338</ele>
        <time>2026-04-26T11:41:36.820Z</time>
        <speed>1.1819396</speed>
      </trkpt>
      <trkpt lat="24.5823096" lon="102.9506003">
        <ele>1693.999442216713</ele>
        <time>2026-04-26T11:41:39.416Z</time>
        <speed>1.1456302</speed>
      </trkpt>
      <trkpt lat="24.5823539" lon="102.9506025">
        <ele>1694.0216035062924</ele>
        <time>2026-04-26T11:41:45.468Z</time>
        <speed>0.71217114</speed>
      </trkpt>
      <trkpt lat="24.582391" lon="102.9506178">
        <ele>1695.4414586788566</ele>
        <time>2026-04-26T11:41:49.651Z</time>
        <speed>1.1245711</speed>
      </trkpt>
      <trkpt lat="24.5824031" lon="102.9505823">
        <ele>1695.1784343580985</ele>
        <time>2026-04-26T11:41:53.960Z</time>
        <speed>0.73120344</speed>
      </trkpt>
      <trkpt lat="24.5824463" lon="102.9506027">
        <ele>1693.9310665561095</ele>
        <time>2026-04-26T11:42:07.074Z</time>
        <speed>1.1281512</speed>
      </trkpt>
      <trkpt lat="24.5824716" lon="102.9506213">
        <ele>1695.15473993418</ele>
        <time>2026-04-26T11:42:10.505Z</time>
        <speed>0.41342917</speed>
      </trkpt>
      <trkpt lat="24.5825094" lon="102.9506383">
        <ele>1692.9635063950145</ele>
        <time>2026-04-26T11:42:18.732Z</time>
        <speed>0.85990375</speed>
      </trkpt>
      <trkpt lat="24.5825577" lon="102.9506769">
        <ele>1692.3135016974825</ele>
        <time>2026-04-26T11:42:24.776Z</time>
        <speed>1.4144115</speed>
      </trkpt>
      <trkpt lat="24.5825786" lon="102.9507103">
        <ele>1691.2560136811426</ele>
        <time>2026-04-26T11:42:32.821Z</time>
        <speed>0.12332631</speed>
      </trkpt>
      <trkpt lat="24.5825646" lon="102.9506768">
        <ele>1692.5538951533695</ele>
        <time>2026-04-26T11:42:36.820Z</time>
        <speed>0.0993804</speed>
      </trkpt>
      <trkpt lat="24.5825608" lon="102.9507205">
        <ele>1692.2787959053776</ele>
        <time>2026-04-26T11:42:46.952Z</time>
        <speed>1.0986776</speed>
      </trkpt>
      <trkpt lat="24.5825795" lon="102.9507664">
        <ele>1691.9795855438692</ele>
        <time>2026-04-26T11:42:48.820Z</time>
        <speed>1.3412106</speed>
      </trkpt>
      <trkpt lat="24.5825974" lon="102.9508163">
        <ele>1692.2292602674086</ele>
        <time>2026-04-26T11:42:51.731Z</time>
        <speed>1.2895964</speed>
      </trkpt>
      <trkpt lat="24.5826211" lon="102.9508646">
        <ele>1693.3000725366032</ele>
        <time>2026-04-26T11:42:54.297Z</time>
        <speed>1.1895685</speed>
      </trkpt>
      <trkpt lat="24.582639" lon="102.9509003">
        <ele>1694.3103462238741</ele>
        <time>2026-04-26T11:42:56.820Z</time>
        <speed>0.87613666</speed>
      </trkpt>
      <trkpt lat="24.5826484" lon="102.9509537">
        <ele>1691.2287715665898</ele>
        <time>2026-04-26T11:43:11.820Z</time>
        <speed>0.588638</speed>
      </trkpt>
      <trkpt lat="24.582641" lon="102.9509851">
        <ele>1693.3665278704627</ele>
        <time>2026-04-26T11:43:13.820Z</time>
        <speed>0.87184423</speed>
      </trkpt>
      <trkpt lat="24.5826345" lon="102.9510155">
        <ele>1694.5398502211606</ele>
        <time>2026-04-26T11:43:16.049Z</time>
        <speed>0.99718374</speed>
      </trkpt>
      <trkpt lat="24.5826314" lon="102.9510795">
        <ele>1695.997363994075</ele>
        <time>2026-04-26T11:43:21.077Z</time>
        <speed>1.027399</speed>
      </trkpt>
      <trkpt lat="24.5826162" lon="102.9510535">
        <ele>1692.2339589833234</ele>
        <time>2026-04-26T11:43:38.821Z</time>
        <speed>0.056044072</speed>
      </trkpt>
      <trkpt lat="24.5826015" lon="102.9510262">
        <ele>1693.8657489884847</ele>
        <time>2026-04-26T11:43:58.275Z</time>
        <speed>0.0285942</speed>
      </trkpt>
      <trkpt lat="24.5825977" lon="102.951083">
        <ele>1695.0267036370128</ele>
        <time>2026-04-26T11:44:02.820Z</time>
        <speed>1.1014951</speed>
      </trkpt>
      <trkpt lat="24.5825861" lon="102.9511248">
        <ele>1695.1317254005555</ele>
        <time>2026-04-26T11:44:05.007Z</time>
        <speed>1.2564095</speed>
      </trkpt>
      <trkpt lat="24.5826015" lon="102.9511595">
        <ele>1692.7409655863441</ele>
        <time>2026-04-26T11:44:06.821Z</time>
        <speed>1.0215312</speed>
      </trkpt>
      <trkpt lat="24.5826009" lon="102.9511147">
        <ele>1696.525994702121</ele>
        <time>2026-04-26T11:44:15.389Z</time>
        <speed>1.4251214</speed>
      </trkpt>
      <trkpt lat="24.5825923" lon="102.9510839">
        <ele>1696.5145702444806</ele>
        <time>2026-04-26T11:44:17.928Z</time>
        <speed>1.1105742</speed>
      </trkpt>
      <trkpt lat="24.5825816" lon="102.9511235">
        <ele>1696.8459516773198</ele>
        <time>2026-04-26T11:44:20.090Z</time>
        <speed>1.145084</speed>
      </trkpt>
      <trkpt lat="24.5825796" lon="102.9511594">
        <ele>1695.5985308864326</ele>
        <time>2026-04-26T11:44:22.374Z</time>
        <speed>1.339582</speed>
      </trkpt>
      <trkpt lat="24.5826299" lon="102.9512023">
        <ele>1693.906183431814</ele>
        <time>2026-04-26T11:44:26.820Z</time>
        <speed>1.2281443</speed>
      </trkpt>
      <trkpt lat="24.5826549" lon="102.9512246">
        <ele>1694.5491504631527</ele>
        <time>2026-04-26T11:44:29.508Z</time>
        <speed>1.2783285</speed>
      </trkpt>
      <trkpt lat="24.5826724" lon="102.9512808">
        <ele>1695.8153356571133</ele>
        <time>2026-04-26T11:44:33.972Z</time>
        <speed>1.2778184</speed>
      </trkpt>
      <trkpt lat="24.5826817" lon="102.9513238">
        <ele>1695.2717410303308</ele>
        <time>2026-04-26T11:44:38.470Z</time>
        <speed>1.2880579</speed>
      </trkpt>
      <trkpt lat="24.5827114" lon="102.9513339">
        <ele>1693.4620686825474</ele>
        <time>2026-04-26T11:44:40.552Z</time>
        <speed>1.3153518</speed>
      </trkpt>
      <trkpt lat="24.582723" lon="102.9513616">
        <ele>1693.4230020456396</ele>
        <time>2026-04-26T11:44:42.511Z</time>
        <speed>1.392083</speed>
      </trkpt>
      <trkpt lat="24.5826592" lon="102.9514103">
        <ele>1696.5730629900122</ele>
        <time>2026-04-26T11:44:46.755Z</time>
        <speed>1.3663503</speed>
      </trkpt>
      <trkpt lat="24.5826522" lon="102.9514462">
        <ele>1699.7237437675312</ele>
        <time>2026-04-26T11:44:49.293Z</time>
        <speed>1.2387643</speed>
      </trkpt>
      <trkpt lat="24.5826104" lon="102.9514629">
        <ele>1694.9924795802067</ele>
        <time>2026-04-26T11:44:55.875Z</time>
        <speed>1.1861403</speed>
      </trkpt>
      <trkpt lat="24.5825766" lon="102.9514723">
        <ele>1696.5667498115797</ele>
        <time>2026-04-26T11:44:58.752Z</time>
        <speed>1.2317634</speed>
      </trkpt>
      <trkpt lat="24.5825454" lon="102.9515134">
        <ele>1695.6169601523395</ele>
        <time>2026-04-26T11:45:05.306Z</time>
        <speed>1.2156601</speed>
      </trkpt>
      <trkpt lat="24.5825405" lon="102.9515545">
        <ele>1700.5597162200793</ele>
        <time>2026-04-26T11:45:12.073Z</time>
        <speed>1.068976</speed>
      </trkpt>
      <trkpt lat="24.582505" lon="102.9515524">
        <ele>1698.4555953944393</ele>
        <time>2026-04-26T11:45:13.968Z</time>
        <speed>1.1364136</speed>
      </trkpt>
      <trkpt lat="24.5824551" lon="102.951567">
        <ele>1697.471382652489</ele>
        <time>2026-04-26T11:45:18.203Z</time>
        <speed>1.2023827</speed>
      </trkpt>
      <trkpt lat="24.5824438" lon="102.9516113">
        <ele>1697.4891333512985</ele>
        <time>2026-04-26T11:45:22.720Z</time>
        <speed>1.1491592</speed>
      </trkpt>
      <trkpt lat="24.5824103" lon="102.9516465">
        <ele>1696.652667340294</ele>
        <time>2026-04-26T11:45:26.989Z</time>
        <speed>1.1359957</speed>
      </trkpt>
      <trkpt lat="24.582366" lon="102.9516417">
        <ele>1699.1418320097446</ele>
        <time>2026-04-26T11:45:31.031Z</time>
        <speed>1.0392253</speed>
      </trkpt>
      <trkpt lat="24.5823156" lon="102.9516374">
        <ele>1698.1003357070217</ele>
        <time>2026-04-26T11:45:35.529Z</time>
        <speed>1.0918671</speed>
      </trkpt>
      <trkpt lat="24.5823151" lon="102.9516701">
        <ele>1699.5160900395229</ele>
        <time>2026-04-26T11:45:38.011Z</time>
        <speed>1.1122767</speed>
      </trkpt>
      <trkpt lat="24.5822974" lon="102.9517085">
        <ele>1698.1010389970927</ele>
        <time>2026-04-26T11:45:44.821Z</time>
        <speed>0.9975241</speed>
      </trkpt>
      <trkpt lat="24.5822649" lon="102.9517318">
        <ele>1697.81570974148</ele>
        <time>2026-04-26T11:45:48.569Z</time>
        <speed>1.1658546</speed>
      </trkpt>
      <trkpt lat="24.5822339" lon="102.9517468">
        <ele>1697.7551240872308</ele>
        <time>2026-04-26T11:45:53.206Z</time>
        <speed>1.1614836</speed>
      </trkpt>
      <trkpt lat="24.5821793" lon="102.9517658">
        <ele>1698.2588608907802</ele>
        <time>2026-04-26T11:45:58.128Z</time>
        <speed>1.2347637</speed>
      </trkpt>
      <trkpt lat="24.5821498" lon="102.9517749">
        <ele>1700.1385848048533</ele>
        <time>2026-04-26T11:46:00.631Z</time>
        <speed>1.2267888</speed>
      </trkpt>
      <trkpt lat="24.5821341" lon="102.9517485">
        <ele>1700.4707832078752</ele>
        <time>2026-04-26T11:46:02.670Z</time>
        <speed>1.0553294</speed>
      </trkpt>
      <trkpt lat="24.582107" lon="102.9517483">
        <ele>1700.1917258633991</ele>
        <time>2026-04-26T11:46:04.821Z</time>
        <speed>1.0400645</speed>
      </trkpt>
      <trkpt lat="24.5820604" lon="102.9517536">
        <ele>1702.3903394649506</ele>
        <time>2026-04-26T11:46:08.487Z</time>
        <speed>1.2031332</speed>
      </trkpt>
      <trkpt lat="24.5820246" lon="102.9517875">
        <ele>1700.477115745601</ele>
        <time>2026-04-26T11:46:12.669Z</time>
        <speed>1.3220965</speed>
      </trkpt>
      <trkpt lat="24.5819824" lon="102.9518038">
        <ele>1699.1603796578884</ele>
        <time>2026-04-26T11:46:20.647Z</time>
        <speed>1.0706569</speed>
      </trkpt>
      <trkpt lat="24.5819712" lon="102.9518386">
        <ele>1700.9817045177472</ele>
        <time>2026-04-26T11:46:23.012Z</time>
        <speed>1.1513621</speed>
      </trkpt>
      <trkpt lat="24.5819591" lon="102.9518822">
        <ele>1699.1481945827752</ele>
        <time>2026-04-26T11:46:26.820Z</time>
        <speed>1.2300416</speed>
      </trkpt>
      <trkpt lat="24.5819356" lon="102.9519023">
        <ele>1701.861689848041</ele>
        <time>2026-04-26T11:46:29.624Z</time>
        <speed>1.2500974</speed>
      </trkpt>
      <trkpt lat="24.5818954" lon="102.9519111">
        <ele>1700.0683469851363</ele>
        <time>2026-04-26T11:46:31.820Z</time>
        <speed>1.2950753</speed>
      </trkpt>
      <trkpt lat="24.5818561" lon="102.9519183">
        <ele>1700.382937409763</ele>
        <time>2026-04-26T11:46:34.429Z</time>
        <speed>1.2431169</speed>
      </trkpt>
      <trkpt lat="24.5818098" lon="102.9519383">
        <ele>1703.699951171875</ele>
        <time>2026-04-26T11:46:38.807Z</time>
        <speed>1.15308</speed>
      </trkpt>
      <trkpt lat="24.5817955" lon="102.9519646">
        <ele>1701.9122961968894</ele>
        <time>2026-04-26T11:46:41.670Z</time>
        <speed>1.1599253</speed>
      </trkpt>
      <trkpt lat="24.581785" lon="102.9520003">
        <ele>1701.7485677802733</ele>
        <time>2026-04-26T11:46:45.868Z</time>
        <speed>1.2307136</speed>
      </trkpt>
      <trkpt lat="24.5817549" lon="102.9520011">
        <ele>1699.430572535512</ele>
        <time>2026-04-26T11:46:47.820Z</time>
        <speed>1.2396476</speed>
      </trkpt>
      <trkpt lat="24.5817187" lon="102.9520065">
        <ele>1699.430572535512</ele>
        <time>2026-04-26T11:46:50.244Z</time>
        <speed>1.3538365</speed>
      </trkpt>
      <trkpt lat="24.5816896" lon="102.952019">
        <ele>1701.7817139222666</ele>
        <time>2026-04-26T11:46:52.468Z</time>
        <speed>1.2510483</speed>
      </trkpt>
      <trkpt lat="24.5816763" lon="102.9520501">
        <ele>1701.519648529409</ele>
        <time>2026-04-26T11:46:54.470Z</time>
        <speed>1.5507668</speed>
      </trkpt>
      <trkpt lat="24.5816761" lon="102.9523042">
        <ele>1703.699951171875</ele>
        <time>2026-04-26T11:47:31.820Z</time>
        <speed>0.2084582</speed>
      </trkpt>
      <trkpt lat="24.5816994" lon="102.9523329">
        <ele>1703.9714848054346</ele>
        <time>2026-04-26T11:48:33.820Z</time>
        <speed>0.09765665</speed>
      </trkpt>
      <trkpt lat="24.5816751" lon="102.9522976">
        <ele>1701.2863884739156</ele>
        <time>2026-04-26T11:48:53.820Z</time>
        <speed>1.4555166</speed>
      </trkpt>
      <trkpt lat="24.5816096" lon="102.9522439">
        <ele>1701.8701544167343</ele>
        <time>2026-04-26T11:48:57.820Z</time>
        <speed>1.6741512</speed>
      </trkpt>
      <trkpt lat="24.581556" lon="102.9522178">
        <ele>1695.39638977132</ele>
        <time>2026-04-26T11:49:01.821Z</time>
        <speed>0.10456519</speed>
      </trkpt>
      <trkpt lat="24.5815601" lon="102.9522488">
        <ele>1698.1836365283878</ele>
        <time>2026-04-26T11:49:11.821Z</time>
        <speed>0.20238277</speed>
      </trkpt>
      <trkpt lat="24.5816519" lon="102.9523257">
        <ele>1693.775866214474</ele>
        <time>2026-04-26T11:49:19.820Z</time>
        <speed>0.965906</speed>
      </trkpt>
      <trkpt lat="24.5816824" lon="102.9523462">
        <ele>1695.9737213372932</ele>
        <time>2026-04-26T11:49:23.820Z</time>
        <speed>0.079476245</speed>
      </trkpt>
      <trkpt lat="24.5816978" lon="102.952243">
        <ele>1705.5185460336977</ele>
        <time>2026-04-26T11:49:35.821Z</time>
        <speed>0.0</speed>
      </trkpt>
      <trkpt lat="24.5816773" lon="102.9523312">
        <ele>1707.0657243324072</ele>
        <time>2026-04-26T11:49:39.821Z</time>
        <speed>0.0</speed>
      </trkpt>
      <trkpt lat="24.5816479" lon="102.9523736">
        <ele>1695.916812158888</ele>
        <time>2026-04-26T11:49:43.820Z</time>
        <speed>0.0</speed>
      </trkpt>
      <trkpt lat="24.5816682" lon="102.9522933">
        <ele>1696.2582745394398</ele>
        <time>2026-04-26T11:49:45.821Z</time>
        <speed>0.0</speed>
      </trkpt>
      <trkpt lat="24.58166" lon="102.9523322">
        <ele>1697.5318550857014</ele>
        <time>2026-04-26T11:49:50.820Z</time>
        <speed>0.0</speed>
      </trkpt>
      <trkpt lat="24.5816301" lon="102.9523543">
        <ele>1697.578983873614</ele>
        <time>2026-04-26T11:49:58.820Z</time>
        <speed>0.0</speed>
      </trkpt>
      <trkpt lat="24.5816812" lon="102.9523688">
        <ele>1698.439082454847</ele>
        <time>2026-04-26T11:50:02.821Z</time>
        <speed>0.0</speed>
      </trkpt>
      <trkpt lat="24.5816433" lon="102.952361">
        <ele>1700.8963265437867</ele>
        <time>2026-04-26T11:50:06.820Z</time>
        <speed>0.0</speed>
      </trkpt>
      <trkpt lat="24.581677" lon="102.9523697">
        <ele>1698.427952115139</ele>
        <time>2026-04-26T11:50:18.820Z</time>
        <speed>0.0</speed>
      </trkpt>
      <trkpt lat="24.5816106" lon="102.9523656">
        <ele>1701.127819854036</ele>
        <time>2026-04-26T11:50:22.820Z</time>
        <speed>0.0</speed>
      </trkpt>
      <trkpt lat="24.5816393" lon="102.9523639">
        <ele>1700.3666906199865</ele>
        <time>2026-04-26T11:50:26.821Z</time>
        <speed>0.0</speed>
      </trkpt>
      <trkpt lat="24.5815718" lon="102.9523925">
        <ele>1698.6054891395509</ele>
        <time>2026-04-26T11:50:28.821Z</time>
        <speed>0.0</speed>
      </trkpt>
      <trkpt lat="24.5815979" lon="102.9523838">
        <ele>1698.6178573212744</ele>
        <time>2026-04-26T11:50:30.820Z</time>
        <speed>0.0</speed>
      </trkpt>
      <trkpt lat="24.5816527" lon="102.9523563">
        <ele>1705.4269806657926</ele>
        <time>2026-04-26T11:50:38.820Z</time>
        <speed>0.0</speed>
      </trkpt>
      <trkpt lat="24.5815899" lon="102.9524283">
        <ele>1703.8268663934582</ele>
        <time>2026-04-26T11:50:45.821Z</time>
        <speed>0.0</speed>
      </trkpt>
      <trkpt lat="24.5816175" lon="102.9524096">
        <ele>1705.5839236694196</ele>
        <time>2026-04-26T11:50:47.821Z</time>
        <speed>0.0</speed>
      </trkpt>
      <trkpt lat="24.5816367" lon="102.9523887">
        <ele>1703.6183964749916</ele>
        <time>2026-04-26T11:50:59.821Z</time>
        <speed>0.0</speed>
      </trkpt>
      <trkpt lat="24.5816697" lon="102.9523048">
        <ele>1703.4556356014948</ele>
        <time>2026-04-26T11:51:03.820Z</time>
        <speed>0.0</speed>
      </trkpt>
      <trkpt lat="24.5816757" lon="102.9523639">
        <ele>1705.2285646520186</ele>
        <time>2026-04-26T11:51:07.821Z</time>
        <speed>0.0</speed>
      </trkpt>
      <trkpt lat="24.581681" lon="102.9523056">
        <ele>1702.9743767271807</ele>
        <time>2026-04-26T11:51:11.820Z</time>
        <speed>0.0</speed>
      </trkpt>
      <trkpt lat="24.5816971" lon="102.9523318">
        <ele>1705.9527307877877</ele>
        <time>2026-04-26T11:51:19.821Z</time>
        <speed>0.0</speed>
      </trkpt>
      <trkpt lat="24.5817077" lon="102.9523688">
        <ele>1705.3437710718981</ele>
        <time>2026-04-26T11:51:23.820Z</time>
        <speed>0.0</speed>
      </trkpt>
      <trkpt lat="24.5816761" lon="102.9523171">
        <ele>1704.9693132677312</ele>
        <time>2026-04-26T11:51:27.820Z</time>
        <speed>0.0</speed>
      </trkpt>
      <trkpt lat="24.5816407" lon="102.9523381">
        <ele>1703.8151244823202</ele>
        <time>2026-04-26T11:51:31.820Z</time>
        <speed>0.0</speed>
      </trkpt>
      <trkpt lat="24.5816765" lon="102.9523201">
        <ele>1705.0183759916868</ele>
        <time>2026-04-26T11:51:39.821Z</time>
        <speed>0.0</speed>
      </trkpt>
      <trkpt lat="24.5816374" lon="102.9523158">
        <ele>1705.3984840340186</ele>
        <time>2026-04-26T11:51:55.820Z</time>
        <speed>0.0</speed>
      </trkpt>
      <trkpt lat="24.5816859" lon="102.9523389">
        <ele>1704.829548436104</ele>
        <time>2026-04-26T11:52:06.821Z</time>
        <speed>0.0</speed>
      </trkpt>
      <trkpt lat="24.5816436" lon="102.9523425">
        <ele>1705.6057584025355</ele>
        <time>2026-04-26T11:52:10.820Z</time>
        <speed>0.0</speed>
      </trkpt>
      <trkpt lat="24.5817005" lon="102.9523048">
        <ele>1704.795376566022</ele>
        <time>2026-04-26T11:52:14.820Z</time>
        <speed>0.0</speed>
      </trkpt>
      <trkpt lat="24.5816462" lon="102.9522976">
        <ele>1704.3385822954783</ele>
        <time>2026-04-26T11:52:18.820Z</time>
        <speed>0.0</speed>
      </trkpt>
      <trkpt lat="24.5816681" lon="102.9522228">
        <ele>1705.6627410488804</ele>
        <time>2026-04-26T11:52:22.821Z</time>
        <speed>0.0</speed>
      </trkpt>
      <trkpt lat="24.5816718" lon="102.9522872">
        <ele>1704.6277624337035</ele>
        <time>2026-04-26T11:52:30.821Z</time>
        <speed>0.0</speed>
      </trkpt>
      <trkpt lat="24.5816583" lon="102.9523196">
        <ele>1704.7770029546325</ele>
        <time>2026-04-26T11:52:34.820Z</time>
        <speed>0.0</speed>
      </trkpt>
      <trkpt lat="24.581752" lon="102.9523722">
        <ele>1703.996826171875</ele>
        <time>2026-04-26T11:52:38.820Z</time>
        <speed>4.42</speed>
      </trkpt>
      <trkpt lat="24.5819531" lon="102.9524994">
        <ele>1706.59716796875</ele>
        <time>2026-04-26T11:52:42.821Z</time>
        <speed>8.56</speed>
      </trkpt>
      <trkpt lat="24.5822201" lon="102.9526521">
        <ele>1706.4024381976653</ele>
        <time>2026-04-26T11:52:46.820Z</time>
        <speed>6.65</speed>
      </trkpt>
      <trkpt lat="24.5822554" lon="102.9528322">
        <ele>1707.09716796875</ele>
        <time>2026-04-26T11:52:50.800Z</time>
        <speed>5.99</speed>
      </trkpt>
      <trkpt lat="24.5821684" lon="102.9530989">
        <ele>1707.0159202009331</ele>
        <time>2026-04-26T11:52:54.798Z</time>
        <speed>7.99</speed>
      </trkpt>
      <trkpt lat="24.5820383" lon="102.9533258">
        <ele>1706.7742069675844</ele>
        <time>2026-04-26T11:52:58.795Z</time>
        <speed>6.14</speed>
      </trkpt>
      <trkpt lat="24.5818865" lon="102.9535296">
        <ele>1706.5048575683356</ele>
        <time>2026-04-26T11:53:02.796Z</time>
        <speed>6.72</speed>
      </trkpt>
      <trkpt lat="24.5818239" lon="102.9536381">
        <ele>1706.5752662013876</ele>
        <time>2026-04-26T11:53:04.795Z</time>
        <speed>6.57</speed>
      </trkpt>
      <trkpt lat="24.5817287" lon="102.9539089">
        <ele>1708.6688720213633</ele>
        <time>2026-04-26T11:53:08.800Z</time>
        <speed>7.7</speed>
      </trkpt>
      <trkpt lat="24.5816367" lon="102.9542203">
        <ele>1708.307513511561</ele>
        <time>2026-04-26T11:53:12.798Z</time>
        <speed>8.31</speed>
      </trkpt>
      <trkpt lat="24.5815385" lon="102.9545618">
        <ele>1708.1221297913846</ele>
        <time>2026-04-26T11:53:16.798Z</time>
        <speed>9.86</speed>
      </trkpt>
      <trkpt lat="24.5813915" lon="102.9549093">
        <ele>1709.4079414288738</ele>
        <time>2026-04-26T11:53:20.798Z</time>
        <speed>9.0</speed>
      </trkpt>
      <trkpt lat="24.5812438" lon="102.9551607">
        <ele>1710.55285117964</ele>
        <time>2026-04-26T11:53:24.799Z</time>
        <speed>6.89</speed>
      </trkpt>
      <trkpt lat="24.5811686" lon="102.9554687">
        <ele>1709.8356803734375</ele>
        <time>2026-04-26T11:53:28.796Z</time>
        <speed>8.65</speed>
      </trkpt>
      <trkpt lat="24.5811047" lon="102.95576">
        <ele>1711.882108453095</ele>
        <time>2026-04-26T11:53:32.798Z</time>
        <speed>6.4</speed>
      </trkpt>
      <trkpt lat="24.5811174" lon="102.9560539">
        <ele>1711.2383693986787</ele>
        <time>2026-04-26T11:53:36.799Z</time>
        <speed>9.28</speed>
      </trkpt>
      <trkpt lat="24.5811482" lon="102.9563905">
        <ele>1710.2858480005168</ele>
        <time>2026-04-26T11:53:40.795Z</time>
        <speed>6.16</speed>
      </trkpt>
      <trkpt lat="24.5811643" lon="102.9565333">
        <ele>1714.0197745628282</ele>
        <time>2026-04-26T11:53:44.795Z</time>
        <speed>2.67</speed>
      </trkpt>
      <trkpt lat="24.5812355" lon="102.9567506">
        <ele>1713.1669552776827</ele>
        <time>2026-04-26T11:53:48.798Z</time>
        <speed>7.95</speed>
      </trkpt>
      <trkpt lat="24.5814287" lon="102.9570578">
        <ele>1714.79211213716</ele>
        <time>2026-04-26T11:53:52.798Z</time>
        <speed>10.0</speed>
      </trkpt>
      <trkpt lat="24.5816981" lon="102.9572626">
        <ele>1715.859345069021</ele>
        <time>2026-04-26T11:53:56.799Z</time>
        <speed>8.88</speed>
      </trkpt>
      <trkpt lat="24.5819538" lon="102.9573629">
        <ele>1715.0373512280246</ele>
        <time>2026-04-26T11:54:00.798Z</time>
        <speed>6.93</speed>
      </trkpt>
      <trkpt lat="24.5822186" lon="102.9574106">
        <ele>1717.8732049192247</ele>
        <time>2026-04-26T11:54:04.799Z</time>
        <speed>8.62</speed>
      </trkpt>
      <trkpt lat="24.5825085" lon="102.9574401">
        <ele>1716.543666517068</ele>
        <time>2026-04-26T11:54:08.797Z</time>
        <speed>7.64</speed>
      </trkpt>
      <trkpt lat="24.582638" lon="102.9574905">
        <ele>1718.8645537318105</ele>
        <time>2026-04-26T11:54:10.793Z</time>
        <speed>7.72</speed>
      </trkpt>
      <trkpt lat="24.5828906" lon="102.9576971">
        <ele>1719.4128943400153</ele>
        <time>2026-04-26T11:54:15.798Z</time>
        <speed>6.5</speed>
      </trkpt>
      <trkpt lat="24.5829773" lon="102.9578515">
        <ele>1718.8702634794633</ele>
        <time>2026-04-26T11:54:19.798Z</time>
        <speed>3.63</speed>
      </trkpt>
      <trkpt lat="24.5829645" lon="102.9580282">
        <ele>1719.7083759210175</ele>
        <time>2026-04-26T11:54:23.794Z</time>
        <speed>3.19</speed>
      </trkpt>
      <trkpt lat="24.5829507" lon="102.9580834">
        <ele>1720.8667669510717</ele>
        <time>2026-04-26T11:54:27.799Z</time>
        <speed>0.53</speed>
      </trkpt>
      <trkpt lat="24.5829412" lon="102.9581257">
        <ele>1720.0111357808012</ele>
        <time>2026-04-26T11:54:31.797Z</time>
        <speed>2.32</speed>
      </trkpt>
      <trkpt lat="24.5829562" lon="102.9582489">
        <ele>1720.9998804039317</ele>
        <time>2026-04-26T11:54:35.798Z</time>
        <speed>5.98</speed>
      </trkpt>
      <trkpt lat="24.5831643" lon="102.958379">
        <ele>1720.2764521701395</ele>
        <time>2026-04-26T11:54:39.797Z</time>
        <speed>8.76</speed>
      </trkpt>
      <trkpt lat="24.5835723" lon="102.958521">
        <ele>1722.3094674867202</ele>
        <time>2026-04-26T11:54:43.798Z</time>
        <speed>13.76</speed>
      </trkpt>
      <trkpt lat="24.5840694" lon="102.9586855">
        <ele>1720.3630359073277</ele>
        <time>2026-04-26T11:54:47.798Z</time>
        <speed>14.84</speed>
      </trkpt>
      <trkpt lat="24.584604" lon="102.9588235">
        <ele>1717.3293070762807</ele>
        <time>2026-04-26T11:54:51.798Z</time>
        <speed>14.84</speed>
      </trkpt>
      <trkpt lat="24.585087" lon="102.9588645">
        <ele>1716.0760596797243</ele>
        <time>2026-04-26T11:54:55.797Z</time>
        <speed>10.82</speed>
      </trkpt>
      <trkpt lat="24.5853891" lon="102.9588602">
        <ele>1710.9272551486392</ele>
        <time>2026-04-26T11:54:59.797Z</time>
        <speed>6.73</speed>
      </trkpt>
      <trkpt lat="24.5855992" lon="102.9588296">
        <ele>1709.4017594416885</ele>
        <time>2026-04-26T11:55:03.798Z</time>
        <speed>6.17</speed>
      </trkpt>
      <trkpt lat="24.5859316" lon="102.9587527">
        <ele>1707.7645576259622</ele>
        <time>2026-04-26T11:55:07.798Z</time>
        <speed>11.06</speed>
      </trkpt>
      <trkpt lat="24.5863484" lon="102.9585959">
        <ele>1706.2335982434408</ele>
        <time>2026-04-26T11:55:11.798Z</time>
        <speed>12.61</speed>
      </trkpt>
      <trkpt lat="24.5867579" lon="102.958368">
        <ele>1704.825470305368</ele>
        <time>2026-04-26T11:55:15.798Z</time>
        <speed>12.68</speed>
      </trkpt>
      <trkpt lat="24.5869367" lon="102.9582409">
        <ele>1703.6442235452205</ele>
        <time>2026-04-26T11:55:17.795Z</time>
        <speed>11.78</speed>
      </trkpt>
      <trkpt lat="24.5872928" lon="102.9579384">
        <ele>1700.3388242840024</ele>
        <time>2026-04-26T11:55:21.796Z</time>
        <speed>13.51</speed>
      </trkpt>
      <trkpt lat="24.5876518" lon="102.9575636">
        <ele>1697.6185958669707</ele>
        <time>2026-04-26T11:55:25.795Z</time>
        <speed>13.97</speed>
      </trkpt>
      <trkpt lat="24.5880167" lon="102.9571495">
        <ele>1695.5564677729226</ele>
        <time>2026-04-26T11:55:29.796Z</time>
        <speed>15.13</speed>
      </trkpt>
      <trkpt lat="24.5884057" lon="102.9567062">
        <ele>1693.4856514659991</ele>
        <time>2026-04-26T11:55:33.797Z</time>
        <speed>15.86</speed>
      </trkpt>
      <trkpt lat="24.5888143" lon="102.9562441">
        <ele>1693.4806661902333</ele>
        <time>2026-04-26T11:55:37.796Z</time>
        <speed>16.55</speed>
      </trkpt>
      <trkpt lat="24.5892412" lon="102.9557591">
        <ele>1691.6980970099341</ele>
        <time>2026-04-26T11:55:41.799Z</time>
        <speed>17.58</speed>
      </trkpt>
      <trkpt lat="24.5896621" lon="102.9552807">
        <ele>1691.9266462854607</ele>
        <time>2026-04-26T11:55:45.791Z</time>
        <speed>16.14</speed>
      </trkpt>
      <trkpt lat="24.5900486" lon="102.9548478">
        <ele>1690.1559537469648</ele>
        <time>2026-04-26T11:55:49.797Z</time>
        <speed>14.4</speed>
      </trkpt>
      <trkpt lat="24.5904664" lon="102.9544714">
        <ele>1687.1170782526592</ele>
        <time>2026-04-26T11:55:53.794Z</time>
        <speed>15.7</speed>
      </trkpt>
      <trkpt lat="24.5909892" lon="102.9541863">
        <ele>1687.5106937612923</ele>
        <time>2026-04-26T11:55:57.796Z</time>
        <speed>16.26</speed>
      </trkpt>
      <trkpt lat="24.5915657" lon="102.9540799">
        <ele>1686.1642216297173</ele>
        <time>2026-04-26T11:56:01.797Z</time>
        <speed>16.36</speed>
      </trkpt>
      <trkpt lat="24.5921516" lon="102.954147">
        <ele>1687.2490893667023</ele>
        <time>2026-04-26T11:56:05.797Z</time>
        <speed>16.35</speed>
      </trkpt>
      <trkpt lat="24.5927381" lon="102.9543369">
        <ele>1687.11471799095</ele>
        <time>2026-04-26T11:56:09.797Z</time>
        <speed>17.48</speed>
      </trkpt>
      <trkpt lat="24.5933607" lon="102.9545208">
        <ele>1686.2391464169061</ele>
        <time>2026-04-26T11:56:13.795Z</time>
        <speed>18.01</speed>
      </trkpt>
      <trkpt lat="24.5939915" lon="102.9545497">
        <ele>1686.663512207494</ele>
        <time>2026-04-26T11:56:17.796Z</time>
        <speed>17.89</speed>
      </trkpt>
      <trkpt lat="24.5945844" lon="102.9544003">
        <ele>1686.3195605042054</ele>
        <time>2026-04-26T11:56:21.794Z</time>
        <speed>16.16</speed>
      </trkpt>
      <trkpt lat="24.5948485" lon="102.9542901">
        <ele>1684.4588188739622</ele>
        <time>2026-04-26T11:56:23.794Z</time>
        <speed>15.71</speed>
      </trkpt>
      <trkpt lat="24.595558" lon="102.9539694">
        <ele>1685.2195869803786</ele>
        <time>2026-04-26T11:56:28.794Z</time>
        <speed>18.01</speed>
      </trkpt>
      <trkpt lat="24.5961814" lon="102.9536828">
        <ele>1685.2061643250909</ele>
        <time>2026-04-26T11:56:32.799Z</time>
        <speed>19.42</speed>
      </trkpt>
      <trkpt lat="24.5968206" lon="102.9533883">
        <ele>1686.9175466164145</ele>
        <time>2026-04-26T11:56:36.798Z</time>
        <speed>19.05</speed>
      </trkpt>
      <trkpt lat="24.5974661" lon="102.9530939">
        <ele>1685.4517928082573</ele>
        <time>2026-04-26T11:56:40.794Z</time>
        <speed>19.6</speed>
      </trkpt>
      <trkpt lat="24.5980982" lon="102.9528015">
        <ele>1684.6526153549935</ele>
        <time>2026-04-26T11:56:44.797Z</time>
        <speed>18.44</speed>
      </trkpt>
      <trkpt lat="24.5987048" lon="102.9525274">
        <ele>1685.9398506568734</ele>
        <time>2026-04-26T11:56:48.796Z</time>
        <speed>18.09</speed>
      </trkpt>
      <trkpt lat="24.5992984" lon="102.9522735">
        <ele>1687.0419733575393</ele>
        <time>2026-04-26T11:56:52.798Z</time>
        <speed>17.63</speed>
      </trkpt>
      <trkpt lat="24.59987" lon="102.9521346">
        <ele>1687.942785377685</ele>
        <time>2026-04-26T11:56:56.795Z</time>
        <speed>14.9</speed>
      </trkpt>
      <trkpt lat="24.6003849" lon="102.9521057">
        <ele>1688.4403514396474</ele>
        <time>2026-04-26T11:57:00.797Z</time>
        <speed>13.71</speed>
      </trkpt>
      <trkpt lat="24.6009056" lon="102.9521383">
        <ele>1688.4531397287712</ele>
        <time>2026-04-26T11:57:04.795Z</time>
        <speed>15.88</speed>
      </trkpt>
      <trkpt lat="24.6014833" lon="102.9521748">
        <ele>1689.5735247564041</ele>
        <time>2026-04-26T11:57:08.797Z</time>
        <speed>15.43</speed>
      </trkpt>
      <trkpt lat="24.6020276" lon="102.9521263">
        <ele>1686.7995362110082</ele>
        <time>2026-04-26T11:57:12.794Z</time>
        <speed>15.43</speed>
      </trkpt>
      <trkpt lat="24.6025785" lon="102.9519645">
        <ele>1685.1676978309533</ele>
        <time>2026-04-26T11:57:16.796Z</time>
        <speed>15.45</speed>
      </trkpt>
      <trkpt lat="24.603076" lon="102.9517676">
        <ele>1684.539416017999</ele>
        <time>2026-04-26T11:57:20.794Z</time>
        <speed>14.63</speed>
      </trkpt>
      <trkpt lat="24.6035692" lon="102.9515791">
        <ele>1683.810232703692</ele>
        <time>2026-04-26T11:57:24.797Z</time>
        <speed>14.62</speed>
      </trkpt>
      <trkpt lat="24.6040862" lon="102.9514266">
        <ele>1684.4984845409526</ele>
        <time>2026-04-26T11:57:28.794Z</time>
        <speed>14.34</speed>
      </trkpt>
      <trkpt lat="24.60434" lon="102.9513749">
        <ele>1683.622438071189</ele>
        <time>2026-04-26T11:57:30.793Z</time>
        <speed>14.3</speed>
      </trkpt>
      <trkpt lat="24.6048681" lon="102.951307">
        <ele>1683.7662268432498</ele>
        <time>2026-04-26T11:57:34.794Z</time>
        <speed>14.22</speed>
      </trkpt>
      <trkpt lat="24.6053327" lon="102.9512784">
        <ele>1686.7696335891333</ele>
        <time>2026-04-26T11:57:38.798Z</time>
        <speed>12.33</speed>
      </trkpt>
      <trkpt lat="24.6057883" lon="102.9512607">
        <ele>1684.1290730148983</ele>
        <time>2026-04-26T11:57:42.799Z</time>
        <speed>13.09</speed>
      </trkpt>
      <trkpt lat="24.6062502" lon="102.9512486">
        <ele>1684.368771610718</ele>
        <time>2026-04-26T11:57:46.796Z</time>
        <speed>12.44</speed>
      </trkpt>
      <trkpt lat="24.6066896" lon="102.9512364">
        <ele>1685.100354466907</ele>
        <time>2026-04-26T11:57:50.794Z</time>
        <speed>11.95</speed>
      </trkpt>
      <trkpt lat="24.6071165" lon="102.9512238">
        <ele>1685.9553047238223</ele>
        <time>2026-04-26T11:57:54.796Z</time>
        <speed>12.12</speed>
      </trkpt>
      <trkpt lat="24.6075945" lon="102.951209">
        <ele>1686.6487582581308</ele>
        <time>2026-04-26T11:57:58.799Z</time>
        <speed>13.83</speed>
      </trkpt>
      <trkpt lat="24.6080896" lon="102.9511931">
        <ele>1688.405599954916</ele>
        <time>2026-04-26T11:58:02.797Z</time>
        <speed>13.05</speed>
      </trkpt>
      <trkpt lat="24.6085901" lon="102.9511743">
        <ele>1687.3137777976121</ele>
        <time>2026-04-26T11:58:06.797Z</time>
        <speed>14.44</speed>
      </trkpt>
      <trkpt lat="24.609097" lon="102.9511537">
        <ele>1691.00348425691</ele>
        <time>2026-04-26T11:58:10.796Z</time>
        <speed>13.73</speed>
      </trkpt>
      <trkpt lat="24.6095923" lon="102.9511368">
        <ele>1687.4541755165271</ele>
        <time>2026-04-26T11:58:14.798Z</time>
        <speed>13.55</speed>
      </trkpt>
      <trkpt lat="24.6100948" lon="102.9511237">
        <ele>1689.3263880682432</ele>
        <time>2026-04-26T11:58:18.800Z</time>
        <speed>13.75</speed>
      </trkpt>
      <trkpt lat="24.6105819" lon="102.9511062">
        <ele>1686.0708934066124</ele>
        <time>2026-04-26T11:58:22.799Z</time>
        <speed>12.93</speed>
      </trkpt>
      <trkpt lat="24.6110654" lon="102.9510886">
        <ele>1686.8102922838639</ele>
        <time>2026-04-26T11:58:26.797Z</time>
        <speed>13.83</speed>
      </trkpt>
      <trkpt lat="24.6116033" lon="102.9510698">
        <ele>1687.1369790636782</ele>
        <time>2026-04-26T11:58:30.795Z</time>
        <speed>15.75</speed>
      </trkpt>
      <trkpt lat="24.6121772" lon="102.9510531">
        <ele>1686.9915952270244</ele>
        <time>2026-04-26T11:58:34.794Z</time>
        <speed>15.95</speed>
      </trkpt>
      <trkpt lat="24.6126005" lon="102.9510395">
        <ele>1685.3761861733726</ele>
        <time>2026-04-26T11:58:37.796Z</time>
        <speed>15.15</speed>
      </trkpt>
      <trkpt lat="24.6131945" lon="102.9510423">
        <ele>1688.092674552957</ele>
        <time>2026-04-26T11:58:42.793Z</time>
        <speed>12.59</speed>
      </trkpt>
      <trkpt lat="24.6136762" lon="102.9511151">
        <ele>1685.759437992767</ele>
        <time>2026-04-26T11:58:46.797Z</time>
        <speed>14.09</speed>
      </trkpt>
      <trkpt lat="24.6141492" lon="102.9512619">
        <ele>1689.3380072203129</ele>
        <time>2026-04-26T11:58:50.795Z</time>
        <speed>12.85</speed>
      </trkpt>
      <trkpt lat="24.614613" lon="102.9514532">
        <ele>1686.885765103694</ele>
        <time>2026-04-26T11:58:54.797Z</time>
        <speed>14.54</speed>
      </trkpt>
      <trkpt lat="24.6150925" lon="102.9516624">
        <ele>1689.8921361981227</ele>
        <time>2026-04-26T11:58:58.796Z</time>
        <speed>13.3</speed>
      </trkpt>
      <trkpt lat="24.6155253" lon="102.9518507">
        <ele>1688.9045159162586</ele>
        <time>2026-04-26T11:59:02.799Z</time>
        <speed>12.64</speed>
      </trkpt>
      <trkpt lat="24.6159361" lon="102.9520319">
        <ele>1688.7463510462892</ele>
        <time>2026-04-26T11:59:06.798Z</time>
        <speed>11.32</speed>
      </trkpt>
      <trkpt lat="24.6162914" lon="102.9521888">
        <ele>1687.2089282798775</ele>
        <time>2026-04-26T11:59:10.797Z</time>
        <speed>10.39</speed>
      </trkpt>
      <trkpt lat="24.6166705" lon="102.9523532">
        <ele>1691.3626171800825</ele>
        <time>2026-04-26T11:59:14.794Z</time>
        <speed>11.91</speed>
      </trkpt>
      <trkpt lat="24.6170607" lon="102.9524946">
        <ele>1687.641644107365</ele>
        <time>2026-04-26T11:59:18.796Z</time>
        <speed>11.05</speed>
      </trkpt>
      <trkpt lat="24.6174805" lon="102.9526034">
        <ele>1690.5960853433808</ele>
        <time>2026-04-26T11:59:22.798Z</time>
        <speed>12.13</speed>
      </trkpt>
      <trkpt lat="24.6178506" lon="102.9526541">
        <ele>1688.9936096786437</ele>
        <time>2026-04-26T11:59:26.799Z</time>
        <speed>7.95</speed>
      </trkpt>
      <trkpt lat="24.6180197" lon="102.9526607">
        <ele>1691.7406145960476</ele>
        <time>2026-04-26T11:59:30.797Z</time>
        <speed>2.21</speed>
      </trkpt>
      <trkpt lat="24.6180936" lon="102.9526618">
        <ele>1689.8215808724162</ele>
        <time>2026-04-26T11:59:34.796Z</time>
        <speed>2.32</speed>
      </trkpt>
      <trkpt lat="24.6181398" lon="102.9526646">
        <ele>1689.3876134446098</ele>
        <time>2026-04-26T11:59:38.798Z</time>
        <speed>0.0</speed>
      </trkpt>
    </trkseg>
  </trk>
</gpx>
