<?xml version="1.0" encoding="UTF-8"?>
<gpx version="1.1" creator="Pyxis" xmlns="http://www.topografix.com/GPX/1/1">
  <trk>
    <name>trip-20260424-9acd9ffa-3f1f-4717-8b22-eca5c3fa9087_2026-05-03_1200-1600</name>
    <trkseg>
      <trkpt lat="29.9936332" lon="100.2696438">
        <ele>3910.47774481983</ele>
        <time>2026-05-03T04:01:41.892Z</time>
        <speed>0.5537227</speed>
      </trkpt>
      <trkpt lat="29.9936249" lon="100.2696001">
        <ele>3910.5238029877987</ele>
        <time>2026-05-03T04:01:57.889Z</time>
        <speed>0.44337243</speed>
      </trkpt>
      <trkpt lat="29.9936448" lon="100.2694794">
        <ele>3910.4610553797406</ele>
        <time>2026-05-03T04:02:06.888Z</time>
        <speed>1.1200691</speed>
      </trkpt>
      <trkpt lat="29.9936748" lon="100.2693883">
        <ele>3910.4218285444026</ele>
        <time>2026-05-03T04:02:11.888Z</time>
        <speed>2.3047514</speed>
      </trkpt>
      <trkpt lat="29.9936982" lon="100.2692925">
        <ele>3910.439278897986</ele>
        <time>2026-05-03T04:02:14.889Z</time>
        <speed>1.1747483</speed>
      </trkpt>
      <trkpt lat="29.9937119" lon="100.2692287">
        <ele>3910.420216397864</ele>
        <time>2026-05-03T04:02:19.889Z</time>
        <speed>1.0719451</speed>
      </trkpt>
      <trkpt lat="29.9937238" lon="100.2691995">
        <ele>3910.402276796826</ele>
        <time>2026-05-03T04:02:24.890Z</time>
        <speed>0.85042953</speed>
      </trkpt>
      <trkpt lat="29.9937069" lon="100.2692452">
        <ele>3910.4513566162022</ele>
        <time>2026-05-03T04:02:48.879Z</time>
        <speed>0.25491446</speed>
      </trkpt>
      <trkpt lat="29.9936976" lon="100.2692789">
        <ele>3910.47971359058</ele>
        <time>2026-05-03T04:02:54.879Z</time>
        <speed>0.2849472</speed>
      </trkpt>
      <trkpt lat="29.9936971" lon="100.2693259">
        <ele>3910.5439476888578</ele>
        <time>2026-05-03T04:03:02.891Z</time>
        <speed>0.30619684</speed>
      </trkpt>
      <trkpt lat="29.9936787" lon="100.2693721">
        <ele>3910.4421129647694</ele>
        <time>2026-05-03T04:03:12.879Z</time>
        <speed>0.6275596</speed>
      </trkpt>
      <trkpt lat="29.993663" lon="100.2693988">
        <ele>3910.4190857842214</ele>
        <time>2026-05-03T04:03:18.890Z</time>
        <speed>0.667537</speed>
      </trkpt>
      <trkpt lat="29.9936443" lon="100.2694508">
        <ele>3910.56628060632</ele>
        <time>2026-05-03T04:03:24.885Z</time>
        <speed>0.87988657</speed>
      </trkpt>
      <trkpt lat="29.993637" lon="100.2694842">
        <ele>3910.5653046026937</ele>
        <time>2026-05-03T04:03:26.883Z</time>
        <speed>1.007284</speed>
      </trkpt>
      <trkpt lat="29.9936324" lon="100.2695288">
        <ele>3910.4084985022178</ele>
        <time>2026-05-03T04:03:30.887Z</time>
        <speed>0.9718604</speed>
      </trkpt>
      <trkpt lat="29.9936197" lon="100.2695568">
        <ele>3910.536116479721</ele>
        <time>2026-05-03T04:03:50.885Z</time>
        <speed>0.5228765</speed>
      </trkpt>
      <trkpt lat="29.9936028" lon="100.2695832">
        <ele>3911.2558917012857</ele>
        <time>2026-05-03T04:07:29.890Z</time>
        <speed>0.24108136</speed>
      </trkpt>
      <trkpt lat="29.9938002" lon="100.2694909">
        <ele>3911.064005686163</ele>
        <time>2026-05-03T04:08:56.891Z</time>
        <speed>0.0</speed>
      </trkpt>
      <trkpt lat="29.9935706" lon="100.2695013">
        <ele>3910.6620002807504</ele>
        <time>2026-05-03T04:09:01.890Z</time>
        <speed>0.47857606</speed>
      </trkpt>
      <trkpt lat="29.993598" lon="100.2695327">
        <ele>3911.1088214241186</ele>
        <time>2026-05-03T04:09:23.083Z</time>
        <speed>0.07413755</speed>
      </trkpt>
      <trkpt lat="29.993603" lon="100.2695743">
        <ele>3912.1225785484107</ele>
        <time>2026-05-03T04:09:26.882Z</time>
        <speed>0.13346857</speed>
      </trkpt>
      <trkpt lat="29.993629" lon="100.2696058">
        <ele>3910.816910864029</ele>
        <time>2026-05-03T04:09:39.584Z</time>
        <speed>0.40352598</speed>
      </trkpt>
      <trkpt lat="29.9936125" lon="100.2696976">
        <ele>3910.5976164466792</ele>
        <time>2026-05-03T04:09:43.628Z</time>
        <speed>1.2505319</speed>
      </trkpt>
      <trkpt lat="29.9935971" lon="100.2697297">
        <ele>3910.512024417307</ele>
        <time>2026-05-03T04:09:45.589Z</time>
        <speed>1.3679127</speed>
      </trkpt>
      <trkpt lat="29.9936527" lon="100.2697317">
        <ele>3910.137115252942</ele>
        <time>2026-05-03T04:09:49.749Z</time>
        <speed>1.4957331</speed>
      </trkpt>
      <trkpt lat="29.9936769" lon="100.2697057">
        <ele>3909.913156498995</ele>
        <time>2026-05-03T04:09:51.629Z</time>
        <speed>1.5737535</speed>
      </trkpt>
      <trkpt lat="29.9937256" lon="100.2697222">
        <ele>3909.9576123255374</ele>
        <time>2026-05-03T04:09:57.329Z</time>
        <speed>1.0948014</speed>
      </trkpt>
      <trkpt lat="29.9936972" lon="100.26973">
        <ele>3910.044697414747</ele>
        <time>2026-05-03T04:10:05.481Z</time>
        <speed>0.13947234</speed>
      </trkpt>
      <trkpt lat="29.9937051" lon="100.2696923">
        <ele>3909.949375604561</ele>
        <time>2026-05-03T04:10:14.883Z</time>
        <speed>0.08936297</speed>
      </trkpt>
      <trkpt lat="29.9937049" lon="100.2696581">
        <ele>3910.2733916436287</ele>
        <time>2026-05-03T04:10:23.027Z</time>
        <speed>0.22922662</speed>
      </trkpt>
      <trkpt lat="29.9936912" lon="100.2696225">
        <ele>3909.949375604561</ele>
        <time>2026-05-03T04:10:45.882Z</time>
        <speed>0.0864216</speed>
      </trkpt>
      <trkpt lat="29.993697" lon="100.2696605">
        <ele>3909.7020282191643</ele>
        <time>2026-05-03T04:11:22.883Z</time>
        <speed>0.8629087</speed>
      </trkpt>
      <trkpt lat="29.993735" lon="100.2696713">
        <ele>3910.498028658893</ele>
        <time>2026-05-03T04:11:50.883Z</time>
        <speed>0.09889502</speed>
      </trkpt>
      <trkpt lat="29.9937113" lon="100.2696555">
        <ele>3910.595863878481</ele>
        <time>2026-05-03T04:12:14.883Z</time>
        <speed>0.11698483</speed>
      </trkpt>
      <trkpt lat="29.9936888" lon="100.2696283">
        <ele>3910.1300513885085</ele>
        <time>2026-05-03T04:12:30.883Z</time>
        <speed>0.17269088</speed>
      </trkpt>
      <trkpt lat="29.9936806" lon="100.2696616">
        <ele>3911.09259409486</ele>
        <time>2026-05-03T04:12:58.883Z</time>
        <speed>0.13917428</speed>
      </trkpt>
      <trkpt lat="29.9936505" lon="100.2696585">
        <ele>3910.9569374463495</ele>
        <time>2026-05-03T04:13:06.882Z</time>
        <speed>0.22066219</speed>
      </trkpt>
      <trkpt lat="29.9936666" lon="100.269697">
        <ele>3910.457472656747</ele>
        <time>2026-05-03T04:13:26.882Z</time>
        <speed>0.16387616</speed>
      </trkpt>
      <trkpt lat="29.9936574" lon="100.2696668">
        <ele>3910.719074341524</ele>
        <time>2026-05-03T04:13:38.883Z</time>
        <speed>0.08203716</speed>
      </trkpt>
      <trkpt lat="29.9936511" lon="100.2696349">
        <ele>3910.9374670176953</ele>
        <time>2026-05-03T04:14:04.883Z</time>
        <speed>0.11188527</speed>
      </trkpt>
      <trkpt lat="29.99368" lon="100.2696292">
        <ele>3908.2405916770185</ele>
        <time>2026-05-03T04:14:16.882Z</time>
        <speed>0.14371207</speed>
      </trkpt>
      <trkpt lat="29.9937022" lon="100.2696012">
        <ele>3910.489482892113</ele>
        <time>2026-05-03T04:14:40.883Z</time>
        <speed>0.15769875</speed>
      </trkpt>
      <trkpt lat="29.9936817" lon="100.2696236">
        <ele>3910.7532310523115</ele>
        <time>2026-05-03T04:15:20.883Z</time>
        <speed>0.0797338</speed>
      </trkpt>
      <trkpt lat="29.993699" lon="100.2696526">
        <ele>3909.6998533983306</ele>
        <time>2026-05-03T04:15:41.883Z</time>
        <speed>0.1047375</speed>
      </trkpt>
      <trkpt lat="29.993674" lon="100.2696327">
        <ele>3910.574246949103</ele>
        <time>2026-05-03T04:15:47.882Z</time>
        <speed>0.08865666</speed>
      </trkpt>
      <trkpt lat="29.9936894" lon="100.269661">
        <ele>3911.618459171917</ele>
        <time>2026-05-03T04:21:19.889Z</time>
        <speed>2.4688208</speed>
      </trkpt>
      <trkpt lat="29.9936583" lon="100.2699241">
        <ele>3911.7438912435127</ele>
        <time>2026-05-03T04:21:23.889Z</time>
        <speed>9.228849</speed>
      </trkpt>
      <trkpt lat="29.9936331" lon="100.2703155">
        <ele>3912.765514238814</ele>
        <time>2026-05-03T04:21:27.889Z</time>
        <speed>8.920057</speed>
      </trkpt>
      <trkpt lat="29.9935492" lon="100.2709558">
        <ele>3911.6705048890094</ele>
        <time>2026-05-03T04:21:35.862Z</time>
        <speed>8.54</speed>
      </trkpt>
      <trkpt lat="29.9935012" lon="100.2712988">
        <ele>3911.3118451516702</ele>
        <time>2026-05-03T04:21:39.862Z</time>
        <speed>8.15</speed>
      </trkpt>
      <trkpt lat="29.9934451" lon="100.2716134">
        <ele>3911.1379433290745</ele>
        <time>2026-05-03T04:21:43.861Z</time>
        <speed>7.21</speed>
      </trkpt>
      <trkpt lat="29.9933156" lon="100.2722129">
        <ele>3910.9091796875</ele>
        <time>2026-05-03T04:21:51.866Z</time>
        <speed>8.14</speed>
      </trkpt>
      <trkpt lat="29.9932515" lon="100.2724975">
        <ele>3910.1815813119956</ele>
        <time>2026-05-03T04:21:55.865Z</time>
        <speed>6.39</speed>
      </trkpt>
      <trkpt lat="29.9932224" lon="100.2726249">
        <ele>3910.4128875499127</ele>
        <time>2026-05-03T04:21:57.862Z</time>
        <speed>6.54</speed>
      </trkpt>
      <trkpt lat="29.9931687" lon="100.2728558">
        <ele>3910.1100296505983</ele>
        <time>2026-05-03T04:22:01.863Z</time>
        <speed>5.0</speed>
      </trkpt>
      <trkpt lat="29.9931297" lon="100.2730353">
        <ele>3910.235130471913</ele>
        <time>2026-05-03T04:22:05.863Z</time>
        <speed>4.9</speed>
      </trkpt>
      <trkpt lat="29.9930848" lon="100.2732454">
        <ele>3909.7443820332965</ele>
        <time>2026-05-03T04:22:09.862Z</time>
        <speed>5.69</speed>
      </trkpt>
      <trkpt lat="29.9930287" lon="100.2734914">
        <ele>3909.4303157571726</ele>
        <time>2026-05-03T04:22:13.862Z</time>
        <speed>6.6</speed>
      </trkpt>
      <trkpt lat="29.9929686" lon="100.273768">
        <ele>3909.4320330969194</ele>
        <time>2026-05-03T04:22:17.864Z</time>
        <speed>6.99</speed>
      </trkpt>
      <trkpt lat="29.9929127" lon="100.2740213">
        <ele>3909.5905541114444</ele>
        <time>2026-05-03T04:22:21.863Z</time>
        <speed>6.1</speed>
      </trkpt>
      <trkpt lat="29.9928581" lon="100.274269">
        <ele>3909.5363602768957</ele>
        <time>2026-05-03T04:22:25.861Z</time>
        <speed>5.8</speed>
      </trkpt>
      <trkpt lat="29.9928095" lon="100.2744912">
        <ele>3909.6269743888815</ele>
        <time>2026-05-03T04:22:29.862Z</time>
        <speed>4.29</speed>
      </trkpt>
      <trkpt lat="29.9927794" lon="100.274623">
        <ele>3909.447683615975</ele>
        <time>2026-05-03T04:22:33.863Z</time>
        <speed>2.55</speed>
      </trkpt>
      <trkpt lat="29.992766" lon="100.2746916">
        <ele>3908.910279223159</ele>
        <time>2026-05-03T04:22:37.864Z</time>
        <speed>1.64</speed>
      </trkpt>
      <trkpt lat="29.9927335" lon="100.274841">
        <ele>3909.1643936889923</ele>
        <time>2026-05-03T04:22:41.863Z</time>
        <speed>7.09</speed>
      </trkpt>
      <trkpt lat="29.9926665" lon="100.2751444">
        <ele>3909.004066577618</ele>
        <time>2026-05-03T04:22:45.862Z</time>
        <speed>7.61</speed>
      </trkpt>
      <trkpt lat="29.992616" lon="100.2753725">
        <ele>3909.3536190291443</ele>
        <time>2026-05-03T04:22:49.864Z</time>
        <speed>2.8</speed>
      </trkpt>
      <trkpt lat="29.9926073" lon="100.2754096">
        <ele>3908.05945914359</ele>
        <time>2026-05-03T04:22:53.864Z</time>
        <speed>1.16</speed>
      </trkpt>
      <trkpt lat="29.9925764" lon="100.2755153">
        <ele>3908.4557023667758</ele>
        <time>2026-05-03T04:22:57.862Z</time>
        <speed>3.07</speed>
      </trkpt>
      <trkpt lat="29.9921509" lon="100.2767952">
        <ele>3911.028033492697</ele>
        <time>2026-05-03T04:23:12.864Z</time>
        <speed>8.63</speed>
      </trkpt>
      <trkpt lat="29.9919882" lon="100.2770627">
        <ele>3912.36694073322</ele>
        <time>2026-05-03T04:23:16.863Z</time>
        <speed>6.32</speed>
      </trkpt>
      <trkpt lat="29.9917386" lon="100.2774514">
        <ele>3915.4113924892813</ele>
        <time>2026-05-03T04:23:24.863Z</time>
        <speed>4.66</speed>
      </trkpt>
      <trkpt lat="29.9916542" lon="100.2776147">
        <ele>3916.4487155848115</ele>
        <time>2026-05-03T04:23:28.862Z</time>
        <speed>5.83</speed>
      </trkpt>
      <trkpt lat="29.9915518" lon="100.277884">
        <ele>3916.4518288495237</ele>
        <time>2026-05-03T04:23:32.863Z</time>
        <speed>7.01</speed>
      </trkpt>
      <trkpt lat="29.9915039" lon="100.2780908">
        <ele>3917.3072069222467</ele>
        <time>2026-05-03T04:23:36.864Z</time>
        <speed>3.56</speed>
      </trkpt>
      <trkpt lat="29.9915885" lon="100.2781584">
        <ele>3917.1717901600036</ele>
        <time>2026-05-03T04:23:40.863Z</time>
        <speed>2.82</speed>
      </trkpt>
      <trkpt lat="29.9916769" lon="100.2781443">
        <ele>3916.7246286485542</ele>
        <time>2026-05-03T04:23:44.864Z</time>
        <speed>1.68</speed>
      </trkpt>
      <trkpt lat="29.991715" lon="100.2781102">
        <ele>3916.862236125878</ele>
        <time>2026-05-03T04:23:52.863Z</time>
        <speed>1.09</speed>
      </trkpt>
      <trkpt lat="29.9917314" lon="100.2780813">
        <ele>3916.8672572952946</ele>
        <time>2026-05-03T04:23:56.864Z</time>
        <speed>0.0</speed>
      </trkpt>
      <trkpt lat="29.9917104" lon="100.2781291">
        <ele>3916.935449328463</ele>
        <time>2026-05-03T04:24:14.863Z</time>
        <speed>0.0</speed>
      </trkpt>
      <trkpt lat="29.991797" lon="100.2781371">
        <ele>3917.017799422076</ele>
        <time>2026-05-03T04:24:22.863Z</time>
        <speed>2.4</speed>
      </trkpt>
      <trkpt lat="29.9918354" lon="100.2781127">
        <ele>3917.050181330712</ele>
        <time>2026-05-03T04:24:26.862Z</time>
        <speed>0.57</speed>
      </trkpt>
      <trkpt lat="29.991861" lon="100.2780977">
        <ele>3917.244735533202</ele>
        <time>2026-05-03T04:24:58.859Z</time>
        <speed>0.0</speed>
      </trkpt>
      <trkpt lat="29.9918727" lon="100.2780587">
        <ele>3917.673446470702</ele>
        <time>2026-05-03T04:25:33.864Z</time>
        <speed>1.19</speed>
      </trkpt>
      <trkpt lat="29.9918844" lon="100.2780019">
        <ele>3917.9427984780164</ele>
        <time>2026-05-03T04:25:37.863Z</time>
        <speed>1.41</speed>
      </trkpt>
      <trkpt lat="29.9919161" lon="100.2778568">
        <ele>3917.528719111689</ele>
        <time>2026-05-03T04:25:45.864Z</time>
        <speed>0.93</speed>
      </trkpt>
      <trkpt lat="29.9919569" lon="100.2778508">
        <ele>3917.685872931411</ele>
        <time>2026-05-03T04:25:57.888Z</time>
        <speed>0.0</speed>
      </trkpt>
      <trkpt lat="29.9919776" lon="100.2778301">
        <ele>3917.101928476176</ele>
        <time>2026-05-03T04:26:58.884Z</time>
        <speed>0.0</speed>
      </trkpt>
      <trkpt lat="29.9918433" lon="100.2776927">
        <ele>3917.1721420377908</ele>
        <time>2026-05-03T04:28:17.887Z</time>
        <speed>2.62</speed>
      </trkpt>
      <trkpt lat="29.9917823" lon="100.2776603">
        <ele>3916.9310904019726</ele>
        <time>2026-05-03T04:28:21.886Z</time>
        <speed>1.05</speed>
      </trkpt>
      <trkpt lat="29.9916457" lon="100.2777281">
        <ele>3916.9530048558386</ele>
        <time>2026-05-03T04:28:29.887Z</time>
        <speed>4.26</speed>
      </trkpt>
      <trkpt lat="29.9915156" lon="100.2780639">
        <ele>3917.4970958001486</ele>
        <time>2026-05-03T04:28:33.887Z</time>
        <speed>9.51</speed>
      </trkpt>
      <trkpt lat="29.9914571" lon="100.278631">
        <ele>3918.3580308379487</ele>
        <time>2026-05-03T04:28:39.886Z</time>
        <speed>12.74</speed>
      </trkpt>
      <trkpt lat="29.9914615" lon="100.2792272">
        <ele>3919.1522540916726</ele>
        <time>2026-05-03T04:28:43.887Z</time>
        <speed>14.42</speed>
      </trkpt>
      <trkpt lat="29.9914687" lon="100.2798612">
        <ele>3919.8181612939557</ele>
        <time>2026-05-03T04:28:47.887Z</time>
        <speed>15.31</speed>
      </trkpt>
      <trkpt lat="29.9914852" lon="100.2804599">
        <ele>3920.031888508592</ele>
        <time>2026-05-03T04:28:51.886Z</time>
        <speed>13.39</speed>
      </trkpt>
      <trkpt lat="29.9915032" lon="100.2809797">
        <ele>3921.026192719907</ele>
        <time>2026-05-03T04:28:55.886Z</time>
        <speed>12.03</speed>
      </trkpt>
      <trkpt lat="29.9915166" lon="100.2814539">
        <ele>3923.421258428861</ele>
        <time>2026-05-03T04:28:59.887Z</time>
        <speed>11.45</speed>
      </trkpt>
      <trkpt lat="29.9915362" lon="100.2819609">
        <ele>3925.9323707546123</ele>
        <time>2026-05-03T04:29:03.887Z</time>
        <speed>11.91</speed>
      </trkpt>
      <trkpt lat="29.9915713" lon="100.282489">
        <ele>3929.051464237255</ele>
        <time>2026-05-03T04:29:07.886Z</time>
        <speed>12.26</speed>
      </trkpt>
      <trkpt lat="29.9916296" lon="100.2830117">
        <ele>3932.5387176906784</ele>
        <time>2026-05-03T04:29:11.887Z</time>
        <speed>13.51</speed>
      </trkpt>
      <trkpt lat="29.9917013" lon="100.2834716">
        <ele>3935.451463488841</ele>
        <time>2026-05-03T04:29:15.887Z</time>
        <speed>9.79</speed>
      </trkpt>
      <trkpt lat="29.9917751" lon="100.283909">
        <ele>3937.40450204991</ele>
        <time>2026-05-03T04:29:19.887Z</time>
        <speed>12.73</speed>
      </trkpt>
      <trkpt lat="29.9918588" lon="100.2844307">
        <ele>3939.6511288578777</ele>
        <time>2026-05-03T04:29:23.886Z</time>
        <speed>12.98</speed>
      </trkpt>
      <trkpt lat="29.9917048" lon="100.2855602">
        <ele>3940.7053708430294</ele>
        <time>2026-05-03T04:29:31.887Z</time>
        <speed>15.52</speed>
      </trkpt>
      <trkpt lat="29.9916405" lon="100.286178">
        <ele>3941.409664693841</ele>
        <time>2026-05-03T04:29:35.887Z</time>
        <speed>15.28</speed>
      </trkpt>
      <trkpt lat="29.9916684" lon="100.2867823">
        <ele>3942.4004703390033</ele>
        <time>2026-05-03T04:29:39.887Z</time>
        <speed>13.13</speed>
      </trkpt>
      <trkpt lat="29.9917511" lon="100.2873225">
        <ele>3942.8257909561075</ele>
        <time>2026-05-03T04:29:43.887Z</time>
        <speed>14.92</speed>
      </trkpt>
      <trkpt lat="29.9918339" lon="100.2876473">
        <ele>3942.842405100618</ele>
        <time>2026-05-03T04:29:45.886Z</time>
        <speed>17.3</speed>
      </trkpt>
      <trkpt lat="29.9920514" lon="100.2884651">
        <ele>3945.769252264442</ele>
        <time>2026-05-03T04:29:50.887Z</time>
        <speed>14.61</speed>
      </trkpt>
      <trkpt lat="29.9922392" lon="100.2889802">
        <ele>3947.6641642568907</ele>
        <time>2026-05-03T04:29:54.887Z</time>
        <speed>12.15</speed>
      </trkpt>
      <trkpt lat="29.993005" lon="100.2898891">
        <ele>3955.124479218977</ele>
        <time>2026-05-03T04:30:02.887Z</time>
        <speed>16.52</speed>
      </trkpt>
      <trkpt lat="29.9933818" lon="100.2901399">
        <ele>3960.432741597976</ele>
        <time>2026-05-03T04:30:06.886Z</time>
        <speed>7.87</speed>
      </trkpt>
      <trkpt lat="29.9938432" lon="100.290195">
        <ele>3964.108914194777</ele>
        <time>2026-05-03T04:30:14.886Z</time>
        <speed>6.52</speed>
      </trkpt>
      <trkpt lat="29.9942909" lon="100.2899159">
        <ele>3967.0136701420206</ele>
        <time>2026-05-03T04:30:22.886Z</time>
        <speed>11.83</speed>
      </trkpt>
      <trkpt lat="29.9946056" lon="100.2895689">
        <ele>3969.7151976248797</ele>
        <time>2026-05-03T04:30:26.887Z</time>
        <speed>12.23</speed>
      </trkpt>
      <trkpt lat="29.9955148" lon="100.2893607">
        <ele>3974.347386124956</ele>
        <time>2026-05-03T04:30:38.886Z</time>
        <speed>12.35</speed>
      </trkpt>
      <trkpt lat="29.9953204" lon="100.2898038">
        <ele>3975.755276288462</ele>
        <time>2026-05-03T04:30:42.886Z</time>
        <speed>15.34</speed>
      </trkpt>
      <trkpt lat="29.9948786" lon="100.2903131">
        <ele>3978.0504883022613</ele>
        <time>2026-05-03T04:30:46.887Z</time>
        <speed>18.25</speed>
      </trkpt>
      <trkpt lat="29.9945049" lon="100.2909115">
        <ele>3981.1930611081443</ele>
        <time>2026-05-03T04:30:50.887Z</time>
        <speed>18.26</speed>
      </trkpt>
      <trkpt lat="29.9944028" lon="100.2912575">
        <ele>3982.6078892802416</ele>
        <time>2026-05-03T04:30:52.886Z</time>
        <speed>17.52</speed>
      </trkpt>
      <trkpt lat="29.9942523" lon="100.2919338">
        <ele>3985.480922814187</ele>
        <time>2026-05-03T04:30:56.886Z</time>
        <speed>16.61</speed>
      </trkpt>
      <trkpt lat="29.9941469" lon="100.2925657">
        <ele>3989.3096520015883</ele>
        <time>2026-05-03T04:31:00.887Z</time>
        <speed>14.7</speed>
      </trkpt>
      <trkpt lat="29.9944344" lon="100.2937821">
        <ele>3996.0880792478047</ele>
        <time>2026-05-03T04:31:08.887Z</time>
        <speed>18.24</speed>
      </trkpt>
      <trkpt lat="29.9948182" lon="100.2943482">
        <ele>3999.7148399617345</ele>
        <time>2026-05-03T04:31:12.886Z</time>
        <speed>16.64</speed>
      </trkpt>
      <trkpt lat="29.995239" lon="100.2948717">
        <ele>4003.1990851310384</ele>
        <time>2026-05-03T04:31:16.887Z</time>
        <speed>17.42</speed>
      </trkpt>
      <trkpt lat="29.9956976" lon="100.2953613">
        <ele>4007.6892364550113</ele>
        <time>2026-05-03T04:31:20.886Z</time>
        <speed>17.28</speed>
      </trkpt>
      <trkpt lat="29.9961529" lon="100.2958414">
        <ele>4011.36490531046</ele>
        <time>2026-05-03T04:31:24.887Z</time>
        <speed>17.68</speed>
      </trkpt>
      <trkpt lat="29.9966568" lon="100.2962556">
        <ele>4014.758302159549</ele>
        <time>2026-05-03T04:31:28.886Z</time>
        <speed>17.36</speed>
      </trkpt>
      <trkpt lat="29.9972139" lon="100.2966342">
        <ele>4016.946083583647</ele>
        <time>2026-05-03T04:31:32.886Z</time>
        <speed>17.68</speed>
      </trkpt>
      <trkpt lat="29.9982306" lon="100.2974329">
        <ele>4025.637003735216</ele>
        <time>2026-05-03T04:31:40.887Z</time>
        <speed>16.87</speed>
      </trkpt>
      <trkpt lat="29.9988222" lon="100.2975877">
        <ele>4030.108148046852</ele>
        <time>2026-05-03T04:31:44.886Z</time>
        <speed>15.71</speed>
      </trkpt>
      <trkpt lat="29.9993703" lon="100.2977956">
        <ele>4034.307272094167</ele>
        <time>2026-05-03T04:31:48.887Z</time>
        <speed>16.35</speed>
      </trkpt>
      <trkpt lat="29.9998869" lon="100.298115">
        <ele>4038.378104863256</ele>
        <time>2026-05-03T04:31:52.887Z</time>
        <speed>17.12</speed>
      </trkpt>
      <trkpt lat="30.0005644" lon="100.2987331">
        <ele>4044.7235665060916</ele>
        <time>2026-05-03T04:31:58.886Z</time>
        <speed>15.34</speed>
      </trkpt>
      <trkpt lat="30.0010583" lon="100.2993327">
        <ele>4049.296267500371</ele>
        <time>2026-05-03T04:32:03.887Z</time>
        <speed>17.11</speed>
      </trkpt>
      <trkpt lat="30.0018092" lon="100.3004038">
        <ele>4058.239392894206</ele>
        <time>2026-05-03T04:32:11.886Z</time>
        <speed>14.5</speed>
      </trkpt>
      <trkpt lat="30.002061" lon="100.3008488">
        <ele>4061.2052674712163</ele>
        <time>2026-05-03T04:32:15.887Z</time>
        <speed>11.51</speed>
      </trkpt>
      <trkpt lat="30.0022624" lon="100.3012893">
        <ele>4062.4181313679505</ele>
        <time>2026-05-03T04:32:19.887Z</time>
        <speed>12.14</speed>
      </trkpt>
      <trkpt lat="30.0023914" lon="100.3016466">
        <ele>4063.817165465309</ele>
        <time>2026-05-03T04:32:23.887Z</time>
        <speed>6.16</speed>
      </trkpt>
      <trkpt lat="30.0023979" lon="100.3017918">
        <ele>4064.3480200841677</ele>
        <time>2026-05-03T04:32:27.886Z</time>
        <speed>2.04</speed>
      </trkpt>
      <trkpt lat="30.0023427" lon="100.3019174">
        <ele>4064.477976015521</ele>
        <time>2026-05-03T04:32:31.887Z</time>
        <speed>4.12</speed>
      </trkpt>
      <trkpt lat="30.0023944" lon="100.3020037">
        <ele>4065.284060758907</ele>
        <time>2026-05-03T04:32:35.887Z</time>
        <speed>1.58</speed>
      </trkpt>
      <trkpt lat="30.0024224" lon="100.3020063">
        <ele>4065.529947232134</ele>
        <time>2026-05-03T04:32:43.887Z</time>
        <speed>0.0</speed>
      </trkpt>
      <trkpt lat="30.0024624" lon="100.3019932">
        <ele>4065.2940456852293</ele>
        <time>2026-05-03T04:34:48.887Z</time>
        <speed>0.0</speed>
      </trkpt>
      <trkpt lat="30.0024912" lon="100.3019895">
        <ele>4065.439289888752</ele>
        <time>2026-05-03T04:34:52.887Z</time>
        <speed>1.19</speed>
      </trkpt>
      <trkpt lat="30.0025351" lon="100.302046">
        <ele>4065.433411277827</ele>
        <time>2026-05-03T04:34:56.886Z</time>
        <speed>3.09</speed>
      </trkpt>
      <trkpt lat="30.0026161" lon="100.3022869">
        <ele>4065.85511959453</ele>
        <time>2026-05-03T04:35:00.887Z</time>
        <speed>9.88</speed>
      </trkpt>
      <trkpt lat="30.0027671" lon="100.3027017">
        <ele>4066.880192307609</ele>
        <time>2026-05-03T04:35:04.886Z</time>
        <speed>11.04</speed>
      </trkpt>
      <trkpt lat="30.002983" lon="100.3032469">
        <ele>4068.3721433546407</ele>
        <time>2026-05-03T04:35:09.887Z</time>
        <speed>11.18</speed>
      </trkpt>
      <trkpt lat="30.0199894" lon="100.3234389">
        <ele>4130.406854486077</ele>
        <time>2026-05-03T04:37:39.886Z</time>
        <speed>9.34</speed>
      </trkpt>
      <trkpt lat="30.0204065" lon="100.3236595">
        <ele>4128.703783221555</ele>
        <time>2026-05-03T04:37:44.886Z</time>
        <speed>11.73</speed>
      </trkpt>
      <trkpt lat="30.0213666" lon="100.3239919">
        <ele>4129.156325041604</ele>
        <time>2026-05-03T04:37:52.864Z</time>
        <speed>14.12</speed>
      </trkpt>
      <trkpt lat="30.0219323" lon="100.3241256">
        <ele>4128.807496844131</ele>
        <time>2026-05-03T04:37:56.865Z</time>
        <speed>17.5</speed>
      </trkpt>
      <trkpt lat="30.0241961" lon="100.3245297">
        <ele>4124.177632088317</ele>
        <time>2026-05-03T04:38:08.861Z</time>
        <speed>24.05</speed>
      </trkpt>
      <trkpt lat="30.0250046" lon="100.3248395">
        <ele>4121.141951661462</ele>
        <time>2026-05-03T04:38:12.862Z</time>
        <speed>24.38</speed>
      </trkpt>
      <trkpt lat="30.0257814" lon="100.3251355">
        <ele>4119.247728652021</ele>
        <time>2026-05-03T04:38:16.860Z</time>
        <speed>22.78</speed>
      </trkpt>
      <trkpt lat="30.0265347" lon="100.3252763">
        <ele>4116.791511981057</ele>
        <time>2026-05-03T04:38:20.862Z</time>
        <speed>20.4</speed>
      </trkpt>
      <trkpt lat="30.0277076" lon="100.3254532">
        <ele>4107.523923564984</ele>
        <time>2026-05-03T04:38:28.865Z</time>
        <speed>12.19</speed>
      </trkpt>
      <trkpt lat="30.028413" lon="100.3260678">
        <ele>4097.79526705861</ele>
        <time>2026-05-03T04:38:36.862Z</time>
        <speed>7.13</speed>
      </trkpt>
      <trkpt lat="30.0287241" lon="100.3281426">
        <ele>4089.006942296389</ele>
        <time>2026-05-03T04:38:44.860Z</time>
        <speed>30.58</speed>
      </trkpt>
      <trkpt lat="30.0289586" lon="100.3286894">
        <ele>4084.499080261563</ele>
        <time>2026-05-03T04:38:48.887Z</time>
        <speed>18.29</speed>
      </trkpt>
      <trkpt lat="30.0291191" lon="100.3294024">
        <ele>4079.2918354151693</ele>
        <time>2026-05-03T04:38:52.887Z</time>
        <speed>18.09</speed>
      </trkpt>
      <trkpt lat="30.0293584" lon="100.330081">
        <ele>4074.349488223429</ele>
        <time>2026-05-03T04:38:56.886Z</time>
        <speed>17.7</speed>
      </trkpt>
      <trkpt lat="30.0296543" lon="100.330716">
        <ele>4070.4693969498253</ele>
        <time>2026-05-03T04:39:00.887Z</time>
        <speed>17.25</speed>
      </trkpt>
      <trkpt lat="30.0300105" lon="100.3313591">
        <ele>4067.4657620648914</ele>
        <time>2026-05-03T04:39:04.887Z</time>
        <speed>20.69</speed>
      </trkpt>
      <trkpt lat="30.0303861" lon="100.3320867">
        <ele>4066.3244994861043</ele>
        <time>2026-05-03T04:39:08.861Z</time>
        <speed>22.12</speed>
      </trkpt>
      <trkpt lat="30.0308211" lon="100.3328448">
        <ele>4065.974283169634</ele>
        <time>2026-05-03T04:39:12.863Z</time>
        <speed>21.54</speed>
      </trkpt>
      <trkpt lat="30.0312525" lon="100.3336026">
        <ele>4065.001599196196</ele>
        <time>2026-05-03T04:39:16.862Z</time>
        <speed>21.32</speed>
      </trkpt>
      <trkpt lat="30.0316675" lon="100.3343418">
        <ele>4063.978971273347</ele>
        <time>2026-05-03T04:39:20.862Z</time>
        <speed>20.96</speed>
      </trkpt>
      <trkpt lat="30.0321088" lon="100.3351084">
        <ele>4063.237050763494</ele>
        <time>2026-05-03T04:39:24.864Z</time>
        <speed>22.73</speed>
      </trkpt>
      <trkpt lat="30.0325742" lon="100.3359218">
        <ele>4063.1510511387314</ele>
        <time>2026-05-03T04:39:28.863Z</time>
        <speed>23.75</speed>
      </trkpt>
      <trkpt lat="30.0330307" lon="100.3367101">
        <ele>4063.140319550331</ele>
        <time>2026-05-03T04:39:32.863Z</time>
        <speed>21.84</speed>
      </trkpt>
      <trkpt lat="30.0334303" lon="100.337417">
        <ele>4063.381215300084</ele>
        <time>2026-05-03T04:39:36.862Z</time>
        <speed>19.49</speed>
      </trkpt>
      <trkpt lat="30.0337594" lon="100.3380737">
        <ele>4063.8174574871855</ele>
        <time>2026-05-03T04:39:40.863Z</time>
        <speed>17.36</speed>
      </trkpt>
      <trkpt lat="30.0338466" lon="100.3386959">
        <ele>4065.2060732860637</ele>
        <time>2026-05-03T04:39:44.865Z</time>
        <speed>13.0</speed>
      </trkpt>
      <trkpt lat="30.0337399" lon="100.3392928">
        <ele>4066.7472671808846</ele>
        <time>2026-05-03T04:39:48.861Z</time>
        <speed>14.05</speed>
      </trkpt>
      <trkpt lat="30.033581" lon="100.340386">
        <ele>4066.6657882950594</ele>
        <time>2026-05-03T04:39:52.863Z</time>
        <speed>26.64</speed>
      </trkpt>
      <trkpt lat="30.0335552" lon="100.3415991">
        <ele>4064.039204515237</ele>
        <time>2026-05-03T04:39:56.863Z</time>
        <speed>30.95</speed>
      </trkpt>
      <trkpt lat="30.0335213" lon="100.3421062">
        <ele>4061.592886662872</ele>
        <time>2026-05-03T04:40:00.886Z</time>
        <speed>16.92</speed>
      </trkpt>
      <trkpt lat="30.0332637" lon="100.3427894">
        <ele>4058.5569348747445</ele>
        <time>2026-05-03T04:40:04.887Z</time>
        <speed>18.52</speed>
      </trkpt>
      <trkpt lat="30.0329727" lon="100.343471">
        <ele>4054.994350486742</ele>
        <time>2026-05-03T04:40:08.886Z</time>
        <speed>18.08</speed>
      </trkpt>
      <trkpt lat="30.0323832" lon="100.3448568">
        <ele>4045.8668063588443</ele>
        <time>2026-05-03T04:40:16.886Z</time>
        <speed>18.23</speed>
      </trkpt>
      <trkpt lat="30.0320943" lon="100.3455377">
        <ele>4040.2458310322263</ele>
        <time>2026-05-03T04:40:20.886Z</time>
        <speed>18.31</speed>
      </trkpt>
      <trkpt lat="30.0318531" lon="100.3462333">
        <ele>4035.4418911767075</ele>
        <time>2026-05-03T04:40:24.887Z</time>
        <speed>17.93</speed>
      </trkpt>
      <trkpt lat="30.0317322" lon="100.3470021">
        <ele>4031.1690253264114</ele>
        <time>2026-05-03T04:40:28.887Z</time>
        <speed>20.16</speed>
      </trkpt>
      <trkpt lat="30.0316287" lon="100.3478255">
        <ele>4028.667971615491</ele>
        <time>2026-05-03T04:40:32.886Z</time>
        <speed>20.96</speed>
      </trkpt>
      <trkpt lat="30.0311151" lon="100.3496667">
        <ele>4024.213727479428</ele>
        <time>2026-05-03T04:40:40.863Z</time>
        <speed>23.98</speed>
      </trkpt>
      <trkpt lat="30.0308386" lon="100.3505332">
        <ele>4022.7879841378967</ele>
        <time>2026-05-03T04:40:44.862Z</time>
        <speed>21.87</speed>
      </trkpt>
      <trkpt lat="30.0305665" lon="100.3513712">
        <ele>4019.452523372276</ele>
        <time>2026-05-03T04:40:48.862Z</time>
        <speed>21.9</speed>
      </trkpt>
      <trkpt lat="30.0303212" lon="100.3522069">
        <ele>4018.119128645908</ele>
        <time>2026-05-03T04:40:52.864Z</time>
        <speed>21.43</speed>
      </trkpt>
      <trkpt lat="30.0301903" lon="100.3530554">
        <ele>4013.962721625954</ele>
        <time>2026-05-03T04:40:56.861Z</time>
        <speed>21.23</speed>
      </trkpt>
      <trkpt lat="30.0302287" lon="100.3547334">
        <ele>4011.028097691601</ele>
        <time>2026-05-03T04:41:04.864Z</time>
        <speed>19.04</speed>
      </trkpt>
      <trkpt lat="30.0302623" lon="100.3555632">
        <ele>4009.5828003494244</ele>
        <time>2026-05-03T04:41:08.862Z</time>
        <speed>20.32</speed>
      </trkpt>
      <trkpt lat="30.0302959" lon="100.3564144">
        <ele>4009.8556278760834</ele>
        <time>2026-05-03T04:41:12.858Z</time>
        <speed>20.89</speed>
      </trkpt>
      <trkpt lat="30.0303263" lon="100.3572573">
        <ele>4009.882917081487</ele>
        <time>2026-05-03T04:41:16.866Z</time>
        <speed>20.14</speed>
      </trkpt>
      <trkpt lat="30.0303407" lon="100.3580958">
        <ele>4009.784817772281</ele>
        <time>2026-05-03T04:41:20.863Z</time>
        <speed>20.26</speed>
      </trkpt>
      <trkpt lat="30.0303379" lon="100.35895">
        <ele>4009.890201300722</ele>
        <time>2026-05-03T04:41:24.861Z</time>
        <speed>19.52</speed>
      </trkpt>
      <trkpt lat="30.0303686" lon="100.359847">
        <ele>4010.0063605833257</ele>
        <time>2026-05-03T04:41:29.860Z</time>
        <speed>18.84</speed>
      </trkpt>
      <trkpt lat="30.0303305" lon="100.3604091">
        <ele>4007.1047551881907</ele>
        <time>2026-05-03T04:41:32.861Z</time>
        <speed>18.84</speed>
      </trkpt>
      <trkpt lat="30.0302518" lon="100.3612108">
        <ele>4006.6152968388687</ele>
        <time>2026-05-03T04:41:36.864Z</time>
        <speed>19.76</speed>
      </trkpt>
      <trkpt lat="30.0301717" lon="100.3620235">
        <ele>4005.5984103734054</ele>
        <time>2026-05-03T04:41:40.863Z</time>
        <speed>20.08</speed>
      </trkpt>
      <trkpt lat="30.0300972" lon="100.3628401">
        <ele>4004.9276916686</ele>
        <time>2026-05-03T04:41:44.862Z</time>
        <speed>19.07</speed>
      </trkpt>
      <trkpt lat="30.0300198" lon="100.3635888">
        <ele>4004.261551466634</ele>
        <time>2026-05-03T04:41:48.858Z</time>
        <speed>17.95</speed>
      </trkpt>
      <trkpt lat="30.0299427" lon="100.3643115">
        <ele>4002.073046071764</ele>
        <time>2026-05-03T04:41:52.861Z</time>
        <speed>17.63</speed>
      </trkpt>
      <trkpt lat="30.029868" lon="100.3650411">
        <ele>3999.1737307816966</ele>
        <time>2026-05-03T04:41:56.861Z</time>
        <speed>17.62</speed>
      </trkpt>
      <trkpt lat="30.0297721" lon="100.3662011">
        <ele>3996.0401469324916</ele>
        <time>2026-05-03T04:42:02.862Z</time>
        <speed>19.95</speed>
      </trkpt>
      <trkpt lat="30.0298688" lon="100.3669984">
        <ele>3995.8660037391783</ele>
        <time>2026-05-03T04:42:06.863Z</time>
        <speed>20.58</speed>
      </trkpt>
      <trkpt lat="30.0301526" lon="100.3677259">
        <ele>3995.8075816588444</ele>
        <time>2026-05-03T04:42:10.861Z</time>
        <speed>18.89</speed>
      </trkpt>
      <trkpt lat="30.0304696" lon="100.3684245">
        <ele>3995.991688351928</ele>
        <time>2026-05-03T04:42:14.860Z</time>
        <speed>19.2</speed>
      </trkpt>
      <trkpt lat="30.0308014" lon="100.3691333">
        <ele>3995.575549714301</ele>
        <time>2026-05-03T04:42:18.861Z</time>
        <speed>19.04</speed>
      </trkpt>
      <trkpt lat="30.0311337" lon="100.369723">
        <ele>3994.6539559683797</ele>
        <time>2026-05-03T04:42:22.859Z</time>
        <speed>17.61</speed>
      </trkpt>
      <trkpt lat="30.0321424" lon="100.3709442">
        <ele>3993.1020689233537</ele>
        <time>2026-05-03T04:42:30.860Z</time>
        <speed>21.25</speed>
      </trkpt>
      <trkpt lat="30.0331187" lon="100.3721365">
        <ele>3990.815499724607</ele>
        <time>2026-05-03T04:42:38.861Z</time>
        <speed>19.2</speed>
      </trkpt>
      <trkpt lat="30.0336173" lon="100.3727383">
        <ele>3990.8228164313587</ele>
        <time>2026-05-03T04:42:42.863Z</time>
        <speed>20.65</speed>
      </trkpt>
      <trkpt lat="30.033984" lon="100.3732202">
        <ele>3990.85137492983</ele>
        <time>2026-05-03T04:42:45.866Z</time>
        <speed>20.47</speed>
      </trkpt>
      <trkpt lat="30.0352577" lon="100.3751253">
        <ele>3989.958750266729</ele>
        <time>2026-05-03T04:42:58.886Z</time>
        <speed>14.27</speed>
      </trkpt>
      <trkpt lat="30.0355378" lon="100.3755071">
        <ele>3989.606864228307</ele>
        <time>2026-05-03T04:43:02.858Z</time>
        <speed>10.21</speed>
      </trkpt>
      <trkpt lat="30.0356479" lon="100.3756533">
        <ele>3988.1665427444377</ele>
        <time>2026-05-03T04:43:04.860Z</time>
        <speed>8.81</speed>
      </trkpt>
      <trkpt lat="30.0359165" lon="100.3760637">
        <ele>3986.9745078791157</ele>
        <time>2026-05-03T04:43:09.860Z</time>
        <speed>11.71</speed>
      </trkpt>
      <trkpt lat="30.0362029" lon="100.3763284">
        <ele>3987.3948493754688</ele>
        <time>2026-05-03T04:43:12.860Z</time>
        <speed>13.69</speed>
      </trkpt>
      <trkpt lat="30.0365578" lon="100.3767494">
        <ele>3987.8191181459833</ele>
        <time>2026-05-03T04:43:16.865Z</time>
        <speed>14.65</speed>
      </trkpt>
      <trkpt lat="30.0369488" lon="100.377214">
        <ele>3988.1388312837094</ele>
        <time>2026-05-03T04:43:20.862Z</time>
        <speed>16.47</speed>
      </trkpt>
      <trkpt lat="30.0373844" lon="100.3777445">
        <ele>3987.828125</ele>
        <time>2026-05-03T04:43:24.862Z</time>
        <speed>18.77</speed>
      </trkpt>
      <trkpt lat="30.0378235" lon="100.3782752">
        <ele>3988.038327188104</ele>
        <time>2026-05-03T04:43:28.865Z</time>
        <speed>17.28</speed>
      </trkpt>
      <trkpt lat="30.0382318" lon="100.3787747">
        <ele>3987.585750700322</ele>
        <time>2026-05-03T04:43:32.863Z</time>
        <speed>16.28</speed>
      </trkpt>
      <trkpt lat="30.0386161" lon="100.3792441">
        <ele>3987.116648796219</ele>
        <time>2026-05-03T04:43:36.863Z</time>
        <speed>15.34</speed>
      </trkpt>
      <trkpt lat="30.0390429" lon="100.3797396">
        <ele>3986.950492322016</ele>
        <time>2026-05-03T04:43:40.862Z</time>
        <speed>17.82</speed>
      </trkpt>
      <trkpt lat="30.0399922" lon="100.3805652">
        <ele>3986.8700250781385</ele>
        <time>2026-05-03T04:43:48.864Z</time>
        <speed>15.5</speed>
      </trkpt>
      <trkpt lat="30.0404494" lon="100.3808599">
        <ele>3986.1678693530316</ele>
        <time>2026-05-03T04:43:52.863Z</time>
        <speed>14.3</speed>
      </trkpt>
      <trkpt lat="30.0409679" lon="100.381102">
        <ele>3985.759437250122</ele>
        <time>2026-05-03T04:43:56.864Z</time>
        <speed>16.48</speed>
      </trkpt>
      <trkpt lat="30.0415133" lon="100.381265">
        <ele>3985.4237248240797</ele>
        <time>2026-05-03T04:44:00.861Z</time>
        <speed>14.61</speed>
      </trkpt>
      <trkpt lat="30.0419905" lon="100.3814092">
        <ele>3985.0024922426533</ele>
        <time>2026-05-03T04:44:04.860Z</time>
        <speed>13.62</speed>
      </trkpt>
      <trkpt lat="30.0424642" lon="100.3815271">
        <ele>3984.9201790754664</ele>
        <time>2026-05-03T04:44:08.861Z</time>
        <speed>13.68</speed>
      </trkpt>
      <trkpt lat="30.0427129" lon="100.3815932">
        <ele>3984.9309053026254</ele>
        <time>2026-05-03T04:44:10.861Z</time>
        <speed>14.37</speed>
      </trkpt>
      <trkpt lat="30.0433505" lon="100.3817626">
        <ele>3985.3943873944027</ele>
        <time>2026-05-03T04:44:15.858Z</time>
        <speed>14.37</speed>
      </trkpt>
      <trkpt lat="30.0438371" lon="100.3819013">
        <ele>3986.850377930618</ele>
        <time>2026-05-03T04:44:19.859Z</time>
        <speed>14.2</speed>
      </trkpt>
      <trkpt lat="30.0443929" lon="100.382045">
        <ele>3987.2321414779394</ele>
        <time>2026-05-03T04:44:23.861Z</time>
        <speed>17.19</speed>
      </trkpt>
      <trkpt lat="30.0450226" lon="100.3821652">
        <ele>3989.212326400485</ele>
        <time>2026-05-03T04:44:27.860Z</time>
        <speed>17.04</speed>
      </trkpt>
      <trkpt lat="30.0455378" lon="100.38234">
        <ele>3990.6923380612266</ele>
        <time>2026-05-03T04:44:31.863Z</time>
        <speed>15.33</speed>
      </trkpt>
      <trkpt lat="30.0461108" lon="100.3825305">
        <ele>3992.5594377334223</ele>
        <time>2026-05-03T04:44:35.863Z</time>
        <speed>16.37</speed>
      </trkpt>
      <trkpt lat="30.0466664" lon="100.3828955">
        <ele>3995.1984652800174</ele>
        <time>2026-05-03T04:44:39.863Z</time>
        <speed>16.79</speed>
      </trkpt>
      <trkpt lat="30.0470714" lon="100.3834501">
        <ele>3998.2961378707214</ele>
        <time>2026-05-03T04:44:43.863Z</time>
        <speed>18.11</speed>
      </trkpt>
      <trkpt lat="30.0473684" lon="100.3841464">
        <ele>4001.292202255627</ele>
        <time>2026-05-03T04:44:47.863Z</time>
        <speed>20.0</speed>
      </trkpt>
      <trkpt lat="30.0476706" lon="100.3849771">
        <ele>4003.4212216684546</ele>
        <time>2026-05-03T04:44:51.863Z</time>
        <speed>23.55</speed>
      </trkpt>
      <trkpt lat="30.0480037" lon="100.3858543">
        <ele>4005.1113513832124</ele>
        <time>2026-05-03T04:44:55.862Z</time>
        <speed>26.36</speed>
      </trkpt>
      <trkpt lat="30.0481678" lon="100.3862599">
        <ele>4007.0784866164286</ele>
        <time>2026-05-03T04:44:59.863Z</time>
        <speed>18.63</speed>
      </trkpt>
      <trkpt lat="30.0485888" lon="100.3867991">
        <ele>4009.2731720524607</ele>
        <time>2026-05-03T04:45:03.862Z</time>
        <speed>19.02</speed>
      </trkpt>
      <trkpt lat="30.049118" lon="100.3872122">
        <ele>4011.6908501538737</ele>
        <time>2026-05-03T04:45:07.862Z</time>
        <speed>16.57</speed>
      </trkpt>
      <trkpt lat="30.0496347" lon="100.3876757">
        <ele>4012.488468555169</ele>
        <time>2026-05-03T04:45:11.863Z</time>
        <speed>17.52</speed>
      </trkpt>
      <trkpt lat="30.050104" lon="100.3881944">
        <ele>4012.7579472714247</ele>
        <time>2026-05-03T04:45:15.863Z</time>
        <speed>17.96</speed>
      </trkpt>
      <trkpt lat="30.0503265" lon="100.3884697">
        <ele>4013.0504645383103</ele>
        <time>2026-05-03T04:45:17.859Z</time>
        <speed>18.35</speed>
      </trkpt>
      <trkpt lat="30.0507733" lon="100.3890299">
        <ele>4014.2616647071545</ele>
        <time>2026-05-03T04:45:21.863Z</time>
        <speed>18.53</speed>
      </trkpt>
      <trkpt lat="30.0512209" lon="100.3895673">
        <ele>4015.1944227761182</ele>
        <time>2026-05-03T04:45:25.861Z</time>
        <speed>18.15</speed>
      </trkpt>
      <trkpt lat="30.0516837" lon="100.3900798">
        <ele>4016.480787244715</ele>
        <time>2026-05-03T04:45:29.861Z</time>
        <speed>17.91</speed>
      </trkpt>
      <trkpt lat="30.0521702" lon="100.3905669">
        <ele>4017.871700198768</ele>
        <time>2026-05-03T04:45:33.862Z</time>
        <speed>17.92</speed>
      </trkpt>
      <trkpt lat="30.0526691" lon="100.3910427">
        <ele>4017.7484772248768</ele>
        <time>2026-05-03T04:45:37.864Z</time>
        <speed>17.82</speed>
      </trkpt>
      <trkpt lat="30.0531675" lon="100.3915238">
        <ele>4018.9778454575353</ele>
        <time>2026-05-03T04:45:41.863Z</time>
        <speed>18.0</speed>
      </trkpt>
      <trkpt lat="30.0536563" lon="100.3919935">
        <ele>4020.0115163162113</ele>
        <time>2026-05-03T04:45:45.862Z</time>
        <speed>17.23</speed>
      </trkpt>
      <trkpt lat="30.0541182" lon="100.3924451">
        <ele>4020.7596249187072</ele>
        <time>2026-05-03T04:45:49.860Z</time>
        <speed>16.7</speed>
      </trkpt>
      <trkpt lat="30.0545796" lon="100.3928928">
        <ele>4021.61431709169</ele>
        <time>2026-05-03T04:45:53.863Z</time>
        <speed>16.78</speed>
      </trkpt>
      <trkpt lat="30.0550421" lon="100.3933356">
        <ele>4022.8662714971224</ele>
        <time>2026-05-03T04:45:57.861Z</time>
        <speed>16.67</speed>
      </trkpt>
      <trkpt lat="30.0555028" lon="100.3937808">
        <ele>4024.8838189134276</ele>
        <time>2026-05-03T04:46:01.861Z</time>
        <speed>16.77</speed>
      </trkpt>
      <trkpt lat="30.0559669" lon="100.3942257">
        <ele>4026.526122084273</ele>
        <time>2026-05-03T04:46:05.860Z</time>
        <speed>16.76</speed>
      </trkpt>
      <trkpt lat="30.0564353" lon="100.3946661">
        <ele>4028.487220321127</ele>
        <time>2026-05-03T04:46:09.861Z</time>
        <speed>17.04</speed>
      </trkpt>
      <trkpt lat="30.056946" lon="100.3950225">
        <ele>4029.8717829993843</ele>
        <time>2026-05-03T04:46:13.863Z</time>
        <speed>17.0</speed>
      </trkpt>
      <trkpt lat="30.0574884" lon="100.3953172">
        <ele>4031.500974693068</ele>
        <time>2026-05-03T04:46:17.858Z</time>
        <speed>16.15</speed>
      </trkpt>
      <trkpt lat="30.058036" lon="100.3956067">
        <ele>4032.3227690165913</ele>
        <time>2026-05-03T04:46:21.863Z</time>
        <speed>16.62</speed>
      </trkpt>
      <trkpt lat="30.058307" lon="100.3957562">
        <ele>4032.9748811594995</ele>
        <time>2026-05-03T04:46:23.859Z</time>
        <speed>16.51</speed>
      </trkpt>
      <trkpt lat="30.0589135" lon="100.3962693">
        <ele>4034.0193348133876</ele>
        <time>2026-05-03T04:46:28.865Z</time>
        <speed>17.31</speed>
      </trkpt>
      <trkpt lat="30.059355" lon="100.3967392">
        <ele>4034.5918853710236</ele>
        <time>2026-05-03T04:46:32.866Z</time>
        <speed>17.19</speed>
      </trkpt>
      <trkpt lat="30.0598264" lon="100.3971608">
        <ele>4036.518463802088</ele>
        <time>2026-05-03T04:46:36.862Z</time>
        <speed>16.86</speed>
      </trkpt>
      <trkpt lat="30.0603425" lon="100.3974011">
        <ele>4037.2027285478066</ele>
        <time>2026-05-03T04:46:41.860Z</time>
        <speed>8.56</speed>
      </trkpt>
      <trkpt lat="30.0604191" lon="100.3975648">
        <ele>4036.6256183662717</ele>
        <time>2026-05-03T04:46:44.862Z</time>
        <speed>7.57</speed>
      </trkpt>
      <trkpt lat="30.0608494" lon="100.3977603">
        <ele>4035.8895905446852</ele>
        <time>2026-05-03T04:46:48.887Z</time>
        <speed>16.86</speed>
      </trkpt>
      <trkpt lat="30.0613749" lon="100.3981316">
        <ele>4038.3925585804354</ele>
        <time>2026-05-03T04:46:52.886Z</time>
        <speed>17.1</speed>
      </trkpt>
      <trkpt lat="30.0618799" lon="100.3985289">
        <ele>4040.0385228812975</ele>
        <time>2026-05-03T04:46:56.886Z</time>
        <speed>16.77</speed>
      </trkpt>
      <trkpt lat="30.0623758" lon="100.3989257">
        <ele>4041.2699310234248</ele>
        <time>2026-05-03T04:47:00.886Z</time>
        <speed>16.77</speed>
      </trkpt>
      <trkpt lat="30.0628607" lon="100.3993771">
        <ele>4042.2489508273275</ele>
        <time>2026-05-03T04:47:04.887Z</time>
        <speed>17.68</speed>
      </trkpt>
      <trkpt lat="30.0632763" lon="100.3999449">
        <ele>4043.446875052622</ele>
        <time>2026-05-03T04:47:08.886Z</time>
        <speed>18.24</speed>
      </trkpt>
      <trkpt lat="30.0636835" lon="100.4005265">
        <ele>4045.071995872928</ele>
        <time>2026-05-03T04:47:12.886Z</time>
        <speed>18.05</speed>
      </trkpt>
      <trkpt lat="30.0640925" lon="100.4011067">
        <ele>4045.0452194639174</ele>
        <time>2026-05-03T04:47:16.887Z</time>
        <speed>18.05</speed>
      </trkpt>
      <trkpt lat="30.0644975" lon="100.4016942">
        <ele>4048.216580881124</ele>
        <time>2026-05-03T04:47:20.887Z</time>
        <speed>17.73</speed>
      </trkpt>
      <trkpt lat="30.0671533" lon="100.4051291">
        <ele>4055.403875427839</ele>
        <time>2026-05-03T04:47:46.887Z</time>
        <speed>17.07</speed>
      </trkpt>
      <trkpt lat="30.0675352" lon="100.4056828">
        <ele>4056.9655043207867</ele>
        <time>2026-05-03T04:47:50.887Z</time>
        <speed>16.96</speed>
      </trkpt>
      <trkpt lat="30.0679369" lon="100.40621">
        <ele>4057.1118792058214</ele>
        <time>2026-05-03T04:47:54.886Z</time>
        <speed>17.03</speed>
      </trkpt>
      <trkpt lat="30.0684242" lon="100.4066265">
        <ele>4058.00624567425</ele>
        <time>2026-05-03T04:47:58.886Z</time>
        <speed>16.93</speed>
      </trkpt>
      <trkpt lat="30.0690075" lon="100.4068559">
        <ele>4058.2855167448697</ele>
        <time>2026-05-03T04:48:02.887Z</time>
        <speed>16.99</speed>
      </trkpt>
      <trkpt lat="30.0696158" lon="100.4070042">
        <ele>4058.4918174590694</ele>
        <time>2026-05-03T04:48:06.887Z</time>
        <speed>16.96</speed>
      </trkpt>
      <trkpt lat="30.0702028" lon="100.4072036">
        <ele>4057.765682637616</ele>
        <time>2026-05-03T04:48:10.886Z</time>
        <speed>16.96</speed>
      </trkpt>
      <trkpt lat="30.0710983" lon="100.408125">
        <ele>4058.4092097482553</ele>
        <time>2026-05-03T04:48:18.887Z</time>
        <speed>17.12</speed>
      </trkpt>
      <trkpt lat="30.0714108" lon="100.4087295">
        <ele>4059.928246364071</ele>
        <time>2026-05-03T04:48:22.887Z</time>
        <speed>17.29</speed>
      </trkpt>
      <trkpt lat="30.07173" lon="100.4093357">
        <ele>4059.32870622498</ele>
        <time>2026-05-03T04:48:26.887Z</time>
        <speed>17.1</speed>
      </trkpt>
      <trkpt lat="30.0726081" lon="100.4103095">
        <ele>4059.732904797618</ele>
        <time>2026-05-03T04:48:34.887Z</time>
        <speed>16.96</speed>
      </trkpt>
      <trkpt lat="30.0728502" lon="100.4105274">
        <ele>4059.344628533706</ele>
        <time>2026-05-03T04:48:36.887Z</time>
        <speed>17.01</speed>
      </trkpt>
      <trkpt lat="30.0733075" lon="100.4109957">
        <ele>4059.8068155083665</ele>
        <time>2026-05-03T04:48:40.886Z</time>
        <speed>16.96</speed>
      </trkpt>
      <trkpt lat="30.0736803" lon="100.4115543">
        <ele>4060.043952942551</ele>
        <time>2026-05-03T04:48:44.886Z</time>
        <speed>17.03</speed>
      </trkpt>
      <trkpt lat="30.0740384" lon="100.412118">
        <ele>4060.5864077702718</ele>
        <time>2026-05-03T04:48:48.887Z</time>
        <speed>16.93</speed>
      </trkpt>
      <trkpt lat="30.0744836" lon="100.412602">
        <ele>4061.3107109110706</ele>
        <time>2026-05-03T04:48:52.887Z</time>
        <speed>16.89</speed>
      </trkpt>
      <trkpt lat="30.0754677" lon="100.4134448">
        <ele>4061.402547371613</ele>
        <time>2026-05-03T04:49:00.887Z</time>
        <speed>17.07</speed>
      </trkpt>
      <trkpt lat="30.0759411" lon="100.4138905">
        <ele>4062.4412205790177</ele>
        <time>2026-05-03T04:49:04.887Z</time>
        <speed>16.95</speed>
      </trkpt>
      <trkpt lat="30.0763997" lon="100.4143645">
        <ele>4062.2913853559567</ele>
        <time>2026-05-03T04:49:08.887Z</time>
        <speed>16.99</speed>
      </trkpt>
      <trkpt lat="30.0777443" lon="100.415813">
        <ele>4062.2014625239835</ele>
        <time>2026-05-03T04:49:20.886Z</time>
        <speed>16.97</speed>
      </trkpt>
      <trkpt lat="30.0787283" lon="100.4166286">
        <ele>4060.500940557805</ele>
        <time>2026-05-03T04:49:28.886Z</time>
        <speed>17.36</speed>
      </trkpt>
      <trkpt lat="30.0793076" lon="100.4168891">
        <ele>4060.5814959426116</ele>
        <time>2026-05-03T04:49:32.886Z</time>
        <speed>17.19</speed>
      </trkpt>
      <trkpt lat="30.0798907" lon="100.4171453">
        <ele>4061.61035526012</ele>
        <time>2026-05-03T04:49:36.886Z</time>
        <speed>17.16</speed>
      </trkpt>
      <trkpt lat="30.0804709" lon="100.4173823">
        <ele>4064.553860002722</ele>
        <time>2026-05-03T04:49:40.886Z</time>
        <speed>17.06</speed>
      </trkpt>
      <trkpt lat="30.0820904" lon="100.4179514">
        <ele>4065.9464544142193</ele>
        <time>2026-05-03T04:49:51.887Z</time>
        <speed>17.46</speed>
      </trkpt>
      <trkpt lat="30.0836831" lon="100.4184453">
        <ele>4067.137295939703</ele>
        <time>2026-05-03T04:50:03.887Z</time>
        <speed>12.12</speed>
      </trkpt>
      <trkpt lat="30.0840754" lon="100.4185529">
        <ele>4066.805996011537</ele>
        <time>2026-05-03T04:50:07.886Z</time>
        <speed>10.28</speed>
      </trkpt>
      <trkpt lat="30.0844001" lon="100.4186539">
        <ele>4067.019131877203</ele>
        <time>2026-05-03T04:50:11.887Z</time>
        <speed>8.74</speed>
      </trkpt>
      <trkpt lat="30.0847977" lon="100.4187566">
        <ele>4067.1602570841196</ele>
        <time>2026-05-03T04:50:15.886Z</time>
        <speed>15.61</speed>
      </trkpt>
      <trkpt lat="30.0854328" lon="100.4190682">
        <ele>4068.8521474150075</ele>
        <time>2026-05-03T04:50:19.887Z</time>
        <speed>19.93</speed>
      </trkpt>
      <trkpt lat="30.0860397" lon="100.4193982">
        <ele>4072.0941459189617</ele>
        <time>2026-05-03T04:50:23.887Z</time>
        <speed>17.21</speed>
      </trkpt>
      <trkpt lat="30.0865647" lon="100.4196956">
        <ele>4072.0985916021527</ele>
        <time>2026-05-03T04:50:27.886Z</time>
        <speed>16.49</speed>
      </trkpt>
      <trkpt lat="30.0871003" lon="100.4200129">
        <ele>4073.175116869347</ele>
        <time>2026-05-03T04:50:31.887Z</time>
        <speed>16.75</speed>
      </trkpt>
      <trkpt lat="30.0875442" lon="100.4204768">
        <ele>4076.6427018978566</ele>
        <time>2026-05-03T04:50:35.887Z</time>
        <speed>16.68</speed>
      </trkpt>
      <trkpt lat="30.0877814" lon="100.4210927">
        <ele>4079.602917584394</ele>
        <time>2026-05-03T04:50:39.886Z</time>
        <speed>16.57</speed>
      </trkpt>
      <trkpt lat="30.0877678" lon="100.4217549">
        <ele>4081.978390299132</ele>
        <time>2026-05-03T04:50:43.887Z</time>
        <speed>16.35</speed>
      </trkpt>
      <trkpt lat="30.0875704" lon="100.4223939">
        <ele>4084.377934951469</ele>
        <time>2026-05-03T04:50:47.886Z</time>
        <speed>16.59</speed>
      </trkpt>
      <trkpt lat="30.0874492" lon="100.4227066">
        <ele>4085.1367852724434</ele>
        <time>2026-05-03T04:50:49.886Z</time>
        <speed>16.65</speed>
      </trkpt>
      <trkpt lat="30.087202" lon="100.4233351">
        <ele>4087.4333924535285</ele>
        <time>2026-05-03T04:50:53.887Z</time>
        <speed>16.76</speed>
      </trkpt>
      <trkpt lat="30.0869542" lon="100.4239664">
        <ele>4089.0561506750037</ele>
        <time>2026-05-03T04:50:57.886Z</time>
        <speed>16.73</speed>
      </trkpt>
      <trkpt lat="30.0867075" lon="100.4245991">
        <ele>4090.7681923364753</ele>
        <time>2026-05-03T04:51:01.886Z</time>
        <speed>16.74</speed>
      </trkpt>
      <trkpt lat="30.0864576" lon="100.4252289">
        <ele>4092.7409712933486</ele>
        <time>2026-05-03T04:51:05.887Z</time>
        <speed>16.75</speed>
      </trkpt>
      <trkpt lat="30.0862074" lon="100.4258591">
        <ele>4093.4987073116436</ele>
        <time>2026-05-03T04:51:09.887Z</time>
        <speed>16.77</speed>
      </trkpt>
      <trkpt lat="30.0859567" lon="100.4264902">
        <ele>4094.60538979615</ele>
        <time>2026-05-03T04:51:13.887Z</time>
        <speed>16.86</speed>
      </trkpt>
      <trkpt lat="30.0857055" lon="100.4271183">
        <ele>4095.604777558052</ele>
        <time>2026-05-03T04:51:17.886Z</time>
        <speed>16.74</speed>
      </trkpt>
      <trkpt lat="30.084963" lon="100.4290079">
        <ele>4099.9705263347205</ele>
        <time>2026-05-03T04:51:29.886Z</time>
        <speed>16.47</speed>
      </trkpt>
      <trkpt lat="30.0841986" lon="100.430937">
        <ele>4101.989641609099</ele>
        <time>2026-05-03T04:51:41.887Z</time>
        <speed>16.87</speed>
      </trkpt>
      <trkpt lat="30.083954" lon="100.4315744">
        <ele>4102.407383726025</ele>
        <time>2026-05-03T04:51:45.886Z</time>
        <speed>16.8</speed>
      </trkpt>
      <trkpt lat="30.0836983" lon="100.4322049">
        <ele>4104.088803413102</ele>
        <time>2026-05-03T04:51:49.886Z</time>
        <speed>16.67</speed>
      </trkpt>
      <trkpt lat="30.083458" lon="100.4328406">
        <ele>4104.868006325201</ele>
        <time>2026-05-03T04:51:53.886Z</time>
        <speed>16.72</speed>
      </trkpt>
      <trkpt lat="30.0833373" lon="100.4331567">
        <ele>4105.599237761078</ele>
        <time>2026-05-03T04:51:55.886Z</time>
        <speed>16.69</speed>
      </trkpt>
      <trkpt lat="30.0830268" lon="100.4339435">
        <ele>4106.217404505037</ele>
        <time>2026-05-03T04:52:00.886Z</time>
        <speed>16.69</speed>
      </trkpt>
      <trkpt lat="30.0827745" lon="100.4345717">
        <ele>4107.476257456255</ele>
        <time>2026-05-03T04:52:04.886Z</time>
        <speed>16.64</speed>
      </trkpt>
      <trkpt lat="30.082516" lon="100.4352006">
        <ele>4109.321560474563</ele>
        <time>2026-05-03T04:52:08.886Z</time>
        <speed>16.86</speed>
      </trkpt>
      <trkpt lat="30.0821894" lon="100.4357876">
        <ele>4110.802243734791</ele>
        <time>2026-05-03T04:52:12.887Z</time>
        <speed>16.82</speed>
      </trkpt>
      <trkpt lat="30.0818253" lon="100.4363454">
        <ele>4113.17987039278</ele>
        <time>2026-05-03T04:52:16.887Z</time>
        <speed>16.78</speed>
      </trkpt>
      <trkpt lat="30.0811599" lon="100.4374456">
        <ele>4115.432899510811</ele>
        <time>2026-05-03T04:52:24.887Z</time>
        <speed>14.4</speed>
      </trkpt>
      <trkpt lat="30.0809232" lon="100.4380173">
        <ele>4115.715204180808</ele>
        <time>2026-05-03T04:52:28.887Z</time>
        <speed>15.43</speed>
      </trkpt>
      <trkpt lat="30.0806811" lon="100.4386238">
        <ele>4118.229123427763</ele>
        <time>2026-05-03T04:52:32.886Z</time>
        <speed>15.97</speed>
      </trkpt>
      <trkpt lat="30.0804188" lon="100.4392354">
        <ele>4121.385047580517</ele>
        <time>2026-05-03T04:52:36.887Z</time>
        <speed>17.01</speed>
      </trkpt>
      <trkpt lat="30.0801532" lon="100.4398492">
        <ele>4124.762582836489</ele>
        <time>2026-05-03T04:52:40.887Z</time>
        <speed>16.72</speed>
      </trkpt>
      <trkpt lat="30.0792986" lon="100.4418149">
        <ele>4132.794428985839</ele>
        <time>2026-05-03T04:52:52.887Z</time>
        <speed>16.76</speed>
      </trkpt>
      <trkpt lat="30.0791345" lon="100.4424938">
        <ele>4133.999818504875</ele>
        <time>2026-05-03T04:52:56.886Z</time>
        <speed>16.81</speed>
      </trkpt>
      <trkpt lat="30.0789641" lon="100.4431598">
        <ele>4136.179639379426</ele>
        <time>2026-05-03T04:53:00.887Z</time>
        <speed>16.71</speed>
      </trkpt>
      <trkpt lat="30.0788568" lon="100.4434846">
        <ele>4137.906170982177</ele>
        <time>2026-05-03T04:53:02.887Z</time>
        <speed>16.79</speed>
      </trkpt>
      <trkpt lat="30.078575" lon="100.4441002">
        <ele>4139.895018221438</ele>
        <time>2026-05-03T04:53:06.886Z</time>
        <speed>16.79</speed>
      </trkpt>
      <trkpt lat="30.0782572" lon="100.4446902">
        <ele>4141.500038848601</ele>
        <time>2026-05-03T04:53:10.887Z</time>
        <speed>16.78</speed>
      </trkpt>
      <trkpt lat="30.0779363" lon="100.4452782">
        <ele>4143.815813127424</ele>
        <time>2026-05-03T04:53:14.886Z</time>
        <speed>16.81</speed>
      </trkpt>
      <trkpt lat="30.0776359" lon="100.4458837">
        <ele>4145.641800361704</ele>
        <time>2026-05-03T04:53:18.887Z</time>
        <speed>16.7</speed>
      </trkpt>
      <trkpt lat="30.0774051" lon="100.4465239">
        <ele>4147.198072034288</ele>
        <time>2026-05-03T04:53:22.886Z</time>
        <speed>16.74</speed>
      </trkpt>
      <trkpt lat="30.0771968" lon="100.447171">
        <ele>4148.850197862469</ele>
        <time>2026-05-03T04:53:26.887Z</time>
        <speed>16.61</speed>
      </trkpt>
      <trkpt lat="30.0769227" lon="100.4477899">
        <ele>4151.055176200538</ele>
        <time>2026-05-03T04:53:30.886Z</time>
        <speed>16.79</speed>
      </trkpt>
      <trkpt lat="30.0765949" lon="100.448369">
        <ele>4153.228583742687</ele>
        <time>2026-05-03T04:53:34.886Z</time>
        <speed>16.72</speed>
      </trkpt>
      <trkpt lat="30.0763221" lon="100.4489454">
        <ele>4155.335151022808</ele>
        <time>2026-05-03T04:53:38.887Z</time>
        <speed>12.8</speed>
      </trkpt>
      <trkpt lat="30.0761309" lon="100.4495327">
        <ele>4157.204962713517</ele>
        <time>2026-05-03T04:53:42.886Z</time>
        <speed>17.53</speed>
      </trkpt>
      <trkpt lat="30.0759199" lon="100.4501771">
        <ele>4158.511758145545</ele>
        <time>2026-05-03T04:53:46.886Z</time>
        <speed>16.32</speed>
      </trkpt>
      <trkpt lat="30.0755921" lon="100.4507464">
        <ele>4159.902646177616</ele>
        <time>2026-05-03T04:53:50.887Z</time>
        <speed>17.11</speed>
      </trkpt>
      <trkpt lat="30.0751883" lon="100.4512801">
        <ele>4160.769201705966</ele>
        <time>2026-05-03T04:53:54.886Z</time>
        <speed>16.68</speed>
      </trkpt>
      <trkpt lat="30.0747837" lon="100.4517963">
        <ele>4162.879367564102</ele>
        <time>2026-05-03T04:53:58.887Z</time>
        <speed>16.56</speed>
      </trkpt>
      <trkpt lat="30.0743743" lon="100.4523109">
        <ele>4164.094497850331</ele>
        <time>2026-05-03T04:54:02.887Z</time>
        <speed>16.71</speed>
      </trkpt>
      <trkpt lat="30.0739951" lon="100.4528536">
        <ele>4165.612208910319</ele>
        <time>2026-05-03T04:54:06.887Z</time>
        <speed>16.78</speed>
      </trkpt>
      <trkpt lat="30.0738354" lon="100.4531475">
        <ele>4165.326608512961</ele>
        <time>2026-05-03T04:54:08.887Z</time>
        <speed>16.74</speed>
      </trkpt>
      <trkpt lat="30.073468" lon="100.4538995">
        <ele>4165.285984349903</ele>
        <time>2026-05-03T04:54:13.887Z</time>
        <speed>16.63</speed>
      </trkpt>
      <trkpt lat="30.0731787" lon="100.4545129">
        <ele>4165.420105401803</ele>
        <time>2026-05-03T04:54:17.887Z</time>
        <speed>16.49</speed>
      </trkpt>
      <trkpt lat="30.0728883" lon="100.4551182">
        <ele>4168.476992305803</ele>
        <time>2026-05-03T04:54:21.887Z</time>
        <speed>16.7</speed>
      </trkpt>
      <trkpt lat="30.072597" lon="100.4557293">
        <ele>4172.076825988569</ele>
        <time>2026-05-03T04:54:25.886Z</time>
        <speed>16.79</speed>
      </trkpt>
      <trkpt lat="30.0723094" lon="100.4563374">
        <ele>4175.245276150338</ele>
        <time>2026-05-03T04:54:29.886Z</time>
        <speed>16.84</speed>
      </trkpt>
      <trkpt lat="30.0720194" lon="100.4569439">
        <ele>4178.8254536774875</ele>
        <time>2026-05-03T04:54:33.886Z</time>
        <speed>16.67</speed>
      </trkpt>
      <trkpt lat="30.0717307" lon="100.4575504">
        <ele>4179.639227816812</ele>
        <time>2026-05-03T04:54:37.886Z</time>
        <speed>16.66</speed>
      </trkpt>
      <trkpt lat="30.0714373" lon="100.458148">
        <ele>4181.328048797176</ele>
        <time>2026-05-03T04:54:41.887Z</time>
        <speed>16.72</speed>
      </trkpt>
      <trkpt lat="30.0711806" lon="100.4587688">
        <ele>4183.203207399007</ele>
        <time>2026-05-03T04:54:45.886Z</time>
        <speed>16.81</speed>
      </trkpt>
      <trkpt lat="30.0709875" lon="100.4594209">
        <ele>4186.972380983368</ele>
        <time>2026-05-03T04:54:49.887Z</time>
        <speed>16.72</speed>
      </trkpt>
      <trkpt lat="30.0708141" lon="100.4600847">
        <ele>4191.06491650692</ele>
        <time>2026-05-03T04:54:53.886Z</time>
        <speed>16.81</speed>
      </trkpt>
      <trkpt lat="30.0706472" lon="100.4607606">
        <ele>4194.828228362866</ele>
        <time>2026-05-03T04:54:57.887Z</time>
        <speed>16.74</speed>
      </trkpt>
      <trkpt lat="30.0703188" lon="100.4620889">
        <ele>4197.583046746019</ele>
        <time>2026-05-03T04:55:05.887Z</time>
        <speed>16.7</speed>
      </trkpt>
      <trkpt lat="30.0701525" lon="100.4627539">
        <ele>4199.328271349049</ele>
        <time>2026-05-03T04:55:09.886Z</time>
        <speed>16.57</speed>
      </trkpt>
      <trkpt lat="30.069985" lon="100.4634167">
        <ele>4201.294376803594</ele>
        <time>2026-05-03T04:55:13.886Z</time>
        <speed>16.78</speed>
      </trkpt>
      <trkpt lat="30.0699019" lon="100.4637478">
        <ele>4203.898954525869</ele>
        <time>2026-05-03T04:55:15.887Z</time>
        <speed>16.78</speed>
      </trkpt>
      <trkpt lat="30.0697382" lon="100.4644157">
        <ele>4207.9046304618405</ele>
        <time>2026-05-03T04:55:19.887Z</time>
        <speed>16.7</speed>
      </trkpt>
      <trkpt lat="30.0694912" lon="100.4650508">
        <ele>4211.757790635021</ele>
        <time>2026-05-03T04:55:23.886Z</time>
        <speed>16.82</speed>
      </trkpt>
      <trkpt lat="30.0691409" lon="100.4656176">
        <ele>4212.779689384462</ele>
        <time>2026-05-03T04:55:27.887Z</time>
        <speed>16.85</speed>
      </trkpt>
      <trkpt lat="30.0687765" lon="100.4661692">
        <ele>4214.191093253535</ele>
        <time>2026-05-03T04:55:31.886Z</time>
        <speed>16.65</speed>
      </trkpt>
      <trkpt lat="30.0684128" lon="100.4667217">
        <ele>4215.391486211563</ele>
        <time>2026-05-03T04:55:35.886Z</time>
        <speed>16.71</speed>
      </trkpt>
      <trkpt lat="30.0682261" lon="100.4673493">
        <ele>4217.076681692805</ele>
        <time>2026-05-03T04:55:39.887Z</time>
        <speed>15.91</speed>
      </trkpt>
      <trkpt lat="30.0684154" lon="100.4679006">
        <ele>4219.514087024903</ele>
        <time>2026-05-03T04:55:43.887Z</time>
        <speed>14.49</speed>
      </trkpt>
      <trkpt lat="30.0691573" lon="100.4686371">
        <ele>4225.484089040356</ele>
        <time>2026-05-03T04:55:51.887Z</time>
        <speed>13.97</speed>
      </trkpt>
      <trkpt lat="30.0693018" lon="100.4691868">
        <ele>4229.375203387278</ele>
        <time>2026-05-03T04:55:55.886Z</time>
        <speed>14.64</speed>
      </trkpt>
      <trkpt lat="30.0691932" lon="100.469804">
        <ele>4232.3960248092835</ele>
        <time>2026-05-03T04:55:59.886Z</time>
        <speed>16.64</speed>
      </trkpt>
      <trkpt lat="30.0688994" lon="100.4711251">
        <ele>4241.964167257707</ele>
        <time>2026-05-03T04:56:07.886Z</time>
        <speed>16.45</speed>
      </trkpt>
      <trkpt lat="30.0688481" lon="100.4718019">
        <ele>4246.375639511316</ele>
        <time>2026-05-03T04:56:11.887Z</time>
        <speed>16.68</speed>
      </trkpt>
      <trkpt lat="30.0688071" lon="100.4724589">
        <ele>4249.6493677763865</ele>
        <time>2026-05-03T04:56:15.887Z</time>
        <speed>15.5</speed>
      </trkpt>
      <trkpt lat="30.0687957" lon="100.4730487">
        <ele>4253.380446036552</ele>
        <time>2026-05-03T04:56:19.886Z</time>
        <speed>12.88</speed>
      </trkpt>
      <trkpt lat="30.0688529" lon="100.4733009">
        <ele>4255.273366790564</ele>
        <time>2026-05-03T04:56:21.887Z</time>
        <speed>12.17</speed>
      </trkpt>
      <trkpt lat="30.0692557" lon="100.4737398">
        <ele>4259.718087673943</ele>
        <time>2026-05-03T04:56:26.887Z</time>
        <speed>12.73</speed>
      </trkpt>
      <trkpt lat="30.0697619" lon="100.4738043">
        <ele>4262.168470389831</ele>
        <time>2026-05-03T04:56:30.886Z</time>
        <speed>17.22</speed>
      </trkpt>
      <trkpt lat="30.0704021" lon="100.473792">
        <ele>4264.420959469027</ele>
        <time>2026-05-03T04:56:34.887Z</time>
        <speed>17.85</speed>
      </trkpt>
      <trkpt lat="30.0710312" lon="100.4738117">
        <ele>4268.202453340106</ele>
        <time>2026-05-03T04:56:38.886Z</time>
        <speed>17.58</speed>
      </trkpt>
      <trkpt lat="30.0715605" lon="100.4740721">
        <ele>4271.301049978395</ele>
        <time>2026-05-03T04:56:42.887Z</time>
        <speed>15.59</speed>
      </trkpt>
      <trkpt lat="30.071922" lon="100.4745342">
        <ele>4275.32674317079</ele>
        <time>2026-05-03T04:56:46.886Z</time>
        <speed>15.6</speed>
      </trkpt>
      <trkpt lat="30.0722044" lon="100.4751396">
        <ele>4280.601059231913</ele>
        <time>2026-05-03T04:56:50.886Z</time>
        <speed>16.96</speed>
      </trkpt>
      <trkpt lat="30.0727819" lon="100.4763794">
        <ele>4290.584180752604</ele>
        <time>2026-05-03T04:56:58.886Z</time>
        <speed>16.77</speed>
      </trkpt>
      <trkpt lat="30.0732227" lon="100.4769125">
        <ele>4296.055166801339</ele>
        <time>2026-05-03T04:57:02.887Z</time>
        <speed>18.76</speed>
      </trkpt>
      <trkpt lat="30.073737" lon="100.477429">
        <ele>4300.26315613497</ele>
        <time>2026-05-03T04:57:06.887Z</time>
        <speed>18.35</speed>
      </trkpt>
      <trkpt lat="30.0742451" lon="100.4778875">
        <ele>4304.698941105214</ele>
        <time>2026-05-03T04:57:10.887Z</time>
        <speed>17.2</speed>
      </trkpt>
      <trkpt lat="30.0748494" lon="100.4781177">
        <ele>4307.837711403948</ele>
        <time>2026-05-03T04:57:14.887Z</time>
        <speed>18.88</speed>
      </trkpt>
      <trkpt lat="30.0754751" lon="100.4782355">
        <ele>4310.922168366626</ele>
        <time>2026-05-03T04:57:18.887Z</time>
        <speed>16.28</speed>
      </trkpt>
      <trkpt lat="30.0760077" lon="100.4785041">
        <ele>4316.335981980782</ele>
        <time>2026-05-03T04:57:22.887Z</time>
        <speed>16.6</speed>
      </trkpt>
      <trkpt lat="30.0764197" lon="100.4790215">
        <ele>4321.488936883787</ele>
        <time>2026-05-03T04:57:26.887Z</time>
        <speed>17.94</speed>
      </trkpt>
      <trkpt lat="30.076617" lon="100.4793269">
        <ele>4322.728147833531</ele>
        <time>2026-05-03T04:57:28.887Z</time>
        <speed>18.89</speed>
      </trkpt>
      <trkpt lat="30.0770375" lon="100.4799077">
        <ele>4329.80912843527</ele>
        <time>2026-05-03T04:57:32.886Z</time>
        <speed>18.62</speed>
      </trkpt>
      <trkpt lat="30.0776065" lon="100.4803583">
        <ele>4334.68789771242</ele>
        <time>2026-05-03T04:57:36.886Z</time>
        <speed>19.85</speed>
      </trkpt>
      <trkpt lat="30.0782307" lon="100.4807019">
        <ele>4341.277481128628</ele>
        <time>2026-05-03T04:57:40.886Z</time>
        <speed>19.88</speed>
      </trkpt>
      <trkpt lat="30.0789056" lon="100.4810693">
        <ele>4346.616204320196</ele>
        <time>2026-05-03T04:57:44.887Z</time>
        <speed>20.69</speed>
      </trkpt>
      <trkpt lat="30.0795733" lon="100.481329">
        <ele>4351.55598133799</ele>
        <time>2026-05-03T04:57:48.886Z</time>
        <speed>18.68</speed>
      </trkpt>
      <trkpt lat="30.0802445" lon="100.4814704">
        <ele>4354.438219414543</ele>
        <time>2026-05-03T04:57:52.887Z</time>
        <speed>19.43</speed>
      </trkpt>
      <trkpt lat="30.0816447" lon="100.4816067">
        <ele>4361.876393074399</ele>
        <time>2026-05-03T04:58:00.887Z</time>
        <speed>19.97</speed>
      </trkpt>
      <trkpt lat="30.0823627" lon="100.4815103">
        <ele>4364.715840880354</ele>
        <time>2026-05-03T04:58:04.887Z</time>
        <speed>19.61</speed>
      </trkpt>
      <trkpt lat="30.0830576" lon="100.4814192">
        <ele>4371.3870686351065</ele>
        <time>2026-05-03T04:58:08.886Z</time>
        <speed>19.13</speed>
      </trkpt>
      <trkpt lat="30.0837495" lon="100.4813226">
        <ele>4375.684052904944</ele>
        <time>2026-05-03T04:58:12.887Z</time>
        <speed>20.19</speed>
      </trkpt>
      <trkpt lat="30.0844808" lon="100.4812123">
        <ele>4381.646415008127</ele>
        <time>2026-05-03T04:58:16.886Z</time>
        <speed>20.36</speed>
      </trkpt>
      <trkpt lat="30.0851649" lon="100.4811065">
        <ele>4385.065562363199</ele>
        <time>2026-05-03T04:58:20.886Z</time>
        <speed>18.62</speed>
      </trkpt>
      <trkpt lat="30.0867047" lon="100.4819797">
        <ele>4377.996903283267</ele>
        <time>2026-05-03T04:58:32.886Z</time>
        <speed>20.28</speed>
      </trkpt>
      <trkpt lat="30.0869687" lon="100.4822845">
        <ele>4377.512858624971</ele>
        <time>2026-05-03T04:58:34.886Z</time>
        <speed>21.1</speed>
      </trkpt>
      <trkpt lat="30.0875965" lon="100.4829145">
        <ele>4371.82342349047</ele>
        <time>2026-05-03T04:58:39.886Z</time>
        <speed>19.5</speed>
      </trkpt>
      <trkpt lat="30.0882239" lon="100.4833874">
        <ele>4368.348451936768</ele>
        <time>2026-05-03T04:58:43.887Z</time>
        <speed>21.59</speed>
      </trkpt>
      <trkpt lat="30.088861" lon="100.4838472">
        <ele>4365.5528010449025</ele>
        <time>2026-05-03T04:58:47.886Z</time>
        <speed>20.18</speed>
      </trkpt>
      <trkpt lat="30.0894503" lon="100.4842759">
        <ele>4361.2557419259</ele>
        <time>2026-05-03T04:58:51.886Z</time>
        <speed>18.53</speed>
      </trkpt>
      <trkpt lat="30.0900079" lon="100.4846771">
        <ele>4357.8097246994585</ele>
        <time>2026-05-03T04:58:55.887Z</time>
        <speed>18.3</speed>
      </trkpt>
      <trkpt lat="30.0905558" lon="100.4850806">
        <ele>4355.419180094988</ele>
        <time>2026-05-03T04:58:59.887Z</time>
        <speed>18.2</speed>
      </trkpt>
      <trkpt lat="30.091038" lon="100.4855833">
        <ele>4353.013618913705</ele>
        <time>2026-05-03T04:59:03.886Z</time>
        <speed>18.36</speed>
      </trkpt>
      <trkpt lat="30.0914442" lon="100.4861691">
        <ele>4347.863492193653</ele>
        <time>2026-05-03T04:59:07.887Z</time>
        <speed>18.2</speed>
      </trkpt>
      <trkpt lat="30.0918436" lon="100.4867133">
        <ele>4343.688402105337</ele>
        <time>2026-05-03T04:59:11.887Z</time>
        <speed>15.29</speed>
      </trkpt>
      <trkpt lat="30.0923385" lon="100.4870091">
        <ele>4339.236427567357</ele>
        <time>2026-05-03T04:59:15.887Z</time>
        <speed>16.91</speed>
      </trkpt>
      <trkpt lat="30.0929839" lon="100.4870802">
        <ele>4334.546597627452</ele>
        <time>2026-05-03T04:59:19.887Z</time>
        <speed>18.73</speed>
      </trkpt>
      <trkpt lat="30.0936533" lon="100.4871199">
        <ele>4331.100848723251</ele>
        <time>2026-05-03T04:59:23.887Z</time>
        <speed>18.28</speed>
      </trkpt>
      <trkpt lat="30.0942827" lon="100.4870831">
        <ele>4325.498251140411</ele>
        <time>2026-05-03T04:59:27.887Z</time>
        <speed>16.86</speed>
      </trkpt>
      <trkpt lat="30.0948518" lon="100.4868695">
        <ele>4320.905463260212</ele>
        <time>2026-05-03T04:59:31.887Z</time>
        <speed>16.61</speed>
      </trkpt>
      <trkpt lat="30.0966936" lon="100.487632">
        <ele>4310.122909653591</ele>
        <time>2026-05-03T04:59:45.887Z</time>
        <speed>16.98</speed>
      </trkpt>
      <trkpt lat="30.0982272" lon="100.4894416">
        <ele>4291.71856194762</ele>
        <time>2026-05-03T05:00:01.886Z</time>
        <speed>16.44</speed>
      </trkpt>
      <trkpt lat="30.0995003" lon="100.4896773">
        <ele>4280.0249339165275</ele>
        <time>2026-05-03T05:00:13.887Z</time>
        <speed>17.86</speed>
      </trkpt>
      <trkpt lat="30.1005909" lon="100.4889774">
        <ele>4274.185950298338</ele>
        <time>2026-05-03T05:00:21.886Z</time>
        <speed>17.72</speed>
      </trkpt>
      <trkpt lat="30.1012137" lon="100.4888975">
        <ele>4269.503729294438</ele>
        <time>2026-05-03T05:00:25.887Z</time>
        <speed>17.58</speed>
      </trkpt>
      <trkpt lat="30.1018688" lon="100.4889966">
        <ele>4265.456843817694</ele>
        <time>2026-05-03T05:00:29.886Z</time>
        <speed>18.58</speed>
      </trkpt>
      <trkpt lat="30.1024983" lon="100.4891432">
        <ele>4261.376132971202</ele>
        <time>2026-05-03T05:00:33.886Z</time>
        <speed>17.07</speed>
      </trkpt>
      <trkpt lat="30.1036706" lon="100.4895062">
        <ele>4255.3138840193815</ele>
        <time>2026-05-03T05:00:41.886Z</time>
        <speed>17.47</speed>
      </trkpt>
      <trkpt lat="30.1042523" lon="100.4897382">
        <ele>4251.873008280303</ele>
        <time>2026-05-03T05:00:45.887Z</time>
        <speed>17.41</speed>
      </trkpt>
      <trkpt lat="30.1045523" lon="100.4898651">
        <ele>4249.604284867051</ele>
        <time>2026-05-03T05:00:47.886Z</time>
        <speed>17.86</speed>
      </trkpt>
      <trkpt lat="30.1053171" lon="100.4901608">
        <ele>4243.902676705496</ele>
        <time>2026-05-03T05:00:52.886Z</time>
        <speed>18.29</speed>
      </trkpt>
      <trkpt lat="30.1059218" lon="100.4902843">
        <ele>4238.961522746257</ele>
        <time>2026-05-03T05:00:56.887Z</time>
        <speed>17.86</speed>
      </trkpt>
      <trkpt lat="30.1072042" lon="100.4903412">
        <ele>4231.78846608311</ele>
        <time>2026-05-03T05:01:04.886Z</time>
        <speed>14.73</speed>
      </trkpt>
      <trkpt lat="30.1077373" lon="100.4904311">
        <ele>4226.60533109537</ele>
        <time>2026-05-03T05:01:08.887Z</time>
        <speed>14.74</speed>
      </trkpt>
      <trkpt lat="30.1088473" lon="100.4914894">
        <ele>4214.059384300089</ele>
        <time>2026-05-03T05:01:20.886Z</time>
        <speed>16.03</speed>
      </trkpt>
      <trkpt lat="30.1093605" lon="100.492362">
        <ele>4207.27253483235</ele>
        <time>2026-05-03T05:01:28.887Z</time>
        <speed>10.2</speed>
      </trkpt>
      <trkpt lat="30.1097064" lon="100.493007">
        <ele>4203.691200296622</ele>
        <time>2026-05-03T05:01:36.887Z</time>
        <speed>11.84</speed>
      </trkpt>
      <trkpt lat="30.1100582" lon="100.493929">
        <ele>4200.788686857195</ele>
        <time>2026-05-03T05:01:44.886Z</time>
        <speed>13.15</speed>
      </trkpt>
      <trkpt lat="30.1102398" lon="100.4944567">
        <ele>4197.488521718363</ele>
        <time>2026-05-03T05:01:48.887Z</time>
        <speed>13.44</speed>
      </trkpt>
      <trkpt lat="30.1104012" lon="100.4949013">
        <ele>4194.114817040892</ele>
        <time>2026-05-03T05:01:52.887Z</time>
        <speed>10.77</speed>
      </trkpt>
      <trkpt lat="30.1104716" lon="100.4951058">
        <ele>4192.768470817931</ele>
        <time>2026-05-03T05:01:54.887Z</time>
        <speed>10.32</speed>
      </trkpt>
      <trkpt lat="30.1107361" lon="100.4958744">
        <ele>4190.534595847915</ele>
        <time>2026-05-03T05:02:02.887Z</time>
        <speed>10.53</speed>
      </trkpt>
      <trkpt lat="30.1108825" lon="100.4962917">
        <ele>4189.47010818573</ele>
        <time>2026-05-03T05:02:06.887Z</time>
        <speed>10.86</speed>
      </trkpt>
      <trkpt lat="30.1109971" lon="100.4966971">
        <ele>4189.059597854584</ele>
        <time>2026-05-03T05:02:10.887Z</time>
        <speed>9.9</speed>
      </trkpt>
      <trkpt lat="30.1110641" lon="100.4971448">
        <ele>4187.504380860836</ele>
        <time>2026-05-03T05:02:14.887Z</time>
        <speed>11.95</speed>
      </trkpt>
      <trkpt lat="30.111071" lon="100.4976379">
        <ele>4186.035958870777</ele>
        <time>2026-05-03T05:02:18.887Z</time>
        <speed>11.99</speed>
      </trkpt>
      <trkpt lat="30.1110668" lon="100.4981369">
        <ele>4183.563167578233</ele>
        <time>2026-05-03T05:02:22.886Z</time>
        <speed>11.08</speed>
      </trkpt>
      <trkpt lat="30.1110639" lon="100.4986171">
        <ele>4180.965419242486</ele>
        <time>2026-05-03T05:02:26.887Z</time>
        <speed>12.33</speed>
      </trkpt>
      <trkpt lat="30.111046" lon="100.4991112">
        <ele>4178.395560182132</ele>
        <time>2026-05-03T05:02:30.886Z</time>
        <speed>10.98</speed>
      </trkpt>
      <trkpt lat="30.1109757" lon="100.4995789">
        <ele>4175.494712019404</ele>
        <time>2026-05-03T05:02:34.886Z</time>
        <speed>12.68</speed>
      </trkpt>
      <trkpt lat="30.110812" lon="100.5000976">
        <ele>4173.937786606713</ele>
        <time>2026-05-03T05:02:38.886Z</time>
        <speed>13.95</speed>
      </trkpt>
      <trkpt lat="30.1106133" lon="100.5006315">
        <ele>4170.97978014992</ele>
        <time>2026-05-03T05:02:42.887Z</time>
        <speed>14.09</speed>
      </trkpt>
      <trkpt lat="30.1104094" lon="100.5011527">
        <ele>4168.196345616558</ele>
        <time>2026-05-03T05:02:46.886Z</time>
        <speed>13.84</speed>
      </trkpt>
      <trkpt lat="30.1102248" lon="100.5016824">
        <ele>4165.2146674542055</ele>
        <time>2026-05-03T05:02:50.886Z</time>
        <speed>14.4</speed>
      </trkpt>
      <trkpt lat="30.1100848" lon="100.5023334">
        <ele>4163.310434005825</ele>
        <time>2026-05-03T05:02:54.887Z</time>
        <speed>18.39</speed>
      </trkpt>
      <trkpt lat="30.1100022" lon="100.5031503">
        <ele>4162.520141526934</ele>
        <time>2026-05-03T05:02:58.885Z</time>
        <speed>23.33</speed>
      </trkpt>
      <trkpt lat="30.1099441" lon="100.5036151">
        <ele>4161.2109451801325</ele>
        <time>2026-05-03T05:03:00.876Z</time>
        <speed>23.1</speed>
      </trkpt>
      <trkpt lat="30.1098708" lon="100.504097">
        <ele>4159.223302570635</ele>
        <time>2026-05-03T05:03:02.887Z</time>
        <speed>23.78</speed>
      </trkpt>
      <trkpt lat="30.1097905" lon="100.5045457">
        <ele>4157.293940348283</ele>
        <time>2026-05-03T05:03:04.875Z</time>
        <speed>20.49</speed>
      </trkpt>
      <trkpt lat="30.1097246" lon="100.5049717">
        <ele>4154.40242692983</ele>
        <time>2026-05-03T05:03:06.875Z</time>
        <speed>21.4</speed>
      </trkpt>
      <trkpt lat="30.1096611" lon="100.5054244">
        <ele>4150.088632101382</ele>
        <time>2026-05-03T05:03:08.886Z</time>
        <speed>22.28</speed>
      </trkpt>
      <trkpt lat="30.1095958" lon="100.5058764">
        <ele>4146.825202141137</ele>
        <time>2026-05-03T05:03:10.876Z</time>
        <speed>22.06</speed>
      </trkpt>
      <trkpt lat="30.1095379" lon="100.5063146">
        <ele>4145.334443422677</ele>
        <time>2026-05-03T05:03:12.881Z</time>
        <speed>21.0</speed>
      </trkpt>
      <trkpt lat="30.1094798" lon="100.5067267">
        <ele>4144.056946449182</ele>
        <time>2026-05-03T05:03:14.875Z</time>
        <speed>19.86</speed>
      </trkpt>
      <trkpt lat="30.1094334" lon="100.5071022">
        <ele>4141.706319529733</ele>
        <time>2026-05-03T05:03:16.886Z</time>
        <speed>17.85</speed>
      </trkpt>
      <trkpt lat="30.1094021" lon="100.5074518">
        <ele>4139.4841266782</ele>
        <time>2026-05-03T05:03:18.884Z</time>
        <speed>17.01</speed>
      </trkpt>
      <trkpt lat="30.109402" lon="100.5077904">
        <ele>4137.343012444916</ele>
        <time>2026-05-03T05:03:20.875Z</time>
        <speed>16.18</speed>
      </trkpt>
      <trkpt lat="30.1094542" lon="100.5081292">
        <ele>4136.23687871974</ele>
        <time>2026-05-03T05:03:22.882Z</time>
        <speed>16.89</speed>
      </trkpt>
      <trkpt lat="30.1095331" lon="100.5084741">
        <ele>4134.042833551513</ele>
        <time>2026-05-03T05:03:24.885Z</time>
        <speed>17.28</speed>
      </trkpt>
      <trkpt lat="30.1096194" lon="100.508813">
        <ele>4132.731161968588</ele>
        <time>2026-05-03T05:03:26.874Z</time>
        <speed>16.68</speed>
      </trkpt>
      <trkpt lat="30.1096961" lon="100.5091472">
        <ele>4131.529991066313</ele>
        <time>2026-05-03T05:03:28.878Z</time>
        <speed>16.57</speed>
      </trkpt>
      <trkpt lat="30.109779" lon="100.5094687">
        <ele>4129.80520219324</ele>
        <time>2026-05-03T05:03:30.877Z</time>
        <speed>15.69</speed>
      </trkpt>
      <trkpt lat="30.1100182" lon="100.5100108">
        <ele>4126.943735453134</ele>
        <time>2026-05-03T05:03:34.877Z</time>
        <speed>14.69</speed>
      </trkpt>
      <trkpt lat="30.1102206" lon="100.5102701">
        <ele>4126.3017959680155</ele>
        <time>2026-05-03T05:03:36.884Z</time>
        <speed>17.53</speed>
      </trkpt>
      <trkpt lat="30.1104664" lon="100.5105606">
        <ele>4124.765749571149</ele>
        <time>2026-05-03T05:03:38.875Z</time>
        <speed>19.76</speed>
      </trkpt>
      <trkpt lat="30.1107228" lon="100.5108586">
        <ele>4124.849139370197</ele>
        <time>2026-05-03T05:03:40.883Z</time>
        <speed>20.33</speed>
      </trkpt>
      <trkpt lat="30.1109757" lon="100.5111489">
        <ele>4124.877062787325</ele>
        <time>2026-05-03T05:03:42.875Z</time>
        <speed>19.49</speed>
      </trkpt>
      <trkpt lat="30.1112143" lon="100.5114188">
        <ele>4124.799413307976</ele>
        <time>2026-05-03T05:03:44.877Z</time>
        <speed>18.22</speed>
      </trkpt>
      <trkpt lat="30.1126561" lon="100.5131007">
        <ele>4126.329455370406</ele>
        <time>2026-05-03T05:03:58.882Z</time>
        <speed>16.19</speed>
      </trkpt>
      <trkpt lat="30.1128594" lon="100.5133495">
        <ele>4127.24951171875</ele>
        <time>2026-05-03T05:04:00.886Z</time>
        <speed>16.68</speed>
      </trkpt>
      <trkpt lat="30.1130464" lon="100.5136116">
        <ele>4127.641493449239</ele>
        <time>2026-05-03T05:04:02.879Z</time>
        <speed>16.19</speed>
      </trkpt>
      <trkpt lat="30.1132064" lon="100.5138955">
        <ele>4128.43212890625</ele>
        <time>2026-05-03T05:04:04.881Z</time>
        <speed>16.15</speed>
      </trkpt>
      <trkpt lat="30.113349" lon="100.5141748">
        <ele>4127.618725519838</ele>
        <time>2026-05-03T05:04:06.879Z</time>
        <speed>15.76</speed>
      </trkpt>
      <trkpt lat="30.1134823" lon="100.514452">
        <ele>4128.156538004621</ele>
        <time>2026-05-03T05:04:08.879Z</time>
        <speed>15.24</speed>
      </trkpt>
      <trkpt lat="30.1136139" lon="100.5147232">
        <ele>4128.3842765445825</ele>
        <time>2026-05-03T05:04:10.886Z</time>
        <speed>15.09</speed>
      </trkpt>
      <trkpt lat="30.1137489" lon="100.5149994">
        <ele>4128.330907317008</ele>
        <time>2026-05-03T05:04:12.884Z</time>
        <speed>15.24</speed>
      </trkpt>
      <trkpt lat="30.1138859" lon="100.5152812">
        <ele>4128.362574225164</ele>
        <time>2026-05-03T05:04:14.878Z</time>
        <speed>15.84</speed>
      </trkpt>
      <trkpt lat="30.1140338" lon="100.515583">
        <ele>4129.318268690222</ele>
        <time>2026-05-03T05:04:16.876Z</time>
        <speed>17.04</speed>
      </trkpt>
      <trkpt lat="30.114192" lon="100.5158995">
        <ele>4127.073038022849</ele>
        <time>2026-05-03T05:04:18.886Z</time>
        <speed>17.52</speed>
      </trkpt>
      <trkpt lat="30.1143566" lon="100.5162246">
        <ele>4125.447311806364</ele>
        <time>2026-05-03T05:04:20.883Z</time>
        <speed>18.0</speed>
      </trkpt>
      <trkpt lat="30.1145167" lon="100.5165477">
        <ele>4123.627943398609</ele>
        <time>2026-05-03T05:04:22.874Z</time>
        <speed>17.9</speed>
      </trkpt>
      <trkpt lat="30.1146717" lon="100.5168656">
        <ele>4122.6278462835635</ele>
        <time>2026-05-03T05:04:24.873Z</time>
        <speed>16.76</speed>
      </trkpt>
      <trkpt lat="30.1148141" lon="100.5171618">
        <ele>4121.8355824635355</ele>
        <time>2026-05-03T05:04:26.881Z</time>
        <speed>16.43</speed>
      </trkpt>
      <trkpt lat="30.1149612" lon="100.5174388">
        <ele>4121.408985124587</ele>
        <time>2026-05-03T05:04:28.878Z</time>
        <speed>15.45</speed>
      </trkpt>
      <trkpt lat="30.1150877" lon="100.5176968">
        <ele>4121.017498783286</ele>
        <time>2026-05-03T05:04:30.878Z</time>
        <speed>13.9</speed>
      </trkpt>
      <trkpt lat="30.1151959" lon="100.5179355">
        <ele>4120.79036475671</ele>
        <time>2026-05-03T05:04:32.879Z</time>
        <speed>12.32</speed>
      </trkpt>
      <trkpt lat="30.1152917" lon="100.5181407">
        <ele>4120.854978019099</ele>
        <time>2026-05-03T05:04:34.874Z</time>
        <speed>11.08</speed>
      </trkpt>
      <trkpt lat="30.1154519" lon="100.5185045">
        <ele>4118.745537067129</ele>
        <time>2026-05-03T05:04:38.877Z</time>
        <speed>9.47</speed>
      </trkpt>
      <trkpt lat="30.1155153" lon="100.5186897">
        <ele>4118.446409449341</ele>
        <time>2026-05-03T05:04:40.882Z</time>
        <speed>9.75</speed>
      </trkpt>
      <trkpt lat="30.1155764" lon="100.5188814">
        <ele>4118.431851552683</ele>
        <time>2026-05-03T05:04:42.884Z</time>
        <speed>9.82</speed>
      </trkpt>
      <trkpt lat="30.1156385" lon="100.5190761">
        <ele>4118.820402350962</ele>
        <time>2026-05-03T05:04:44.879Z</time>
        <speed>10.04</speed>
      </trkpt>
      <trkpt lat="30.1156964" lon="100.5192777">
        <ele>4118.936271062315</ele>
        <time>2026-05-03T05:04:46.876Z</time>
        <speed>10.18</speed>
      </trkpt>
      <trkpt lat="30.115755" lon="100.5194854">
        <ele>4118.536739224887</ele>
        <time>2026-05-03T05:04:48.880Z</time>
        <speed>10.64</speed>
      </trkpt>
      <trkpt lat="30.1158178" lon="100.5196939">
        <ele>4118.100266093887</ele>
        <time>2026-05-03T05:04:50.878Z</time>
        <speed>10.66</speed>
      </trkpt>
      <trkpt lat="30.1158777" lon="100.5199054">
        <ele>4118.15296707878</ele>
        <time>2026-05-03T05:04:52.878Z</time>
        <speed>10.63</speed>
      </trkpt>
      <trkpt lat="30.1159346" lon="100.5201143">
        <ele>4118.3813740952655</ele>
        <time>2026-05-03T05:04:54.875Z</time>
        <speed>10.52</speed>
      </trkpt>
      <trkpt lat="30.1159961" lon="100.5203335">
        <ele>4118.881217392058</ele>
        <time>2026-05-03T05:04:56.879Z</time>
        <speed>11.07</speed>
      </trkpt>
      <trkpt lat="30.1160645" lon="100.5205578">
        <ele>4118.506027812637</ele>
        <time>2026-05-03T05:04:58.878Z</time>
        <speed>11.31</speed>
      </trkpt>
      <trkpt lat="30.116127" lon="100.5207779">
        <ele>4118.240134197927</ele>
        <time>2026-05-03T05:05:00.875Z</time>
        <speed>11.15</speed>
      </trkpt>
      <trkpt lat="30.1162026" lon="100.5209778">
        <ele>4119.101360696576</ele>
        <time>2026-05-03T05:05:02.880Z</time>
        <speed>10.54</speed>
      </trkpt>
      <trkpt lat="30.1163006" lon="100.5211634">
        <ele>4118.853008716598</ele>
        <time>2026-05-03T05:05:04.881Z</time>
        <speed>10.58</speed>
      </trkpt>
      <trkpt lat="30.1164296" lon="100.521314">
        <ele>4119.055975116625</ele>
        <time>2026-05-03T05:05:06.877Z</time>
        <speed>10.05</speed>
      </trkpt>
      <trkpt lat="30.1165795" lon="100.521434">
        <ele>4119.2045381650605</ele>
        <time>2026-05-03T05:05:08.882Z</time>
        <speed>10.26</speed>
      </trkpt>
      <trkpt lat="30.1167422" lon="100.5215271">
        <ele>4118.982246819846</ele>
        <time>2026-05-03T05:05:10.875Z</time>
        <speed>10.15</speed>
      </trkpt>
      <trkpt lat="30.1169257" lon="100.5215898">
        <ele>4119.152051087275</ele>
        <time>2026-05-03T05:05:12.877Z</time>
        <speed>10.47</speed>
      </trkpt>
      <trkpt lat="30.1171087" lon="100.5216384">
        <ele>4119.553351942586</ele>
        <time>2026-05-03T05:05:14.875Z</time>
        <speed>9.89</speed>
      </trkpt>
      <trkpt lat="30.1172703" lon="100.5216811">
        <ele>4119.810187880086</ele>
        <time>2026-05-03T05:05:16.883Z</time>
        <speed>8.92</speed>
      </trkpt>
      <trkpt lat="30.1174125" lon="100.5217123">
        <ele>4119.843695220713</ele>
        <time>2026-05-03T05:05:18.886Z</time>
        <speed>7.98</speed>
      </trkpt>
      <trkpt lat="30.1175514" lon="100.5217465">
        <ele>4119.765775997978</ele>
        <time>2026-05-03T05:05:20.877Z</time>
        <speed>7.94</speed>
      </trkpt>
      <trkpt lat="30.1179125" lon="100.5218343">
        <ele>4119.846614036566</ele>
        <time>2026-05-03T05:05:24.886Z</time>
        <speed>11.62</speed>
      </trkpt>
      <trkpt lat="30.118142" lon="100.5218961">
        <ele>4120.02776026799</ele>
        <time>2026-05-03T05:05:26.880Z</time>
        <speed>13.3</speed>
      </trkpt>
      <trkpt lat="30.1183728" lon="100.5219834">
        <ele>4120.898322585724</ele>
        <time>2026-05-03T05:05:28.883Z</time>
        <speed>13.72</speed>
      </trkpt>
      <trkpt lat="30.1186052" lon="100.5221147">
        <ele>4121.064996013836</ele>
        <time>2026-05-03T05:05:30.878Z</time>
        <speed>14.65</speed>
      </trkpt>
      <trkpt lat="30.118878" lon="100.5222873">
        <ele>4121.860889549635</ele>
        <time>2026-05-03T05:05:32.877Z</time>
        <speed>18.28</speed>
      </trkpt>
      <trkpt lat="30.1192077" lon="100.5225172">
        <ele>4122.071898939055</ele>
        <time>2026-05-03T05:05:34.879Z</time>
        <speed>22.09</speed>
      </trkpt>
      <trkpt lat="30.1198638" lon="100.5230217">
        <ele>4125.127969226463</ele>
        <time>2026-05-03T05:05:38.879Z</time>
        <speed>21.26</speed>
      </trkpt>
      <trkpt lat="30.1208537" lon="100.5235637">
        <ele>4127.909261049599</ele>
        <time>2026-05-03T05:05:44.881Z</time>
        <speed>19.77</speed>
      </trkpt>
      <trkpt lat="30.1215827" lon="100.5236588">
        <ele>4128.912740732954</ele>
        <time>2026-05-03T05:05:48.886Z</time>
        <speed>21.01</speed>
      </trkpt>
      <trkpt lat="30.1223842" lon="100.5236078">
        <ele>4131.841228188371</ele>
        <time>2026-05-03T05:05:52.877Z</time>
        <speed>22.31</speed>
      </trkpt>
      <trkpt lat="30.1227731" lon="100.5235702">
        <ele>4133.28829000347</ele>
        <time>2026-05-03T05:05:54.880Z</time>
        <speed>21.61</speed>
      </trkpt>
      <trkpt lat="30.1231814" lon="100.5235333">
        <ele>4134.966662175286</ele>
        <time>2026-05-03T05:05:56.886Z</time>
        <speed>22.91</speed>
      </trkpt>
      <trkpt lat="30.1235957" lon="100.5234918">
        <ele>4135.388432020105</ele>
        <time>2026-05-03T05:05:58.885Z</time>
        <speed>22.91</speed>
      </trkpt>
      <trkpt lat="30.1240101" lon="100.5234547">
        <ele>4136.634322734153</ele>
        <time>2026-05-03T05:06:00.885Z</time>
        <speed>22.28</speed>
      </trkpt>
      <trkpt lat="30.1244038" lon="100.523416">
        <ele>4137.352650586938</ele>
        <time>2026-05-03T05:06:02.879Z</time>
        <speed>21.74</speed>
      </trkpt>
      <trkpt lat="30.124781" lon="100.5233919">
        <ele>4137.859335436104</ele>
        <time>2026-05-03T05:06:04.886Z</time>
        <speed>20.44</speed>
      </trkpt>
      <trkpt lat="30.1254441" lon="100.5234417">
        <ele>4136.799496531644</ele>
        <time>2026-05-03T05:06:08.875Z</time>
        <speed>17.49</speed>
      </trkpt>
      <trkpt lat="30.1257439" lon="100.5234842">
        <ele>4136.64208984375</ele>
        <time>2026-05-03T05:06:10.879Z</time>
        <speed>16.74</speed>
      </trkpt>
      <trkpt lat="30.1260466" lon="100.5235305">
        <ele>4136.755952661011</ele>
        <time>2026-05-03T05:06:12.885Z</time>
        <speed>16.83</speed>
      </trkpt>
      <trkpt lat="30.1263537" lon="100.5235793">
        <ele>4136.771548080608</ele>
        <time>2026-05-03T05:06:14.885Z</time>
        <speed>17.13</speed>
      </trkpt>
      <trkpt lat="30.1269586" lon="100.5236815">
        <ele>4137.368593251068</ele>
        <time>2026-05-03T05:06:18.880Z</time>
        <speed>16.64</speed>
      </trkpt>
      <trkpt lat="30.1272287" lon="100.5237257">
        <ele>4137.639217895909</ele>
        <time>2026-05-03T05:06:20.879Z</time>
        <speed>14.88</speed>
      </trkpt>
      <trkpt lat="30.1274951" lon="100.5237651">
        <ele>4137.876033733484</ele>
        <time>2026-05-03T05:06:22.885Z</time>
        <speed>14.83</speed>
      </trkpt>
      <trkpt lat="30.1280199" lon="100.5238561">
        <ele>4138.647326456546</ele>
        <time>2026-05-03T05:06:26.874Z</time>
        <speed>15.19</speed>
      </trkpt>
      <trkpt lat="30.1283024" lon="100.5239108">
        <ele>4139.017050819639</ele>
        <time>2026-05-03T05:06:28.881Z</time>
        <speed>15.95</speed>
      </trkpt>
      <trkpt lat="30.1285983" lon="100.5239688">
        <ele>4138.803478602839</ele>
        <time>2026-05-03T05:06:30.878Z</time>
        <speed>17.07</speed>
      </trkpt>
      <trkpt lat="30.1289034" lon="100.5240378">
        <ele>4140.074506250945</ele>
        <time>2026-05-03T05:06:32.874Z</time>
        <speed>16.91</speed>
      </trkpt>
      <trkpt lat="30.129197" lon="100.5241084">
        <ele>4141.0162798661</ele>
        <time>2026-05-03T05:06:34.884Z</time>
        <speed>17.08</speed>
      </trkpt>
      <trkpt lat="30.1298079" lon="100.5242875">
        <ele>4142.490904170823</ele>
        <time>2026-05-03T05:06:38.874Z</time>
        <speed>18.02</speed>
      </trkpt>
      <trkpt lat="30.1301265" lon="100.5243906">
        <ele>4142.779962460576</ele>
        <time>2026-05-03T05:06:40.887Z</time>
        <speed>18.25</speed>
      </trkpt>
      <trkpt lat="30.1304503" lon="100.5244902">
        <ele>4143.918564956514</ele>
        <time>2026-05-03T05:06:42.882Z</time>
        <speed>19.0</speed>
      </trkpt>
      <trkpt lat="30.1311465" lon="100.5246616">
        <ele>4145.046666292779</ele>
        <time>2026-05-03T05:06:46.877Z</time>
        <speed>19.41</speed>
      </trkpt>
      <trkpt lat="30.1314623" lon="100.5246904">
        <ele>4146.184734953389</ele>
        <time>2026-05-03T05:06:48.881Z</time>
        <speed>16.91</speed>
      </trkpt>
      <trkpt lat="30.1317669" lon="100.5247058">
        <ele>4146.937026957397</ele>
        <time>2026-05-03T05:06:50.884Z</time>
        <speed>17.0</speed>
      </trkpt>
      <trkpt lat="30.1320922" lon="100.5247215">
        <ele>4147.028303552876</ele>
        <time>2026-05-03T05:06:52.886Z</time>
        <speed>18.34</speed>
      </trkpt>
      <trkpt lat="30.1324466" lon="100.5247382">
        <ele>4147.257723459291</ele>
        <time>2026-05-03T05:06:54.879Z</time>
        <speed>19.84</speed>
      </trkpt>
      <trkpt lat="30.1328337" lon="100.5247575">
        <ele>4147.913490851492</ele>
        <time>2026-05-03T05:06:56.878Z</time>
        <speed>22.37</speed>
      </trkpt>
      <trkpt lat="30.1337963" lon="100.5247573">
        <ele>4150.375096848623</ele>
        <time>2026-05-03T05:07:00.875Z</time>
        <speed>28.28</speed>
      </trkpt>
      <trkpt lat="30.1350898" lon="100.5247169">
        <ele>4153.443286123106</ele>
        <time>2026-05-03T05:07:06.883Z</time>
        <speed>18.24</speed>
      </trkpt>
      <trkpt lat="30.1354195" lon="100.524685">
        <ele>4153.506767116334</ele>
        <time>2026-05-03T05:07:08.883Z</time>
        <speed>18.52</speed>
      </trkpt>
      <trkpt lat="30.1357867" lon="100.5246292">
        <ele>4153.901816864589</ele>
        <time>2026-05-03T05:07:10.874Z</time>
        <speed>21.11</speed>
      </trkpt>
      <trkpt lat="30.1366145" lon="100.5244917">
        <ele>4154.622020200308</ele>
        <time>2026-05-03T05:07:14.878Z</time>
        <speed>23.69</speed>
      </trkpt>
      <trkpt lat="30.1377356" lon="100.5243385">
        <ele>4157.752720136594</ele>
        <time>2026-05-03T05:07:20.879Z</time>
        <speed>20.06</speed>
      </trkpt>
      <trkpt lat="30.138101" lon="100.5242908">
        <ele>4158.057229819543</ele>
        <time>2026-05-03T05:07:22.882Z</time>
        <speed>20.21</speed>
      </trkpt>
      <trkpt lat="30.1388092" lon="100.524182">
        <ele>4159.61506290769</ele>
        <time>2026-05-03T05:07:26.885Z</time>
        <speed>18.93</speed>
      </trkpt>
      <trkpt lat="30.1394926" lon="100.5240714">
        <ele>4163.08072828815</ele>
        <time>2026-05-03T05:07:30.878Z</time>
        <speed>19.05</speed>
      </trkpt>
      <trkpt lat="30.1398301" lon="100.5240197">
        <ele>4163.777497387383</ele>
        <time>2026-05-03T05:07:32.882Z</time>
        <speed>18.93</speed>
      </trkpt>
      <trkpt lat="30.1405062" lon="100.5239198">
        <ele>4166.302745317325</ele>
        <time>2026-05-03T05:07:36.878Z</time>
        <speed>18.75</speed>
      </trkpt>
      <trkpt lat="30.1408426" lon="100.523885">
        <ele>4167.063420165573</ele>
        <time>2026-05-03T05:07:38.886Z</time>
        <speed>18.59</speed>
      </trkpt>
      <trkpt lat="30.1411695" lon="100.5238811">
        <ele>4168.049536559164</ele>
        <time>2026-05-03T05:07:40.880Z</time>
        <speed>17.98</speed>
      </trkpt>
      <trkpt lat="30.1414809" lon="100.5239094">
        <ele>4168.9379698965595</ele>
        <time>2026-05-03T05:07:42.878Z</time>
        <speed>17.32</speed>
      </trkpt>
      <trkpt lat="30.141781" lon="100.5239626">
        <ele>4169.827875046776</ele>
        <time>2026-05-03T05:07:44.883Z</time>
        <speed>17.28</speed>
      </trkpt>
      <trkpt lat="30.1420882" lon="100.5240237">
        <ele>4170.084013238759</ele>
        <time>2026-05-03T05:07:46.881Z</time>
        <speed>17.51</speed>
      </trkpt>
      <trkpt lat="30.1424059" lon="100.5240877">
        <ele>4171.218416705984</ele>
        <time>2026-05-03T05:07:48.887Z</time>
        <speed>17.71</speed>
      </trkpt>
      <trkpt lat="30.1427111" lon="100.5241517">
        <ele>4171.812269197758</ele>
        <time>2026-05-03T05:07:50.883Z</time>
        <speed>17.15</speed>
      </trkpt>
      <trkpt lat="30.1430101" lon="100.5242162">
        <ele>4173.424844185125</ele>
        <time>2026-05-03T05:07:52.881Z</time>
        <speed>16.7</speed>
      </trkpt>
      <trkpt lat="30.1436137" lon="100.5243458">
        <ele>4175.235193260801</ele>
        <time>2026-05-03T05:07:56.882Z</time>
        <speed>16.93</speed>
      </trkpt>
      <trkpt lat="30.1449492" lon="100.5246387">
        <ele>4180.740623053939</ele>
        <time>2026-05-03T05:08:05.882Z</time>
        <speed>16.66</speed>
      </trkpt>
      <trkpt lat="30.1455242" lon="100.524761">
        <ele>4182.245556516447</ele>
        <time>2026-05-03T05:08:09.881Z</time>
        <speed>16.12</speed>
      </trkpt>
      <trkpt lat="30.1461263" lon="100.5248726">
        <ele>4183.80083358811</ele>
        <time>2026-05-03T05:08:13.881Z</time>
        <speed>18.01</speed>
      </trkpt>
      <trkpt lat="30.1468443" lon="100.52504">
        <ele>4187.63720703125</ele>
        <time>2026-05-03T05:08:17.882Z</time>
        <speed>20.22</speed>
      </trkpt>
      <trkpt lat="30.1475398" lon="100.5251998">
        <ele>4193.265632855349</ele>
        <time>2026-05-03T05:08:21.881Z</time>
        <speed>19.86</speed>
      </trkpt>
      <trkpt lat="30.148764" lon="100.5255693">
        <ele>4200.294569920668</ele>
        <time>2026-05-03T05:08:29.882Z</time>
        <speed>18.29</speed>
      </trkpt>
      <trkpt lat="30.1493825" lon="100.5257886">
        <ele>4203.387200737376</ele>
        <time>2026-05-03T05:08:33.881Z</time>
        <speed>17.85</speed>
      </trkpt>
      <trkpt lat="30.1500302" lon="100.525982">
        <ele>4205.792724315853</ele>
        <time>2026-05-03T05:08:37.882Z</time>
        <speed>19.19</speed>
      </trkpt>
      <trkpt lat="30.1507544" lon="100.5260407">
        <ele>4208.992966635417</ele>
        <time>2026-05-03T05:08:41.882Z</time>
        <speed>19.86</speed>
      </trkpt>
      <trkpt lat="30.1514262" lon="100.5260976">
        <ele>4212.985496723405</ele>
        <time>2026-05-03T05:08:45.881Z</time>
        <speed>18.65</speed>
      </trkpt>
      <trkpt lat="30.1521" lon="100.526272">
        <ele>4216.329066655471</ele>
        <time>2026-05-03T05:08:49.882Z</time>
        <speed>19.41</speed>
      </trkpt>
      <trkpt lat="30.1528048" lon="100.5264783">
        <ele>4219.427715929649</ele>
        <time>2026-05-03T05:08:53.882Z</time>
        <speed>20.1</speed>
      </trkpt>
      <trkpt lat="30.1534929" lon="100.5266969">
        <ele>4222.986727602743</ele>
        <time>2026-05-03T05:08:57.882Z</time>
        <speed>19.67</speed>
      </trkpt>
      <trkpt lat="30.1538325" lon="100.5268051">
        <ele>4224.453541103287</ele>
        <time>2026-05-03T05:08:59.882Z</time>
        <speed>19.31</speed>
      </trkpt>
      <trkpt lat="30.1546078" lon="100.5272077">
        <ele>4230.617869628797</ele>
        <time>2026-05-03T05:09:04.881Z</time>
        <speed>19.31</speed>
      </trkpt>
      <trkpt lat="30.1552779" lon="100.5276629">
        <ele>4235.289707218578</ele>
        <time>2026-05-03T05:09:08.881Z</time>
        <speed>23.74</speed>
      </trkpt>
      <trkpt lat="30.1567156" lon="100.528728">
        <ele>4251.232152168528</ele>
        <time>2026-05-03T05:09:16.881Z</time>
        <speed>21.07</speed>
      </trkpt>
      <trkpt lat="30.1572881" lon="100.5289268">
        <ele>4253.66285135123</ele>
        <time>2026-05-03T05:09:20.881Z</time>
        <speed>16.28</speed>
      </trkpt>
      <trkpt lat="30.157958" lon="100.5288739">
        <ele>4254.546044569481</ele>
        <time>2026-05-03T05:09:24.882Z</time>
        <speed>20.59</speed>
      </trkpt>
      <trkpt lat="30.1587617" lon="100.5287747">
        <ele>4259.159543201089</ele>
        <time>2026-05-03T05:09:28.882Z</time>
        <speed>22.5</speed>
      </trkpt>
      <trkpt lat="30.1595208" lon="100.5288857">
        <ele>4264.879500239192</ele>
        <time>2026-05-03T05:09:32.882Z</time>
        <speed>20.7</speed>
      </trkpt>
      <trkpt lat="30.1601302" lon="100.5293131">
        <ele>4269.577074347082</ele>
        <time>2026-05-03T05:09:36.882Z</time>
        <speed>19.1</speed>
      </trkpt>
      <trkpt lat="30.1606651" lon="100.5296865">
        <ele>4274.881697530878</ele>
        <time>2026-05-03T05:09:40.882Z</time>
        <speed>15.95</speed>
      </trkpt>
      <trkpt lat="30.1627944" lon="100.5295326">
        <ele>4288.325910993771</ele>
        <time>2026-05-03T05:09:52.882Z</time>
        <speed>20.31</speed>
      </trkpt>
      <trkpt lat="30.1634397" lon="100.5294577">
        <ele>4293.358919342087</ele>
        <time>2026-05-03T05:09:56.881Z</time>
        <speed>17.34</speed>
      </trkpt>
      <trkpt lat="30.1640257" lon="100.5296834">
        <ele>4296.456356611899</ele>
        <time>2026-05-03T05:10:00.882Z</time>
        <speed>18.15</speed>
      </trkpt>
      <trkpt lat="30.1646121" lon="100.5301785">
        <ele>4298.965701537458</ele>
        <time>2026-05-03T05:10:04.882Z</time>
        <speed>20.64</speed>
      </trkpt>
      <trkpt lat="30.1649096" lon="100.5304397">
        <ele>4299.57006660255</ele>
        <time>2026-05-03T05:10:06.881Z</time>
        <speed>20.79</speed>
      </trkpt>
      <trkpt lat="30.1654371" lon="100.5311184">
        <ele>4298.868952252567</ele>
        <time>2026-05-03T05:10:11.882Z</time>
        <speed>16.48</speed>
      </trkpt>
      <trkpt lat="30.1650708" lon="100.5332568">
        <ele>4289.597877003727</ele>
        <time>2026-05-03T05:10:23.882Z</time>
        <speed>16.44</speed>
      </trkpt>
      <trkpt lat="30.1651931" lon="100.5339112">
        <ele>4284.966650525665</ele>
        <time>2026-05-03T05:10:27.881Z</time>
        <speed>16.8</speed>
      </trkpt>
      <trkpt lat="30.1656487" lon="100.5345141">
        <ele>4280.821206978503</ele>
        <time>2026-05-03T05:10:31.882Z</time>
        <speed>20.97</speed>
      </trkpt>
      <trkpt lat="30.1663306" lon="100.5349828">
        <ele>4277.607869334611</ele>
        <time>2026-05-03T05:10:35.882Z</time>
        <speed>22.71</speed>
      </trkpt>
      <trkpt lat="30.1681133" lon="100.5353214">
        <ele>4269.479223527726</ele>
        <time>2026-05-03T05:10:43.881Z</time>
        <speed>26.72</speed>
      </trkpt>
      <trkpt lat="30.169673" lon="100.53595">
        <ele>4257.922745525381</ele>
        <time>2026-05-03T05:10:51.882Z</time>
        <speed>20.54</speed>
      </trkpt>
      <trkpt lat="30.1702197" lon="100.5366153">
        <ele>4251.2463484066775</ele>
        <time>2026-05-03T05:10:55.882Z</time>
        <speed>22.5</speed>
      </trkpt>
      <trkpt lat="30.1707617" lon="100.537339">
        <ele>4249.780568795859</ele>
        <time>2026-05-03T05:10:59.881Z</time>
        <speed>23.49</speed>
      </trkpt>
      <trkpt lat="30.171264" lon="100.5380024">
        <ele>4246.529094021929</ele>
        <time>2026-05-03T05:11:03.881Z</time>
        <speed>18.93</speed>
      </trkpt>
      <trkpt lat="30.1715973" lon="100.5385815">
        <ele>4239.5807766909375</ele>
        <time>2026-05-03T05:11:07.881Z</time>
        <speed>15.65</speed>
      </trkpt>
      <trkpt lat="30.1715386" lon="100.5391351">
        <ele>4233.6585042997485</ele>
        <time>2026-05-03T05:11:11.882Z</time>
        <speed>13.33</speed>
      </trkpt>
      <trkpt lat="30.1710275" lon="100.5398278">
        <ele>4230.265687251762</ele>
        <time>2026-05-03T05:11:17.881Z</time>
        <speed>12.88</speed>
      </trkpt>
      <trkpt lat="30.1710726" lon="100.5404683">
        <ele>4225.393002735004</ele>
        <time>2026-05-03T05:11:25.882Z</time>
        <speed>8.47</speed>
      </trkpt>
      <trkpt lat="30.1713968" lon="100.5403908">
        <ele>4224.491809050212</ele>
        <time>2026-05-03T05:11:29.881Z</time>
        <speed>10.66</speed>
      </trkpt>
      <trkpt lat="30.1725499" lon="100.539137">
        <ele>4219.324950221456</ele>
        <time>2026-05-03T05:11:41.882Z</time>
        <speed>13.7</speed>
      </trkpt>
      <trkpt lat="30.1726215" lon="100.5385704">
        <ele>4215.740078002614</ele>
        <time>2026-05-03T05:11:45.881Z</time>
        <speed>14.63</speed>
      </trkpt>
      <trkpt lat="30.1726197" lon="100.5379697">
        <ele>4213.0587440783165</ele>
        <time>2026-05-03T05:11:49.881Z</time>
        <speed>13.33</speed>
      </trkpt>
      <trkpt lat="30.1727729" lon="100.5376078">
        <ele>4210.502081101222</ele>
        <time>2026-05-03T05:11:53.881Z</time>
        <speed>9.26</speed>
      </trkpt>
      <trkpt lat="30.1730644" lon="100.5376656">
        <ele>4206.454032989038</ele>
        <time>2026-05-03T05:11:57.882Z</time>
        <speed>8.79</speed>
      </trkpt>
      <trkpt lat="30.172944" lon="100.5387449">
        <ele>4204.828882743471</ele>
        <time>2026-05-03T05:12:05.881Z</time>
        <speed>18.37</speed>
      </trkpt>
      <trkpt lat="30.1727631" lon="100.5394366">
        <ele>4204.673506792569</ele>
        <time>2026-05-03T05:12:09.882Z</time>
        <speed>16.05</speed>
      </trkpt>
      <trkpt lat="30.1725924" lon="100.5400056">
        <ele>4203.686212157254</ele>
        <time>2026-05-03T05:12:13.881Z</time>
        <speed>12.86</speed>
      </trkpt>
      <trkpt lat="30.1721198" lon="100.5406085">
        <ele>4201.650459822122</ele>
        <time>2026-05-03T05:12:19.882Z</time>
        <speed>15.26</speed>
      </trkpt>
      <trkpt lat="30.1716357" lon="100.5410226">
        <ele>4199.4604964375685</ele>
        <time>2026-05-03T05:12:23.882Z</time>
        <speed>15.99</speed>
      </trkpt>
      <trkpt lat="30.1711546" lon="100.5414132">
        <ele>4197.541593707881</ele>
        <time>2026-05-03T05:12:27.881Z</time>
        <speed>16.92</speed>
      </trkpt>
      <trkpt lat="30.1705391" lon="100.5417273">
        <ele>4193.055563762457</ele>
        <time>2026-05-03T05:12:31.882Z</time>
        <speed>19.9</speed>
      </trkpt>
      <trkpt lat="30.1698826" lon="100.5420044">
        <ele>4189.87186694686</ele>
        <time>2026-05-03T05:12:35.881Z</time>
        <speed>18.67</speed>
      </trkpt>
      <trkpt lat="30.1693754" lon="100.5424596">
        <ele>4183.451111698685</ele>
        <time>2026-05-03T05:12:39.881Z</time>
        <speed>18.64</speed>
      </trkpt>
      <trkpt lat="30.1689373" lon="100.5431261">
        <ele>4178.783953891445</ele>
        <time>2026-05-03T05:12:43.882Z</time>
        <speed>20.47</speed>
      </trkpt>
      <trkpt lat="30.1679312" lon="100.5445498">
        <ele>4174.370487343117</ele>
        <time>2026-05-03T05:12:51.881Z</time>
        <speed>21.88</speed>
      </trkpt>
      <trkpt lat="30.167322" lon="100.5450082">
        <ele>4168.537884294056</ele>
        <time>2026-05-03T05:12:55.882Z</time>
        <speed>19.53</speed>
      </trkpt>
      <trkpt lat="30.1653381" lon="100.5450438">
        <ele>4149.837659952251</ele>
        <time>2026-05-03T05:13:07.881Z</time>
        <speed>17.48</speed>
      </trkpt>
      <trkpt lat="30.1637648" lon="100.5447188">
        <ele>4132.617282015781</ele>
        <time>2026-05-03T05:13:23.882Z</time>
        <speed>8.52</speed>
      </trkpt>
      <trkpt lat="30.1637549" lon="100.5449136">
        <ele>4131.13220520176</ele>
        <time>2026-05-03T05:13:25.881Z</time>
        <speed>9.89</speed>
      </trkpt>
      <trkpt lat="30.1641101" lon="100.5453594">
        <ele>4130.854303623496</ele>
        <time>2026-05-03T05:13:30.882Z</time>
        <speed>14.04</speed>
      </trkpt>
      <trkpt lat="30.1645757" lon="100.5457266">
        <ele>4130.314178930158</ele>
        <time>2026-05-03T05:13:34.881Z</time>
        <speed>16.66</speed>
      </trkpt>
      <trkpt lat="30.1650615" lon="100.5462207">
        <ele>4126.119121577725</ele>
        <time>2026-05-03T05:13:38.882Z</time>
        <speed>18.47</speed>
      </trkpt>
      <trkpt lat="30.1654772" lon="100.546858">
        <ele>4124.285110527669</ele>
        <time>2026-05-03T05:13:42.882Z</time>
        <speed>19.32</speed>
      </trkpt>
      <trkpt lat="30.1658659" lon="100.5474971">
        <ele>4119.866919358973</ele>
        <time>2026-05-03T05:13:46.882Z</time>
        <speed>17.83</speed>
      </trkpt>
      <trkpt lat="30.1660299" lon="100.5481216">
        <ele>4114.208776217207</ele>
        <time>2026-05-03T05:13:50.882Z</time>
        <speed>16.09</speed>
      </trkpt>
      <trkpt lat="30.165834" lon="100.5487845">
        <ele>4108.271100606943</ele>
        <time>2026-05-03T05:13:54.881Z</time>
        <speed>17.9</speed>
      </trkpt>
      <trkpt lat="30.1655396" lon="100.5494736">
        <ele>4104.413004480005</ele>
        <time>2026-05-03T05:13:58.881Z</time>
        <speed>18.61</speed>
      </trkpt>
      <trkpt lat="30.1653384" lon="100.5502936">
        <ele>4099.757005133898</ele>
        <time>2026-05-03T05:14:02.881Z</time>
        <speed>22.09</speed>
      </trkpt>
      <trkpt lat="30.1651778" lon="100.5511896">
        <ele>4094.646430540791</ele>
        <time>2026-05-03T05:14:06.882Z</time>
        <speed>21.48</speed>
      </trkpt>
      <trkpt lat="30.164701" lon="100.5526055">
        <ele>4086.2018988339614</ele>
        <time>2026-05-03T05:14:14.881Z</time>
        <speed>15.76</speed>
      </trkpt>
      <trkpt lat="30.1645465" lon="100.5532252">
        <ele>4081.2679885130883</ele>
        <time>2026-05-03T05:14:18.882Z</time>
        <speed>15.9</speed>
      </trkpt>
      <trkpt lat="30.1645284" lon="100.5538938">
        <ele>4077.4278349704537</ele>
        <time>2026-05-03T05:14:22.881Z</time>
        <speed>17.01</speed>
      </trkpt>
      <trkpt lat="30.1645316" lon="100.5545904">
        <ele>4073.817548014009</ele>
        <time>2026-05-03T05:14:26.882Z</time>
        <speed>16.33</speed>
      </trkpt>
      <trkpt lat="30.164493" lon="100.5552011">
        <ele>4071.3842531464043</ele>
        <time>2026-05-03T05:14:30.882Z</time>
        <speed>13.88</speed>
      </trkpt>
      <trkpt lat="30.1644163" lon="100.5554853">
        <ele>4070.4994024738344</ele>
        <time>2026-05-03T05:14:32.881Z</time>
        <speed>14.51</speed>
      </trkpt>
      <trkpt lat="30.1640926" lon="100.5559593">
        <ele>4070.393459153125</ele>
        <time>2026-05-03T05:14:36.881Z</time>
        <speed>14.95</speed>
      </trkpt>
      <trkpt lat="30.1637017" lon="100.5564105">
        <ele>4071.9706494155907</ele>
        <time>2026-05-03T05:14:40.881Z</time>
        <speed>15.72</speed>
      </trkpt>
      <trkpt lat="30.1630062" lon="100.5575295">
        <ele>4079.730729192359</ele>
        <time>2026-05-03T05:14:48.881Z</time>
        <speed>18.22</speed>
      </trkpt>
      <trkpt lat="30.1625452" lon="100.5580515">
        <ele>4084.47604740299</ele>
        <time>2026-05-03T05:14:52.882Z</time>
        <speed>17.51</speed>
      </trkpt>
      <trkpt lat="30.1613141" lon="100.5590513">
        <ele>4095.458284647313</ele>
        <time>2026-05-03T05:15:04.881Z</time>
        <speed>12.38</speed>
      </trkpt>
      <trkpt lat="30.161001" lon="100.5594983">
        <ele>4099.06936737934</ele>
        <time>2026-05-03T05:15:08.881Z</time>
        <speed>15.13</speed>
      </trkpt>
      <trkpt lat="30.1606853" lon="100.5600106">
        <ele>4102.299959368798</ele>
        <time>2026-05-03T05:15:12.882Z</time>
        <speed>14.65</speed>
      </trkpt>
      <trkpt lat="30.1598274" lon="100.5605072">
        <ele>4106.294850405293</ele>
        <time>2026-05-03T05:15:20.882Z</time>
        <speed>12.93</speed>
      </trkpt>
      <trkpt lat="30.1594287" lon="100.5609317">
        <ele>4109.608472782798</ele>
        <time>2026-05-03T05:15:24.882Z</time>
        <speed>16.67</speed>
      </trkpt>
      <trkpt lat="30.1581881" lon="100.5628361">
        <ele>4126.524302547273</ele>
        <time>2026-05-03T05:15:38.882Z</time>
        <speed>13.56</speed>
      </trkpt>
      <trkpt lat="30.1580518" lon="100.5635183">
        <ele>4129.142960451354</ele>
        <time>2026-05-03T05:15:43.882Z</time>
        <speed>14.1</speed>
      </trkpt>
      <trkpt lat="30.1582156" lon="100.5640248">
        <ele>4134.071150881474</ele>
        <time>2026-05-03T05:15:47.881Z</time>
        <speed>13.09</speed>
      </trkpt>
      <trkpt lat="30.1584574" lon="100.5644731">
        <ele>4137.207629289253</ele>
        <time>2026-05-03T05:15:51.881Z</time>
        <speed>12.87</speed>
      </trkpt>
      <trkpt lat="30.158711" lon="100.5649221">
        <ele>4139.629887368353</ele>
        <time>2026-05-03T05:15:55.881Z</time>
        <speed>13.4</speed>
      </trkpt>
      <trkpt lat="30.1589357" lon="100.5654072">
        <ele>4142.447488882433</ele>
        <time>2026-05-03T05:15:59.882Z</time>
        <speed>12.99</speed>
      </trkpt>
      <trkpt lat="30.1588286" lon="100.5658957">
        <ele>4143.7293727024435</ele>
        <time>2026-05-03T05:16:03.882Z</time>
        <speed>11.92</speed>
      </trkpt>
      <trkpt lat="30.1578628" lon="100.5662085">
        <ele>4149.7526782390905</ele>
        <time>2026-05-03T05:16:11.882Z</time>
        <speed>13.9</speed>
      </trkpt>
      <trkpt lat="30.1574439" lon="100.5664774">
        <ele>4153.340273124611</ele>
        <time>2026-05-03T05:16:15.882Z</time>
        <speed>13.22</speed>
      </trkpt>
      <trkpt lat="30.1572471" lon="100.5669518">
        <ele>4157.0886413159715</ele>
        <time>2026-05-03T05:16:19.881Z</time>
        <speed>12.45</speed>
      </trkpt>
      <trkpt lat="30.1572182" lon="100.5675094">
        <ele>4160.42790499389</ele>
        <time>2026-05-03T05:16:23.881Z</time>
        <speed>14.15</speed>
      </trkpt>
      <trkpt lat="30.1571078" lon="100.5681157">
        <ele>4163.323826808464</ele>
        <time>2026-05-03T05:16:27.882Z</time>
        <speed>15.68</speed>
      </trkpt>
      <trkpt lat="30.1567663" lon="100.5687111">
        <ele>4166.716221681837</ele>
        <time>2026-05-03T05:16:31.882Z</time>
        <speed>17.86</speed>
      </trkpt>
      <trkpt lat="30.1563994" lon="100.5692871">
        <ele>4172.539521072652</ele>
        <time>2026-05-03T05:16:35.882Z</time>
        <speed>17.77</speed>
      </trkpt>
      <trkpt lat="30.1561077" lon="100.5698917">
        <ele>4176.492849779928</ele>
        <time>2026-05-03T05:16:39.882Z</time>
        <speed>16.24</speed>
      </trkpt>
      <trkpt lat="30.1559627" lon="100.5705368">
        <ele>4180.407840807118</ele>
        <time>2026-05-03T05:16:43.882Z</time>
        <speed>15.83</speed>
      </trkpt>
      <trkpt lat="30.1560207" lon="100.5708441">
        <ele>4181.992638295797</ele>
        <time>2026-05-03T05:16:45.882Z</time>
        <speed>15.35</speed>
      </trkpt>
      <trkpt lat="30.1563893" lon="100.5713658">
        <ele>4183.914567384062</ele>
        <time>2026-05-03T05:16:49.881Z</time>
        <speed>16.84</speed>
      </trkpt>
      <trkpt lat="30.1568766" lon="100.5717904">
        <ele>4186.817823586083</ele>
        <time>2026-05-03T05:16:53.882Z</time>
        <speed>17.02</speed>
      </trkpt>
      <trkpt lat="30.1574022" lon="100.5720473">
        <ele>4190.599786315782</ele>
        <time>2026-05-03T05:16:57.881Z</time>
        <speed>15.91</speed>
      </trkpt>
      <trkpt lat="30.1580395" lon="100.5721633">
        <ele>4194.100505978849</ele>
        <time>2026-05-03T05:17:01.881Z</time>
        <speed>19.74</speed>
      </trkpt>
      <trkpt lat="30.1588721" lon="100.5722868">
        <ele>4198.80088131677</ele>
        <time>2026-05-03T05:17:05.881Z</time>
        <speed>24.11</speed>
      </trkpt>
      <trkpt lat="30.1596626" lon="100.5725826">
        <ele>4205.403563414214</ele>
        <time>2026-05-03T05:17:09.881Z</time>
        <speed>22.8</speed>
      </trkpt>
      <trkpt lat="30.1604055" lon="100.5729214">
        <ele>4209.691074126737</ele>
        <time>2026-05-03T05:17:13.882Z</time>
        <speed>22.3</speed>
      </trkpt>
      <trkpt lat="30.1611242" lon="100.5732463">
        <ele>4215.2441228145</ele>
        <time>2026-05-03T05:17:17.881Z</time>
        <speed>21.38</speed>
      </trkpt>
      <trkpt lat="30.1618153" lon="100.5737085">
        <ele>4218.0747603319405</ele>
        <time>2026-05-03T05:17:21.882Z</time>
        <speed>22.9</speed>
      </trkpt>
      <trkpt lat="30.1624477" lon="100.5742723">
        <ele>4221.975243134938</ele>
        <time>2026-05-03T05:17:25.881Z</time>
        <speed>22.0</speed>
      </trkpt>
      <trkpt lat="30.1629827" lon="100.5748575">
        <ele>4229.097044147693</ele>
        <time>2026-05-03T05:17:29.882Z</time>
        <speed>19.76</speed>
      </trkpt>
      <trkpt lat="30.1633574" lon="100.5755522">
        <ele>4233.75244140625</ele>
        <time>2026-05-03T05:17:33.881Z</time>
        <speed>21.09</speed>
      </trkpt>
      <trkpt lat="30.1637144" lon="100.5763245">
        <ele>4237.748178591339</ele>
        <time>2026-05-03T05:17:37.881Z</time>
        <speed>19.35</speed>
      </trkpt>
      <trkpt lat="30.1638059" lon="100.5770846">
        <ele>4243.388804668483</ele>
        <time>2026-05-03T05:17:41.882Z</time>
        <speed>19.47</speed>
      </trkpt>
      <trkpt lat="30.1637138" lon="100.5779414">
        <ele>4248.415444268393</ele>
        <time>2026-05-03T05:17:45.882Z</time>
        <speed>21.53</speed>
      </trkpt>
      <trkpt lat="30.1636174" lon="100.5788399">
        <ele>4255.249941848223</ele>
        <time>2026-05-03T05:17:49.881Z</time>
        <speed>21.92</speed>
      </trkpt>
      <trkpt lat="30.1635578" lon="100.5792889">
        <ele>4257.761151958756</ele>
        <time>2026-05-03T05:17:51.882Z</time>
        <speed>21.83</speed>
      </trkpt>
      <trkpt lat="30.1630826" lon="100.5801201">
        <ele>4262.914217283905</ele>
        <time>2026-05-03T05:17:56.881Z</time>
        <speed>18.37</speed>
      </trkpt>
      <trkpt lat="30.1618657" lon="100.5800708">
        <ele>4267.790042864725</ele>
        <time>2026-05-03T05:18:04.881Z</time>
        <speed>18.15</speed>
      </trkpt>
      <trkpt lat="30.1612346" lon="100.5798948">
        <ele>4272.635305029778</ele>
        <time>2026-05-03T05:18:08.882Z</time>
        <speed>17.91</speed>
      </trkpt>
      <trkpt lat="30.1606134" lon="100.5796445">
        <ele>4277.545151684611</ele>
        <time>2026-05-03T05:18:12.882Z</time>
        <speed>18.35</speed>
      </trkpt>
      <trkpt lat="30.1600773" lon="100.5793028">
        <ele>4283.316378960021</ele>
        <time>2026-05-03T05:18:16.882Z</time>
        <speed>15.85</speed>
      </trkpt>
      <trkpt lat="30.1595597" lon="100.5790492">
        <ele>4288.318970613187</ele>
        <time>2026-05-03T05:18:20.882Z</time>
        <speed>16.14</speed>
      </trkpt>
      <trkpt lat="30.1589156" lon="100.5789292">
        <ele>4292.300109686767</ele>
        <time>2026-05-03T05:18:24.882Z</time>
        <speed>19.27</speed>
      </trkpt>
      <trkpt lat="30.158276" lon="100.5788524">
        <ele>4298.389152452837</ele>
        <time>2026-05-03T05:18:28.882Z</time>
        <speed>16.25</speed>
      </trkpt>
      <trkpt lat="30.1577797" lon="100.5787912">
        <ele>4303.439762503357</ele>
        <time>2026-05-03T05:18:32.881Z</time>
        <speed>12.58</speed>
      </trkpt>
      <trkpt lat="30.1574333" lon="100.5788955">
        <ele>4305.128729465167</ele>
        <time>2026-05-03T05:18:36.881Z</time>
        <speed>9.27</speed>
      </trkpt>
      <trkpt lat="30.1573363" lon="100.5792366">
        <ele>4305.845708977075</ele>
        <time>2026-05-03T05:18:40.881Z</time>
        <speed>9.04</speed>
      </trkpt>
      <trkpt lat="30.1575439" lon="100.5796141">
        <ele>4306.810292506697</ele>
        <time>2026-05-03T05:18:44.882Z</time>
        <speed>12.86</speed>
      </trkpt>
      <trkpt lat="30.1579656" lon="100.5800554">
        <ele>4308.856295475639</ele>
        <time>2026-05-03T05:18:48.882Z</time>
        <speed>17.61</speed>
      </trkpt>
      <trkpt lat="30.1596915" lon="100.5842366">
        <ele>4336.800370391778</ele>
        <time>2026-05-03T05:19:14.881Z</time>
        <speed>18.33</speed>
      </trkpt>
      <trkpt lat="30.1599871" lon="100.5848636">
        <ele>4341.907497682906</ele>
        <time>2026-05-03T05:19:18.882Z</time>
        <speed>16.3</speed>
      </trkpt>
      <trkpt lat="30.1599895" lon="100.5854832">
        <ele>4345.740592939941</ele>
        <time>2026-05-03T05:19:22.882Z</time>
        <speed>15.12</speed>
      </trkpt>
      <trkpt lat="30.1597846" lon="100.5860366">
        <ele>4349.333304715963</ele>
        <time>2026-05-03T05:19:26.882Z</time>
        <speed>13.83</speed>
      </trkpt>
      <trkpt lat="30.1589461" lon="100.5876068">
        <ele>4357.822004684195</ele>
        <time>2026-05-03T05:19:38.882Z</time>
        <speed>16.11</speed>
      </trkpt>
      <trkpt lat="30.1585234" lon="100.5880204">
        <ele>4359.002452026036</ele>
        <time>2026-05-03T05:19:42.881Z</time>
        <speed>14.73</speed>
      </trkpt>
      <trkpt lat="30.1580854" lon="100.588421">
        <ele>4360.135000033226</ele>
        <time>2026-05-03T05:19:46.882Z</time>
        <speed>15.66</speed>
      </trkpt>
      <trkpt lat="30.15728" lon="100.5893232">
        <ele>4361.6105096194815</ele>
        <time>2026-05-03T05:19:54.881Z</time>
        <speed>16.91</speed>
      </trkpt>
      <trkpt lat="30.1569379" lon="100.5898843">
        <ele>4359.857694346556</ele>
        <time>2026-05-03T05:19:58.881Z</time>
        <speed>15.42</speed>
      </trkpt>
      <trkpt lat="30.1566329" lon="100.5904126">
        <ele>4358.02880363748</ele>
        <time>2026-05-03T05:20:02.882Z</time>
        <speed>15.29</speed>
      </trkpt>
      <trkpt lat="30.1564774" lon="100.5906793">
        <ele>4357.486930946015</ele>
        <time>2026-05-03T05:20:04.881Z</time>
        <speed>15.42</speed>
      </trkpt>
      <trkpt lat="30.1557992" lon="100.5918499">
        <ele>4352.940713700593</ele>
        <time>2026-05-03T05:20:13.882Z</time>
        <speed>16.73</speed>
      </trkpt>
      <trkpt lat="30.155459" lon="100.5924381">
        <ele>4353.16812051624</ele>
        <time>2026-05-03T05:20:17.881Z</time>
        <speed>16.79</speed>
      </trkpt>
      <trkpt lat="30.1551044" lon="100.5930324">
        <ele>4352.1363836853625</ele>
        <time>2026-05-03T05:20:21.882Z</time>
        <speed>17.96</speed>
      </trkpt>
      <trkpt lat="30.1543419" lon="100.5943465">
        <ele>4346.072087766828</ele>
        <time>2026-05-03T05:20:29.881Z</time>
        <speed>19.86</speed>
      </trkpt>
      <trkpt lat="30.1536161" lon="100.5956293">
        <ele>4342.638210502045</ele>
        <time>2026-05-03T05:20:37.882Z</time>
        <speed>18.23</speed>
      </trkpt>
      <trkpt lat="30.1530202" lon="100.596995">
        <ele>4336.549216431102</ele>
        <time>2026-05-03T05:20:45.882Z</time>
        <speed>19.22</speed>
      </trkpt>
      <trkpt lat="30.1527526" lon="100.5977593">
        <ele>4333.590806326135</ele>
        <time>2026-05-03T05:20:49.881Z</time>
        <speed>20.26</speed>
      </trkpt>
      <trkpt lat="30.1524395" lon="100.5985024">
        <ele>4329.663090924613</ele>
        <time>2026-05-03T05:20:53.881Z</time>
        <speed>19.44</speed>
      </trkpt>
      <trkpt lat="30.1520178" lon="100.5990716">
        <ele>4325.06422699424</ele>
        <time>2026-05-03T05:20:57.881Z</time>
        <speed>17.61</speed>
      </trkpt>
      <trkpt lat="30.1515345" lon="100.5995231">
        <ele>4322.792007785749</ele>
        <time>2026-05-03T05:21:01.882Z</time>
        <speed>17.32</speed>
      </trkpt>
      <trkpt lat="30.1510269" lon="100.5999776">
        <ele>4322.488499320592</ele>
        <time>2026-05-03T05:21:05.882Z</time>
        <speed>17.87</speed>
      </trkpt>
      <trkpt lat="30.1505044" lon="100.6004246">
        <ele>4322.785666771037</ele>
        <time>2026-05-03T05:21:09.881Z</time>
        <speed>17.96</speed>
      </trkpt>
      <trkpt lat="30.1502344" lon="100.600615">
        <ele>4322.731935017335</ele>
        <time>2026-05-03T05:21:11.881Z</time>
        <speed>17.25</speed>
      </trkpt>
      <trkpt lat="30.1496954" lon="100.6009509">
        <ele>4323.456768594621</ele>
        <time>2026-05-03T05:21:15.881Z</time>
        <speed>16.9</speed>
      </trkpt>
      <trkpt lat="30.1491707" lon="100.6012764">
        <ele>4324.562101041387</ele>
        <time>2026-05-03T05:21:19.882Z</time>
        <speed>16.1</speed>
      </trkpt>
      <trkpt lat="30.1487266" lon="100.6016103">
        <ele>4324.616535663074</ele>
        <time>2026-05-03T05:21:23.881Z</time>
        <speed>14.77</speed>
      </trkpt>
      <trkpt lat="30.1483811" lon="100.6021447">
        <ele>4323.614741699227</ele>
        <time>2026-05-03T05:21:27.882Z</time>
        <speed>17.04</speed>
      </trkpt>
      <trkpt lat="30.1481445" lon="100.6028201">
        <ele>4324.693821946265</ele>
        <time>2026-05-03T05:21:31.882Z</time>
        <speed>17.81</speed>
      </trkpt>
      <trkpt lat="30.1479265" lon="100.603485">
        <ele>4325.4254702396</ele>
        <time>2026-05-03T05:21:35.882Z</time>
        <speed>16.6</speed>
      </trkpt>
      <trkpt lat="30.1477207" lon="100.604102">
        <ele>4325.4373441328335</ele>
        <time>2026-05-03T05:21:39.881Z</time>
        <speed>15.71</speed>
      </trkpt>
      <trkpt lat="30.1475147" lon="100.6047353">
        <ele>4327.265965657273</ele>
        <time>2026-05-03T05:21:43.882Z</time>
        <speed>16.43</speed>
      </trkpt>
      <trkpt lat="30.1472981" lon="100.6053858">
        <ele>4330.2392082608</ele>
        <time>2026-05-03T05:21:47.882Z</time>
        <speed>16.78</speed>
      </trkpt>
      <trkpt lat="30.1470792" lon="100.6060328">
        <ele>4332.497300363705</ele>
        <time>2026-05-03T05:21:51.882Z</time>
        <speed>16.68</speed>
      </trkpt>
      <trkpt lat="30.1468934" lon="100.6066843">
        <ele>4332.991684822979</ele>
        <time>2026-05-03T05:21:55.882Z</time>
        <speed>16.72</speed>
      </trkpt>
      <trkpt lat="30.146868" lon="100.6073581">
        <ele>4332.392549088031</ele>
        <time>2026-05-03T05:21:59.882Z</time>
        <speed>16.34</speed>
      </trkpt>
      <trkpt lat="30.1470319" lon="100.6080231">
        <ele>4332.909616065</ele>
        <time>2026-05-03T05:22:03.882Z</time>
        <speed>16.72</speed>
      </trkpt>
      <trkpt lat="30.1472221" lon="100.6086868">
        <ele>4336.588056440272</ele>
        <time>2026-05-03T05:22:07.882Z</time>
        <speed>16.7</speed>
      </trkpt>
      <trkpt lat="30.1473029" lon="100.6093717">
        <ele>4339.92413424119</ele>
        <time>2026-05-03T05:22:11.882Z</time>
        <speed>16.81</speed>
      </trkpt>
      <trkpt lat="30.1472105" lon="100.6100497">
        <ele>4342.673235706899</ele>
        <time>2026-05-03T05:22:15.881Z</time>
        <speed>16.78</speed>
      </trkpt>
      <trkpt lat="30.1471131" lon="100.6103796">
        <ele>4342.747267864985</ele>
        <time>2026-05-03T05:22:17.882Z</time>
        <speed>16.7</speed>
      </trkpt>
      <trkpt lat="30.1468513" lon="100.6111944">
        <ele>4345.848344424853</ele>
        <time>2026-05-03T05:22:22.882Z</time>
        <speed>16.69</speed>
      </trkpt>
      <trkpt lat="30.1466421" lon="100.6118474">
        <ele>4347.197766487847</ele>
        <time>2026-05-03T05:22:26.882Z</time>
        <speed>16.83</speed>
      </trkpt>
      <trkpt lat="30.1464287" lon="100.6125079">
        <ele>4348.150591039301</ele>
        <time>2026-05-03T05:22:30.882Z</time>
        <speed>16.87</speed>
      </trkpt>
      <trkpt lat="30.1462047" lon="100.6131525">
        <ele>4348.2672756237935</ele>
        <time>2026-05-03T05:22:34.882Z</time>
        <speed>16.71</speed>
      </trkpt>
      <trkpt lat="30.1459057" lon="100.6137582">
        <ele>4346.384353999936</ele>
        <time>2026-05-03T05:22:38.881Z</time>
        <speed>16.92</speed>
      </trkpt>
      <trkpt lat="30.1455547" lon="100.6143296">
        <ele>4344.179036714072</ele>
        <time>2026-05-03T05:22:42.881Z</time>
        <speed>16.73</speed>
      </trkpt>
      <trkpt lat="30.1451971" lon="100.6148898">
        <ele>4340.869658996063</ele>
        <time>2026-05-03T05:22:46.882Z</time>
        <speed>16.76</speed>
      </trkpt>
      <trkpt lat="30.1448533" lon="100.6154541">
        <ele>4339.59981225042</ele>
        <time>2026-05-03T05:22:50.881Z</time>
        <speed>16.62</speed>
      </trkpt>
      <trkpt lat="30.1444634" lon="100.6167408">
        <ele>4335.037613671996</ele>
        <time>2026-05-03T05:22:58.881Z</time>
        <speed>16.54</speed>
      </trkpt>
      <trkpt lat="30.1443667" lon="100.6174301">
        <ele>4334.759080876681</ele>
        <time>2026-05-03T05:23:02.881Z</time>
        <speed>16.72</speed>
      </trkpt>
      <trkpt lat="30.1442874" lon="100.6181032">
        <ele>4335.570229245241</ele>
        <time>2026-05-03T05:23:06.882Z</time>
        <speed>16.47</speed>
      </trkpt>
      <trkpt lat="30.1441973" lon="100.6187972">
        <ele>4336.73891478054</ele>
        <time>2026-05-03T05:23:10.882Z</time>
        <speed>16.76</speed>
      </trkpt>
      <trkpt lat="30.1441065" lon="100.61948">
        <ele>4340.11178719728</ele>
        <time>2026-05-03T05:23:14.881Z</time>
        <speed>16.71</speed>
      </trkpt>
      <trkpt lat="30.1439685" lon="100.6201445">
        <ele>4343.627160607872</ele>
        <time>2026-05-03T05:23:18.881Z</time>
        <speed>16.65</speed>
      </trkpt>
      <trkpt lat="30.143685" lon="100.6207636">
        <ele>4346.786284721584</ele>
        <time>2026-05-03T05:23:22.881Z</time>
        <speed>16.68</speed>
      </trkpt>
      <trkpt lat="30.143511" lon="100.6210498">
        <ele>4348.494927570001</ele>
        <time>2026-05-03T05:23:24.881Z</time>
        <speed>16.78</speed>
      </trkpt>
      <trkpt lat="30.1431632" lon="100.6216283">
        <ele>4351.304558102693</ele>
        <time>2026-05-03T05:23:28.882Z</time>
        <speed>16.91</speed>
      </trkpt>
      <trkpt lat="30.1428258" lon="100.6222012">
        <ele>4352.499096796789</ele>
        <time>2026-05-03T05:23:32.882Z</time>
        <speed>16.52</speed>
      </trkpt>
      <trkpt lat="30.1425959" lon="100.6228301">
        <ele>4354.564815164173</ele>
        <time>2026-05-03T05:23:36.882Z</time>
        <speed>16.68</speed>
      </trkpt>
      <trkpt lat="30.1425717" lon="100.6235082">
        <ele>4356.163242915681</ele>
        <time>2026-05-03T05:23:40.882Z</time>
        <speed>16.08</speed>
      </trkpt>
      <trkpt lat="30.1429564" lon="100.6255325">
        <ele>4363.617993541094</ele>
        <time>2026-05-03T05:23:52.881Z</time>
        <speed>16.72</speed>
      </trkpt>
      <trkpt lat="30.1430864" lon="100.6262159">
        <ele>4367.480258018107</ele>
        <time>2026-05-03T05:23:56.882Z</time>
        <speed>16.75</speed>
      </trkpt>
      <trkpt lat="30.1432262" lon="100.6268953">
        <ele>4370.499314716717</ele>
        <time>2026-05-03T05:24:00.882Z</time>
        <speed>16.7</speed>
      </trkpt>
      <trkpt lat="30.1433666" lon="100.6275673">
        <ele>4373.814608285151</ele>
        <time>2026-05-03T05:24:04.882Z</time>
        <speed>16.81</speed>
      </trkpt>
      <trkpt lat="30.1435075" lon="100.6282413">
        <ele>4377.237128671507</ele>
        <time>2026-05-03T05:24:08.882Z</time>
        <speed>16.76</speed>
      </trkpt>
      <trkpt lat="30.1436318" lon="100.6289167">
        <ele>4380.743042324288</ele>
        <time>2026-05-03T05:24:12.882Z</time>
        <speed>16.72</speed>
      </trkpt>
      <trkpt lat="30.1437248" lon="100.6295974">
        <ele>4384.078269492836</ele>
        <time>2026-05-03T05:24:16.882Z</time>
        <speed>16.73</speed>
      </trkpt>
      <trkpt lat="30.1437222" lon="100.6302957">
        <ele>4386.7953246321085</ele>
        <time>2026-05-03T05:24:20.882Z</time>
        <speed>16.75</speed>
      </trkpt>
      <trkpt lat="30.1437084" lon="100.6309873">
        <ele>4390.0185693501035</ele>
        <time>2026-05-03T05:24:24.881Z</time>
        <speed>16.7</speed>
      </trkpt>
      <trkpt lat="30.1436909" lon="100.6316815">
        <ele>4392.113456409354</ele>
        <time>2026-05-03T05:24:28.881Z</time>
        <speed>16.71</speed>
      </trkpt>
      <trkpt lat="30.1436829" lon="100.6320227">
        <ele>4393.628054340341</ele>
        <time>2026-05-03T05:24:30.882Z</time>
        <speed>16.17</speed>
      </trkpt>
      <trkpt lat="30.1437264" lon="100.6327538">
        <ele>4394.5587737876</ele>
        <time>2026-05-03T05:24:35.882Z</time>
        <speed>13.36</speed>
      </trkpt>
      <trkpt lat="30.1439777" lon="100.6332129">
        <ele>4395.388670514243</ele>
        <time>2026-05-03T05:24:39.881Z</time>
        <speed>13.1</speed>
      </trkpt>
      <trkpt lat="30.1444325" lon="100.633459">
        <ele>4395.549835717701</ele>
        <time>2026-05-03T05:24:43.881Z</time>
        <speed>14.9</speed>
      </trkpt>
      <trkpt lat="30.1450078" lon="100.6333658">
        <ele>4398.074547794798</ele>
        <time>2026-05-03T05:24:47.882Z</time>
        <speed>16.95</speed>
      </trkpt>
      <trkpt lat="30.1456211" lon="100.6331721">
        <ele>4400.462075796346</ele>
        <time>2026-05-03T05:24:51.882Z</time>
        <speed>17.33</speed>
      </trkpt>
      <trkpt lat="30.1462331" lon="100.6330184">
        <ele>4403.374635956833</ele>
        <time>2026-05-03T05:24:55.881Z</time>
        <speed>16.73</speed>
      </trkpt>
      <trkpt lat="30.1467354" lon="100.6330081">
        <ele>4406.438182071701</ele>
        <time>2026-05-03T05:24:59.882Z</time>
        <speed>12.22</speed>
      </trkpt>
      <trkpt lat="30.1470221" lon="100.6333461">
        <ele>4407.663120220011</ele>
        <time>2026-05-03T05:25:03.882Z</time>
        <speed>12.36</speed>
      </trkpt>
      <trkpt lat="30.1471198" lon="100.6339651">
        <ele>4410.763946862779</ele>
        <time>2026-05-03T05:25:07.881Z</time>
        <speed>17.4</speed>
      </trkpt>
      <trkpt lat="30.1474355" lon="100.6367696">
        <ele>4416.819746084402</ele>
        <time>2026-05-03T05:25:23.882Z</time>
        <speed>16.77</speed>
      </trkpt>
      <trkpt lat="30.1475122" lon="100.6374566">
        <ele>4417.755541049479</ele>
        <time>2026-05-03T05:25:27.881Z</time>
        <speed>16.77</speed>
      </trkpt>
      <trkpt lat="30.1474796" lon="100.6381265">
        <ele>4418.339241746432</ele>
        <time>2026-05-03T05:25:31.882Z</time>
        <speed>15.6</speed>
      </trkpt>
      <trkpt lat="30.1471845" lon="100.6387215">
        <ele>4418.441668145679</ele>
        <time>2026-05-03T05:25:35.882Z</time>
        <speed>17.89</speed>
      </trkpt>
      <trkpt lat="30.1469932" lon="100.6390507">
        <ele>4418.516567526577</ele>
        <time>2026-05-03T05:25:37.881Z</time>
        <speed>18.81</speed>
      </trkpt>
      <trkpt lat="30.1466201" lon="100.6396952">
        <ele>4421.162661136715</ele>
        <time>2026-05-03T05:25:41.882Z</time>
        <speed>18.45</speed>
      </trkpt>
      <trkpt lat="30.1462646" lon="100.6403265">
        <ele>4420.451920752952</ele>
        <time>2026-05-03T05:25:45.882Z</time>
        <speed>17.63</speed>
      </trkpt>
      <trkpt lat="30.1459724" lon="100.6409335">
        <ele>4421.596762703412</ele>
        <time>2026-05-03T05:25:49.882Z</time>
        <speed>15.56</speed>
      </trkpt>
      <trkpt lat="30.1458245" lon="100.6415236">
        <ele>4421.445722669092</ele>
        <time>2026-05-03T05:25:53.882Z</time>
        <speed>15.53</speed>
      </trkpt>
      <trkpt lat="30.1457416" lon="100.6422253">
        <ele>4421.25405725531</ele>
        <time>2026-05-03T05:25:57.882Z</time>
        <speed>17.71</speed>
      </trkpt>
      <trkpt lat="30.1456415" lon="100.6429817">
        <ele>4422.373347133725</ele>
        <time>2026-05-03T05:26:01.881Z</time>
        <speed>18.15</speed>
      </trkpt>
      <trkpt lat="30.1455975" lon="100.6436992">
        <ele>4421.03541773751</ele>
        <time>2026-05-03T05:26:05.881Z</time>
        <speed>16.88</speed>
      </trkpt>
      <trkpt lat="30.1457061" lon="100.6444346">
        <ele>4421.4490409881755</ele>
        <time>2026-05-03T05:26:09.881Z</time>
        <speed>18.95</speed>
      </trkpt>
      <trkpt lat="30.1458594" lon="100.6451964">
        <ele>4422.302435047061</ele>
        <time>2026-05-03T05:26:13.881Z</time>
        <speed>18.29</speed>
      </trkpt>
      <trkpt lat="30.1460031" lon="100.6459282">
        <ele>4423.196380701817</ele>
        <time>2026-05-03T05:26:17.882Z</time>
        <speed>18.36</speed>
      </trkpt>
      <trkpt lat="30.1461475" lon="100.6466261">
        <ele>4421.144707644661</ele>
        <time>2026-05-03T05:26:21.882Z</time>
        <speed>16.07</speed>
      </trkpt>
      <trkpt lat="30.1463584" lon="100.6471875">
        <ele>4423.442926965308</ele>
        <time>2026-05-03T05:26:25.881Z</time>
        <speed>14.33</speed>
      </trkpt>
      <trkpt lat="30.147391" lon="100.6480776">
        <ele>4422.532912634398</ele>
        <time>2026-05-03T05:26:33.881Z</time>
        <speed>21.28</speed>
      </trkpt>
      <trkpt lat="30.1480235" lon="100.6485805">
        <ele>4423.300333862765</ele>
        <time>2026-05-03T05:26:37.881Z</time>
        <speed>21.29</speed>
      </trkpt>
      <trkpt lat="30.1486512" lon="100.6490608">
        <ele>4424.208301564436</ele>
        <time>2026-05-03T05:26:41.882Z</time>
        <speed>20.72</speed>
      </trkpt>
      <trkpt lat="30.1489592" lon="100.6492963">
        <ele>4425.244055340766</ele>
        <time>2026-05-03T05:26:43.882Z</time>
        <speed>20.68</speed>
      </trkpt>
      <trkpt lat="30.1496992" lon="100.6498644">
        <ele>4425.430374769338</ele>
        <time>2026-05-03T05:26:48.882Z</time>
        <speed>18.26</speed>
      </trkpt>
      <trkpt lat="30.1501679" lon="100.6502849">
        <ele>4424.400718407751</ele>
        <time>2026-05-03T05:26:52.881Z</time>
        <speed>15.95</speed>
      </trkpt>
      <trkpt lat="30.1504225" lon="100.6508254">
        <ele>4422.970758708596</ele>
        <time>2026-05-03T05:26:56.882Z</time>
        <speed>14.48</speed>
      </trkpt>
      <trkpt lat="30.1502473" lon="100.6513243">
        <ele>4420.681921982603</ele>
        <time>2026-05-03T05:27:00.882Z</time>
        <speed>13.57</speed>
      </trkpt>
      <trkpt lat="30.1498046" lon="100.6515818">
        <ele>4417.903148166331</ele>
        <time>2026-05-03T05:27:04.881Z</time>
        <speed>13.97</speed>
      </trkpt>
      <trkpt lat="30.1492615" lon="100.6516899">
        <ele>4416.597465041988</ele>
        <time>2026-05-03T05:27:08.881Z</time>
        <speed>16.2</speed>
      </trkpt>
      <trkpt lat="30.1487201" lon="100.6518246">
        <ele>4415.79087618262</ele>
        <time>2026-05-03T05:27:12.882Z</time>
        <speed>15.13</speed>
      </trkpt>
      <trkpt lat="30.1482104" lon="100.6521543">
        <ele>4411.823876779919</ele>
        <time>2026-05-03T05:27:16.882Z</time>
        <speed>17.8</speed>
      </trkpt>
      <trkpt lat="30.1476706" lon="100.6526743">
        <ele>4408.704511116711</ele>
        <time>2026-05-03T05:27:20.882Z</time>
        <speed>20.26</speed>
      </trkpt>
      <trkpt lat="30.1471073" lon="100.6532414">
        <ele>4405.278093421843</ele>
        <time>2026-05-03T05:27:24.882Z</time>
        <speed>20.58</speed>
      </trkpt>
      <trkpt lat="30.1466544" lon="100.6538075">
        <ele>4400.225123340443</ele>
        <time>2026-05-03T05:27:28.882Z</time>
        <speed>17.31</speed>
      </trkpt>
      <trkpt lat="30.146421" lon="100.6544295">
        <ele>4396.212372900317</ele>
        <time>2026-05-03T05:27:32.881Z</time>
        <speed>16.78</speed>
      </trkpt>
      <trkpt lat="30.1465472" lon="100.6551658">
        <ele>4393.153465488985</ele>
        <time>2026-05-03T05:27:36.881Z</time>
        <speed>18.73</speed>
      </trkpt>
      <trkpt lat="30.1468359" lon="100.6558863">
        <ele>4389.640013056943</ele>
        <time>2026-05-03T05:27:40.882Z</time>
        <speed>18.5</speed>
      </trkpt>
      <trkpt lat="30.1471364" lon="100.6565401">
        <ele>4385.1847221293865</ele>
        <time>2026-05-03T05:27:44.882Z</time>
        <speed>17.18</speed>
      </trkpt>
      <trkpt lat="30.1475679" lon="100.6570719">
        <ele>4378.8550581667405</ele>
        <time>2026-05-03T05:27:48.882Z</time>
        <speed>18.28</speed>
      </trkpt>
      <trkpt lat="30.1478168" lon="100.657326">
        <ele>4377.102930650499</ele>
        <time>2026-05-03T05:27:50.882Z</time>
        <speed>18.77</speed>
      </trkpt>
      <trkpt lat="30.1483634" lon="100.6578749">
        <ele>4372.88027937649</ele>
        <time>2026-05-03T05:27:54.882Z</time>
        <speed>20.27</speed>
      </trkpt>
      <trkpt lat="30.1488743" lon="100.6583978">
        <ele>4368.432572295698</ele>
        <time>2026-05-03T05:27:58.881Z</time>
        <speed>18.35</speed>
      </trkpt>
      <trkpt lat="30.1491725" lon="100.6589199">
        <ele>4361.916260057489</ele>
        <time>2026-05-03T05:28:02.882Z</time>
        <speed>13.55</speed>
      </trkpt>
      <trkpt lat="30.1491416" lon="100.6595112">
        <ele>4357.25732836965</ele>
        <time>2026-05-03T05:28:06.881Z</time>
        <speed>15.63</speed>
      </trkpt>
      <trkpt lat="30.1489381" lon="100.6602234">
        <ele>4355.682859325971</ele>
        <time>2026-05-03T05:28:10.881Z</time>
        <speed>19.21</speed>
      </trkpt>
      <trkpt lat="30.1487231" lon="100.6609675">
        <ele>4353.254263243203</ele>
        <time>2026-05-03T05:28:14.882Z</time>
        <speed>18.64</speed>
      </trkpt>
      <trkpt lat="30.1485156" lon="100.6616542">
        <ele>4349.251876993129</ele>
        <time>2026-05-03T05:28:18.882Z</time>
        <speed>16.45</speed>
      </trkpt>
      <trkpt lat="30.1481747" lon="100.6621435">
        <ele>4346.076411658087</ele>
        <time>2026-05-03T05:28:22.881Z</time>
        <speed>14.96</speed>
      </trkpt>
      <trkpt lat="30.1476306" lon="100.6623023">
        <ele>4339.790209675644</ele>
        <time>2026-05-03T05:28:26.881Z</time>
        <speed>16.37</speed>
      </trkpt>
      <trkpt lat="30.1470461" lon="100.6623575">
        <ele>4335.580295050063</ele>
        <time>2026-05-03T05:28:30.882Z</time>
        <speed>16.04</speed>
      </trkpt>
      <trkpt lat="30.1465412" lon="100.6622751">
        <ele>4331.963280855445</ele>
        <time>2026-05-03T05:28:34.882Z</time>
        <speed>13.59</speed>
      </trkpt>
      <trkpt lat="30.1462166" lon="100.6618895">
        <ele>4328.263192490029</ele>
        <time>2026-05-03T05:28:38.881Z</time>
        <speed>13.29</speed>
      </trkpt>
      <trkpt lat="30.1444244" lon="100.6613313">
        <ele>4315.070168245146</ele>
        <time>2026-05-03T05:28:56.882Z</time>
        <speed>19.16</speed>
      </trkpt>
      <trkpt lat="30.1435235" lon="100.6622598">
        <ele>4304.582171478617</ele>
        <time>2026-05-03T05:29:05.881Z</time>
        <speed>14.31</speed>
      </trkpt>
      <trkpt lat="30.1436608" lon="100.6629125">
        <ele>4300.363645920111</ele>
        <time>2026-05-03T05:29:09.882Z</time>
        <speed>17.62</speed>
      </trkpt>
      <trkpt lat="30.1438521" lon="100.6636311">
        <ele>4297.816042392487</ele>
        <time>2026-05-03T05:29:13.882Z</time>
        <speed>18.24</speed>
      </trkpt>
      <trkpt lat="30.1441086" lon="100.6642768">
        <ele>4293.66989737626</ele>
        <time>2026-05-03T05:29:17.882Z</time>
        <speed>17.22</speed>
      </trkpt>
      <trkpt lat="30.1446012" lon="100.6648216">
        <ele>4286.970579213169</ele>
        <time>2026-05-03T05:29:21.882Z</time>
        <speed>19.86</speed>
      </trkpt>
      <trkpt lat="30.1450525" lon="100.6653666">
        <ele>4283.125999923293</ele>
        <time>2026-05-03T05:29:25.881Z</time>
        <speed>17.12</speed>
      </trkpt>
      <trkpt lat="30.1451944" lon="100.6660082">
        <ele>4279.6158482596375</ele>
        <time>2026-05-03T05:29:29.881Z</time>
        <speed>17.01</speed>
      </trkpt>
      <trkpt lat="30.1450309" lon="100.6667361">
        <ele>4275.555358517968</ele>
        <time>2026-05-03T05:29:33.881Z</time>
        <speed>18.68</speed>
      </trkpt>
      <trkpt lat="30.1447747" lon="100.6674776">
        <ele>4273.801167927418</ele>
        <time>2026-05-03T05:29:37.882Z</time>
        <speed>19.79</speed>
      </trkpt>
      <trkpt lat="30.1445265" lon="100.668253">
        <ele>4270.225198677599</ele>
        <time>2026-05-03T05:29:41.881Z</time>
        <speed>20.31</speed>
      </trkpt>
      <trkpt lat="30.1443269" lon="100.669031">
        <ele>4265.452864414008</ele>
        <time>2026-05-03T05:29:45.882Z</time>
        <speed>18.81</speed>
      </trkpt>
      <trkpt lat="30.1441432" lon="100.6697735">
        <ele>4260.527350468669</ele>
        <time>2026-05-03T05:29:49.882Z</time>
        <speed>18.22</speed>
      </trkpt>
      <trkpt lat="30.1439681" lon="100.6704677">
        <ele>4256.041540646606</ele>
        <time>2026-05-03T05:29:53.881Z</time>
        <speed>17.15</speed>
      </trkpt>
      <trkpt lat="30.1438032" lon="100.6711238">
        <ele>4250.020000204767</ele>
        <time>2026-05-03T05:29:57.881Z</time>
        <speed>16.06</speed>
      </trkpt>
      <trkpt lat="30.1437245" lon="100.6716591">
        <ele>4245.1228108893365</ele>
        <time>2026-05-03T05:30:01.881Z</time>
        <speed>11.22</speed>
      </trkpt>
      <trkpt lat="30.1437968" lon="100.6718453">
        <ele>4244.843004934236</ele>
        <time>2026-05-03T05:30:03.882Z</time>
        <speed>9.99</speed>
      </trkpt>
      <trkpt lat="30.1441315" lon="100.6719251">
        <ele>4241.100167777003</ele>
        <time>2026-05-03T05:30:07.882Z</time>
        <speed>9.91</speed>
      </trkpt>
      <trkpt lat="30.1444807" lon="100.6715849">
        <ele>4238.445698590848</ele>
        <time>2026-05-03T05:30:11.881Z</time>
        <speed>14.33</speed>
      </trkpt>
      <trkpt lat="30.1449107" lon="100.6711336">
        <ele>4238.476304327905</ele>
        <time>2026-05-03T05:30:15.881Z</time>
        <speed>17.32</speed>
      </trkpt>
      <trkpt lat="30.1454772" lon="100.6707327">
        <ele>4235.099184989451</ele>
        <time>2026-05-03T05:30:19.882Z</time>
        <speed>18.84</speed>
      </trkpt>
      <trkpt lat="30.1460837" lon="100.6703501">
        <ele>4230.792281696183</ele>
        <time>2026-05-03T05:30:23.882Z</time>
        <speed>18.79</speed>
      </trkpt>
      <trkpt lat="30.1466551" lon="100.6699152">
        <ele>4227.381289792156</ele>
        <time>2026-05-03T05:30:27.882Z</time>
        <speed>19.29</speed>
      </trkpt>
      <trkpt lat="30.1472043" lon="100.6694244">
        <ele>4224.141287168002</ele>
        <time>2026-05-03T05:30:31.882Z</time>
        <speed>19.55</speed>
      </trkpt>
      <trkpt lat="30.1484082" lon="100.6685847">
        <ele>4216.778864281468</ele>
        <time>2026-05-03T05:30:39.882Z</time>
        <speed>18.82</speed>
      </trkpt>
      <trkpt lat="30.1490462" lon="100.6683346">
        <ele>4213.472531930603</ele>
        <time>2026-05-03T05:30:43.882Z</time>
        <speed>19.19</speed>
      </trkpt>
      <trkpt lat="30.1497" lon="100.6681174">
        <ele>4209.170308492768</ele>
        <time>2026-05-03T05:30:47.882Z</time>
        <speed>18.82</speed>
      </trkpt>
      <trkpt lat="30.150377" lon="100.667993">
        <ele>4204.101475662359</ele>
        <time>2026-05-03T05:30:51.881Z</time>
        <speed>19.26</speed>
      </trkpt>
      <trkpt lat="30.1510477" lon="100.6679242">
        <ele>4202.362963070689</ele>
        <time>2026-05-03T05:30:55.881Z</time>
        <speed>18.1</speed>
      </trkpt>
      <trkpt lat="30.151638" lon="100.6680178">
        <ele>4197.496289429662</ele>
        <time>2026-05-03T05:30:59.881Z</time>
        <speed>15.71</speed>
      </trkpt>
      <trkpt lat="30.1520797" lon="100.668438">
        <ele>4193.53367146784</ele>
        <time>2026-05-03T05:31:03.882Z</time>
        <speed>16.16</speed>
      </trkpt>
      <trkpt lat="30.1525813" lon="100.6686769">
        <ele>4191.069339470645</ele>
        <time>2026-05-03T05:31:07.881Z</time>
        <speed>15.27</speed>
      </trkpt>
      <trkpt lat="30.1528696" lon="100.6686311">
        <ele>4189.107339428331</ele>
        <time>2026-05-03T05:31:09.881Z</time>
        <speed>16.51</speed>
      </trkpt>
      <trkpt lat="30.1536224" lon="100.668445">
        <ele>4186.686802267138</ele>
        <time>2026-05-03T05:31:14.882Z</time>
        <speed>16.46</speed>
      </trkpt>
      <trkpt lat="30.1541738" lon="100.6684569">
        <ele>4181.93791826814</ele>
        <time>2026-05-03T05:31:18.881Z</time>
        <speed>14.89</speed>
      </trkpt>
      <trkpt lat="30.154556" lon="100.6688606">
        <ele>4178.350592989693</ele>
        <time>2026-05-03T05:31:22.881Z</time>
        <speed>15.4</speed>
      </trkpt>
      <trkpt lat="30.1547901" lon="100.6695268">
        <ele>4174.920450326454</ele>
        <time>2026-05-03T05:31:26.881Z</time>
        <speed>18.39</speed>
      </trkpt>
      <trkpt lat="30.1550575" lon="100.6702529">
        <ele>4173.009386570797</ele>
        <time>2026-05-03T05:31:30.882Z</time>
        <speed>19.37</speed>
      </trkpt>
      <trkpt lat="30.1554013" lon="100.6709631">
        <ele>4171.4779719338385</ele>
        <time>2026-05-03T05:31:34.881Z</time>
        <speed>19.71</speed>
      </trkpt>
      <trkpt lat="30.1558114" lon="100.671632">
        <ele>4168.243750976299</ele>
        <time>2026-05-03T05:31:38.882Z</time>
        <speed>19.36</speed>
      </trkpt>
      <trkpt lat="30.1562055" lon="100.6722364">
        <ele>4165.062988577352</ele>
        <time>2026-05-03T05:31:42.881Z</time>
        <speed>17.29</speed>
      </trkpt>
      <trkpt lat="30.1565868" lon="100.6727203">
        <ele>4162.226422483022</ele>
        <time>2026-05-03T05:31:46.881Z</time>
        <speed>14.57</speed>
      </trkpt>
      <trkpt lat="30.157078" lon="100.6729137">
        <ele>4157.766998904434</ele>
        <time>2026-05-03T05:31:50.882Z</time>
        <speed>14.94</speed>
      </trkpt>
      <trkpt lat="30.1576176" lon="100.6730312">
        <ele>4157.4653831252745</ele>
        <time>2026-05-03T05:31:54.881Z</time>
        <speed>15.39</speed>
      </trkpt>
      <trkpt lat="30.1580346" lon="100.6734394">
        <ele>4156.424513752866</ele>
        <time>2026-05-03T05:31:58.881Z</time>
        <speed>15.13</speed>
      </trkpt>
      <trkpt lat="30.1583254" lon="100.6738696">
        <ele>4154.78463463748</ele>
        <time>2026-05-03T05:32:02.881Z</time>
        <speed>10.33</speed>
      </trkpt>
      <trkpt lat="30.1584439" lon="100.6740412">
        <ele>4153.033879773709</ele>
        <time>2026-05-03T05:32:06.881Z</time>
        <speed>3.29</speed>
      </trkpt>
      <trkpt lat="30.1584794" lon="100.6740769">
        <ele>4151.03570267523</ele>
        <time>2026-05-03T05:32:10.881Z</time>
        <speed>0.0</speed>
      </trkpt>
      <trkpt lat="30.1584615" lon="100.67405">
        <ele>4151.031628999228</ele>
        <time>2026-05-03T05:32:20.881Z</time>
        <speed>1.78</speed>
      </trkpt>
      <trkpt lat="30.1584681" lon="100.6740866">
        <ele>4150.975305890333</ele>
        <time>2026-05-03T05:32:24.881Z</time>
        <speed>0.45</speed>
      </trkpt>
      <trkpt lat="30.1585317" lon="100.6741256">
        <ele>4152.14761562889</ele>
        <time>2026-05-03T05:33:55.881Z</time>
        <speed>2.9</speed>
      </trkpt>
      <trkpt lat="30.1587454" lon="100.6742753">
        <ele>4150.8162921172625</ele>
        <time>2026-05-03T05:33:59.881Z</time>
        <speed>9.99</speed>
      </trkpt>
      <trkpt lat="30.1591009" lon="100.6745346">
        <ele>4151.51253922115</ele>
        <time>2026-05-03T05:34:03.882Z</time>
        <speed>13.08</speed>
      </trkpt>
      <trkpt lat="30.1595258" lon="100.6748343">
        <ele>4151.077732523464</ele>
        <time>2026-05-03T05:34:07.882Z</time>
        <speed>14.1</speed>
      </trkpt>
      <trkpt lat="30.1597368" lon="100.6749771">
        <ele>4150.849631501553</ele>
        <time>2026-05-03T05:34:09.881Z</time>
        <speed>13.64</speed>
      </trkpt>
      <trkpt lat="30.1599569" lon="100.6750764">
        <ele>4151.102027426649</ele>
        <time>2026-05-03T05:34:11.882Z</time>
        <speed>12.9</speed>
      </trkpt>
      <trkpt lat="30.1601849" lon="100.6751071">
        <ele>4150.6098501158895</ele>
        <time>2026-05-03T05:34:13.882Z</time>
        <speed>12.9</speed>
      </trkpt>
      <trkpt lat="30.160695" lon="100.6750385">
        <ele>4149.197166305009</ele>
        <time>2026-05-03T05:34:17.882Z</time>
        <speed>15.08</speed>
      </trkpt>
      <trkpt lat="30.1612514" lon="100.6749219">
        <ele>4146.6478706738535</ele>
        <time>2026-05-03T05:34:21.881Z</time>
        <speed>15.23</speed>
      </trkpt>
      <trkpt lat="30.1621399" lon="100.6750788">
        <ele>4143.204958089508</ele>
        <time>2026-05-03T05:34:29.881Z</time>
        <speed>12.67</speed>
      </trkpt>
      <trkpt lat="30.1627835" lon="100.6757832">
        <ele>4140.143410156754</ele>
        <time>2026-05-03T05:34:37.882Z</time>
        <speed>12.16</speed>
      </trkpt>
      <trkpt lat="30.163205" lon="100.6759493">
        <ele>4140.248492813479</ele>
        <time>2026-05-03T05:34:41.882Z</time>
        <speed>12.17</speed>
      </trkpt>
      <trkpt lat="30.1635916" lon="100.6761172">
        <ele>4139.116005467822</ele>
        <time>2026-05-03T05:34:45.882Z</time>
        <speed>10.69</speed>
      </trkpt>
      <trkpt lat="30.1637403" lon="100.6764596">
        <ele>4136.713537663115</ele>
        <time>2026-05-03T05:34:49.882Z</time>
        <speed>9.51</speed>
      </trkpt>
      <trkpt lat="30.1634887" lon="100.676746">
        <ele>4135.908840531014</ele>
        <time>2026-05-03T05:34:53.882Z</time>
        <speed>11.13</speed>
      </trkpt>
      <trkpt lat="30.1626669" lon="100.6771956">
        <ele>4135.882798362944</ele>
        <time>2026-05-03T05:35:01.882Z</time>
        <speed>13.33</speed>
      </trkpt>
      <trkpt lat="30.1617939" lon="100.6778687">
        <ele>4136.4859092447805</ele>
        <time>2026-05-03T05:35:09.882Z</time>
        <speed>15.49</speed>
      </trkpt>
      <trkpt lat="30.1610855" lon="100.6784957">
        <ele>4134.970170629942</ele>
        <time>2026-05-03T05:35:16.882Z</time>
        <speed>12.46</speed>
      </trkpt>
      <trkpt lat="30.1605915" lon="100.6786779">
        <ele>4133.5822140655855</ele>
        <time>2026-05-03T05:35:21.882Z</time>
        <speed>11.71</speed>
      </trkpt>
      <trkpt lat="30.1601594" lon="100.6785722">
        <ele>4133.752951387055</ele>
        <time>2026-05-03T05:35:25.881Z</time>
        <speed>12.68</speed>
      </trkpt>
      <trkpt lat="30.159777" lon="100.6782175">
        <ele>4132.142926205367</ele>
        <time>2026-05-03T05:35:29.881Z</time>
        <speed>14.33</speed>
      </trkpt>
      <trkpt lat="30.1594006" lon="100.6777997">
        <ele>4133.130277897479</ele>
        <time>2026-05-03T05:35:33.881Z</time>
        <speed>14.3</speed>
      </trkpt>
      <trkpt lat="30.1589794" lon="100.6774994">
        <ele>4134.1303726905935</ele>
        <time>2026-05-03T05:35:37.881Z</time>
        <speed>13.76</speed>
      </trkpt>
      <trkpt lat="30.1584839" lon="100.6774232">
        <ele>4133.470678685035</ele>
        <time>2026-05-03T05:35:41.881Z</time>
        <speed>14.27</speed>
      </trkpt>
      <trkpt lat="30.1579183" lon="100.6774956">
        <ele>4133.095152075869</ele>
        <time>2026-05-03T05:35:45.881Z</time>
        <speed>16.39</speed>
      </trkpt>
      <trkpt lat="30.1573226" lon="100.6775802">
        <ele>4131.272757029404</ele>
        <time>2026-05-03T05:35:49.882Z</time>
        <speed>15.93</speed>
      </trkpt>
      <trkpt lat="30.1567901" lon="100.6776484">
        <ele>4130.970745099825</ele>
        <time>2026-05-03T05:35:53.882Z</time>
        <speed>14.83</speed>
      </trkpt>
      <trkpt lat="30.1558716" lon="100.6775265">
        <ele>4127.2047200512125</ele>
        <time>2026-05-03T05:36:01.882Z</time>
        <speed>12.16</speed>
      </trkpt>
      <trkpt lat="30.1556047" lon="100.6771043">
        <ele>4125.545721154725</ele>
        <time>2026-05-03T05:36:05.881Z</time>
        <speed>12.98</speed>
      </trkpt>
      <trkpt lat="30.1553514" lon="100.6766792">
        <ele>4125.973560482202</ele>
        <time>2026-05-03T05:36:09.881Z</time>
        <speed>12.21</speed>
      </trkpt>
      <trkpt lat="30.1549191" lon="100.676511">
        <ele>4125.196697230324</ele>
        <time>2026-05-03T05:36:13.882Z</time>
        <speed>13.68</speed>
      </trkpt>
      <trkpt lat="30.154453" lon="100.6766713">
        <ele>4124.879331086881</ele>
        <time>2026-05-03T05:36:17.881Z</time>
        <speed>13.81</speed>
      </trkpt>
      <trkpt lat="30.1540816" lon="100.6770861">
        <ele>4124.01811083312</ele>
        <time>2026-05-03T05:36:21.882Z</time>
        <speed>15.21</speed>
      </trkpt>
      <trkpt lat="30.1539029" lon="100.677348">
        <ele>4123.219317775501</ele>
        <time>2026-05-03T05:36:23.882Z</time>
        <speed>16.17</speed>
      </trkpt>
      <trkpt lat="30.1534527" lon="100.6779929">
        <ele>4121.781160876632</ele>
        <time>2026-05-03T05:36:28.882Z</time>
        <speed>15.59</speed>
      </trkpt>
      <trkpt lat="30.1530712" lon="100.6784481">
        <ele>4120.663082610548</ele>
        <time>2026-05-03T05:36:32.882Z</time>
        <speed>15.21</speed>
      </trkpt>
      <trkpt lat="30.1526618" lon="100.6788902">
        <ele>4117.572411161336</ele>
        <time>2026-05-03T05:36:36.881Z</time>
        <speed>15.81</speed>
      </trkpt>
      <trkpt lat="30.1522571" lon="100.6793386">
        <ele>4115.6411200662</ele>
        <time>2026-05-03T05:36:40.881Z</time>
        <speed>15.72</speed>
      </trkpt>
      <trkpt lat="30.1519398" lon="100.6799516">
        <ele>4114.153962177767</ele>
        <time>2026-05-03T05:36:44.882Z</time>
        <speed>17.59</speed>
      </trkpt>
      <trkpt lat="30.1516511" lon="100.680639">
        <ele>4111.267305680623</ele>
        <time>2026-05-03T05:36:48.882Z</time>
        <speed>18.48</speed>
      </trkpt>
      <trkpt lat="30.1512864" lon="100.6812647">
        <ele>4109.970940465391</ele>
        <time>2026-05-03T05:36:52.882Z</time>
        <speed>18.21</speed>
      </trkpt>
      <trkpt lat="30.150589" lon="100.6825621">
        <ele>4105.501582914308</ele>
        <time>2026-05-03T05:37:00.881Z</time>
        <speed>18.73</speed>
      </trkpt>
      <trkpt lat="30.1503164" lon="100.6832384">
        <ele>4104.370651791318</ele>
        <time>2026-05-03T05:37:04.881Z</time>
        <speed>17.35</speed>
      </trkpt>
      <trkpt lat="30.1501313" lon="100.6838661">
        <ele>4100.324992335737</ele>
        <time>2026-05-03T05:37:08.882Z</time>
        <speed>15.2</speed>
      </trkpt>
      <trkpt lat="30.1501169" lon="100.6844639">
        <ele>4095.743420789193</ele>
        <time>2026-05-03T05:37:12.882Z</time>
        <speed>15.02</speed>
      </trkpt>
      <trkpt lat="30.1500464" lon="100.68508">
        <ele>4091.4820257035144</ele>
        <time>2026-05-03T05:37:16.881Z</time>
        <speed>14.53</speed>
      </trkpt>
      <trkpt lat="30.1497469" lon="100.6856416">
        <ele>4089.476078870194</ele>
        <time>2026-05-03T05:37:20.881Z</time>
        <speed>17.76</speed>
      </trkpt>
      <trkpt lat="30.1493426" lon="100.6863173">
        <ele>4088.793991666449</ele>
        <time>2026-05-03T05:37:24.881Z</time>
        <speed>20.44</speed>
      </trkpt>
      <trkpt lat="30.148934" lon="100.6869959">
        <ele>4087.2828696385513</ele>
        <time>2026-05-03T05:37:28.882Z</time>
        <speed>19.87</speed>
      </trkpt>
      <trkpt lat="30.1487438" lon="100.6873362">
        <ele>4087.2374754556886</ele>
        <time>2026-05-03T05:37:30.882Z</time>
        <speed>19.51</speed>
      </trkpt>
      <trkpt lat="30.1484005" lon="100.6879836">
        <ele>4084.8885893896677</ele>
        <time>2026-05-03T05:37:34.881Z</time>
        <speed>17.98</speed>
      </trkpt>
      <trkpt lat="30.1481264" lon="100.6885713">
        <ele>4081.5862528334983</ele>
        <time>2026-05-03T05:37:38.881Z</time>
        <speed>14.16</speed>
      </trkpt>
      <trkpt lat="30.1478699" lon="100.689107">
        <ele>4078.974913199472</ele>
        <time>2026-05-03T05:37:42.882Z</time>
        <speed>15.61</speed>
      </trkpt>
      <trkpt lat="30.1475449" lon="100.6897099">
        <ele>4076.5826243925167</ele>
        <time>2026-05-03T05:37:46.881Z</time>
        <speed>18.24</speed>
      </trkpt>
      <trkpt lat="30.147154" lon="100.6903825">
        <ele>4074.6727258176843</ele>
        <time>2026-05-03T05:37:50.882Z</time>
        <speed>19.7</speed>
      </trkpt>
      <trkpt lat="30.1467449" lon="100.6910684">
        <ele>4072.8034792856133</ele>
        <time>2026-05-03T05:37:54.882Z</time>
        <speed>19.46</speed>
      </trkpt>
      <trkpt lat="30.1465053" lon="100.6917251">
        <ele>4068.9463823755195</ele>
        <time>2026-05-03T05:37:58.882Z</time>
        <speed>16.51</speed>
      </trkpt>
      <trkpt lat="30.1465329" lon="100.6924393">
        <ele>4065.9467870316676</ele>
        <time>2026-05-03T05:38:02.882Z</time>
        <speed>17.07</speed>
      </trkpt>
      <trkpt lat="30.1463772" lon="100.6935983">
        <ele>4062.4639375715215</ele>
        <time>2026-05-03T05:38:10.882Z</time>
        <speed>13.32</speed>
      </trkpt>
      <trkpt lat="30.1459842" lon="100.6938449">
        <ele>4060.9668595016055</ele>
        <time>2026-05-03T05:38:14.881Z</time>
        <speed>12.54</speed>
      </trkpt>
      <trkpt lat="30.1455255" lon="100.6939993">
        <ele>4062.647457837139</ele>
        <time>2026-05-03T05:38:18.881Z</time>
        <speed>13.26</speed>
      </trkpt>
      <trkpt lat="30.1452124" lon="100.694385">
        <ele>4065.5668787919067</ele>
        <time>2026-05-03T05:38:22.882Z</time>
        <speed>13.24</speed>
      </trkpt>
      <trkpt lat="30.1451234" lon="100.6949543">
        <ele>4068.5811552680207</ele>
        <time>2026-05-03T05:38:26.881Z</time>
        <speed>14.91</speed>
      </trkpt>
      <trkpt lat="30.1450365" lon="100.6963056">
        <ele>4074.0388066914247</ele>
        <time>2026-05-03T05:38:34.881Z</time>
        <speed>17.95</speed>
      </trkpt>
      <trkpt lat="30.1449147" lon="100.6985188">
        <ele>4068.8031592344387</ele>
        <time>2026-05-03T05:38:45.881Z</time>
        <speed>20.89</speed>
      </trkpt>
      <trkpt lat="30.1448482" lon="100.6993978">
        <ele>4066.2282822349016</ele>
        <time>2026-05-03T05:38:49.882Z</time>
        <speed>21.29</speed>
      </trkpt>
      <trkpt lat="30.1447272" lon="100.7002832">
        <ele>4065.4972116818253</ele>
        <time>2026-05-03T05:38:53.881Z</time>
        <speed>21.68</speed>
      </trkpt>
      <trkpt lat="30.1446053" lon="100.7011441">
        <ele>4060.07914570457</ele>
        <time>2026-05-03T05:38:57.882Z</time>
        <speed>21.0</speed>
      </trkpt>
      <trkpt lat="30.1444905" lon="100.7019705">
        <ele>4056.770834238294</ele>
        <time>2026-05-03T05:39:01.881Z</time>
        <speed>19.68</speed>
      </trkpt>
      <trkpt lat="30.1443729" lon="100.7027376">
        <ele>4053.2482972412326</ele>
        <time>2026-05-03T05:39:05.882Z</time>
        <speed>18.48</speed>
      </trkpt>
      <trkpt lat="30.144145" lon="100.7033991">
        <ele>4049.8023232075666</ele>
        <time>2026-05-03T05:39:09.881Z</time>
        <speed>16.42</speed>
      </trkpt>
      <trkpt lat="30.1437329" lon="100.7039022">
        <ele>4047.4299775965155</ele>
        <time>2026-05-03T05:39:13.881Z</time>
        <speed>17.01</speed>
      </trkpt>
      <trkpt lat="30.1432867" lon="100.704409">
        <ele>4049.7771834316572</ele>
        <time>2026-05-03T05:39:17.881Z</time>
        <speed>17.51</speed>
      </trkpt>
      <trkpt lat="30.1424107" lon="100.7054298">
        <ele>4056.7086836730386</ele>
        <time>2026-05-03T05:39:25.882Z</time>
        <speed>16.87</speed>
      </trkpt>
      <trkpt lat="30.1420319" lon="100.7059538">
        <ele>4060.9749104562134</ele>
        <time>2026-05-03T05:39:29.882Z</time>
        <speed>15.64</speed>
      </trkpt>
      <trkpt lat="30.1417079" lon="100.7064371">
        <ele>4063.272293211071</ele>
        <time>2026-05-03T05:39:33.881Z</time>
        <speed>14.34</speed>
      </trkpt>
      <trkpt lat="30.1413967" lon="100.7068435">
        <ele>4065.208632954206</ele>
        <time>2026-05-03T05:39:37.882Z</time>
        <speed>12.25</speed>
      </trkpt>
      <trkpt lat="30.1410463" lon="100.7070624">
        <ele>4067.8013066569774</ele>
        <time>2026-05-03T05:39:41.882Z</time>
        <speed>10.77</speed>
      </trkpt>
      <trkpt lat="30.1408531" lon="100.7070964">
        <ele>4068.281664196351</ele>
        <time>2026-05-03T05:39:43.881Z</time>
        <speed>10.81</speed>
      </trkpt>
      <trkpt lat="30.1404425" lon="100.7070067">
        <ele>4070.41948501321</ele>
        <time>2026-05-03T05:39:47.882Z</time>
        <speed>12.35</speed>
      </trkpt>
      <trkpt lat="30.1400121" lon="100.7067642">
        <ele>4072.390314045694</ele>
        <time>2026-05-03T05:39:51.882Z</time>
        <speed>13.8</speed>
      </trkpt>
      <trkpt lat="30.1391557" lon="100.7064049">
        <ele>4077.464092567191</ele>
        <time>2026-05-03T05:39:59.882Z</time>
        <speed>11.77</speed>
      </trkpt>
      <trkpt lat="30.1380135" lon="100.7068689">
        <ele>4083.175959031174</ele>
        <time>2026-05-03T05:40:10.881Z</time>
        <speed>11.31</speed>
      </trkpt>
      <trkpt lat="30.1373788" lon="100.7065323">
        <ele>4088.3930362987876</ele>
        <time>2026-05-03T05:40:17.882Z</time>
        <speed>13.27</speed>
      </trkpt>
      <trkpt lat="30.1371273" lon="100.7055405">
        <ele>4094.8493512981204</ele>
        <time>2026-05-03T05:40:24.882Z</time>
        <speed>13.51</speed>
      </trkpt>
      <trkpt lat="30.1370475" lon="100.7053033">
        <ele>4096.145088936914</ele>
        <time>2026-05-03T05:40:26.881Z</time>
        <speed>11.82</speed>
      </trkpt>
      <trkpt lat="30.1360342" lon="100.7047972">
        <ele>4101.250792501633</ele>
        <time>2026-05-03T05:40:37.881Z</time>
        <speed>13.43</speed>
      </trkpt>
      <trkpt lat="30.1357808" lon="100.7048526">
        <ele>4102.438461482982</ele>
        <time>2026-05-03T05:40:39.882Z</time>
        <speed>14.51</speed>
      </trkpt>
      <trkpt lat="30.1355071" lon="100.704914">
        <ele>4104.287268113306</ele>
        <time>2026-05-03T05:40:41.881Z</time>
        <speed>15.5</speed>
      </trkpt>
      <trkpt lat="30.1347729" lon="100.7050814">
        <ele>4108.434209184767</ele>
        <time>2026-05-03T05:40:46.882Z</time>
        <speed>16.85</speed>
      </trkpt>
      <trkpt lat="30.134206" lon="100.7052094">
        <ele>4111.899710552526</ele>
        <time>2026-05-03T05:40:50.882Z</time>
        <speed>15.56</speed>
      </trkpt>
      <trkpt lat="30.133691" lon="100.7053858">
        <ele>4116.377641352934</ele>
        <time>2026-05-03T05:40:54.882Z</time>
        <speed>14.96</speed>
      </trkpt>
      <trkpt lat="30.1329847" lon="100.7058752">
        <ele>4120.6341927437425</ele>
        <time>2026-05-03T05:41:00.882Z</time>
        <speed>16.29</speed>
      </trkpt>
      <trkpt lat="30.1326139" lon="100.7061678">
        <ele>4122.9325363934795</ele>
        <time>2026-05-03T05:41:03.882Z</time>
        <speed>16.71</speed>
      </trkpt>
      <trkpt lat="30.1319888" lon="100.7066826">
        <ele>4127.30630642434</ele>
        <time>2026-05-03T05:41:08.882Z</time>
        <speed>17.06</speed>
      </trkpt>
      <trkpt lat="30.13163" lon="100.7069743">
        <ele>4131.490219796871</ele>
        <time>2026-05-03T05:41:11.882Z</time>
        <speed>15.82</speed>
      </trkpt>
      <trkpt lat="30.1311325" lon="100.7073602">
        <ele>4133.911063060554</ele>
        <time>2026-05-03T05:41:16.881Z</time>
        <speed>11.23</speed>
      </trkpt>
      <trkpt lat="30.1309554" lon="100.7074876">
        <ele>4134.338980303889</ele>
        <time>2026-05-03T05:41:18.882Z</time>
        <speed>11.37</speed>
      </trkpt>
      <trkpt lat="30.1305802" lon="100.7075977">
        <ele>4139.550571280605</ele>
        <time>2026-05-03T05:41:22.881Z</time>
        <speed>10.71</speed>
      </trkpt>
      <trkpt lat="30.1303831" lon="100.707542">
        <ele>4139.437715677632</ele>
        <time>2026-05-03T05:41:24.881Z</time>
        <speed>11.38</speed>
      </trkpt>
      <trkpt lat="30.130191" lon="100.7074228">
        <ele>4140.932869623986</ele>
        <time>2026-05-03T05:41:26.882Z</time>
        <speed>12.16</speed>
      </trkpt>
      <trkpt lat="30.1299974" lon="100.7072731">
        <ele>4143.921435773105</ele>
        <time>2026-05-03T05:41:28.882Z</time>
        <speed>13.03</speed>
      </trkpt>
      <trkpt lat="30.1298029" lon="100.7071135">
        <ele>4143.431456599703</ele>
        <time>2026-05-03T05:41:30.881Z</time>
        <speed>13.17</speed>
      </trkpt>
      <trkpt lat="30.129208" lon="100.7067727">
        <ele>4151.005264727739</ele>
        <time>2026-05-03T05:41:36.882Z</time>
        <speed>12.09</speed>
      </trkpt>
      <trkpt lat="30.129" lon="100.7067253">
        <ele>4151.464230363729</ele>
        <time>2026-05-03T05:41:38.882Z</time>
        <speed>12.21</speed>
      </trkpt>
      <trkpt lat="30.128783" lon="100.7067208">
        <ele>4154.152547901718</ele>
        <time>2026-05-03T05:41:40.879Z</time>
        <speed>12.45</speed>
      </trkpt>
      <trkpt lat="30.1285564" lon="100.7067423">
        <ele>4153.972000073418</ele>
        <time>2026-05-03T05:41:42.880Z</time>
        <speed>12.8</speed>
      </trkpt>
      <trkpt lat="30.1283254" lon="100.7067968">
        <ele>4156.223769852997</ele>
        <time>2026-05-03T05:41:44.884Z</time>
        <speed>13.08</speed>
      </trkpt>
      <trkpt lat="30.1281003" lon="100.7068792">
        <ele>4159.434429872408</ele>
        <time>2026-05-03T05:41:46.881Z</time>
        <speed>13.17</speed>
      </trkpt>
      <trkpt lat="30.1276474" lon="100.7071592">
        <ele>4162.86483569053</ele>
        <time>2026-05-03T05:41:50.878Z</time>
        <speed>14.89</speed>
      </trkpt>
      <trkpt lat="30.1274125" lon="100.7073238">
        <ele>4164.907420519279</ele>
        <time>2026-05-03T05:41:52.884Z</time>
        <speed>15.27</speed>
      </trkpt>
      <trkpt lat="30.127175" lon="100.7074887">
        <ele>4167.293270521689</ele>
        <time>2026-05-03T05:41:54.874Z</time>
        <speed>15.26</speed>
      </trkpt>
      <trkpt lat="30.1267249" lon="100.707796">
        <ele>4170.017363870633</ele>
        <time>2026-05-03T05:41:58.877Z</time>
        <speed>13.78</speed>
      </trkpt>
      <trkpt lat="30.1265002" lon="100.7078954">
        <ele>4172.991668879557</ele>
        <time>2026-05-03T05:42:00.877Z</time>
        <speed>13.11</speed>
      </trkpt>
      <trkpt lat="30.1260215" lon="100.7079103">
        <ele>4175.232537209814</ele>
        <time>2026-05-03T05:42:04.876Z</time>
        <speed>13.63</speed>
      </trkpt>
      <trkpt lat="30.1255032" lon="100.707743">
        <ele>4177.697016657064</ele>
        <time>2026-05-03T05:42:08.876Z</time>
        <speed>14.95</speed>
      </trkpt>
      <trkpt lat="30.1250316" lon="100.7076006">
        <ele>4180.806729231659</ele>
        <time>2026-05-03T05:42:12.876Z</time>
        <speed>12.48</speed>
      </trkpt>
      <trkpt lat="30.124626" lon="100.7075963">
        <ele>4181.721859277363</ele>
        <time>2026-05-03T05:42:16.876Z</time>
        <speed>11.27</speed>
      </trkpt>
      <trkpt lat="30.1238666" lon="100.7082502">
        <ele>4187.3786303041525</ele>
        <time>2026-05-03T05:42:24.877Z</time>
        <speed>14.64</speed>
      </trkpt>
      <trkpt lat="30.1230054" lon="100.709131">
        <ele>4195.014166549738</ele>
        <time>2026-05-03T05:42:32.877Z</time>
        <speed>17.23</speed>
      </trkpt>
      <trkpt lat="30.1225372" lon="100.7096311">
        <ele>4200.04649441458</ele>
        <time>2026-05-03T05:42:36.876Z</time>
        <speed>17.84</speed>
      </trkpt>
      <trkpt lat="30.1220766" lon="100.7101276">
        <ele>4204.815309530017</ele>
        <time>2026-05-03T05:42:40.877Z</time>
        <speed>17.2</speed>
      </trkpt>
      <trkpt lat="30.1216084" lon="100.7105809">
        <ele>4209.103393702944</ele>
        <time>2026-05-03T05:42:44.876Z</time>
        <speed>16.16</speed>
      </trkpt>
      <trkpt lat="30.121101" lon="100.7109001">
        <ele>4212.443899304382</ele>
        <time>2026-05-03T05:42:48.877Z</time>
        <speed>16.01</speed>
      </trkpt>
      <trkpt lat="30.1205574" lon="100.7111718">
        <ele>4216.335488058915</ele>
        <time>2026-05-03T05:42:52.877Z</time>
        <speed>16.86</speed>
      </trkpt>
      <trkpt lat="30.1199965" lon="100.711406">
        <ele>4221.1101282920445</ele>
        <time>2026-05-03T05:42:56.876Z</time>
        <speed>15.74</speed>
      </trkpt>
      <trkpt lat="30.1194389" lon="100.7114308">
        <ele>4223.076098427289</ele>
        <time>2026-05-03T05:43:00.877Z</time>
        <speed>16.02</speed>
      </trkpt>
      <trkpt lat="30.1189736" lon="100.7113449">
        <ele>4223.464542282474</ele>
        <time>2026-05-03T05:43:03.877Z</time>
        <speed>17.93</speed>
      </trkpt>
      <trkpt lat="30.1182006" lon="100.711193">
        <ele>4226.9185017336395</ele>
        <time>2026-05-03T05:43:08.876Z</time>
        <speed>17.39</speed>
      </trkpt>
      <trkpt lat="30.1176127" lon="100.711069">
        <ele>4226.909309408634</ele>
        <time>2026-05-03T05:43:12.877Z</time>
        <speed>16.53</speed>
      </trkpt>
      <trkpt lat="30.1170783" lon="100.7108235">
        <ele>4226.310182470805</ele>
        <time>2026-05-03T05:43:16.877Z</time>
        <speed>16.2</speed>
      </trkpt>
      <trkpt lat="30.1166329" lon="100.7104414">
        <ele>4224.56089781769</ele>
        <time>2026-05-03T05:43:20.876Z</time>
        <speed>14.67</speed>
      </trkpt>
      <trkpt lat="30.1161787" lon="100.7102223">
        <ele>4222.91657822294</ele>
        <time>2026-05-03T05:43:24.876Z</time>
        <speed>13.65</speed>
      </trkpt>
      <trkpt lat="30.1157317" lon="100.7104204">
        <ele>4221.85321465387</ele>
        <time>2026-05-03T05:43:28.876Z</time>
        <speed>13.8</speed>
      </trkpt>
      <trkpt lat="30.115328" lon="100.7107566">
        <ele>4220.893952365057</ele>
        <time>2026-05-03T05:43:32.877Z</time>
        <speed>13.92</speed>
      </trkpt>
      <trkpt lat="30.1142151" lon="100.7110804">
        <ele>4218.91271152005</ele>
        <time>2026-05-03T05:43:40.877Z</time>
        <speed>17.36</speed>
      </trkpt>
      <trkpt lat="30.1131131" lon="100.7115768">
        <ele>4215.638101652438</ele>
        <time>2026-05-03T05:43:48.877Z</time>
        <speed>16.37</speed>
      </trkpt>
      <trkpt lat="30.1126206" lon="100.7119218">
        <ele>4213.0619470270185</ele>
        <time>2026-05-03T05:43:52.877Z</time>
        <speed>15.93</speed>
      </trkpt>
      <trkpt lat="30.1121671" lon="100.7123278">
        <ele>4211.746168368793</ele>
        <time>2026-05-03T05:43:56.876Z</time>
        <speed>15.99</speed>
      </trkpt>
      <trkpt lat="30.1116842" lon="100.713451">
        <ele>4215.645892228068</ele>
        <time>2026-05-03T05:44:04.877Z</time>
        <speed>14.23</speed>
      </trkpt>
      <trkpt lat="30.1113904" lon="100.7139036">
        <ele>4218.186541547142</ele>
        <time>2026-05-03T05:44:08.876Z</time>
        <speed>13.63</speed>
      </trkpt>
      <trkpt lat="30.1107186" lon="100.7141516">
        <ele>4223.597877380987</ele>
        <time>2026-05-03T05:44:14.877Z</time>
        <speed>13.7</speed>
      </trkpt>
      <trkpt lat="30.1101808" lon="100.7141789">
        <ele>4226.195737622159</ele>
        <time>2026-05-03T05:44:18.876Z</time>
        <speed>15.74</speed>
      </trkpt>
      <trkpt lat="30.1091432" lon="100.7142428">
        <ele>4234.45707197782</ele>
        <time>2026-05-03T05:44:26.877Z</time>
        <speed>13.31</speed>
      </trkpt>
      <trkpt lat="30.1084508" lon="100.7150159">
        <ele>4240.615421925111</ele>
        <time>2026-05-03T05:44:34.877Z</time>
        <speed>15.38</speed>
      </trkpt>
      <trkpt lat="30.1082878" lon="100.7156529">
        <ele>4244.7683056596525</ele>
        <time>2026-05-03T05:44:38.877Z</time>
        <speed>16.18</speed>
      </trkpt>
      <trkpt lat="30.1077268" lon="100.7164822">
        <ele>4254.137930061908</ele>
        <time>2026-05-03T05:44:46.877Z</time>
        <speed>12.24</speed>
      </trkpt>
      <trkpt lat="30.1073395" lon="100.7162284">
        <ele>4255.938255028164</ele>
        <time>2026-05-03T05:44:50.876Z</time>
        <speed>13.82</speed>
      </trkpt>
      <trkpt lat="30.1059622" lon="100.7157806">
        <ele>4260.514812503735</ele>
        <time>2026-05-03T05:45:02.877Z</time>
        <speed>15.76</speed>
      </trkpt>
      <trkpt lat="30.1054187" lon="100.7158923">
        <ele>4263.46987476134</ele>
        <time>2026-05-03T05:45:06.877Z</time>
        <speed>15.11</speed>
      </trkpt>
      <trkpt lat="30.1049462" lon="100.7160597">
        <ele>4265.0032311932255</ele>
        <time>2026-05-03T05:45:10.877Z</time>
        <speed>13.28</speed>
      </trkpt>
      <trkpt lat="30.104276" lon="100.7164228">
        <ele>4267.214072974673</ele>
        <time>2026-05-03T05:45:16.877Z</time>
        <speed>13.21</speed>
      </trkpt>
      <trkpt lat="30.1025827" lon="100.7163878">
        <ele>4268.324970443107</ele>
        <time>2026-05-03T05:45:29.877Z</time>
        <speed>13.2</speed>
      </trkpt>
      <trkpt lat="30.1021644" lon="100.7166156">
        <ele>4268.091075590261</ele>
        <time>2026-05-03T05:45:33.877Z</time>
        <speed>13.41</speed>
      </trkpt>
      <trkpt lat="30.1019117" lon="100.7170997">
        <ele>4269.145957523744</ele>
        <time>2026-05-03T05:45:37.876Z</time>
        <speed>13.81</speed>
      </trkpt>
      <trkpt lat="30.1010997" lon="100.7176135">
        <ele>4270.213411670855</ele>
        <time>2026-05-03T05:45:45.876Z</time>
        <speed>15.48</speed>
      </trkpt>
      <trkpt lat="30.1005087" lon="100.717586">
        <ele>4271.5197580946415</ele>
        <time>2026-05-03T05:45:49.877Z</time>
        <speed>16.09</speed>
      </trkpt>
      <trkpt lat="30.0999155" lon="100.7175329">
        <ele>4271.189159606253</ele>
        <time>2026-05-03T05:45:53.877Z</time>
        <speed>17.16</speed>
      </trkpt>
      <trkpt lat="30.0992878" lon="100.7174935">
        <ele>4269.951823668729</ele>
        <time>2026-05-03T05:45:57.877Z</time>
        <speed>17.22</speed>
      </trkpt>
      <trkpt lat="30.0986939" lon="100.7174314">
        <ele>4270.831276586724</ele>
        <time>2026-05-03T05:46:01.876Z</time>
        <speed>17.05</speed>
      </trkpt>
      <trkpt lat="30.0980737" lon="100.7172824">
        <ele>4270.535191516034</ele>
        <time>2026-05-03T05:46:05.877Z</time>
        <speed>17.0</speed>
      </trkpt>
      <trkpt lat="30.097536" lon="100.7171234">
        <ele>4271.799940268396</ele>
        <time>2026-05-03T05:46:09.877Z</time>
        <speed>16.25</speed>
      </trkpt>
      <trkpt lat="30.0969004" lon="100.716929">
        <ele>4272.345842817479</ele>
        <time>2026-05-03T05:46:13.876Z</time>
        <speed>19.48</speed>
      </trkpt>
      <trkpt lat="30.0962111" lon="100.7167287">
        <ele>4274.873580319185</ele>
        <time>2026-05-03T05:46:17.876Z</time>
        <speed>19.8</speed>
      </trkpt>
      <trkpt lat="30.0955239" lon="100.7165268">
        <ele>4277.43011840938</ele>
        <time>2026-05-03T05:46:21.876Z</time>
        <speed>18.85</speed>
      </trkpt>
      <trkpt lat="30.0952231" lon="100.7164612">
        <ele>4276.785041108059</ele>
        <time>2026-05-03T05:46:23.877Z</time>
        <speed>16.61</speed>
      </trkpt>
      <trkpt lat="30.0946589" lon="100.7165013">
        <ele>4275.174630624861</ele>
        <time>2026-05-03T05:46:27.877Z</time>
        <speed>15.72</speed>
      </trkpt>
      <trkpt lat="30.0941218" lon="100.7168044">
        <ele>4271.689246131578</ele>
        <time>2026-05-03T05:46:31.876Z</time>
        <speed>17.44</speed>
      </trkpt>
      <trkpt lat="30.0935847" lon="100.7172834">
        <ele>4269.464052366995</ele>
        <time>2026-05-03T05:46:35.877Z</time>
        <speed>19.28</speed>
      </trkpt>
      <trkpt lat="30.0930369" lon="100.717761">
        <ele>4267.31365596261</ele>
        <time>2026-05-03T05:46:39.876Z</time>
        <speed>18.94</speed>
      </trkpt>
      <trkpt lat="30.0925286" lon="100.718231">
        <ele>4265.928199196563</ele>
        <time>2026-05-03T05:46:43.876Z</time>
        <speed>17.83</speed>
      </trkpt>
      <trkpt lat="30.0910469" lon="100.7194467">
        <ele>4272.417113503695</ele>
        <time>2026-05-03T05:46:55.876Z</time>
        <speed>16.39</speed>
      </trkpt>
      <trkpt lat="30.0898193" lon="100.719772">
        <ele>4278.148533281597</ele>
        <time>2026-05-03T05:47:03.876Z</time>
        <speed>18.71</speed>
      </trkpt>
      <trkpt lat="30.0891683" lon="100.7198918">
        <ele>4280.807492709516</ele>
        <time>2026-05-03T05:47:07.876Z</time>
        <speed>17.99</speed>
      </trkpt>
      <trkpt lat="30.0885894" lon="100.7200789">
        <ele>4283.216527803218</ele>
        <time>2026-05-03T05:47:11.876Z</time>
        <speed>16.6</speed>
      </trkpt>
      <trkpt lat="30.087568" lon="100.7209347">
        <ele>4286.63800169905</ele>
        <time>2026-05-03T05:47:19.876Z</time>
        <speed>18.16</speed>
      </trkpt>
      <trkpt lat="30.0865391" lon="100.7219573">
        <ele>4292.891937246082</ele>
        <time>2026-05-03T05:47:27.876Z</time>
        <speed>19.77</speed>
      </trkpt>
      <trkpt lat="30.0860141" lon="100.7224932">
        <ele>4293.631716221821</ele>
        <time>2026-05-03T05:47:31.876Z</time>
        <speed>19.04</speed>
      </trkpt>
      <trkpt lat="30.0851029" lon="100.7234261">
        <ele>4295.752601114589</ele>
        <time>2026-05-03T05:47:39.876Z</time>
        <speed>15.91</speed>
      </trkpt>
      <trkpt lat="30.0846186" lon="100.7253997">
        <ele>4303.436178911968</ele>
        <time>2026-05-03T05:47:51.876Z</time>
        <speed>15.47</speed>
      </trkpt>
      <trkpt lat="30.0847458" lon="100.7265841">
        <ele>4310.529733287181</ele>
        <time>2026-05-03T05:47:59.877Z</time>
        <speed>15.1</speed>
      </trkpt>
      <trkpt lat="30.0849164" lon="100.7271911">
        <ele>4314.5263599954615</ele>
        <time>2026-05-03T05:48:03.876Z</time>
        <speed>15.67</speed>
      </trkpt>
      <trkpt lat="30.0850343" lon="100.7278419">
        <ele>4317.969358692726</ele>
        <time>2026-05-03T05:48:07.877Z</time>
        <speed>15.81</speed>
      </trkpt>
      <trkpt lat="30.0849672" lon="100.7284723">
        <ele>4322.525110365797</ele>
        <time>2026-05-03T05:48:11.877Z</time>
        <speed>15.44</speed>
      </trkpt>
      <trkpt lat="30.0847787" lon="100.7290802">
        <ele>4325.9719804442075</ele>
        <time>2026-05-03T05:48:15.877Z</time>
        <speed>15.71</speed>
      </trkpt>
      <trkpt lat="30.0846849" lon="100.7293986">
        <ele>4328.48274787382</ele>
        <time>2026-05-03T05:48:17.876Z</time>
        <speed>16.26</speed>
      </trkpt>
      <trkpt lat="30.0844728" lon="100.7300477">
        <ele>4332.552369138684</ele>
        <time>2026-05-03T05:48:21.877Z</time>
        <speed>16.78</speed>
      </trkpt>
      <trkpt lat="30.0842531" lon="100.730701">
        <ele>4336.900706173504</ele>
        <time>2026-05-03T05:48:25.877Z</time>
        <speed>16.93</speed>
      </trkpt>
      <trkpt lat="30.0840402" lon="100.7313443">
        <ele>4342.734617962236</ele>
        <time>2026-05-03T05:48:29.877Z</time>
        <speed>16.28</speed>
      </trkpt>
      <trkpt lat="30.0838421" lon="100.7319691">
        <ele>4346.6213216025535</ele>
        <time>2026-05-03T05:48:33.876Z</time>
        <speed>15.95</speed>
      </trkpt>
      <trkpt lat="30.0836385" lon="100.7325986">
        <ele>4348.480476465659</ele>
        <time>2026-05-03T05:48:37.876Z</time>
        <speed>16.32</speed>
      </trkpt>
      <trkpt lat="30.0834429" lon="100.7332645">
        <ele>4350.984910932904</ele>
        <time>2026-05-03T05:48:41.877Z</time>
        <speed>17.0</speed>
      </trkpt>
      <trkpt lat="30.0832576" lon="100.7339461">
        <ele>4354.1415839212</ele>
        <time>2026-05-03T05:48:45.877Z</time>
        <speed>16.96</speed>
      </trkpt>
      <trkpt lat="30.0831099" lon="100.7345521">
        <ele>4358.170297341975</ele>
        <time>2026-05-03T05:48:49.876Z</time>
        <speed>14.14</speed>
      </trkpt>
      <trkpt lat="30.0829724" lon="100.7350566">
        <ele>4361.517159927043</ele>
        <time>2026-05-03T05:48:53.877Z</time>
        <speed>11.58</speed>
      </trkpt>
      <trkpt lat="30.0828492" lon="100.7354754">
        <ele>4364.208449762408</ele>
        <time>2026-05-03T05:48:57.876Z</time>
        <speed>11.21</speed>
      </trkpt>
      <trkpt lat="30.0827287" lon="100.7359156">
        <ele>4366.420350547369</ele>
        <time>2026-05-03T05:49:01.877Z</time>
        <speed>11.66</speed>
      </trkpt>
      <trkpt lat="30.0826147" lon="100.7363666">
        <ele>4368.514986890572</ele>
        <time>2026-05-03T05:49:05.876Z</time>
        <speed>11.72</speed>
      </trkpt>
      <trkpt lat="30.0825563" lon="100.7368859">
        <ele>4368.149383323211</ele>
        <time>2026-05-03T05:49:09.876Z</time>
        <speed>13.31</speed>
      </trkpt>
      <trkpt lat="30.0826367" lon="100.7374682">
        <ele>4368.247078303086</ele>
        <time>2026-05-03T05:49:13.877Z</time>
        <speed>14.53</speed>
      </trkpt>
      <trkpt lat="30.0827829" lon="100.7380343">
        <ele>4367.126397465312</ele>
        <time>2026-05-03T05:49:17.876Z</time>
        <speed>13.87</speed>
      </trkpt>
      <trkpt lat="30.0828829" lon="100.7385641">
        <ele>4365.41866795979</ele>
        <time>2026-05-03T05:49:21.876Z</time>
        <speed>12.98</speed>
      </trkpt>
      <trkpt lat="30.0828773" lon="100.7388233">
        <ele>4365.09591884082</ele>
        <time>2026-05-03T05:49:23.876Z</time>
        <speed>12.26</speed>
      </trkpt>
      <trkpt lat="30.0826817" lon="100.7392652">
        <ele>4364.1336642679225</ele>
        <time>2026-05-03T05:49:27.877Z</time>
        <speed>12.26</speed>
      </trkpt>
      <trkpt lat="30.0822995" lon="100.7394941">
        <ele>4364.655908686789</ele>
        <time>2026-05-03T05:49:31.876Z</time>
        <speed>11.52</speed>
      </trkpt>
      <trkpt lat="30.0818806" lon="100.7395674">
        <ele>4363.423507040356</ele>
        <time>2026-05-03T05:49:35.877Z</time>
        <speed>11.44</speed>
      </trkpt>
      <trkpt lat="30.0814461" lon="100.7396351">
        <ele>4361.708690483421</ele>
        <time>2026-05-03T05:49:39.877Z</time>
        <speed>12.51</speed>
      </trkpt>
      <trkpt lat="30.080975" lon="100.739685">
        <ele>4360.691219947535</ele>
        <time>2026-05-03T05:49:43.877Z</time>
        <speed>13.58</speed>
      </trkpt>
      <trkpt lat="30.0805087" lon="100.7397551">
        <ele>4358.905205901917</ele>
        <time>2026-05-03T05:49:47.876Z</time>
        <speed>12.97</speed>
      </trkpt>
      <trkpt lat="30.080057" lon="100.739764">
        <ele>4357.018786773405</ele>
        <time>2026-05-03T05:49:51.877Z</time>
        <speed>12.94</speed>
      </trkpt>
      <trkpt lat="30.0795966" lon="100.739643">
        <ele>4355.851422938507</ele>
        <time>2026-05-03T05:49:55.877Z</time>
        <speed>12.99</speed>
      </trkpt>
      <trkpt lat="30.0791684" lon="100.7395002">
        <ele>4354.792248032224</ele>
        <time>2026-05-03T05:49:59.876Z</time>
        <speed>12.65</speed>
      </trkpt>
      <trkpt lat="30.0787203" lon="100.7394312">
        <ele>4353.763525671358</ele>
        <time>2026-05-03T05:50:03.876Z</time>
        <speed>12.22</speed>
      </trkpt>
      <trkpt lat="30.0782705" lon="100.739528">
        <ele>4353.526849185922</ele>
        <time>2026-05-03T05:50:07.877Z</time>
        <speed>13.01</speed>
      </trkpt>
      <trkpt lat="30.0778655" lon="100.7397634">
        <ele>4352.727489457111</ele>
        <time>2026-05-03T05:50:11.877Z</time>
        <speed>12.43</speed>
      </trkpt>
      <trkpt lat="30.0775268" lon="100.7401315">
        <ele>4351.44483195352</ele>
        <time>2026-05-03T05:50:15.876Z</time>
        <speed>13.45</speed>
      </trkpt>
      <trkpt lat="30.0772049" lon="100.7405556">
        <ele>4351.4883866547725</ele>
        <time>2026-05-03T05:50:19.877Z</time>
        <speed>13.84</speed>
      </trkpt>
      <trkpt lat="30.0768534" lon="100.7409596">
        <ele>4350.47608518485</ele>
        <time>2026-05-03T05:50:23.876Z</time>
        <speed>13.15</speed>
      </trkpt>
      <trkpt lat="30.0764412" lon="100.7411673">
        <ele>4350.567389200927</ele>
        <time>2026-05-03T05:50:27.877Z</time>
        <speed>12.37</speed>
      </trkpt>
      <trkpt lat="30.0762179" lon="100.7411626">
        <ele>4350.515973447062</ele>
        <time>2026-05-03T05:50:29.877Z</time>
        <speed>12.73</speed>
      </trkpt>
      <trkpt lat="30.0757686" lon="100.7410932">
        <ele>4350.81300302209</ele>
        <time>2026-05-03T05:50:33.877Z</time>
        <speed>12.23</speed>
      </trkpt>
      <trkpt lat="30.0753194" lon="100.7411609">
        <ele>4351.792258921729</ele>
        <time>2026-05-03T05:50:37.876Z</time>
        <speed>13.2</speed>
      </trkpt>
      <trkpt lat="30.074953" lon="100.7415445">
        <ele>4352.152028530707</ele>
        <time>2026-05-03T05:50:41.877Z</time>
        <speed>14.52</speed>
      </trkpt>
      <trkpt lat="30.0747643" lon="100.742077">
        <ele>4352.853357611781</ele>
        <time>2026-05-03T05:50:45.877Z</time>
        <speed>14.23</speed>
      </trkpt>
      <trkpt lat="30.0747068" lon="100.7426645">
        <ele>4352.308639263907</ele>
        <time>2026-05-03T05:50:49.877Z</time>
        <speed>13.6</speed>
      </trkpt>
      <trkpt lat="30.0747624" lon="100.7431158">
        <ele>4351.932258818453</ele>
        <time>2026-05-03T05:50:53.876Z</time>
        <speed>9.42</speed>
      </trkpt>
      <trkpt lat="30.0748709" lon="100.7434957">
        <ele>4352.293092954352</ele>
        <time>2026-05-03T05:50:57.877Z</time>
        <speed>9.62</speed>
      </trkpt>
      <trkpt lat="30.074976" lon="100.7438863">
        <ele>4352.420469160637</ele>
        <time>2026-05-03T05:51:01.876Z</time>
        <speed>10.42</speed>
      </trkpt>
      <trkpt lat="30.0750208" lon="100.7443447">
        <ele>4352.751769059804</ele>
        <time>2026-05-03T05:51:05.877Z</time>
        <speed>11.37</speed>
      </trkpt>
      <trkpt lat="30.074825" lon="100.7447425">
        <ele>4354.533200983443</ele>
        <time>2026-05-03T05:51:09.877Z</time>
        <speed>11.61</speed>
      </trkpt>
      <trkpt lat="30.0744104" lon="100.7449686">
        <ele>4354.380399295649</ele>
        <time>2026-05-03T05:51:13.876Z</time>
        <speed>13.04</speed>
      </trkpt>
      <trkpt lat="30.0739601" lon="100.7451524">
        <ele>4354.067182001932</ele>
        <time>2026-05-03T05:51:17.877Z</time>
        <speed>13.12</speed>
      </trkpt>
      <trkpt lat="30.0735429" lon="100.7453909">
        <ele>4353.141116928287</ele>
        <time>2026-05-03T05:51:21.876Z</time>
        <speed>12.99</speed>
      </trkpt>
      <trkpt lat="30.0732194" lon="100.7458262">
        <ele>4351.2488858910565</ele>
        <time>2026-05-03T05:51:25.877Z</time>
        <speed>14.63</speed>
      </trkpt>
      <trkpt lat="30.0729671" lon="100.74633">
        <ele>4350.423377854664</ele>
        <time>2026-05-03T05:51:29.877Z</time>
        <speed>13.96</speed>
      </trkpt>
      <trkpt lat="30.0727209" lon="100.7467923">
        <ele>4349.4729229772765</ele>
        <time>2026-05-03T05:51:33.876Z</time>
        <speed>13.02</speed>
      </trkpt>
      <trkpt lat="30.0726073" lon="100.7470175">
        <ele>4348.791676481923</ele>
        <time>2026-05-03T05:51:35.877Z</time>
        <speed>12.24</speed>
      </trkpt>
      <trkpt lat="30.0723191" lon="100.7479595">
        <ele>4348.003007336514</ele>
        <time>2026-05-03T05:51:44.877Z</time>
        <speed>9.62</speed>
      </trkpt>
      <trkpt lat="30.0722395" lon="100.7482789">
        <ele>4346.900489049632</ele>
        <time>2026-05-03T05:51:48.877Z</time>
        <speed>7.96</speed>
      </trkpt>
      <trkpt lat="30.0721059" lon="100.7486311">
        <ele>4346.369920914893</ele>
        <time>2026-05-03T05:51:52.876Z</time>
        <speed>9.83</speed>
      </trkpt>
      <trkpt lat="30.0719174" lon="100.7490459">
        <ele>4345.573357371664</ele>
        <time>2026-05-03T05:51:56.876Z</time>
        <speed>12.57</speed>
      </trkpt>
      <trkpt lat="30.0716675" lon="100.7495631">
        <ele>4346.131954707858</ele>
        <time>2026-05-03T05:52:00.877Z</time>
        <speed>14.79</speed>
      </trkpt>
      <trkpt lat="30.0714172" lon="100.7500889">
        <ele>4346.259358376296</ele>
        <time>2026-05-03T05:52:04.877Z</time>
        <speed>14.38</speed>
      </trkpt>
      <trkpt lat="30.0712441" lon="100.7506183">
        <ele>4346.055151822122</ele>
        <time>2026-05-03T05:52:08.876Z</time>
        <speed>13.65</speed>
      </trkpt>
      <trkpt lat="30.0716493" lon="100.75235">
        <ele>4347.733841753981</ele>
        <time>2026-05-03T05:52:20.876Z</time>
        <speed>13.84</speed>
      </trkpt>
      <trkpt lat="30.0717654" lon="100.752923">
        <ele>4347.331844154497</ele>
        <time>2026-05-03T05:52:24.877Z</time>
        <speed>13.78</speed>
      </trkpt>
      <trkpt lat="30.0717036" lon="100.7534895">
        <ele>4348.295951633477</ele>
        <time>2026-05-03T05:52:28.877Z</time>
        <speed>13.83</speed>
      </trkpt>
      <trkpt lat="30.071495" lon="100.7540283">
        <ele>4347.8720414058</ele>
        <time>2026-05-03T05:52:32.877Z</time>
        <speed>14.98</speed>
      </trkpt>
      <trkpt lat="30.0712172" lon="100.754595">
        <ele>4349.45436947565</ele>
        <time>2026-05-03T05:52:36.877Z</time>
        <speed>16.21</speed>
      </trkpt>
      <trkpt lat="30.0709288" lon="100.7551556">
        <ele>4350.9106983889305</ele>
        <time>2026-05-03T05:52:40.876Z</time>
        <speed>15.69</speed>
      </trkpt>
      <trkpt lat="30.0707656" lon="100.755419">
        <ele>4351.338563695988</ele>
        <time>2026-05-03T05:52:42.877Z</time>
        <speed>15.55</speed>
      </trkpt>
      <trkpt lat="30.0704348" lon="100.7559222">
        <ele>4352.52823163603</ele>
        <time>2026-05-03T05:52:46.877Z</time>
        <speed>15.1</speed>
      </trkpt>
      <trkpt lat="30.0701088" lon="100.7563591">
        <ele>4352.899437927042</ele>
        <time>2026-05-03T05:52:50.877Z</time>
        <speed>13.14</speed>
      </trkpt>
      <trkpt lat="30.069793" lon="100.7567911">
        <ele>4352.61999889492</ele>
        <time>2026-05-03T05:52:54.876Z</time>
        <speed>14.22</speed>
      </trkpt>
      <trkpt lat="30.0695289" lon="100.7573329">
        <ele>4349.972900517018</ele>
        <time>2026-05-03T05:52:58.876Z</time>
        <speed>15.56</speed>
      </trkpt>
      <trkpt lat="30.0694068" lon="100.7579889">
        <ele>4345.681776106126</ele>
        <time>2026-05-03T05:53:02.877Z</time>
        <speed>15.15</speed>
      </trkpt>
      <trkpt lat="30.0692853" lon="100.7585755">
        <ele>4342.322166507979</ele>
        <time>2026-05-03T05:53:06.877Z</time>
        <speed>14.29</speed>
      </trkpt>
      <trkpt lat="30.0690493" lon="100.7590562">
        <ele>4337.3408059652775</ele>
        <time>2026-05-03T05:53:10.876Z</time>
        <speed>12.89</speed>
      </trkpt>
      <trkpt lat="30.068632" lon="100.7593944">
        <ele>4333.481244806138</ele>
        <time>2026-05-03T05:53:14.877Z</time>
        <speed>14.96</speed>
      </trkpt>
      <trkpt lat="30.0681814" lon="100.7597034">
        <ele>4332.3689834932175</ele>
        <time>2026-05-03T05:53:18.876Z</time>
        <speed>13.32</speed>
      </trkpt>
      <trkpt lat="30.0677879" lon="100.7599677">
        <ele>4330.208876554522</ele>
        <time>2026-05-03T05:53:22.876Z</time>
        <speed>12.78</speed>
      </trkpt>
      <trkpt lat="30.0647755" lon="100.7611483">
        <ele>4306.645173195608</ele>
        <time>2026-05-03T05:53:48.877Z</time>
        <speed>14.57</speed>
      </trkpt>
      <trkpt lat="30.0640228" lon="100.7618153">
        <ele>4304.569614416765</ele>
        <time>2026-05-03T05:53:53.877Z</time>
        <speed>23.34</speed>
      </trkpt>
      <trkpt lat="30.0633771" lon="100.762389">
        <ele>4300.986038155853</ele>
        <time>2026-05-03T05:53:57.877Z</time>
        <speed>21.9</speed>
      </trkpt>
      <trkpt lat="30.0627789" lon="100.7628777">
        <ele>4295.924683011964</ele>
        <time>2026-05-03T05:54:01.877Z</time>
        <speed>19.13</speed>
      </trkpt>
      <trkpt lat="30.062343" lon="100.7632507">
        <ele>4290.495248670328</ele>
        <time>2026-05-03T05:54:05.877Z</time>
        <speed>14.59</speed>
      </trkpt>
      <trkpt lat="30.0619163" lon="100.7636391">
        <ele>4283.550886420989</ele>
        <time>2026-05-03T05:54:09.877Z</time>
        <speed>14.82</speed>
      </trkpt>
      <trkpt lat="30.0615273" lon="100.76399">
        <ele>4282.46026109877</ele>
        <time>2026-05-03T05:54:13.877Z</time>
        <speed>14.02</speed>
      </trkpt>
      <trkpt lat="30.061118" lon="100.7642662">
        <ele>4281.050983941167</ele>
        <time>2026-05-03T05:54:17.877Z</time>
        <speed>12.77</speed>
      </trkpt>
      <trkpt lat="30.0606615" lon="100.7644003">
        <ele>4279.299955764571</ele>
        <time>2026-05-03T05:54:21.876Z</time>
        <speed>13.04</speed>
      </trkpt>
      <trkpt lat="30.0602093" lon="100.7643611">
        <ele>4276.74240815788</ele>
        <time>2026-05-03T05:54:25.876Z</time>
        <speed>13.29</speed>
      </trkpt>
      <trkpt lat="30.0597114" lon="100.764239">
        <ele>4274.420616930223</ele>
        <time>2026-05-03T05:54:29.876Z</time>
        <speed>13.93</speed>
      </trkpt>
      <trkpt lat="30.0592213" lon="100.7641044">
        <ele>4272.0913127437525</ele>
        <time>2026-05-03T05:54:33.877Z</time>
        <speed>13.89</speed>
      </trkpt>
      <trkpt lat="30.0587664" lon="100.7639921">
        <ele>4266.230713291264</ele>
        <time>2026-05-03T05:54:37.877Z</time>
        <speed>12.51</speed>
      </trkpt>
      <trkpt lat="30.0583882" lon="100.7639438">
        <ele>4263.500059432836</ele>
        <time>2026-05-03T05:54:41.877Z</time>
        <speed>9.89</speed>
      </trkpt>
      <trkpt lat="30.0580151" lon="100.7640837">
        <ele>4260.45654296875</ele>
        <time>2026-05-03T05:54:45.877Z</time>
        <speed>11.34</speed>
      </trkpt>
      <trkpt lat="30.057674" lon="100.7643896">
        <ele>4260.219781326276</ele>
        <time>2026-05-03T05:54:49.876Z</time>
        <speed>11.94</speed>
      </trkpt>
      <trkpt lat="30.0573552" lon="100.7647039">
        <ele>4259.087047766296</ele>
        <time>2026-05-03T05:54:53.877Z</time>
        <speed>11.32</speed>
      </trkpt>
      <trkpt lat="30.0572167" lon="100.7648453">
        <ele>4255.170093877006</ele>
        <time>2026-05-03T05:54:55.876Z</time>
        <speed>10.02</speed>
      </trkpt>
      <trkpt lat="30.0569968" lon="100.7651242">
        <ele>4253.64404296875</ele>
        <time>2026-05-03T05:54:59.876Z</time>
        <speed>9.21</speed>
      </trkpt>
      <trkpt lat="30.0569104" lon="100.765476">
        <ele>4252.896624084098</ele>
        <time>2026-05-03T05:55:03.877Z</time>
        <speed>9.13</speed>
      </trkpt>
      <trkpt lat="30.0570451" lon="100.7658156">
        <ele>4251.297869590962</ele>
        <time>2026-05-03T05:55:07.876Z</time>
        <speed>9.46</speed>
      </trkpt>
      <trkpt lat="30.0573571" lon="100.7660131">
        <ele>4250.774872177994</ele>
        <time>2026-05-03T05:55:11.876Z</time>
        <speed>10.76</speed>
      </trkpt>
      <trkpt lat="30.0577959" lon="100.7660857">
        <ele>4249.744369946981</ele>
        <time>2026-05-03T05:55:15.876Z</time>
        <speed>12.66</speed>
      </trkpt>
      <trkpt lat="30.0582709" lon="100.7661447">
        <ele>4250.039248125512</ele>
        <time>2026-05-03T05:55:19.877Z</time>
        <speed>13.13</speed>
      </trkpt>
      <trkpt lat="30.0587472" lon="100.7661878">
        <ele>4248.809056215832</ele>
        <time>2026-05-03T05:55:23.876Z</time>
        <speed>14.13</speed>
      </trkpt>
      <trkpt lat="30.0592525" lon="100.766262">
        <ele>4246.362831586569</ele>
        <time>2026-05-03T05:55:27.876Z</time>
        <speed>13.95</speed>
      </trkpt>
      <trkpt lat="30.0597125" lon="100.7664721">
        <ele>4240.965408729136</ele>
        <time>2026-05-03T05:55:31.876Z</time>
        <speed>13.54</speed>
      </trkpt>
      <trkpt lat="30.0601179" lon="100.7666951">
        <ele>4238.395721659583</ele>
        <time>2026-05-03T05:55:35.876Z</time>
        <speed>11.86</speed>
      </trkpt>
      <trkpt lat="30.0605216" lon="100.7669134">
        <ele>4234.972010413697</ele>
        <time>2026-05-03T05:55:39.876Z</time>
        <speed>11.87</speed>
      </trkpt>
      <trkpt lat="30.060928" lon="100.7670248">
        <ele>4231.419690768392</ele>
        <time>2026-05-03T05:55:43.876Z</time>
        <speed>11.98</speed>
      </trkpt>
      <trkpt lat="30.0613574" lon="100.7669487">
        <ele>4228.603415803718</ele>
        <time>2026-05-03T05:55:47.876Z</time>
        <speed>12.16</speed>
      </trkpt>
      <trkpt lat="30.06177" lon="100.7667874">
        <ele>4226.694983777186</ele>
        <time>2026-05-03T05:55:51.876Z</time>
        <speed>12.11</speed>
      </trkpt>
      <trkpt lat="30.0621795" lon="100.7666249">
        <ele>4223.500292946374</ele>
        <time>2026-05-03T05:55:55.877Z</time>
        <speed>12.01</speed>
      </trkpt>
      <trkpt lat="30.0628265" lon="100.7664114">
        <ele>4222.1396484375</ele>
        <time>2026-05-03T05:56:01.877Z</time>
        <speed>12.84</speed>
      </trkpt>
      <trkpt lat="30.063401" lon="100.7663456">
        <ele>4218.667883041045</ele>
        <time>2026-05-03T05:56:06.877Z</time>
        <speed>13.14</speed>
      </trkpt>
      <trkpt lat="30.0638858" lon="100.7662948">
        <ele>4217.084879272506</ele>
        <time>2026-05-03T05:56:10.877Z</time>
        <speed>13.88</speed>
      </trkpt>
      <trkpt lat="30.0643619" lon="100.7661704">
        <ele>4212.715167801535</ele>
        <time>2026-05-03T05:56:14.876Z</time>
        <speed>13.55</speed>
      </trkpt>
      <trkpt lat="30.0648353" lon="100.7659505">
        <ele>4208.4882097242635</ele>
        <time>2026-05-03T05:56:18.876Z</time>
        <speed>14.27</speed>
      </trkpt>
      <trkpt lat="30.0652951" lon="100.7657781">
        <ele>4207.252620845226</ele>
        <time>2026-05-03T05:56:22.876Z</time>
        <speed>12.51</speed>
      </trkpt>
      <trkpt lat="30.0657242" lon="100.7655859">
        <ele>4203.46826171875</ele>
        <time>2026-05-03T05:56:26.877Z</time>
        <speed>13.01</speed>
      </trkpt>
      <trkpt lat="30.0661505" lon="100.765397">
        <ele>4202.001283620574</ele>
        <time>2026-05-03T05:56:30.876Z</time>
        <speed>12.28</speed>
      </trkpt>
      <trkpt lat="30.0665984" lon="100.7652239">
        <ele>4196.479046481544</ele>
        <time>2026-05-03T05:56:34.877Z</time>
        <speed>12.8</speed>
      </trkpt>
      <trkpt lat="30.0670356" lon="100.7650567">
        <ele>4193.061877327029</ele>
        <time>2026-05-03T05:56:38.877Z</time>
        <speed>12.84</speed>
      </trkpt>
      <trkpt lat="30.0679397" lon="100.7649335">
        <ele>4187.851187908926</ele>
        <time>2026-05-03T05:56:46.876Z</time>
        <speed>12.57</speed>
      </trkpt>
      <trkpt lat="30.0687149" lon="100.7648582">
        <ele>4180.5819251736475</ele>
        <time>2026-05-03T05:56:54.877Z</time>
        <speed>8.55</speed>
      </trkpt>
      <trkpt lat="30.0689518" lon="100.7649175">
        <ele>4178.896069263749</ele>
        <time>2026-05-03T05:56:58.876Z</time>
        <speed>6.6</speed>
      </trkpt>
      <trkpt lat="30.0690681" lon="100.7651192">
        <ele>4178.848920570563</ele>
        <time>2026-05-03T05:57:02.877Z</time>
        <speed>6.68</speed>
      </trkpt>
      <trkpt lat="30.0689891" lon="100.765453">
        <ele>4176.38210045742</ele>
        <time>2026-05-03T05:57:06.877Z</time>
        <speed>9.72</speed>
      </trkpt>
      <trkpt lat="30.0688627" lon="100.7656309">
        <ele>4175.492113335736</ele>
        <time>2026-05-03T05:57:08.877Z</time>
        <speed>11.69</speed>
      </trkpt>
      <trkpt lat="30.0685748" lon="100.7660063">
        <ele>4176.239358941738</ele>
        <time>2026-05-03T05:57:12.876Z</time>
        <speed>12.07</speed>
      </trkpt>
      <trkpt lat="30.0682643" lon="100.7664034">
        <ele>4173.48875058157</ele>
        <time>2026-05-03T05:57:16.876Z</time>
        <speed>13.23</speed>
      </trkpt>
      <trkpt lat="30.0679435" lon="100.766821">
        <ele>4170.360028923824</ele>
        <time>2026-05-03T05:57:20.877Z</time>
        <speed>13.36</speed>
      </trkpt>
      <trkpt lat="30.0676026" lon="100.7672022">
        <ele>4167.473261229027</ele>
        <time>2026-05-03T05:57:24.876Z</time>
        <speed>13.05</speed>
      </trkpt>
      <trkpt lat="30.0672501" lon="100.7675731">
        <ele>4165.802666303717</ele>
        <time>2026-05-03T05:57:28.876Z</time>
        <speed>12.81</speed>
      </trkpt>
      <trkpt lat="30.0668874" lon="100.7678811">
        <ele>4162.94574561524</ele>
        <time>2026-05-03T05:57:32.876Z</time>
        <speed>12.26</speed>
      </trkpt>
      <trkpt lat="30.066521" lon="100.7681713">
        <ele>4157.899318770211</ele>
        <time>2026-05-03T05:57:36.877Z</time>
        <speed>12.83</speed>
      </trkpt>
      <trkpt lat="30.0661362" lon="100.7684875">
        <ele>4155.8582068784835</ele>
        <time>2026-05-03T05:57:40.877Z</time>
        <speed>13.27</speed>
      </trkpt>
      <trkpt lat="30.0653858" lon="100.7692015">
        <ele>4151.501335351363</ele>
        <time>2026-05-03T05:57:48.876Z</time>
        <speed>13.72</speed>
      </trkpt>
      <trkpt lat="30.0650822" lon="100.7696515">
        <ele>4147.669861766782</ele>
        <time>2026-05-03T05:57:52.876Z</time>
        <speed>13.86</speed>
      </trkpt>
      <trkpt lat="30.0647833" lon="100.7701114">
        <ele>4144.110996388921</ele>
        <time>2026-05-03T05:57:56.877Z</time>
        <speed>14.03</speed>
      </trkpt>
      <trkpt lat="30.0644395" lon="100.7706074">
        <ele>4140.49731884036</ele>
        <time>2026-05-03T05:58:00.876Z</time>
        <speed>15.43</speed>
      </trkpt>
      <trkpt lat="30.0640288" lon="100.7709202">
        <ele>4139.471160213764</ele>
        <time>2026-05-03T05:58:04.877Z</time>
        <speed>12.64</speed>
      </trkpt>
      <trkpt lat="30.0631944" lon="100.7714443">
        <ele>4129.162557667164</ele>
        <time>2026-05-03T05:58:12.877Z</time>
        <speed>13.17</speed>
      </trkpt>
      <trkpt lat="30.0629795" lon="100.7715706">
        <ele>4126.636130481204</ele>
        <time>2026-05-03T05:58:14.877Z</time>
        <speed>13.22</speed>
      </trkpt>
      <trkpt lat="30.0624992" lon="100.7719591">
        <ele>4123.528835337773</ele>
        <time>2026-05-03T05:58:19.877Z</time>
        <speed>12.91</speed>
      </trkpt>
      <trkpt lat="30.0617727" lon="100.7727596">
        <ele>4116.39566696786</ele>
        <time>2026-05-03T05:58:27.877Z</time>
        <speed>14.54</speed>
      </trkpt>
      <trkpt lat="30.0613583" lon="100.7731134">
        <ele>4113.554518241095</ele>
        <time>2026-05-03T05:58:31.876Z</time>
        <speed>14.18</speed>
      </trkpt>
      <trkpt lat="30.0609597" lon="100.7734345">
        <ele>4112.483047496323</ele>
        <time>2026-05-03T05:58:35.877Z</time>
        <speed>13.43</speed>
      </trkpt>
      <trkpt lat="30.0605698" lon="100.7737576">
        <ele>4108.628387676466</ele>
        <time>2026-05-03T05:58:39.876Z</time>
        <speed>13.18</speed>
      </trkpt>
      <trkpt lat="30.0601653" lon="100.7740874">
        <ele>4106.529346419314</ele>
        <time>2026-05-03T05:58:43.876Z</time>
        <speed>14.52</speed>
      </trkpt>
      <trkpt lat="30.0597201" lon="100.7744358">
        <ele>4106.327714589887</ele>
        <time>2026-05-03T05:58:47.877Z</time>
        <speed>15.05</speed>
      </trkpt>
      <trkpt lat="30.0592606" lon="100.774809">
        <ele>4105.1899501779535</ele>
        <time>2026-05-03T05:58:51.876Z</time>
        <speed>16.12</speed>
      </trkpt>
      <trkpt lat="30.0587394" lon="100.7752062">
        <ele>4103.051617975469</ele>
        <time>2026-05-03T05:58:55.877Z</time>
        <speed>17.23</speed>
      </trkpt>
      <trkpt lat="30.0581279" lon="100.7756082">
        <ele>4101.359779153405</ele>
        <time>2026-05-03T05:58:59.877Z</time>
        <speed>20.76</speed>
      </trkpt>
      <trkpt lat="30.056986" lon="100.776422">
        <ele>4100.4174782206255</ele>
        <time>2026-05-03T05:59:07.876Z</time>
        <speed>16.79</speed>
      </trkpt>
      <trkpt lat="30.0565339" lon="100.776849">
        <ele>4100.634661697452</ele>
        <time>2026-05-03T05:59:11.877Z</time>
        <speed>15.87</speed>
      </trkpt>
      <trkpt lat="30.0561232" lon="100.7772239">
        <ele>4098.955221916829</ele>
        <time>2026-05-03T05:59:15.877Z</time>
        <speed>14.34</speed>
      </trkpt>
      <trkpt lat="30.0557197" lon="100.7775692">
        <ele>4098.90436071763</ele>
        <time>2026-05-03T05:59:19.877Z</time>
        <speed>13.59</speed>
      </trkpt>
      <trkpt lat="30.0555085" lon="100.7776951">
        <ele>4100.223564916853</ele>
        <time>2026-05-03T05:59:21.877Z</time>
        <speed>13.55</speed>
      </trkpt>
      <trkpt lat="30.0550243" lon="100.7778902">
        <ele>4101.069473275063</ele>
        <time>2026-05-03T05:59:25.876Z</time>
        <speed>14.53</speed>
      </trkpt>
      <trkpt lat="30.0539823" lon="100.7784084">
        <ele>4104.207790250601</ele>
        <time>2026-05-03T05:59:33.876Z</time>
        <speed>15.55</speed>
      </trkpt>
      <trkpt lat="30.0534968" lon="100.7786891">
        <ele>4106.68731455836</ele>
        <time>2026-05-03T05:59:37.877Z</time>
        <speed>14.84</speed>
      </trkpt>
      <trkpt lat="30.053116" lon="100.7790407">
        <ele>4108.105969438508</ele>
        <time>2026-05-03T05:59:41.877Z</time>
        <speed>13.05</speed>
      </trkpt>
      <trkpt lat="30.0529035" lon="100.7795011">
        <ele>4107.125460030848</ele>
        <time>2026-05-03T05:59:45.877Z</time>
        <speed>12.36</speed>
      </trkpt>
      <trkpt lat="30.0527569" lon="100.7799573">
        <ele>4109.27774306478</ele>
        <time>2026-05-03T05:59:49.877Z</time>
        <speed>10.89</speed>
      </trkpt>
      <trkpt lat="30.0525929" lon="100.7803307">
        <ele>4112.981535961507</ele>
        <time>2026-05-03T05:59:53.877Z</time>
        <speed>10.22</speed>
      </trkpt>
      <trkpt lat="30.0523064" lon="100.7805848">
        <ele>4115.1414134139</ele>
        <time>2026-05-03T05:59:57.877Z</time>
        <speed>11.09</speed>
      </trkpt>
      <trkpt lat="30.051957" lon="100.7805722">
        <ele>4117.4345856093805</ele>
        <time>2026-05-03T06:00:01.876Z</time>
        <speed>9.7</speed>
      </trkpt>
      <trkpt lat="30.0515694" lon="100.7804929">
        <ele>4120.636369470233</ele>
        <time>2026-05-03T06:00:05.877Z</time>
        <speed>11.07</speed>
      </trkpt>
      <trkpt lat="30.0511818" lon="100.7804111">
        <ele>4125.476028117134</ele>
        <time>2026-05-03T06:00:09.877Z</time>
        <speed>10.71</speed>
      </trkpt>
      <trkpt lat="30.0508179" lon="100.7803226">
        <ele>4128.108829072903</ele>
        <time>2026-05-03T06:00:13.877Z</time>
        <speed>9.86</speed>
      </trkpt>
      <trkpt lat="30.0501683" lon="100.7802369">
        <ele>4130.11257962403</ele>
        <time>2026-05-03T06:00:21.877Z</time>
        <speed>8.99</speed>
      </trkpt>
      <trkpt lat="30.04984" lon="100.7803014">
        <ele>4133.717252672969</ele>
        <time>2026-05-03T06:00:25.876Z</time>
        <speed>9.47</speed>
      </trkpt>
      <trkpt lat="30.0496657" lon="100.7803665">
        <ele>4134.499801416259</ele>
        <time>2026-05-03T06:00:27.877Z</time>
        <speed>10.06</speed>
      </trkpt>
      <trkpt lat="30.0492602" lon="100.780591">
        <ele>4137.307242434543</ele>
        <time>2026-05-03T06:00:32.877Z</time>
        <speed>9.71</speed>
      </trkpt>
      <trkpt lat="30.0489545" lon="100.7807846">
        <ele>4140.374886117815</ele>
        <time>2026-05-03T06:00:36.877Z</time>
        <speed>9.66</speed>
      </trkpt>
      <trkpt lat="30.048368" lon="100.781143">
        <ele>4146.772206390401</ele>
        <time>2026-05-03T06:00:44.876Z</time>
        <speed>9.21</speed>
      </trkpt>
      <trkpt lat="30.0480672" lon="100.781325">
        <ele>4146.797853674349</ele>
        <time>2026-05-03T06:00:48.877Z</time>
        <speed>9.75</speed>
      </trkpt>
      <trkpt lat="30.0477767" lon="100.7815237">
        <ele>4147.921148490265</ele>
        <time>2026-05-03T06:00:52.877Z</time>
        <speed>9.16</speed>
      </trkpt>
      <trkpt lat="30.0475059" lon="100.7817427">
        <ele>4150.553270568681</ele>
        <time>2026-05-03T06:00:56.877Z</time>
        <speed>9.69</speed>
      </trkpt>
      <trkpt lat="30.0473142" lon="100.7820732">
        <ele>4151.355369150469</ele>
        <time>2026-05-03T06:01:00.876Z</time>
        <speed>9.81</speed>
      </trkpt>
      <trkpt lat="30.0472638" lon="100.7824719">
        <ele>4152.87301321648</ele>
        <time>2026-05-03T06:01:04.877Z</time>
        <speed>9.5</speed>
      </trkpt>
      <trkpt lat="30.0472622" lon="100.7828538">
        <ele>4154.77782475428</ele>
        <time>2026-05-03T06:01:08.877Z</time>
        <speed>8.66</speed>
      </trkpt>
      <trkpt lat="30.0472501" lon="100.7832116">
        <ele>4157.698878804641</ele>
        <time>2026-05-03T06:01:12.877Z</time>
        <speed>8.64</speed>
      </trkpt>
      <trkpt lat="30.047239" lon="100.7835872">
        <ele>4161.292053356018</ele>
        <time>2026-05-03T06:01:16.877Z</time>
        <speed>9.45</speed>
      </trkpt>
      <trkpt lat="30.0471935" lon="100.7839425">
        <ele>4162.218436952847</ele>
        <time>2026-05-03T06:01:20.877Z</time>
        <speed>8.37</speed>
      </trkpt>
      <trkpt lat="30.0470247" lon="100.7842038">
        <ele>4163.825320603726</ele>
        <time>2026-05-03T06:01:24.876Z</time>
        <speed>7.75</speed>
      </trkpt>
      <trkpt lat="30.0467468" lon="100.7843407">
        <ele>4167.667763356762</ele>
        <time>2026-05-03T06:01:28.876Z</time>
        <speed>9.08</speed>
      </trkpt>
      <trkpt lat="30.0464211" lon="100.7844051">
        <ele>4169.509999897897</ele>
        <time>2026-05-03T06:01:32.876Z</time>
        <speed>9.54</speed>
      </trkpt>
      <trkpt lat="30.0462553" lon="100.7844209">
        <ele>4169.866858704471</ele>
        <time>2026-05-03T06:01:34.876Z</time>
        <speed>9.43</speed>
      </trkpt>
      <trkpt lat="30.0459057" lon="100.7844667">
        <ele>4174.248541620481</ele>
        <time>2026-05-03T06:01:38.877Z</time>
        <speed>10.68</speed>
      </trkpt>
      <trkpt lat="30.0453808" lon="100.7845446">
        <ele>4174.330116715465</ele>
        <time>2026-05-03T06:01:42.877Z</time>
        <speed>17.43</speed>
      </trkpt>
      <trkpt lat="30.0448151" lon="100.7846099">
        <ele>4178.780475315703</ele>
        <time>2026-05-03T06:01:46.876Z</time>
        <speed>14.7</speed>
      </trkpt>
      <trkpt lat="30.044128" lon="100.7854503">
        <ele>4182.985660939485</ele>
        <time>2026-05-03T06:01:54.877Z</time>
        <speed>14.58</speed>
      </trkpt>
      <trkpt lat="30.0441127" lon="100.7860258">
        <ele>4185.119288267941</ele>
        <time>2026-05-03T06:01:58.877Z</time>
        <speed>13.27</speed>
      </trkpt>
      <trkpt lat="30.0439861" lon="100.7865329">
        <ele>4188.5479362036895</ele>
        <time>2026-05-03T06:02:02.877Z</time>
        <speed>12.69</speed>
      </trkpt>
      <trkpt lat="30.0436082" lon="100.7869064">
        <ele>4191.326136314354</ele>
        <time>2026-05-03T06:02:06.877Z</time>
        <speed>14.71</speed>
      </trkpt>
      <trkpt lat="30.0431616" lon="100.7872553">
        <ele>4195.693122391117</ele>
        <time>2026-05-03T06:02:10.876Z</time>
        <speed>14.54</speed>
      </trkpt>
      <trkpt lat="30.0428114" lon="100.7877123">
        <ele>4199.118097176931</ele>
        <time>2026-05-03T06:02:14.877Z</time>
        <speed>14.82</speed>
      </trkpt>
      <trkpt lat="30.0426063" lon="100.7883041">
        <ele>4201.979441925128</ele>
        <time>2026-05-03T06:02:18.876Z</time>
        <speed>15.79</speed>
      </trkpt>
      <trkpt lat="30.0424228" lon="100.7888899">
        <ele>4205.86292869401</ele>
        <time>2026-05-03T06:02:22.877Z</time>
        <speed>14.45</speed>
      </trkpt>
      <trkpt lat="30.0422553" lon="100.7894059">
        <ele>4209.50172817423</ele>
        <time>2026-05-03T06:02:26.876Z</time>
        <speed>12.68</speed>
      </trkpt>
      <trkpt lat="30.0419822" lon="100.7897974">
        <ele>4213.041735230171</ele>
        <time>2026-05-03T06:02:30.876Z</time>
        <speed>12.21</speed>
      </trkpt>
      <trkpt lat="30.0415402" lon="100.7898476">
        <ele>4216.598503249555</ele>
        <time>2026-05-03T06:02:34.877Z</time>
        <speed>12.46</speed>
      </trkpt>
      <trkpt lat="30.0411971" lon="100.7894955">
        <ele>4218.854249630085</ele>
        <time>2026-05-03T06:02:38.876Z</time>
        <speed>13.55</speed>
      </trkpt>
      <trkpt lat="30.0410759" lon="100.7892303">
        <ele>4220.046820533371</ele>
        <time>2026-05-03T06:02:40.877Z</time>
        <speed>14.45</speed>
      </trkpt>
      <trkpt lat="30.0407865" lon="100.7885863">
        <ele>4222.318479442518</ele>
        <time>2026-05-03T06:02:45.877Z</time>
        <speed>13.34</speed>
      </trkpt>
      <trkpt lat="30.0404434" lon="100.7883101">
        <ele>4223.95861444743</ele>
        <time>2026-05-03T06:02:49.877Z</time>
        <speed>11.06</speed>
      </trkpt>
      <trkpt lat="30.0400366" lon="100.7884412">
        <ele>4226.527048564161</ele>
        <time>2026-05-03T06:02:53.876Z</time>
        <speed>12.7</speed>
      </trkpt>
      <trkpt lat="30.0396233" lon="100.7887546">
        <ele>4228.599510092675</ele>
        <time>2026-05-03T06:02:57.876Z</time>
        <speed>14.09</speed>
      </trkpt>
      <trkpt lat="30.039207" lon="100.78901">
        <ele>4232.262179601902</ele>
        <time>2026-05-03T06:03:01.877Z</time>
        <speed>12.81</speed>
      </trkpt>
      <trkpt lat="30.0387526" lon="100.7890542">
        <ele>4234.0146484375</ele>
        <time>2026-05-03T06:03:05.876Z</time>
        <speed>12.76</speed>
      </trkpt>
      <trkpt lat="30.0382802" lon="100.7889446">
        <ele>4236.3896484375</ele>
        <time>2026-05-03T06:03:09.877Z</time>
        <speed>13.59</speed>
      </trkpt>
      <trkpt lat="30.0378417" lon="100.7888818">
        <ele>4239.612227268203</ele>
        <time>2026-05-03T06:03:13.876Z</time>
        <speed>11.77</speed>
      </trkpt>
      <trkpt lat="30.0374462" lon="100.7890579">
        <ele>4241.562167936112</ele>
        <time>2026-05-03T06:03:17.877Z</time>
        <speed>11.74</speed>
      </trkpt>
      <trkpt lat="30.0369946" lon="100.7900127">
        <ele>4244.44097567722</ele>
        <time>2026-05-03T06:03:25.876Z</time>
        <speed>15.04</speed>
      </trkpt>
      <trkpt lat="30.0368047" lon="100.7906078">
        <ele>4247.066216160965</ele>
        <time>2026-05-03T06:03:29.876Z</time>
        <speed>14.92</speed>
      </trkpt>
      <trkpt lat="30.0366549" lon="100.7918034">
        <ele>4252.228966541767</ele>
        <time>2026-05-03T06:03:37.877Z</time>
        <speed>14.47</speed>
      </trkpt>
      <trkpt lat="30.0365497" lon="100.7923669">
        <ele>4253.551418588772</ele>
        <time>2026-05-03T06:03:41.877Z</time>
        <speed>13.15</speed>
      </trkpt>
      <trkpt lat="30.0362246" lon="100.7927608">
        <ele>4257.382948396839</ele>
        <time>2026-05-03T06:03:45.877Z</time>
        <speed>14.0</speed>
      </trkpt>
      <trkpt lat="30.0359839" lon="100.7929014">
        <ele>4256.692662439005</ele>
        <time>2026-05-03T06:03:47.876Z</time>
        <speed>15.27</speed>
      </trkpt>
      <trkpt lat="30.0354837" lon="100.7931773">
        <ele>4260.717540596318</ele>
        <time>2026-05-03T06:03:51.877Z</time>
        <speed>14.84</speed>
      </trkpt>
      <trkpt lat="30.0350043" lon="100.7934046">
        <ele>4262.4720023219925</ele>
        <time>2026-05-03T06:03:55.877Z</time>
        <speed>14.21</speed>
      </trkpt>
      <trkpt lat="30.0345163" lon="100.7934168">
        <ele>4263.992569716232</ele>
        <time>2026-05-03T06:03:59.876Z</time>
        <speed>13.83</speed>
      </trkpt>
      <trkpt lat="30.0339904" lon="100.7932679">
        <ele>4265.86710655124</ele>
        <time>2026-05-03T06:04:03.877Z</time>
        <speed>15.78</speed>
      </trkpt>
      <trkpt lat="30.0334339" lon="100.7930842">
        <ele>4267.189800601189</ele>
        <time>2026-05-03T06:04:07.877Z</time>
        <speed>15.93</speed>
      </trkpt>
      <trkpt lat="30.0329029" lon="100.7928986">
        <ele>4269.227680425608</ele>
        <time>2026-05-03T06:04:11.877Z</time>
        <speed>15.28</speed>
      </trkpt>
      <trkpt lat="30.0324457" lon="100.7925611">
        <ele>4270.3677451576805</ele>
        <time>2026-05-03T06:04:15.877Z</time>
        <speed>15.22</speed>
      </trkpt>
      <trkpt lat="30.0321238" lon="100.7920238">
        <ele>4271.180621236239</ele>
        <time>2026-05-03T06:04:19.876Z</time>
        <speed>16.07</speed>
      </trkpt>
      <trkpt lat="30.0318261" lon="100.7914878">
        <ele>4273.478179324182</ele>
        <time>2026-05-03T06:04:23.876Z</time>
        <speed>15.22</speed>
      </trkpt>
      <trkpt lat="30.0314401" lon="100.7911396">
        <ele>4273.127717830333</ele>
        <time>2026-05-03T06:04:27.876Z</time>
        <speed>13.57</speed>
      </trkpt>
      <trkpt lat="30.0309193" lon="100.7911405">
        <ele>4272.225959820735</ele>
        <time>2026-05-03T06:04:31.876Z</time>
        <speed>15.47</speed>
      </trkpt>
      <trkpt lat="30.0303217" lon="100.7912583">
        <ele>4270.947381120832</ele>
        <time>2026-05-03T06:04:35.877Z</time>
        <speed>17.5</speed>
      </trkpt>
      <trkpt lat="30.0296855" lon="100.7913788">
        <ele>4270.760063106279</ele>
        <time>2026-05-03T06:04:39.876Z</time>
        <speed>18.09</speed>
      </trkpt>
      <trkpt lat="30.0279961" lon="100.7917516">
        <ele>4266.95746113562</ele>
        <time>2026-05-03T06:04:51.877Z</time>
        <speed>10.93</speed>
      </trkpt>
      <trkpt lat="30.0278389" lon="100.7917779">
        <ele>4265.302498932785</ele>
        <time>2026-05-03T06:04:53.876Z</time>
        <speed>8.88</speed>
      </trkpt>
      <trkpt lat="30.0273519" lon="100.7917994">
        <ele>4259.930289888533</ele>
        <time>2026-05-03T06:04:58.876Z</time>
        <speed>13.44</speed>
      </trkpt>
      <trkpt lat="30.0268395" lon="100.7917883">
        <ele>4259.3951840142</ele>
        <time>2026-05-03T06:05:02.876Z</time>
        <speed>14.53</speed>
      </trkpt>
      <trkpt lat="30.0263233" lon="100.7917749">
        <ele>4257.690984765112</ele>
        <time>2026-05-03T06:05:06.877Z</time>
        <speed>13.7</speed>
      </trkpt>
      <trkpt lat="30.0254913" lon="100.7922439">
        <ele>4251.890864849429</ele>
        <time>2026-05-03T06:05:14.877Z</time>
        <speed>13.97</speed>
      </trkpt>
      <trkpt lat="30.0253007" lon="100.7927729">
        <ele>4250.199743940558</ele>
        <time>2026-05-03T06:05:18.877Z</time>
        <speed>13.59</speed>
      </trkpt>
      <trkpt lat="30.0245911" lon="100.7934932">
        <ele>4244.830605757329</ele>
        <time>2026-05-03T06:05:26.876Z</time>
        <speed>15.04</speed>
      </trkpt>
      <trkpt lat="30.0239999" lon="100.7936935">
        <ele>4243.664768731016</ele>
        <time>2026-05-03T06:05:30.877Z</time>
        <speed>17.5</speed>
      </trkpt>
      <trkpt lat="30.0221226" lon="100.7942416">
        <ele>4237.861019380335</ele>
        <time>2026-05-03T06:05:42.876Z</time>
        <speed>16.66</speed>
      </trkpt>
      <trkpt lat="30.0215727" lon="100.7943999">
        <ele>4235.002060036359</ele>
        <time>2026-05-03T06:05:46.876Z</time>
        <speed>14.9</speed>
      </trkpt>
      <trkpt lat="30.0211012" lon="100.7945874">
        <ele>4230.798072189453</ele>
        <time>2026-05-03T06:05:50.876Z</time>
        <speed>13.04</speed>
      </trkpt>
      <trkpt lat="30.020714" lon="100.7954364">
        <ele>4224.74231450741</ele>
        <time>2026-05-03T06:05:58.877Z</time>
        <speed>11.61</speed>
      </trkpt>
      <trkpt lat="30.0211164" lon="100.7960602">
        <ele>4224.287528064839</ele>
        <time>2026-05-03T06:06:04.876Z</time>
        <speed>13.5</speed>
      </trkpt>
      <trkpt lat="30.0215036" lon="100.7964432">
        <ele>4225.485133578444</ele>
        <time>2026-05-03T06:06:08.876Z</time>
        <speed>14.35</speed>
      </trkpt>
      <trkpt lat="30.0219252" lon="100.7968063">
        <ele>4228.464192781358</ele>
        <time>2026-05-03T06:06:12.876Z</time>
        <speed>14.4</speed>
      </trkpt>
      <trkpt lat="30.0228604" lon="100.797299">
        <ele>4232.059171396771</ele>
        <time>2026-05-03T06:06:20.876Z</time>
        <speed>12.96</speed>
      </trkpt>
      <trkpt lat="30.0237691" lon="100.7977754">
        <ele>4236.859428027599</ele>
        <time>2026-05-03T06:06:28.877Z</time>
        <speed>15.11</speed>
      </trkpt>
      <trkpt lat="30.0241439" lon="100.7982498">
        <ele>4240.062913131396</ele>
        <time>2026-05-03T06:06:32.876Z</time>
        <speed>15.91</speed>
      </trkpt>
      <trkpt lat="30.0246869" lon="100.7994812">
        <ele>4249.492523463261</ele>
        <time>2026-05-03T06:06:40.877Z</time>
        <speed>16.46</speed>
      </trkpt>
      <trkpt lat="30.0249391" lon="100.8000486">
        <ele>4253.794026877089</ele>
        <time>2026-05-03T06:06:44.876Z</time>
        <speed>14.27</speed>
      </trkpt>
      <trkpt lat="30.0258055" lon="100.8004496">
        <ele>4257.153000188177</ele>
        <time>2026-05-03T06:06:52.877Z</time>
        <speed>14.17</speed>
      </trkpt>
      <trkpt lat="30.0263295" lon="100.8004432">
        <ele>4260.342597112962</ele>
        <time>2026-05-03T06:06:56.877Z</time>
        <speed>14.83</speed>
      </trkpt>
      <trkpt lat="30.0277139" lon="100.8008546">
        <ele>4269.429817109051</ele>
        <time>2026-05-03T06:07:06.877Z</time>
        <speed>16.66</speed>
      </trkpt>
      <trkpt lat="30.028295" lon="100.8011897">
        <ele>4272.457349597077</ele>
        <time>2026-05-03T06:07:11.876Z</time>
        <speed>12.62</speed>
      </trkpt>
      <trkpt lat="30.0284466" lon="100.8016152">
        <ele>4272.941767311895</ele>
        <time>2026-05-03T06:07:15.876Z</time>
        <speed>11.29</speed>
      </trkpt>
      <trkpt lat="30.0282189" lon="100.8020414">
        <ele>4272.868119328539</ele>
        <time>2026-05-03T06:07:19.877Z</time>
        <speed>13.63</speed>
      </trkpt>
      <trkpt lat="30.0277758" lon="100.8024927">
        <ele>4273.035371114687</ele>
        <time>2026-05-03T06:07:23.877Z</time>
        <speed>17.67</speed>
      </trkpt>
      <trkpt lat="30.0268824" lon="100.8034612">
        <ele>4273.353015568089</ele>
        <time>2026-05-03T06:07:31.877Z</time>
        <speed>15.03</speed>
      </trkpt>
      <trkpt lat="30.0266727" lon="100.8040117">
        <ele>4270.289460401152</ele>
        <time>2026-05-03T06:07:35.877Z</time>
        <speed>14.49</speed>
      </trkpt>
      <trkpt lat="30.026448" lon="100.8051403">
        <ele>4266.500585446455</ele>
        <time>2026-05-03T06:07:43.877Z</time>
        <speed>13.67</speed>
      </trkpt>
      <trkpt lat="30.0260057" lon="100.8055378">
        <ele>4263.983073309165</ele>
        <time>2026-05-03T06:07:47.877Z</time>
        <speed>16.55</speed>
      </trkpt>
      <trkpt lat="30.0248983" lon="100.8063556">
        <ele>4260.495279719298</ele>
        <time>2026-05-03T06:07:55.877Z</time>
        <speed>17.97</speed>
      </trkpt>
      <trkpt lat="30.0242944" lon="100.8066515">
        <ele>4258.699437839163</ele>
        <time>2026-05-03T06:07:59.876Z</time>
        <speed>18.6</speed>
      </trkpt>
      <trkpt lat="30.0236898" lon="100.8068345">
        <ele>4257.103909626597</ele>
        <time>2026-05-03T06:08:03.877Z</time>
        <speed>17.03</speed>
      </trkpt>
      <trkpt lat="30.0230991" lon="100.8068699">
        <ele>4254.248398792003</ele>
        <time>2026-05-03T06:08:07.877Z</time>
        <speed>16.52</speed>
      </trkpt>
      <trkpt lat="30.0224985" lon="100.8068268">
        <ele>4252.149553906504</ele>
        <time>2026-05-03T06:08:11.877Z</time>
        <speed>16.3</speed>
      </trkpt>
      <trkpt lat="30.0222162" lon="100.8068169">
        <ele>4251.502615004843</ele>
        <time>2026-05-03T06:08:13.877Z</time>
        <speed>15.71</speed>
      </trkpt>
      <trkpt lat="30.0216946" lon="100.8069307">
        <ele>4247.728033798516</ele>
        <time>2026-05-03T06:08:17.877Z</time>
        <speed>14.41</speed>
      </trkpt>
      <trkpt lat="30.0213276" lon="100.8073231">
        <ele>4243.962970956669</ele>
        <time>2026-05-03T06:08:21.877Z</time>
        <speed>14.2</speed>
      </trkpt>
      <trkpt lat="30.0211444" lon="100.8079104">
        <ele>4241.484796424545</ele>
        <time>2026-05-03T06:08:25.877Z</time>
        <speed>15.42</speed>
      </trkpt>
      <trkpt lat="30.0209216" lon="100.8085063">
        <ele>4239.443533409514</ele>
        <time>2026-05-03T06:08:29.877Z</time>
        <speed>16.06</speed>
      </trkpt>
      <trkpt lat="30.0195406" lon="100.8100132">
        <ele>4233.379437632932</ele>
        <time>2026-05-03T06:08:41.876Z</time>
        <speed>17.21</speed>
      </trkpt>
      <trkpt lat="30.0191017" lon="100.8104775">
        <ele>4229.856614599995</ele>
        <time>2026-05-03T06:08:45.877Z</time>
        <speed>15.53</speed>
      </trkpt>
      <trkpt lat="30.0187258" lon="100.8108963">
        <ele>4228.850542415793</ele>
        <time>2026-05-03T06:08:49.877Z</time>
        <speed>13.92</speed>
      </trkpt>
      <trkpt lat="30.0186546" lon="100.8118336">
        <ele>4227.91220923402</ele>
        <time>2026-05-03T06:08:57.876Z</time>
        <speed>11.44</speed>
      </trkpt>
      <trkpt lat="30.0190257" lon="100.8120677">
        <ele>4228.728868590578</ele>
        <time>2026-05-03T06:09:01.876Z</time>
        <speed>12.51</speed>
      </trkpt>
      <trkpt lat="30.0195293" lon="100.8121272">
        <ele>4228.460009312095</ele>
        <time>2026-05-03T06:09:05.876Z</time>
        <speed>15.6</speed>
      </trkpt>
      <trkpt lat="30.0201112" lon="100.8121579">
        <ele>4231.524929297043</ele>
        <time>2026-05-03T06:09:09.876Z</time>
        <speed>16.2</speed>
      </trkpt>
      <trkpt lat="30.0206957" lon="100.8121843">
        <ele>4233.79510328536</ele>
        <time>2026-05-03T06:09:13.876Z</time>
        <speed>16.03</speed>
      </trkpt>
      <trkpt lat="30.0222835" lon="100.8120993">
        <ele>4240.45403472119</ele>
        <time>2026-05-03T06:09:24.876Z</time>
        <speed>15.44</speed>
      </trkpt>
      <trkpt lat="30.0233606" lon="100.8122737">
        <ele>4242.903570976118</ele>
        <time>2026-05-03T06:09:32.877Z</time>
        <speed>14.92</speed>
      </trkpt>
      <trkpt lat="30.023756" lon="100.8126761">
        <ele>4244.869679857632</ele>
        <time>2026-05-03T06:09:36.877Z</time>
        <speed>14.71</speed>
      </trkpt>
      <trkpt lat="30.0241257" lon="100.8130942">
        <ele>4246.041791533727</ele>
        <time>2026-05-03T06:09:40.876Z</time>
        <speed>14.31</speed>
      </trkpt>
      <trkpt lat="30.0246108" lon="100.8132311">
        <ele>4247.767192368006</ele>
        <time>2026-05-03T06:09:44.877Z</time>
        <speed>14.22</speed>
      </trkpt>
      <trkpt lat="30.0251153" lon="100.8132325">
        <ele>4249.323866566929</ele>
        <time>2026-05-03T06:09:48.877Z</time>
        <speed>13.43</speed>
      </trkpt>
      <trkpt lat="30.025503" lon="100.8135214">
        <ele>4250.285247640353</ele>
        <time>2026-05-03T06:09:52.876Z</time>
        <speed>13.11</speed>
      </trkpt>
      <trkpt lat="30.0256671" lon="100.8140635">
        <ele>4250.701809643993</ele>
        <time>2026-05-03T06:09:56.876Z</time>
        <speed>14.78</speed>
      </trkpt>
      <trkpt lat="30.0257948" lon="100.8146605">
        <ele>4250.609810286276</ele>
        <time>2026-05-03T06:10:00.876Z</time>
        <speed>14.37</speed>
      </trkpt>
      <trkpt lat="30.0264543" lon="100.8151795">
        <ele>4253.140991966097</ele>
        <time>2026-05-03T06:10:08.876Z</time>
        <speed>12.65</speed>
      </trkpt>
      <trkpt lat="30.0280888" lon="100.8144654">
        <ele>4257.19920007558</ele>
        <time>2026-05-03T06:10:20.877Z</time>
        <speed>17.76</speed>
      </trkpt>
      <trkpt lat="30.0286924" lon="100.8142614">
        <ele>4259.690873562216</ele>
        <time>2026-05-03T06:10:24.877Z</time>
        <speed>16.84</speed>
      </trkpt>
      <trkpt lat="30.0294199" lon="100.8139126">
        <ele>4261.407747242569</ele>
        <time>2026-05-03T06:10:30.876Z</time>
        <speed>14.27</speed>
      </trkpt>
      <trkpt lat="30.0298654" lon="100.8136305">
        <ele>4263.359546178385</ele>
        <time>2026-05-03T06:10:34.877Z</time>
        <speed>13.43</speed>
      </trkpt>
      <trkpt lat="30.0307819" lon="100.8134969">
        <ele>4263.785475938238</ele>
        <time>2026-05-03T06:10:42.877Z</time>
        <speed>13.96</speed>
      </trkpt>
      <trkpt lat="30.0313117" lon="100.8135863">
        <ele>4265.391160674367</ele>
        <time>2026-05-03T06:10:46.877Z</time>
        <speed>15.14</speed>
      </trkpt>
      <trkpt lat="30.0318595" lon="100.8136811">
        <ele>4267.048832177456</ele>
        <time>2026-05-03T06:10:50.876Z</time>
        <speed>15.22</speed>
      </trkpt>
      <trkpt lat="30.0323526" lon="100.8138192">
        <ele>4267.9572948495</ele>
        <time>2026-05-03T06:10:54.877Z</time>
        <speed>13.91</speed>
      </trkpt>
      <trkpt lat="30.0327524" lon="100.8141211">
        <ele>4267.58215186305</ele>
        <time>2026-05-03T06:10:58.877Z</time>
        <speed>12.59</speed>
      </trkpt>
      <trkpt lat="30.0329189" lon="100.8145258">
        <ele>4268.731285482176</ele>
        <time>2026-05-03T06:11:02.876Z</time>
        <speed>10.55</speed>
      </trkpt>
      <trkpt lat="30.0321263" lon="100.8157041">
        <ele>4267.853399240024</ele>
        <time>2026-05-03T06:11:14.877Z</time>
        <speed>14.29</speed>
      </trkpt>
      <trkpt lat="30.0318337" lon="100.8161899">
        <ele>4266.001768510984</ele>
        <time>2026-05-03T06:11:18.877Z</time>
        <speed>14.66</speed>
      </trkpt>
      <trkpt lat="30.03166" lon="100.817292">
        <ele>4264.111638026924</ele>
        <time>2026-05-03T06:11:26.876Z</time>
        <speed>12.04</speed>
      </trkpt>
      <trkpt lat="30.0312566" lon="100.8178437">
        <ele>4262.038102912655</ele>
        <time>2026-05-03T06:11:32.876Z</time>
        <speed>11.42</speed>
      </trkpt>
      <trkpt lat="30.030849" lon="100.8181642">
        <ele>4261.4197072447505</ele>
        <time>2026-05-03T06:11:37.876Z</time>
        <speed>10.79</speed>
      </trkpt>
      <trkpt lat="30.0306295" lon="100.818534">
        <ele>4260.440055077406</ele>
        <time>2026-05-03T06:11:41.877Z</time>
        <speed>11.21</speed>
      </trkpt>
      <trkpt lat="30.0303326" lon="100.819958">
        <ele>4257.991907452336</ele>
        <time>2026-05-03T06:11:57.876Z</time>
        <speed>8.79</speed>
      </trkpt>
      <trkpt lat="30.0300151" lon="100.8201352">
        <ele>4258.104080342308</ele>
        <time>2026-05-03T06:12:01.877Z</time>
        <speed>10.36</speed>
      </trkpt>
      <trkpt lat="30.0295817" lon="100.8201833">
        <ele>4257.9510368805695</ele>
        <time>2026-05-03T06:12:05.877Z</time>
        <speed>12.31</speed>
      </trkpt>
      <trkpt lat="30.0280978" lon="100.8203392">
        <ele>4254.309563839685</ele>
        <time>2026-05-03T06:12:21.877Z</time>
        <speed>11.51</speed>
      </trkpt>
      <trkpt lat="30.0273954" lon="100.8205651">
        <ele>4251.755806099488</ele>
        <time>2026-05-03T06:12:29.877Z</time>
        <speed>9.32</speed>
      </trkpt>
      <trkpt lat="30.0270848" lon="100.8207117">
        <ele>4251.177102451471</ele>
        <time>2026-05-03T06:12:33.877Z</time>
        <speed>9.47</speed>
      </trkpt>
      <trkpt lat="30.0268929" lon="100.821049">
        <ele>4250.128638073223</ele>
        <time>2026-05-03T06:12:37.877Z</time>
        <speed>9.67</speed>
      </trkpt>
      <trkpt lat="30.0268716" lon="100.8212568">
        <ele>4249.86803729752</ele>
        <time>2026-05-03T06:12:39.877Z</time>
        <speed>10.46</speed>
      </trkpt>
      <trkpt lat="30.0269928" lon="100.8222591">
        <ele>4248.5959815313745</ele>
        <time>2026-05-03T06:12:47.876Z</time>
        <speed>11.42</speed>
      </trkpt>
      <trkpt lat="30.0270591" lon="100.8230715">
        <ele>4244.64253294015</ele>
        <time>2026-05-03T06:12:55.877Z</time>
        <speed>9.13</speed>
      </trkpt>
      <trkpt lat="30.026962" lon="100.8234403">
        <ele>4244.2612871244055</ele>
        <time>2026-05-03T06:12:59.876Z</time>
        <speed>9.63</speed>
      </trkpt>
      <trkpt lat="30.0266894" lon="100.8237126">
        <ele>4243.64502717985</ele>
        <time>2026-05-03T06:13:03.876Z</time>
        <speed>10.65</speed>
      </trkpt>
      <trkpt lat="30.0262832" lon="100.8238395">
        <ele>4243.414789817469</ele>
        <time>2026-05-03T06:13:07.877Z</time>
        <speed>12.43</speed>
      </trkpt>
      <trkpt lat="30.0258507" lon="100.8239237">
        <ele>4242.663283628827</ele>
        <time>2026-05-03T06:13:11.876Z</time>
        <speed>12.39</speed>
      </trkpt>
      <trkpt lat="30.025409" lon="100.8240055">
        <ele>4241.565207180144</ele>
        <time>2026-05-03T06:13:15.876Z</time>
        <speed>12.3</speed>
      </trkpt>
      <trkpt lat="30.0249477" lon="100.8240837">
        <ele>4240.70189560163</ele>
        <time>2026-05-03T06:13:19.876Z</time>
        <speed>13.27</speed>
      </trkpt>
      <trkpt lat="30.0244584" lon="100.8242029">
        <ele>4238.623691338307</ele>
        <time>2026-05-03T06:13:23.877Z</time>
        <speed>14.25</speed>
      </trkpt>
      <trkpt lat="30.0238653" lon="100.8242954">
        <ele>4238.970929621815</ele>
        <time>2026-05-03T06:13:27.876Z</time>
        <speed>17.77</speed>
      </trkpt>
      <trkpt lat="30.023191" lon="100.8243263">
        <ele>4239.145250848985</ele>
        <time>2026-05-03T06:13:31.876Z</time>
        <speed>18.5</speed>
      </trkpt>
      <trkpt lat="30.0225578" lon="100.824393">
        <ele>4237.70016757818</ele>
        <time>2026-05-03T06:13:35.877Z</time>
        <speed>16.27</speed>
      </trkpt>
      <trkpt lat="30.0220441" lon="100.824565">
        <ele>4235.316609926325</ele>
        <time>2026-05-03T06:13:39.877Z</time>
        <speed>14.54</speed>
      </trkpt>
      <trkpt lat="30.0216848" lon="100.8249213">
        <ele>4232.453221854185</ele>
        <time>2026-05-03T06:13:43.877Z</time>
        <speed>12.4</speed>
      </trkpt>
      <trkpt lat="30.021781" lon="100.8258185">
        <ele>4228.4047725007695</ele>
        <time>2026-05-03T06:13:50.876Z</time>
        <speed>14.75</speed>
      </trkpt>
      <trkpt lat="30.0220804" lon="100.8263855">
        <ele>4228.84312258289</ele>
        <time>2026-05-03T06:13:54.877Z</time>
        <speed>16.57</speed>
      </trkpt>
      <trkpt lat="30.0223899" lon="100.8269954">
        <ele>4228.759098192533</ele>
        <time>2026-05-03T06:13:58.877Z</time>
        <speed>16.94</speed>
      </trkpt>
      <trkpt lat="30.022943" lon="100.8280653">
        <ele>4227.255478445023</ele>
        <time>2026-05-03T06:14:06.877Z</time>
        <speed>13.65</speed>
      </trkpt>
      <trkpt lat="30.0229149" lon="100.8291462">
        <ele>4226.364404431824</ele>
        <time>2026-05-03T06:14:14.877Z</time>
        <speed>14.47</speed>
      </trkpt>
      <trkpt lat="30.0226731" lon="100.8296359">
        <ele>4224.504737065157</ele>
        <time>2026-05-03T06:14:18.877Z</time>
        <speed>12.72</speed>
      </trkpt>
      <trkpt lat="30.0224555" lon="100.8301015">
        <ele>4220.681961247974</ele>
        <time>2026-05-03T06:14:22.876Z</time>
        <speed>13.69</speed>
      </trkpt>
      <trkpt lat="30.0222187" lon="100.8306437">
        <ele>4219.8909594324205</ele>
        <time>2026-05-03T06:14:26.877Z</time>
        <speed>15.04</speed>
      </trkpt>
      <trkpt lat="30.0219649" lon="100.8311698">
        <ele>4218.006587229481</ele>
        <time>2026-05-03T06:14:30.876Z</time>
        <speed>13.98</speed>
      </trkpt>
      <trkpt lat="30.021218" lon="100.8316617">
        <ele>4213.417847486717</ele>
        <time>2026-05-03T06:14:38.877Z</time>
        <speed>12.68</speed>
      </trkpt>
      <trkpt lat="30.0207053" lon="100.8315305">
        <ele>4211.9062154229305</ele>
        <time>2026-05-03T06:14:42.876Z</time>
        <speed>15.52</speed>
      </trkpt>
      <trkpt lat="30.0201658" lon="100.8313803">
        <ele>4211.234112566438</ele>
        <time>2026-05-03T06:14:46.877Z</time>
        <speed>15.28</speed>
      </trkpt>
      <trkpt lat="30.0196266" lon="100.8313108">
        <ele>4209.440654464144</ele>
        <time>2026-05-03T06:14:50.877Z</time>
        <speed>15.39</speed>
      </trkpt>
      <trkpt lat="30.0188042" lon="100.831456">
        <ele>4208.203841729537</ele>
        <time>2026-05-03T06:14:56.876Z</time>
        <speed>15.47</speed>
      </trkpt>
      <trkpt lat="30.0177635" lon="100.8317359">
        <ele>4207.404701284342</ele>
        <time>2026-05-03T06:15:04.876Z</time>
        <speed>13.4</speed>
      </trkpt>
      <trkpt lat="30.0173928" lon="100.8319306">
        <ele>4208.054359814004</ele>
        <time>2026-05-03T06:15:08.877Z</time>
        <speed>10.71</speed>
      </trkpt>
      <trkpt lat="30.0172579" lon="100.8323388">
        <ele>4208.537492737223</ele>
        <time>2026-05-03T06:15:12.876Z</time>
        <speed>10.53</speed>
      </trkpt>
      <trkpt lat="30.0174266" lon="100.8327345">
        <ele>4209.132625147694</ele>
        <time>2026-05-03T06:15:16.877Z</time>
        <speed>10.92</speed>
      </trkpt>
      <trkpt lat="30.0178014" lon="100.8330573">
        <ele>4208.930168617795</ele>
        <time>2026-05-03T06:15:20.876Z</time>
        <speed>13.51</speed>
      </trkpt>
      <trkpt lat="30.0181595" lon="100.8334163">
        <ele>4211.352627390714</ele>
        <time>2026-05-03T06:15:24.876Z</time>
        <speed>12.66</speed>
      </trkpt>
      <trkpt lat="30.0179713" lon="100.8342523">
        <ele>4214.574734782747</ele>
        <time>2026-05-03T06:15:32.876Z</time>
        <speed>12.34</speed>
      </trkpt>
      <trkpt lat="30.0176049" lon="100.8346134">
        <ele>4217.130383916506</ele>
        <time>2026-05-03T06:15:36.877Z</time>
        <speed>13.38</speed>
      </trkpt>
      <trkpt lat="30.0172657" lon="100.8350322">
        <ele>4219.508979585196</ele>
        <time>2026-05-03T06:15:40.876Z</time>
        <speed>13.93</speed>
      </trkpt>
      <trkpt lat="30.0166636" lon="100.8360381">
        <ele>4221.8660011518405</ele>
        <time>2026-05-03T06:15:48.876Z</time>
        <speed>13.93</speed>
      </trkpt>
      <trkpt lat="30.016458" lon="100.8363719">
        <ele>4224.128850008915</ele>
        <time>2026-05-03T06:15:52.877Z</time>
        <speed>7.9</speed>
      </trkpt>
      <trkpt lat="30.0163327" lon="100.8365522">
        <ele>4224.825272983646</ele>
        <time>2026-05-03T06:15:56.876Z</time>
        <speed>5.43</speed>
      </trkpt>
      <trkpt lat="30.0159673" lon="100.8370632">
        <ele>4226.415945004431</ele>
        <time>2026-05-03T06:16:03.877Z</time>
        <speed>11.4</speed>
      </trkpt>
      <trkpt lat="30.0156507" lon="100.8373809">
        <ele>4228.410522509781</ele>
        <time>2026-05-03T06:16:07.877Z</time>
        <speed>12.23</speed>
      </trkpt>
      <trkpt lat="30.0152195" lon="100.8376001">
        <ele>4230.164855896091</ele>
        <time>2026-05-03T06:16:11.877Z</time>
        <speed>13.89</speed>
      </trkpt>
      <trkpt lat="30.0147332" lon="100.8377879">
        <ele>4231.4539182252065</ele>
        <time>2026-05-03T06:16:15.877Z</time>
        <speed>14.24</speed>
      </trkpt>
      <trkpt lat="30.0142785" lon="100.8379988">
        <ele>4233.3022034915475</ele>
        <time>2026-05-03T06:16:19.876Z</time>
        <speed>13.49</speed>
      </trkpt>
      <trkpt lat="30.0138613" lon="100.8382234">
        <ele>4235.498201889078</ele>
        <time>2026-05-03T06:16:23.876Z</time>
        <speed>12.63</speed>
      </trkpt>
      <trkpt lat="30.0136851" lon="100.8393582">
        <ele>4238.661236451053</ele>
        <time>2026-05-03T06:16:35.877Z</time>
        <speed>13.08</speed>
      </trkpt>
      <trkpt lat="30.0139921" lon="100.839785">
        <ele>4240.756514731815</ele>
        <time>2026-05-03T06:16:39.877Z</time>
        <speed>13.62</speed>
      </trkpt>
      <trkpt lat="30.0143484" lon="100.8407167">
        <ele>4245.299903651614</ele>
        <time>2026-05-03T06:16:47.877Z</time>
        <speed>12.61</speed>
      </trkpt>
      <trkpt lat="30.0141491" lon="100.8412639">
        <ele>4247.7403988144015</ele>
        <time>2026-05-03T06:16:51.876Z</time>
        <speed>15.38</speed>
      </trkpt>
      <trkpt lat="30.0135528" lon="100.8423485">
        <ele>4250.985705761732</ele>
        <time>2026-05-03T06:16:59.876Z</time>
        <speed>15.36</speed>
      </trkpt>
      <trkpt lat="30.0129495" lon="100.8426902">
        <ele>4251.802041439328</ele>
        <time>2026-05-03T06:17:04.877Z</time>
        <speed>15.13</speed>
      </trkpt>
      <trkpt lat="30.0123918" lon="100.8427065">
        <ele>4251.587906988734</ele>
        <time>2026-05-03T06:17:08.876Z</time>
        <speed>16.49</speed>
      </trkpt>
      <trkpt lat="30.0117648" lon="100.8426296">
        <ele>4252.212275363963</ele>
        <time>2026-05-03T06:17:12.876Z</time>
        <speed>17.86</speed>
      </trkpt>
      <trkpt lat="30.0093077" lon="100.842526">
        <ele>4253.209220028359</ele>
        <time>2026-05-03T06:17:28.876Z</time>
        <speed>17.92</speed>
      </trkpt>
      <trkpt lat="30.0086524" lon="100.8426324">
        <ele>4249.841005096648</ele>
        <time>2026-05-03T06:17:32.877Z</time>
        <speed>18.4</speed>
      </trkpt>
      <trkpt lat="30.0079726" lon="100.8427476">
        <ele>4244.623020125019</ele>
        <time>2026-05-03T06:17:36.877Z</time>
        <speed>19.19</speed>
      </trkpt>
      <trkpt lat="30.0066676" lon="100.8429406">
        <ele>4235.67569076546</ele>
        <time>2026-05-03T06:17:44.877Z</time>
        <speed>17.1</speed>
      </trkpt>
      <trkpt lat="30.006079" lon="100.8430337">
        <ele>4233.488732440625</ele>
        <time>2026-05-03T06:17:48.877Z</time>
        <speed>16.26</speed>
      </trkpt>
      <trkpt lat="30.005111" lon="100.8434355">
        <ele>4228.303967440894</ele>
        <time>2026-05-03T06:17:56.876Z</time>
        <speed>12.76</speed>
      </trkpt>
      <trkpt lat="30.0048425" lon="100.8438953">
        <ele>4226.240483206583</ele>
        <time>2026-05-03T06:18:00.877Z</time>
        <speed>13.89</speed>
      </trkpt>
      <trkpt lat="30.0046863" lon="100.8451584">
        <ele>4222.408820261247</ele>
        <time>2026-05-03T06:18:08.877Z</time>
        <speed>16.45</speed>
      </trkpt>
      <trkpt lat="30.0046608" lon="100.8458138">
        <ele>4219.901751574155</ele>
        <time>2026-05-03T06:18:12.876Z</time>
        <speed>15.43</speed>
      </trkpt>
      <trkpt lat="30.0046438" lon="100.846442">
        <ele>4219.792344476075</ele>
        <time>2026-05-03T06:18:16.877Z</time>
        <speed>15.2</speed>
      </trkpt>
      <trkpt lat="30.0023312" lon="100.869181">
        <ele>4164.2911006565555</ele>
        <time>2026-05-03T06:20:36.877Z</time>
        <speed>15.04</speed>
      </trkpt>
      <trkpt lat="30.0010981" lon="100.8699899">
        <ele>4157.372801820521</ele>
        <time>2026-05-03T06:20:49.876Z</time>
        <speed>14.55</speed>
      </trkpt>
      <trkpt lat="30.0006076" lon="100.8702489">
        <ele>4156.1165690341195</ele>
        <time>2026-05-03T06:20:53.876Z</time>
        <speed>15.64</speed>
      </trkpt>
      <trkpt lat="30.0000781" lon="100.8704378">
        <ele>4152.391475890274</ele>
        <time>2026-05-03T06:20:57.876Z</time>
        <speed>15.76</speed>
      </trkpt>
      <trkpt lat="29.9995593" lon="100.8706666">
        <ele>4148.955681527316</ele>
        <time>2026-05-03T06:21:01.877Z</time>
        <speed>14.45</speed>
      </trkpt>
      <trkpt lat="29.9990731" lon="100.8708734">
        <ele>4145.321901529938</ele>
        <time>2026-05-03T06:21:05.877Z</time>
        <speed>14.14</speed>
      </trkpt>
      <trkpt lat="29.9985789" lon="100.8709859">
        <ele>4140.116185655665</ele>
        <time>2026-05-03T06:21:09.877Z</time>
        <speed>14.26</speed>
      </trkpt>
      <trkpt lat="29.9981031" lon="100.8709161">
        <ele>4137.580311650866</ele>
        <time>2026-05-03T06:21:13.876Z</time>
        <speed>13.71</speed>
      </trkpt>
      <trkpt lat="29.99764" lon="100.8707335">
        <ele>4134.48760263413</ele>
        <time>2026-05-03T06:21:17.876Z</time>
        <speed>13.07</speed>
      </trkpt>
      <trkpt lat="29.9973342" lon="100.870501">
        <ele>4133.910780992898</ele>
        <time>2026-05-03T06:21:20.877Z</time>
        <speed>13.79</speed>
      </trkpt>
      <trkpt lat="29.9968383" lon="100.8700508">
        <ele>4130.158758623093</ele>
        <time>2026-05-03T06:21:25.876Z</time>
        <speed>14.52</speed>
      </trkpt>
      <trkpt lat="29.9964646" lon="100.8696377">
        <ele>4128.258971168022</ele>
        <time>2026-05-03T06:21:29.876Z</time>
        <speed>15.28</speed>
      </trkpt>
      <trkpt lat="29.9959793" lon="100.8691849">
        <ele>4124.644645034777</ele>
        <time>2026-05-03T06:21:33.877Z</time>
        <speed>14.6</speed>
      </trkpt>
      <trkpt lat="29.9950447" lon="100.8686888">
        <ele>4115.515489432912</ele>
        <time>2026-05-03T06:21:41.877Z</time>
        <speed>14.01</speed>
      </trkpt>
      <trkpt lat="29.9946068" lon="100.868357">
        <ele>4111.597228845666</ele>
        <time>2026-05-03T06:21:45.877Z</time>
      </trkpt>
      <trkpt lat="29.9947009" lon="100.8689613">
        <ele>4103.583449867568</ele>
        <time>2026-05-03T06:21:58.876Z</time>
        <speed>11.79</speed>
      </trkpt>
      <trkpt lat="29.9951744" lon="100.8690866">
        <ele>4102.933546551491</ele>
        <time>2026-05-03T06:22:02.876Z</time>
        <speed>13.5</speed>
      </trkpt>
      <trkpt lat="29.9955349" lon="100.8694084">
        <ele>4100.70693233176</ele>
        <time>2026-05-03T06:22:06.876Z</time>
        <speed>13.97</speed>
      </trkpt>
      <trkpt lat="29.9959893" lon="100.8697261">
        <ele>4097.842388945694</ele>
        <time>2026-05-03T06:22:10.876Z</time>
        <speed>14.44</speed>
      </trkpt>
      <trkpt lat="29.9963883" lon="100.8702342">
        <ele>4092.988199192073</ele>
        <time>2026-05-03T06:22:14.876Z</time>
        <speed>15.24</speed>
      </trkpt>
      <trkpt lat="29.9966875" lon="100.8707096">
        <ele>4088.7563356612327</ele>
        <time>2026-05-03T06:22:18.877Z</time>
        <speed>15.44</speed>
      </trkpt>
      <trkpt lat="29.9970926" lon="100.8711042">
        <ele>4085.169076558398</ele>
        <time>2026-05-03T06:22:22.877Z</time>
        <speed>16.17</speed>
      </trkpt>
      <trkpt lat="29.9975297" lon="100.8715781">
        <ele>4080.4611113604215</ele>
        <time>2026-05-03T06:22:26.876Z</time>
        <speed>16.57</speed>
      </trkpt>
      <trkpt lat="29.997933" lon="100.8720165">
        <ele>4078.7278429935996</ele>
        <time>2026-05-03T06:22:30.877Z</time>
        <speed>14.03</speed>
      </trkpt>
      <trkpt lat="29.9987244" lon="100.8723005">
        <ele>4071.464087135024</ele>
        <time>2026-05-03T06:22:38.876Z</time>
        <speed>12.96</speed>
      </trkpt>
      <trkpt lat="29.9992223" lon="100.8720803">
        <ele>4068.1891807006887</ele>
        <time>2026-05-03T06:22:42.876Z</time>
        <speed>15.34</speed>
      </trkpt>
      <trkpt lat="30.0003221" lon="100.8717127">
        <ele>4061.05786968707</ele>
        <time>2026-05-03T06:22:50.876Z</time>
        <speed>15.01</speed>
      </trkpt>
      <trkpt lat="30.0005948" lon="100.8716476">
        <ele>4059.3889122185647</ele>
        <time>2026-05-03T06:22:52.876Z</time>
        <speed>15.35</speed>
      </trkpt>
      <trkpt lat="30.0013026" lon="100.8715016">
        <ele>4053.9324754373965</ele>
        <time>2026-05-03T06:22:57.877Z</time>
        <speed>15.89</speed>
      </trkpt>
      <trkpt lat="30.0018691" lon="100.8715387">
        <ele>4050.2256681141434</ele>
        <time>2026-05-03T06:23:01.877Z</time>
        <speed>15.74</speed>
      </trkpt>
      <trkpt lat="30.0024138" lon="100.8715977">
        <ele>4044.9428670612906</ele>
        <time>2026-05-03T06:23:05.877Z</time>
        <speed>15.55</speed>
      </trkpt>
      <trkpt lat="30.0029633" lon="100.8716882">
        <ele>4040.1006328623</ele>
        <time>2026-05-03T06:23:09.877Z</time>
        <speed>16.05</speed>
      </trkpt>
      <trkpt lat="30.0036207" lon="100.8717378">
        <ele>4036.5060000756857</ele>
        <time>2026-05-03T06:23:13.877Z</time>
        <speed>15.9</speed>
      </trkpt>
      <trkpt lat="30.004097" lon="100.8718239">
        <ele>4034.031535343829</ele>
        <time>2026-05-03T06:23:17.876Z</time>
        <speed>14.76</speed>
      </trkpt>
      <trkpt lat="30.004538" lon="100.8720032">
        <ele>4030.9524022749947</ele>
        <time>2026-05-03T06:23:21.877Z</time>
        <speed>12.78</speed>
      </trkpt>
      <trkpt lat="30.0046618" lon="100.8724619">
        <ele>4027.51359040067</ele>
        <time>2026-05-03T06:23:25.877Z</time>
        <speed>12.14</speed>
      </trkpt>
      <trkpt lat="30.0044235" lon="100.8729809">
        <ele>4023.5010001545033</ele>
        <time>2026-05-03T06:23:29.877Z</time>
        <speed>13.69</speed>
      </trkpt>
      <trkpt lat="30.0040638" lon="100.8734202">
        <ele>4020.571129476939</ele>
        <time>2026-05-03T06:23:33.877Z</time>
        <speed>16.1</speed>
      </trkpt>
      <trkpt lat="30.0034984" lon="100.8738112">
        <ele>4017.3692203655182</ele>
        <time>2026-05-03T06:23:37.877Z</time>
        <speed>16.35</speed>
      </trkpt>
      <trkpt lat="30.0031264" lon="100.874172">
        <ele>4013.299311207149</ele>
        <time>2026-05-03T06:23:41.877Z</time>
        <speed>14.05</speed>
      </trkpt>
      <trkpt lat="30.0029151" lon="100.874679">
        <ele>4009.529826073742</ele>
        <time>2026-05-03T06:23:45.876Z</time>
        <speed>13.8</speed>
      </trkpt>
      <trkpt lat="30.0025115" lon="100.8754291">
        <ele>4001.0209326939594</ele>
        <time>2026-05-03T06:23:53.876Z</time>
        <speed>7.8</speed>
      </trkpt>
      <trkpt lat="30.002469" lon="100.8751826">
        <ele>3997.7390040503333</ele>
        <time>2026-05-03T06:23:57.876Z</time>
        <speed>7.57</speed>
      </trkpt>
      <trkpt lat="30.0025313" lon="100.8750249">
        <ele>3996.891921568851</ele>
        <time>2026-05-03T06:23:59.877Z</time>
        <speed>11.24</speed>
      </trkpt>
      <trkpt lat="30.0027793" lon="100.8744476">
        <ele>3995.702926389231</ele>
        <time>2026-05-03T06:24:04.877Z</time>
        <speed>14.07</speed>
      </trkpt>
      <trkpt lat="30.0029559" lon="100.8739324">
        <ele>3994.545054509268</ele>
        <time>2026-05-03T06:24:08.877Z</time>
        <speed>13.9</speed>
      </trkpt>
      <trkpt lat="30.0031691" lon="100.873535">
        <ele>3990.3714261449377</ele>
        <time>2026-05-03T06:24:12.877Z</time>
        <speed>12.28</speed>
      </trkpt>
      <trkpt lat="30.0032285" lon="100.873054">
        <ele>3986.890932877657</ele>
        <time>2026-05-03T06:24:16.877Z</time>
        <speed>9.03</speed>
      </trkpt>
      <trkpt lat="30.0030555" lon="100.8727284">
        <ele>3983.9925905767477</ele>
        <time>2026-05-03T06:24:20.876Z</time>
        <speed>9.29</speed>
      </trkpt>
      <trkpt lat="30.0027014" lon="100.8727429">
        <ele>3983.253273588709</ele>
        <time>2026-05-03T06:24:24.876Z</time>
        <speed>13.3</speed>
      </trkpt>
      <trkpt lat="30.0022126" lon="100.8728418">
        <ele>3982.42701547424</ele>
        <time>2026-05-03T06:24:28.877Z</time>
        <speed>15.15</speed>
      </trkpt>
      <trkpt lat="30.0016298" lon="100.8730042">
        <ele>3980.167941462708</ele>
        <time>2026-05-03T06:24:32.877Z</time>
        <speed>15.2</speed>
      </trkpt>
      <trkpt lat="30.0010601" lon="100.8731718">
        <ele>3975.935126376603</ele>
        <time>2026-05-03T06:24:36.876Z</time>
        <speed>16.23</speed>
      </trkpt>
      <trkpt lat="30.0004641" lon="100.873289">
        <ele>3971.4240336291605</ele>
        <time>2026-05-03T06:24:40.876Z</time>
        <speed>16.23</speed>
      </trkpt>
      <trkpt lat="29.9999534" lon="100.8734307">
        <ele>3967.9837662003238</ele>
        <time>2026-05-03T06:24:44.877Z</time>
        <speed>16.18</speed>
      </trkpt>
      <trkpt lat="29.9994122" lon="100.8735252">
        <ele>3963.217228769162</ele>
        <time>2026-05-03T06:24:48.877Z</time>
        <speed>14.99</speed>
      </trkpt>
      <trkpt lat="29.9989233" lon="100.8737945">
        <ele>3958.222043304365</ele>
        <time>2026-05-03T06:24:52.877Z</time>
        <speed>13.8</speed>
      </trkpt>
      <trkpt lat="29.9984864" lon="100.8740164">
        <ele>3953.373621636799</ele>
        <time>2026-05-03T06:24:56.876Z</time>
        <speed>12.65</speed>
      </trkpt>
      <trkpt lat="29.9981253" lon="100.8741683">
        <ele>3949.29454104006</ele>
        <time>2026-05-03T06:25:00.876Z</time>
        <speed>10.69</speed>
      </trkpt>
      <trkpt lat="29.9976804" lon="100.8740686">
        <ele>3944.952607527299</ele>
        <time>2026-05-03T06:25:04.877Z</time>
      </trkpt>
      <trkpt lat="29.9975216" lon="100.8739425">
        <ele>3942.800758966904</ele>
        <time>2026-05-03T06:25:06.877Z</time>
        <speed>11.21</speed>
      </trkpt>
      <trkpt lat="29.9972932" lon="100.8736892">
        <ele>3940.9496623907753</ele>
        <time>2026-05-03T06:25:10.877Z</time>
        <speed>8.38</speed>
      </trkpt>
      <trkpt lat="29.9970642" lon="100.873743">
        <ele>3938.5315456181006</ele>
        <time>2026-05-03T06:25:14.877Z</time>
        <speed>7.34</speed>
      </trkpt>
      <trkpt lat="29.9970081" lon="100.8738757">
        <ele>3936.9716317295797</ele>
        <time>2026-05-03T06:25:18.876Z</time>
        <speed>7.83</speed>
      </trkpt>
      <trkpt lat="29.997287" lon="100.8742309">
        <ele>3937.4007371772495</ele>
        <time>2026-05-03T06:25:22.876Z</time>
        <speed>11.81</speed>
      </trkpt>
      <trkpt lat="29.9976744" lon="100.8745476">
        <ele>3937.373009836394</ele>
        <time>2026-05-03T06:25:26.877Z</time>
        <speed>12.27</speed>
      </trkpt>
      <trkpt lat="29.9980359" lon="100.8747511">
        <ele>3937.057222653657</ele>
        <time>2026-05-03T06:25:30.876Z</time>
        <speed>11.28</speed>
      </trkpt>
      <trkpt lat="29.9984996" lon="100.874592">
        <ele>3933.818601055732</ele>
        <time>2026-05-03T06:25:34.876Z</time>
        <speed>13.16</speed>
      </trkpt>
      <trkpt lat="29.9989159" lon="100.8743783">
        <ele>3931.4717265715444</ele>
        <time>2026-05-03T06:25:38.876Z</time>
        <speed>14.07</speed>
      </trkpt>
      <trkpt lat="29.9994099" lon="100.8742195">
        <ele>3924.765765494263</ele>
        <time>2026-05-03T06:25:42.877Z</time>
        <speed>13.57</speed>
      </trkpt>
      <trkpt lat="29.9998678" lon="100.8744591">
        <ele>3921.13279663722</ele>
        <time>2026-05-03T06:25:46.877Z</time>
        <speed>11.56</speed>
      </trkpt>
      <trkpt lat="29.9999842" lon="100.8748587">
        <ele>3916.4452754371823</ele>
        <time>2026-05-03T06:25:50.877Z</time>
        <speed>11.87</speed>
      </trkpt>
      <trkpt lat="29.9999092" lon="100.8754289">
        <ele>3912.9472618404334</ele>
        <time>2026-05-03T06:25:54.877Z</time>
        <speed>13.74</speed>
      </trkpt>
      <trkpt lat="29.9997222" lon="100.8759815">
        <ele>3910.153079085394</ele>
        <time>2026-05-03T06:25:58.876Z</time>
        <speed>14.31</speed>
      </trkpt>
      <trkpt lat="29.9994765" lon="100.877227">
        <ele>3905.9851681911578</ele>
        <time>2026-05-03T06:26:06.877Z</time>
        <speed>16.51</speed>
      </trkpt>
      <trkpt lat="29.9994661" lon="100.8779081">
        <ele>3905.361793276177</ele>
        <time>2026-05-03T06:26:10.877Z</time>
        <speed>14.75</speed>
      </trkpt>
      <trkpt lat="29.9994665" lon="100.8781945">
        <ele>3904.5689798102267</ele>
        <time>2026-05-03T06:26:12.876Z</time>
        <speed>13.14</speed>
      </trkpt>
      <trkpt lat="29.9994418" lon="100.8787948">
        <ele>3901.530555088237</ele>
        <time>2026-05-03T06:26:17.877Z</time>
        <speed>10.09</speed>
      </trkpt>
      <trkpt lat="29.9993007" lon="100.8790688">
        <ele>3899.963011844332</ele>
        <time>2026-05-03T06:26:21.877Z</time>
        <speed>6.94</speed>
      </trkpt>
      <trkpt lat="29.9990931" lon="100.879022">
        <ele>3897.141601578298</ele>
        <time>2026-05-03T06:26:25.876Z</time>
        <speed>7.32</speed>
      </trkpt>
      <trkpt lat="29.9990419" lon="100.8785794">
        <ele>3896.872082400376</ele>
        <time>2026-05-03T06:26:29.876Z</time>
        <speed>11.46</speed>
      </trkpt>
      <trkpt lat="29.9991233" lon="100.8779919">
        <ele>3896.5378572021605</ele>
        <time>2026-05-03T06:26:33.877Z</time>
        <speed>13.81</speed>
      </trkpt>
      <trkpt lat="29.9992109" lon="100.8774582">
        <ele>3895.1981547150153</ele>
        <time>2026-05-03T06:26:37.877Z</time>
        <speed>13.57</speed>
      </trkpt>
      <trkpt lat="29.99929" lon="100.8768323">
        <ele>3893.647573980755</ele>
        <time>2026-05-03T06:26:41.876Z</time>
        <speed>13.94</speed>
      </trkpt>
      <trkpt lat="29.9993422" lon="100.8763442">
        <ele>3893.7386738920004</ele>
        <time>2026-05-03T06:26:45.877Z</time>
        <speed>12.67</speed>
      </trkpt>
      <trkpt lat="29.9993553" lon="100.8758945">
        <ele>3890.6359099302044</ele>
        <time>2026-05-03T06:26:49.877Z</time>
        <speed>9.59</speed>
      </trkpt>
      <trkpt lat="29.9991744" lon="100.8756821">
        <ele>3889.3621129787825</ele>
        <time>2026-05-03T06:26:53.877Z</time>
        <speed>7.86</speed>
      </trkpt>
      <trkpt lat="29.9990147" lon="100.875895">
        <ele>3888.1630234738473</ele>
        <time>2026-05-03T06:26:57.877Z</time>
        <speed>9.36</speed>
      </trkpt>
      <trkpt lat="29.9989447" lon="100.8763676">
        <ele>3887.1263637271336</ele>
        <time>2026-05-03T06:27:01.876Z</time>
        <speed>14.14</speed>
      </trkpt>
      <trkpt lat="29.9988833" lon="100.8770299">
        <ele>3886.0944341136596</ele>
        <time>2026-05-03T06:27:05.877Z</time>
        <speed>17.13</speed>
      </trkpt>
      <trkpt lat="29.9987193" lon="100.8776433">
        <ele>3883.9488963118647</ele>
        <time>2026-05-03T06:27:09.876Z</time>
        <speed>17.17</speed>
      </trkpt>
      <trkpt lat="29.9986978" lon="100.8784448">
        <ele>3881.051798549187</ele>
        <time>2026-05-03T06:27:13.877Z</time>
        <speed>16.72</speed>
      </trkpt>
      <trkpt lat="29.9986347" lon="100.8791496">
        <ele>3875.658654200089</ele>
        <time>2026-05-03T06:27:17.877Z</time>
        <speed>16.16</speed>
      </trkpt>
      <trkpt lat="29.9985987" lon="100.8794737">
        <ele>3873.6429218363605</ele>
        <time>2026-05-03T06:27:19.877Z</time>
        <speed>15.13</speed>
      </trkpt>
      <trkpt lat="29.9985392" lon="100.8800209">
        <ele>3870.0361990793094</ele>
        <time>2026-05-03T06:27:23.877Z</time>
        <speed>11.55</speed>
      </trkpt>
      <trkpt lat="29.9983807" lon="100.8803736">
        <ele>3865.7152366545006</ele>
        <time>2026-05-03T06:27:27.877Z</time>
        <speed>8.36</speed>
      </trkpt>
      <trkpt lat="29.9981781" lon="100.8801905">
        <ele>3862.055023210743</ele>
        <time>2026-05-03T06:27:31.877Z</time>
        <speed>7.72</speed>
      </trkpt>
      <trkpt lat="29.9981685" lon="100.8798138">
        <ele>3860.6257603174595</ele>
        <time>2026-05-03T06:27:35.876Z</time>
        <speed>12.35</speed>
      </trkpt>
      <trkpt lat="29.998206" lon="100.8792857">
        <ele>3859.339125230623</ele>
        <time>2026-05-03T06:27:39.877Z</time>
        <speed>13.65</speed>
      </trkpt>
      <trkpt lat="29.9982851" lon="100.8787148">
        <ele>3858.104302823717</ele>
        <time>2026-05-03T06:27:43.876Z</time>
        <speed>12.76</speed>
      </trkpt>
      <trkpt lat="29.9982893" lon="100.8783132">
        <ele>3855.4869643865927</ele>
        <time>2026-05-03T06:27:47.877Z</time>
        <speed>8.53</speed>
      </trkpt>
      <trkpt lat="29.9980084" lon="100.8781293">
        <ele>3853.2376592628357</ele>
        <time>2026-05-03T06:27:51.877Z</time>
        <speed>7.83</speed>
      </trkpt>
      <trkpt lat="29.99786" lon="100.8784183">
        <ele>3851.726610813823</ele>
        <time>2026-05-03T06:27:55.876Z</time>
        <speed>8.92</speed>
      </trkpt>
      <trkpt lat="29.9978627" lon="100.8789082">
        <ele>3850.4019908299433</ele>
        <time>2026-05-03T06:27:59.876Z</time>
        <speed>13.35</speed>
      </trkpt>
      <trkpt lat="29.9978738" lon="100.8794801">
        <ele>3850.532694836607</ele>
        <time>2026-05-03T06:28:03.877Z</time>
        <speed>14.45</speed>
      </trkpt>
      <trkpt lat="29.9977796" lon="100.8800565">
        <ele>3848.837602014911</ele>
        <time>2026-05-03T06:28:07.876Z</time>
        <speed>15.05</speed>
      </trkpt>
      <trkpt lat="29.9974018" lon="100.8811904">
        <ele>3841.084581110397</ele>
        <time>2026-05-03T06:28:15.877Z</time>
        <speed>14.29</speed>
      </trkpt>
      <trkpt lat="29.9972191" lon="100.8817805">
        <ele>3837.544662328233</ele>
        <time>2026-05-03T06:28:19.877Z</time>
        <speed>14.0</speed>
      </trkpt>
      <trkpt lat="29.9971509" lon="100.8823708">
        <ele>3833.6250043646264</ele>
        <time>2026-05-03T06:28:23.876Z</time>
        <speed>13.7</speed>
      </trkpt>
      <trkpt lat="29.9971262" lon="100.8826232">
        <ele>3831.3329422921483</ele>
        <time>2026-05-03T06:28:25.877Z</time>
        <speed>11.05</speed>
      </trkpt>
      <trkpt lat="29.9968783" lon="100.8830057">
        <ele>3827.918582570784</ele>
        <time>2026-05-03T06:28:30.877Z</time>
        <speed>9.78</speed>
      </trkpt>
      <trkpt lat="29.9966333" lon="100.8827974">
        <ele>3826.221264222463</ele>
        <time>2026-05-03T06:28:34.877Z</time>
        <speed>8.69</speed>
      </trkpt>
      <trkpt lat="29.9970736" lon="100.8812623">
        <ele>3820.9167948126837</ele>
        <time>2026-05-03T06:28:46.877Z</time>
        <speed>13.2</speed>
      </trkpt>
      <trkpt lat="29.9972344" lon="100.8807403">
        <ele>3818.4414445589623</ele>
        <time>2026-05-03T06:28:50.876Z</time>
        <speed>12.27</speed>
      </trkpt>
      <trkpt lat="29.9972215" lon="100.8802833">
        <ele>3816.913822337772</ele>
        <time>2026-05-03T06:28:54.877Z</time>
        <speed>9.15</speed>
      </trkpt>
      <trkpt lat="29.996973" lon="100.8800603">
        <ele>3815.864810845249</ele>
        <time>2026-05-03T06:28:58.876Z</time>
        <speed>10.39</speed>
      </trkpt>
      <trkpt lat="29.9965963" lon="100.8800659">
        <ele>3814.8091829814175</ele>
        <time>2026-05-03T06:29:02.876Z</time>
        <speed>10.51</speed>
      </trkpt>
      <trkpt lat="29.9963213" lon="100.8804652">
        <ele>3815.026469471746</ele>
        <time>2026-05-03T06:29:06.876Z</time>
        <speed>12.65</speed>
      </trkpt>
      <trkpt lat="29.9960941" lon="100.8808113">
        <ele>3813.953530309402</ele>
        <time>2026-05-03T06:29:10.877Z</time>
        <speed>13.61</speed>
      </trkpt>
      <trkpt lat="29.9957219" lon="100.8812673">
        <ele>3812.499893341575</ele>
        <time>2026-05-03T06:29:14.877Z</time>
        <speed>13.79</speed>
      </trkpt>
      <trkpt lat="29.9952898" lon="100.8815457">
        <ele>3808.1003629876623</ele>
        <time>2026-05-03T06:29:18.877Z</time>
        <speed>14.17</speed>
      </trkpt>
      <trkpt lat="29.9948311" lon="100.8816941">
        <ele>3804.3319272452145</ele>
        <time>2026-05-03T06:29:22.877Z</time>
        <speed>14.31</speed>
      </trkpt>
      <trkpt lat="29.9943905" lon="100.8820419">
        <ele>3800.567005077574</ele>
        <time>2026-05-03T06:29:26.877Z</time>
        <speed>14.24</speed>
      </trkpt>
      <trkpt lat="29.9940146" lon="100.8824628">
        <ele>3796.4094078185626</ele>
        <time>2026-05-03T06:29:30.877Z</time>
        <speed>14.92</speed>
      </trkpt>
      <trkpt lat="29.9937954" lon="100.882645">
        <ele>3794.804975591808</ele>
        <time>2026-05-03T06:29:32.877Z</time>
        <speed>14.99</speed>
      </trkpt>
      <trkpt lat="29.9932934" lon="100.8828807">
        <ele>3791.1113531889487</ele>
        <time>2026-05-03T06:29:36.877Z</time>
        <speed>15.41</speed>
      </trkpt>
      <trkpt lat="29.9927824" lon="100.8830513">
        <ele>3785.5976019403456</ele>
        <time>2026-05-03T06:29:40.877Z</time>
        <speed>15.38</speed>
      </trkpt>
      <trkpt lat="29.9922908" lon="100.8833182">
        <ele>3780.762153319972</ele>
        <time>2026-05-03T06:29:44.876Z</time>
        <speed>13.45</speed>
      </trkpt>
      <trkpt lat="29.991986" lon="100.8837842">
        <ele>3777.597691808676</ele>
        <time>2026-05-03T06:29:48.876Z</time>
        <speed>15.53</speed>
      </trkpt>
      <trkpt lat="29.9918504" lon="100.884013">
        <ele>3776.085423596773</ele>
        <time>2026-05-03T06:29:50.873Z</time>
        <speed>16.39</speed>
      </trkpt>
      <trkpt lat="29.9917389" lon="100.8843523">
        <ele>3774.919132300803</ele>
        <time>2026-05-03T06:29:52.879Z</time>
        <speed>16.73</speed>
      </trkpt>
      <trkpt lat="29.9916039" lon="100.8846798">
        <ele>3774.7596370813953</ele>
        <time>2026-05-03T06:29:54.872Z</time>
        <speed>16.82</speed>
      </trkpt>
      <trkpt lat="29.9914568" lon="100.8849808">
        <ele>3772.9887619757437</ele>
        <time>2026-05-03T06:29:56.869Z</time>
        <speed>16.31</speed>
      </trkpt>
      <trkpt lat="29.9912842" lon="100.8852527">
        <ele>3772.255560988906</ele>
        <time>2026-05-03T06:29:58.872Z</time>
        <speed>15.59</speed>
      </trkpt>
      <trkpt lat="29.9910914" lon="100.8854868">
        <ele>3771.575966018642</ele>
        <time>2026-05-03T06:30:00.873Z</time>
        <speed>15.03</speed>
      </trkpt>
      <trkpt lat="29.9909059" lon="100.885716">
        <ele>3770.3829583541406</ele>
        <time>2026-05-03T06:30:02.867Z</time>
        <speed>14.54</speed>
      </trkpt>
      <trkpt lat="29.9907794" lon="100.8859738">
        <ele>3767.0317277443796</ele>
        <time>2026-05-03T06:30:04.867Z</time>
        <speed>14.39</speed>
      </trkpt>
      <trkpt lat="29.9907193" lon="100.8862717">
        <ele>3764.540433358459</ele>
        <time>2026-05-03T06:30:06.878Z</time>
        <speed>14.93</speed>
      </trkpt>
      <trkpt lat="29.9907005" lon="100.8866005">
        <ele>3763.067939730561</ele>
        <time>2026-05-03T06:30:08.872Z</time>
        <speed>16.3</speed>
      </trkpt>
      <trkpt lat="29.9906687" lon="100.8874787">
        <ele>3757.152896381127</ele>
        <time>2026-05-03T06:30:13.871Z</time>
        <speed>16.85</speed>
      </trkpt>
      <trkpt lat="29.9906316" lon="100.8881087">
        <ele>3752.9116651482937</ele>
        <time>2026-05-03T06:30:17.872Z</time>
        <speed>16.04</speed>
      </trkpt>
      <trkpt lat="29.9904683" lon="100.8886699">
        <ele>3748.3835275112815</ele>
        <time>2026-05-03T06:30:21.871Z</time>
        <speed>16.11</speed>
      </trkpt>
      <trkpt lat="29.9900451" lon="100.8892929">
        <ele>3743.8396508911696</ele>
        <time>2026-05-03T06:30:25.872Z</time>
        <speed>17.45</speed>
      </trkpt>
      <trkpt lat="29.9897137" lon="100.8899356">
        <ele>3738.8115338423354</ele>
        <time>2026-05-03T06:30:29.872Z</time>
        <speed>18.67</speed>
      </trkpt>
      <trkpt lat="29.9893187" lon="100.8905828">
        <ele>3736.0934987676837</ele>
        <time>2026-05-03T06:30:33.872Z</time>
        <speed>19.11</speed>
      </trkpt>
      <trkpt lat="29.9888895" lon="100.8912652">
        <ele>3733.229940878192</ele>
        <time>2026-05-03T06:30:37.872Z</time>
        <speed>19.34</speed>
      </trkpt>
      <trkpt lat="29.9884693" lon="100.8918422">
        <ele>3728.4959196586833</ele>
        <time>2026-05-03T06:30:41.871Z</time>
        <speed>19.64</speed>
      </trkpt>
      <trkpt lat="29.9879566" lon="100.8924027">
        <ele>3724.3504295633456</ele>
        <time>2026-05-03T06:30:45.871Z</time>
        <speed>18.88</speed>
      </trkpt>
      <trkpt lat="29.9875288" lon="100.8929789">
        <ele>3718.665801105586</ele>
        <time>2026-05-03T06:30:49.872Z</time>
        <speed>18.04</speed>
      </trkpt>
      <trkpt lat="29.9870903" lon="100.8935517">
        <ele>3714.488497201159</ele>
        <time>2026-05-03T06:30:53.871Z</time>
        <speed>16.95</speed>
      </trkpt>
      <trkpt lat="29.986656" lon="100.893964">
        <ele>3708.9967439122506</ele>
        <time>2026-05-03T06:30:57.872Z</time>
        <speed>15.13</speed>
      </trkpt>
      <trkpt lat="29.985705" lon="100.894203">
        <ele>3701.811737873694</ele>
        <time>2026-05-03T06:31:05.871Z</time>
        <speed>12.23</speed>
      </trkpt>
      <trkpt lat="29.9855378" lon="100.8946484">
        <ele>3698.3179826639416</ele>
        <time>2026-05-03T06:31:09.872Z</time>
        <speed>12.65</speed>
      </trkpt>
      <trkpt lat="29.9856627" lon="100.895165">
        <ele>3697.0213759568132</ele>
        <time>2026-05-03T06:31:13.871Z</time>
        <speed>13.48</speed>
      </trkpt>
      <trkpt lat="29.9858707" lon="100.8959162">
        <ele>3695.614888522924</ele>
        <time>2026-05-03T06:31:18.871Z</time>
        <speed>14.59</speed>
      </trkpt>
      <trkpt lat="29.9858792" lon="100.8965761">
        <ele>3693.487188244618</ele>
        <time>2026-05-03T06:31:22.872Z</time>
        <speed>16.59</speed>
      </trkpt>
      <trkpt lat="29.9858366" lon="100.8972693">
        <ele>3690.302786723145</ele>
        <time>2026-05-03T06:31:26.871Z</time>
        <speed>16.23</speed>
      </trkpt>
      <trkpt lat="29.9857197" lon="100.8978646">
        <ele>3685.9496882462354</ele>
        <time>2026-05-03T06:31:30.871Z</time>
        <speed>15.39</speed>
      </trkpt>
      <trkpt lat="29.9853926" lon="100.8984374">
        <ele>3680.1442207948053</ele>
        <time>2026-05-03T06:31:34.871Z</time>
        <speed>16.76</speed>
      </trkpt>
      <trkpt lat="29.9849675" lon="100.8989568">
        <ele>3676.594013088862</ele>
        <time>2026-05-03T06:31:38.872Z</time>
        <speed>17.61</speed>
      </trkpt>
      <trkpt lat="29.9845701" lon="100.8994608">
        <ele>3670.6543896870016</ele>
        <time>2026-05-03T06:31:42.872Z</time>
        <speed>17.11</speed>
      </trkpt>
      <trkpt lat="29.9841366" lon="100.9001175">
        <ele>3666.406333782987</ele>
        <time>2026-05-03T06:31:46.871Z</time>
        <speed>16.89</speed>
      </trkpt>
      <trkpt lat="29.9838217" lon="100.9005242">
        <ele>3664.3644251851647</ele>
        <time>2026-05-03T06:31:50.872Z</time>
        <speed>15.95</speed>
      </trkpt>
      <trkpt lat="29.9834384" lon="100.9010931">
        <ele>3659.928012480502</ele>
        <time>2026-05-03T06:31:54.872Z</time>
        <speed>14.81</speed>
      </trkpt>
      <trkpt lat="29.982985" lon="100.9012907">
        <ele>3655.285765105545</ele>
        <time>2026-05-03T06:31:58.871Z</time>
        <speed>15.39</speed>
      </trkpt>
      <trkpt lat="29.9823578" lon="100.9012695">
        <ele>3650.475145741362</ele>
        <time>2026-05-03T06:32:02.872Z</time>
        <speed>17.32</speed>
      </trkpt>
      <trkpt lat="29.9817735" lon="100.9012544">
        <ele>3645.177815500146</ele>
        <time>2026-05-03T06:32:06.871Z</time>
        <speed>17.11</speed>
      </trkpt>
      <trkpt lat="29.9811466" lon="100.9012934">
        <ele>3641.076441911903</ele>
        <time>2026-05-03T06:32:10.871Z</time>
        <speed>16.95</speed>
      </trkpt>
      <trkpt lat="29.9805379" lon="100.9013073">
        <ele>3635.634311926399</ele>
        <time>2026-05-03T06:32:14.871Z</time>
        <speed>16.42</speed>
      </trkpt>
      <trkpt lat="29.9800194" lon="100.9012844">
        <ele>3630.418686432441</ele>
        <time>2026-05-03T06:32:18.871Z</time>
        <speed>15.2</speed>
      </trkpt>
      <trkpt lat="29.9797307" lon="100.9013989">
        <ele>3628.1863944970687</ele>
        <time>2026-05-03T06:32:20.872Z</time>
        <speed>13.02</speed>
      </trkpt>
      <trkpt lat="29.9794058" lon="100.9018704">
        <ele>3625.3725010638036</ele>
        <time>2026-05-03T06:32:25.871Z</time>
        <speed>11.98</speed>
      </trkpt>
      <trkpt lat="29.9803283" lon="100.9030066">
        <ele>3623.1934770977323</ele>
        <time>2026-05-03T06:32:37.871Z</time>
        <speed>16.37</speed>
      </trkpt>
      <trkpt lat="29.9808182" lon="100.9033917">
        <ele>3622.425974801543</ele>
        <time>2026-05-03T06:32:41.872Z</time>
        <speed>16.7</speed>
      </trkpt>
      <trkpt lat="29.9812244" lon="100.903864">
        <ele>3617.989172559403</ele>
        <time>2026-05-03T06:32:45.871Z</time>
        <speed>17.28</speed>
      </trkpt>
      <trkpt lat="29.9824474" lon="100.9056885">
        <ele>3604.8845591826503</ele>
        <time>2026-05-03T06:32:57.872Z</time>
        <speed>18.51</speed>
      </trkpt>
      <trkpt lat="29.9828562" lon="100.9062871">
        <ele>3597.5580410747743</ele>
        <time>2026-05-03T06:33:01.871Z</time>
        <speed>17.64</speed>
      </trkpt>
      <trkpt lat="29.9831078" lon="100.9069703">
        <ele>3592.446730371689</ele>
        <time>2026-05-03T06:33:05.872Z</time>
        <speed>17.74</speed>
      </trkpt>
      <trkpt lat="29.9839752" lon="100.9082856">
        <ele>3575.2343441330922</ele>
        <time>2026-05-03T06:33:21.871Z</time>
        <speed>9.06</speed>
      </trkpt>
      <trkpt lat="29.9837851" lon="100.9077191">
        <ele>3573.5026455301836</ele>
        <time>2026-05-03T06:33:27.872Z</time>
        <speed>13.39</speed>
      </trkpt>
      <trkpt lat="29.9835561" lon="100.9071675">
        <ele>3572.9299074869027</ele>
        <time>2026-05-03T06:33:31.872Z</time>
        <speed>15.5</speed>
      </trkpt>
      <trkpt lat="29.9833845" lon="100.9065554">
        <ele>3569.825935845949</ele>
        <time>2026-05-03T06:33:35.872Z</time>
        <speed>15.81</speed>
      </trkpt>
      <trkpt lat="29.9832554" lon="100.9058875">
        <ele>3564.86150055156</ele>
        <time>2026-05-03T06:33:39.872Z</time>
        <speed>15.55</speed>
      </trkpt>
      <trkpt lat="29.9831754" lon="100.9053067">
        <ele>3561.3711454706904</ele>
        <time>2026-05-03T06:33:43.872Z</time>
        <speed>15.39</speed>
      </trkpt>
      <trkpt lat="29.9831431" lon="100.9046035">
        <ele>3557.3482504834637</ele>
        <time>2026-05-03T06:33:47.871Z</time>
        <speed>14.06</speed>
      </trkpt>
      <trkpt lat="29.9833996" lon="100.9041476">
        <ele>3552.235367779683</ele>
        <time>2026-05-03T06:33:51.871Z</time>
        <speed>14.06</speed>
      </trkpt>
      <trkpt lat="29.9837981" lon="100.9038435">
        <ele>3548.5610395043636</ele>
        <time>2026-05-03T06:33:55.872Z</time>
        <speed>15.22</speed>
      </trkpt>
      <trkpt lat="29.9851357" lon="100.9025958">
        <ele>3540.9011853673865</ele>
        <time>2026-05-03T06:34:07.872Z</time>
        <speed>15.95</speed>
      </trkpt>
      <trkpt lat="29.9854339" lon="100.9020896">
        <ele>3537.222252092067</ele>
        <time>2026-05-03T06:34:11.872Z</time>
        <speed>15.15</speed>
      </trkpt>
      <trkpt lat="29.9863862" lon="100.9017297">
        <ele>3531.2983682805616</ele>
        <time>2026-05-03T06:34:23.871Z</time>
        <speed>10.28</speed>
      </trkpt>
      <trkpt lat="29.9865743" lon="100.9028148">
        <ele>3531.0294161351912</ele>
        <time>2026-05-03T06:34:31.871Z</time>
      </trkpt>
      <trkpt lat="29.9865885" lon="100.9031197">
        <ele>3530.21203970698</ele>
        <time>2026-05-03T06:34:33.871Z</time>
        <speed>15.07</speed>
      </trkpt>
      <trkpt lat="29.9866346" lon="100.9038932">
        <ele>3525.269686071807</ele>
        <time>2026-05-03T06:34:38.872Z</time>
        <speed>15.32</speed>
      </trkpt>
      <trkpt lat="29.9866348" lon="100.90451">
        <ele>3521.282332848175</ele>
        <time>2026-05-03T06:34:42.871Z</time>
        <speed>15.51</speed>
      </trkpt>
      <trkpt lat="29.9864877" lon="100.9051285">
        <ele>3516.737615124982</ele>
        <time>2026-05-03T06:34:46.871Z</time>
        <speed>14.58</speed>
      </trkpt>
      <trkpt lat="29.9863674" lon="100.9056746">
        <ele>3512.813604995914</ele>
        <time>2026-05-03T06:34:50.871Z</time>
        <speed>13.6</speed>
      </trkpt>
      <trkpt lat="29.9863235" lon="100.9062262">
        <ele>3510.3523832638557</ele>
        <time>2026-05-03T06:34:54.872Z</time>
        <speed>13.89</speed>
      </trkpt>
      <trkpt lat="29.9862243" lon="100.9067112">
        <ele>3507.310554197718</ele>
        <time>2026-05-03T06:34:58.871Z</time>
        <speed>13.18</speed>
      </trkpt>
      <trkpt lat="29.9862159" lon="100.9072468">
        <ele>3502.6052641897936</ele>
        <time>2026-05-03T06:35:02.872Z</time>
        <speed>11.73</speed>
      </trkpt>
      <trkpt lat="29.9864519" lon="100.9076946">
        <ele>3499.2352718370594</ele>
        <time>2026-05-03T06:35:06.871Z</time>
        <speed>13.0</speed>
      </trkpt>
      <trkpt lat="29.9867723" lon="100.9081562">
        <ele>3495.9608438860955</ele>
        <time>2026-05-03T06:35:10.871Z</time>
        <speed>14.87</speed>
      </trkpt>
      <trkpt lat="29.9871922" lon="100.9085722">
        <ele>3492.4547502930623</ele>
        <time>2026-05-03T06:35:14.871Z</time>
        <speed>14.17</speed>
      </trkpt>
      <trkpt lat="29.9874261" lon="100.9089543">
        <ele>3488.2111147253086</ele>
        <time>2026-05-03T06:35:18.872Z</time>
        <speed>9.76</speed>
      </trkpt>
      <trkpt lat="29.987375" lon="100.9091772">
        <ele>3483.0211749682</ele>
        <time>2026-05-03T06:35:22.871Z</time>
        <speed>8.14</speed>
      </trkpt>
      <trkpt lat="29.9869778" lon="100.9091308">
        <ele>3480.450004703757</ele>
        <time>2026-05-03T06:35:26.872Z</time>
        <speed>10.79</speed>
      </trkpt>
      <trkpt lat="29.9866137" lon="100.9088749">
        <ele>3479.9505140592446</ele>
        <time>2026-05-03T06:35:30.871Z</time>
        <speed>12.87</speed>
      </trkpt>
      <trkpt lat="29.9862031" lon="100.9086243">
        <ele>3478.9344126691835</ele>
        <time>2026-05-03T06:35:34.872Z</time>
        <speed>12.58</speed>
      </trkpt>
      <trkpt lat="29.9858352" lon="100.9084855">
        <ele>3476.2454905463514</ele>
        <time>2026-05-03T06:35:38.872Z</time>
        <speed>9.34</speed>
      </trkpt>
      <trkpt lat="29.9857033" lon="100.9086016">
        <ele>3475.436580710862</ele>
        <time>2026-05-03T06:35:40.871Z</time>
        <speed>9.64</speed>
      </trkpt>
      <trkpt lat="29.9857864" lon="100.9089812">
        <ele>3473.2332410384597</ele>
        <time>2026-05-03T06:35:44.872Z</time>
        <speed>12.55</speed>
      </trkpt>
      <trkpt lat="29.9860215" lon="100.9095156">
        <ele>3472.0381398745417</ele>
        <time>2026-05-03T06:35:48.871Z</time>
        <speed>14.89</speed>
      </trkpt>
      <trkpt lat="29.9863688" lon="100.9099479">
        <ele>3471.3999114586286</ele>
        <time>2026-05-03T06:35:52.872Z</time>
        <speed>15.36</speed>
      </trkpt>
      <trkpt lat="29.9867232" lon="100.9104873">
        <ele>3468.434759134721</ele>
        <time>2026-05-03T06:35:56.872Z</time>
        <speed>15.94</speed>
      </trkpt>
      <trkpt lat="29.9871685" lon="100.9109333">
        <ele>3463.676019657446</ele>
        <time>2026-05-03T06:36:00.871Z</time>
        <speed>15.57</speed>
      </trkpt>
      <trkpt lat="29.9875172" lon="100.9113565">
        <ele>3458.722582905078</ele>
        <time>2026-05-03T06:36:04.871Z</time>
        <speed>13.34</speed>
      </trkpt>
      <trkpt lat="29.9876699" lon="100.9117002">
        <ele>3458.215409602459</ele>
        <time>2026-05-03T06:36:08.871Z</time>
        <speed>7.76</speed>
      </trkpt>
      <trkpt lat="29.987523" lon="100.9116508">
        <ele>3451.3241133564306</ele>
        <time>2026-05-03T06:36:12.871Z</time>
        <speed>8.28</speed>
      </trkpt>
      <trkpt lat="29.9870995" lon="100.9114629">
        <ele>3447.53971057274</ele>
        <time>2026-05-03T06:36:16.871Z</time>
        <speed>11.41</speed>
      </trkpt>
      <trkpt lat="29.9868302" lon="100.9110739">
        <ele>3448.4610432740346</ele>
        <time>2026-05-03T06:36:20.872Z</time>
        <speed>9.69</speed>
      </trkpt>
      <trkpt lat="29.9865215" lon="100.9110723">
        <ele>3446.4605482567254</ele>
        <time>2026-05-03T06:36:24.872Z</time>
        <speed>7.99</speed>
      </trkpt>
      <trkpt lat="29.9865856" lon="100.9115689">
        <ele>3446.179076144672</ele>
        <time>2026-05-03T06:36:30.875Z</time>
        <speed>10.29</speed>
      </trkpt>
      <trkpt lat="29.986989" lon="100.9118787">
        <ele>3448.93813856824</ele>
        <time>2026-05-03T06:36:34.875Z</time>
        <speed>14.29</speed>
      </trkpt>
      <trkpt lat="29.987444" lon="100.9122024">
        <ele>3446.163260511822</ele>
        <time>2026-05-03T06:36:38.875Z</time>
        <speed>14.94</speed>
      </trkpt>
      <trkpt lat="29.9877688" lon="100.9124537">
        <ele>3438.88570056445</ele>
        <time>2026-05-03T06:36:41.865Z</time>
        <speed>14.53</speed>
      </trkpt>
      <trkpt lat="29.9885604" lon="100.9141135">
        <ele>3429.0355316133446</ele>
        <time>2026-05-03T06:36:54.873Z</time>
      </trkpt>
      <trkpt lat="29.9887965" lon="100.914491">
        <ele>3427.0047469457286</ele>
        <time>2026-05-03T06:36:57.868Z</time>
        <speed>13.73</speed>
      </trkpt>
      <trkpt lat="29.9889746" lon="100.9151341">
        <ele>3422.0443150646047</ele>
        <time>2026-05-03T06:37:02.868Z</time>
        <speed>11.89</speed>
      </trkpt>
      <trkpt lat="29.9889977" lon="100.9155203">
        <ele>3424.75926926554</ele>
        <time>2026-05-03T06:37:06.868Z</time>
        <speed>9.49</speed>
      </trkpt>
      <trkpt lat="29.9889138" lon="100.9159727">
        <ele>3419.7489420087863</ele>
        <time>2026-05-03T06:37:10.867Z</time>
        <speed>11.61</speed>
      </trkpt>
      <trkpt lat="29.9888607" lon="100.9164855">
        <ele>3420.118727640125</ele>
        <time>2026-05-03T06:37:14.867Z</time>
        <speed>13.17</speed>
      </trkpt>
      <trkpt lat="29.9889974" lon="100.9170397">
        <ele>3419.9404969110237</ele>
        <time>2026-05-03T06:37:18.867Z</time>
        <speed>15.12</speed>
      </trkpt>
      <trkpt lat="29.9891632" lon="100.9176691">
        <ele>3411.3508544188376</ele>
        <time>2026-05-03T06:37:22.867Z</time>
        <speed>15.7</speed>
      </trkpt>
      <trkpt lat="29.9894603" lon="100.9182022">
        <ele>3405.935636571791</ele>
        <time>2026-05-03T06:37:26.867Z</time>
        <speed>14.69</speed>
      </trkpt>
      <trkpt lat="29.9902809" lon="100.9191894">
        <ele>3402.502296910518</ele>
        <time>2026-05-03T06:37:34.868Z</time>
        <speed>16.62</speed>
      </trkpt>
      <trkpt lat="29.9907312" lon="100.919549">
        <ele>3397.006380594412</ele>
        <time>2026-05-03T06:37:38.868Z</time>
        <speed>14.6</speed>
      </trkpt>
      <trkpt lat="29.9910197" lon="100.9198712">
        <ele>3397.6114441477926</ele>
        <time>2026-05-03T06:37:42.867Z</time>
        <speed>9.92</speed>
      </trkpt>
      <trkpt lat="29.9908573" lon="100.9201798">
        <ele>3387.5602310902395</ele>
        <time>2026-05-03T06:37:50.867Z</time>
        <speed>3.86</speed>
      </trkpt>
      <trkpt lat="29.9907" lon="100.9200696">
        <ele>3384.1834448464465</ele>
        <time>2026-05-03T06:37:54.868Z</time>
        <speed>5.73</speed>
      </trkpt>
      <trkpt lat="29.9904855" lon="100.9198826">
        <ele>3384.3606218705913</ele>
        <time>2026-05-03T06:37:58.867Z</time>
        <speed>8.98</speed>
      </trkpt>
      <trkpt lat="29.9902863" lon="100.919548">
        <ele>3390.3092873199826</ele>
        <time>2026-05-03T06:38:02.867Z</time>
        <speed>10.5</speed>
      </trkpt>
      <trkpt lat="29.9901786" lon="100.9193808">
        <ele>3387.717709825786</ele>
        <time>2026-05-03T06:38:04.867Z</time>
        <speed>9.45</speed>
      </trkpt>
      <trkpt lat="29.9898567" lon="100.9191691">
        <ele>3391.4339101184205</ele>
        <time>2026-05-03T06:38:09.867Z</time>
        <speed>7.87</speed>
      </trkpt>
      <trkpt lat="29.98972" lon="100.9193538">
        <ele>3386.6812311022536</ele>
        <time>2026-05-03T06:38:13.867Z</time>
        <speed>8.19</speed>
      </trkpt>
      <trkpt lat="29.9898724" lon="100.9197185">
        <ele>3388.0792925718756</ele>
        <time>2026-05-03T06:38:17.867Z</time>
        <speed>11.23</speed>
      </trkpt>
      <trkpt lat="29.9902558" lon="100.9200706">
        <ele>3387.70205072675</ele>
        <time>2026-05-03T06:38:21.867Z</time>
        <speed>15.06</speed>
      </trkpt>
      <trkpt lat="29.9906465" lon="100.9204771">
        <ele>3386.3036467243674</ele>
        <time>2026-05-03T06:38:25.867Z</time>
        <speed>14.8</speed>
      </trkpt>
      <trkpt lat="29.9909814" lon="100.9209308">
        <ele>3386.84118120433</ele>
        <time>2026-05-03T06:38:29.868Z</time>
        <speed>13.47</speed>
      </trkpt>
      <trkpt lat="29.9911957" lon="100.9214101">
        <ele>3386.0249488722816</ele>
        <time>2026-05-03T06:38:33.868Z</time>
        <speed>13.23</speed>
      </trkpt>
      <trkpt lat="29.9913309" lon="100.9219018">
        <ele>3380.63636734112</ele>
        <time>2026-05-03T06:38:37.868Z</time>
        <speed>12.83</speed>
      </trkpt>
      <trkpt lat="29.9913912" lon="100.9223804">
        <ele>3378.669640642571</ele>
        <time>2026-05-03T06:38:41.867Z</time>
        <speed>12.28</speed>
      </trkpt>
      <trkpt lat="29.9914284" lon="100.9226436">
        <ele>3378.189665112927</ele>
        <time>2026-05-03T06:38:43.876Z</time>
        <speed>11.89</speed>
      </trkpt>
      <trkpt lat="29.9915345" lon="100.9231855">
        <ele>3376.387532403467</ele>
        <time>2026-05-03T06:38:47.875Z</time>
        <speed>13.66</speed>
      </trkpt>
      <trkpt lat="29.9916874" lon="100.9237271">
        <ele>3371.8382620503785</ele>
        <time>2026-05-03T06:38:51.876Z</time>
        <speed>14.65</speed>
      </trkpt>
      <trkpt lat="29.9918451" lon="100.9242966">
        <ele>3369.607063658754</ele>
        <time>2026-05-03T06:38:55.875Z</time>
        <speed>14.16</speed>
      </trkpt>
      <trkpt lat="29.9921712" lon="100.9247148">
        <ele>3368.4960945544044</ele>
        <time>2026-05-03T06:38:59.875Z</time>
        <speed>15.67</speed>
      </trkpt>
      <trkpt lat="29.9926372" lon="100.9252326">
        <ele>3361.2091942178654</ele>
        <time>2026-05-03T06:39:03.875Z</time>
        <speed>17.04</speed>
      </trkpt>
      <trkpt lat="29.9930275" lon="100.9258359">
        <ele>3360.474702856535</ele>
        <time>2026-05-03T06:39:07.875Z</time>
        <speed>17.25</speed>
      </trkpt>
      <trkpt lat="29.9933499" lon="100.9264098">
        <ele>3356.9824393592994</ele>
        <time>2026-05-03T06:39:11.876Z</time>
        <speed>16.91</speed>
      </trkpt>
      <trkpt lat="29.9936115" lon="100.9270436">
        <ele>3350.9025069276536</ele>
        <time>2026-05-03T06:39:15.875Z</time>
        <speed>16.18</speed>
      </trkpt>
      <trkpt lat="29.9937905" lon="100.9276144">
        <ele>3346.246811528444</ele>
        <time>2026-05-03T06:39:19.875Z</time>
        <speed>16.9</speed>
      </trkpt>
      <trkpt lat="29.9941157" lon="100.9283027">
        <ele>3345.9952031559073</ele>
        <time>2026-05-03T06:39:23.876Z</time>
        <speed>17.72</speed>
      </trkpt>
      <trkpt lat="29.9944326" lon="100.9289161">
        <ele>3336.6041052332057</ele>
        <time>2026-05-03T06:39:27.876Z</time>
        <speed>17.56</speed>
      </trkpt>
      <trkpt lat="29.9947228" lon="100.9295501">
        <ele>3336.3445320490064</ele>
        <time>2026-05-03T06:39:31.876Z</time>
        <speed>16.75</speed>
      </trkpt>
      <trkpt lat="29.9948021" lon="100.9302635">
        <ele>3328.554905043287</ele>
        <time>2026-05-03T06:39:35.876Z</time>
        <speed>16.07</speed>
      </trkpt>
      <trkpt lat="29.9949127" lon="100.9308382">
        <ele>3323.111148344796</ele>
        <time>2026-05-03T06:39:39.875Z</time>
        <speed>15.31</speed>
      </trkpt>
      <trkpt lat="29.9951561" lon="100.9313334">
        <ele>3316.9095539033838</ele>
        <time>2026-05-03T06:39:43.875Z</time>
        <speed>13.47</speed>
      </trkpt>
      <trkpt lat="29.9954901" lon="100.9318311">
        <ele>3308.8555978366867</ele>
        <time>2026-05-03T06:39:47.876Z</time>
      </trkpt>
      <trkpt lat="29.995672" lon="100.9320756">
        <ele>3317.4345438159326</ele>
        <time>2026-05-03T06:39:49.875Z</time>
      </trkpt>
      <trkpt lat="29.9961382" lon="100.9326455">
        <ele>3306.306823079271</ele>
        <time>2026-05-03T06:39:54.876Z</time>
        <speed>15.04</speed>
      </trkpt>
      <trkpt lat="29.9966415" lon="100.9330052">
        <ele>3301.535202862068</ele>
        <time>2026-05-03T06:39:58.875Z</time>
        <speed>17.27</speed>
      </trkpt>
      <trkpt lat="29.9977001" lon="100.9337756">
        <ele>3290.2929526747175</ele>
        <time>2026-05-03T06:40:06.875Z</time>
        <speed>17.05</speed>
      </trkpt>
      <trkpt lat="29.9982276" lon="100.9340703">
        <ele>3289.2382696473505</ele>
        <time>2026-05-03T06:40:10.876Z</time>
        <speed>16.86</speed>
      </trkpt>
      <trkpt lat="29.9988415" lon="100.9343562">
        <ele>3288.728266667905</ele>
        <time>2026-05-03T06:40:14.876Z</time>
        <speed>17.57</speed>
      </trkpt>
      <trkpt lat="29.9993859" lon="100.9346291">
        <ele>3285.6114940555512</ele>
        <time>2026-05-03T06:40:18.875Z</time>
        <speed>15.45</speed>
      </trkpt>
      <trkpt lat="29.999811" lon="100.9350052">
        <ele>3281.3423215043917</ele>
        <time>2026-05-03T06:40:22.876Z</time>
        <speed>13.78</speed>
      </trkpt>
      <trkpt lat="30.0001601" lon="100.9353006">
        <ele>3269.7031462666782</ele>
        <time>2026-05-03T06:40:26.875Z</time>
        <speed>12.52</speed>
      </trkpt>
      <trkpt lat="30.0005543" lon="100.9354951">
        <ele>3266.6937803796905</ele>
        <time>2026-05-03T06:40:30.875Z</time>
        <speed>10.9</speed>
      </trkpt>
      <trkpt lat="30.000806" lon="100.9357745">
        <ele>3263.322118442605</ele>
        <time>2026-05-03T06:40:34.875Z</time>
        <speed>9.23</speed>
      </trkpt>
      <trkpt lat="30.0011042" lon="100.9359857">
        <ele>3258.466039199127</ele>
        <time>2026-05-03T06:40:38.876Z</time>
        <speed>10.04</speed>
      </trkpt>
      <trkpt lat="30.0014431" lon="100.936287">
        <ele>3259.1200965505022</ele>
        <time>2026-05-03T06:40:42.875Z</time>
        <speed>12.65</speed>
      </trkpt>
      <trkpt lat="30.0016697" lon="100.9365641">
        <ele>3261.520496655487</ele>
        <time>2026-05-03T06:40:45.875Z</time>
        <speed>13.66</speed>
      </trkpt>
      <trkpt lat="30.0019376" lon="100.9371043">
        <ele>3253.076899161787</ele>
        <time>2026-05-03T06:40:49.875Z</time>
        <speed>15.32</speed>
      </trkpt>
      <trkpt lat="30.0022729" lon="100.9378328">
        <ele>3249.118487690825</ele>
        <time>2026-05-03T06:40:54.875Z</time>
        <speed>14.97</speed>
      </trkpt>
      <trkpt lat="30.0025662" lon="100.9383837">
        <ele>3249.3062919934277</ele>
        <time>2026-05-03T06:40:58.875Z</time>
        <speed>15.35</speed>
      </trkpt>
      <trkpt lat="30.0027508" lon="100.9390059">
        <ele>3250.8558945711047</ele>
        <time>2026-05-03T06:41:02.876Z</time>
        <speed>14.36</speed>
      </trkpt>
      <trkpt lat="30.0030271" lon="100.9396687">
        <ele>3246.557697759605</ele>
        <time>2026-05-03T06:41:07.876Z</time>
        <speed>14.67</speed>
      </trkpt>
      <trkpt lat="30.0031864" lon="100.9399247">
        <ele>3244.3029254871253</ele>
        <time>2026-05-03T06:41:09.870Z</time>
        <speed>15.45</speed>
      </trkpt>
      <trkpt lat="30.0033803" lon="100.9401655">
        <ele>3239.995564846128</ele>
        <time>2026-05-03T06:41:11.865Z</time>
        <speed>15.56</speed>
      </trkpt>
      <trkpt lat="30.0035727" lon="100.9404175">
        <ele>3239.699915488646</ele>
        <time>2026-05-03T06:41:13.873Z</time>
        <speed>15.98</speed>
      </trkpt>
      <trkpt lat="30.0037678" lon="100.9406634">
        <ele>3238.332675714645</ele>
        <time>2026-05-03T06:41:15.876Z</time>
        <speed>16.0</speed>
      </trkpt>
      <trkpt lat="30.0039571" lon="100.9409018">
        <ele>3241.0417450279556</ele>
        <time>2026-05-03T06:41:17.865Z</time>
        <speed>15.25</speed>
      </trkpt>
      <trkpt lat="30.0041464" lon="100.9411208">
        <ele>3234.45273196393</ele>
        <time>2026-05-03T06:41:19.874Z</time>
        <speed>14.56</speed>
      </trkpt>
      <trkpt lat="30.0043512" lon="100.9412907">
        <ele>3229.9961389142804</ele>
        <time>2026-05-03T06:41:21.874Z</time>
        <speed>13.64</speed>
      </trkpt>
      <trkpt lat="30.0045896" lon="100.9414066">
        <ele>3229.3024741093946</ele>
        <time>2026-05-03T06:41:23.871Z</time>
        <speed>14.78</speed>
      </trkpt>
      <trkpt lat="30.0048394" lon="100.9415095">
        <ele>3226.7996232207815</ele>
        <time>2026-05-03T06:41:25.873Z</time>
        <speed>14.61</speed>
      </trkpt>
      <trkpt lat="30.0050794" lon="100.9416134">
        <ele>3229.8013768535234</ele>
        <time>2026-05-03T06:41:27.874Z</time>
        <speed>13.84</speed>
      </trkpt>
      <trkpt lat="30.0053007" lon="100.9417224">
        <ele>3228.23019358713</ele>
        <time>2026-05-03T06:41:29.865Z</time>
        <speed>13.1</speed>
      </trkpt>
      <trkpt lat="30.0055076" lon="100.9418606">
        <ele>3220.5845238400643</ele>
        <time>2026-05-03T06:41:31.873Z</time>
        <speed>13.04</speed>
      </trkpt>
      <trkpt lat="30.0056802" lon="100.9420462">
        <ele>3219.060539467019</ele>
        <time>2026-05-03T06:41:33.871Z</time>
        <speed>13.7</speed>
      </trkpt>
      <trkpt lat="30.0058446" lon="100.9422806">
        <ele>3216.48237579812</ele>
        <time>2026-05-03T06:41:35.869Z</time>
        <speed>15.16</speed>
      </trkpt>
      <trkpt lat="30.0059966" lon="100.9425434">
        <ele>3214.4358500611575</ele>
        <time>2026-05-03T06:41:37.877Z</time>
        <speed>15.4</speed>
      </trkpt>
      <trkpt lat="30.0061595" lon="100.9428248">
        <ele>3212.556526470593</ele>
        <time>2026-05-03T06:41:39.871Z</time>
        <speed>16.8</speed>
      </trkpt>
      <trkpt lat="30.0063358" lon="100.9431192">
        <ele>3210.5554058000216</ele>
        <time>2026-05-03T06:41:41.873Z</time>
        <speed>17.6</speed>
      </trkpt>
      <trkpt lat="30.0065139" lon="100.9434132">
        <ele>3215.2829602634506</ele>
        <time>2026-05-03T06:41:43.865Z</time>
        <speed>17.24</speed>
      </trkpt>
      <trkpt lat="30.0066787" lon="100.9437101">
        <ele>3211.579055562026</ele>
        <time>2026-05-03T06:41:45.867Z</time>
        <speed>16.82</speed>
      </trkpt>
      <trkpt lat="30.0068093" lon="100.9440141">
        <ele>3205.4056788274456</ele>
        <time>2026-05-03T06:41:47.878Z</time>
        <speed>16.26</speed>
      </trkpt>
      <trkpt lat="30.0069022" lon="100.944322">
        <ele>3202.430764201514</ele>
        <time>2026-05-03T06:41:49.876Z</time>
        <speed>15.78</speed>
      </trkpt>
      <trkpt lat="30.0069874" lon="100.9446373">
        <ele>3209.7978112842598</ele>
        <time>2026-05-03T06:41:51.871Z</time>
        <speed>16.04</speed>
      </trkpt>
      <trkpt lat="30.0070724" lon="100.9449419">
        <ele>3199.2911857285962</ele>
        <time>2026-05-03T06:41:53.867Z</time>
        <speed>14.97</speed>
      </trkpt>
      <trkpt lat="30.007163" lon="100.9452251">
        <ele>3202.1264308982823</ele>
        <time>2026-05-03T06:41:55.868Z</time>
        <speed>14.26</speed>
      </trkpt>
      <trkpt lat="30.0072914" lon="100.9454751">
        <ele>3208.052295409694</ele>
        <time>2026-05-03T06:41:57.866Z</time>
        <speed>14.18</speed>
      </trkpt>
      <trkpt lat="30.0074728" lon="100.9456842">
        <ele>3202.4390971134535</ele>
        <time>2026-05-03T06:41:59.865Z</time>
        <speed>14.55</speed>
      </trkpt>
      <trkpt lat="30.0076794" lon="100.945884">
        <ele>3200.0083287302036</ele>
        <time>2026-05-03T06:42:01.871Z</time>
        <speed>15.38</speed>
      </trkpt>
      <trkpt lat="30.0078975" lon="100.9460838">
        <ele>3202.996118085915</ele>
        <time>2026-05-03T06:42:03.865Z</time>
        <speed>15.6</speed>
      </trkpt>
      <trkpt lat="30.0081207" lon="100.9462847">
        <ele>3206.9144714389636</ele>
        <time>2026-05-03T06:42:05.868Z</time>
        <speed>15.87</speed>
      </trkpt>
      <trkpt lat="30.0083473" lon="100.9464862">
        <ele>3210.519888890753</ele>
        <time>2026-05-03T06:42:07.877Z</time>
        <speed>15.54</speed>
      </trkpt>
      <trkpt lat="30.0087645" lon="100.9468662">
        <ele>3204.575413703679</ele>
        <time>2026-05-03T06:42:11.875Z</time>
        <speed>13.97</speed>
      </trkpt>
      <trkpt lat="30.0089153" lon="100.9470489">
        <ele>3202.302244975117</ele>
        <time>2026-05-03T06:42:13.869Z</time>
        <speed>10.79</speed>
      </trkpt>
      <trkpt lat="30.0089361" lon="100.9472409">
        <ele>3197.097168332175</ele>
        <time>2026-05-03T06:42:15.877Z</time>
        <speed>9.73</speed>
      </trkpt>
      <trkpt lat="30.0088262" lon="100.9473416">
        <ele>3196.6941663610364</ele>
        <time>2026-05-03T06:42:17.866Z</time>
        <speed>8.83</speed>
      </trkpt>
      <trkpt lat="30.0086905" lon="100.9472972">
        <ele>3197.3810778108555</ele>
        <time>2026-05-03T06:42:19.872Z</time>
        <speed>8.99</speed>
      </trkpt>
      <trkpt lat="30.0085578" lon="100.9471613">
        <ele>3201.4677124624004</ele>
        <time>2026-05-03T06:42:21.865Z</time>
        <speed>11.32</speed>
      </trkpt>
      <trkpt lat="30.008188" lon="100.9467259">
        <ele>3196.10978442859</ele>
        <time>2026-05-03T06:42:26.865Z</time>
        <speed>12.15</speed>
      </trkpt>
      <trkpt lat="30.0078836" lon="100.9463821">
        <ele>3194.4617574220583</ele>
        <time>2026-05-03T06:42:30.866Z</time>
        <speed>11.3</speed>
      </trkpt>
      <trkpt lat="30.007458" lon="100.9463396">
        <ele>3191.1193712139075</ele>
        <time>2026-05-03T06:42:38.866Z</time>
        <speed>5.96</speed>
      </trkpt>
      <trkpt lat="30.0076223" lon="100.9465946">
        <ele>3189.2679005206833</ele>
        <time>2026-05-03T06:42:42.866Z</time>
        <speed>10.91</speed>
      </trkpt>
      <trkpt lat="30.0079577" lon="100.946957">
        <ele>3182.964167741023</ele>
        <time>2026-05-03T06:42:46.865Z</time>
        <speed>14.3</speed>
      </trkpt>
      <trkpt lat="30.0083287" lon="100.9474197">
        <ele>3188.3290441482472</ele>
        <time>2026-05-03T06:42:50.865Z</time>
        <speed>15.43</speed>
      </trkpt>
      <trkpt lat="30.0086347" lon="100.9479823">
        <ele>3185.2175443093065</ele>
        <time>2026-05-03T06:42:54.865Z</time>
        <speed>16.67</speed>
      </trkpt>
      <trkpt lat="30.0089263" lon="100.9485651">
        <ele>3181.4663990689787</ele>
        <time>2026-05-03T06:42:58.865Z</time>
        <speed>16.68</speed>
      </trkpt>
      <trkpt lat="30.0092332" lon="100.9491528">
        <ele>3176.7509032498997</ele>
        <time>2026-05-03T06:43:02.866Z</time>
        <speed>16.43</speed>
      </trkpt>
      <trkpt lat="30.0096042" lon="100.949655">
        <ele>3168.7890243621314</ele>
        <time>2026-05-03T06:43:06.865Z</time>
        <speed>15.58</speed>
      </trkpt>
      <trkpt lat="30.0100253" lon="100.9500784">
        <ele>3168.1153484071265</ele>
        <time>2026-05-03T06:43:10.871Z</time>
        <speed>14.81</speed>
      </trkpt>
      <trkpt lat="30.0102243" lon="100.9502765">
        <ele>3165.738287041731</ele>
        <time>2026-05-03T06:43:12.867Z</time>
        <speed>14.25</speed>
      </trkpt>
      <trkpt lat="30.0104101" lon="100.9504615">
        <ele>3159.2348636933625</ele>
        <time>2026-05-03T06:43:14.870Z</time>
        <speed>12.82</speed>
      </trkpt>
      <trkpt lat="30.0105534" lon="100.9506395">
        <ele>3160.288555751472</ele>
        <time>2026-05-03T06:43:16.871Z</time>
        <speed>10.52</speed>
      </trkpt>
      <trkpt lat="30.0107202" lon="100.9509215">
        <ele>3151.1998122489567</ele>
        <time>2026-05-03T06:43:20.871Z</time>
        <speed>7.03</speed>
      </trkpt>
      <trkpt lat="30.0108208" lon="100.9510992">
        <ele>3148.4904959392693</ele>
        <time>2026-05-03T06:43:23.876Z</time>
        <speed>6.14</speed>
      </trkpt>
      <trkpt lat="30.0108572" lon="100.951222">
        <ele>3148.775301031721</ele>
        <time>2026-05-03T06:43:25.868Z</time>
        <speed>6.61</speed>
      </trkpt>
      <trkpt lat="30.0109009" lon="100.9513849">
        <ele>3150.3748502949757</ele>
        <time>2026-05-03T06:43:27.868Z</time>
        <speed>9.17</speed>
      </trkpt>
      <trkpt lat="30.0109487" lon="100.9515639">
        <ele>3151.7247676376114</ele>
        <time>2026-05-03T06:43:29.872Z</time>
        <speed>9.3</speed>
      </trkpt>
      <trkpt lat="30.0110087" lon="100.9517655">
        <ele>3146.6417813614685</ele>
        <time>2026-05-03T06:43:31.868Z</time>
        <speed>10.83</speed>
      </trkpt>
      <trkpt lat="30.0110776" lon="100.9519897">
        <ele>3140.2995168410284</ele>
        <time>2026-05-03T06:43:33.865Z</time>
        <speed>12.05</speed>
      </trkpt>
      <trkpt lat="30.0111495" lon="100.9522374">
        <ele>3147.8477696574328</ele>
        <time>2026-05-03T06:43:35.868Z</time>
        <speed>13.05</speed>
      </trkpt>
      <trkpt lat="30.0112115" lon="100.9524882">
        <ele>3153.245048120478</ele>
        <time>2026-05-03T06:43:37.875Z</time>
        <speed>12.32</speed>
      </trkpt>
      <trkpt lat="30.0112776" lon="100.9529923">
        <ele>3148.5313908273006</ele>
        <time>2026-05-03T06:43:41.872Z</time>
        <speed>13.04</speed>
      </trkpt>
      <trkpt lat="30.0112616" lon="100.9532738">
        <ele>3142.933918249183</ele>
        <time>2026-05-03T06:43:43.866Z</time>
        <speed>14.47</speed>
      </trkpt>
      <trkpt lat="30.0112305" lon="100.9535695">
        <ele>3137.765231919395</ele>
        <time>2026-05-03T06:43:45.867Z</time>
        <speed>14.57</speed>
      </trkpt>
      <trkpt lat="30.011194" lon="100.9538612">
        <ele>3139.6248008249145</ele>
        <time>2026-05-03T06:43:47.873Z</time>
        <speed>14.38</speed>
      </trkpt>
      <trkpt lat="30.0111535" lon="100.9544697">
        <ele>3130.181947789512</ele>
        <time>2026-05-03T06:43:51.865Z</time>
        <speed>15.06</speed>
      </trkpt>
      <trkpt lat="30.0112626" lon="100.9551099">
        <ele>3131.041014433506</ele>
        <time>2026-05-03T06:43:55.866Z</time>
        <speed>16.34</speed>
      </trkpt>
      <trkpt lat="30.0113334" lon="100.9554284">
        <ele>3125.843852306997</ele>
        <time>2026-05-03T06:43:57.875Z</time>
        <speed>16.22</speed>
      </trkpt>
      <trkpt lat="30.011413" lon="100.9557495">
        <ele>3124.982454657813</ele>
        <time>2026-05-03T06:43:59.866Z</time>
        <speed>16.12</speed>
      </trkpt>
      <trkpt lat="30.0115182" lon="100.9560665">
        <ele>3124.1785031997356</ele>
        <time>2026-05-03T06:44:01.876Z</time>
        <speed>16.08</speed>
      </trkpt>
      <trkpt lat="30.0116511" lon="100.9563533">
        <ele>3127.0764047096422</ele>
        <time>2026-05-03T06:44:03.873Z</time>
        <speed>15.59</speed>
      </trkpt>
      <trkpt lat="30.0118025" lon="100.9566472">
        <ele>3124.0955204978245</ele>
        <time>2026-05-03T06:44:05.873Z</time>
        <speed>17.13</speed>
      </trkpt>
      <trkpt lat="30.0119579" lon="100.9569514">
        <ele>3118.9514272701576</ele>
        <time>2026-05-03T06:44:07.877Z</time>
        <speed>17.07</speed>
      </trkpt>
      <trkpt lat="30.0120983" lon="100.9572651">
        <ele>3115.47469163602</ele>
        <time>2026-05-03T06:44:09.876Z</time>
        <speed>17.15</speed>
      </trkpt>
      <trkpt lat="30.012212" lon="100.9575971">
        <ele>3111.745554437318</ele>
        <time>2026-05-03T06:44:11.871Z</time>
        <speed>17.29</speed>
      </trkpt>
      <trkpt lat="30.0123062" lon="100.9579294">
        <ele>3112.864808076475</ele>
        <time>2026-05-03T06:44:13.875Z</time>
        <speed>16.52</speed>
      </trkpt>
      <trkpt lat="30.0123836" lon="100.958244">
        <ele>3103.6988996005175</ele>
        <time>2026-05-03T06:44:15.876Z</time>
        <speed>15.29</speed>
      </trkpt>
      <trkpt lat="30.0124208" lon="100.9585499">
        <ele>3103.0163165364625</ele>
        <time>2026-05-03T06:44:17.877Z</time>
        <speed>14.71</speed>
      </trkpt>
      <trkpt lat="30.0123951" lon="100.9588379">
        <ele>3107.191652223773</ele>
        <time>2026-05-03T06:44:19.876Z</time>
        <speed>13.8</speed>
      </trkpt>
      <trkpt lat="30.0123166" lon="100.9593754">
        <ele>3104.0347309061854</ele>
        <time>2026-05-03T06:44:23.866Z</time>
        <speed>12.92</speed>
      </trkpt>
      <trkpt lat="30.0123557" lon="100.9599258">
        <ele>3093.9431892919906</ele>
        <time>2026-05-03T06:44:27.866Z</time>
        <speed>12.62</speed>
      </trkpt>
      <trkpt lat="30.0123818" lon="100.9601604">
        <ele>3093.361516130689</ele>
        <time>2026-05-03T06:44:29.864Z</time>
        <speed>10.37</speed>
      </trkpt>
      <trkpt lat="30.0123599" lon="100.9603359">
        <ele>3089.4443199822645</ele>
        <time>2026-05-03T06:44:31.876Z</time>
        <speed>7.54</speed>
      </trkpt>
      <trkpt lat="30.012289" lon="100.9604375">
        <ele>3092.760685458244</ele>
        <time>2026-05-03T06:44:33.866Z</time>
        <speed>5.56</speed>
      </trkpt>
      <trkpt lat="30.0121545" lon="100.9601194">
        <ele>3085.012837995593</ele>
        <time>2026-05-03T06:44:38.865Z</time>
        <speed>10.22</speed>
      </trkpt>
      <trkpt lat="30.0121984" lon="100.9597699">
        <ele>3094.0183345406667</ele>
        <time>2026-05-03T06:44:41.875Z</time>
        <speed>11.98</speed>
      </trkpt>
      <trkpt lat="30.0122167" lon="100.9595278">
        <ele>3090.892264134703</ele>
        <time>2026-05-03T06:44:43.876Z</time>
        <speed>11.55</speed>
      </trkpt>
      <trkpt lat="30.0122257" lon="100.9593254">
        <ele>3084.59735942737</ele>
        <time>2026-05-03T06:44:45.866Z</time>
        <speed>8.46</speed>
      </trkpt>
      <trkpt lat="30.0121565" lon="100.9591852">
        <ele>3090.137182039874</ele>
        <time>2026-05-03T06:44:47.867Z</time>
        <speed>7.89</speed>
      </trkpt>
      <trkpt lat="30.0120426" lon="100.9591751">
        <ele>3088.4657035693504</ele>
        <time>2026-05-03T06:44:49.864Z</time>
        <speed>7.64</speed>
      </trkpt>
      <trkpt lat="30.0119326" lon="100.9597165">
        <ele>3085.2404484318927</ele>
        <time>2026-05-03T06:44:55.868Z</time>
        <speed>12.32</speed>
      </trkpt>
      <trkpt lat="30.0119306" lon="100.9599905">
        <ele>3077.663881948001</ele>
        <time>2026-05-03T06:44:57.872Z</time>
        <speed>13.52</speed>
      </trkpt>
      <trkpt lat="30.0119361" lon="100.9602751">
        <ele>3088.0475052159827</ele>
        <time>2026-05-03T06:44:59.867Z</time>
        <speed>13.92</speed>
      </trkpt>
      <trkpt lat="30.0119846" lon="100.9605699">
        <ele>3087.4677881910397</ele>
        <time>2026-05-03T06:45:01.869Z</time>
        <speed>14.69</speed>
      </trkpt>
      <trkpt lat="30.0120899" lon="100.9608478">
        <ele>3082.4784534238843</ele>
        <time>2026-05-03T06:45:03.872Z</time>
        <speed>14.97</speed>
      </trkpt>
      <trkpt lat="30.0124138" lon="100.9613704">
        <ele>3078.219722593404</ele>
        <time>2026-05-03T06:45:07.872Z</time>
        <speed>16.27</speed>
      </trkpt>
      <trkpt lat="30.0129863" lon="100.9625566">
        <ele>3070.342090896556</ele>
        <time>2026-05-03T06:45:15.872Z</time>
        <speed>18.07</speed>
      </trkpt>
      <trkpt lat="30.0130909" lon="100.9632517">
        <ele>3067.815443857959</ele>
        <time>2026-05-03T06:45:19.872Z</time>
        <speed>17.38</speed>
      </trkpt>
      <trkpt lat="30.013169" lon="100.963943">
        <ele>3060.542335545308</ele>
        <time>2026-05-03T06:45:23.872Z</time>
        <speed>15.52</speed>
      </trkpt>
      <trkpt lat="30.0134502" lon="100.9650156">
        <ele>3049.5554792073885</ele>
        <time>2026-05-03T06:45:31.871Z</time>
        <speed>14.23</speed>
      </trkpt>
      <trkpt lat="30.013842" lon="100.9654674">
        <ele>3042.670472543688</ele>
        <time>2026-05-03T06:45:35.871Z</time>
        <speed>16.31</speed>
      </trkpt>
      <trkpt lat="30.0142396" lon="100.9659294">
        <ele>3043.007299097609</ele>
        <time>2026-05-03T06:45:39.872Z</time>
        <speed>15.4</speed>
      </trkpt>
      <trkpt lat="30.0145623" lon="100.9663398">
        <ele>3033.7376188243406</ele>
        <time>2026-05-03T06:45:43.871Z</time>
        <speed>13.02</speed>
      </trkpt>
      <trkpt lat="30.0143921" lon="100.9665222">
        <ele>3032.118076749434</ele>
        <time>2026-05-03T06:45:47.872Z</time>
        <speed>5.7</speed>
      </trkpt>
      <trkpt lat="30.0141877" lon="100.9662604">
        <ele>3028.4432474371233</ele>
        <time>2026-05-03T06:45:51.871Z</time>
        <speed>9.36</speed>
      </trkpt>
      <trkpt lat="30.0139165" lon="100.9658835">
        <ele>3028.558820151053</ele>
        <time>2026-05-03T06:45:55.871Z</time>
        <speed>11.72</speed>
      </trkpt>
      <trkpt lat="30.0136754" lon="100.965519">
        <ele>3027.9184146863454</ele>
        <time>2026-05-03T06:45:59.872Z</time>
        <speed>10.28</speed>
      </trkpt>
      <trkpt lat="30.0134143" lon="100.9654092">
        <ele>3025.7726724617933</ele>
        <time>2026-05-03T06:46:03.872Z</time>
        <speed>6.61</speed>
      </trkpt>
      <trkpt lat="30.0134178" lon="100.9656907">
        <ele>3023.967727069626</ele>
        <time>2026-05-03T06:46:07.872Z</time>
        <speed>8.59</speed>
      </trkpt>
      <trkpt lat="30.0137534" lon="100.9661553">
        <ele>3023.1692839856164</ele>
        <time>2026-05-03T06:46:12.871Z</time>
        <speed>14.37</speed>
      </trkpt>
      <trkpt lat="30.0141258" lon="100.9665955">
        <ele>3022.1208161153463</ele>
        <time>2026-05-03T06:46:16.872Z</time>
        <speed>15.67</speed>
      </trkpt>
      <trkpt lat="30.0145664" lon="100.967045">
        <ele>3017.6464887893126</ele>
        <time>2026-05-03T06:46:20.871Z</time>
        <speed>17.12</speed>
      </trkpt>
      <trkpt lat="30.0150668" lon="100.9674675">
        <ele>3013.628656315412</ele>
        <time>2026-05-03T06:46:24.871Z</time>
        <speed>17.15</speed>
      </trkpt>
      <trkpt lat="30.0159993" lon="100.9684298">
        <ele>3002.1528335145917</ele>
        <time>2026-05-03T06:46:32.872Z</time>
        <speed>17.84</speed>
      </trkpt>
      <trkpt lat="30.0164405" lon="100.9689276">
        <ele>2997.994602673837</ele>
        <time>2026-05-03T06:46:36.871Z</time>
        <speed>16.65</speed>
      </trkpt>
      <trkpt lat="30.0168299" lon="100.9693997">
        <ele>2992.1741881940784</ele>
        <time>2026-05-03T06:46:40.872Z</time>
        <speed>14.77</speed>
      </trkpt>
      <trkpt lat="30.0169955" lon="100.9699412">
        <ele>2985.817118649388</ele>
        <time>2026-05-03T06:46:44.871Z</time>
        <speed>13.19</speed>
      </trkpt>
      <trkpt lat="30.0170358" lon="100.9702071">
        <ele>2983.6090006609593</ele>
        <time>2026-05-03T06:46:46.869Z</time>
        <speed>13.04</speed>
      </trkpt>
      <trkpt lat="30.0172379" lon="100.9707981">
        <ele>2978.3771217987755</ele>
        <time>2026-05-03T06:46:51.868Z</time>
        <speed>12.21</speed>
      </trkpt>
      <trkpt lat="30.0174851" lon="100.9712064">
        <ele>2976.7634165439736</ele>
        <time>2026-05-03T06:46:55.869Z</time>
        <speed>10.64</speed>
      </trkpt>
      <trkpt lat="30.0175208" lon="100.971509">
        <ele>2972.454458798749</ele>
        <time>2026-05-03T06:46:59.869Z</time>
        <speed>6.56</speed>
      </trkpt>
      <trkpt lat="30.0173412" lon="100.9714362">
        <ele>2970.024005641378</ele>
        <time>2026-05-03T06:47:03.868Z</time>
        <speed>6.78</speed>
      </trkpt>
      <trkpt lat="30.0172058" lon="100.9711022">
        <ele>2967.89858355216</ele>
        <time>2026-05-03T06:47:07.868Z</time>
        <speed>10.46</speed>
      </trkpt>
      <trkpt lat="30.0168246" lon="100.9705725">
        <ele>2966.5946019749977</ele>
        <time>2026-05-03T06:47:15.869Z</time>
        <speed>6.41</speed>
      </trkpt>
      <trkpt lat="30.0167511" lon="100.9708072">
        <ele>2964.7190786443507</ele>
        <time>2026-05-03T06:47:19.868Z</time>
        <speed>8.69</speed>
      </trkpt>
      <trkpt lat="30.016858" lon="100.9712549">
        <ele>2964.9099445345373</ele>
        <time>2026-05-03T06:47:23.869Z</time>
        <speed>13.34</speed>
      </trkpt>
      <trkpt lat="30.0170333" lon="100.9717739">
        <ele>2963.375903987204</ele>
        <time>2026-05-03T06:47:27.868Z</time>
        <speed>13.74</speed>
      </trkpt>
      <trkpt lat="30.0171832" lon="100.9720115">
        <ele>2962.4930148911444</ele>
        <time>2026-05-03T06:47:29.868Z</time>
        <speed>14.38</speed>
      </trkpt>
      <trkpt lat="30.0173887" lon="100.9722123">
        <ele>2961.5300196792214</ele>
        <time>2026-05-03T06:47:31.868Z</time>
        <speed>15.36</speed>
      </trkpt>
      <trkpt lat="30.0176232" lon="100.9723921">
        <ele>2959.0861592503124</ele>
        <time>2026-05-03T06:47:33.869Z</time>
        <speed>15.4</speed>
      </trkpt>
      <trkpt lat="30.01786" lon="100.9725731">
        <ele>2956.7034673009016</ele>
        <time>2026-05-03T06:47:35.869Z</time>
        <speed>16.01</speed>
      </trkpt>
      <trkpt lat="30.018086" lon="100.9727727">
        <ele>2952.3308409863916</ele>
        <time>2026-05-03T06:47:37.869Z</time>
        <speed>15.64</speed>
      </trkpt>
      <trkpt lat="30.0182626" lon="100.9730254">
        <ele>2951.1282655640957</ele>
        <time>2026-05-03T06:47:39.875Z</time>
        <speed>16.13</speed>
      </trkpt>
      <trkpt lat="30.0183948" lon="100.9733425">
        <ele>2948.3347106723704</ele>
        <time>2026-05-03T06:47:41.866Z</time>
        <speed>17.72</speed>
      </trkpt>
      <trkpt lat="30.0185892" lon="100.9740807">
        <ele>2944.427123954429</ele>
        <time>2026-05-03T06:47:45.868Z</time>
        <speed>18.74</speed>
      </trkpt>
      <trkpt lat="30.018691" lon="100.9744558">
        <ele>2942.3913776014924</ele>
        <time>2026-05-03T06:47:47.865Z</time>
        <speed>18.86</speed>
      </trkpt>
      <trkpt lat="30.018888" lon="100.9751609">
        <ele>2936.8758797268083</ele>
        <time>2026-05-03T06:47:51.864Z</time>
        <speed>17.27</speed>
      </trkpt>
      <trkpt lat="30.0190239" lon="100.9758348">
        <ele>2933.190880752923</ele>
        <time>2026-05-03T06:47:55.864Z</time>
        <speed>16.36</speed>
      </trkpt>
      <trkpt lat="30.0189962" lon="100.9764829">
        <ele>2927.5948903674293</ele>
        <time>2026-05-03T06:47:59.864Z</time>
        <speed>15.35</speed>
      </trkpt>
      <trkpt lat="30.0190621" lon="100.977156">
        <ele>2921.350660789186</ele>
        <time>2026-05-03T06:48:03.864Z</time>
        <speed>16.71</speed>
      </trkpt>
      <trkpt lat="30.0192648" lon="100.9778921">
        <ele>2915.5591058216883</ele>
        <time>2026-05-03T06:48:07.865Z</time>
        <speed>18.18</speed>
      </trkpt>
      <trkpt lat="30.0194373" lon="100.9786516">
        <ele>2911.2803876561766</ele>
        <time>2026-05-03T06:48:11.865Z</time>
        <speed>19.21</speed>
      </trkpt>
      <trkpt lat="30.0195295" lon="100.9793728">
        <ele>2903.890314905745</ele>
        <time>2026-05-03T06:48:15.864Z</time>
        <speed>17.06</speed>
      </trkpt>
      <trkpt lat="30.0196072" lon="100.9800541">
        <ele>2897.086629906349</ele>
        <time>2026-05-03T06:48:19.865Z</time>
        <speed>17.42</speed>
      </trkpt>
      <trkpt lat="30.0197724" lon="100.9807018">
        <ele>2892.07248108999</ele>
        <time>2026-05-03T06:48:23.864Z</time>
        <speed>17.71</speed>
      </trkpt>
      <trkpt lat="30.0199965" lon="100.9813827">
        <ele>2885.468264186918</ele>
        <time>2026-05-03T06:48:27.865Z</time>
        <speed>16.84</speed>
      </trkpt>
      <trkpt lat="30.0202219" lon="100.9820703">
        <ele>2881.6656052448016</ele>
        <time>2026-05-03T06:48:31.864Z</time>
        <speed>18.21</speed>
      </trkpt>
      <trkpt lat="30.0204307" lon="100.9827617">
        <ele>2877.68234481916</ele>
        <time>2026-05-03T06:48:35.864Z</time>
        <speed>18.48</speed>
      </trkpt>
      <trkpt lat="30.0206592" lon="100.9834419">
        <ele>2872.0589508599187</ele>
        <time>2026-05-03T06:48:39.865Z</time>
        <speed>17.76</speed>
      </trkpt>
      <trkpt lat="30.0208966" lon="100.9841041">
        <ele>2865.7663853930685</ele>
        <time>2026-05-03T06:48:43.864Z</time>
        <speed>16.89</speed>
      </trkpt>
      <trkpt lat="30.0211365" lon="100.9846965">
        <ele>2859.8718549538685</ele>
        <time>2026-05-03T06:48:47.865Z</time>
        <speed>15.72</speed>
      </trkpt>
      <trkpt lat="30.0215473" lon="100.9851531">
        <ele>2853.6571958989466</ele>
        <time>2026-05-03T06:48:51.865Z</time>
        <speed>16.75</speed>
      </trkpt>
      <trkpt lat="30.0218193" lon="100.9853213">
        <ele>2851.0567965144965</ele>
        <time>2026-05-03T06:48:53.865Z</time>
        <speed>18.03</speed>
      </trkpt>
      <trkpt lat="30.0224151" lon="100.9856444">
        <ele>2846.2696429185567</ele>
        <time>2026-05-03T06:48:57.865Z</time>
        <speed>17.77</speed>
      </trkpt>
      <trkpt lat="30.0228778" lon="100.9860494">
        <ele>2841.424457186444</ele>
        <time>2026-05-03T06:49:01.865Z</time>
        <speed>16.92</speed>
      </trkpt>
      <trkpt lat="30.0232975" lon="100.9866164">
        <ele>2834.851544590317</ele>
        <time>2026-05-03T06:49:05.864Z</time>
        <speed>17.53</speed>
      </trkpt>
      <trkpt lat="30.0235842" lon="100.9872215">
        <ele>2830.3614904493147</ele>
        <time>2026-05-03T06:49:09.865Z</time>
        <speed>16.42</speed>
      </trkpt>
      <trkpt lat="30.0237588" lon="100.9878195">
        <ele>2823.5282628193636</ele>
        <time>2026-05-03T06:49:13.865Z</time>
        <speed>13.63</speed>
      </trkpt>
      <trkpt lat="30.0239601" lon="100.9882779">
        <ele>2816.8317225626506</ele>
        <time>2026-05-03T06:49:17.865Z</time>
        <speed>11.31</speed>
      </trkpt>
      <trkpt lat="30.024342" lon="100.9885352">
        <ele>2815.2155690081618</ele>
        <time>2026-05-03T06:49:21.865Z</time>
        <speed>12.78</speed>
      </trkpt>
      <trkpt lat="30.0246751" lon="100.9888859">
        <ele>2812.70528808926</ele>
        <time>2026-05-03T06:49:25.864Z</time>
        <speed>13.13</speed>
      </trkpt>
      <trkpt lat="30.0249737" lon="100.9892947">
        <ele>2810.119805142528</ele>
        <time>2026-05-03T06:49:29.865Z</time>
        <speed>12.69</speed>
      </trkpt>
      <trkpt lat="30.0254731" lon="100.9894948">
        <ele>2805.5113609580426</ele>
        <time>2026-05-03T06:49:33.864Z</time>
        <speed>15.67</speed>
      </trkpt>
      <trkpt lat="30.0260365" lon="100.9896062">
        <ele>2801.860862994594</ele>
        <time>2026-05-03T06:49:37.864Z</time>
        <speed>16.01</speed>
      </trkpt>
      <trkpt lat="30.0265885" lon="100.9897301">
        <ele>2796.515763829958</ele>
        <time>2026-05-03T06:49:41.865Z</time>
        <speed>15.28</speed>
      </trkpt>
      <trkpt lat="30.0271056" lon="100.9899477">
        <ele>2791.23507452196</ele>
        <time>2026-05-03T06:49:45.864Z</time>
        <speed>15.38</speed>
      </trkpt>
      <trkpt lat="30.0276143" lon="100.9902876">
        <ele>2786.1739171960276</ele>
        <time>2026-05-03T06:49:49.865Z</time>
        <speed>16.69</speed>
      </trkpt>
      <trkpt lat="30.0282" lon="100.9904777">
        <ele>2781.339310071163</ele>
        <time>2026-05-03T06:49:53.865Z</time>
        <speed>16.59</speed>
      </trkpt>
      <trkpt lat="30.028764" lon="100.9906293">
        <ele>2775.421357866006</ele>
        <time>2026-05-03T06:49:57.865Z</time>
        <speed>15.37</speed>
      </trkpt>
      <trkpt lat="30.0290151" lon="100.9907279">
        <ele>2771.313297312498</ele>
        <time>2026-05-03T06:49:59.865Z</time>
        <speed>14.16</speed>
      </trkpt>
      <trkpt lat="30.0294704" lon="100.9909629">
        <ele>2765.2648335160934</ele>
        <time>2026-05-03T06:50:04.864Z</time>
        <speed>7.42</speed>
      </trkpt>
      <trkpt lat="30.0296265" lon="100.9908884">
        <ele>2760.550619716117</ele>
        <time>2026-05-03T06:50:08.864Z</time>
        <speed>4.72</speed>
      </trkpt>
      <trkpt lat="30.0293729" lon="100.9905626">
        <ele>2758.1538761858396</ele>
        <time>2026-05-03T06:50:16.864Z</time>
        <speed>9.81</speed>
      </trkpt>
      <trkpt lat="30.0289994" lon="100.9904557">
        <ele>2757.382885611636</ele>
        <time>2026-05-03T06:50:20.865Z</time>
        <speed>10.5</speed>
      </trkpt>
      <trkpt lat="30.0286827" lon="100.9903509">
        <ele>2758.3428224305753</ele>
        <time>2026-05-03T06:50:24.864Z</time>
        <speed>8.16</speed>
      </trkpt>
      <trkpt lat="30.0287093" lon="100.9901207">
        <ele>2755.4413802905815</ele>
        <time>2026-05-03T06:50:28.864Z</time>
        <speed>6.94</speed>
      </trkpt>
      <trkpt lat="30.0289927" lon="100.9901896">
        <ele>2754.6419152505246</ele>
        <time>2026-05-03T06:50:32.864Z</time>
        <speed>10.83</speed>
      </trkpt>
      <trkpt lat="30.0293695" lon="100.99032">
        <ele>2754.4344934091027</ele>
        <time>2026-05-03T06:50:36.865Z</time>
        <speed>11.19</speed>
      </trkpt>
      <trkpt lat="30.0297923" lon="100.9904552">
        <ele>2752.6257614747897</ele>
        <time>2026-05-03T06:50:40.865Z</time>
        <speed>12.69</speed>
      </trkpt>
      <trkpt lat="30.0302288" lon="100.9905255">
        <ele>2749.533988588681</ele>
        <time>2026-05-03T06:50:44.864Z</time>
        <speed>12.57</speed>
      </trkpt>
      <trkpt lat="30.0306871" lon="100.9904689">
        <ele>2745.6874321199443</ele>
        <time>2026-05-03T06:50:48.865Z</time>
        <speed>12.71</speed>
      </trkpt>
      <trkpt lat="30.0311806" lon="100.9903319">
        <ele>2742.1550149753793</ele>
        <time>2026-05-03T06:50:52.864Z</time>
        <speed>14.65</speed>
      </trkpt>
      <trkpt lat="30.0317148" lon="100.9901593">
        <ele>2735.024349033886</ele>
        <time>2026-05-03T06:50:56.864Z</time>
        <speed>15.68</speed>
      </trkpt>
      <trkpt lat="30.0326331" lon="100.989918">
        <ele>2730.479973147429</ele>
        <time>2026-05-03T06:51:03.864Z</time>
        <speed>14.38</speed>
      </trkpt>
      <trkpt lat="30.0331489" lon="100.9898066">
        <ele>2728.2076911505296</ele>
        <time>2026-05-03T06:51:07.865Z</time>
        <speed>14.97</speed>
      </trkpt>
      <trkpt lat="30.0336699" lon="100.9896688">
        <ele>2725.45843232909</ele>
        <time>2026-05-03T06:51:11.864Z</time>
        <speed>15.58</speed>
      </trkpt>
      <trkpt lat="30.0346705" lon="100.9890929">
        <ele>2715.4730287392217</ele>
        <time>2026-05-03T06:51:19.865Z</time>
        <speed>15.7</speed>
      </trkpt>
      <trkpt lat="30.0352595" lon="100.9889664">
        <ele>2708.3297115440228</ele>
        <time>2026-05-03T06:51:23.865Z</time>
        <speed>16.58</speed>
      </trkpt>
      <trkpt lat="30.0358293" lon="100.9887629">
        <ele>2703.3794249517046</ele>
        <time>2026-05-03T06:51:27.864Z</time>
        <speed>15.69</speed>
      </trkpt>
      <trkpt lat="30.0363204" lon="100.9884831">
        <ele>2698.5814449330283</ele>
        <time>2026-05-03T06:51:31.865Z</time>
        <speed>14.44</speed>
      </trkpt>
      <trkpt lat="30.0367945" lon="100.9882217">
        <ele>2694.942258552124</ele>
        <time>2026-05-03T06:51:35.865Z</time>
        <speed>14.86</speed>
      </trkpt>
      <trkpt lat="30.0373343" lon="100.9880665">
        <ele>2692.5788988285954</ele>
        <time>2026-05-03T06:51:39.865Z</time>
        <speed>16.37</speed>
      </trkpt>
      <trkpt lat="30.0379408" lon="100.9881005">
        <ele>2686.180200796904</ele>
        <time>2026-05-03T06:51:43.865Z</time>
        <speed>17.48</speed>
      </trkpt>
      <trkpt lat="30.0385546" lon="100.9881554">
        <ele>2681.479274826094</ele>
        <time>2026-05-03T06:51:47.864Z</time>
        <speed>16.45</speed>
      </trkpt>
      <trkpt lat="30.0390978" lon="100.9882642">
        <ele>2675.7075733312195</ele>
        <time>2026-05-03T06:51:51.865Z</time>
        <speed>15.4</speed>
      </trkpt>
      <trkpt lat="30.039497" lon="100.988592">
        <ele>2670.05477031583</ele>
        <time>2026-05-03T06:51:55.864Z</time>
        <speed>12.17</speed>
      </trkpt>
      <trkpt lat="30.0397921" lon="100.9888848">
        <ele>2666.265298031183</ele>
        <time>2026-05-03T06:51:59.864Z</time>
        <speed>9.98</speed>
      </trkpt>
      <trkpt lat="30.0400068" lon="100.9888922">
        <ele>2663.322113949705</ele>
        <time>2026-05-03T06:52:03.864Z</time>
        <speed>6.07</speed>
      </trkpt>
      <trkpt lat="30.0400408" lon="100.9887867">
        <ele>2661.3948482720957</ele>
        <time>2026-05-03T06:52:05.865Z</time>
        <speed>6.51</speed>
      </trkpt>
      <trkpt lat="30.0398167" lon="100.9884981">
        <ele>2659.4242420330997</ele>
        <time>2026-05-03T06:52:10.865Z</time>
        <speed>9.65</speed>
      </trkpt>
      <trkpt lat="30.0396119" lon="100.9882928">
        <ele>2659.418884484998</ele>
        <time>2026-05-03T06:52:14.865Z</time>
        <speed>4.46</speed>
      </trkpt>
      <trkpt lat="30.0395655" lon="100.9882131">
        <ele>2657.938902708087</ele>
        <time>2026-05-03T06:52:18.864Z</time>
        <speed>1.14</speed>
      </trkpt>
      <trkpt lat="30.0400296" lon="100.9883656">
        <ele>2656.871763782611</ele>
        <time>2026-05-03T06:52:30.864Z</time>
        <speed>12.87</speed>
      </trkpt>
      <trkpt lat="30.0403957" lon="100.9887435">
        <ele>2657.194708638258</ele>
        <time>2026-05-03T06:52:34.865Z</time>
        <speed>14.27</speed>
      </trkpt>
      <trkpt lat="30.0414416" lon="100.9904706">
        <ele>2636.272117759685</ele>
        <time>2026-05-03T06:52:54.864Z</time>
        <speed>13.23</speed>
      </trkpt>
      <trkpt lat="30.0411584" lon="100.9909278">
        <ele>2633.1096407063264</ele>
        <time>2026-05-03T06:52:58.865Z</time>
        <speed>12.99</speed>
      </trkpt>
      <trkpt lat="30.0408963" lon="100.9913859">
        <ele>2630.989895809444</ele>
        <time>2026-05-03T06:53:02.865Z</time>
        <speed>13.21</speed>
      </trkpt>
      <trkpt lat="30.0405949" lon="100.9918134">
        <ele>2627.128546418595</ele>
        <time>2026-05-03T06:53:06.864Z</time>
        <speed>13.4</speed>
      </trkpt>
      <trkpt lat="30.0402643" lon="100.9920149">
        <ele>2624.926995542553</ele>
        <time>2026-05-03T06:53:10.865Z</time>
        <speed>7.46</speed>
      </trkpt>
      <trkpt lat="30.0401735" lon="100.9920616">
        <ele>2623.9926011268153</ele>
        <time>2026-05-03T06:53:12.865Z</time>
        <speed>4.41</speed>
      </trkpt>
      <trkpt lat="30.039895" lon="100.9922815">
        <ele>2622.1425281321917</ele>
        <time>2026-05-03T06:53:17.865Z</time>
        <speed>9.02</speed>
      </trkpt>
      <trkpt lat="30.0395965" lon="100.9926001">
        <ele>2621.773214853904</ele>
        <time>2026-05-03T06:53:21.864Z</time>
        <speed>13.48</speed>
      </trkpt>
      <trkpt lat="30.0389883" lon="100.9933638">
        <ele>2619.4672484008506</ele>
        <time>2026-05-03T06:53:29.865Z</time>
        <speed>9.68</speed>
      </trkpt>
      <trkpt lat="30.0389187" lon="100.9937403">
        <ele>2617.613344749099</ele>
        <time>2026-05-03T06:53:33.865Z</time>
        <speed>9.05</speed>
      </trkpt>
      <trkpt lat="30.0389436" lon="100.9941664">
        <ele>2615.1654401030714</ele>
        <time>2026-05-03T06:53:37.864Z</time>
        <speed>11.07</speed>
      </trkpt>
      <trkpt lat="30.0390072" lon="100.9945088">
        <ele>2612.5568085285418</ele>
        <time>2026-05-03T06:53:41.865Z</time>
        <speed>7.46</speed>
      </trkpt>
      <trkpt lat="30.0391858" lon="100.9948059">
        <ele>2608.785609263811</ele>
        <time>2026-05-03T06:53:45.865Z</time>
        <speed>9.89</speed>
      </trkpt>
      <trkpt lat="30.0394157" lon="100.9951474">
        <ele>2606.621383021591</ele>
        <time>2026-05-03T06:53:49.865Z</time>
        <speed>10.81</speed>
      </trkpt>
      <trkpt lat="30.0395322" lon="100.9955657">
        <ele>2603.5682174500907</ele>
        <time>2026-05-03T06:53:53.864Z</time>
        <speed>9.94</speed>
      </trkpt>
      <trkpt lat="30.0395125" lon="100.9959919">
        <ele>2600.861866965002</ele>
        <time>2026-05-03T06:53:57.864Z</time>
        <speed>10.61</speed>
      </trkpt>
      <trkpt lat="30.0394771" lon="100.9964136">
        <ele>2600.3555049746724</ele>
        <time>2026-05-03T06:54:01.864Z</time>
        <speed>9.94</speed>
      </trkpt>
      <trkpt lat="30.0395575" lon="100.9967862">
        <ele>2599.171966784818</ele>
        <time>2026-05-03T06:54:05.864Z</time>
        <speed>9.76</speed>
      </trkpt>
      <trkpt lat="30.0398547" lon="100.9970332">
        <ele>2597.2726219394553</ele>
        <time>2026-05-03T06:54:09.865Z</time>
        <speed>10.67</speed>
      </trkpt>
      <trkpt lat="30.0401595" lon="100.9973151">
        <ele>2594.758484185211</ele>
        <time>2026-05-03T06:54:13.865Z</time>
        <speed>11.35</speed>
      </trkpt>
      <trkpt lat="30.0402713" lon="100.9977798">
        <ele>2592.622685770533</ele>
        <time>2026-05-03T06:54:17.865Z</time>
        <speed>13.04</speed>
      </trkpt>
      <trkpt lat="30.0402581" lon="100.9985337">
        <ele>2587.804005181028</ele>
        <time>2026-05-03T06:54:23.864Z</time>
        <speed>10.56</speed>
      </trkpt>
      <trkpt lat="30.0402511" lon="100.9990144">
        <ele>2584.1700043343235</ele>
        <time>2026-05-03T06:54:27.865Z</time>
        <speed>11.97</speed>
      </trkpt>
      <trkpt lat="30.0401667" lon="100.9995147">
        <ele>2582.73140528579</ele>
        <time>2026-05-03T06:54:31.864Z</time>
        <speed>12.73</speed>
      </trkpt>
      <trkpt lat="30.0397057" lon="101.0010848">
        <ele>2577.8654531526527</ele>
        <time>2026-05-03T06:54:43.864Z</time>
        <speed>12.32</speed>
      </trkpt>
      <trkpt lat="30.0396185" lon="101.0016051">
        <ele>2575.547936056226</ele>
        <time>2026-05-03T06:54:47.865Z</time>
        <speed>12.74</speed>
      </trkpt>
      <trkpt lat="30.0394772" lon="101.0021371">
        <ele>2573.0832166862774</ele>
        <time>2026-05-03T06:54:51.865Z</time>
        <speed>13.34</speed>
      </trkpt>
      <trkpt lat="30.0392761" lon="101.0026919">
        <ele>2571.1627069993624</ele>
        <time>2026-05-03T06:54:55.864Z</time>
        <speed>13.8</speed>
      </trkpt>
      <trkpt lat="30.0391327" lon="101.0032298">
        <ele>2568.362925255686</ele>
        <time>2026-05-03T06:54:59.864Z</time>
        <speed>12.8</speed>
      </trkpt>
      <trkpt lat="30.0392369" lon="101.0037182">
        <ele>2565.141039034854</ele>
        <time>2026-05-03T06:55:03.864Z</time>
        <speed>12.1</speed>
      </trkpt>
      <trkpt lat="30.0395292" lon="101.0041125">
        <ele>2563.39162084743</ele>
        <time>2026-05-03T06:55:07.864Z</time>
        <speed>12.09</speed>
      </trkpt>
      <trkpt lat="30.0397582" lon="101.0045453">
        <ele>2560.8858976708552</ele>
        <time>2026-05-03T06:55:11.864Z</time>
        <speed>12.47</speed>
      </trkpt>
      <trkpt lat="30.0397074" lon="101.0050368">
        <ele>2558.9784631012935</ele>
        <time>2026-05-03T06:55:15.865Z</time>
        <speed>11.91</speed>
      </trkpt>
      <trkpt lat="30.0395735" lon="101.0054865">
        <ele>2557.038208602804</ele>
        <time>2026-05-03T06:55:19.864Z</time>
        <speed>10.9</speed>
      </trkpt>
      <trkpt lat="30.0394888" lon="101.0059277">
        <ele>2554.437414127174</ele>
        <time>2026-05-03T06:55:23.865Z</time>
        <speed>11.26</speed>
      </trkpt>
      <trkpt lat="30.0394913" lon="101.0061545">
        <ele>2553.3824843710586</ele>
        <time>2026-05-03T06:55:25.864Z</time>
        <speed>11.27</speed>
      </trkpt>
      <trkpt lat="30.039544" lon="101.0067785">
        <ele>2551.328272082119</ele>
        <time>2026-05-03T06:55:30.864Z</time>
        <speed>12.4</speed>
      </trkpt>
      <trkpt lat="30.0394985" lon="101.0078402">
        <ele>2548.4037974612042</ele>
        <time>2026-05-03T06:55:38.864Z</time>
        <speed>12.99</speed>
      </trkpt>
      <trkpt lat="30.039266" lon="101.0088796">
        <ele>2545.3540180482605</ele>
        <time>2026-05-03T06:55:46.865Z</time>
        <speed>13.33</speed>
      </trkpt>
      <trkpt lat="30.0391083" lon="101.0093524">
        <ele>2545.8005053961574</ele>
        <time>2026-05-03T06:55:50.865Z</time>
        <speed>11.33</speed>
      </trkpt>
      <trkpt lat="30.0389427" lon="101.0097463">
        <ele>2545.388779823603</ele>
        <time>2026-05-03T06:55:54.865Z</time>
        <speed>10.06</speed>
      </trkpt>
      <trkpt lat="30.0387618" lon="101.0101304">
        <ele>2547.2241348302978</ele>
        <time>2026-05-03T06:55:58.865Z</time>
        <speed>10.66</speed>
      </trkpt>
      <trkpt lat="30.0386055" lon="101.0105433">
        <ele>2550.7014950819785</ele>
        <time>2026-05-03T06:56:02.865Z</time>
        <speed>11.27</speed>
      </trkpt>
      <trkpt lat="30.038446" lon="101.0109694">
        <ele>2552.947814421939</ele>
        <time>2026-05-03T06:56:06.864Z</time>
        <speed>11.78</speed>
      </trkpt>
      <trkpt lat="30.0383077" lon="101.0114195">
        <ele>2555.439059192444</ele>
        <time>2026-05-03T06:56:10.864Z</time>
        <speed>11.33</speed>
      </trkpt>
      <trkpt lat="30.0383021" lon="101.0118458">
        <ele>2558.701282280569</ele>
        <time>2026-05-03T06:56:14.864Z</time>
        <speed>9.42</speed>
      </trkpt>
      <trkpt lat="30.038339" lon="101.0122012">
        <ele>2561.384323500545</ele>
        <time>2026-05-03T06:56:18.865Z</time>
        <speed>6.79</speed>
      </trkpt>
      <trkpt lat="30.0383942" lon="101.0125703">
        <ele>2562.187239662771</ele>
        <time>2026-05-03T06:56:22.864Z</time>
        <speed>11.0</speed>
      </trkpt>
      <trkpt lat="30.0384651" lon="101.0130733">
        <ele>2562.4046464444655</ele>
        <time>2026-05-03T06:56:26.865Z</time>
        <speed>13.03</speed>
      </trkpt>
      <trkpt lat="30.0385572" lon="101.0135982">
        <ele>2562.232293226535</ele>
        <time>2026-05-03T06:56:30.865Z</time>
        <speed>12.72</speed>
      </trkpt>
      <trkpt lat="30.0385913" lon="101.0138531">
        <ele>2561.8756982684267</ele>
        <time>2026-05-03T06:56:32.865Z</time>
        <speed>12.25</speed>
      </trkpt>
      <trkpt lat="30.0384874" lon="101.0143288">
        <ele>2559.7447200163797</ele>
        <time>2026-05-03T06:56:36.864Z</time>
        <speed>12.31</speed>
      </trkpt>
      <trkpt lat="30.0381229" lon="101.0146848">
        <ele>2557.882559933079</ele>
        <time>2026-05-03T06:56:40.865Z</time>
        <speed>14.7</speed>
      </trkpt>
      <trkpt lat="30.0367093" lon="101.0158979">
        <ele>2552.822829966496</ele>
        <time>2026-05-03T06:56:52.865Z</time>
        <speed>16.58</speed>
      </trkpt>
      <trkpt lat="30.0362504" lon="101.0162854">
        <ele>2549.4976853430503</ele>
        <time>2026-05-03T06:56:56.864Z</time>
        <speed>15.01</speed>
      </trkpt>
      <trkpt lat="30.0355687" lon="101.0169984">
        <ele>2544.355413620967</ele>
        <time>2026-05-03T06:57:04.864Z</time>
        <speed>11.88</speed>
      </trkpt>
      <trkpt lat="30.0351928" lon="101.017452">
        <ele>2542.8675002649493</ele>
        <time>2026-05-03T06:57:09.864Z</time>
        <speed>12.03</speed>
      </trkpt>
      <trkpt lat="30.0349846" lon="101.0177245">
        <ele>2543.107367569568</ele>
        <time>2026-05-03T06:57:12.865Z</time>
        <speed>12.02</speed>
      </trkpt>
      <trkpt lat="30.0339706" lon="101.0189903">
        <ele>2535.7919991375547</ele>
        <time>2026-05-03T06:57:27.865Z</time>
        <speed>8.04</speed>
      </trkpt>
      <trkpt lat="30.0337854" lon="101.0192704">
        <ele>2533.2286250384395</ele>
        <time>2026-05-03T06:57:32.865Z</time>
        <speed>4.59</speed>
      </trkpt>
      <trkpt lat="30.0337485" lon="101.0195293">
        <ele>2532.4958699348317</ele>
        <time>2026-05-03T06:57:36.864Z</time>
        <speed>7.15</speed>
      </trkpt>
      <trkpt lat="30.0337246" lon="101.0196848">
        <ele>2532.337239633923</ele>
        <time>2026-05-03T06:57:38.864Z</time>
        <speed>7.81</speed>
      </trkpt>
      <trkpt lat="30.0336787" lon="101.0201268">
        <ele>2531.3418349577596</ele>
        <time>2026-05-03T06:57:43.865Z</time>
        <speed>8.59</speed>
      </trkpt>
      <trkpt lat="30.0336432" lon="101.0204739">
        <ele>2530.901004191548</ele>
        <time>2026-05-03T06:57:47.865Z</time>
        <speed>8.35</speed>
      </trkpt>
      <trkpt lat="30.0337224" lon="101.0208113">
        <ele>2530.6229243726757</ele>
        <time>2026-05-03T06:57:51.864Z</time>
        <speed>8.13</speed>
      </trkpt>
      <trkpt lat="30.0339156" lon="101.0210845">
        <ele>2531.218304684857</ele>
        <time>2026-05-03T06:57:55.864Z</time>
        <speed>8.71</speed>
      </trkpt>
      <trkpt lat="30.0341671" lon="101.0214143">
        <ele>2530.656682210177</ele>
        <time>2026-05-03T06:57:59.864Z</time>
        <speed>10.72</speed>
      </trkpt>
      <trkpt lat="30.0343889" lon="101.0218168">
        <ele>2530.9109999685525</ele>
        <time>2026-05-03T06:58:03.865Z</time>
        <speed>11.34</speed>
      </trkpt>
      <trkpt lat="30.0345321" lon="101.0222666">
        <ele>2531.7854702293143</ele>
        <time>2026-05-03T06:58:07.865Z</time>
        <speed>11.69</speed>
      </trkpt>
      <trkpt lat="30.0346721" lon="101.0227422">
        <ele>2532.609043383591</ele>
        <time>2026-05-03T06:58:11.864Z</time>
        <speed>12.6</speed>
      </trkpt>
      <trkpt lat="30.0348458" lon="101.0232476">
        <ele>2534.427376427936</ele>
        <time>2026-05-03T06:58:15.865Z</time>
        <speed>12.75</speed>
      </trkpt>
      <trkpt lat="30.0351096" lon="101.0236609">
        <ele>2536.1613602574103</ele>
        <time>2026-05-03T06:58:19.864Z</time>
        <speed>12.17</speed>
      </trkpt>
      <trkpt lat="30.0354064" lon="101.0240167">
        <ele>2536.622537162896</ele>
        <time>2026-05-03T06:58:23.865Z</time>
        <speed>11.08</speed>
      </trkpt>
      <trkpt lat="30.0357202" lon="101.0243498">
        <ele>2538.541059815651</ele>
        <time>2026-05-03T06:58:27.865Z</time>
        <speed>12.56</speed>
      </trkpt>
      <trkpt lat="30.0360575" lon="101.0246965">
        <ele>2539.6855328081533</ele>
        <time>2026-05-03T06:58:31.864Z</time>
        <speed>12.19</speed>
      </trkpt>
      <trkpt lat="30.036386" lon="101.0249521">
        <ele>2540.2018293126766</ele>
        <time>2026-05-03T06:58:35.865Z</time>
        <speed>10.64</speed>
      </trkpt>
      <trkpt lat="30.0369947" lon="101.0254803">
        <ele>2541.701361708788</ele>
        <time>2026-05-03T06:58:43.865Z</time>
        <speed>11.26</speed>
      </trkpt>
      <trkpt lat="30.0371338" lon="101.0256462">
        <ele>2542.7132716078027</ele>
        <time>2026-05-03T06:58:45.865Z</time>
        <speed>10.96</speed>
      </trkpt>
      <trkpt lat="30.0374238" lon="101.0259443">
        <ele>2544.2723367825292</ele>
        <time>2026-05-03T06:58:49.865Z</time>
        <speed>11.29</speed>
      </trkpt>
      <trkpt lat="30.0378433" lon="101.0260917">
        <ele>2545.029299687429</ele>
        <time>2026-05-03T06:58:53.865Z</time>
        <speed>12.82</speed>
      </trkpt>
      <trkpt lat="30.0383321" lon="101.0262343">
        <ele>2546.7554272041302</ele>
        <time>2026-05-03T06:58:57.865Z</time>
        <speed>15.1</speed>
      </trkpt>
      <trkpt lat="30.0392844" lon="101.0265728">
        <ele>2552.5668777030323</ele>
        <time>2026-05-03T06:59:05.864Z</time>
        <speed>13.96</speed>
      </trkpt>
      <trkpt lat="30.0397173" lon="101.0268861">
        <ele>2554.0886249404916</ele>
        <time>2026-05-03T06:59:09.865Z</time>
        <speed>14.28</speed>
      </trkpt>
      <trkpt lat="30.0401019" lon="101.0273026">
        <ele>2554.7669128987104</ele>
        <time>2026-05-03T06:59:13.864Z</time>
        <speed>14.57</speed>
      </trkpt>
      <trkpt lat="30.0402771" lon="101.0275192">
        <ele>2555.4362269733233</ele>
        <time>2026-05-03T06:59:15.864Z</time>
        <speed>14.19</speed>
      </trkpt>
      <trkpt lat="30.0407683" lon="101.0279881">
        <ele>2557.6726542874094</ele>
        <time>2026-05-03T06:59:20.864Z</time>
        <speed>13.75</speed>
      </trkpt>
      <trkpt lat="30.0411475" lon="101.0283229">
        <ele>2560.14543556475</ele>
        <time>2026-05-03T06:59:24.865Z</time>
        <speed>12.99</speed>
      </trkpt>
      <trkpt lat="30.0414595" lon="101.0287369">
        <ele>2561.7233981361896</ele>
        <time>2026-05-03T06:59:28.865Z</time>
        <speed>13.01</speed>
      </trkpt>
      <trkpt lat="30.0416659" lon="101.0292146">
        <ele>2565.3394316856156</ele>
        <time>2026-05-03T06:59:32.865Z</time>
        <speed>12.4</speed>
      </trkpt>
      <trkpt lat="30.041864" lon="101.0296605">
        <ele>2566.351887188564</ele>
        <time>2026-05-03T06:59:36.865Z</time>
        <speed>12.12</speed>
      </trkpt>
      <trkpt lat="30.0421765" lon="101.0300297">
        <ele>2566.2823307592357</ele>
        <time>2026-05-03T06:59:40.864Z</time>
        <speed>12.42</speed>
      </trkpt>
      <trkpt lat="30.0424922" lon="101.0303661">
        <ele>2568.30030180518</ele>
        <time>2026-05-03T06:59:44.864Z</time>
        <speed>12.07</speed>
      </trkpt>
      <trkpt lat="30.0427171" lon="101.0307414">
        <ele>2571.3842984729513</ele>
        <time>2026-05-03T06:59:48.864Z</time>
        <speed>10.93</speed>
      </trkpt>
      <trkpt lat="30.0428616" lon="101.0311761">
        <ele>2571.8339222212553</ele>
        <time>2026-05-03T06:59:52.864Z</time>
        <speed>11.59</speed>
      </trkpt>
      <trkpt lat="30.0430006" lon="101.0316445">
        <ele>2574.0366894806466</ele>
        <time>2026-05-03T06:59:56.864Z</time>
        <speed>11.75</speed>
      </trkpt>
      <trkpt lat="30.0431209" lon="101.0320672">
        <ele>2576.0019985065846</ele>
        <time>2026-05-03T07:00:00.865Z</time>
        <speed>10.42</speed>
      </trkpt>
      <trkpt lat="30.0440367" lon="101.0330373">
        <ele>2577.7095101138248</ele>
        <time>2026-05-03T07:00:12.865Z</time>
        <speed>12.59</speed>
      </trkpt>
      <trkpt lat="30.0444093" lon="101.033308">
        <ele>2578.4122816307517</ele>
        <time>2026-05-03T07:00:16.865Z</time>
        <speed>11.94</speed>
      </trkpt>
      <trkpt lat="30.0446198" lon="101.0337788">
        <ele>2579.827001878716</ele>
        <time>2026-05-03T07:00:20.865Z</time>
        <speed>13.44</speed>
      </trkpt>
      <trkpt lat="30.0447473" lon="101.0339916">
        <ele>2581.297253300176</ele>
        <time>2026-05-03T07:00:22.865Z</time>
        <speed>12.1</speed>
      </trkpt>
      <trkpt lat="30.0449195" lon="101.0343392">
        <ele>2581.553157066244</ele>
        <time>2026-05-03T07:00:26.864Z</time>
        <speed>9.26</speed>
      </trkpt>
      <trkpt lat="30.0450871" lon="101.0346902">
        <ele>2583.4362346815383</ele>
        <time>2026-05-03T07:00:30.865Z</time>
        <speed>8.86</speed>
      </trkpt>
      <trkpt lat="30.045258" lon="101.0350272">
        <ele>2584.2329213186067</ele>
        <time>2026-05-03T07:00:34.865Z</time>
        <speed>9.39</speed>
      </trkpt>
      <trkpt lat="30.0453705" lon="101.0354186">
        <ele>2584.8908992650245</ele>
        <time>2026-05-03T07:00:38.865Z</time>
        <speed>10.49</speed>
      </trkpt>
      <trkpt lat="30.045447" lon="101.0358762">
        <ele>2585.873200305242</ele>
        <time>2026-05-03T07:00:42.865Z</time>
        <speed>10.64</speed>
      </trkpt>
      <trkpt lat="30.0455763" lon="101.0362723">
        <ele>2587.3588066494726</ele>
        <time>2026-05-03T07:00:46.864Z</time>
        <speed>9.88</speed>
      </trkpt>
      <trkpt lat="30.0459134" lon="101.0364873">
        <ele>2588.8344948127706</ele>
        <time>2026-05-03T07:00:50.864Z</time>
        <speed>10.53</speed>
      </trkpt>
      <trkpt lat="30.0463526" lon="101.0366941">
        <ele>2591.5322480322457</ele>
        <time>2026-05-03T07:00:54.864Z</time>
        <speed>12.38</speed>
      </trkpt>
      <trkpt lat="30.0467309" lon="101.0369868">
        <ele>2593.1078994985305</ele>
        <time>2026-05-03T07:00:58.865Z</time>
        <speed>12.46</speed>
      </trkpt>
      <trkpt lat="30.0470183" lon="101.0374198">
        <ele>2592.939388083009</ele>
        <time>2026-05-03T07:01:02.864Z</time>
        <speed>14.03</speed>
      </trkpt>
      <trkpt lat="30.0473022" lon="101.0379455">
        <ele>2594.442527869829</ele>
        <time>2026-05-03T07:01:06.865Z</time>
        <speed>15.02</speed>
      </trkpt>
      <trkpt lat="30.0475562" lon="101.0384711">
        <ele>2595.649983431506</ele>
        <time>2026-05-03T07:01:10.865Z</time>
        <speed>14.12</speed>
      </trkpt>
      <trkpt lat="30.0476975" lon="101.0390022">
        <ele>2597.035030107991</ele>
        <time>2026-05-03T07:01:14.865Z</time>
        <speed>13.31</speed>
      </trkpt>
      <trkpt lat="30.0477364" lon="101.0395764">
        <ele>2595.747982990989</ele>
        <time>2026-05-03T07:01:18.864Z</time>
        <speed>13.45</speed>
      </trkpt>
      <trkpt lat="30.0477573" lon="101.0400978">
        <ele>2597.2826113084043</ele>
        <time>2026-05-03T07:01:22.864Z</time>
        <speed>12.78</speed>
      </trkpt>
      <trkpt lat="30.0477408" lon="101.0406387">
        <ele>2597.5087342612223</ele>
        <time>2026-05-03T07:01:26.865Z</time>
        <speed>13.16</speed>
      </trkpt>
      <trkpt lat="30.0477274" lon="101.0409129">
        <ele>2596.219597435618</ele>
        <time>2026-05-03T07:01:28.865Z</time>
        <speed>13.08</speed>
      </trkpt>
      <trkpt lat="30.0476381" lon="101.0415938">
        <ele>2600.3507465548823</ele>
        <time>2026-05-03T07:01:33.864Z</time>
        <speed>12.95</speed>
      </trkpt>
      <trkpt lat="30.0474235" lon="101.0437415">
        <ele>2603.3527667700428</ele>
        <time>2026-05-03T07:01:49.866Z</time>
        <speed>13.58</speed>
      </trkpt>
      <trkpt lat="30.0475865" lon="101.04427">
        <ele>2608.708260484731</ele>
        <time>2026-05-03T07:01:53.865Z</time>
        <speed>13.11</speed>
      </trkpt>
      <trkpt lat="30.0476999" lon="101.0447675">
        <ele>2611.9142404031186</ele>
        <time>2026-05-03T07:01:57.865Z</time>
        <speed>12.24</speed>
      </trkpt>
      <trkpt lat="30.0477455" lon="101.0452744">
        <ele>2612.9050522639714</ele>
        <time>2026-05-03T07:02:01.865Z</time>
        <speed>12.37</speed>
      </trkpt>
      <trkpt lat="30.0477137" lon="101.0457733">
        <ele>2611.467069189408</ele>
        <time>2026-05-03T07:02:05.866Z</time>
        <speed>12.09</speed>
      </trkpt>
      <trkpt lat="30.047516" lon="101.0462296">
        <ele>2610.5275129827487</ele>
        <time>2026-05-03T07:02:09.866Z</time>
        <speed>12.44</speed>
      </trkpt>
      <trkpt lat="30.0471846" lon="101.0466256">
        <ele>2612.868750615773</ele>
        <time>2026-05-03T07:02:13.866Z</time>
        <speed>13.77</speed>
      </trkpt>
      <trkpt lat="30.0468612" lon="101.0470747">
        <ele>2611.579052828596</ele>
        <time>2026-05-03T07:02:17.865Z</time>
        <speed>14.69</speed>
      </trkpt>
      <trkpt lat="30.0465461" lon="101.0476012">
        <ele>2612.7675437745183</ele>
        <time>2026-05-03T07:02:21.866Z</time>
        <speed>15.74</speed>
      </trkpt>
      <trkpt lat="30.0462206" lon="101.0481654">
        <ele>2616.8638701706923</ele>
        <time>2026-05-03T07:02:25.865Z</time>
        <speed>16.35</speed>
      </trkpt>
      <trkpt lat="30.0459187" lon="101.0487169">
        <ele>2617.603895540701</ele>
        <time>2026-05-03T07:02:29.866Z</time>
        <speed>15.23</speed>
      </trkpt>
      <trkpt lat="30.0456934" lon="101.0492846">
        <ele>2618.8880491009822</ele>
        <time>2026-05-03T07:02:33.866Z</time>
        <speed>14.83</speed>
      </trkpt>
      <trkpt lat="30.0455945" lon="101.0495705">
        <ele>2619.0513610098665</ele>
        <time>2026-05-03T07:02:35.866Z</time>
        <speed>14.46</speed>
      </trkpt>
      <trkpt lat="30.0453898" lon="101.050102">
        <ele>2618.047330866505</ele>
        <time>2026-05-03T07:02:39.865Z</time>
        <speed>13.97</speed>
      </trkpt>
      <trkpt lat="30.0450822" lon="101.0504825">
        <ele>2617.484711030896</ele>
        <time>2026-05-03T07:02:43.866Z</time>
        <speed>12.56</speed>
      </trkpt>
      <trkpt lat="30.0446669" lon="101.0507344">
        <ele>2621.727539411441</ele>
        <time>2026-05-03T07:02:47.865Z</time>
        <speed>12.88</speed>
      </trkpt>
      <trkpt lat="30.04431" lon="101.0510719">
        <ele>2622.897918202695</ele>
        <time>2026-05-03T07:02:51.866Z</time>
        <speed>12.96</speed>
      </trkpt>
      <trkpt lat="30.0440524" lon="101.051525">
        <ele>2625.42713761526</ele>
        <time>2026-05-03T07:02:55.866Z</time>
        <speed>12.78</speed>
      </trkpt>
      <trkpt lat="30.0439793" lon="101.0520334">
        <ele>2623.4085616079296</ele>
        <time>2026-05-03T07:02:59.866Z</time>
        <speed>12.52</speed>
      </trkpt>
      <trkpt lat="30.0441148" lon="101.0525302">
        <ele>2628.1737908632704</ele>
        <time>2026-05-03T07:03:03.866Z</time>
        <speed>12.54</speed>
      </trkpt>
      <trkpt lat="30.0445" lon="101.0528379">
        <ele>2629.7595239040957</ele>
        <time>2026-05-03T07:03:07.866Z</time>
        <speed>13.59</speed>
      </trkpt>
      <trkpt lat="30.0450461" lon="101.0530806">
        <ele>2629.983911844842</ele>
        <time>2026-05-03T07:03:11.866Z</time>
        <speed>16.25</speed>
      </trkpt>
      <trkpt lat="30.0455844" lon="101.0533602">
        <ele>2631.489308238808</ele>
        <time>2026-05-03T07:03:15.866Z</time>
        <speed>16.42</speed>
      </trkpt>
      <trkpt lat="30.0465907" lon="101.0540278">
        <ele>2637.2945489482504</ele>
        <time>2026-05-03T07:03:23.866Z</time>
        <speed>15.4</speed>
      </trkpt>
      <trkpt lat="30.0470197" lon="101.0544167">
        <ele>2640.0622507919047</ele>
        <time>2026-05-03T07:03:27.865Z</time>
        <speed>15.21</speed>
      </trkpt>
      <trkpt lat="30.0474347" lon="101.054855">
        <ele>2642.594547222157</ele>
        <time>2026-05-03T07:03:31.866Z</time>
        <speed>15.63</speed>
      </trkpt>
      <trkpt lat="30.0478546" lon="101.0552708">
        <ele>2646.6283512474392</ele>
        <time>2026-05-03T07:03:35.865Z</time>
        <speed>15.22</speed>
      </trkpt>
      <trkpt lat="30.0482554" lon="101.0556661">
        <ele>2650.5553422667203</ele>
        <time>2026-05-03T07:03:39.865Z</time>
        <speed>13.89</speed>
      </trkpt>
      <trkpt lat="30.0484452" lon="101.0558134">
        <ele>2652.3238437863915</ele>
        <time>2026-05-03T07:03:41.865Z</time>
        <speed>12.44</speed>
      </trkpt>
      <trkpt lat="30.048973" lon="101.0559015">
        <ele>2654.8546286225846</ele>
        <time>2026-05-03T07:03:46.865Z</time>
        <speed>11.47</speed>
      </trkpt>
      <trkpt lat="30.0494052" lon="101.0558349">
        <ele>2656.204434744329</ele>
        <time>2026-05-03T07:03:50.866Z</time>
        <speed>11.83</speed>
      </trkpt>
      <trkpt lat="30.0497879" lon="101.0557859">
        <ele>2657.360728247096</ele>
        <time>2026-05-03T07:03:54.866Z</time>
        <speed>10.68</speed>
      </trkpt>
      <trkpt lat="30.0501321" lon="101.05574">
        <ele>2659.691124080882</ele>
        <time>2026-05-03T07:03:58.866Z</time>
        <speed>8.5</speed>
      </trkpt>
      <trkpt lat="30.0504089" lon="101.0556925">
        <ele>2660.0585823639685</ele>
        <time>2026-05-03T07:04:02.865Z</time>
        <speed>8.01</speed>
      </trkpt>
      <trkpt lat="30.0507187" lon="101.0556759">
        <ele>2661.284113633156</ele>
        <time>2026-05-03T07:04:06.866Z</time>
        <speed>8.79</speed>
      </trkpt>
      <trkpt lat="30.0510402" lon="101.055765">
        <ele>2661.8564011506464</ele>
        <time>2026-05-03T07:04:10.865Z</time>
        <speed>9.1</speed>
      </trkpt>
      <trkpt lat="30.0513014" lon="101.0560384">
        <ele>2665.808977098535</ele>
        <time>2026-05-03T07:04:14.866Z</time>
        <speed>10.84</speed>
      </trkpt>
      <trkpt lat="30.0514822" lon="101.0564857">
        <ele>2667.213323589904</ele>
        <time>2026-05-03T07:04:18.866Z</time>
        <speed>12.4</speed>
      </trkpt>
      <trkpt lat="30.0515918" lon="101.0570028">
        <ele>2668.5686448072543</ele>
        <time>2026-05-03T07:04:22.865Z</time>
        <speed>13.06</speed>
      </trkpt>
      <trkpt lat="30.0516904" lon="101.0575377">
        <ele>2668.7283771344196</ele>
        <time>2026-05-03T07:04:26.866Z</time>
        <speed>13.38</speed>
      </trkpt>
      <trkpt lat="30.051771" lon="101.0580817">
        <ele>2668.143223094469</ele>
        <time>2026-05-03T07:04:30.866Z</time>
        <speed>13.11</speed>
      </trkpt>
      <trkpt lat="30.0514335" lon="101.0597653">
        <ele>2671.150464219935</ele>
        <time>2026-05-03T07:04:42.865Z</time>
        <speed>14.95</speed>
      </trkpt>
      <trkpt lat="30.0513404" lon="101.0603674">
        <ele>2671.743807797009</ele>
        <time>2026-05-03T07:04:46.866Z</time>
        <speed>15.04</speed>
      </trkpt>
      <trkpt lat="30.0512972" lon="101.0606685">
        <ele>2672.338775760522</ele>
        <time>2026-05-03T07:04:48.865Z</time>
        <speed>14.41</speed>
      </trkpt>
      <trkpt lat="30.0511006" lon="101.0618808">
        <ele>2671.1199871466424</ele>
        <time>2026-05-03T07:04:56.866Z</time>
        <speed>14.93</speed>
      </trkpt>
      <trkpt lat="30.0509398" lon="101.0624357">
        <ele>2669.6954654639535</ele>
        <time>2026-05-03T07:05:00.866Z</time>
        <speed>14.21</speed>
      </trkpt>
      <trkpt lat="30.0508007" lon="101.0629981">
        <ele>2668.45263671875</ele>
        <time>2026-05-03T07:05:04.866Z</time>
        <speed>13.76</speed>
      </trkpt>
      <trkpt lat="30.0508605" lon="101.0635825">
        <ele>2667.3738110103404</ele>
        <time>2026-05-03T07:05:08.866Z</time>
        <speed>14.32</speed>
      </trkpt>
      <trkpt lat="30.0510454" lon="101.0640958">
        <ele>2667.782748237643</ele>
        <time>2026-05-03T07:05:12.865Z</time>
        <speed>12.62</speed>
      </trkpt>
      <trkpt lat="30.0513253" lon="101.0644563">
        <ele>2667.7615854684923</ele>
        <time>2026-05-03T07:05:16.865Z</time>
        <speed>11.42</speed>
      </trkpt>
      <trkpt lat="30.0517889" lon="101.0645974">
        <ele>2668.2151341938875</ele>
        <time>2026-05-03T07:05:20.866Z</time>
        <speed>14.45</speed>
      </trkpt>
      <trkpt lat="30.0523377" lon="101.0646929">
        <ele>2669.8771982627527</ele>
        <time>2026-05-03T07:05:24.865Z</time>
        <speed>15.78</speed>
      </trkpt>
      <trkpt lat="30.0528878" lon="101.0648801">
        <ele>2671.6300739712115</ele>
        <time>2026-05-03T07:05:28.866Z</time>
        <speed>15.71</speed>
      </trkpt>
      <trkpt lat="30.0533636" lon="101.0652057">
        <ele>2671.92565794039</ele>
        <time>2026-05-03T07:05:32.866Z</time>
        <speed>15.6</speed>
      </trkpt>
      <trkpt lat="30.0537989" lon="101.0655958">
        <ele>2672.3489173593875</ele>
        <time>2026-05-03T07:05:36.865Z</time>
        <speed>14.86</speed>
      </trkpt>
      <trkpt lat="30.0541931" lon="101.0660214">
        <ele>2674.6251545495593</ele>
        <time>2026-05-03T07:05:40.866Z</time>
        <speed>14.99</speed>
      </trkpt>
      <trkpt lat="30.0544444" lon="101.066564">
        <ele>2676.106163522958</ele>
        <time>2026-05-03T07:05:44.866Z</time>
        <speed>14.86</speed>
      </trkpt>
      <trkpt lat="30.0545928" lon="101.0671553">
        <ele>2677.7331533459874</ele>
        <time>2026-05-03T07:05:48.865Z</time>
        <speed>14.38</speed>
      </trkpt>
      <trkpt lat="30.054732" lon="101.0676928">
        <ele>2679.0575098973536</ele>
        <time>2026-05-03T07:05:52.866Z</time>
        <speed>13.38</speed>
      </trkpt>
      <trkpt lat="30.054845" lon="101.0679253">
        <ele>2679.7007687262067</ele>
        <time>2026-05-03T07:05:54.865Z</time>
        <speed>12.87</speed>
      </trkpt>
      <trkpt lat="30.0553151" lon="101.0683377">
        <ele>2680.5141032717543</ele>
        <time>2026-05-03T07:05:59.865Z</time>
        <speed>13.38</speed>
      </trkpt>
      <trkpt lat="30.0556273" lon="101.0687528">
        <ele>2681.342682881804</ele>
        <time>2026-05-03T07:06:03.866Z</time>
        <speed>13.1</speed>
      </trkpt>
      <trkpt lat="30.0559095" lon="101.0692245">
        <ele>2683.2034506272144</ele>
        <time>2026-05-03T07:06:07.865Z</time>
        <speed>13.54</speed>
      </trkpt>
      <trkpt lat="30.0563011" lon="101.0695485">
        <ele>2684.5813175626495</ele>
        <time>2026-05-03T07:06:11.865Z</time>
        <speed>13.32</speed>
      </trkpt>
      <trkpt lat="30.0566651" lon="101.069863">
        <ele>2685.4052405248635</ele>
        <time>2026-05-03T07:06:15.866Z</time>
        <speed>12.67</speed>
      </trkpt>
      <trkpt lat="30.0569011" lon="101.0703608">
        <ele>2685.5833436140615</ele>
        <time>2026-05-03T07:06:19.866Z</time>
        <speed>14.37</speed>
      </trkpt>
      <trkpt lat="30.0570623" lon="101.0709559">
        <ele>2687.329630291712</ele>
        <time>2026-05-03T07:06:23.866Z</time>
        <speed>14.81</speed>
      </trkpt>
      <trkpt lat="30.0570967" lon="101.0715499">
        <ele>2688.946975350365</ele>
        <time>2026-05-03T07:06:27.865Z</time>
        <speed>14.24</speed>
      </trkpt>
      <trkpt lat="30.0572006" lon="101.0721032">
        <ele>2689.970888929037</ele>
        <time>2026-05-03T07:06:31.865Z</time>
        <speed>13.65</speed>
      </trkpt>
      <trkpt lat="30.0575223" lon="101.0725863">
        <ele>2690.1210285877664</ele>
        <time>2026-05-03T07:06:35.865Z</time>
        <speed>15.52</speed>
      </trkpt>
      <trkpt lat="30.0578841" lon="101.0730735">
        <ele>2691.6137353890203</ele>
        <time>2026-05-03T07:06:39.865Z</time>
        <speed>15.52</speed>
      </trkpt>
      <trkpt lat="30.058245" lon="101.0735835">
        <ele>2693.644363387819</ele>
        <time>2026-05-03T07:06:43.865Z</time>
        <speed>15.73</speed>
      </trkpt>
      <trkpt lat="30.0584545" lon="101.074145">
        <ele>2693.9452257675903</ele>
        <time>2026-05-03T07:06:47.865Z</time>
        <speed>14.77</speed>
      </trkpt>
      <trkpt lat="30.0585187" lon="101.0747908">
        <ele>2694.806781232841</ele>
        <time>2026-05-03T07:06:51.865Z</time>
        <speed>15.74</speed>
      </trkpt>
      <trkpt lat="30.0586162" lon="101.0754309">
        <ele>2696.182156923277</ele>
        <time>2026-05-03T07:06:55.865Z</time>
        <speed>15.44</speed>
      </trkpt>
      <trkpt lat="30.058883" lon="101.0759898">
        <ele>2696.1661255639665</ele>
        <time>2026-05-03T07:06:59.866Z</time>
        <speed>15.25</speed>
      </trkpt>
      <trkpt lat="30.0590638" lon="101.076224">
        <ele>2697.213895936097</ele>
        <time>2026-05-03T07:07:01.866Z</time>
        <speed>16.16</speed>
      </trkpt>
      <trkpt lat="30.0606754" lon="101.0781801">
        <ele>2703.547337159784</ele>
        <time>2026-05-03T07:07:21.866Z</time>
        <speed>11.17</speed>
      </trkpt>
      <trkpt lat="30.0606366" lon="101.0790686">
        <ele>2704.052034686812</ele>
        <time>2026-05-03T07:07:29.865Z</time>
        <speed>11.25</speed>
      </trkpt>
      <trkpt lat="30.0605305" lon="101.0795712">
        <ele>2704.934325428474</ele>
        <time>2026-05-03T07:07:33.866Z</time>
        <speed>14.31</speed>
      </trkpt>
      <trkpt lat="30.0601278" lon="101.0806147">
        <ele>2709.40277435126</ele>
        <time>2026-05-03T07:07:41.865Z</time>
        <speed>14.19</speed>
      </trkpt>
      <trkpt lat="30.060621" lon="101.0841221">
        <ele>2718.1223817863824</ele>
        <time>2026-05-03T07:08:05.866Z</time>
        <speed>14.39</speed>
      </trkpt>
      <trkpt lat="30.0608109" lon="101.0843225">
        <ele>2718.7921981024597</ele>
        <time>2026-05-03T07:08:07.866Z</time>
        <speed>14.62</speed>
      </trkpt>
      <trkpt lat="30.0612792" lon="101.0848532">
        <ele>2721.4841573674007</ele>
        <time>2026-05-03T07:08:12.866Z</time>
        <speed>15.03</speed>
      </trkpt>
      <trkpt lat="30.0615326" lon="101.0854091">
        <ele>2722.899882227973</ele>
        <time>2026-05-03T07:08:16.866Z</time>
        <speed>15.16</speed>
      </trkpt>
      <trkpt lat="30.0616289" lon="101.0860106">
        <ele>2725.443407211393</ele>
        <time>2026-05-03T07:08:20.866Z</time>
        <speed>14.26</speed>
      </trkpt>
      <trkpt lat="30.0629073" lon="101.0880116">
        <ele>2731.730560128207</ele>
        <time>2026-05-03T07:08:36.865Z</time>
        <speed>16.09</speed>
      </trkpt>
      <trkpt lat="30.0632884" lon="101.0885015">
        <ele>2734.3514409985205</ele>
        <time>2026-05-03T07:08:40.866Z</time>
        <speed>15.68</speed>
      </trkpt>
      <trkpt lat="30.0636831" lon="101.088952">
        <ele>2735.922113167314</ele>
        <time>2026-05-03T07:08:44.865Z</time>
        <speed>14.94</speed>
      </trkpt>
      <trkpt lat="30.0640976" lon="101.0893638">
        <ele>2736.5879458382806</ele>
        <time>2026-05-03T07:08:48.866Z</time>
        <speed>15.73</speed>
      </trkpt>
      <trkpt lat="30.0645887" lon="101.0897075">
        <ele>2737.8948304049695</ele>
        <time>2026-05-03T07:08:52.865Z</time>
        <speed>16.14</speed>
      </trkpt>
      <trkpt lat="30.0651241" lon="101.0900022">
        <ele>2738.595219313781</ele>
        <time>2026-05-03T07:08:56.865Z</time>
        <speed>16.49</speed>
      </trkpt>
      <trkpt lat="30.0656598" lon="101.0902565">
        <ele>2740.358793416347</ele>
        <time>2026-05-03T07:09:00.866Z</time>
        <speed>15.15</speed>
      </trkpt>
      <trkpt lat="30.066112" lon="101.0905609">
        <ele>2743.10764383953</ele>
        <time>2026-05-03T07:09:04.865Z</time>
        <speed>14.77</speed>
      </trkpt>
      <trkpt lat="30.0668099" lon="101.0915525">
        <ele>2748.708544239947</ele>
        <time>2026-05-03T07:09:12.865Z</time>
        <speed>15.8</speed>
      </trkpt>
      <trkpt lat="30.0669621" lon="101.0918285">
        <ele>2750.2724001815477</ele>
        <time>2026-05-03T07:09:14.865Z</time>
        <speed>15.65</speed>
      </trkpt>
      <trkpt lat="30.0671968" lon="101.0924098">
        <ele>2752.2934500314927</ele>
        <time>2026-05-03T07:09:18.865Z</time>
        <speed>15.27</speed>
      </trkpt>
      <trkpt lat="30.0675018" lon="101.0929212">
        <ele>2751.929550372096</ele>
        <time>2026-05-03T07:09:22.865Z</time>
        <speed>14.55</speed>
      </trkpt>
      <trkpt lat="30.0678604" lon="101.0932186">
        <ele>2749.9440256908897</ele>
        <time>2026-05-03T07:09:26.866Z</time>
        <speed>12.33</speed>
      </trkpt>
      <trkpt lat="30.0682624" lon="101.0935599">
        <ele>2750.2169773103365</ele>
        <time>2026-05-03T07:09:30.866Z</time>
        <speed>15.05</speed>
      </trkpt>
      <trkpt lat="30.0687121" lon="101.0939383">
        <ele>2752.529070683564</ele>
        <time>2026-05-03T07:09:34.865Z</time>
        <speed>16.12</speed>
      </trkpt>
      <trkpt lat="30.0691862" lon="101.0942881">
        <ele>2755.947724869951</ele>
        <time>2026-05-03T07:09:38.865Z</time>
        <speed>14.81</speed>
      </trkpt>
      <trkpt lat="30.0696934" lon="101.0945058">
        <ele>2758.255767971591</ele>
        <time>2026-05-03T07:09:42.866Z</time>
        <speed>14.25</speed>
      </trkpt>
      <trkpt lat="30.0702115" lon="101.0946807">
        <ele>2759.922995788962</ele>
        <time>2026-05-03T07:09:46.866Z</time>
        <speed>15.43</speed>
      </trkpt>
      <trkpt lat="30.070648" lon="101.0950547">
        <ele>2762.1564151363536</ele>
        <time>2026-05-03T07:09:50.865Z</time>
        <speed>15.79</speed>
      </trkpt>
      <trkpt lat="30.0710695" lon="101.0955015">
        <ele>2763.457008718953</ele>
        <time>2026-05-03T07:09:54.865Z</time>
        <speed>15.36</speed>
      </trkpt>
      <trkpt lat="30.0728953" lon="101.0953774">
        <ele>2767.8732107859537</ele>
        <time>2026-05-03T07:10:10.865Z</time>
        <speed>10.46</speed>
      </trkpt>
      <trkpt lat="30.0732404" lon="101.0953116">
        <ele>2768.035692609799</ele>
        <time>2026-05-03T07:10:14.866Z</time>
        <speed>8.91</speed>
      </trkpt>
      <trkpt lat="30.0735494" lon="101.0953329">
        <ele>2768.955341087094</ele>
        <time>2026-05-03T07:10:18.866Z</time>
        <speed>9.98</speed>
      </trkpt>
      <trkpt lat="30.0736947" lon="101.0954556">
        <ele>2769.6968723627087</ele>
        <time>2026-05-03T07:10:20.866Z</time>
        <speed>10.76</speed>
      </trkpt>
      <trkpt lat="30.0740275" lon="101.0959405">
        <ele>2772.0192938329806</ele>
        <time>2026-05-03T07:10:25.865Z</time>
        <speed>13.05</speed>
      </trkpt>
      <trkpt lat="30.0742938" lon="101.0963831">
        <ele>2773.210763062561</ele>
        <time>2026-05-03T07:10:29.866Z</time>
        <speed>13.38</speed>
      </trkpt>
      <trkpt lat="30.0745716" lon="101.0968217">
        <ele>2775.4025227834823</ele>
        <time>2026-05-03T07:10:33.865Z</time>
        <speed>12.83</speed>
      </trkpt>
      <trkpt lat="30.0747897" lon="101.0972748">
        <ele>2776.1252286459303</ele>
        <time>2026-05-03T07:10:37.866Z</time>
        <speed>12.08</speed>
      </trkpt>
      <trkpt lat="30.0749157" lon="101.0977375">
        <ele>2777.375729857882</ele>
        <time>2026-05-03T07:10:41.866Z</time>
        <speed>10.62</speed>
      </trkpt>
      <trkpt lat="30.0749858" lon="101.0981453">
        <ele>2777.106138453204</ele>
        <time>2026-05-03T07:10:45.865Z</time>
        <speed>10.1</speed>
      </trkpt>
      <trkpt lat="30.0748695" lon="101.0985604">
        <ele>2778.4113758373305</ele>
        <time>2026-05-03T07:10:49.865Z</time>
        <speed>11.7</speed>
      </trkpt>
      <trkpt lat="30.074647" lon="101.098973">
        <ele>2779.7302068329836</ele>
        <time>2026-05-03T07:10:53.865Z</time>
        <speed>11.8</speed>
      </trkpt>
      <trkpt lat="30.0744383" lon="101.0993957">
        <ele>2780.4967411966436</ele>
        <time>2026-05-03T07:10:57.866Z</time>
        <speed>12.41</speed>
      </trkpt>
      <trkpt lat="30.0743329" lon="101.0998676">
        <ele>2781.8151731787525</ele>
        <time>2026-05-03T07:11:01.866Z</time>
        <speed>11.16</speed>
      </trkpt>
      <trkpt lat="30.0742719" lon="101.100353">
        <ele>2781.9819908652644</ele>
        <time>2026-05-03T07:11:05.865Z</time>
        <speed>11.9</speed>
      </trkpt>
      <trkpt lat="30.0742087" lon="101.1008646">
        <ele>2782.449065210353</ele>
        <time>2026-05-03T07:11:09.866Z</time>
        <speed>13.35</speed>
      </trkpt>
      <trkpt lat="30.0741299" lon="101.1014377">
        <ele>2782.159466981831</ele>
        <time>2026-05-03T07:11:13.866Z</time>
        <speed>14.8</speed>
      </trkpt>
      <trkpt lat="30.0739262" lon="101.102017">
        <ele>2782.418343174294</ele>
        <time>2026-05-03T07:11:17.866Z</time>
        <speed>15.56</speed>
      </trkpt>
      <trkpt lat="30.0737065" lon="101.1026034">
        <ele>2782.936449762583</ele>
        <time>2026-05-03T07:11:21.866Z</time>
        <speed>15.11</speed>
      </trkpt>
      <trkpt lat="30.0735946" lon="101.1031978">
        <ele>2784.2154774195747</ele>
        <time>2026-05-03T07:11:25.865Z</time>
        <speed>14.44</speed>
      </trkpt>
      <trkpt lat="30.0736044" lon="101.1034942">
        <ele>2785.0010692799656</ele>
        <time>2026-05-03T07:11:27.866Z</time>
        <speed>14.4</speed>
      </trkpt>
      <trkpt lat="30.0737638" lon="101.1040658">
        <ele>2784.986813549073</ele>
        <time>2026-05-03T07:11:31.865Z</time>
        <speed>15.19</speed>
      </trkpt>
      <trkpt lat="30.074092" lon="101.1045907">
        <ele>2784.731191979166</ele>
        <time>2026-05-03T07:11:35.865Z</time>
        <speed>16.05</speed>
      </trkpt>
      <trkpt lat="30.0745476" lon="101.1050032">
        <ele>2784.414853751748</ele>
        <time>2026-05-03T07:11:39.866Z</time>
        <speed>15.93</speed>
      </trkpt>
      <trkpt lat="30.074992" lon="101.1053478">
        <ele>2784.557373046875</ele>
        <time>2026-05-03T07:11:43.866Z</time>
        <speed>13.44</speed>
      </trkpt>
      <trkpt lat="30.0753449" lon="101.1056806">
        <ele>2786.467218807431</ele>
        <time>2026-05-03T07:11:47.866Z</time>
        <speed>12.59</speed>
      </trkpt>
      <trkpt lat="30.0756006" lon="101.1061444">
        <ele>2788.342775257208</ele>
        <time>2026-05-03T07:11:51.866Z</time>
        <speed>14.13</speed>
      </trkpt>
      <trkpt lat="30.0758076" lon="101.1067066">
        <ele>2788.701939496651</ele>
        <time>2026-05-03T07:11:55.865Z</time>
        <speed>15.33</speed>
      </trkpt>
      <trkpt lat="30.0760347" lon="101.1073016">
        <ele>2788.7582581413394</ele>
        <time>2026-05-03T07:11:59.865Z</time>
        <speed>15.92</speed>
      </trkpt>
      <trkpt lat="30.0762604" lon="101.1078839">
        <ele>2788.725373536162</ele>
        <time>2026-05-03T07:12:03.865Z</time>
        <speed>14.38</speed>
      </trkpt>
      <trkpt lat="30.0764743" lon="101.1084209">
        <ele>2788.6626747551322</ele>
        <time>2026-05-03T07:12:07.866Z</time>
        <speed>14.19</speed>
      </trkpt>
      <trkpt lat="30.0766103" lon="101.1089362">
        <ele>2789.5380545186795</ele>
        <time>2026-05-03T07:12:11.866Z</time>
        <speed>12.3</speed>
      </trkpt>
      <trkpt lat="30.0764507" lon="101.1093954">
        <ele>2789.8573155968043</ele>
        <time>2026-05-03T07:12:15.865Z</time>
        <speed>12.32</speed>
      </trkpt>
      <trkpt lat="30.0761598" lon="101.1097721">
        <ele>2791.408256000044</ele>
        <time>2026-05-03T07:12:19.866Z</time>
        <speed>13.4</speed>
      </trkpt>
      <trkpt lat="30.0759352" lon="101.110246">
        <ele>2794.4790217579516</ele>
        <time>2026-05-03T07:12:23.865Z</time>
        <speed>13.54</speed>
      </trkpt>
      <trkpt lat="30.0758664" lon="101.1108218">
        <ele>2797.4840365940045</ele>
        <time>2026-05-03T07:12:27.865Z</time>
        <speed>14.64</speed>
      </trkpt>
      <trkpt lat="30.0758649" lon="101.1117713">
        <ele>2800.3141062804393</ele>
        <time>2026-05-03T07:12:33.866Z</time>
        <speed>15.01</speed>
      </trkpt>
      <trkpt lat="30.0755134" lon="101.1124717">
        <ele>2801.726799271464</ele>
        <time>2026-05-03T07:12:38.865Z</time>
        <speed>17.33</speed>
      </trkpt>
      <trkpt lat="30.0751898" lon="101.1130669">
        <ele>2801.511018936736</ele>
        <time>2026-05-03T07:12:42.866Z</time>
        <speed>16.67</speed>
      </trkpt>
      <trkpt lat="30.0750376" lon="101.1136638">
        <ele>2801.516459487913</ele>
        <time>2026-05-03T07:12:46.866Z</time>
        <speed>14.31</speed>
      </trkpt>
      <trkpt lat="30.0751816" lon="101.1142245">
        <ele>2801.35958136253</ele>
        <time>2026-05-03T07:12:50.866Z</time>
        <speed>14.25</speed>
      </trkpt>
      <trkpt lat="30.0754969" lon="101.1147081">
        <ele>2801.839758691307</ele>
        <time>2026-05-03T07:12:54.865Z</time>
        <speed>14.63</speed>
      </trkpt>
      <trkpt lat="30.0757747" lon="101.1152428">
        <ele>2804.6488130080866</ele>
        <time>2026-05-03T07:12:58.865Z</time>
        <speed>15.27</speed>
      </trkpt>
      <trkpt lat="30.0759803" lon="101.1158574">
        <ele>2807.3539119151387</ele>
        <time>2026-05-03T07:13:02.866Z</time>
        <speed>15.89</speed>
      </trkpt>
      <trkpt lat="30.0760416" lon="101.1161605">
        <ele>2809.0676500589266</ele>
        <time>2026-05-03T07:13:04.865Z</time>
        <speed>14.84</speed>
      </trkpt>
      <trkpt lat="30.0760939" lon="101.1164542">
        <ele>2810.6561375979845</ele>
        <time>2026-05-03T07:13:06.866Z</time>
        <speed>13.71</speed>
      </trkpt>
      <trkpt lat="30.0761401" lon="101.1167313">
        <ele>2812.369122415508</ele>
        <time>2026-05-03T07:13:08.866Z</time>
        <speed>13.41</speed>
      </trkpt>
      <trkpt lat="30.0761812" lon="101.1169955">
        <ele>2812.848346734578</ele>
        <time>2026-05-03T07:13:10.871Z</time>
        <speed>12.48</speed>
      </trkpt>
      <trkpt lat="30.0762198" lon="101.1172546">
        <ele>2812.821778768848</ele>
        <time>2026-05-03T07:13:12.871Z</time>
        <speed>12.76</speed>
      </trkpt>
      <trkpt lat="30.0762599" lon="101.1175195">
        <ele>2812.2875047005605</ele>
        <time>2026-05-03T07:13:14.869Z</time>
        <speed>13.07</speed>
      </trkpt>
      <trkpt lat="30.0762949" lon="101.117795">
        <ele>2812.3616840337454</ele>
        <time>2026-05-03T07:13:16.863Z</time>
        <speed>13.68</speed>
      </trkpt>
      <trkpt lat="30.0761465" lon="101.1184511">
        <ele>2812.51607631406</ele>
        <time>2026-05-03T07:13:21.864Z</time>
        <speed>13.72</speed>
      </trkpt>
      <trkpt lat="30.0758961" lon="101.1190433">
        <ele>2813.0371302096546</ele>
        <time>2026-05-03T07:13:25.863Z</time>
        <speed>16.19</speed>
      </trkpt>
      <trkpt lat="30.0757281" lon="101.1197247">
        <ele>2814.098841483836</ele>
        <time>2026-05-03T07:13:29.864Z</time>
        <speed>16.76</speed>
      </trkpt>
      <trkpt lat="30.0755" lon="101.1203132">
        <ele>2814.9935269485</ele>
        <time>2026-05-03T07:13:33.864Z</time>
        <speed>15.62</speed>
      </trkpt>
      <trkpt lat="30.0751178" lon="101.1207481">
        <ele>2814.6870801341843</ele>
        <time>2026-05-03T07:13:37.864Z</time>
        <speed>14.6</speed>
      </trkpt>
      <trkpt lat="30.0749902" lon="101.1212913">
        <ele>2813.364001205301</ele>
        <time>2026-05-03T07:13:41.864Z</time>
        <speed>13.74</speed>
      </trkpt>
      <trkpt lat="30.075152" lon="101.1218665">
        <ele>2813.0880999965757</ele>
        <time>2026-05-03T07:13:45.863Z</time>
        <speed>14.73</speed>
      </trkpt>
      <trkpt lat="30.0755049" lon="101.1223749">
        <ele>2813.4542640728732</ele>
        <time>2026-05-03T07:13:49.863Z</time>
        <speed>15.62</speed>
      </trkpt>
      <trkpt lat="30.0757638" lon="101.1229078">
        <ele>2813.756095431887</ele>
        <time>2026-05-03T07:13:53.864Z</time>
        <speed>14.59</speed>
      </trkpt>
      <trkpt lat="30.0757321" lon="101.1235247">
        <ele>2815.107864512089</ele>
        <time>2026-05-03T07:13:57.863Z</time>
        <speed>15.06</speed>
      </trkpt>
      <trkpt lat="30.0756459" lon="101.1241581">
        <ele>2816.1406955841594</ele>
        <time>2026-05-03T07:14:01.864Z</time>
        <speed>15.35</speed>
      </trkpt>
      <trkpt lat="30.0756011" lon="101.1247457">
        <ele>2816.381653599597</ele>
        <time>2026-05-03T07:14:05.864Z</time>
        <speed>14.28</speed>
      </trkpt>
      <trkpt lat="30.0757254" lon="101.1253561">
        <ele>2816.814907564493</ele>
        <time>2026-05-03T07:14:09.864Z</time>
        <speed>15.24</speed>
      </trkpt>
      <trkpt lat="30.0758909" lon="101.1260223">
        <ele>2817.4017330897523</ele>
        <time>2026-05-03T07:14:13.863Z</time>
        <speed>16.79</speed>
      </trkpt>
      <trkpt lat="30.0760665" lon="101.1267097">
        <ele>2818.809554523201</ele>
        <time>2026-05-03T07:14:17.863Z</time>
        <speed>17.46</speed>
      </trkpt>
      <trkpt lat="30.0762386" lon="101.1273931">
        <ele>2819.9807734449846</ele>
        <time>2026-05-03T07:14:21.863Z</time>
        <speed>16.36</speed>
      </trkpt>
      <trkpt lat="30.0763332" lon="101.1277083">
        <ele>2820.4615187909712</ele>
        <time>2026-05-03T07:14:23.864Z</time>
        <speed>15.04</speed>
      </trkpt>
      <trkpt lat="30.0764359" lon="101.1282541">
        <ele>2822.0823486980526</ele>
        <time>2026-05-03T07:14:27.864Z</time>
        <speed>12.55</speed>
      </trkpt>
      <trkpt lat="30.0763333" lon="101.1287726">
        <ele>2824.2494367662275</ele>
        <time>2026-05-03T07:14:31.864Z</time>
        <speed>13.1</speed>
      </trkpt>
      <trkpt lat="30.0763405" lon="101.1296974">
        <ele>2827.309486971391</ele>
        <time>2026-05-03T07:14:39.863Z</time>
        <speed>12.08</speed>
      </trkpt>
      <trkpt lat="30.0764473" lon="101.1299213">
        <ele>2827.208969177074</ele>
        <time>2026-05-03T07:14:41.864Z</time>
        <speed>12.49</speed>
      </trkpt>
      <trkpt lat="30.0766583" lon="101.1303709">
        <ele>2827.928075648041</ele>
        <time>2026-05-03T07:14:45.863Z</time>
        <speed>12.24</speed>
      </trkpt>
      <trkpt lat="30.076871" lon="101.1308206">
        <ele>2828.770210705926</ele>
        <time>2026-05-03T07:14:49.863Z</time>
        <speed>12.83</speed>
      </trkpt>
      <trkpt lat="30.0771518" lon="101.1312332">
        <ele>2829.79099923314</ele>
        <time>2026-05-03T07:14:53.864Z</time>
        <speed>12.57</speed>
      </trkpt>
      <trkpt lat="30.0774753" lon="101.1316097">
        <ele>2830.6310604602254</ele>
        <time>2026-05-03T07:14:57.864Z</time>
        <speed>13.08</speed>
      </trkpt>
      <trkpt lat="30.0777998" lon="101.1319951">
        <ele>2830.7758098657623</ele>
        <time>2026-05-03T07:15:01.864Z</time>
        <speed>12.98</speed>
      </trkpt>
      <trkpt lat="30.0780403" lon="101.132451">
        <ele>2831.2646423412075</ele>
        <time>2026-05-03T07:15:05.864Z</time>
        <speed>13.4</speed>
      </trkpt>
      <trkpt lat="30.0781976" lon="101.133024">
        <ele>2831.620178177482</ele>
        <time>2026-05-03T07:15:09.863Z</time>
        <speed>15.44</speed>
      </trkpt>
      <trkpt lat="30.078494" lon="101.1335825">
        <ele>2833.077818245383</ele>
        <time>2026-05-03T07:15:13.863Z</time>
        <speed>16.39</speed>
      </trkpt>
      <trkpt lat="30.078837" lon="101.1340886">
        <ele>2834.764950196346</ele>
        <time>2026-05-03T07:15:17.864Z</time>
        <speed>14.53</speed>
      </trkpt>
      <trkpt lat="30.0790307" lon="101.1345546">
        <ele>2835.0826345284245</ele>
        <time>2026-05-03T07:15:21.863Z</time>
        <speed>11.82</speed>
      </trkpt>
      <trkpt lat="30.0789857" lon="101.1350651">
        <ele>2835.9863574868255</ele>
        <time>2026-05-03T07:15:25.863Z</time>
        <speed>13.33</speed>
      </trkpt>
      <trkpt lat="30.0787807" lon="101.1355862">
        <ele>2837.0380709418796</ele>
        <time>2026-05-03T07:15:29.863Z</time>
        <speed>14.78</speed>
      </trkpt>
      <trkpt lat="30.0786214" lon="101.1361618">
        <ele>2838.1215438422696</ele>
        <time>2026-05-03T07:15:33.864Z</time>
        <speed>14.5</speed>
      </trkpt>
      <trkpt lat="30.0784724" lon="101.1366959">
        <ele>2840.6132650634454</ele>
        <time>2026-05-03T07:15:37.864Z</time>
        <speed>13.49</speed>
      </trkpt>
      <trkpt lat="30.0781542" lon="101.137093">
        <ele>2843.481666400656</ele>
        <time>2026-05-03T07:15:41.863Z</time>
        <speed>13.89</speed>
      </trkpt>
      <trkpt lat="30.0776581" lon="101.1373696">
        <ele>2845.4693587834086</ele>
        <time>2026-05-03T07:15:45.864Z</time>
        <speed>16.1</speed>
      </trkpt>
      <trkpt lat="30.0772345" lon="101.1375187">
        <ele>2846.7403435327424</ele>
        <time>2026-05-03T07:15:48.864Z</time>
        <speed>16.48</speed>
      </trkpt>
      <trkpt lat="30.0765193" lon="101.1377132">
        <ele>2847.5106690743546</ele>
        <time>2026-05-03T07:15:53.863Z</time>
        <speed>16.24</speed>
      </trkpt>
      <trkpt lat="30.0759299" lon="101.1377875">
        <ele>2848.644424732725</ele>
        <time>2026-05-03T07:15:57.869Z</time>
        <speed>16.96</speed>
      </trkpt>
      <trkpt lat="30.0756223" lon="101.137833">
        <ele>2848.9289363991443</ele>
        <time>2026-05-03T07:15:59.865Z</time>
        <speed>18.14</speed>
      </trkpt>
      <trkpt lat="30.0753233" lon="101.1378327">
        <ele>2850.047294099281</ele>
        <time>2026-05-03T07:16:01.869Z</time>
        <speed>16.67</speed>
      </trkpt>
      <trkpt lat="30.0750251" lon="101.1378616">
        <ele>2850.262139588197</ele>
        <time>2026-05-03T07:16:03.868Z</time>
        <speed>15.86</speed>
      </trkpt>
      <trkpt lat="30.0747549" lon="101.1379075">
        <ele>2850.9343141345103</ele>
        <time>2026-05-03T07:16:05.865Z</time>
        <speed>15.31</speed>
      </trkpt>
      <trkpt lat="30.0745037" lon="101.1380377">
        <ele>2852.0636991915208</ele>
        <time>2026-05-03T07:16:07.864Z</time>
        <speed>15.6</speed>
      </trkpt>
      <trkpt lat="30.0735807" lon="101.1388513">
        <ele>2854.1052184906653</ele>
        <time>2026-05-03T07:16:15.862Z</time>
        <speed>15.66</speed>
      </trkpt>
      <trkpt lat="30.073358" lon="101.139056">
        <ele>2854.6292155813358</ele>
        <time>2026-05-03T07:16:17.868Z</time>
        <speed>15.37</speed>
      </trkpt>
      <trkpt lat="30.0728399" lon="101.1395507">
        <ele>2855.404296875</ele>
        <time>2026-05-03T07:16:22.868Z</time>
        <speed>14.2</speed>
      </trkpt>
      <trkpt lat="30.0725631" lon="101.1400646">
        <ele>2856.217284097393</ele>
        <time>2026-05-03T07:16:26.868Z</time>
        <speed>14.75</speed>
      </trkpt>
      <trkpt lat="30.0724117" lon="101.1406883">
        <ele>2857.511870877315</ele>
        <time>2026-05-03T07:16:30.868Z</time>
        <speed>15.74</speed>
      </trkpt>
      <trkpt lat="30.0722333" lon="101.1413242">
        <ele>2858.77403575631</ele>
        <time>2026-05-03T07:16:34.867Z</time>
        <speed>16.46</speed>
      </trkpt>
      <trkpt lat="30.0721058" lon="101.1416346">
        <ele>2860.316910160957</ele>
        <time>2026-05-03T07:16:36.871Z</time>
        <speed>16.85</speed>
      </trkpt>
      <trkpt lat="30.0719721" lon="101.1419517">
        <ele>2861.2507641070265</ele>
        <time>2026-05-03T07:16:38.865Z</time>
        <speed>17.01</speed>
      </trkpt>
      <trkpt lat="30.0717093" lon="101.1425954">
        <ele>2862.88071446956</ele>
        <time>2026-05-03T07:16:42.866Z</time>
        <speed>17.38</speed>
      </trkpt>
      <trkpt lat="30.0714249" lon="101.1432656">
        <ele>2864.1999904101035</ele>
        <time>2026-05-03T07:16:46.865Z</time>
        <speed>18.23</speed>
      </trkpt>
      <trkpt lat="30.0711497" lon="101.1439399">
        <ele>2864.272075308293</ele>
        <time>2026-05-03T07:16:50.866Z</time>
        <speed>17.61</speed>
      </trkpt>
      <trkpt lat="30.0708697" lon="101.1445963">
        <ele>2865.7410182283693</ele>
        <time>2026-05-03T07:16:54.866Z</time>
        <speed>17.75</speed>
      </trkpt>
      <trkpt lat="30.0706052" lon="101.145243">
        <ele>2866.9654080182117</ele>
        <time>2026-05-03T07:16:58.865Z</time>
        <speed>15.91</speed>
      </trkpt>
      <trkpt lat="30.0704861" lon="101.1458617">
        <ele>2868.724261173311</ele>
        <time>2026-05-03T07:17:02.866Z</time>
        <speed>14.55</speed>
      </trkpt>
      <trkpt lat="30.0706023" lon="101.1464867">
        <ele>2870.3535372096</ele>
        <time>2026-05-03T07:17:06.865Z</time>
        <speed>16.57</speed>
      </trkpt>
      <trkpt lat="30.0708001" lon="101.1471196">
        <ele>2871.636719981306</ele>
        <time>2026-05-03T07:17:10.865Z</time>
        <speed>15.59</speed>
      </trkpt>
      <trkpt lat="30.0709464" lon="101.14778">
        <ele>2871.460123111002</ele>
        <time>2026-05-03T07:17:14.865Z</time>
        <speed>17.25</speed>
      </trkpt>
      <trkpt lat="30.0710297" lon="101.1484971">
        <ele>2871.9766471306652</ele>
        <time>2026-05-03T07:17:18.865Z</time>
        <speed>17.97</speed>
      </trkpt>
      <trkpt lat="30.0709843" lon="101.150527">
        <ele>2874.877235427928</ele>
        <time>2026-05-03T07:17:30.866Z</time>
        <speed>15.84</speed>
      </trkpt>
      <trkpt lat="30.0707376" lon="101.151183">
        <ele>2874.9040375434474</ele>
        <time>2026-05-03T07:17:34.866Z</time>
        <speed>18.01</speed>
      </trkpt>
      <trkpt lat="30.0704632" lon="101.1518526">
        <ele>2875.4144390342312</ele>
        <time>2026-05-03T07:17:38.866Z</time>
        <speed>17.54</speed>
      </trkpt>
      <trkpt lat="30.0702168" lon="101.1525178">
        <ele>2877.3497851804386</ele>
        <time>2026-05-03T07:17:42.866Z</time>
        <speed>16.88</speed>
      </trkpt>
      <trkpt lat="30.0701265" lon="101.1528578">
        <ele>2877.3939531582496</ele>
        <time>2026-05-03T07:17:44.866Z</time>
        <speed>17.26</speed>
      </trkpt>
      <trkpt lat="30.0700152" lon="101.1537565">
        <ele>2880.805083926085</ele>
        <time>2026-05-03T07:17:49.866Z</time>
        <speed>17.53</speed>
      </trkpt>
      <trkpt lat="30.069945" lon="101.1544713">
        <ele>2883.028564453125</ele>
        <time>2026-05-03T07:17:53.865Z</time>
        <speed>17.0</speed>
      </trkpt>
      <trkpt lat="30.0698746" lon="101.1551736">
        <ele>2886.217773629552</ele>
        <time>2026-05-03T07:17:57.866Z</time>
        <speed>17.34</speed>
      </trkpt>
      <trkpt lat="30.0698115" lon="101.1558817">
        <ele>2888.8573774510164</ele>
        <time>2026-05-03T07:18:01.865Z</time>
        <speed>17.01</speed>
      </trkpt>
      <trkpt lat="30.0697433" lon="101.1565944">
        <ele>2887.897763962862</ele>
        <time>2026-05-03T07:18:05.865Z</time>
        <speed>17.45</speed>
      </trkpt>
      <trkpt lat="30.0696734" lon="101.1573194">
        <ele>2887.046022477839</ele>
        <time>2026-05-03T07:18:09.866Z</time>
        <speed>17.94</speed>
      </trkpt>
      <trkpt lat="30.0695993" lon="101.1580466">
        <ele>2889.9515549997377</ele>
        <time>2026-05-03T07:18:13.865Z</time>
        <speed>17.52</speed>
      </trkpt>
      <trkpt lat="30.0695804" lon="101.1587104">
        <ele>2891.9782579074154</ele>
        <time>2026-05-03T07:18:17.866Z</time>
        <speed>15.18</speed>
      </trkpt>
      <trkpt lat="30.0697335" lon="101.1593621">
        <ele>2895.201674669523</ele>
        <time>2026-05-03T07:18:21.865Z</time>
        <speed>17.31</speed>
      </trkpt>
      <trkpt lat="30.0699347" lon="101.1600744">
        <ele>2896.6088695504045</ele>
        <time>2026-05-03T07:18:25.866Z</time>
        <speed>18.66</speed>
      </trkpt>
      <trkpt lat="30.0701553" lon="101.1607996">
        <ele>2896.8256758737507</ele>
        <time>2026-05-03T07:18:29.865Z</time>
        <speed>17.61</speed>
      </trkpt>
      <trkpt lat="30.0703647" lon="101.1614607">
        <ele>2896.6932483981673</ele>
        <time>2026-05-03T07:18:33.866Z</time>
        <speed>16.0</speed>
      </trkpt>
      <trkpt lat="30.0705519" lon="101.1620519">
        <ele>2895.7471464366504</ele>
        <time>2026-05-03T07:18:37.866Z</time>
        <speed>14.33</speed>
      </trkpt>
      <trkpt lat="30.0707056" lon="101.1625757">
        <ele>2895.7369111625217</ele>
        <time>2026-05-03T07:18:41.866Z</time>
        <speed>13.07</speed>
      </trkpt>
      <trkpt lat="30.0710382" lon="101.1636933">
        <ele>2899.368275290508</ele>
        <time>2026-05-03T07:18:49.866Z</time>
        <speed>15.63</speed>
      </trkpt>
      <trkpt lat="30.0711327" lon="101.1639971">
        <ele>2900.92192237874</ele>
        <time>2026-05-03T07:18:51.865Z</time>
        <speed>15.29</speed>
      </trkpt>
      <trkpt lat="30.0714622" lon="101.1650588">
        <ele>2901.5765859554394</ele>
        <time>2026-05-03T07:18:59.866Z</time>
        <speed>11.23</speed>
      </trkpt>
      <trkpt lat="30.0715878" lon="101.1654934">
        <ele>2901.821533203125</ele>
        <time>2026-05-03T07:19:03.866Z</time>
        <speed>10.09</speed>
      </trkpt>
      <trkpt lat="30.0717235" lon="101.1659279">
        <ele>2902.7995245400098</ele>
        <time>2026-05-03T07:19:07.865Z</time>
        <speed>11.69</speed>
      </trkpt>
      <trkpt lat="30.0718842" lon="101.1664034">
        <ele>2903.1763926074495</ele>
        <time>2026-05-03T07:19:11.866Z</time>
        <speed>12.66</speed>
      </trkpt>
      <trkpt lat="30.0719577" lon="101.1666521">
        <ele>2904.671518561494</ele>
        <time>2026-05-03T07:19:13.866Z</time>
        <speed>12.96</speed>
      </trkpt>
      <trkpt lat="30.0720044" lon="101.1669216">
        <ele>2903.3875049560115</ele>
        <time>2026-05-03T07:19:15.865Z</time>
        <speed>13.7</speed>
      </trkpt>
      <trkpt lat="30.0720245" lon="101.1672071">
        <ele>2904.406508669512</ele>
        <time>2026-05-03T07:19:17.866Z</time>
        <speed>14.18</speed>
      </trkpt>
      <trkpt lat="30.0720394" lon="101.167497">
        <ele>2905.143946714796</ele>
        <time>2026-05-03T07:19:19.860Z</time>
        <speed>14.07</speed>
      </trkpt>
      <trkpt lat="30.0721232" lon="101.1680658">
        <ele>2903.660322690814</ele>
        <time>2026-05-03T07:19:23.860Z</time>
        <speed>12.87</speed>
      </trkpt>
      <trkpt lat="30.0722514" lon="101.1682908">
        <ele>2903.882006987637</ele>
        <time>2026-05-03T07:19:25.868Z</time>
        <speed>12.69</speed>
      </trkpt>
      <trkpt lat="30.0724367" lon="101.1684487">
        <ele>2903.852594845815</ele>
        <time>2026-05-03T07:19:27.866Z</time>
        <speed>12.03</speed>
      </trkpt>
      <trkpt lat="30.072656" lon="101.1685793">
        <ele>2903.367300607004</ele>
        <time>2026-05-03T07:19:29.862Z</time>
        <speed>13.67</speed>
      </trkpt>
      <trkpt lat="30.0728468" lon="101.1687597">
        <ele>2903.8854500874227</ele>
        <time>2026-05-03T07:19:31.860Z</time>
        <speed>13.33</speed>
      </trkpt>
      <trkpt lat="30.0729572" lon="101.1689863">
        <ele>2905.1988818020436</ele>
        <time>2026-05-03T07:19:33.868Z</time>
        <speed>12.56</speed>
      </trkpt>
      <trkpt lat="30.0729946" lon="101.1692534">
        <ele>2905.246080654643</ele>
        <time>2026-05-03T07:19:35.869Z</time>
        <speed>13.7</speed>
      </trkpt>
      <trkpt lat="30.0729967" lon="101.1695396">
        <ele>2905.054157365938</ele>
        <time>2026-05-03T07:19:37.861Z</time>
        <speed>14.03</speed>
      </trkpt>
      <trkpt lat="30.0730322" lon="101.1698209">
        <ele>2905.287373768366</ele>
        <time>2026-05-03T07:19:39.861Z</time>
        <speed>13.9</speed>
      </trkpt>
      <trkpt lat="30.0731141" lon="101.1700863">
        <ele>2906.9335121523904</ele>
        <time>2026-05-03T07:19:41.864Z</time>
        <speed>13.68</speed>
      </trkpt>
      <trkpt lat="30.0732412" lon="101.1703409">
        <ele>2908.7477400660496</ele>
        <time>2026-05-03T07:19:43.868Z</time>
        <speed>14.56</speed>
      </trkpt>
      <trkpt lat="30.0733735" lon="101.1706063">
        <ele>2909.1986051132185</ele>
        <time>2026-05-03T07:19:45.864Z</time>
        <speed>14.86</speed>
      </trkpt>
      <trkpt lat="30.0734602" lon="101.1708957">
        <ele>2908.0983710690775</ele>
        <time>2026-05-03T07:19:47.871Z</time>
        <speed>14.71</speed>
      </trkpt>
      <trkpt lat="30.0734851" lon="101.1712023">
        <ele>2909.0343018549706</ele>
        <time>2026-05-03T07:19:49.870Z</time>
        <speed>14.69</speed>
      </trkpt>
      <trkpt lat="30.0735166" lon="101.1718067">
        <ele>2908.822168166123</ele>
        <time>2026-05-03T07:19:53.864Z</time>
        <speed>14.38</speed>
      </trkpt>
      <trkpt lat="30.0736026" lon="101.172092">
        <ele>2909.117754796475</ele>
        <time>2026-05-03T07:19:55.868Z</time>
        <speed>14.86</speed>
      </trkpt>
      <trkpt lat="30.073708" lon="101.17237">
        <ele>2908.901639999926</ele>
        <time>2026-05-03T07:19:57.860Z</time>
        <speed>14.47</speed>
      </trkpt>
      <trkpt lat="30.0737879" lon="101.1728884">
        <ele>2909.7514371416282</ele>
        <time>2026-05-03T07:20:01.868Z</time>
        <speed>12.49</speed>
      </trkpt>
      <trkpt lat="30.0735236" lon="101.1733315">
        <ele>2911.1899143833416</ele>
        <time>2026-05-03T07:20:05.865Z</time>
        <speed>14.61</speed>
      </trkpt>
      <trkpt lat="30.0731209" lon="101.1737316">
        <ele>2911.8809138472716</ele>
        <time>2026-05-03T07:20:09.864Z</time>
        <speed>14.77</speed>
      </trkpt>
      <trkpt lat="30.0729582" lon="101.1739696">
        <ele>2912.879599249279</ele>
        <time>2026-05-03T07:20:11.865Z</time>
        <speed>14.76</speed>
      </trkpt>
      <trkpt lat="30.0728455" lon="101.1742386">
        <ele>2914.056598528206</ele>
        <time>2026-05-03T07:20:13.861Z</time>
        <speed>14.41</speed>
      </trkpt>
      <trkpt lat="30.0726007" lon="101.1750389">
        <ele>2916.7928132560633</ele>
        <time>2026-05-03T07:20:19.860Z</time>
        <speed>13.52</speed>
      </trkpt>
      <trkpt lat="30.0722367" lon="101.175428">
        <ele>2916.4550869400123</ele>
        <time>2026-05-03T07:20:23.864Z</time>
        <speed>14.6</speed>
      </trkpt>
      <trkpt lat="30.0720252" lon="101.1756055">
        <ele>2917.278777945287</ele>
        <time>2026-05-03T07:20:25.871Z</time>
        <speed>14.59</speed>
      </trkpt>
      <trkpt lat="30.0718212" lon="101.1758018">
        <ele>2917.4197587195536</ele>
        <time>2026-05-03T07:20:27.870Z</time>
        <speed>15.05</speed>
      </trkpt>
      <trkpt lat="30.0716272" lon="101.1760313">
        <ele>2918.4516349237747</ele>
        <time>2026-05-03T07:20:29.859Z</time>
        <speed>15.8</speed>
      </trkpt>
      <trkpt lat="30.0714589" lon="101.1763018">
        <ele>2918.6104412719965</ele>
        <time>2026-05-03T07:20:31.868Z</time>
        <speed>16.33</speed>
      </trkpt>
      <trkpt lat="30.0713241" lon="101.1766072">
        <ele>2919.051425470399</ele>
        <time>2026-05-03T07:20:33.861Z</time>
        <speed>16.73</speed>
      </trkpt>
      <trkpt lat="30.071234" lon="101.1769321">
        <ele>2918.9478361009365</ele>
        <time>2026-05-03T07:20:35.871Z</time>
        <speed>16.01</speed>
      </trkpt>
      <trkpt lat="30.0711978" lon="101.177249">
        <ele>2920.447225511416</ele>
        <time>2026-05-03T07:20:37.864Z</time>
        <speed>15.19</speed>
      </trkpt>
      <trkpt lat="30.0712323" lon="101.1775582">
        <ele>2922.092249523514</ele>
        <time>2026-05-03T07:20:39.869Z</time>
        <speed>15.26</speed>
      </trkpt>
      <trkpt lat="30.0713354" lon="101.1778567">
        <ele>2922.043063468455</ele>
        <time>2026-05-03T07:20:41.867Z</time>
        <speed>15.85</speed>
      </trkpt>
      <trkpt lat="30.0716968" lon="101.1783755">
        <ele>2923.9541439968853</ele>
        <time>2026-05-03T07:20:45.868Z</time>
        <speed>16.86</speed>
      </trkpt>
      <trkpt lat="30.0705106" lon="101.1808341">
        <ele>2933.061896107906</ele>
        <time>2026-05-03T07:21:08.861Z</time>
        <speed>14.91</speed>
      </trkpt>
      <trkpt lat="30.0702304" lon="101.181409">
        <ele>2935.2808646659846</ele>
        <time>2026-05-03T07:21:12.861Z</time>
        <speed>16.16</speed>
      </trkpt>
      <trkpt lat="30.069878" lon="101.1819329">
        <ele>2938.887868396663</ele>
        <time>2026-05-03T07:21:16.862Z</time>
        <speed>15.98</speed>
      </trkpt>
      <trkpt lat="30.0694063" lon="101.1823581">
        <ele>2941.636534597486</ele>
        <time>2026-05-03T07:21:20.862Z</time>
        <speed>16.96</speed>
      </trkpt>
      <trkpt lat="30.0689025" lon="101.1828172">
        <ele>2945.6017179836153</ele>
        <time>2026-05-03T07:21:24.862Z</time>
        <speed>18.21</speed>
      </trkpt>
      <trkpt lat="30.06839" lon="101.1832989">
        <ele>2947.6820386517898</ele>
        <time>2026-05-03T07:21:28.862Z</time>
        <speed>18.92</speed>
      </trkpt>
      <trkpt lat="30.0679034" lon="101.1838493">
        <ele>2950.3972859162523</ele>
        <time>2026-05-03T07:21:32.861Z</time>
        <speed>18.69</speed>
      </trkpt>
      <trkpt lat="30.0674351" lon="101.1844069">
        <ele>2951.2636579799787</ele>
        <time>2026-05-03T07:21:36.861Z</time>
        <speed>18.65</speed>
      </trkpt>
      <trkpt lat="30.0669676" lon="101.1849777">
        <ele>2952.6101957347614</ele>
        <time>2026-05-03T07:21:40.861Z</time>
        <speed>19.48</speed>
      </trkpt>
      <trkpt lat="30.0664993" lon="101.1855463">
        <ele>2953.6058523693027</ele>
        <time>2026-05-03T07:21:44.861Z</time>
        <speed>18.47</speed>
      </trkpt>
      <trkpt lat="30.0660598" lon="101.1860757">
        <ele>2954.624537352988</ele>
        <time>2026-05-03T07:21:48.862Z</time>
        <speed>17.43</speed>
      </trkpt>
      <trkpt lat="30.0656861" lon="101.1865764">
        <ele>2956.1582669045447</ele>
        <time>2026-05-03T07:21:52.862Z</time>
        <speed>15.09</speed>
      </trkpt>
      <trkpt lat="30.0654784" lon="101.1869784">
        <ele>2956.8405979446397</ele>
        <time>2026-05-03T07:21:55.859Z</time>
        <speed>14.74</speed>
      </trkpt>
      <trkpt lat="30.0653897" lon="101.187283">
        <ele>2958.007523734744</ele>
        <time>2026-05-03T07:21:57.868Z</time>
        <speed>15.67</speed>
      </trkpt>
      <trkpt lat="30.0653098" lon="101.1876037">
        <ele>2958.9277472115486</ele>
        <time>2026-05-03T07:21:59.860Z</time>
        <speed>16.34</speed>
      </trkpt>
      <trkpt lat="30.0652319" lon="101.1879313">
        <ele>2959.0731352726852</ele>
        <time>2026-05-03T07:22:01.869Z</time>
        <speed>16.22</speed>
      </trkpt>
      <trkpt lat="30.0651588" lon="101.1882489">
        <ele>2960.8562254633944</ele>
        <time>2026-05-03T07:22:03.864Z</time>
        <speed>15.66</speed>
      </trkpt>
      <trkpt lat="30.0650857" lon="101.1885597">
        <ele>2962.1651552463236</ele>
        <time>2026-05-03T07:22:05.862Z</time>
        <speed>15.39</speed>
      </trkpt>
      <trkpt lat="30.0650142" lon="101.1888666">
        <ele>2963.1403658539803</ele>
        <time>2026-05-03T07:22:07.863Z</time>
        <speed>15.24</speed>
      </trkpt>
      <trkpt lat="30.0649415" lon="101.1891738">
        <ele>2964.7521444360473</ele>
        <time>2026-05-03T07:22:09.859Z</time>
        <speed>15.51</speed>
      </trkpt>
      <trkpt lat="30.0648677" lon="101.1894858">
        <ele>2964.8321330910658</ele>
        <time>2026-05-03T07:22:11.860Z</time>
        <speed>15.58</speed>
      </trkpt>
      <trkpt lat="30.0647925" lon="101.1898027">
        <ele>2964.4413654114505</ele>
        <time>2026-05-03T07:22:13.867Z</time>
        <speed>15.97</speed>
      </trkpt>
      <trkpt lat="30.064718" lon="101.1901201">
        <ele>2964.377124530233</ele>
        <time>2026-05-03T07:22:15.872Z</time>
        <speed>15.71</speed>
      </trkpt>
      <trkpt lat="30.0646465" lon="101.1904342">
        <ele>2964.249730932857</ele>
        <time>2026-05-03T07:22:17.860Z</time>
        <speed>15.51</speed>
      </trkpt>
      <trkpt lat="30.0645712" lon="101.1907489">
        <ele>2964.683088006373</ele>
        <time>2026-05-03T07:22:19.865Z</time>
        <speed>15.88</speed>
      </trkpt>
      <trkpt lat="30.0642727" lon="101.1921009">
        <ele>2963.505755927136</ele>
        <time>2026-05-03T07:22:27.870Z</time>
        <speed>17.02</speed>
      </trkpt>
      <trkpt lat="30.0641273" lon="101.1927256">
        <ele>2962.293136884772</ele>
        <time>2026-05-03T07:22:31.870Z</time>
        <speed>13.7</speed>
      </trkpt>
      <trkpt lat="30.0641427" lon="101.1933666">
        <ele>2961.337439917631</ele>
        <time>2026-05-03T07:22:36.869Z</time>
        <speed>11.56</speed>
      </trkpt>
      <trkpt lat="30.0650448" lon="101.1945989">
        <ele>2967.2300301610353</ele>
        <time>2026-05-03T07:22:48.870Z</time>
        <speed>14.47</speed>
      </trkpt>
      <trkpt lat="30.0651066" lon="101.1950426">
        <ele>2969.1055488403645</ele>
        <time>2026-05-03T07:22:51.864Z</time>
        <speed>15.56</speed>
      </trkpt>
      <trkpt lat="30.0649936" lon="101.1956854">
        <ele>2970.733003949828</ele>
        <time>2026-05-03T07:22:55.859Z</time>
        <speed>16.58</speed>
      </trkpt>
      <trkpt lat="30.0648659" lon="101.195999">
        <ele>2970.624904570254</ele>
        <time>2026-05-03T07:22:57.869Z</time>
        <speed>17.04</speed>
      </trkpt>
      <trkpt lat="30.0647168" lon="101.196309">
        <ele>2970.889513874767</ele>
        <time>2026-05-03T07:22:59.866Z</time>
        <speed>17.25</speed>
      </trkpt>
      <trkpt lat="30.0645652" lon="101.1966127">
        <ele>2970.5730963069736</ele>
        <time>2026-05-03T07:23:01.862Z</time>
        <speed>16.9</speed>
      </trkpt>
      <trkpt lat="30.0644149" lon="101.1969183">
        <ele>2970.5158115804725</ele>
        <time>2026-05-03T07:23:03.862Z</time>
        <speed>16.88</speed>
      </trkpt>
      <trkpt lat="30.0642678" lon="101.1972195">
        <ele>2970.8773653649373</ele>
        <time>2026-05-03T07:23:05.866Z</time>
        <speed>16.9</speed>
      </trkpt>
      <trkpt lat="30.0641151" lon="101.1975146">
        <ele>2971.555886806538</ele>
        <time>2026-05-03T07:23:07.863Z</time>
        <speed>16.33</speed>
      </trkpt>
      <trkpt lat="30.063974" lon="101.1977971">
        <ele>2972.2172621019095</ele>
        <time>2026-05-03T07:23:09.862Z</time>
        <speed>15.26</speed>
      </trkpt>
      <trkpt lat="30.0638372" lon="101.1980604">
        <ele>2973.3439152552482</ele>
        <time>2026-05-03T07:23:11.862Z</time>
        <speed>14.3</speed>
      </trkpt>
      <trkpt lat="30.0635837" lon="101.1985621">
        <ele>2974.0714936993973</ele>
        <time>2026-05-03T07:23:15.869Z</time>
        <speed>13.92</speed>
      </trkpt>
      <trkpt lat="30.0633212" lon="101.1990714">
        <ele>2974.475033048918</ele>
        <time>2026-05-03T07:23:19.859Z</time>
        <speed>14.65</speed>
      </trkpt>
      <trkpt lat="30.0631829" lon="101.1993431">
        <ele>2975.363219794239</ele>
        <time>2026-05-03T07:23:21.869Z</time>
        <speed>15.23</speed>
      </trkpt>
      <trkpt lat="30.0629324" lon="101.1998906">
        <ele>2977.8134209849895</ele>
        <time>2026-05-03T07:23:25.871Z</time>
        <speed>14.48</speed>
      </trkpt>
      <trkpt lat="30.0628433" lon="101.2001654">
        <ele>2978.32373046875</ele>
        <time>2026-05-03T07:23:27.861Z</time>
        <speed>13.91</speed>
      </trkpt>
      <trkpt lat="30.0627833" lon="101.20044">
        <ele>2979.0051385870543</ele>
        <time>2026-05-03T07:23:29.859Z</time>
        <speed>13.54</speed>
      </trkpt>
      <trkpt lat="30.0627019" lon="101.2009994">
        <ele>2979.5812860637575</ele>
        <time>2026-05-03T07:23:33.860Z</time>
        <speed>13.92</speed>
      </trkpt>
      <trkpt lat="30.062664" lon="101.2012821">
        <ele>2979.920066528573</ele>
        <time>2026-05-03T07:23:35.865Z</time>
        <speed>13.69</speed>
      </trkpt>
      <trkpt lat="30.0625767" lon="101.2018347">
        <ele>2979.7808050271487</ele>
        <time>2026-05-03T07:23:39.863Z</time>
        <speed>13.07</speed>
      </trkpt>
      <trkpt lat="30.0624887" lon="101.2022534">
        <ele>2979.545176441174</ele>
        <time>2026-05-03T07:23:43.860Z</time>
        <speed>8.56</speed>
      </trkpt>
      <trkpt lat="30.0624558" lon="101.2024411">
        <ele>2979.9093911481455</ele>
        <time>2026-05-03T07:23:45.869Z</time>
        <speed>9.77</speed>
      </trkpt>
      <trkpt lat="30.062287" lon="101.2034122">
        <ele>2981.931939678134</ele>
        <time>2026-05-03T07:23:53.862Z</time>
        <speed>13.79</speed>
      </trkpt>
      <trkpt lat="30.0622399" lon="101.2037067">
        <ele>2982.5897005158404</ele>
        <time>2026-05-03T07:23:55.869Z</time>
        <speed>15.13</speed>
      </trkpt>
      <trkpt lat="30.0621239" lon="101.2043633">
        <ele>2984.635009765625</ele>
        <time>2026-05-03T07:23:59.869Z</time>
        <speed>17.1</speed>
      </trkpt>
      <trkpt lat="30.0620396" lon="101.2047113">
        <ele>2986.4053393605936</ele>
        <time>2026-05-03T07:24:01.861Z</time>
        <speed>17.65</speed>
      </trkpt>
      <trkpt lat="30.06192" lon="101.2050401">
        <ele>2986.9733202901293</ele>
        <time>2026-05-03T07:24:03.865Z</time>
        <speed>16.97</speed>
      </trkpt>
      <trkpt lat="30.0617797" lon="101.2053325">
        <ele>2987.6642847582657</ele>
        <time>2026-05-03T07:24:05.867Z</time>
        <speed>15.48</speed>
      </trkpt>
      <trkpt lat="30.0615298" lon="101.2058256">
        <ele>2990.4701783488235</ele>
        <time>2026-05-03T07:24:09.867Z</time>
        <speed>12.42</speed>
      </trkpt>
      <trkpt lat="30.0612783" lon="101.2063494">
        <ele>2992.353324015119</ele>
        <time>2026-05-03T07:24:14.867Z</time>
        <speed>11.41</speed>
      </trkpt>
      <trkpt lat="30.060919" lon="101.2069103">
        <ele>2995.4726670223636</ele>
        <time>2026-05-03T07:24:22.866Z</time>
        <speed>8.46</speed>
      </trkpt>
      <trkpt lat="30.060544" lon="101.2070559">
        <ele>2996.9162014947456</ele>
        <time>2026-05-03T07:24:26.865Z</time>
        <speed>12.1</speed>
      </trkpt>
      <trkpt lat="30.0603227" lon="101.2070966">
        <ele>2997.632144567685</ele>
        <time>2026-05-03T07:24:28.870Z</time>
        <speed>12.72</speed>
      </trkpt>
      <trkpt lat="30.0596445" lon="101.2071845">
        <ele>2999.781160818242</ele>
        <time>2026-05-03T07:24:34.858Z</time>
        <speed>13.19</speed>
      </trkpt>
      <trkpt lat="30.0594025" lon="101.2072188">
        <ele>3000.6967764409087</ele>
        <time>2026-05-03T07:24:36.864Z</time>
        <speed>13.47</speed>
      </trkpt>
      <trkpt lat="30.0591539" lon="101.2072547">
        <ele>3001.1462329429487</ele>
        <time>2026-05-03T07:24:38.866Z</time>
        <speed>14.0</speed>
      </trkpt>
      <trkpt lat="30.0588789" lon="101.2072983">
        <ele>3001.61482950094</ele>
        <time>2026-05-03T07:24:40.868Z</time>
        <speed>16.57</speed>
      </trkpt>
      <trkpt lat="30.0585711" lon="101.2073493">
        <ele>3003.073850433615</ele>
        <time>2026-05-03T07:24:42.869Z</time>
        <speed>17.17</speed>
      </trkpt>
      <trkpt lat="30.0582529" lon="101.2073862">
        <ele>3003.9471603099796</ele>
        <time>2026-05-03T07:24:44.864Z</time>
        <speed>18.09</speed>
      </trkpt>
      <trkpt lat="30.0579136" lon="101.2074175">
        <ele>3004.4349517661703</ele>
        <time>2026-05-03T07:24:46.870Z</time>
        <speed>19.3</speed>
      </trkpt>
      <trkpt lat="30.057559" lon="101.2074643">
        <ele>3004.503750950802</ele>
        <time>2026-05-03T07:24:48.861Z</time>
        <speed>20.02</speed>
      </trkpt>
      <trkpt lat="30.0568595" lon="101.2075956">
        <ele>3006.9319389793973</ele>
        <time>2026-05-03T07:24:52.868Z</time>
        <speed>19.47</speed>
      </trkpt>
      <trkpt lat="30.0562123" lon="101.2077397">
        <ele>3008.2535947739702</ele>
        <time>2026-05-03T07:24:56.866Z</time>
        <speed>17.31</speed>
      </trkpt>
      <trkpt lat="30.0559265" lon="101.2078457">
        <ele>3010.6489820172296</ele>
        <time>2026-05-03T07:24:58.871Z</time>
        <speed>16.19</speed>
      </trkpt>
      <trkpt lat="30.0551653" lon="101.2084309">
        <ele>3014.495755264967</ele>
        <time>2026-05-03T07:25:04.865Z</time>
        <speed>17.17</speed>
      </trkpt>
      <trkpt lat="30.0549099" lon="101.2086278">
        <ele>3016.3113086562844</ele>
        <time>2026-05-03T07:25:06.866Z</time>
        <speed>17.07</speed>
      </trkpt>
      <trkpt lat="30.0543322" lon="101.2089436">
        <ele>3018.292880343121</ele>
        <time>2026-05-03T07:25:10.869Z</time>
        <speed>18.15</speed>
      </trkpt>
      <trkpt lat="30.0540375" lon="101.2090858">
        <ele>3019.9537107155093</ele>
        <time>2026-05-03T07:25:12.863Z</time>
        <speed>17.41</speed>
      </trkpt>
      <trkpt lat="30.053219" lon="101.209578">
        <ele>3022.3361260540064</ele>
        <time>2026-05-03T07:25:18.859Z</time>
        <speed>16.45</speed>
      </trkpt>
      <trkpt lat="30.0523798" lon="101.2108123">
        <ele>3028.4726371480633</ele>
        <time>2026-05-03T07:25:27.866Z</time>
        <speed>16.56</speed>
      </trkpt>
      <trkpt lat="30.0515755" lon="101.2118725">
        <ele>3033.86674540152</ele>
        <time>2026-05-03T07:25:35.866Z</time>
        <speed>17.29</speed>
      </trkpt>
      <trkpt lat="30.0512362" lon="101.2122602">
        <ele>3036.1385973274328</ele>
        <time>2026-05-03T07:25:38.866Z</time>
        <speed>17.54</speed>
      </trkpt>
      <trkpt lat="30.050723" lon="101.2129491">
        <ele>3040.543587943419</ele>
        <time>2026-05-03T07:25:43.866Z</time>
        <speed>17.08</speed>
      </trkpt>
      <trkpt lat="30.0504259" lon="101.2133845">
        <ele>3044.447976611958</ele>
        <time>2026-05-03T07:25:46.865Z</time>
        <speed>17.66</speed>
      </trkpt>
      <trkpt lat="30.0500074" lon="101.2141764">
        <ele>3046.541712728345</ele>
        <time>2026-05-03T07:25:51.865Z</time>
        <speed>18.04</speed>
      </trkpt>
      <trkpt lat="30.0497361" lon="101.2146349">
        <ele>3047.1372380006496</ele>
        <time>2026-05-03T07:25:54.866Z</time>
        <speed>17.63</speed>
      </trkpt>
      <trkpt lat="30.0492595" lon="101.2153437">
        <ele>3051.275991066594</ele>
        <time>2026-05-03T07:25:59.866Z</time>
        <speed>16.38</speed>
      </trkpt>
      <trkpt lat="30.0489542" lon="101.2156761">
        <ele>3052.915027877421</ele>
        <time>2026-05-03T07:26:02.865Z</time>
        <speed>14.79</speed>
      </trkpt>
      <trkpt lat="30.0483746" lon="101.2157563">
        <ele>3057.5342492167474</ele>
        <time>2026-05-03T07:26:07.866Z</time>
        <speed>13.42</speed>
      </trkpt>
      <trkpt lat="30.047385" lon="101.2156822">
        <ele>3063.592552259936</ele>
        <time>2026-05-03T07:26:15.866Z</time>
        <speed>14.79</speed>
      </trkpt>
      <trkpt lat="30.0464496" lon="101.2161881">
        <ele>3068.915658698474</ele>
        <time>2026-05-03T07:26:22.865Z</time>
        <speed>16.6</speed>
      </trkpt>
      <trkpt lat="30.0461966" lon="101.2163526">
        <ele>3072.0099196937836</ele>
        <time>2026-05-03T07:26:24.866Z</time>
        <speed>15.94</speed>
      </trkpt>
      <trkpt lat="30.0459574" lon="101.2165247">
        <ele>3072.9298354254997</ele>
        <time>2026-05-03T07:26:26.866Z</time>
        <speed>15.38</speed>
      </trkpt>
      <trkpt lat="30.0455028" lon="101.2171464">
        <ele>3076.4377067551704</ele>
        <time>2026-05-03T07:26:31.866Z</time>
        <speed>16.22</speed>
      </trkpt>
      <trkpt lat="30.0452692" lon="101.2176141">
        <ele>3078.4497156373195</ele>
        <time>2026-05-03T07:26:34.866Z</time>
        <speed>17.7</speed>
      </trkpt>
      <trkpt lat="30.0445939" lon="101.2187658">
        <ele>3085.9735961410684</ele>
        <time>2026-05-03T07:26:42.866Z</time>
        <speed>15.85</speed>
      </trkpt>
      <trkpt lat="30.0424514" lon="101.2205495">
        <ele>3097.9850755103157</ele>
        <time>2026-05-03T07:27:06.865Z</time>
        <speed>15.22</speed>
      </trkpt>
      <trkpt lat="30.0419281" lon="101.221798">
        <ele>3101.5064943425086</ele>
        <time>2026-05-03T07:27:14.865Z</time>
        <speed>17.7</speed>
      </trkpt>
      <trkpt lat="30.0418218" lon="101.2227198">
        <ele>3104.641733160844</ele>
        <time>2026-05-03T07:27:19.866Z</time>
        <speed>18.19</speed>
      </trkpt>
      <trkpt lat="30.0417522" lon="101.22328">
        <ele>3108.233378459422</ele>
        <time>2026-05-03T07:27:22.866Z</time>
        <speed>17.41</speed>
      </trkpt>
      <trkpt lat="30.0416653" lon="101.2241227">
        <ele>3114.239242881156</ele>
        <time>2026-05-03T07:27:27.865Z</time>
        <speed>15.46</speed>
      </trkpt>
      <trkpt lat="30.0415956" lon="101.2247377">
        <ele>3117.9550510526424</ele>
        <time>2026-05-03T07:27:31.865Z</time>
        <speed>15.24</speed>
      </trkpt>
      <trkpt lat="30.0415499" lon="101.2252139">
        <ele>3119.644891618868</ele>
        <time>2026-05-03T07:27:34.864Z</time>
        <speed>15.35</speed>
      </trkpt>
      <trkpt lat="30.0415061" lon="101.2261576">
        <ele>3122.364571584858</ele>
        <time>2026-05-03T07:27:40.865Z</time>
        <speed>15.58</speed>
      </trkpt>
      <trkpt lat="30.0414837" lon="101.2266639">
        <ele>3124.363263511996</ele>
        <time>2026-05-03T07:27:43.865Z</time>
        <speed>16.42</speed>
      </trkpt>
      <trkpt lat="30.0414411" lon="101.227482">
        <ele>3127.2956891975286</ele>
        <time>2026-05-03T07:27:48.864Z</time>
        <speed>15.11</speed>
      </trkpt>
      <trkpt lat="30.0414645" lon="101.2278828">
        <ele>3128.702488091941</ele>
        <time>2026-05-03T07:27:51.865Z</time>
        <speed>11.08</speed>
      </trkpt>
      <trkpt lat="30.0415122" lon="101.2283543">
        <ele>3129.468599243233</ele>
        <time>2026-05-03T07:27:56.864Z</time>
        <speed>8.0</speed>
      </trkpt>
      <trkpt lat="30.0415227" lon="101.228529">
        <ele>3130.003175001988</ele>
        <time>2026-05-03T07:27:59.865Z</time>
        <speed>4.38</speed>
      </trkpt>
      <trkpt lat="30.0415541" lon="101.2288266">
        <ele>3131.4939880041584</ele>
        <time>2026-05-03T07:28:04.864Z</time>
        <speed>7.87</speed>
      </trkpt>
      <trkpt lat="30.0415725" lon="101.2291231">
        <ele>3132.0969373966504</ele>
        <time>2026-05-03T07:28:07.865Z</time>
        <speed>9.94</speed>
      </trkpt>
      <trkpt lat="30.0416591" lon="101.2310619">
        <ele>3139.4873057222903</ele>
        <time>2026-05-03T07:28:23.864Z</time>
        <speed>11.88</speed>
      </trkpt>
      <trkpt lat="30.041865" lon="101.2319898">
        <ele>3142.808234564612</ele>
        <time>2026-05-03T07:28:31.864Z</time>
        <speed>11.01</speed>
      </trkpt>
      <trkpt lat="30.0421458" lon="101.2324682">
        <ele>3146.6886139392236</ele>
        <time>2026-05-03T07:28:36.865Z</time>
        <speed>11.22</speed>
      </trkpt>
      <trkpt lat="30.0422835" lon="101.2328881">
        <ele>3149.504618028658</ele>
        <time>2026-05-03T07:28:40.865Z</time>
        <speed>10.72</speed>
      </trkpt>
      <trkpt lat="30.0423218" lon="101.2331153">
        <ele>3150.826158073701</ele>
        <time>2026-05-03T07:28:42.865Z</time>
        <speed>11.51</speed>
      </trkpt>
      <trkpt lat="30.0422864" lon="101.234164">
        <ele>3156.125734149225</ele>
        <time>2026-05-03T07:28:51.865Z</time>
        <speed>11.33</speed>
      </trkpt>
      <trkpt lat="30.0419692" lon="101.2351426">
        <ele>3161.1124380188726</ele>
        <time>2026-05-03T07:28:59.864Z</time>
        <speed>14.17</speed>
      </trkpt>
      <trkpt lat="30.0416439" lon="101.2362725">
        <ele>3168.320836649678</ele>
        <time>2026-05-03T07:29:07.864Z</time>
        <speed>14.77</speed>
      </trkpt>
      <trkpt lat="30.0415382" lon="101.2368763">
        <ele>3171.285681267318</ele>
        <time>2026-05-03T07:29:11.865Z</time>
        <speed>15.36</speed>
      </trkpt>
      <trkpt lat="30.0414642" lon="101.2374967">
        <ele>3173.900720041895</ele>
        <time>2026-05-03T07:29:15.864Z</time>
        <speed>15.1</speed>
      </trkpt>
      <trkpt lat="30.0414801" lon="101.2381568">
        <ele>3175.896302432112</ele>
        <time>2026-05-03T07:29:19.865Z</time>
        <speed>15.73</speed>
      </trkpt>
      <trkpt lat="30.0414911" lon="101.240732">
        <ele>3188.941811369783</ele>
        <time>2026-05-03T07:29:35.864Z</time>
        <speed>15.97</speed>
      </trkpt>
      <trkpt lat="30.0414764" lon="101.2414065">
        <ele>3191.496103357928</ele>
        <time>2026-05-03T07:29:39.864Z</time>
        <speed>16.6</speed>
      </trkpt>
      <trkpt lat="30.0414694" lon="101.242088">
        <ele>3193.673664622056</ele>
        <time>2026-05-03T07:29:43.864Z</time>
        <speed>15.78</speed>
      </trkpt>
      <trkpt lat="30.0414778" lon="101.2427225">
        <ele>3196.2502872963073</ele>
        <time>2026-05-03T07:29:47.864Z</time>
        <speed>14.81</speed>
      </trkpt>
      <trkpt lat="30.0417031" lon="101.2440399">
        <ele>3202.2212966886477</ele>
        <time>2026-05-03T07:29:56.864Z</time>
        <speed>14.3</speed>
      </trkpt>
      <trkpt lat="30.0419573" lon="101.2453398">
        <ele>3211.2373500153117</ele>
        <time>2026-05-03T07:30:05.864Z</time>
        <speed>13.89</speed>
      </trkpt>
      <trkpt lat="30.0422181" lon="101.2463776">
        <ele>3219.3586313968544</ele>
        <time>2026-05-03T07:30:13.865Z</time>
        <speed>12.93</speed>
      </trkpt>
      <trkpt lat="30.0423184" lon="101.2466236">
        <ele>3221.333356100748</ele>
        <time>2026-05-03T07:30:15.865Z</time>
        <speed>12.69</speed>
      </trkpt>
      <trkpt lat="30.0424814" lon="101.2470938">
        <ele>3223.194545189339</ele>
        <time>2026-05-03T07:30:19.865Z</time>
        <speed>11.56</speed>
      </trkpt>
      <trkpt lat="30.0424599" lon="101.2480926">
        <ele>3226.650563053889</ele>
        <time>2026-05-03T07:30:27.865Z</time>
        <speed>13.62</speed>
      </trkpt>
      <trkpt lat="30.0424024" lon="101.2486763">
        <ele>3229.93237931022</ele>
        <time>2026-05-03T07:30:31.869Z</time>
        <speed>14.82</speed>
      </trkpt>
      <trkpt lat="30.0424099" lon="101.2489867">
        <ele>3232.092426550063</ele>
        <time>2026-05-03T07:30:33.867Z</time>
        <speed>15.05</speed>
      </trkpt>
      <trkpt lat="30.042495" lon="101.2496123">
        <ele>3236.324880679747</ele>
        <time>2026-05-03T07:30:37.871Z</time>
        <speed>15.6</speed>
      </trkpt>
      <trkpt lat="30.042545" lon="101.249923">
        <ele>3238.752252272957</ele>
        <time>2026-05-03T07:30:39.865Z</time>
        <speed>15.23</speed>
      </trkpt>
      <trkpt lat="30.0425548" lon="101.2505378">
        <ele>3243.1639595343922</ele>
        <time>2026-05-03T07:30:43.867Z</time>
        <speed>14.83</speed>
      </trkpt>
      <trkpt lat="30.0424552" lon="101.2510968">
        <ele>3247.127719753071</ele>
        <time>2026-05-03T07:30:47.859Z</time>
        <speed>12.12</speed>
      </trkpt>
      <trkpt lat="30.0424052" lon="101.2513311">
        <ele>3249.469640146719</ele>
        <time>2026-05-03T07:30:49.870Z</time>
        <speed>11.33</speed>
      </trkpt>
      <trkpt lat="30.042354" lon="101.2515706">
        <ele>3251.031401705748</ele>
        <time>2026-05-03T07:30:51.857Z</time>
        <speed>12.19</speed>
      </trkpt>
      <trkpt lat="30.042302" lon="101.2518239">
        <ele>3252.3142454306394</ele>
        <time>2026-05-03T07:30:53.857Z</time>
        <speed>12.93</speed>
      </trkpt>
      <trkpt lat="30.0422569" lon="101.2520925">
        <ele>3253.025791451938</ele>
        <time>2026-05-03T07:30:55.864Z</time>
        <speed>13.5</speed>
      </trkpt>
      <trkpt lat="30.0422469" lon="101.2528172">
        <ele>3254.9020547938226</ele>
        <time>2026-05-03T07:31:00.865Z</time>
        <speed>14.59</speed>
      </trkpt>
      <trkpt lat="30.0422446" lon="101.2534144">
        <ele>3257.83671565698</ele>
        <time>2026-05-03T07:31:04.864Z</time>
        <speed>13.53</speed>
      </trkpt>
      <trkpt lat="30.0421508" lon="101.2539654">
        <ele>3261.4723320487014</ele>
        <time>2026-05-03T07:31:08.865Z</time>
        <speed>13.35</speed>
      </trkpt>
      <trkpt lat="30.0420659" lon="101.2544554">
        <ele>3265.8217381993422</ele>
        <time>2026-05-03T07:31:12.865Z</time>
        <speed>10.6</speed>
      </trkpt>
      <trkpt lat="30.0418694" lon="101.2558291">
        <ele>3274.5409312191164</ele>
        <time>2026-05-03T07:31:24.864Z</time>
        <speed>12.84</speed>
      </trkpt>
      <trkpt lat="30.0419381" lon="101.2563642">
        <ele>3278.1826036079365</ele>
        <time>2026-05-03T07:31:28.864Z</time>
        <speed>13.18</speed>
      </trkpt>
      <trkpt lat="30.0419976" lon="101.2569096">
        <ele>3282.3604015805154</ele>
        <time>2026-05-03T07:31:32.865Z</time>
        <speed>13.27</speed>
      </trkpt>
      <trkpt lat="30.0419713" lon="101.2574807">
        <ele>3285.90229772563</ele>
        <time>2026-05-03T07:31:36.865Z</time>
        <speed>14.76</speed>
      </trkpt>
      <trkpt lat="30.0419539" lon="101.2581299">
        <ele>3289.0775345769252</ele>
        <time>2026-05-03T07:31:40.865Z</time>
        <speed>15.93</speed>
      </trkpt>
      <trkpt lat="30.0419627" lon="101.2587802">
        <ele>3292.1302079185357</ele>
        <time>2026-05-03T07:31:44.865Z</time>
        <speed>15.26</speed>
      </trkpt>
      <trkpt lat="30.0419872" lon="101.2593874">
        <ele>3293.9333463422176</ele>
        <time>2026-05-03T07:31:48.864Z</time>
        <speed>14.64</speed>
      </trkpt>
      <trkpt lat="30.0417253" lon="101.2615036">
        <ele>3308.5060223838245</ele>
        <time>2026-05-03T07:32:04.865Z</time>
        <speed>11.73</speed>
      </trkpt>
      <trkpt lat="30.0415887" lon="101.2619032">
        <ele>3312.188628086459</ele>
        <time>2026-05-03T07:32:08.865Z</time>
        <speed>9.92</speed>
      </trkpt>
      <trkpt lat="30.0414342" lon="101.2622614">
        <ele>3314.630882871946</ele>
        <time>2026-05-03T07:32:12.864Z</time>
        <speed>8.5</speed>
      </trkpt>
      <trkpt lat="30.0410253" lon="101.2622642">
        <ele>3317.3453170979824</ele>
        <time>2026-05-03T07:32:20.865Z</time>
        <speed>8.41</speed>
      </trkpt>
      <trkpt lat="30.0409914" lon="101.2618608">
        <ele>3318.271278820672</ele>
        <time>2026-05-03T07:32:24.864Z</time>
        <speed>11.27</speed>
      </trkpt>
      <trkpt lat="30.0411018" lon="101.260416">
        <ele>3323.1616936311657</ele>
        <time>2026-05-03T07:32:36.864Z</time>
        <speed>10.59</speed>
      </trkpt>
      <trkpt lat="30.0406403" lon="101.2597451">
        <ele>3327.6375009226495</ele>
        <time>2026-05-03T07:32:44.865Z</time>
        <speed>10.22</speed>
      </trkpt>
      <trkpt lat="30.04006" lon="101.2593208">
        <ele>3331.485607449525</ele>
        <time>2026-05-03T07:32:52.865Z</time>
        <speed>8.52</speed>
      </trkpt>
      <trkpt lat="30.0399004" lon="101.2593635">
        <ele>3331.546924894635</ele>
        <time>2026-05-03T07:32:54.865Z</time>
        <speed>8.63</speed>
      </trkpt>
      <trkpt lat="30.0397347" lon="101.2596684">
        <ele>3332.8573639125707</ele>
        <time>2026-05-03T07:32:58.864Z</time>
        <speed>9.3</speed>
      </trkpt>
      <trkpt lat="30.0402035" lon="101.2602215">
        <ele>3334.5146865257525</ele>
        <time>2026-05-03T07:33:06.864Z</time>
        <speed>11.17</speed>
      </trkpt>
      <trkpt lat="30.0405277" lon="101.2605343">
        <ele>3335.917564564438</ele>
        <time>2026-05-03T07:33:10.865Z</time>
        <speed>11.37</speed>
      </trkpt>
      <trkpt lat="30.0406284" lon="101.2610069">
        <ele>3336.4211369400023</ele>
        <time>2026-05-03T07:33:14.864Z</time>
        <speed>12.41</speed>
      </trkpt>
      <trkpt lat="30.0404632" lon="101.2620467">
        <ele>3339.1852970858163</ele>
        <time>2026-05-03T07:33:22.865Z</time>
        <speed>13.03</speed>
      </trkpt>
      <trkpt lat="30.0404648" lon="101.2625503">
        <ele>3341.1407697292475</ele>
        <time>2026-05-03T07:33:26.865Z</time>
        <speed>11.24</speed>
      </trkpt>
      <trkpt lat="30.0402174" lon="101.2633343">
        <ele>3346.1480991879653</ele>
        <time>2026-05-03T07:33:34.864Z</time>
        <speed>9.94</speed>
      </trkpt>
      <trkpt lat="30.0396807" lon="101.2640336">
        <ele>3350.8717249228757</ele>
        <time>2026-05-03T07:33:42.864Z</time>
        <speed>12.59</speed>
      </trkpt>
      <trkpt lat="30.03944" lon="101.2645189">
        <ele>3354.915577936936</ele>
        <time>2026-05-03T07:33:46.864Z</time>
        <speed>14.11</speed>
      </trkpt>
      <trkpt lat="30.0390152" lon="101.2653754">
        <ele>3362.69608793844</ele>
        <time>2026-05-03T07:33:54.864Z</time>
        <speed>11.48</speed>
      </trkpt>
      <trkpt lat="30.0384875" lon="101.2656211">
        <ele>3367.788717184091</ele>
        <time>2026-05-03T07:34:00.865Z</time>
        <speed>10.74</speed>
      </trkpt>
      <trkpt lat="30.0376888" lon="101.2657388">
        <ele>3372.8998436106413</ele>
        <time>2026-05-03T07:34:08.864Z</time>
        <speed>12.09</speed>
      </trkpt>
      <trkpt lat="30.0373175" lon="101.265928">
        <ele>3375.9555927475108</ele>
        <time>2026-05-03T07:34:12.864Z</time>
        <speed>9.75</speed>
      </trkpt>
      <trkpt lat="30.0370825" lon="101.2660809">
        <ele>3378.2007529958037</ele>
        <time>2026-05-03T07:34:16.864Z</time>
        <speed>4.58</speed>
      </trkpt>
      <trkpt lat="30.03704" lon="101.2665833">
        <ele>3380.0599704156075</ele>
        <time>2026-05-03T07:34:25.864Z</time>
        <speed>7.82</speed>
      </trkpt>
      <trkpt lat="30.037456" lon="101.2666908">
        <ele>3380.9518792051113</ele>
        <time>2026-05-03T07:34:30.864Z</time>
        <speed>11.44</speed>
      </trkpt>
      <trkpt lat="30.0377752" lon="101.2666377">
        <ele>3382.285035617192</ele>
        <time>2026-05-03T07:34:33.865Z</time>
        <speed>11.71</speed>
      </trkpt>
      <trkpt lat="30.0383056" lon="101.2667371">
        <ele>3383.8967229944824</ele>
        <time>2026-05-03T07:34:38.864Z</time>
        <speed>12.04</speed>
      </trkpt>
      <trkpt lat="30.0385362" lon="101.2669605">
        <ele>3384.764735226324</ele>
        <time>2026-05-03T07:34:41.865Z</time>
        <speed>12.0</speed>
      </trkpt>
      <trkpt lat="30.0386127" lon="101.2675136">
        <ele>3386.6221462089943</ele>
        <time>2026-05-03T07:34:46.865Z</time>
        <speed>10.8</speed>
      </trkpt>
      <trkpt lat="30.0386261" lon="101.2683974">
        <ele>3391.5326155546836</ele>
        <time>2026-05-03T07:34:54.864Z</time>
        <speed>10.67</speed>
      </trkpt>
      <trkpt lat="30.038895" lon="101.2696111">
        <ele>3400.6132572918737</ele>
        <time>2026-05-03T07:35:06.865Z</time>
        <speed>8.72</speed>
      </trkpt>
      <trkpt lat="30.039012" lon="101.270085">
        <ele>3403.8089931928776</ele>
        <time>2026-05-03T07:35:11.865Z</time>
        <speed>9.43</speed>
      </trkpt>
      <trkpt lat="30.0392353" lon="101.2708529">
        <ele>3409.6184259148476</ele>
        <time>2026-05-03T07:35:19.865Z</time>
        <speed>10.85</speed>
      </trkpt>
      <trkpt lat="30.0397801" lon="101.2719181">
        <ele>3418.6834606566063</ele>
        <time>2026-05-03T07:35:31.865Z</time>
        <speed>11.08</speed>
      </trkpt>
      <trkpt lat="30.0400964" lon="101.272235">
        <ele>3421.6274192383685</ele>
        <time>2026-05-03T07:35:35.865Z</time>
        <speed>12.11</speed>
      </trkpt>
      <trkpt lat="30.040479" lon="101.2725132">
        <ele>3423.708777135316</ele>
        <time>2026-05-03T07:35:39.864Z</time>
        <speed>13.03</speed>
      </trkpt>
      <trkpt lat="30.0408801" lon="101.2727966">
        <ele>3425.272146112307</ele>
        <time>2026-05-03T07:35:43.864Z</time>
        <speed>12.29</speed>
      </trkpt>
      <trkpt lat="30.0416284" lon="101.2733164">
        <ele>3430.9584687681745</ele>
        <time>2026-05-03T07:35:51.864Z</time>
        <speed>11.63</speed>
      </trkpt>
      <trkpt lat="30.0419968" lon="101.2735523">
        <ele>3433.6559438532386</ele>
        <time>2026-05-03T07:35:55.864Z</time>
        <speed>11.92</speed>
      </trkpt>
      <trkpt lat="30.0423683" lon="101.2738032">
        <ele>3437.417059294219</ele>
        <time>2026-05-03T07:35:59.864Z</time>
        <speed>12.13</speed>
      </trkpt>
      <trkpt lat="30.0427062" lon="101.2740773">
        <ele>3441.1998109604933</ele>
        <time>2026-05-03T07:36:03.864Z</time>
        <speed>10.89</speed>
      </trkpt>
      <trkpt lat="30.0429517" lon="101.2744181">
        <ele>3444.364310697577</ele>
        <time>2026-05-03T07:36:07.864Z</time>
        <speed>10.51</speed>
      </trkpt>
      <trkpt lat="30.0435494" lon="101.2758553">
        <ele>3455.7352225505306</ele>
        <time>2026-05-03T07:36:21.864Z</time>
        <speed>11.2</speed>
      </trkpt>
      <trkpt lat="30.0437139" lon="101.2762441">
        <ele>3458.5999556657353</ele>
        <time>2026-05-03T07:36:25.865Z</time>
        <speed>10.14</speed>
      </trkpt>
      <trkpt lat="30.0439592" lon="101.2764899">
        <ele>3461.4493542582495</ele>
        <time>2026-05-03T07:36:29.865Z</time>
        <speed>7.79</speed>
      </trkpt>
      <trkpt lat="30.0443397" lon="101.2760726">
        <ele>3463.496133075026</ele>
        <time>2026-05-03T07:36:37.864Z</time>
        <speed>10.89</speed>
      </trkpt>
      <trkpt lat="30.043939" lon="101.2743574">
        <ele>3462.3205274209145</ele>
        <time>2026-05-03T07:36:49.865Z</time>
        <speed>12.53</speed>
      </trkpt>
      <trkpt lat="30.0438079" lon="101.2739529">
        <ele>3461.0893049147735</ele>
        <time>2026-05-03T07:36:53.865Z</time>
        <speed>9.89</speed>
      </trkpt>
      <trkpt lat="30.043587" lon="101.2736232">
        <ele>3461.009045641075</ele>
        <time>2026-05-03T07:36:57.865Z</time>
        <speed>10.93</speed>
      </trkpt>
      <trkpt lat="30.0432304" lon="101.273464">
        <ele>3462.087054099523</ele>
        <time>2026-05-03T07:37:01.865Z</time>
        <speed>11.19</speed>
      </trkpt>
      <trkpt lat="30.0428503" lon="101.273545">
        <ele>3464.2851495575155</ele>
        <time>2026-05-03T07:37:05.865Z</time>
        <speed>10.56</speed>
      </trkpt>
      <trkpt lat="30.0425714" lon="101.2738309">
        <ele>3465.5321534959407</ele>
        <time>2026-05-03T07:37:09.865Z</time>
        <speed>11.15</speed>
      </trkpt>
      <trkpt lat="30.042595" lon="101.2747763">
        <ele>3467.6383276565994</ele>
        <time>2026-05-03T07:37:17.865Z</time>
        <speed>13.06</speed>
      </trkpt>
      <trkpt lat="30.042711" lon="101.2750149">
        <ele>3467.863789108074</ele>
        <time>2026-05-03T07:37:19.865Z</time>
        <speed>13.65</speed>
      </trkpt>
      <trkpt lat="30.0430116" lon="101.2756098">
        <ele>3468.7993180042345</ele>
        <time>2026-05-03T07:37:24.865Z</time>
        <speed>12.2</speed>
      </trkpt>
      <trkpt lat="30.0432302" lon="101.2760524">
        <ele>3471.9729280153642</ele>
        <time>2026-05-03T07:37:28.865Z</time>
        <speed>11.42</speed>
      </trkpt>
      <trkpt lat="30.0434395" lon="101.2764502">
        <ele>3474.850551192276</ele>
        <time>2026-05-03T07:37:32.864Z</time>
        <speed>10.96</speed>
      </trkpt>
      <trkpt lat="30.0436302" lon="101.2768515">
        <ele>3478.3660520301505</ele>
        <time>2026-05-03T07:37:36.865Z</time>
        <speed>10.84</speed>
      </trkpt>
      <trkpt lat="30.0438356" lon="101.2772442">
        <ele>3483.113890639299</ele>
        <time>2026-05-03T07:37:40.865Z</time>
        <speed>10.42</speed>
      </trkpt>
      <trkpt lat="30.0440739" lon="101.2776086">
        <ele>3484.8049510047454</ele>
        <time>2026-05-03T07:37:44.865Z</time>
        <speed>11.31</speed>
      </trkpt>
      <trkpt lat="30.044342" lon="101.2778874">
        <ele>3487.800638544848</ele>
        <time>2026-05-03T07:37:48.865Z</time>
        <speed>8.46</speed>
      </trkpt>
      <trkpt lat="30.044614" lon="101.2781208">
        <ele>3491.017712638714</ele>
        <time>2026-05-03T07:37:52.865Z</time>
        <speed>10.79</speed>
      </trkpt>
      <trkpt lat="30.0449376" lon="101.2784275">
        <ele>3493.860012202602</ele>
        <time>2026-05-03T07:37:56.865Z</time>
        <speed>11.87</speed>
      </trkpt>
      <trkpt lat="30.0452973" lon="101.2787365">
        <ele>3496.0638577326263</ele>
        <time>2026-05-03T07:38:00.865Z</time>
        <speed>12.07</speed>
      </trkpt>
      <trkpt lat="30.0456409" lon="101.2790455">
        <ele>3497.2403387446016</ele>
        <time>2026-05-03T07:38:04.865Z</time>
        <speed>12.07</speed>
      </trkpt>
      <trkpt lat="30.0459767" lon="101.2793553">
        <ele>3498.726642438705</ele>
        <time>2026-05-03T07:38:08.865Z</time>
        <speed>11.31</speed>
      </trkpt>
      <trkpt lat="30.0462886" lon="101.279636">
        <ele>3500.7951431813676</ele>
        <time>2026-05-03T07:38:12.865Z</time>
        <speed>10.09</speed>
      </trkpt>
      <trkpt lat="30.0465167" lon="101.2798764">
        <ele>3503.6107226460717</ele>
        <time>2026-05-03T07:38:16.865Z</time>
        <speed>7.09</speed>
      </trkpt>
      <trkpt lat="30.0466343" lon="101.2800546">
        <ele>3506.323697429044</ele>
        <time>2026-05-03T07:38:20.865Z</time>
        <speed>3.66</speed>
      </trkpt>
      <trkpt lat="30.046738" lon="101.2802755">
        <ele>3508.300191008233</ele>
        <time>2026-05-03T07:38:24.865Z</time>
        <speed>7.87</speed>
      </trkpt>
      <trkpt lat="30.0467982" lon="101.2804321">
        <ele>3509.093821126246</ele>
        <time>2026-05-03T07:38:26.864Z</time>
        <speed>8.87</speed>
      </trkpt>
      <trkpt lat="30.0469202" lon="101.280767">
        <ele>3511.2704875858985</ele>
        <time>2026-05-03T07:38:30.864Z</time>
        <speed>8.53</speed>
      </trkpt>
      <trkpt lat="30.0470626" lon="101.2810425">
        <ele>3513.6531726835237</ele>
        <time>2026-05-03T07:38:34.865Z</time>
        <speed>7.3</speed>
      </trkpt>
      <trkpt lat="30.0475627" lon="101.2806888">
        <ele>3517.1228077403043</ele>
        <time>2026-05-03T07:38:46.864Z</time>
        <speed>8.28</speed>
      </trkpt>
      <trkpt lat="30.0473845" lon="101.279984">
        <ele>3519.662968169925</ele>
        <time>2026-05-03T07:38:54.864Z</time>
        <speed>9.34</speed>
      </trkpt>
      <trkpt lat="30.0471876" lon="101.2793117">
        <ele>3521.3651556922955</ele>
        <time>2026-05-03T07:39:02.864Z</time>
        <speed>8.42</speed>
      </trkpt>
      <trkpt lat="30.0469807" lon="101.2790448">
        <ele>3522.732866013256</ele>
        <time>2026-05-03T07:39:06.864Z</time>
        <speed>9.14</speed>
      </trkpt>
      <trkpt lat="30.0466713" lon="101.2789348">
        <ele>3524.8178025714624</ele>
        <time>2026-05-03T07:39:10.865Z</time>
        <speed>8.96</speed>
      </trkpt>
      <trkpt lat="30.0463476" lon="101.2790644">
        <ele>3525.90205521756</ele>
        <time>2026-05-03T07:39:14.865Z</time>
        <speed>10.48</speed>
      </trkpt>
      <trkpt lat="30.0461806" lon="101.2799065">
        <ele>3529.1317689562443</ele>
        <time>2026-05-03T07:39:22.864Z</time>
        <speed>12.47</speed>
      </trkpt>
      <trkpt lat="30.0464101" lon="101.2802907">
        <ele>3531.0871192155205</ele>
        <time>2026-05-03T07:39:26.865Z</time>
        <speed>12.33</speed>
      </trkpt>
      <trkpt lat="30.046713" lon="101.2807142">
        <ele>3532.426078781744</ele>
        <time>2026-05-03T07:39:30.864Z</time>
        <speed>13.85</speed>
      </trkpt>
      <trkpt lat="30.0468469" lon="101.2809587">
        <ele>3533.9679221897723</ele>
        <time>2026-05-03T07:39:32.865Z</time>
        <speed>14.22</speed>
      </trkpt>
      <trkpt lat="30.0470876" lon="101.2816867">
        <ele>3536.3011402577213</ele>
        <time>2026-05-03T07:39:37.864Z</time>
        <speed>16.36</speed>
      </trkpt>
      <trkpt lat="30.0472482" lon="101.2823446">
        <ele>3538.4742269441545</ele>
        <time>2026-05-03T07:39:41.865Z</time>
        <speed>16.68</speed>
      </trkpt>
      <trkpt lat="30.0473975" lon="101.282995">
        <ele>3540.867372829874</ele>
        <time>2026-05-03T07:39:45.864Z</time>
        <speed>16.1</speed>
      </trkpt>
      <trkpt lat="30.0478187" lon="101.2840483">
        <ele>3548.5297151169916</ele>
        <time>2026-05-03T07:39:53.864Z</time>
        <speed>13.61</speed>
      </trkpt>
      <trkpt lat="30.0481701" lon="101.2845182">
        <ele>3553.7502216736916</ele>
        <time>2026-05-03T07:39:57.865Z</time>
        <speed>14.8</speed>
      </trkpt>
      <trkpt lat="30.0484098" lon="101.2850524">
        <ele>3558.096716419341</ele>
        <time>2026-05-03T07:40:01.865Z</time>
        <speed>14.06</speed>
      </trkpt>
      <trkpt lat="30.0485861" lon="101.2855229">
        <ele>3561.7157739394866</ele>
        <time>2026-05-03T07:40:05.864Z</time>
        <speed>11.49</speed>
      </trkpt>
      <trkpt lat="30.0488619" lon="101.2857419">
        <ele>3562.8894004978783</ele>
        <time>2026-05-03T07:40:09.865Z</time>
        <speed>8.57</speed>
      </trkpt>
      <trkpt lat="30.0491388" lon="101.2856249">
        <ele>3563.7238135885073</ele>
        <time>2026-05-03T07:40:13.864Z</time>
        <speed>8.87</speed>
      </trkpt>
      <trkpt lat="30.049209" lon="101.2852545">
        <ele>3564.50691091595</ele>
        <time>2026-05-03T07:40:17.864Z</time>
        <speed>10.82</speed>
      </trkpt>
      <trkpt lat="30.0490459" lon="101.2847282">
        <ele>3565.4648239766207</ele>
        <time>2026-05-03T07:40:21.865Z</time>
        <speed>15.88</speed>
      </trkpt>
      <trkpt lat="30.0485541" lon="101.2833998">
        <ele>3565.0495490524713</ele>
        <time>2026-05-03T07:40:29.865Z</time>
        <speed>16.37</speed>
      </trkpt>
      <trkpt lat="30.0489174" lon="101.2829549">
        <ele>3566.709629754449</ele>
        <time>2026-05-03T07:40:41.864Z</time>
        <speed>11.71</speed>
      </trkpt>
      <trkpt lat="30.0489874" lon="101.2835025">
        <ele>3568.7402158027317</ele>
        <time>2026-05-03T07:40:45.865Z</time>
        <speed>14.83</speed>
      </trkpt>
      <trkpt lat="30.0490245" lon="101.2838126">
        <ele>3569.6321792660265</ele>
        <time>2026-05-03T07:40:47.864Z</time>
        <speed>15.52</speed>
      </trkpt>
      <trkpt lat="30.0491596" lon="101.2846208">
        <ele>3573.517359710905</ele>
        <time>2026-05-03T07:40:52.865Z</time>
        <speed>16.15</speed>
      </trkpt>
      <trkpt lat="30.0493771" lon="101.2852478">
        <ele>3575.3206523787494</ele>
        <time>2026-05-03T07:40:56.864Z</time>
        <speed>16.53</speed>
      </trkpt>
      <trkpt lat="30.0495286" lon="101.2857206">
        <ele>3577.9830997899785</ele>
        <time>2026-05-03T07:40:59.864Z</time>
        <speed>16.14</speed>
      </trkpt>
      <trkpt lat="30.0495929" lon="101.2860533">
        <ele>3580.2690705090768</ele>
        <time>2026-05-03T07:41:01.864Z</time>
        <speed>16.12</speed>
      </trkpt>
      <trkpt lat="30.0496357" lon="101.2863895">
        <ele>3582.9001844919776</ele>
        <time>2026-05-03T07:41:03.865Z</time>
        <speed>16.09</speed>
      </trkpt>
      <trkpt lat="30.0496613" lon="101.286718">
        <ele>3584.7326481522928</ele>
        <time>2026-05-03T07:41:05.865Z</time>
        <speed>16.14</speed>
      </trkpt>
      <trkpt lat="30.0496842" lon="101.287036">
        <ele>3587.2173511878586</ele>
        <time>2026-05-03T07:41:07.865Z</time>
        <speed>15.7</speed>
      </trkpt>
      <trkpt lat="30.0497297" lon="101.287359">
        <ele>3589.861078337513</ele>
        <time>2026-05-03T07:41:09.865Z</time>
        <speed>15.65</speed>
      </trkpt>
      <trkpt lat="30.0497967" lon="101.2876757">
        <ele>3592.193023739188</ele>
        <time>2026-05-03T07:41:11.864Z</time>
        <speed>15.78</speed>
      </trkpt>
      <trkpt lat="30.0499031" lon="101.2879921">
        <ele>3594.757028545928</ele>
        <time>2026-05-03T07:41:13.864Z</time>
        <speed>16.12</speed>
      </trkpt>
      <trkpt lat="30.0500151" lon="101.2882995">
        <ele>3596.4010937488547</ele>
        <time>2026-05-03T07:41:15.864Z</time>
        <speed>15.97</speed>
      </trkpt>
      <trkpt lat="30.0501467" lon="101.2885881">
        <ele>3598.948047433105</ele>
        <time>2026-05-03T07:41:17.865Z</time>
        <speed>15.76</speed>
      </trkpt>
      <trkpt lat="30.0503116" lon="101.2888459">
        <ele>3601.9108478884355</ele>
        <time>2026-05-03T07:41:19.864Z</time>
        <speed>15.69</speed>
      </trkpt>
      <trkpt lat="30.0504812" lon="101.2890932">
        <ele>3604.2805560883376</ele>
        <time>2026-05-03T07:41:21.865Z</time>
        <speed>15.5</speed>
      </trkpt>
      <trkpt lat="30.050654" lon="101.2893575">
        <ele>3605.9192010791025</ele>
        <time>2026-05-03T07:41:23.864Z</time>
        <speed>15.36</speed>
      </trkpt>
      <trkpt lat="30.0509311" lon="101.289918">
        <ele>3612.1356884976567</ele>
        <time>2026-05-03T07:41:27.864Z</time>
        <speed>14.77</speed>
      </trkpt>
      <trkpt lat="30.051095" lon="101.290417">
        <ele>3613.6012979719976</ele>
        <time>2026-05-03T07:41:31.864Z</time>
        <speed>11.03</speed>
      </trkpt>
      <trkpt lat="30.0502793" lon="101.2903178">
        <ele>3617.0066128432786</ele>
        <time>2026-05-03T07:41:43.864Z</time>
        <speed>14.49</speed>
      </trkpt>
      <trkpt lat="30.0501623" lon="101.2886783">
        <ele>3623.8361795412843</ele>
        <time>2026-05-03T07:41:59.865Z</time>
        <speed>11.42</speed>
      </trkpt>
      <trkpt lat="30.0505426" lon="101.2887452">
        <ele>3625.6397383722915</ele>
        <time>2026-05-03T07:42:03.864Z</time>
        <speed>11.35</speed>
      </trkpt>
      <trkpt lat="30.0508254" lon="101.289091">
        <ele>3626.505500481195</ele>
        <time>2026-05-03T07:42:07.865Z</time>
        <speed>12.29</speed>
      </trkpt>
      <trkpt lat="30.0510238" lon="101.2896439">
        <ele>3628.570493468571</ele>
        <time>2026-05-03T07:42:11.864Z</time>
        <speed>15.21</speed>
      </trkpt>
      <trkpt lat="30.0512331" lon="101.2902657">
        <ele>3631.8302957069823</ele>
        <time>2026-05-03T07:42:15.865Z</time>
        <speed>16.33</speed>
      </trkpt>
      <trkpt lat="30.0514522" lon="101.2908809">
        <ele>3635.253281843786</ele>
        <time>2026-05-03T07:42:19.864Z</time>
        <speed>15.61</speed>
      </trkpt>
      <trkpt lat="30.0517599" lon="101.29141">
        <ele>3638.557793070662</ele>
        <time>2026-05-03T07:42:23.865Z</time>
        <speed>15.39</speed>
      </trkpt>
      <trkpt lat="30.0521001" lon="101.2919428">
        <ele>3643.5734425535134</ele>
        <time>2026-05-03T07:42:27.865Z</time>
        <speed>15.6</speed>
      </trkpt>
      <trkpt lat="30.0523952" lon="101.2925032">
        <ele>3647.047421090658</ele>
        <time>2026-05-03T07:42:31.865Z</time>
        <speed>15.85</speed>
      </trkpt>
      <trkpt lat="30.0526016" lon="101.2930952">
        <ele>3651.129670635022</ele>
        <time>2026-05-03T07:42:35.865Z</time>
        <speed>15.5</speed>
      </trkpt>
      <trkpt lat="30.0527225" lon="101.2937383">
        <ele>3655.631125060853</ele>
        <time>2026-05-03T07:42:39.865Z</time>
        <speed>16.35</speed>
      </trkpt>
      <trkpt lat="30.0527717" lon="101.2940676">
        <ele>3658.0048652037053</ele>
        <time>2026-05-03T07:42:41.865Z</time>
        <speed>16.17</speed>
      </trkpt>
      <trkpt lat="30.0527452" lon="101.2948275">
        <ele>3663.4840610626934</ele>
        <time>2026-05-03T07:42:46.865Z</time>
        <speed>13.87</speed>
      </trkpt>
      <trkpt lat="30.0526722" lon="101.2953606">
        <ele>3665.1117272711326</ele>
        <time>2026-05-03T07:42:50.864Z</time>
        <speed>13.04</speed>
      </trkpt>
      <trkpt lat="30.0526809" lon="101.2959475">
        <ele>3666.7297593039702</ele>
        <time>2026-05-03T07:42:54.864Z</time>
        <speed>14.72</speed>
      </trkpt>
      <trkpt lat="30.0527294" lon="101.2965717">
        <ele>3669.8851417013775</ele>
        <time>2026-05-03T07:42:58.864Z</time>
        <speed>15.33</speed>
      </trkpt>
      <trkpt lat="30.0527208" lon="101.2972208">
        <ele>3672.793454231651</ele>
        <time>2026-05-03T07:43:02.864Z</time>
        <speed>15.69</speed>
      </trkpt>
      <trkpt lat="30.052668" lon="101.2978215">
        <ele>3678.6979066901504</ele>
        <time>2026-05-03T07:43:06.865Z</time>
        <speed>14.13</speed>
      </trkpt>
      <trkpt lat="30.0525128" lon="101.2983485">
        <ele>3680.355491055006</ele>
        <time>2026-05-03T07:43:10.864Z</time>
        <speed>13.62</speed>
      </trkpt>
      <trkpt lat="30.0522626" lon="101.2988291">
        <ele>3683.2526363878037</ele>
        <time>2026-05-03T07:43:14.865Z</time>
        <speed>13.14</speed>
      </trkpt>
      <trkpt lat="30.0521522" lon="101.2992483">
        <ele>3683.6723520157907</ele>
        <time>2026-05-03T07:43:18.865Z</time>
        <speed>9.23</speed>
      </trkpt>
      <trkpt lat="30.0523299" lon="101.2995245">
        <ele>3684.1489862628614</ele>
        <time>2026-05-03T07:43:22.865Z</time>
        <speed>8.06</speed>
      </trkpt>
      <trkpt lat="30.0527487" lon="101.2990349">
        <ele>3688.618006518048</ele>
        <time>2026-05-03T07:43:30.865Z</time>
        <speed>12.13</speed>
      </trkpt>
      <trkpt lat="30.0529021" lon="101.2978948">
        <ele>3688.6978431109515</ele>
        <time>2026-05-03T07:43:38.865Z</time>
        <speed>15.06</speed>
      </trkpt>
      <trkpt lat="30.0529839" lon="101.2972473">
        <ele>3692.885083223883</ele>
        <time>2026-05-03T07:43:42.865Z</time>
        <speed>16.13</speed>
      </trkpt>
      <trkpt lat="30.0531022" lon="101.2965948">
        <ele>3696.5459692605014</ele>
        <time>2026-05-03T07:43:46.865Z</time>
        <speed>15.58</speed>
      </trkpt>
      <trkpt lat="30.0531843" lon="101.2963256">
        <ele>3697.3618304165343</ele>
        <time>2026-05-03T07:43:48.865Z</time>
        <speed>13.0</speed>
      </trkpt>
      <trkpt lat="30.0534714" lon="101.2960823">
        <ele>3700.9594540579715</ele>
        <time>2026-05-03T07:43:52.865Z</time>
        <speed>10.64</speed>
      </trkpt>
      <trkpt lat="30.0539358" lon="101.2961072">
        <ele>3699.9761065295875</ele>
        <time>2026-05-03T07:43:56.864Z</time>
        <speed>14.4</speed>
      </trkpt>
      <trkpt lat="30.0544656" lon="101.2962074">
        <ele>3703.278130155229</ele>
        <time>2026-05-03T07:44:00.865Z</time>
        <speed>14.89</speed>
      </trkpt>
      <trkpt lat="30.055022" lon="101.2963139">
        <ele>3705.8832175769426</ele>
        <time>2026-05-03T07:44:04.865Z</time>
        <speed>15.7</speed>
      </trkpt>
      <trkpt lat="30.0561321" lon="101.2963567">
        <ele>3713.311717517188</ele>
        <time>2026-05-03T07:44:12.864Z</time>
        <speed>15.54</speed>
      </trkpt>
      <trkpt lat="30.0566555" lon="101.2962834">
        <ele>3716.5794801008215</ele>
        <time>2026-05-03T07:44:16.865Z</time>
        <speed>14.52</speed>
      </trkpt>
      <trkpt lat="30.0571105" lon="101.2959883">
        <ele>3721.223294870362</ele>
        <time>2026-05-03T07:44:20.864Z</time>
        <speed>14.46</speed>
      </trkpt>
      <trkpt lat="30.0574581" lon="101.295493">
        <ele>3724.684868276777</ele>
        <time>2026-05-03T07:44:24.864Z</time>
        <speed>15.44</speed>
      </trkpt>
      <trkpt lat="30.0577845" lon="101.2950702">
        <ele>3728.8979985738947</ele>
        <time>2026-05-03T07:44:28.864Z</time>
        <speed>11.41</speed>
      </trkpt>
      <trkpt lat="30.0581652" lon="101.2953984">
        <ele>3731.021430456298</ele>
        <time>2026-05-03T07:44:36.865Z</time>
        <speed>9.89</speed>
      </trkpt>
      <trkpt lat="30.0578943" lon="101.2957191">
        <ele>3733.1166344810836</ele>
        <time>2026-05-03T07:44:40.865Z</time>
        <speed>12.26</speed>
      </trkpt>
      <trkpt lat="30.0575198" lon="101.2960096">
        <ele>3734.093524800692</ele>
        <time>2026-05-03T07:44:44.864Z</time>
        <speed>11.84</speed>
      </trkpt>
      <trkpt lat="30.0571627" lon="101.2962464">
        <ele>3735.6264474929058</ele>
        <time>2026-05-03T07:44:48.865Z</time>
        <speed>11.23</speed>
      </trkpt>
      <trkpt lat="30.0567596" lon="101.2964403">
        <ele>3738.115759458625</ele>
        <time>2026-05-03T07:44:52.864Z</time>
        <speed>12.74</speed>
      </trkpt>
      <trkpt lat="30.0565276" lon="101.2965426">
        <ele>3739.667657328932</ele>
        <time>2026-05-03T07:44:54.864Z</time>
        <speed>13.56</speed>
      </trkpt>
      <trkpt lat="30.0559099" lon="101.2967291">
        <ele>3745.102949063112</ele>
        <time>2026-05-03T07:44:59.864Z</time>
        <speed>14.45</speed>
      </trkpt>
      <trkpt lat="30.0548316" lon="101.2967372">
        <ele>3753.5224281495402</ele>
        <time>2026-05-03T07:45:07.864Z</time>
        <speed>15.42</speed>
      </trkpt>
      <trkpt lat="30.0542929" lon="101.2967175">
        <ele>3757.7422561486615</ele>
        <time>2026-05-03T07:45:11.865Z</time>
        <speed>14.12</speed>
      </trkpt>
      <trkpt lat="30.0538741" lon="101.296819">
        <ele>3761.532120350935</ele>
        <time>2026-05-03T07:45:15.865Z</time>
        <speed>10.66</speed>
      </trkpt>
      <trkpt lat="30.0536589" lon="101.2971581">
        <ele>3763.287449734733</ele>
        <time>2026-05-03T07:45:19.865Z</time>
        <speed>11.23</speed>
      </trkpt>
      <trkpt lat="30.053614" lon="101.2977012">
        <ele>3764.397640426941</ele>
        <time>2026-05-03T07:45:23.864Z</time>
        <speed>14.45</speed>
      </trkpt>
      <trkpt lat="30.0536062" lon="101.2982976">
        <ele>3764.6028708517842</ele>
        <time>2026-05-03T07:45:27.865Z</time>
        <speed>14.44</speed>
      </trkpt>
      <trkpt lat="30.0536349" lon="101.2988621">
        <ele>3768.90058450179</ele>
        <time>2026-05-03T07:45:31.865Z</time>
        <speed>13.73</speed>
      </trkpt>
      <trkpt lat="30.0536378" lon="101.2994412">
        <ele>3772.8672266803123</ele>
        <time>2026-05-03T07:45:35.865Z</time>
        <speed>14.4</speed>
      </trkpt>
      <trkpt lat="30.0535601" lon="101.3000215">
        <ele>3776.64880672017</ele>
        <time>2026-05-03T07:45:39.864Z</time>
        <speed>14.51</speed>
      </trkpt>
      <trkpt lat="30.053541" lon="101.3006465">
        <ele>3777.7865780017733</ele>
        <time>2026-05-03T07:45:43.865Z</time>
        <speed>15.82</speed>
      </trkpt>
      <trkpt lat="30.0535853" lon="101.3013148">
        <ele>3781.687345994215</ele>
        <time>2026-05-03T07:45:47.865Z</time>
        <speed>16.17</speed>
      </trkpt>
      <trkpt lat="30.0535951" lon="101.3019754">
        <ele>3782.248503068826</ele>
        <time>2026-05-03T07:45:51.865Z</time>
        <speed>15.34</speed>
      </trkpt>
      <trkpt lat="30.0535483" lon="101.3025768">
        <ele>3785.4839321034333</ele>
        <time>2026-05-03T07:45:55.864Z</time>
        <speed>14.01</speed>
      </trkpt>
      <trkpt lat="30.0535265" lon="101.3031501">
        <ele>3789.1369880596153</ele>
        <time>2026-05-03T07:45:59.864Z</time>
        <speed>13.85</speed>
      </trkpt>
      <trkpt lat="30.0535591" lon="101.3034291">
        <ele>3789.4635733415944</ele>
        <time>2026-05-03T07:46:01.864Z</time>
        <speed>13.62</speed>
      </trkpt>
      <trkpt lat="30.0537697" lon="101.3039229">
        <ele>3793.0663929697207</ele>
        <time>2026-05-03T07:46:05.864Z</time>
        <speed>13.48</speed>
      </trkpt>
      <trkpt lat="30.0540517" lon="101.3044083">
        <ele>3796.5131432726434</ele>
        <time>2026-05-03T07:46:09.864Z</time>
        <speed>14.49</speed>
      </trkpt>
      <trkpt lat="30.0545806" lon="101.3061498">
        <ele>3805.3928019767272</ele>
        <time>2026-05-03T07:46:21.865Z</time>
        <speed>14.41</speed>
      </trkpt>
      <trkpt lat="30.0548244" lon="101.3066985">
        <ele>3810.0317856248766</ele>
        <time>2026-05-03T07:46:25.864Z</time>
        <speed>15.8</speed>
      </trkpt>
      <trkpt lat="30.0553541" lon="101.3077954">
        <ele>3817.5668856613906</ele>
        <time>2026-05-03T07:46:33.865Z</time>
        <speed>14.45</speed>
      </trkpt>
      <trkpt lat="30.0560291" lon="101.3087418">
        <ele>3827.061946394317</ele>
        <time>2026-05-03T07:46:41.865Z</time>
        <speed>15.27</speed>
      </trkpt>
      <trkpt lat="30.056384" lon="101.3092496">
        <ele>3828.118279859184</ele>
        <time>2026-05-03T07:46:45.864Z</time>
        <speed>15.69</speed>
      </trkpt>
      <trkpt lat="30.0567207" lon="101.3098249">
        <ele>3832.164071516603</ele>
        <time>2026-05-03T07:46:49.864Z</time>
        <speed>16.81</speed>
      </trkpt>
    </trkseg>
  </trk>
</gpx>
