<?xml version="1.0" encoding="UTF-8"?>
<gpx version="1.1" creator="Kairos" xmlns="http://www.topografix.com/GPX/1/1">
  <trk>
    <name>sidecar-srt-41ff9bcbb7bd75ef</name>
    <trkseg>
      <trkpt lat="24.706259" lon="115.356876"><time>2026-08-19T22:31:12.000Z</time></trkpt>
      <trkpt lat="24.706259" lon="115.356876"><time>2026-08-19T22:31:12.016Z</time></trkpt>
      <trkpt lat="24.706259" lon="115.356876"><time>2026-08-19T22:31:12.032Z</time></trkpt>
      <trkpt lat="24.706259" lon="115.356876"><time>2026-08-19T22:31:12.049Z</time></trkpt>
      <trkpt lat="24.706259" lon="115.356876"><time>2026-08-19T22:31:12.066Z</time></trkpt>
      <trkpt lat="24.706259" lon="115.356876"><time>2026-08-19T22:31:12.082Z</time></trkpt>
      <trkpt lat="24.70626" lon="115.356881"><time>2026-08-19T22:31:12.099Z</time></trkpt>
      <trkpt lat="24.70626" lon="115.356881"><time>2026-08-19T22:31:12.116Z</time></trkpt>
      <trkpt lat="24.70626" lon="115.356881"><time>2026-08-19T22:31:12.132Z</time></trkpt>
      <trkpt lat="24.70626" lon="115.356881"><time>2026-08-19T22:31:12.149Z</time></trkpt>
      <trkpt lat="24.70626" lon="115.356881"><time>2026-08-19T22:31:12.166Z</time></trkpt>
      <trkpt lat="24.70626" lon="115.356881"><time>2026-08-19T22:31:12.182Z</time></trkpt>
      <trkpt lat="24.706261" lon="115.356887"><time>2026-08-19T22:31:12.199Z</time></trkpt>
      <trkpt lat="24.706261" lon="115.356887"><time>2026-08-19T22:31:12.216Z</time></trkpt>
      <trkpt lat="24.706261" lon="115.356887"><time>2026-08-19T22:31:12.232Z</time></trkpt>
      <trkpt lat="24.706261" lon="115.356887"><time>2026-08-19T22:31:12.249Z</time></trkpt>
      <trkpt lat="24.706261" lon="115.356887"><time>2026-08-19T22:31:12.266Z</time></trkpt>
      <trkpt lat="24.706261" lon="115.356887"><time>2026-08-19T22:31:12.282Z</time></trkpt>
      <trkpt lat="24.706261" lon="115.356893"><time>2026-08-19T22:31:12.299Z</time></trkpt>
      <trkpt lat="24.706261" lon="115.356893"><time>2026-08-19T22:31:12.316Z</time></trkpt>
      <trkpt lat="24.706261" lon="115.356893"><time>2026-08-19T22:31:12.332Z</time></trkpt>
      <trkpt lat="24.706261" lon="115.356893"><time>2026-08-19T22:31:12.349Z</time></trkpt>
      <trkpt lat="24.706261" lon="115.356893"><time>2026-08-19T22:31:12.366Z</time></trkpt>
      <trkpt lat="24.706261" lon="115.356893"><time>2026-08-19T22:31:12.383Z</time></trkpt>
      <trkpt lat="24.706262" lon="115.356899"><time>2026-08-19T22:31:12.399Z</time></trkpt>
      <trkpt lat="24.706262" lon="115.356899"><time>2026-08-19T22:31:12.416Z</time></trkpt>
      <trkpt lat="24.706262" lon="115.356899"><time>2026-08-19T22:31:12.433Z</time></trkpt>
      <trkpt lat="24.706262" lon="115.356899"><time>2026-08-19T22:31:12.449Z</time></trkpt>
      <trkpt lat="24.706262" lon="115.356899"><time>2026-08-19T22:31:12.466Z</time></trkpt>
      <trkpt lat="24.706262" lon="115.356899"><time>2026-08-19T22:31:12.483Z</time></trkpt>
      <trkpt lat="24.706262" lon="115.356905"><time>2026-08-19T22:31:12.499Z</time></trkpt>
      <trkpt lat="24.706262" lon="115.356905"><time>2026-08-19T22:31:12.516Z</time></trkpt>
      <trkpt lat="24.706262" lon="115.356905"><time>2026-08-19T22:31:12.533Z</time></trkpt>
      <trkpt lat="24.706262" lon="115.356905"><time>2026-08-19T22:31:12.549Z</time></trkpt>
      <trkpt lat="24.706262" lon="115.356905"><time>2026-08-19T22:31:12.566Z</time></trkpt>
      <trkpt lat="24.706262" lon="115.356905"><time>2026-08-19T22:31:12.583Z</time></trkpt>
      <trkpt lat="24.706263" lon="115.356912"><time>2026-08-19T22:31:12.599Z</time></trkpt>
      <trkpt lat="24.706263" lon="115.356912"><time>2026-08-19T22:31:12.616Z</time></trkpt>
      <trkpt lat="24.706263" lon="115.356912"><time>2026-08-19T22:31:12.633Z</time></trkpt>
      <trkpt lat="24.706263" lon="115.356912"><time>2026-08-19T22:31:12.649Z</time></trkpt>
      <trkpt lat="24.706263" lon="115.356912"><time>2026-08-19T22:31:12.666Z</time></trkpt>
      <trkpt lat="24.706263" lon="115.356912"><time>2026-08-19T22:31:12.683Z</time></trkpt>
      <trkpt lat="24.706264" lon="115.356919"><time>2026-08-19T22:31:12.700Z</time></trkpt>
      <trkpt lat="24.706264" lon="115.356919"><time>2026-08-19T22:31:12.716Z</time></trkpt>
      <trkpt lat="24.706264" lon="115.356919"><time>2026-08-19T22:31:12.733Z</time></trkpt>
      <trkpt lat="24.706264" lon="115.356919"><time>2026-08-19T22:31:12.750Z</time></trkpt>
      <trkpt lat="24.706264" lon="115.356919"><time>2026-08-19T22:31:12.766Z</time></trkpt>
      <trkpt lat="24.706264" lon="115.356919"><time>2026-08-19T22:31:12.783Z</time></trkpt>
      <trkpt lat="24.706265" lon="115.356926"><time>2026-08-19T22:31:12.800Z</time></trkpt>
      <trkpt lat="24.706265" lon="115.356926"><time>2026-08-19T22:31:12.816Z</time></trkpt>
      <trkpt lat="24.706265" lon="115.356926"><time>2026-08-19T22:31:12.833Z</time></trkpt>
      <trkpt lat="24.706265" lon="115.356926"><time>2026-08-19T22:31:12.850Z</time></trkpt>
      <trkpt lat="24.706265" lon="115.356926"><time>2026-08-19T22:31:12.866Z</time></trkpt>
      <trkpt lat="24.706265" lon="115.356926"><time>2026-08-19T22:31:12.883Z</time></trkpt>
      <trkpt lat="24.706265" lon="115.356933"><time>2026-08-19T22:31:12.900Z</time></trkpt>
      <trkpt lat="24.706265" lon="115.356933"><time>2026-08-19T22:31:12.916Z</time></trkpt>
      <trkpt lat="24.706265" lon="115.356933"><time>2026-08-19T22:31:12.933Z</time></trkpt>
      <trkpt lat="24.706265" lon="115.356933"><time>2026-08-19T22:31:12.950Z</time></trkpt>
      <trkpt lat="24.706265" lon="115.356933"><time>2026-08-19T22:31:12.966Z</time></trkpt>
      <trkpt lat="24.706265" lon="115.356933"><time>2026-08-19T22:31:12.983Z</time></trkpt>
      <trkpt lat="24.706266" lon="115.35694"><time>2026-08-19T22:31:13.000Z</time></trkpt>
      <trkpt lat="24.706266" lon="115.35694"><time>2026-08-19T22:31:13.017Z</time></trkpt>
      <trkpt lat="24.706266" lon="115.35694"><time>2026-08-19T22:31:13.033Z</time></trkpt>
      <trkpt lat="24.706266" lon="115.35694"><time>2026-08-19T22:31:13.050Z</time></trkpt>
      <trkpt lat="24.706266" lon="115.35694"><time>2026-08-19T22:31:13.067Z</time></trkpt>
      <trkpt lat="24.706266" lon="115.35694"><time>2026-08-19T22:31:13.083Z</time></trkpt>
      <trkpt lat="24.706267" lon="115.356947"><time>2026-08-19T22:31:13.100Z</time></trkpt>
      <trkpt lat="24.706267" lon="115.356947"><time>2026-08-19T22:31:13.117Z</time></trkpt>
      <trkpt lat="24.706267" lon="115.356947"><time>2026-08-19T22:31:13.133Z</time></trkpt>
      <trkpt lat="24.706267" lon="115.356947"><time>2026-08-19T22:31:13.150Z</time></trkpt>
      <trkpt lat="24.706267" lon="115.356947"><time>2026-08-19T22:31:13.167Z</time></trkpt>
      <trkpt lat="24.706267" lon="115.356947"><time>2026-08-19T22:31:13.183Z</time></trkpt>
      <trkpt lat="24.706268" lon="115.356954"><time>2026-08-19T22:31:13.200Z</time></trkpt>
      <trkpt lat="24.706268" lon="115.356954"><time>2026-08-19T22:31:13.217Z</time></trkpt>
      <trkpt lat="24.706268" lon="115.356954"><time>2026-08-19T22:31:13.233Z</time></trkpt>
      <trkpt lat="24.706268" lon="115.356954"><time>2026-08-19T22:31:13.250Z</time></trkpt>
      <trkpt lat="24.706268" lon="115.356954"><time>2026-08-19T22:31:13.267Z</time></trkpt>
      <trkpt lat="24.706268" lon="115.356954"><time>2026-08-19T22:31:13.283Z</time></trkpt>
      <trkpt lat="24.706269" lon="115.356962"><time>2026-08-19T22:31:13.300Z</time></trkpt>
      <trkpt lat="24.706269" lon="115.356962"><time>2026-08-19T22:31:13.317Z</time></trkpt>
      <trkpt lat="24.706269" lon="115.356962"><time>2026-08-19T22:31:13.334Z</time></trkpt>
      <trkpt lat="24.706269" lon="115.356962"><time>2026-08-19T22:31:13.350Z</time></trkpt>
      <trkpt lat="24.706269" lon="115.356962"><time>2026-08-19T22:31:13.367Z</time></trkpt>
      <trkpt lat="24.706269" lon="115.356962"><time>2026-08-19T22:31:13.384Z</time></trkpt>
      <trkpt lat="24.70627" lon="115.356969"><time>2026-08-19T22:31:13.400Z</time></trkpt>
      <trkpt lat="24.70627" lon="115.356969"><time>2026-08-19T22:31:13.417Z</time></trkpt>
      <trkpt lat="24.70627" lon="115.356969"><time>2026-08-19T22:31:13.434Z</time></trkpt>
      <trkpt lat="24.70627" lon="115.356969"><time>2026-08-19T22:31:13.450Z</time></trkpt>
      <trkpt lat="24.70627" lon="115.356969"><time>2026-08-19T22:31:13.467Z</time></trkpt>
      <trkpt lat="24.70627" lon="115.356969"><time>2026-08-19T22:31:13.484Z</time></trkpt>
      <trkpt lat="24.706271" lon="115.356977"><time>2026-08-19T22:31:13.500Z</time></trkpt>
      <trkpt lat="24.706271" lon="115.356977"><time>2026-08-19T22:31:13.517Z</time></trkpt>
      <trkpt lat="24.706271" lon="115.356977"><time>2026-08-19T22:31:13.534Z</time></trkpt>
      <trkpt lat="24.706271" lon="115.356977"><time>2026-08-19T22:31:13.550Z</time></trkpt>
      <trkpt lat="24.706271" lon="115.356977"><time>2026-08-19T22:31:13.567Z</time></trkpt>
      <trkpt lat="24.706271" lon="115.356977"><time>2026-08-19T22:31:13.584Z</time></trkpt>
      <trkpt lat="24.706272" lon="115.356985"><time>2026-08-19T22:31:13.600Z</time></trkpt>
      <trkpt lat="24.706272" lon="115.356985"><time>2026-08-19T22:31:13.617Z</time></trkpt>
      <trkpt lat="24.706272" lon="115.356985"><time>2026-08-19T22:31:13.634Z</time></trkpt>
      <trkpt lat="24.706272" lon="115.356985"><time>2026-08-19T22:31:13.651Z</time></trkpt>
      <trkpt lat="24.706272" lon="115.356985"><time>2026-08-19T22:31:13.667Z</time></trkpt>
      <trkpt lat="24.706272" lon="115.356985"><time>2026-08-19T22:31:13.684Z</time></trkpt>
      <trkpt lat="24.706273" lon="115.356993"><time>2026-08-19T22:31:13.701Z</time></trkpt>
      <trkpt lat="24.706273" lon="115.356993"><time>2026-08-19T22:31:13.717Z</time></trkpt>
      <trkpt lat="24.706273" lon="115.356993"><time>2026-08-19T22:31:13.734Z</time></trkpt>
      <trkpt lat="24.706273" lon="115.356993"><time>2026-08-19T22:31:13.751Z</time></trkpt>
      <trkpt lat="24.706273" lon="115.356993"><time>2026-08-19T22:31:13.767Z</time></trkpt>
      <trkpt lat="24.706273" lon="115.356993"><time>2026-08-19T22:31:13.784Z</time></trkpt>
      <trkpt lat="24.706274" lon="115.357001"><time>2026-08-19T22:31:13.801Z</time></trkpt>
      <trkpt lat="24.706274" lon="115.357001"><time>2026-08-19T22:31:13.817Z</time></trkpt>
      <trkpt lat="24.706274" lon="115.357001"><time>2026-08-19T22:31:13.834Z</time></trkpt>
      <trkpt lat="24.706274" lon="115.357001"><time>2026-08-19T22:31:13.851Z</time></trkpt>
      <trkpt lat="24.706274" lon="115.357001"><time>2026-08-19T22:31:13.867Z</time></trkpt>
      <trkpt lat="24.706274" lon="115.357001"><time>2026-08-19T22:31:13.884Z</time></trkpt>
      <trkpt lat="24.706275" lon="115.357009"><time>2026-08-19T22:31:13.901Z</time></trkpt>
      <trkpt lat="24.706275" lon="115.357009"><time>2026-08-19T22:31:13.917Z</time></trkpt>
      <trkpt lat="24.706275" lon="115.357009"><time>2026-08-19T22:31:13.934Z</time></trkpt>
      <trkpt lat="24.706275" lon="115.357009"><time>2026-08-19T22:31:13.951Z</time></trkpt>
      <trkpt lat="24.706275" lon="115.357009"><time>2026-08-19T22:31:13.968Z</time></trkpt>
      <trkpt lat="24.706275" lon="115.357009"><time>2026-08-19T22:31:13.984Z</time></trkpt>
      <trkpt lat="24.706276" lon="115.357018"><time>2026-08-19T22:31:14.001Z</time></trkpt>
      <trkpt lat="24.706276" lon="115.357018"><time>2026-08-19T22:31:14.018Z</time></trkpt>
      <trkpt lat="24.706276" lon="115.357018"><time>2026-08-19T22:31:14.034Z</time></trkpt>
      <trkpt lat="24.706276" lon="115.357018"><time>2026-08-19T22:31:14.051Z</time></trkpt>
      <trkpt lat="24.706276" lon="115.357018"><time>2026-08-19T22:31:14.068Z</time></trkpt>
      <trkpt lat="24.706276" lon="115.357018"><time>2026-08-19T22:31:14.084Z</time></trkpt>
      <trkpt lat="24.706277" lon="115.357027"><time>2026-08-19T22:31:14.101Z</time></trkpt>
      <trkpt lat="24.706277" lon="115.357027"><time>2026-08-19T22:31:14.118Z</time></trkpt>
      <trkpt lat="24.706277" lon="115.357027"><time>2026-08-19T22:31:14.134Z</time></trkpt>
      <trkpt lat="24.706277" lon="115.357027"><time>2026-08-19T22:31:14.151Z</time></trkpt>
      <trkpt lat="24.706277" lon="115.357027"><time>2026-08-19T22:31:14.168Z</time></trkpt>
      <trkpt lat="24.706277" lon="115.357027"><time>2026-08-19T22:31:14.184Z</time></trkpt>
      <trkpt lat="24.706277" lon="115.357036"><time>2026-08-19T22:31:14.201Z</time></trkpt>
      <trkpt lat="24.706277" lon="115.357036"><time>2026-08-19T22:31:14.218Z</time></trkpt>
      <trkpt lat="24.706277" lon="115.357036"><time>2026-08-19T22:31:14.234Z</time></trkpt>
      <trkpt lat="24.706277" lon="115.357036"><time>2026-08-19T22:31:14.251Z</time></trkpt>
      <trkpt lat="24.706277" lon="115.357036"><time>2026-08-19T22:31:14.268Z</time></trkpt>
      <trkpt lat="24.706277" lon="115.357036"><time>2026-08-19T22:31:14.285Z</time></trkpt>
      <trkpt lat="24.706278" lon="115.357044"><time>2026-08-19T22:31:14.301Z</time></trkpt>
      <trkpt lat="24.706278" lon="115.357044"><time>2026-08-19T22:31:14.318Z</time></trkpt>
      <trkpt lat="24.706278" lon="115.357044"><time>2026-08-19T22:31:14.335Z</time></trkpt>
      <trkpt lat="24.706278" lon="115.357044"><time>2026-08-19T22:31:14.351Z</time></trkpt>
      <trkpt lat="24.706278" lon="115.357044"><time>2026-08-19T22:31:14.368Z</time></trkpt>
      <trkpt lat="24.706278" lon="115.357044"><time>2026-08-19T22:31:14.385Z</time></trkpt>
      <trkpt lat="24.706279" lon="115.357053"><time>2026-08-19T22:31:14.401Z</time></trkpt>
      <trkpt lat="24.706279" lon="115.357053"><time>2026-08-19T22:31:14.418Z</time></trkpt>
      <trkpt lat="24.706279" lon="115.357053"><time>2026-08-19T22:31:14.435Z</time></trkpt>
      <trkpt lat="24.706279" lon="115.357053"><time>2026-08-19T22:31:14.451Z</time></trkpt>
      <trkpt lat="24.706279" lon="115.357053"><time>2026-08-19T22:31:14.468Z</time></trkpt>
      <trkpt lat="24.706279" lon="115.357053"><time>2026-08-19T22:31:14.485Z</time></trkpt>
      <trkpt lat="24.70628" lon="115.357062"><time>2026-08-19T22:31:14.501Z</time></trkpt>
      <trkpt lat="24.70628" lon="115.357062"><time>2026-08-19T22:31:14.518Z</time></trkpt>
      <trkpt lat="24.70628" lon="115.357062"><time>2026-08-19T22:31:14.535Z</time></trkpt>
      <trkpt lat="24.70628" lon="115.357062"><time>2026-08-19T22:31:14.551Z</time></trkpt>
      <trkpt lat="24.70628" lon="115.357062"><time>2026-08-19T22:31:14.568Z</time></trkpt>
      <trkpt lat="24.70628" lon="115.357062"><time>2026-08-19T22:31:14.585Z</time></trkpt>
      <trkpt lat="24.706281" lon="115.357072"><time>2026-08-19T22:31:14.602Z</time></trkpt>
      <trkpt lat="24.706281" lon="115.357072"><time>2026-08-19T22:31:14.618Z</time></trkpt>
      <trkpt lat="24.706281" lon="115.357072"><time>2026-08-19T22:31:14.635Z</time></trkpt>
      <trkpt lat="24.706281" lon="115.357072"><time>2026-08-19T22:31:14.652Z</time></trkpt>
      <trkpt lat="24.706281" lon="115.357072"><time>2026-08-19T22:31:14.668Z</time></trkpt>
      <trkpt lat="24.706281" lon="115.357072"><time>2026-08-19T22:31:14.685Z</time></trkpt>
      <trkpt lat="24.706283" lon="115.357081"><time>2026-08-19T22:31:14.702Z</time></trkpt>
      <trkpt lat="24.706283" lon="115.357081"><time>2026-08-19T22:31:14.718Z</time></trkpt>
      <trkpt lat="24.706283" lon="115.357081"><time>2026-08-19T22:31:14.735Z</time></trkpt>
      <trkpt lat="24.706283" lon="115.357081"><time>2026-08-19T22:31:14.752Z</time></trkpt>
      <trkpt lat="24.706283" lon="115.357081"><time>2026-08-19T22:31:14.768Z</time></trkpt>
      <trkpt lat="24.706283" lon="115.357081"><time>2026-08-19T22:31:14.785Z</time></trkpt>
      <trkpt lat="24.706284" lon="115.35709"><time>2026-08-19T22:31:14.802Z</time></trkpt>
      <trkpt lat="24.706284" lon="115.35709"><time>2026-08-19T22:31:14.818Z</time></trkpt>
      <trkpt lat="24.706284" lon="115.35709"><time>2026-08-19T22:31:14.835Z</time></trkpt>
      <trkpt lat="24.706284" lon="115.35709"><time>2026-08-19T22:31:14.852Z</time></trkpt>
      <trkpt lat="24.706284" lon="115.35709"><time>2026-08-19T22:31:14.868Z</time></trkpt>
      <trkpt lat="24.706284" lon="115.35709"><time>2026-08-19T22:31:14.885Z</time></trkpt>
      <trkpt lat="24.706285" lon="115.3571"><time>2026-08-19T22:31:14.902Z</time></trkpt>
      <trkpt lat="24.706285" lon="115.3571"><time>2026-08-19T22:31:14.919Z</time></trkpt>
      <trkpt lat="24.706285" lon="115.3571"><time>2026-08-19T22:31:14.935Z</time></trkpt>
      <trkpt lat="24.706285" lon="115.3571"><time>2026-08-19T22:31:14.952Z</time></trkpt>
      <trkpt lat="24.706285" lon="115.3571"><time>2026-08-19T22:31:14.969Z</time></trkpt>
      <trkpt lat="24.706285" lon="115.3571"><time>2026-08-19T22:31:14.985Z</time></trkpt>
      <trkpt lat="24.706286" lon="115.357109"><time>2026-08-19T22:31:15.002Z</time></trkpt>
      <trkpt lat="24.706286" lon="115.357109"><time>2026-08-19T22:31:15.019Z</time></trkpt>
      <trkpt lat="24.706286" lon="115.357109"><time>2026-08-19T22:31:15.035Z</time></trkpt>
      <trkpt lat="24.706286" lon="115.357109"><time>2026-08-19T22:31:15.052Z</time></trkpt>
      <trkpt lat="24.706286" lon="115.357109"><time>2026-08-19T22:31:15.069Z</time></trkpt>
      <trkpt lat="24.706286" lon="115.357109"><time>2026-08-19T22:31:15.085Z</time></trkpt>
      <trkpt lat="24.706287" lon="115.357119"><time>2026-08-19T22:31:15.102Z</time></trkpt>
      <trkpt lat="24.706287" lon="115.357119"><time>2026-08-19T22:31:15.119Z</time></trkpt>
      <trkpt lat="24.706287" lon="115.357119"><time>2026-08-19T22:31:15.135Z</time></trkpt>
      <trkpt lat="24.706287" lon="115.357119"><time>2026-08-19T22:31:15.152Z</time></trkpt>
      <trkpt lat="24.706287" lon="115.357119"><time>2026-08-19T22:31:15.169Z</time></trkpt>
      <trkpt lat="24.706287" lon="115.357119"><time>2026-08-19T22:31:15.185Z</time></trkpt>
      <trkpt lat="24.706288" lon="115.357129"><time>2026-08-19T22:31:15.202Z</time></trkpt>
      <trkpt lat="24.706288" lon="115.357129"><time>2026-08-19T22:31:15.219Z</time></trkpt>
      <trkpt lat="24.706288" lon="115.357129"><time>2026-08-19T22:31:15.236Z</time></trkpt>
      <trkpt lat="24.706288" lon="115.357129"><time>2026-08-19T22:31:15.252Z</time></trkpt>
      <trkpt lat="24.706288" lon="115.357129"><time>2026-08-19T22:31:15.269Z</time></trkpt>
      <trkpt lat="24.706288" lon="115.357129"><time>2026-08-19T22:31:15.286Z</time></trkpt>
      <trkpt lat="24.706289" lon="115.357139"><time>2026-08-19T22:31:15.302Z</time></trkpt>
      <trkpt lat="24.706289" lon="115.357139"><time>2026-08-19T22:31:15.319Z</time></trkpt>
      <trkpt lat="24.706289" lon="115.357139"><time>2026-08-19T22:31:15.336Z</time></trkpt>
      <trkpt lat="24.706289" lon="115.357139"><time>2026-08-19T22:31:15.352Z</time></trkpt>
      <trkpt lat="24.706289" lon="115.357139"><time>2026-08-19T22:31:15.369Z</time></trkpt>
      <trkpt lat="24.706289" lon="115.357139"><time>2026-08-19T22:31:15.386Z</time></trkpt>
      <trkpt lat="24.706291" lon="115.357149"><time>2026-08-19T22:31:15.402Z</time></trkpt>
      <trkpt lat="24.706291" lon="115.357149"><time>2026-08-19T22:31:15.419Z</time></trkpt>
      <trkpt lat="24.706291" lon="115.357149"><time>2026-08-19T22:31:15.436Z</time></trkpt>
      <trkpt lat="24.706291" lon="115.357149"><time>2026-08-19T22:31:15.452Z</time></trkpt>
      <trkpt lat="24.706291" lon="115.357149"><time>2026-08-19T22:31:15.469Z</time></trkpt>
      <trkpt lat="24.706291" lon="115.357149"><time>2026-08-19T22:31:15.486Z</time></trkpt>
      <trkpt lat="24.706292" lon="115.357159"><time>2026-08-19T22:31:15.502Z</time></trkpt>
      <trkpt lat="24.706292" lon="115.357159"><time>2026-08-19T22:31:15.519Z</time></trkpt>
      <trkpt lat="24.706292" lon="115.357159"><time>2026-08-19T22:31:15.536Z</time></trkpt>
      <trkpt lat="24.706292" lon="115.357159"><time>2026-08-19T22:31:15.553Z</time></trkpt>
      <trkpt lat="24.706292" lon="115.357159"><time>2026-08-19T22:31:15.569Z</time></trkpt>
      <trkpt lat="24.706292" lon="115.357159"><time>2026-08-19T22:31:15.586Z</time></trkpt>
      <trkpt lat="24.706293" lon="115.357169"><time>2026-08-19T22:31:15.603Z</time></trkpt>
      <trkpt lat="24.706293" lon="115.357169"><time>2026-08-19T22:31:15.619Z</time></trkpt>
      <trkpt lat="24.706293" lon="115.357169"><time>2026-08-19T22:31:15.636Z</time></trkpt>
      <trkpt lat="24.706293" lon="115.357169"><time>2026-08-19T22:31:15.653Z</time></trkpt>
      <trkpt lat="24.706293" lon="115.357169"><time>2026-08-19T22:31:15.669Z</time></trkpt>
      <trkpt lat="24.706293" lon="115.357169"><time>2026-08-19T22:31:15.686Z</time></trkpt>
      <trkpt lat="24.706295" lon="115.357179"><time>2026-08-19T22:31:15.703Z</time></trkpt>
      <trkpt lat="24.706295" lon="115.357179"><time>2026-08-19T22:31:15.719Z</time></trkpt>
      <trkpt lat="24.706295" lon="115.357179"><time>2026-08-19T22:31:15.736Z</time></trkpt>
      <trkpt lat="24.706295" lon="115.357179"><time>2026-08-19T22:31:15.753Z</time></trkpt>
      <trkpt lat="24.706295" lon="115.357179"><time>2026-08-19T22:31:15.769Z</time></trkpt>
      <trkpt lat="24.706295" lon="115.357179"><time>2026-08-19T22:31:15.786Z</time></trkpt>
      <trkpt lat="24.706296" lon="115.357189"><time>2026-08-19T22:31:15.803Z</time></trkpt>
      <trkpt lat="24.706296" lon="115.357189"><time>2026-08-19T22:31:15.819Z</time></trkpt>
      <trkpt lat="24.706296" lon="115.357189"><time>2026-08-19T22:31:15.836Z</time></trkpt>
      <trkpt lat="24.706296" lon="115.357189"><time>2026-08-19T22:31:15.853Z</time></trkpt>
      <trkpt lat="24.706296" lon="115.357189"><time>2026-08-19T22:31:15.870Z</time></trkpt>
      <trkpt lat="24.706296" lon="115.357189"><time>2026-08-19T22:31:15.886Z</time></trkpt>
      <trkpt lat="24.706297" lon="115.357199"><time>2026-08-19T22:31:15.903Z</time></trkpt>
      <trkpt lat="24.706297" lon="115.357199"><time>2026-08-19T22:31:15.920Z</time></trkpt>
      <trkpt lat="24.706297" lon="115.357199"><time>2026-08-19T22:31:15.936Z</time></trkpt>
      <trkpt lat="24.706297" lon="115.357199"><time>2026-08-19T22:31:15.953Z</time></trkpt>
      <trkpt lat="24.706297" lon="115.357199"><time>2026-08-19T22:31:15.970Z</time></trkpt>
      <trkpt lat="24.706297" lon="115.357199"><time>2026-08-19T22:31:15.986Z</time></trkpt>
      <trkpt lat="24.706299" lon="115.357209"><time>2026-08-19T22:31:16.003Z</time></trkpt>
      <trkpt lat="24.706299" lon="115.357209"><time>2026-08-19T22:31:16.020Z</time></trkpt>
      <trkpt lat="24.706299" lon="115.357209"><time>2026-08-19T22:31:16.036Z</time></trkpt>
      <trkpt lat="24.706299" lon="115.357209"><time>2026-08-19T22:31:16.053Z</time></trkpt>
      <trkpt lat="24.706299" lon="115.357209"><time>2026-08-19T22:31:16.070Z</time></trkpt>
      <trkpt lat="24.706299" lon="115.357209"><time>2026-08-19T22:31:16.086Z</time></trkpt>
      <trkpt lat="24.7063" lon="115.35722"><time>2026-08-19T22:31:16.103Z</time></trkpt>
      <trkpt lat="24.7063" lon="115.35722"><time>2026-08-19T22:31:16.120Z</time></trkpt>
      <trkpt lat="24.7063" lon="115.35722"><time>2026-08-19T22:31:16.136Z</time></trkpt>
      <trkpt lat="24.7063" lon="115.35722"><time>2026-08-19T22:31:16.153Z</time></trkpt>
      <trkpt lat="24.7063" lon="115.35722"><time>2026-08-19T22:31:16.170Z</time></trkpt>
      <trkpt lat="24.7063" lon="115.35722"><time>2026-08-19T22:31:16.187Z</time></trkpt>
      <trkpt lat="24.706302" lon="115.357231"><time>2026-08-19T22:31:16.203Z</time></trkpt>
      <trkpt lat="24.706302" lon="115.357231"><time>2026-08-19T22:31:16.220Z</time></trkpt>
      <trkpt lat="24.706302" lon="115.357231"><time>2026-08-19T22:31:16.237Z</time></trkpt>
      <trkpt lat="24.706302" lon="115.357231"><time>2026-08-19T22:31:16.253Z</time></trkpt>
      <trkpt lat="24.706302" lon="115.357231"><time>2026-08-19T22:31:16.270Z</time></trkpt>
      <trkpt lat="24.706302" lon="115.357231"><time>2026-08-19T22:31:16.287Z</time></trkpt>
      <trkpt lat="24.706303" lon="115.357242"><time>2026-08-19T22:31:16.303Z</time></trkpt>
      <trkpt lat="24.706303" lon="115.357242"><time>2026-08-19T22:31:16.320Z</time></trkpt>
      <trkpt lat="24.706303" lon="115.357242"><time>2026-08-19T22:31:16.337Z</time></trkpt>
      <trkpt lat="24.706303" lon="115.357242"><time>2026-08-19T22:31:16.353Z</time></trkpt>
      <trkpt lat="24.706303" lon="115.357242"><time>2026-08-19T22:31:16.370Z</time></trkpt>
      <trkpt lat="24.706303" lon="115.357242"><time>2026-08-19T22:31:16.387Z</time></trkpt>
      <trkpt lat="24.706304" lon="115.357252"><time>2026-08-19T22:31:16.403Z</time></trkpt>
      <trkpt lat="24.706304" lon="115.357252"><time>2026-08-19T22:31:16.420Z</time></trkpt>
      <trkpt lat="24.706304" lon="115.357252"><time>2026-08-19T22:31:16.437Z</time></trkpt>
      <trkpt lat="24.706304" lon="115.357252"><time>2026-08-19T22:31:16.453Z</time></trkpt>
      <trkpt lat="24.706304" lon="115.357252"><time>2026-08-19T22:31:16.470Z</time></trkpt>
      <trkpt lat="24.706304" lon="115.357252"><time>2026-08-19T22:31:16.487Z</time></trkpt>
      <trkpt lat="24.706306" lon="115.357263"><time>2026-08-19T22:31:16.504Z</time></trkpt>
      <trkpt lat="24.706306" lon="115.357263"><time>2026-08-19T22:31:16.520Z</time></trkpt>
      <trkpt lat="24.706306" lon="115.357263"><time>2026-08-19T22:31:16.537Z</time></trkpt>
      <trkpt lat="24.706306" lon="115.357263"><time>2026-08-19T22:31:16.554Z</time></trkpt>
      <trkpt lat="24.706306" lon="115.357263"><time>2026-08-19T22:31:16.570Z</time></trkpt>
      <trkpt lat="24.706306" lon="115.357263"><time>2026-08-19T22:31:16.587Z</time></trkpt>
      <trkpt lat="24.706307" lon="115.357274"><time>2026-08-19T22:31:16.604Z</time></trkpt>
      <trkpt lat="24.706307" lon="115.357274"><time>2026-08-19T22:31:16.620Z</time></trkpt>
      <trkpt lat="24.706307" lon="115.357274"><time>2026-08-19T22:31:16.637Z</time></trkpt>
      <trkpt lat="24.706307" lon="115.357274"><time>2026-08-19T22:31:16.654Z</time></trkpt>
      <trkpt lat="24.706307" lon="115.357274"><time>2026-08-19T22:31:16.670Z</time></trkpt>
      <trkpt lat="24.706307" lon="115.357274"><time>2026-08-19T22:31:16.687Z</time></trkpt>
      <trkpt lat="24.706308" lon="115.357285"><time>2026-08-19T22:31:16.704Z</time></trkpt>
      <trkpt lat="24.706308" lon="115.357285"><time>2026-08-19T22:31:16.720Z</time></trkpt>
      <trkpt lat="24.706308" lon="115.357285"><time>2026-08-19T22:31:16.737Z</time></trkpt>
      <trkpt lat="24.706308" lon="115.357285"><time>2026-08-19T22:31:16.754Z</time></trkpt>
      <trkpt lat="24.706308" lon="115.357285"><time>2026-08-19T22:31:16.770Z</time></trkpt>
      <trkpt lat="24.706308" lon="115.357285"><time>2026-08-19T22:31:16.787Z</time></trkpt>
      <trkpt lat="24.706309" lon="115.357296"><time>2026-08-19T22:31:16.804Z</time></trkpt>
      <trkpt lat="24.706309" lon="115.357296"><time>2026-08-19T22:31:16.821Z</time></trkpt>
      <trkpt lat="24.706309" lon="115.357296"><time>2026-08-19T22:31:16.837Z</time></trkpt>
      <trkpt lat="24.706309" lon="115.357296"><time>2026-08-19T22:31:16.854Z</time></trkpt>
      <trkpt lat="24.706309" lon="115.357296"><time>2026-08-19T22:31:16.871Z</time></trkpt>
      <trkpt lat="24.706309" lon="115.357296"><time>2026-08-19T22:31:16.887Z</time></trkpt>
      <trkpt lat="24.706311" lon="115.357307"><time>2026-08-19T22:31:16.904Z</time></trkpt>
      <trkpt lat="24.706311" lon="115.357307"><time>2026-08-19T22:31:16.921Z</time></trkpt>
      <trkpt lat="24.706311" lon="115.357307"><time>2026-08-19T22:31:16.937Z</time></trkpt>
      <trkpt lat="24.706311" lon="115.357307"><time>2026-08-19T22:31:16.954Z</time></trkpt>
      <trkpt lat="24.706311" lon="115.357307"><time>2026-08-19T22:31:16.971Z</time></trkpt>
      <trkpt lat="24.706311" lon="115.357307"><time>2026-08-19T22:31:16.987Z</time></trkpt>
      <trkpt lat="24.706312" lon="115.357319"><time>2026-08-19T22:31:17.004Z</time></trkpt>
      <trkpt lat="24.706312" lon="115.357319"><time>2026-08-19T22:31:17.021Z</time></trkpt>
      <trkpt lat="24.706312" lon="115.357319"><time>2026-08-19T22:31:17.037Z</time></trkpt>
      <trkpt lat="24.706312" lon="115.357319"><time>2026-08-19T22:31:17.054Z</time></trkpt>
      <trkpt lat="24.706312" lon="115.357319"><time>2026-08-19T22:31:17.071Z</time></trkpt>
      <trkpt lat="24.706312" lon="115.357319"><time>2026-08-19T22:31:17.087Z</time></trkpt>
      <trkpt lat="24.706313" lon="115.35733"><time>2026-08-19T22:31:17.104Z</time></trkpt>
      <trkpt lat="24.706313" lon="115.35733"><time>2026-08-19T22:31:17.121Z</time></trkpt>
      <trkpt lat="24.706313" lon="115.35733"><time>2026-08-19T22:31:17.138Z</time></trkpt>
      <trkpt lat="24.706313" lon="115.35733"><time>2026-08-19T22:31:17.154Z</time></trkpt>
      <trkpt lat="24.706313" lon="115.35733"><time>2026-08-19T22:31:17.171Z</time></trkpt>
      <trkpt lat="24.706313" lon="115.35733"><time>2026-08-19T22:31:17.188Z</time></trkpt>
      <trkpt lat="24.706315" lon="115.357341"><time>2026-08-19T22:31:17.204Z</time></trkpt>
      <trkpt lat="24.706315" lon="115.357341"><time>2026-08-19T22:31:17.221Z</time></trkpt>
      <trkpt lat="24.706315" lon="115.357341"><time>2026-08-19T22:31:17.238Z</time></trkpt>
      <trkpt lat="24.706315" lon="115.357341"><time>2026-08-19T22:31:17.254Z</time></trkpt>
      <trkpt lat="24.706315" lon="115.357341"><time>2026-08-19T22:31:17.271Z</time></trkpt>
      <trkpt lat="24.706315" lon="115.357341"><time>2026-08-19T22:31:17.288Z</time></trkpt>
      <trkpt lat="24.706316" lon="115.357353"><time>2026-08-19T22:31:17.304Z</time></trkpt>
      <trkpt lat="24.706316" lon="115.357353"><time>2026-08-19T22:31:17.321Z</time></trkpt>
      <trkpt lat="24.706316" lon="115.357353"><time>2026-08-19T22:31:17.338Z</time></trkpt>
      <trkpt lat="24.706316" lon="115.357353"><time>2026-08-19T22:31:17.354Z</time></trkpt>
      <trkpt lat="24.706316" lon="115.357353"><time>2026-08-19T22:31:17.371Z</time></trkpt>
      <trkpt lat="24.706316" lon="115.357353"><time>2026-08-19T22:31:17.388Z</time></trkpt>
      <trkpt lat="24.706318" lon="115.357363"><time>2026-08-19T22:31:17.404Z</time></trkpt>
      <trkpt lat="24.706318" lon="115.357363"><time>2026-08-19T22:31:17.421Z</time></trkpt>
      <trkpt lat="24.706318" lon="115.357363"><time>2026-08-19T22:31:17.438Z</time></trkpt>
      <trkpt lat="24.706318" lon="115.357363"><time>2026-08-19T22:31:17.455Z</time></trkpt>
      <trkpt lat="24.706318" lon="115.357363"><time>2026-08-19T22:31:17.471Z</time></trkpt>
      <trkpt lat="24.706318" lon="115.357363"><time>2026-08-19T22:31:17.488Z</time></trkpt>
      <trkpt lat="24.706319" lon="115.357376"><time>2026-08-19T22:31:17.505Z</time></trkpt>
      <trkpt lat="24.706319" lon="115.357376"><time>2026-08-19T22:31:17.521Z</time></trkpt>
      <trkpt lat="24.706319" lon="115.357376"><time>2026-08-19T22:31:17.538Z</time></trkpt>
      <trkpt lat="24.706319" lon="115.357376"><time>2026-08-19T22:31:17.555Z</time></trkpt>
      <trkpt lat="24.706319" lon="115.357376"><time>2026-08-19T22:31:17.571Z</time></trkpt>
      <trkpt lat="24.706319" lon="115.357376"><time>2026-08-19T22:31:17.588Z</time></trkpt>
      <trkpt lat="24.706321" lon="115.357387"><time>2026-08-19T22:31:17.605Z</time></trkpt>
      <trkpt lat="24.706321" lon="115.357387"><time>2026-08-19T22:31:17.621Z</time></trkpt>
      <trkpt lat="24.706321" lon="115.357387"><time>2026-08-19T22:31:17.638Z</time></trkpt>
      <trkpt lat="24.706321" lon="115.357387"><time>2026-08-19T22:31:17.655Z</time></trkpt>
      <trkpt lat="24.706321" lon="115.357387"><time>2026-08-19T22:31:17.671Z</time></trkpt>
      <trkpt lat="24.706321" lon="115.357387"><time>2026-08-19T22:31:17.688Z</time></trkpt>
      <trkpt lat="24.706323" lon="115.357399"><time>2026-08-19T22:31:17.705Z</time></trkpt>
      <trkpt lat="24.706323" lon="115.357399"><time>2026-08-19T22:31:17.721Z</time></trkpt>
      <trkpt lat="24.706323" lon="115.357399"><time>2026-08-19T22:31:17.738Z</time></trkpt>
      <trkpt lat="24.706323" lon="115.357399"><time>2026-08-19T22:31:17.755Z</time></trkpt>
      <trkpt lat="24.706323" lon="115.357399"><time>2026-08-19T22:31:17.772Z</time></trkpt>
      <trkpt lat="24.706323" lon="115.357399"><time>2026-08-19T22:31:17.788Z</time></trkpt>
      <trkpt lat="24.706324" lon="115.35741"><time>2026-08-19T22:31:17.805Z</time></trkpt>
      <trkpt lat="24.706324" lon="115.35741"><time>2026-08-19T22:31:17.822Z</time></trkpt>
      <trkpt lat="24.706324" lon="115.35741"><time>2026-08-19T22:31:17.838Z</time></trkpt>
      <trkpt lat="24.706324" lon="115.35741"><time>2026-08-19T22:31:17.855Z</time></trkpt>
      <trkpt lat="24.706324" lon="115.35741"><time>2026-08-19T22:31:17.872Z</time></trkpt>
      <trkpt lat="24.706324" lon="115.35741"><time>2026-08-19T22:31:17.888Z</time></trkpt>
      <trkpt lat="24.706325" lon="115.357422"><time>2026-08-19T22:31:17.905Z</time></trkpt>
      <trkpt lat="24.706325" lon="115.357422"><time>2026-08-19T22:31:17.922Z</time></trkpt>
      <trkpt lat="24.706325" lon="115.357422"><time>2026-08-19T22:31:17.938Z</time></trkpt>
      <trkpt lat="24.706325" lon="115.357422"><time>2026-08-19T22:31:17.955Z</time></trkpt>
      <trkpt lat="24.706325" lon="115.357422"><time>2026-08-19T22:31:17.972Z</time></trkpt>
      <trkpt lat="24.706325" lon="115.357422"><time>2026-08-19T22:31:17.988Z</time></trkpt>
      <trkpt lat="24.706327" lon="115.357433"><time>2026-08-19T22:31:18.005Z</time></trkpt>
      <trkpt lat="24.706327" lon="115.357433"><time>2026-08-19T22:31:18.022Z</time></trkpt>
      <trkpt lat="24.706327" lon="115.357433"><time>2026-08-19T22:31:18.038Z</time></trkpt>
      <trkpt lat="24.706327" lon="115.357433"><time>2026-08-19T22:31:18.055Z</time></trkpt>
      <trkpt lat="24.706327" lon="115.357433"><time>2026-08-19T22:31:18.072Z</time></trkpt>
      <trkpt lat="24.706327" lon="115.357433"><time>2026-08-19T22:31:18.089Z</time></trkpt>
      <trkpt lat="24.706328" lon="115.357445"><time>2026-08-19T22:31:18.105Z</time></trkpt>
      <trkpt lat="24.706328" lon="115.357445"><time>2026-08-19T22:31:18.122Z</time></trkpt>
      <trkpt lat="24.706328" lon="115.357445"><time>2026-08-19T22:31:18.139Z</time></trkpt>
      <trkpt lat="24.706328" lon="115.357445"><time>2026-08-19T22:31:18.155Z</time></trkpt>
      <trkpt lat="24.706328" lon="115.357445"><time>2026-08-19T22:31:18.172Z</time></trkpt>
      <trkpt lat="24.706328" lon="115.357445"><time>2026-08-19T22:31:18.189Z</time></trkpt>
      <trkpt lat="24.70633" lon="115.357457"><time>2026-08-19T22:31:18.205Z</time></trkpt>
      <trkpt lat="24.70633" lon="115.357457"><time>2026-08-19T22:31:18.222Z</time></trkpt>
      <trkpt lat="24.70633" lon="115.357457"><time>2026-08-19T22:31:18.239Z</time></trkpt>
      <trkpt lat="24.70633" lon="115.357457"><time>2026-08-19T22:31:18.255Z</time></trkpt>
      <trkpt lat="24.70633" lon="115.357457"><time>2026-08-19T22:31:18.272Z</time></trkpt>
      <trkpt lat="24.70633" lon="115.357457"><time>2026-08-19T22:31:18.289Z</time></trkpt>
      <trkpt lat="24.706331" lon="115.357469"><time>2026-08-19T22:31:18.305Z</time></trkpt>
      <trkpt lat="24.706331" lon="115.357469"><time>2026-08-19T22:31:18.322Z</time></trkpt>
      <trkpt lat="24.706331" lon="115.357469"><time>2026-08-19T22:31:18.339Z</time></trkpt>
      <trkpt lat="24.706331" lon="115.357469"><time>2026-08-19T22:31:18.355Z</time></trkpt>
      <trkpt lat="24.706331" lon="115.357469"><time>2026-08-19T22:31:18.372Z</time></trkpt>
      <trkpt lat="24.706331" lon="115.357469"><time>2026-08-19T22:31:18.389Z</time></trkpt>
      <trkpt lat="24.706333" lon="115.357481"><time>2026-08-19T22:31:18.406Z</time></trkpt>
      <trkpt lat="24.706333" lon="115.357481"><time>2026-08-19T22:31:18.422Z</time></trkpt>
      <trkpt lat="24.706333" lon="115.357481"><time>2026-08-19T22:31:18.439Z</time></trkpt>
      <trkpt lat="24.706333" lon="115.357481"><time>2026-08-19T22:31:18.456Z</time></trkpt>
      <trkpt lat="24.706333" lon="115.357481"><time>2026-08-19T22:31:18.472Z</time></trkpt>
      <trkpt lat="24.706333" lon="115.357481"><time>2026-08-19T22:31:18.489Z</time></trkpt>
      <trkpt lat="24.706334" lon="115.357492"><time>2026-08-19T22:31:18.506Z</time></trkpt>
      <trkpt lat="24.706334" lon="115.357492"><time>2026-08-19T22:31:18.522Z</time></trkpt>
      <trkpt lat="24.706334" lon="115.357492"><time>2026-08-19T22:31:18.539Z</time></trkpt>
      <trkpt lat="24.706334" lon="115.357492"><time>2026-08-19T22:31:18.556Z</time></trkpt>
      <trkpt lat="24.706334" lon="115.357492"><time>2026-08-19T22:31:18.572Z</time></trkpt>
      <trkpt lat="24.706334" lon="115.357492"><time>2026-08-19T22:31:18.589Z</time></trkpt>
      <trkpt lat="24.706336" lon="115.357504"><time>2026-08-19T22:31:18.606Z</time></trkpt>
      <trkpt lat="24.706336" lon="115.357504"><time>2026-08-19T22:31:18.622Z</time></trkpt>
      <trkpt lat="24.706336" lon="115.357504"><time>2026-08-19T22:31:18.639Z</time></trkpt>
      <trkpt lat="24.706336" lon="115.357504"><time>2026-08-19T22:31:18.656Z</time></trkpt>
      <trkpt lat="24.706336" lon="115.357504"><time>2026-08-19T22:31:18.672Z</time></trkpt>
      <trkpt lat="24.706336" lon="115.357504"><time>2026-08-19T22:31:18.689Z</time></trkpt>
      <trkpt lat="24.706337" lon="115.357516"><time>2026-08-19T22:31:18.706Z</time></trkpt>
      <trkpt lat="24.706337" lon="115.357516"><time>2026-08-19T22:31:18.722Z</time></trkpt>
      <trkpt lat="24.706337" lon="115.357516"><time>2026-08-19T22:31:18.739Z</time></trkpt>
      <trkpt lat="24.706337" lon="115.357516"><time>2026-08-19T22:31:18.756Z</time></trkpt>
      <trkpt lat="24.706337" lon="115.357516"><time>2026-08-19T22:31:18.773Z</time></trkpt>
      <trkpt lat="24.706337" lon="115.357516"><time>2026-08-19T22:31:18.789Z</time></trkpt>
      <trkpt lat="24.706339" lon="115.357528"><time>2026-08-19T22:31:18.806Z</time></trkpt>
      <trkpt lat="24.706339" lon="115.357528"><time>2026-08-19T22:31:18.823Z</time></trkpt>
      <trkpt lat="24.706339" lon="115.357528"><time>2026-08-19T22:31:18.839Z</time></trkpt>
      <trkpt lat="24.706339" lon="115.357528"><time>2026-08-19T22:31:18.856Z</time></trkpt>
      <trkpt lat="24.706339" lon="115.357528"><time>2026-08-19T22:31:18.873Z</time></trkpt>
      <trkpt lat="24.706339" lon="115.357528"><time>2026-08-19T22:31:18.889Z</time></trkpt>
      <trkpt lat="24.70634" lon="115.35754"><time>2026-08-19T22:31:18.906Z</time></trkpt>
      <trkpt lat="24.70634" lon="115.35754"><time>2026-08-19T22:31:18.923Z</time></trkpt>
      <trkpt lat="24.70634" lon="115.35754"><time>2026-08-19T22:31:18.939Z</time></trkpt>
      <trkpt lat="24.70634" lon="115.35754"><time>2026-08-19T22:31:18.956Z</time></trkpt>
      <trkpt lat="24.70634" lon="115.35754"><time>2026-08-19T22:31:18.973Z</time></trkpt>
      <trkpt lat="24.70634" lon="115.35754"><time>2026-08-19T22:31:18.989Z</time></trkpt>
      <trkpt lat="24.706342" lon="115.357552"><time>2026-08-19T22:31:19.006Z</time></trkpt>
      <trkpt lat="24.706342" lon="115.357552"><time>2026-08-19T22:31:19.023Z</time></trkpt>
      <trkpt lat="24.706342" lon="115.357552"><time>2026-08-19T22:31:19.039Z</time></trkpt>
      <trkpt lat="24.706342" lon="115.357552"><time>2026-08-19T22:31:19.056Z</time></trkpt>
      <trkpt lat="24.706342" lon="115.357552"><time>2026-08-19T22:31:19.073Z</time></trkpt>
      <trkpt lat="24.706342" lon="115.357552"><time>2026-08-19T22:31:19.090Z</time></trkpt>
      <trkpt lat="24.706343" lon="115.357564"><time>2026-08-19T22:31:19.106Z</time></trkpt>
      <trkpt lat="24.706343" lon="115.357564"><time>2026-08-19T22:31:19.123Z</time></trkpt>
      <trkpt lat="24.706343" lon="115.357564"><time>2026-08-19T22:31:19.140Z</time></trkpt>
      <trkpt lat="24.706343" lon="115.357564"><time>2026-08-19T22:31:19.156Z</time></trkpt>
      <trkpt lat="24.706343" lon="115.357564"><time>2026-08-19T22:31:19.173Z</time></trkpt>
      <trkpt lat="24.706343" lon="115.357564"><time>2026-08-19T22:31:19.190Z</time></trkpt>
      <trkpt lat="24.706345" lon="115.357576"><time>2026-08-19T22:31:19.206Z</time></trkpt>
      <trkpt lat="24.706345" lon="115.357576"><time>2026-08-19T22:31:19.223Z</time></trkpt>
      <trkpt lat="24.706345" lon="115.357576"><time>2026-08-19T22:31:19.240Z</time></trkpt>
      <trkpt lat="24.706345" lon="115.357576"><time>2026-08-19T22:31:19.256Z</time></trkpt>
      <trkpt lat="24.706345" lon="115.357576"><time>2026-08-19T22:31:19.273Z</time></trkpt>
      <trkpt lat="24.706345" lon="115.357576"><time>2026-08-19T22:31:19.290Z</time></trkpt>
      <trkpt lat="24.706346" lon="115.357588"><time>2026-08-19T22:31:19.306Z</time></trkpt>
      <trkpt lat="24.706346" lon="115.357588"><time>2026-08-19T22:31:19.323Z</time></trkpt>
      <trkpt lat="24.706346" lon="115.357588"><time>2026-08-19T22:31:19.340Z</time></trkpt>
      <trkpt lat="24.706346" lon="115.357588"><time>2026-08-19T22:31:19.356Z</time></trkpt>
      <trkpt lat="24.706346" lon="115.357588"><time>2026-08-19T22:31:19.373Z</time></trkpt>
      <trkpt lat="24.706346" lon="115.357588"><time>2026-08-19T22:31:19.390Z</time></trkpt>
      <trkpt lat="24.706348" lon="115.3576"><time>2026-08-19T22:31:19.407Z</time></trkpt>
      <trkpt lat="24.706348" lon="115.3576"><time>2026-08-19T22:31:19.423Z</time></trkpt>
      <trkpt lat="24.706348" lon="115.3576"><time>2026-08-19T22:31:19.440Z</time></trkpt>
      <trkpt lat="24.706348" lon="115.3576"><time>2026-08-19T22:31:19.457Z</time></trkpt>
      <trkpt lat="24.706348" lon="115.3576"><time>2026-08-19T22:31:19.473Z</time></trkpt>
      <trkpt lat="24.706348" lon="115.3576"><time>2026-08-19T22:31:19.490Z</time></trkpt>
      <trkpt lat="24.70635" lon="115.357612"><time>2026-08-19T22:31:19.507Z</time></trkpt>
      <trkpt lat="24.70635" lon="115.357612"><time>2026-08-19T22:31:19.523Z</time></trkpt>
      <trkpt lat="24.70635" lon="115.357612"><time>2026-08-19T22:31:19.540Z</time></trkpt>
      <trkpt lat="24.70635" lon="115.357612"><time>2026-08-19T22:31:19.557Z</time></trkpt>
      <trkpt lat="24.70635" lon="115.357612"><time>2026-08-19T22:31:19.573Z</time></trkpt>
      <trkpt lat="24.70635" lon="115.357612"><time>2026-08-19T22:31:19.590Z</time></trkpt>
      <trkpt lat="24.706351" lon="115.357625"><time>2026-08-19T22:31:19.607Z</time></trkpt>
      <trkpt lat="24.706351" lon="115.357625"><time>2026-08-19T22:31:19.623Z</time></trkpt>
      <trkpt lat="24.706351" lon="115.357625"><time>2026-08-19T22:31:19.640Z</time></trkpt>
      <trkpt lat="24.706351" lon="115.357625"><time>2026-08-19T22:31:19.657Z</time></trkpt>
      <trkpt lat="24.706351" lon="115.357625"><time>2026-08-19T22:31:19.673Z</time></trkpt>
      <trkpt lat="24.706351" lon="115.357625"><time>2026-08-19T22:31:19.690Z</time></trkpt>
      <trkpt lat="24.706353" lon="115.357637"><time>2026-08-19T22:31:19.707Z</time></trkpt>
      <trkpt lat="24.706353" lon="115.357637"><time>2026-08-19T22:31:19.724Z</time></trkpt>
      <trkpt lat="24.706353" lon="115.357637"><time>2026-08-19T22:31:19.740Z</time></trkpt>
      <trkpt lat="24.706353" lon="115.357637"><time>2026-08-19T22:31:19.757Z</time></trkpt>
      <trkpt lat="24.706353" lon="115.357637"><time>2026-08-19T22:31:19.774Z</time></trkpt>
      <trkpt lat="24.706353" lon="115.357637"><time>2026-08-19T22:31:19.790Z</time></trkpt>
      <trkpt lat="24.706355" lon="115.357649"><time>2026-08-19T22:31:19.807Z</time></trkpt>
      <trkpt lat="24.706355" lon="115.357649"><time>2026-08-19T22:31:19.824Z</time></trkpt>
      <trkpt lat="24.706355" lon="115.357649"><time>2026-08-19T22:31:19.840Z</time></trkpt>
      <trkpt lat="24.706355" lon="115.357649"><time>2026-08-19T22:31:19.857Z</time></trkpt>
      <trkpt lat="24.706355" lon="115.357649"><time>2026-08-19T22:31:19.874Z</time></trkpt>
      <trkpt lat="24.706355" lon="115.357649"><time>2026-08-19T22:31:19.890Z</time></trkpt>
      <trkpt lat="24.706356" lon="115.357661"><time>2026-08-19T22:31:19.907Z</time></trkpt>
      <trkpt lat="24.706356" lon="115.357661"><time>2026-08-19T22:31:19.924Z</time></trkpt>
      <trkpt lat="24.706356" lon="115.357661"><time>2026-08-19T22:31:19.940Z</time></trkpt>
      <trkpt lat="24.706356" lon="115.357661"><time>2026-08-19T22:31:19.957Z</time></trkpt>
      <trkpt lat="24.706356" lon="115.357661"><time>2026-08-19T22:31:19.974Z</time></trkpt>
      <trkpt lat="24.706356" lon="115.357661"><time>2026-08-19T22:31:19.990Z</time></trkpt>
      <trkpt lat="24.706358" lon="115.357673"><time>2026-08-19T22:31:20.007Z</time></trkpt>
      <trkpt lat="24.706358" lon="115.357673"><time>2026-08-19T22:31:20.024Z</time></trkpt>
      <trkpt lat="24.706358" lon="115.357673"><time>2026-08-19T22:31:20.041Z</time></trkpt>
      <trkpt lat="24.706358" lon="115.357673"><time>2026-08-19T22:31:20.057Z</time></trkpt>
      <trkpt lat="24.706358" lon="115.357673"><time>2026-08-19T22:31:20.074Z</time></trkpt>
      <trkpt lat="24.706358" lon="115.357673"><time>2026-08-19T22:31:20.091Z</time></trkpt>
      <trkpt lat="24.70636" lon="115.357685"><time>2026-08-19T22:31:20.107Z</time></trkpt>
      <trkpt lat="24.70636" lon="115.357685"><time>2026-08-19T22:31:20.124Z</time></trkpt>
      <trkpt lat="24.70636" lon="115.357685"><time>2026-08-19T22:31:20.141Z</time></trkpt>
      <trkpt lat="24.70636" lon="115.357685"><time>2026-08-19T22:31:20.157Z</time></trkpt>
      <trkpt lat="24.70636" lon="115.357685"><time>2026-08-19T22:31:20.174Z</time></trkpt>
      <trkpt lat="24.70636" lon="115.357685"><time>2026-08-19T22:31:20.191Z</time></trkpt>
      <trkpt lat="24.706362" lon="115.357697"><time>2026-08-19T22:31:20.207Z</time></trkpt>
      <trkpt lat="24.706362" lon="115.357697"><time>2026-08-19T22:31:20.224Z</time></trkpt>
      <trkpt lat="24.706362" lon="115.357697"><time>2026-08-19T22:31:20.241Z</time></trkpt>
      <trkpt lat="24.706362" lon="115.357697"><time>2026-08-19T22:31:20.257Z</time></trkpt>
      <trkpt lat="24.706362" lon="115.357697"><time>2026-08-19T22:31:20.274Z</time></trkpt>
      <trkpt lat="24.706362" lon="115.357697"><time>2026-08-19T22:31:20.291Z</time></trkpt>
      <trkpt lat="24.706364" lon="115.357709"><time>2026-08-19T22:31:20.307Z</time></trkpt>
      <trkpt lat="24.706364" lon="115.357709"><time>2026-08-19T22:31:20.324Z</time></trkpt>
      <trkpt lat="24.706364" lon="115.357709"><time>2026-08-19T22:31:20.341Z</time></trkpt>
      <trkpt lat="24.706364" lon="115.357709"><time>2026-08-19T22:31:20.358Z</time></trkpt>
      <trkpt lat="24.706364" lon="115.357709"><time>2026-08-19T22:31:20.374Z</time></trkpt>
      <trkpt lat="24.706364" lon="115.357709"><time>2026-08-19T22:31:20.391Z</time></trkpt>
      <trkpt lat="24.706365" lon="115.357722"><time>2026-08-19T22:31:20.408Z</time></trkpt>
      <trkpt lat="24.706365" lon="115.357722"><time>2026-08-19T22:31:20.424Z</time></trkpt>
      <trkpt lat="24.706365" lon="115.357722"><time>2026-08-19T22:31:20.441Z</time></trkpt>
      <trkpt lat="24.706365" lon="115.357722"><time>2026-08-19T22:31:20.458Z</time></trkpt>
      <trkpt lat="24.706365" lon="115.357722"><time>2026-08-19T22:31:20.474Z</time></trkpt>
      <trkpt lat="24.706365" lon="115.357722"><time>2026-08-19T22:31:20.491Z</time></trkpt>
      <trkpt lat="24.706367" lon="115.357733"><time>2026-08-19T22:31:20.508Z</time></trkpt>
      <trkpt lat="24.706367" lon="115.357733"><time>2026-08-19T22:31:20.524Z</time></trkpt>
      <trkpt lat="24.706367" lon="115.357733"><time>2026-08-19T22:31:20.541Z</time></trkpt>
      <trkpt lat="24.706367" lon="115.357733"><time>2026-08-19T22:31:20.558Z</time></trkpt>
      <trkpt lat="24.706367" lon="115.357733"><time>2026-08-19T22:31:20.574Z</time></trkpt>
      <trkpt lat="24.706367" lon="115.357733"><time>2026-08-19T22:31:20.591Z</time></trkpt>
      <trkpt lat="24.706369" lon="115.357746"><time>2026-08-19T22:31:20.608Z</time></trkpt>
      <trkpt lat="24.706369" lon="115.357746"><time>2026-08-19T22:31:20.624Z</time></trkpt>
      <trkpt lat="24.706369" lon="115.357746"><time>2026-08-19T22:31:20.641Z</time></trkpt>
      <trkpt lat="24.706369" lon="115.357746"><time>2026-08-19T22:31:20.658Z</time></trkpt>
      <trkpt lat="24.706369" lon="115.357746"><time>2026-08-19T22:31:20.675Z</time></trkpt>
      <trkpt lat="24.706369" lon="115.357746"><time>2026-08-19T22:31:20.691Z</time></trkpt>
      <trkpt lat="24.706371" lon="115.357759"><time>2026-08-19T22:31:20.708Z</time></trkpt>
      <trkpt lat="24.706371" lon="115.357759"><time>2026-08-19T22:31:20.725Z</time></trkpt>
      <trkpt lat="24.706371" lon="115.357759"><time>2026-08-19T22:31:20.741Z</time></trkpt>
      <trkpt lat="24.706371" lon="115.357759"><time>2026-08-19T22:31:20.758Z</time></trkpt>
      <trkpt lat="24.706371" lon="115.357759"><time>2026-08-19T22:31:20.775Z</time></trkpt>
      <trkpt lat="24.706371" lon="115.357759"><time>2026-08-19T22:31:20.791Z</time></trkpt>
      <trkpt lat="24.706372" lon="115.357771"><time>2026-08-19T22:31:20.808Z</time></trkpt>
      <trkpt lat="24.706372" lon="115.357771"><time>2026-08-19T22:31:20.825Z</time></trkpt>
      <trkpt lat="24.706372" lon="115.357771"><time>2026-08-19T22:31:20.841Z</time></trkpt>
      <trkpt lat="24.706372" lon="115.357771"><time>2026-08-19T22:31:20.858Z</time></trkpt>
      <trkpt lat="24.706372" lon="115.357771"><time>2026-08-19T22:31:20.875Z</time></trkpt>
      <trkpt lat="24.706372" lon="115.357771"><time>2026-08-19T22:31:20.891Z</time></trkpt>
      <trkpt lat="24.706374" lon="115.357783"><time>2026-08-19T22:31:20.908Z</time></trkpt>
      <trkpt lat="24.706374" lon="115.357783"><time>2026-08-19T22:31:20.925Z</time></trkpt>
      <trkpt lat="24.706374" lon="115.357783"><time>2026-08-19T22:31:20.941Z</time></trkpt>
      <trkpt lat="24.706374" lon="115.357783"><time>2026-08-19T22:31:20.958Z</time></trkpt>
      <trkpt lat="24.706374" lon="115.357783"><time>2026-08-19T22:31:20.975Z</time></trkpt>
      <trkpt lat="24.706374" lon="115.357783"><time>2026-08-19T22:31:20.992Z</time></trkpt>
      <trkpt lat="24.706376" lon="115.357797"><time>2026-08-19T22:31:21.008Z</time></trkpt>
      <trkpt lat="24.706376" lon="115.357797"><time>2026-08-19T22:31:21.025Z</time></trkpt>
      <trkpt lat="24.706376" lon="115.357797"><time>2026-08-19T22:31:21.042Z</time></trkpt>
      <trkpt lat="24.706376" lon="115.357797"><time>2026-08-19T22:31:21.058Z</time></trkpt>
      <trkpt lat="24.706376" lon="115.357797"><time>2026-08-19T22:31:21.075Z</time></trkpt>
      <trkpt lat="24.706376" lon="115.357797"><time>2026-08-19T22:31:21.092Z</time></trkpt>
      <trkpt lat="24.706378" lon="115.357809"><time>2026-08-19T22:31:21.108Z</time></trkpt>
      <trkpt lat="24.706378" lon="115.357809"><time>2026-08-19T22:31:21.125Z</time></trkpt>
      <trkpt lat="24.706378" lon="115.357809"><time>2026-08-19T22:31:21.142Z</time></trkpt>
      <trkpt lat="24.706378" lon="115.357809"><time>2026-08-19T22:31:21.158Z</time></trkpt>
      <trkpt lat="24.706378" lon="115.357809"><time>2026-08-19T22:31:21.175Z</time></trkpt>
      <trkpt lat="24.706378" lon="115.357809"><time>2026-08-19T22:31:21.192Z</time></trkpt>
      <trkpt lat="24.70638" lon="115.357822"><time>2026-08-19T22:31:21.208Z</time></trkpt>
      <trkpt lat="24.70638" lon="115.357822"><time>2026-08-19T22:31:21.225Z</time></trkpt>
      <trkpt lat="24.70638" lon="115.357822"><time>2026-08-19T22:31:21.242Z</time></trkpt>
      <trkpt lat="24.70638" lon="115.357822"><time>2026-08-19T22:31:21.258Z</time></trkpt>
      <trkpt lat="24.70638" lon="115.357822"><time>2026-08-19T22:31:21.275Z</time></trkpt>
      <trkpt lat="24.70638" lon="115.357822"><time>2026-08-19T22:31:21.292Z</time></trkpt>
      <trkpt lat="24.706381" lon="115.357834"><time>2026-08-19T22:31:21.309Z</time></trkpt>
      <trkpt lat="24.706381" lon="115.357834"><time>2026-08-19T22:31:21.325Z</time></trkpt>
      <trkpt lat="24.706381" lon="115.357834"><time>2026-08-19T22:31:21.342Z</time></trkpt>
      <trkpt lat="24.706381" lon="115.357834"><time>2026-08-19T22:31:21.359Z</time></trkpt>
      <trkpt lat="24.706381" lon="115.357834"><time>2026-08-19T22:31:21.375Z</time></trkpt>
      <trkpt lat="24.706381" lon="115.357834"><time>2026-08-19T22:31:21.392Z</time></trkpt>
      <trkpt lat="24.706383" lon="115.357847"><time>2026-08-19T22:31:21.409Z</time></trkpt>
      <trkpt lat="24.706383" lon="115.357847"><time>2026-08-19T22:31:21.425Z</time></trkpt>
      <trkpt lat="24.706383" lon="115.357847"><time>2026-08-19T22:31:21.442Z</time></trkpt>
      <trkpt lat="24.706383" lon="115.357847"><time>2026-08-19T22:31:21.459Z</time></trkpt>
      <trkpt lat="24.706383" lon="115.357847"><time>2026-08-19T22:31:21.475Z</time></trkpt>
      <trkpt lat="24.706383" lon="115.357847"><time>2026-08-19T22:31:21.492Z</time></trkpt>
      <trkpt lat="24.706385" lon="115.35786"><time>2026-08-19T22:31:21.509Z</time></trkpt>
      <trkpt lat="24.706385" lon="115.35786"><time>2026-08-19T22:31:21.525Z</time></trkpt>
      <trkpt lat="24.706385" lon="115.35786"><time>2026-08-19T22:31:21.542Z</time></trkpt>
      <trkpt lat="24.706385" lon="115.35786"><time>2026-08-19T22:31:21.559Z</time></trkpt>
      <trkpt lat="24.706385" lon="115.35786"><time>2026-08-19T22:31:21.575Z</time></trkpt>
      <trkpt lat="24.706385" lon="115.35786"><time>2026-08-19T22:31:21.592Z</time></trkpt>
      <trkpt lat="24.706387" lon="115.357872"><time>2026-08-19T22:31:21.609Z</time></trkpt>
      <trkpt lat="24.706387" lon="115.357872"><time>2026-08-19T22:31:21.626Z</time></trkpt>
      <trkpt lat="24.706387" lon="115.357872"><time>2026-08-19T22:31:21.642Z</time></trkpt>
      <trkpt lat="24.706387" lon="115.357872"><time>2026-08-19T22:31:21.659Z</time></trkpt>
      <trkpt lat="24.706387" lon="115.357872"><time>2026-08-19T22:31:21.676Z</time></trkpt>
      <trkpt lat="24.706387" lon="115.357872"><time>2026-08-19T22:31:21.692Z</time></trkpt>
      <trkpt lat="24.706389" lon="115.357885"><time>2026-08-19T22:31:21.709Z</time></trkpt>
      <trkpt lat="24.706389" lon="115.357885"><time>2026-08-19T22:31:21.726Z</time></trkpt>
      <trkpt lat="24.706389" lon="115.357885"><time>2026-08-19T22:31:21.742Z</time></trkpt>
      <trkpt lat="24.706389" lon="115.357885"><time>2026-08-19T22:31:21.759Z</time></trkpt>
      <trkpt lat="24.706389" lon="115.357885"><time>2026-08-19T22:31:21.776Z</time></trkpt>
      <trkpt lat="24.706389" lon="115.357885"><time>2026-08-19T22:31:21.792Z</time></trkpt>
      <trkpt lat="24.706391" lon="115.357898"><time>2026-08-19T22:31:21.809Z</time></trkpt>
      <trkpt lat="24.706391" lon="115.357898"><time>2026-08-19T22:31:21.826Z</time></trkpt>
      <trkpt lat="24.706391" lon="115.357898"><time>2026-08-19T22:31:21.842Z</time></trkpt>
      <trkpt lat="24.706391" lon="115.357898"><time>2026-08-19T22:31:21.859Z</time></trkpt>
      <trkpt lat="24.706391" lon="115.357898"><time>2026-08-19T22:31:21.876Z</time></trkpt>
      <trkpt lat="24.706391" lon="115.357898"><time>2026-08-19T22:31:21.892Z</time></trkpt>
      <trkpt lat="24.706393" lon="115.357911"><time>2026-08-19T22:31:21.909Z</time></trkpt>
      <trkpt lat="24.706393" lon="115.357911"><time>2026-08-19T22:31:21.926Z</time></trkpt>
      <trkpt lat="24.706393" lon="115.357911"><time>2026-08-19T22:31:21.943Z</time></trkpt>
      <trkpt lat="24.706393" lon="115.357911"><time>2026-08-19T22:31:21.959Z</time></trkpt>
      <trkpt lat="24.706393" lon="115.357911"><time>2026-08-19T22:31:21.976Z</time></trkpt>
      <trkpt lat="24.706393" lon="115.357911"><time>2026-08-19T22:31:21.993Z</time></trkpt>
      <trkpt lat="24.706394" lon="115.357923"><time>2026-08-19T22:31:22.009Z</time></trkpt>
      <trkpt lat="24.706394" lon="115.357923"><time>2026-08-19T22:31:22.026Z</time></trkpt>
      <trkpt lat="24.706394" lon="115.357923"><time>2026-08-19T22:31:22.043Z</time></trkpt>
      <trkpt lat="24.706394" lon="115.357923"><time>2026-08-19T22:31:22.059Z</time></trkpt>
      <trkpt lat="24.706394" lon="115.357923"><time>2026-08-19T22:31:22.076Z</time></trkpt>
      <trkpt lat="24.706394" lon="115.357923"><time>2026-08-19T22:31:22.093Z</time></trkpt>
      <trkpt lat="24.706396" lon="115.357936"><time>2026-08-19T22:31:22.109Z</time></trkpt>
      <trkpt lat="24.706396" lon="115.357936"><time>2026-08-19T22:31:22.126Z</time></trkpt>
      <trkpt lat="24.706396" lon="115.357936"><time>2026-08-19T22:31:22.143Z</time></trkpt>
      <trkpt lat="24.706396" lon="115.357936"><time>2026-08-19T22:31:22.159Z</time></trkpt>
      <trkpt lat="24.706396" lon="115.357936"><time>2026-08-19T22:31:22.176Z</time></trkpt>
      <trkpt lat="24.706396" lon="115.357936"><time>2026-08-19T22:31:22.193Z</time></trkpt>
      <trkpt lat="24.706398" lon="115.357948"><time>2026-08-19T22:31:22.209Z</time></trkpt>
      <trkpt lat="24.706398" lon="115.357948"><time>2026-08-19T22:31:22.226Z</time></trkpt>
      <trkpt lat="24.706398" lon="115.357948"><time>2026-08-19T22:31:22.243Z</time></trkpt>
      <trkpt lat="24.706398" lon="115.357948"><time>2026-08-19T22:31:22.260Z</time></trkpt>
      <trkpt lat="24.706398" lon="115.357948"><time>2026-08-19T22:31:22.276Z</time></trkpt>
      <trkpt lat="24.706398" lon="115.357948"><time>2026-08-19T22:31:22.293Z</time></trkpt>
      <trkpt lat="24.7064" lon="115.357961"><time>2026-08-19T22:31:22.310Z</time></trkpt>
      <trkpt lat="24.7064" lon="115.357961"><time>2026-08-19T22:31:22.326Z</time></trkpt>
      <trkpt lat="24.7064" lon="115.357961"><time>2026-08-19T22:31:22.343Z</time></trkpt>
      <trkpt lat="24.7064" lon="115.357961"><time>2026-08-19T22:31:22.360Z</time></trkpt>
      <trkpt lat="24.7064" lon="115.357961"><time>2026-08-19T22:31:22.376Z</time></trkpt>
      <trkpt lat="24.7064" lon="115.357961"><time>2026-08-19T22:31:22.393Z</time></trkpt>
      <trkpt lat="24.706402" lon="115.357975"><time>2026-08-19T22:31:22.410Z</time></trkpt>
      <trkpt lat="24.706402" lon="115.357975"><time>2026-08-19T22:31:22.426Z</time></trkpt>
      <trkpt lat="24.706402" lon="115.357975"><time>2026-08-19T22:31:22.443Z</time></trkpt>
      <trkpt lat="24.706402" lon="115.357975"><time>2026-08-19T22:31:22.460Z</time></trkpt>
      <trkpt lat="24.706402" lon="115.357975"><time>2026-08-19T22:31:22.476Z</time></trkpt>
      <trkpt lat="24.706402" lon="115.357975"><time>2026-08-19T22:31:22.493Z</time></trkpt>
      <trkpt lat="24.706404" lon="115.357988"><time>2026-08-19T22:31:22.510Z</time></trkpt>
      <trkpt lat="24.706404" lon="115.357988"><time>2026-08-19T22:31:22.526Z</time></trkpt>
      <trkpt lat="24.706404" lon="115.357988"><time>2026-08-19T22:31:22.543Z</time></trkpt>
      <trkpt lat="24.706404" lon="115.357988"><time>2026-08-19T22:31:22.560Z</time></trkpt>
      <trkpt lat="24.706404" lon="115.357988"><time>2026-08-19T22:31:22.577Z</time></trkpt>
      <trkpt lat="24.706404" lon="115.357988"><time>2026-08-19T22:31:22.593Z</time></trkpt>
      <trkpt lat="24.706406" lon="115.358001"><time>2026-08-19T22:31:22.610Z</time></trkpt>
      <trkpt lat="24.706406" lon="115.358001"><time>2026-08-19T22:31:22.627Z</time></trkpt>
      <trkpt lat="24.706406" lon="115.358001"><time>2026-08-19T22:31:22.643Z</time></trkpt>
      <trkpt lat="24.706406" lon="115.358001"><time>2026-08-19T22:31:22.660Z</time></trkpt>
      <trkpt lat="24.706406" lon="115.358001"><time>2026-08-19T22:31:22.677Z</time></trkpt>
      <trkpt lat="24.706406" lon="115.358001"><time>2026-08-19T22:31:22.693Z</time></trkpt>
      <trkpt lat="24.706408" lon="115.358014"><time>2026-08-19T22:31:22.710Z</time></trkpt>
      <trkpt lat="24.706408" lon="115.358014"><time>2026-08-19T22:31:22.727Z</time></trkpt>
      <trkpt lat="24.706408" lon="115.358014"><time>2026-08-19T22:31:22.743Z</time></trkpt>
      <trkpt lat="24.706408" lon="115.358014"><time>2026-08-19T22:31:22.760Z</time></trkpt>
      <trkpt lat="24.706408" lon="115.358014"><time>2026-08-19T22:31:22.777Z</time></trkpt>
      <trkpt lat="24.706408" lon="115.358014"><time>2026-08-19T22:31:22.793Z</time></trkpt>
      <trkpt lat="24.70641" lon="115.358026"><time>2026-08-19T22:31:22.810Z</time></trkpt>
      <trkpt lat="24.70641" lon="115.358026"><time>2026-08-19T22:31:22.827Z</time></trkpt>
      <trkpt lat="24.70641" lon="115.358026"><time>2026-08-19T22:31:22.843Z</time></trkpt>
      <trkpt lat="24.70641" lon="115.358026"><time>2026-08-19T22:31:22.860Z</time></trkpt>
      <trkpt lat="24.70641" lon="115.358026"><time>2026-08-19T22:31:22.877Z</time></trkpt>
      <trkpt lat="24.70641" lon="115.358026"><time>2026-08-19T22:31:22.894Z</time></trkpt>
      <trkpt lat="24.706412" lon="115.35804"><time>2026-08-19T22:31:22.910Z</time></trkpt>
      <trkpt lat="24.706412" lon="115.35804"><time>2026-08-19T22:31:22.927Z</time></trkpt>
      <trkpt lat="24.706412" lon="115.35804"><time>2026-08-19T22:31:22.944Z</time></trkpt>
      <trkpt lat="24.706412" lon="115.35804"><time>2026-08-19T22:31:22.960Z</time></trkpt>
      <trkpt lat="24.706412" lon="115.35804"><time>2026-08-19T22:31:22.977Z</time></trkpt>
      <trkpt lat="24.706412" lon="115.35804"><time>2026-08-19T22:31:22.994Z</time></trkpt>
      <trkpt lat="24.706414" lon="115.358052"><time>2026-08-19T22:31:23.010Z</time></trkpt>
      <trkpt lat="24.706414" lon="115.358052"><time>2026-08-19T22:31:23.027Z</time></trkpt>
      <trkpt lat="24.706414" lon="115.358052"><time>2026-08-19T22:31:23.044Z</time></trkpt>
      <trkpt lat="24.706414" lon="115.358052"><time>2026-08-19T22:31:23.060Z</time></trkpt>
      <trkpt lat="24.706414" lon="115.358052"><time>2026-08-19T22:31:23.077Z</time></trkpt>
      <trkpt lat="24.706414" lon="115.358052"><time>2026-08-19T22:31:23.094Z</time></trkpt>
      <trkpt lat="24.706416" lon="115.358065"><time>2026-08-19T22:31:23.110Z</time></trkpt>
      <trkpt lat="24.706416" lon="115.358065"><time>2026-08-19T22:31:23.127Z</time></trkpt>
      <trkpt lat="24.706416" lon="115.358065"><time>2026-08-19T22:31:23.144Z</time></trkpt>
      <trkpt lat="24.706416" lon="115.358065"><time>2026-08-19T22:31:23.160Z</time></trkpt>
      <trkpt lat="24.706416" lon="115.358065"><time>2026-08-19T22:31:23.177Z</time></trkpt>
      <trkpt lat="24.706416" lon="115.358065"><time>2026-08-19T22:31:23.194Z</time></trkpt>
      <trkpt lat="24.706418" lon="115.358078"><time>2026-08-19T22:31:23.211Z</time></trkpt>
      <trkpt lat="24.706418" lon="115.358078"><time>2026-08-19T22:31:23.227Z</time></trkpt>
      <trkpt lat="24.706418" lon="115.358078"><time>2026-08-19T22:31:23.244Z</time></trkpt>
      <trkpt lat="24.706418" lon="115.358078"><time>2026-08-19T22:31:23.261Z</time></trkpt>
      <trkpt lat="24.706418" lon="115.358078"><time>2026-08-19T22:31:23.277Z</time></trkpt>
      <trkpt lat="24.706418" lon="115.358078"><time>2026-08-19T22:31:23.294Z</time></trkpt>
      <trkpt lat="24.706419" lon="115.358091"><time>2026-08-19T22:31:23.311Z</time></trkpt>
      <trkpt lat="24.706419" lon="115.358091"><time>2026-08-19T22:31:23.327Z</time></trkpt>
      <trkpt lat="24.706419" lon="115.358091"><time>2026-08-19T22:31:23.344Z</time></trkpt>
      <trkpt lat="24.706419" lon="115.358091"><time>2026-08-19T22:31:23.361Z</time></trkpt>
      <trkpt lat="24.706419" lon="115.358091"><time>2026-08-19T22:31:23.377Z</time></trkpt>
      <trkpt lat="24.706419" lon="115.358091"><time>2026-08-19T22:31:23.394Z</time></trkpt>
      <trkpt lat="24.706421" lon="115.358104"><time>2026-08-19T22:31:23.411Z</time></trkpt>
      <trkpt lat="24.706421" lon="115.358104"><time>2026-08-19T22:31:23.427Z</time></trkpt>
      <trkpt lat="24.706421" lon="115.358104"><time>2026-08-19T22:31:23.444Z</time></trkpt>
      <trkpt lat="24.706421" lon="115.358104"><time>2026-08-19T22:31:23.461Z</time></trkpt>
      <trkpt lat="24.706421" lon="115.358104"><time>2026-08-19T22:31:23.477Z</time></trkpt>
      <trkpt lat="24.706421" lon="115.358104"><time>2026-08-19T22:31:23.494Z</time></trkpt>
      <trkpt lat="24.706423" lon="115.358117"><time>2026-08-19T22:31:23.511Z</time></trkpt>
      <trkpt lat="24.706423" lon="115.358117"><time>2026-08-19T22:31:23.528Z</time></trkpt>
      <trkpt lat="24.706423" lon="115.358117"><time>2026-08-19T22:31:23.544Z</time></trkpt>
      <trkpt lat="24.706423" lon="115.358117"><time>2026-08-19T22:31:23.561Z</time></trkpt>
      <trkpt lat="24.706423" lon="115.358117"><time>2026-08-19T22:31:23.578Z</time></trkpt>
      <trkpt lat="24.706423" lon="115.358117"><time>2026-08-19T22:31:23.594Z</time></trkpt>
      <trkpt lat="24.706426" lon="115.35813"><time>2026-08-19T22:31:23.611Z</time></trkpt>
      <trkpt lat="24.706426" lon="115.35813"><time>2026-08-19T22:31:23.628Z</time></trkpt>
      <trkpt lat="24.706426" lon="115.35813"><time>2026-08-19T22:31:23.644Z</time></trkpt>
      <trkpt lat="24.706426" lon="115.35813"><time>2026-08-19T22:31:23.661Z</time></trkpt>
      <trkpt lat="24.706426" lon="115.35813"><time>2026-08-19T22:31:23.678Z</time></trkpt>
      <trkpt lat="24.706426" lon="115.35813"><time>2026-08-19T22:31:23.694Z</time></trkpt>
      <trkpt lat="24.706428" lon="115.358143"><time>2026-08-19T22:31:23.711Z</time></trkpt>
      <trkpt lat="24.706428" lon="115.358143"><time>2026-08-19T22:31:23.728Z</time></trkpt>
      <trkpt lat="24.706428" lon="115.358143"><time>2026-08-19T22:31:23.744Z</time></trkpt>
      <trkpt lat="24.706428" lon="115.358143"><time>2026-08-19T22:31:23.761Z</time></trkpt>
      <trkpt lat="24.706428" lon="115.358143"><time>2026-08-19T22:31:23.778Z</time></trkpt>
      <trkpt lat="24.706428" lon="115.358143"><time>2026-08-19T22:31:23.794Z</time></trkpt>
      <trkpt lat="24.70643" lon="115.358156"><time>2026-08-19T22:31:23.811Z</time></trkpt>
      <trkpt lat="24.70643" lon="115.358156"><time>2026-08-19T22:31:23.828Z</time></trkpt>
      <trkpt lat="24.70643" lon="115.358156"><time>2026-08-19T22:31:23.845Z</time></trkpt>
      <trkpt lat="24.70643" lon="115.358156"><time>2026-08-19T22:31:23.861Z</time></trkpt>
      <trkpt lat="24.70643" lon="115.358156"><time>2026-08-19T22:31:23.878Z</time></trkpt>
      <trkpt lat="24.70643" lon="115.358156"><time>2026-08-19T22:31:23.895Z</time></trkpt>
      <trkpt lat="24.706432" lon="115.358169"><time>2026-08-19T22:31:23.911Z</time></trkpt>
      <trkpt lat="24.706432" lon="115.358169"><time>2026-08-19T22:31:23.928Z</time></trkpt>
      <trkpt lat="24.706432" lon="115.358169"><time>2026-08-19T22:31:23.945Z</time></trkpt>
      <trkpt lat="24.706432" lon="115.358169"><time>2026-08-19T22:31:23.961Z</time></trkpt>
      <trkpt lat="24.706432" lon="115.358169"><time>2026-08-19T22:31:23.978Z</time></trkpt>
      <trkpt lat="24.706432" lon="115.358169"><time>2026-08-19T22:31:23.995Z</time></trkpt>
      <trkpt lat="24.706434" lon="115.358182"><time>2026-08-19T22:31:24.011Z</time></trkpt>
      <trkpt lat="24.706434" lon="115.358182"><time>2026-08-19T22:31:24.028Z</time></trkpt>
      <trkpt lat="24.706434" lon="115.358182"><time>2026-08-19T22:31:24.045Z</time></trkpt>
      <trkpt lat="24.706434" lon="115.358182"><time>2026-08-19T22:31:24.061Z</time></trkpt>
      <trkpt lat="24.706434" lon="115.358182"><time>2026-08-19T22:31:24.078Z</time></trkpt>
      <trkpt lat="24.706434" lon="115.358182"><time>2026-08-19T22:31:24.095Z</time></trkpt>
      <trkpt lat="24.706436" lon="115.358195"><time>2026-08-19T22:31:24.111Z</time></trkpt>
      <trkpt lat="24.706436" lon="115.358195"><time>2026-08-19T22:31:24.128Z</time></trkpt>
      <trkpt lat="24.706436" lon="115.358195"><time>2026-08-19T22:31:24.145Z</time></trkpt>
      <trkpt lat="24.706436" lon="115.358195"><time>2026-08-19T22:31:24.162Z</time></trkpt>
      <trkpt lat="24.706436" lon="115.358195"><time>2026-08-19T22:31:24.178Z</time></trkpt>
      <trkpt lat="24.706436" lon="115.358195"><time>2026-08-19T22:31:24.195Z</time></trkpt>
      <trkpt lat="24.706438" lon="115.358208"><time>2026-08-19T22:31:24.212Z</time></trkpt>
      <trkpt lat="24.706438" lon="115.358208"><time>2026-08-19T22:31:24.228Z</time></trkpt>
      <trkpt lat="24.706438" lon="115.358208"><time>2026-08-19T22:31:24.245Z</time></trkpt>
      <trkpt lat="24.706438" lon="115.358208"><time>2026-08-19T22:31:24.262Z</time></trkpt>
      <trkpt lat="24.706438" lon="115.358208"><time>2026-08-19T22:31:24.278Z</time></trkpt>
      <trkpt lat="24.706438" lon="115.358208"><time>2026-08-19T22:31:24.295Z</time></trkpt>
      <trkpt lat="24.70644" lon="115.358221"><time>2026-08-19T22:31:24.312Z</time></trkpt>
      <trkpt lat="24.70644" lon="115.358221"><time>2026-08-19T22:31:24.328Z</time></trkpt>
      <trkpt lat="24.70644" lon="115.358221"><time>2026-08-19T22:31:24.345Z</time></trkpt>
      <trkpt lat="24.70644" lon="115.358221"><time>2026-08-19T22:31:24.362Z</time></trkpt>
      <trkpt lat="24.70644" lon="115.358221"><time>2026-08-19T22:31:24.378Z</time></trkpt>
      <trkpt lat="24.70644" lon="115.358221"><time>2026-08-19T22:31:24.395Z</time></trkpt>
      <trkpt lat="24.706442" lon="115.358234"><time>2026-08-19T22:31:24.412Z</time></trkpt>
      <trkpt lat="24.706442" lon="115.358234"><time>2026-08-19T22:31:24.428Z</time></trkpt>
      <trkpt lat="24.706442" lon="115.358234"><time>2026-08-19T22:31:24.445Z</time></trkpt>
      <trkpt lat="24.706442" lon="115.358234"><time>2026-08-19T22:31:24.462Z</time></trkpt>
      <trkpt lat="24.706442" lon="115.358234"><time>2026-08-19T22:31:24.479Z</time></trkpt>
      <trkpt lat="24.706442" lon="115.358234"><time>2026-08-19T22:31:24.495Z</time></trkpt>
      <trkpt lat="24.706444" lon="115.358246"><time>2026-08-19T22:31:24.512Z</time></trkpt>
      <trkpt lat="24.706444" lon="115.358246"><time>2026-08-19T22:31:24.529Z</time></trkpt>
      <trkpt lat="24.706444" lon="115.358246"><time>2026-08-19T22:31:24.545Z</time></trkpt>
      <trkpt lat="24.706444" lon="115.358246"><time>2026-08-19T22:31:24.562Z</time></trkpt>
      <trkpt lat="24.706444" lon="115.358246"><time>2026-08-19T22:31:24.579Z</time></trkpt>
      <trkpt lat="24.706444" lon="115.358246"><time>2026-08-19T22:31:24.595Z</time></trkpt>
      <trkpt lat="24.706446" lon="115.35826"><time>2026-08-19T22:31:24.612Z</time></trkpt>
      <trkpt lat="24.706446" lon="115.35826"><time>2026-08-19T22:31:24.629Z</time></trkpt>
      <trkpt lat="24.706446" lon="115.35826"><time>2026-08-19T22:31:24.645Z</time></trkpt>
      <trkpt lat="24.706446" lon="115.35826"><time>2026-08-19T22:31:24.662Z</time></trkpt>
      <trkpt lat="24.706446" lon="115.35826"><time>2026-08-19T22:31:24.679Z</time></trkpt>
      <trkpt lat="24.706446" lon="115.35826"><time>2026-08-19T22:31:24.695Z</time></trkpt>
      <trkpt lat="24.706448" lon="115.358272"><time>2026-08-19T22:31:24.712Z</time></trkpt>
      <trkpt lat="24.706448" lon="115.358272"><time>2026-08-19T22:31:24.729Z</time></trkpt>
      <trkpt lat="24.706448" lon="115.358272"><time>2026-08-19T22:31:24.745Z</time></trkpt>
      <trkpt lat="24.706448" lon="115.358272"><time>2026-08-19T22:31:24.762Z</time></trkpt>
      <trkpt lat="24.706448" lon="115.358272"><time>2026-08-19T22:31:24.779Z</time></trkpt>
      <trkpt lat="24.706448" lon="115.358272"><time>2026-08-19T22:31:24.796Z</time></trkpt>
      <trkpt lat="24.706449" lon="115.358285"><time>2026-08-19T22:31:24.812Z</time></trkpt>
      <trkpt lat="24.706449" lon="115.358285"><time>2026-08-19T22:31:24.829Z</time></trkpt>
      <trkpt lat="24.706449" lon="115.358285"><time>2026-08-19T22:31:24.846Z</time></trkpt>
      <trkpt lat="24.706449" lon="115.358285"><time>2026-08-19T22:31:24.862Z</time></trkpt>
      <trkpt lat="24.706449" lon="115.358285"><time>2026-08-19T22:31:24.879Z</time></trkpt>
      <trkpt lat="24.706451" lon="115.358297"><time>2026-08-19T22:31:24.896Z</time></trkpt>
      <trkpt lat="24.706451" lon="115.358297"><time>2026-08-19T22:31:24.912Z</time></trkpt>
      <trkpt lat="24.706451" lon="115.358297"><time>2026-08-19T22:31:24.929Z</time></trkpt>
      <trkpt lat="24.706451" lon="115.358297"><time>2026-08-19T22:31:24.946Z</time></trkpt>
      <trkpt lat="24.706451" lon="115.358297"><time>2026-08-19T22:31:24.962Z</time></trkpt>
      <trkpt lat="24.706451" lon="115.358297"><time>2026-08-19T22:31:24.979Z</time></trkpt>
      <trkpt lat="24.706451" lon="115.358297"><time>2026-08-19T22:31:24.996Z</time></trkpt>
      <trkpt lat="24.706453" lon="115.358311"><time>2026-08-19T22:31:25.012Z</time></trkpt>
      <trkpt lat="24.706453" lon="115.358311"><time>2026-08-19T22:31:25.029Z</time></trkpt>
      <trkpt lat="24.706453" lon="115.358311"><time>2026-08-19T22:31:25.046Z</time></trkpt>
      <trkpt lat="24.706453" lon="115.358311"><time>2026-08-19T22:31:25.062Z</time></trkpt>
      <trkpt lat="24.706453" lon="115.358311"><time>2026-08-19T22:31:25.079Z</time></trkpt>
      <trkpt lat="24.706453" lon="115.358311"><time>2026-08-19T22:31:25.096Z</time></trkpt>
      <trkpt lat="24.706455" lon="115.358323"><time>2026-08-19T22:31:25.112Z</time></trkpt>
      <trkpt lat="24.706455" lon="115.358323"><time>2026-08-19T22:31:25.129Z</time></trkpt>
      <trkpt lat="24.706455" lon="115.358323"><time>2026-08-19T22:31:25.146Z</time></trkpt>
      <trkpt lat="24.706455" lon="115.358323"><time>2026-08-19T22:31:25.163Z</time></trkpt>
      <trkpt lat="24.706455" lon="115.358323"><time>2026-08-19T22:31:25.179Z</time></trkpt>
      <trkpt lat="24.706457" lon="115.358336"><time>2026-08-19T22:31:25.196Z</time></trkpt>
      <trkpt lat="24.706457" lon="115.358336"><time>2026-08-19T22:31:25.213Z</time></trkpt>
      <trkpt lat="24.706457" lon="115.358336"><time>2026-08-19T22:31:25.229Z</time></trkpt>
      <trkpt lat="24.706457" lon="115.358336"><time>2026-08-19T22:31:25.246Z</time></trkpt>
      <trkpt lat="24.706457" lon="115.358336"><time>2026-08-19T22:31:25.263Z</time></trkpt>
      <trkpt lat="24.706457" lon="115.358336"><time>2026-08-19T22:31:25.279Z</time></trkpt>
      <trkpt lat="24.706459" lon="115.358349"><time>2026-08-19T22:31:25.296Z</time></trkpt>
      <trkpt lat="24.706459" lon="115.358349"><time>2026-08-19T22:31:25.313Z</time></trkpt>
      <trkpt lat="24.706459" lon="115.358349"><time>2026-08-19T22:31:25.329Z</time></trkpt>
      <trkpt lat="24.706459" lon="115.358349"><time>2026-08-19T22:31:25.346Z</time></trkpt>
      <trkpt lat="24.706459" lon="115.358349"><time>2026-08-19T22:31:25.363Z</time></trkpt>
      <trkpt lat="24.706459" lon="115.358349"><time>2026-08-19T22:31:25.379Z</time></trkpt>
      <trkpt lat="24.706461" lon="115.358362"><time>2026-08-19T22:31:25.396Z</time></trkpt>
      <trkpt lat="24.706461" lon="115.358362"><time>2026-08-19T22:31:25.413Z</time></trkpt>
      <trkpt lat="24.706461" lon="115.358362"><time>2026-08-19T22:31:25.429Z</time></trkpt>
      <trkpt lat="24.706461" lon="115.358362"><time>2026-08-19T22:31:25.446Z</time></trkpt>
      <trkpt lat="24.706461" lon="115.358362"><time>2026-08-19T22:31:25.463Z</time></trkpt>
      <trkpt lat="24.706461" lon="115.358362"><time>2026-08-19T22:31:25.480Z</time></trkpt>
      <trkpt lat="24.706463" lon="115.358375"><time>2026-08-19T22:31:25.496Z</time></trkpt>
      <trkpt lat="24.706463" lon="115.358375"><time>2026-08-19T22:31:25.513Z</time></trkpt>
      <trkpt lat="24.706463" lon="115.358375"><time>2026-08-19T22:31:25.530Z</time></trkpt>
      <trkpt lat="24.706463" lon="115.358375"><time>2026-08-19T22:31:25.546Z</time></trkpt>
      <trkpt lat="24.706463" lon="115.358375"><time>2026-08-19T22:31:25.563Z</time></trkpt>
      <trkpt lat="24.706463" lon="115.358375"><time>2026-08-19T22:31:25.580Z</time></trkpt>
      <trkpt lat="24.706465" lon="115.358388"><time>2026-08-19T22:31:25.596Z</time></trkpt>
      <trkpt lat="24.706465" lon="115.358388"><time>2026-08-19T22:31:25.613Z</time></trkpt>
      <trkpt lat="24.706465" lon="115.358388"><time>2026-08-19T22:31:25.630Z</time></trkpt>
      <trkpt lat="24.706465" lon="115.358388"><time>2026-08-19T22:31:25.646Z</time></trkpt>
      <trkpt lat="24.706465" lon="115.358388"><time>2026-08-19T22:31:25.663Z</time></trkpt>
      <trkpt lat="24.706465" lon="115.358388"><time>2026-08-19T22:31:25.680Z</time></trkpt>
      <trkpt lat="24.706467" lon="115.358402"><time>2026-08-19T22:31:25.696Z</time></trkpt>
      <trkpt lat="24.706467" lon="115.358402"><time>2026-08-19T22:31:25.713Z</time></trkpt>
      <trkpt lat="24.706467" lon="115.358402"><time>2026-08-19T22:31:25.730Z</time></trkpt>
      <trkpt lat="24.706467" lon="115.358402"><time>2026-08-19T22:31:25.746Z</time></trkpt>
      <trkpt lat="24.706467" lon="115.358402"><time>2026-08-19T22:31:25.763Z</time></trkpt>
      <trkpt lat="24.706467" lon="115.358402"><time>2026-08-19T22:31:25.780Z</time></trkpt>
      <trkpt lat="24.706467" lon="115.358402"><time>2026-08-19T22:31:25.797Z</time></trkpt>
      <trkpt lat="24.706469" lon="115.358415"><time>2026-08-19T22:31:25.813Z</time></trkpt>
      <trkpt lat="24.706469" lon="115.358415"><time>2026-08-19T22:31:25.830Z</time></trkpt>
      <trkpt lat="24.706469" lon="115.358415"><time>2026-08-19T22:31:25.847Z</time></trkpt>
      <trkpt lat="24.706469" lon="115.358415"><time>2026-08-19T22:31:25.863Z</time></trkpt>
      <trkpt lat="24.706469" lon="115.358415"><time>2026-08-19T22:31:25.880Z</time></trkpt>
      <trkpt lat="24.706471" lon="115.358428"><time>2026-08-19T22:31:25.897Z</time></trkpt>
      <trkpt lat="24.706471" lon="115.358428"><time>2026-08-19T22:31:25.913Z</time></trkpt>
      <trkpt lat="24.706471" lon="115.358428"><time>2026-08-19T22:31:25.930Z</time></trkpt>
      <trkpt lat="24.706471" lon="115.358428"><time>2026-08-19T22:31:25.947Z</time></trkpt>
      <trkpt lat="24.706471" lon="115.358428"><time>2026-08-19T22:31:25.963Z</time></trkpt>
      <trkpt lat="24.706471" lon="115.358428"><time>2026-08-19T22:31:25.980Z</time></trkpt>
      <trkpt lat="24.706472" lon="115.358441"><time>2026-08-19T22:31:25.997Z</time></trkpt>
      <trkpt lat="24.706472" lon="115.358441"><time>2026-08-19T22:31:26.013Z</time></trkpt>
      <trkpt lat="24.706472" lon="115.358441"><time>2026-08-19T22:31:26.030Z</time></trkpt>
      <trkpt lat="24.706472" lon="115.358441"><time>2026-08-19T22:31:26.047Z</time></trkpt>
      <trkpt lat="24.706472" lon="115.358441"><time>2026-08-19T22:31:26.063Z</time></trkpt>
      <trkpt lat="24.706472" lon="115.358441"><time>2026-08-19T22:31:26.080Z</time></trkpt>
      <trkpt lat="24.706474" lon="115.358454"><time>2026-08-19T22:31:26.097Z</time></trkpt>
      <trkpt lat="24.706474" lon="115.358454"><time>2026-08-19T22:31:26.114Z</time></trkpt>
      <trkpt lat="24.706474" lon="115.358454"><time>2026-08-19T22:31:26.130Z</time></trkpt>
      <trkpt lat="24.706474" lon="115.358454"><time>2026-08-19T22:31:26.147Z</time></trkpt>
      <trkpt lat="24.706474" lon="115.358454"><time>2026-08-19T22:31:26.164Z</time></trkpt>
      <trkpt lat="24.706474" lon="115.358454"><time>2026-08-19T22:31:26.180Z</time></trkpt>
      <trkpt lat="24.706476" lon="115.358467"><time>2026-08-19T22:31:26.197Z</time></trkpt>
      <trkpt lat="24.706476" lon="115.358467"><time>2026-08-19T22:31:26.214Z</time></trkpt>
      <trkpt lat="24.706476" lon="115.358467"><time>2026-08-19T22:31:26.230Z</time></trkpt>
      <trkpt lat="24.706476" lon="115.358467"><time>2026-08-19T22:31:26.247Z</time></trkpt>
      <trkpt lat="24.706476" lon="115.358467"><time>2026-08-19T22:31:26.264Z</time></trkpt>
      <trkpt lat="24.706476" lon="115.358467"><time>2026-08-19T22:31:26.280Z</time></trkpt>
      <trkpt lat="24.706477" lon="115.35848"><time>2026-08-19T22:31:26.297Z</time></trkpt>
      <trkpt lat="24.706477" lon="115.35848"><time>2026-08-19T22:31:26.314Z</time></trkpt>
      <trkpt lat="24.706477" lon="115.35848"><time>2026-08-19T22:31:26.330Z</time></trkpt>
      <trkpt lat="24.706477" lon="115.35848"><time>2026-08-19T22:31:26.347Z</time></trkpt>
      <trkpt lat="24.706477" lon="115.35848"><time>2026-08-19T22:31:26.364Z</time></trkpt>
      <trkpt lat="24.706477" lon="115.35848"><time>2026-08-19T22:31:26.380Z</time></trkpt>
      <trkpt lat="24.706479" lon="115.358494"><time>2026-08-19T22:31:26.397Z</time></trkpt>
      <trkpt lat="24.706479" lon="115.358494"><time>2026-08-19T22:31:26.414Z</time></trkpt>
      <trkpt lat="24.706479" lon="115.358494"><time>2026-08-19T22:31:26.431Z</time></trkpt>
      <trkpt lat="24.706479" lon="115.358494"><time>2026-08-19T22:31:26.447Z</time></trkpt>
      <trkpt lat="24.706479" lon="115.358494"><time>2026-08-19T22:31:26.464Z</time></trkpt>
      <trkpt lat="24.706479" lon="115.358494"><time>2026-08-19T22:31:26.481Z</time></trkpt>
      <trkpt lat="24.706481" lon="115.358507"><time>2026-08-19T22:31:26.497Z</time></trkpt>
      <trkpt lat="24.706481" lon="115.358507"><time>2026-08-19T22:31:26.514Z</time></trkpt>
      <trkpt lat="24.706481" lon="115.358507"><time>2026-08-19T22:31:26.531Z</time></trkpt>
      <trkpt lat="24.706481" lon="115.358507"><time>2026-08-19T22:31:26.547Z</time></trkpt>
      <trkpt lat="24.706481" lon="115.358507"><time>2026-08-19T22:31:26.564Z</time></trkpt>
      <trkpt lat="24.706481" lon="115.358507"><time>2026-08-19T22:31:26.581Z</time></trkpt>
      <trkpt lat="24.706482" lon="115.35852"><time>2026-08-19T22:31:26.597Z</time></trkpt>
      <trkpt lat="24.706482" lon="115.35852"><time>2026-08-19T22:31:26.614Z</time></trkpt>
      <trkpt lat="24.706482" lon="115.35852"><time>2026-08-19T22:31:26.631Z</time></trkpt>
      <trkpt lat="24.706482" lon="115.35852"><time>2026-08-19T22:31:26.647Z</time></trkpt>
      <trkpt lat="24.706482" lon="115.35852"><time>2026-08-19T22:31:26.664Z</time></trkpt>
      <trkpt lat="24.706482" lon="115.35852"><time>2026-08-19T22:31:26.681Z</time></trkpt>
      <trkpt lat="24.706484" lon="115.358533"><time>2026-08-19T22:31:26.697Z</time></trkpt>
      <trkpt lat="24.706484" lon="115.358533"><time>2026-08-19T22:31:26.714Z</time></trkpt>
      <trkpt lat="24.706484" lon="115.358533"><time>2026-08-19T22:31:26.731Z</time></trkpt>
      <trkpt lat="24.706484" lon="115.358533"><time>2026-08-19T22:31:26.748Z</time></trkpt>
      <trkpt lat="24.706484" lon="115.358533"><time>2026-08-19T22:31:26.764Z</time></trkpt>
      <trkpt lat="24.706484" lon="115.358533"><time>2026-08-19T22:31:26.781Z</time></trkpt>
      <trkpt lat="24.706486" lon="115.358546"><time>2026-08-19T22:31:26.798Z</time></trkpt>
      <trkpt lat="24.706486" lon="115.358546"><time>2026-08-19T22:31:26.814Z</time></trkpt>
      <trkpt lat="24.706486" lon="115.358546"><time>2026-08-19T22:31:26.831Z</time></trkpt>
      <trkpt lat="24.706486" lon="115.358546"><time>2026-08-19T22:31:26.848Z</time></trkpt>
      <trkpt lat="24.706486" lon="115.358546"><time>2026-08-19T22:31:26.864Z</time></trkpt>
      <trkpt lat="24.706486" lon="115.358546"><time>2026-08-19T22:31:26.881Z</time></trkpt>
      <trkpt lat="24.706488" lon="115.358559"><time>2026-08-19T22:31:26.898Z</time></trkpt>
      <trkpt lat="24.706488" lon="115.358559"><time>2026-08-19T22:31:26.914Z</time></trkpt>
      <trkpt lat="24.706488" lon="115.358559"><time>2026-08-19T22:31:26.931Z</time></trkpt>
      <trkpt lat="24.706488" lon="115.358559"><time>2026-08-19T22:31:26.948Z</time></trkpt>
      <trkpt lat="24.706488" lon="115.358559"><time>2026-08-19T22:31:26.964Z</time></trkpt>
      <trkpt lat="24.706488" lon="115.358559"><time>2026-08-19T22:31:26.981Z</time></trkpt>
      <trkpt lat="24.70649" lon="115.358572"><time>2026-08-19T22:31:26.998Z</time></trkpt>
      <trkpt lat="24.70649" lon="115.358572"><time>2026-08-19T22:31:27.014Z</time></trkpt>
      <trkpt lat="24.70649" lon="115.358572"><time>2026-08-19T22:31:27.031Z</time></trkpt>
      <trkpt lat="24.70649" lon="115.358572"><time>2026-08-19T22:31:27.048Z</time></trkpt>
      <trkpt lat="24.70649" lon="115.358572"><time>2026-08-19T22:31:27.065Z</time></trkpt>
      <trkpt lat="24.70649" lon="115.358572"><time>2026-08-19T22:31:27.081Z</time></trkpt>
      <trkpt lat="24.706492" lon="115.358584"><time>2026-08-19T22:31:27.098Z</time></trkpt>
      <trkpt lat="24.706492" lon="115.358584"><time>2026-08-19T22:31:27.115Z</time></trkpt>
      <trkpt lat="24.706492" lon="115.358584"><time>2026-08-19T22:31:27.131Z</time></trkpt>
      <trkpt lat="24.706492" lon="115.358584"><time>2026-08-19T22:31:27.148Z</time></trkpt>
      <trkpt lat="24.706492" lon="115.358584"><time>2026-08-19T22:31:27.165Z</time></trkpt>
      <trkpt lat="24.706492" lon="115.358584"><time>2026-08-19T22:31:27.181Z</time></trkpt>
      <trkpt lat="24.706494" lon="115.358597"><time>2026-08-19T22:31:27.198Z</time></trkpt>
      <trkpt lat="24.706494" lon="115.358597"><time>2026-08-19T22:31:27.215Z</time></trkpt>
      <trkpt lat="24.706494" lon="115.358597"><time>2026-08-19T22:31:27.231Z</time></trkpt>
      <trkpt lat="24.706494" lon="115.358597"><time>2026-08-19T22:31:27.248Z</time></trkpt>
      <trkpt lat="24.706494" lon="115.358597"><time>2026-08-19T22:31:27.265Z</time></trkpt>
      <trkpt lat="24.706494" lon="115.358597"><time>2026-08-19T22:31:27.281Z</time></trkpt>
      <trkpt lat="24.706496" lon="115.35861"><time>2026-08-19T22:31:27.298Z</time></trkpt>
      <trkpt lat="24.706496" lon="115.35861"><time>2026-08-19T22:31:27.315Z</time></trkpt>
      <trkpt lat="24.706496" lon="115.35861"><time>2026-08-19T22:31:27.331Z</time></trkpt>
      <trkpt lat="24.706496" lon="115.35861"><time>2026-08-19T22:31:27.348Z</time></trkpt>
      <trkpt lat="24.706496" lon="115.35861"><time>2026-08-19T22:31:27.365Z</time></trkpt>
      <trkpt lat="24.706496" lon="115.35861"><time>2026-08-19T22:31:27.382Z</time></trkpt>
      <trkpt lat="24.706497" lon="115.358623"><time>2026-08-19T22:31:27.398Z</time></trkpt>
      <trkpt lat="24.706497" lon="115.358623"><time>2026-08-19T22:31:27.415Z</time></trkpt>
      <trkpt lat="24.706497" lon="115.358623"><time>2026-08-19T22:31:27.432Z</time></trkpt>
      <trkpt lat="24.706497" lon="115.358623"><time>2026-08-19T22:31:27.448Z</time></trkpt>
      <trkpt lat="24.706497" lon="115.358623"><time>2026-08-19T22:31:27.465Z</time></trkpt>
      <trkpt lat="24.706497" lon="115.358623"><time>2026-08-19T22:31:27.482Z</time></trkpt>
      <trkpt lat="24.706499" lon="115.358636"><time>2026-08-19T22:31:27.498Z</time></trkpt>
      <trkpt lat="24.706499" lon="115.358636"><time>2026-08-19T22:31:27.515Z</time></trkpt>
      <trkpt lat="24.706499" lon="115.358636"><time>2026-08-19T22:31:27.532Z</time></trkpt>
      <trkpt lat="24.706499" lon="115.358636"><time>2026-08-19T22:31:27.548Z</time></trkpt>
      <trkpt lat="24.706499" lon="115.358636"><time>2026-08-19T22:31:27.565Z</time></trkpt>
      <trkpt lat="24.706499" lon="115.358636"><time>2026-08-19T22:31:27.582Z</time></trkpt>
      <trkpt lat="24.706501" lon="115.358649"><time>2026-08-19T22:31:27.598Z</time></trkpt>
      <trkpt lat="24.706501" lon="115.358649"><time>2026-08-19T22:31:27.615Z</time></trkpt>
      <trkpt lat="24.706501" lon="115.358649"><time>2026-08-19T22:31:27.632Z</time></trkpt>
      <trkpt lat="24.706501" lon="115.358649"><time>2026-08-19T22:31:27.648Z</time></trkpt>
      <trkpt lat="24.706501" lon="115.358649"><time>2026-08-19T22:31:27.665Z</time></trkpt>
      <trkpt lat="24.706501" lon="115.358649"><time>2026-08-19T22:31:27.682Z</time></trkpt>
      <trkpt lat="24.706503" lon="115.358663"><time>2026-08-19T22:31:27.699Z</time></trkpt>
      <trkpt lat="24.706503" lon="115.358663"><time>2026-08-19T22:31:27.715Z</time></trkpt>
      <trkpt lat="24.706503" lon="115.358663"><time>2026-08-19T22:31:27.732Z</time></trkpt>
      <trkpt lat="24.706503" lon="115.358663"><time>2026-08-19T22:31:27.749Z</time></trkpt>
      <trkpt lat="24.706503" lon="115.358663"><time>2026-08-19T22:31:27.765Z</time></trkpt>
      <trkpt lat="24.706503" lon="115.358663"><time>2026-08-19T22:31:27.782Z</time></trkpt>
      <trkpt lat="24.706505" lon="115.358676"><time>2026-08-19T22:31:27.799Z</time></trkpt>
      <trkpt lat="24.706505" lon="115.358676"><time>2026-08-19T22:31:27.815Z</time></trkpt>
      <trkpt lat="24.706505" lon="115.358676"><time>2026-08-19T22:31:27.832Z</time></trkpt>
      <trkpt lat="24.706505" lon="115.358676"><time>2026-08-19T22:31:27.849Z</time></trkpt>
      <trkpt lat="24.706505" lon="115.358676"><time>2026-08-19T22:31:27.865Z</time></trkpt>
      <trkpt lat="24.706505" lon="115.358676"><time>2026-08-19T22:31:27.882Z</time></trkpt>
      <trkpt lat="24.706507" lon="115.358689"><time>2026-08-19T22:31:27.899Z</time></trkpt>
      <trkpt lat="24.706507" lon="115.358689"><time>2026-08-19T22:31:27.915Z</time></trkpt>
      <trkpt lat="24.706507" lon="115.358689"><time>2026-08-19T22:31:27.932Z</time></trkpt>
      <trkpt lat="24.706507" lon="115.358689"><time>2026-08-19T22:31:27.949Z</time></trkpt>
      <trkpt lat="24.706507" lon="115.358689"><time>2026-08-19T22:31:27.965Z</time></trkpt>
      <trkpt lat="24.706507" lon="115.358689"><time>2026-08-19T22:31:27.982Z</time></trkpt>
      <trkpt lat="24.706509" lon="115.358702"><time>2026-08-19T22:31:27.999Z</time></trkpt>
      <trkpt lat="24.706509" lon="115.358702"><time>2026-08-19T22:31:28.016Z</time></trkpt>
      <trkpt lat="24.706509" lon="115.358702"><time>2026-08-19T22:31:28.032Z</time></trkpt>
      <trkpt lat="24.706509" lon="115.358702"><time>2026-08-19T22:31:28.049Z</time></trkpt>
      <trkpt lat="24.706509" lon="115.358702"><time>2026-08-19T22:31:28.066Z</time></trkpt>
      <trkpt lat="24.706509" lon="115.358702"><time>2026-08-19T22:31:28.082Z</time></trkpt>
      <trkpt lat="24.706511" lon="115.358715"><time>2026-08-19T22:31:28.099Z</time></trkpt>
      <trkpt lat="24.706511" lon="115.358715"><time>2026-08-19T22:31:28.116Z</time></trkpt>
      <trkpt lat="24.706511" lon="115.358715"><time>2026-08-19T22:31:28.132Z</time></trkpt>
      <trkpt lat="24.706511" lon="115.358715"><time>2026-08-19T22:31:28.149Z</time></trkpt>
      <trkpt lat="24.706511" lon="115.358715"><time>2026-08-19T22:31:28.166Z</time></trkpt>
      <trkpt lat="24.706511" lon="115.358715"><time>2026-08-19T22:31:28.182Z</time></trkpt>
      <trkpt lat="24.706513" lon="115.358728"><time>2026-08-19T22:31:28.199Z</time></trkpt>
      <trkpt lat="24.706513" lon="115.358728"><time>2026-08-19T22:31:28.216Z</time></trkpt>
      <trkpt lat="24.706513" lon="115.358728"><time>2026-08-19T22:31:28.232Z</time></trkpt>
      <trkpt lat="24.706513" lon="115.358728"><time>2026-08-19T22:31:28.249Z</time></trkpt>
      <trkpt lat="24.706513" lon="115.358728"><time>2026-08-19T22:31:28.266Z</time></trkpt>
      <trkpt lat="24.706513" lon="115.358728"><time>2026-08-19T22:31:28.282Z</time></trkpt>
      <trkpt lat="24.706515" lon="115.358741"><time>2026-08-19T22:31:28.299Z</time></trkpt>
      <trkpt lat="24.706515" lon="115.358741"><time>2026-08-19T22:31:28.316Z</time></trkpt>
      <trkpt lat="24.706515" lon="115.358741"><time>2026-08-19T22:31:28.333Z</time></trkpt>
      <trkpt lat="24.706515" lon="115.358741"><time>2026-08-19T22:31:28.349Z</time></trkpt>
      <trkpt lat="24.706515" lon="115.358741"><time>2026-08-19T22:31:28.366Z</time></trkpt>
      <trkpt lat="24.706515" lon="115.358741"><time>2026-08-19T22:31:28.383Z</time></trkpt>
      <trkpt lat="24.706517" lon="115.358753"><time>2026-08-19T22:31:28.399Z</time></trkpt>
      <trkpt lat="24.706517" lon="115.358753"><time>2026-08-19T22:31:28.416Z</time></trkpt>
      <trkpt lat="24.706517" lon="115.358753"><time>2026-08-19T22:31:28.433Z</time></trkpt>
      <trkpt lat="24.706517" lon="115.358753"><time>2026-08-19T22:31:28.449Z</time></trkpt>
      <trkpt lat="24.706517" lon="115.358753"><time>2026-08-19T22:31:28.466Z</time></trkpt>
      <trkpt lat="24.706517" lon="115.358753"><time>2026-08-19T22:31:28.483Z</time></trkpt>
      <trkpt lat="24.706519" lon="115.358766"><time>2026-08-19T22:31:28.499Z</time></trkpt>
      <trkpt lat="24.706519" lon="115.358766"><time>2026-08-19T22:31:28.516Z</time></trkpt>
      <trkpt lat="24.706519" lon="115.358766"><time>2026-08-19T22:31:28.533Z</time></trkpt>
      <trkpt lat="24.706519" lon="115.358766"><time>2026-08-19T22:31:28.549Z</time></trkpt>
      <trkpt lat="24.706519" lon="115.358766"><time>2026-08-19T22:31:28.566Z</time></trkpt>
      <trkpt lat="24.706519" lon="115.358766"><time>2026-08-19T22:31:28.583Z</time></trkpt>
      <trkpt lat="24.706521" lon="115.358779"><time>2026-08-19T22:31:28.599Z</time></trkpt>
      <trkpt lat="24.706521" lon="115.358779"><time>2026-08-19T22:31:28.616Z</time></trkpt>
      <trkpt lat="24.706521" lon="115.358779"><time>2026-08-19T22:31:28.633Z</time></trkpt>
      <trkpt lat="24.706521" lon="115.358779"><time>2026-08-19T22:31:28.650Z</time></trkpt>
      <trkpt lat="24.706521" lon="115.358779"><time>2026-08-19T22:31:28.666Z</time></trkpt>
      <trkpt lat="24.706521" lon="115.358779"><time>2026-08-19T22:31:28.683Z</time></trkpt>
      <trkpt lat="24.706523" lon="115.358792"><time>2026-08-19T22:31:28.700Z</time></trkpt>
      <trkpt lat="24.706523" lon="115.358792"><time>2026-08-19T22:31:28.716Z</time></trkpt>
      <trkpt lat="24.706523" lon="115.358792"><time>2026-08-19T22:31:28.733Z</time></trkpt>
      <trkpt lat="24.706523" lon="115.358792"><time>2026-08-19T22:31:28.750Z</time></trkpt>
      <trkpt lat="24.706523" lon="115.358792"><time>2026-08-19T22:31:28.766Z</time></trkpt>
      <trkpt lat="24.706523" lon="115.358792"><time>2026-08-19T22:31:28.783Z</time></trkpt>
      <trkpt lat="24.706526" lon="115.358804"><time>2026-08-19T22:31:28.800Z</time></trkpt>
      <trkpt lat="24.706526" lon="115.358804"><time>2026-08-19T22:31:28.816Z</time></trkpt>
      <trkpt lat="24.706526" lon="115.358804"><time>2026-08-19T22:31:28.833Z</time></trkpt>
      <trkpt lat="24.706526" lon="115.358804"><time>2026-08-19T22:31:28.850Z</time></trkpt>
      <trkpt lat="24.706526" lon="115.358804"><time>2026-08-19T22:31:28.866Z</time></trkpt>
      <trkpt lat="24.706526" lon="115.358804"><time>2026-08-19T22:31:28.883Z</time></trkpt>
      <trkpt lat="24.706528" lon="115.358817"><time>2026-08-19T22:31:28.900Z</time></trkpt>
      <trkpt lat="24.706528" lon="115.358817"><time>2026-08-19T22:31:28.916Z</time></trkpt>
      <trkpt lat="24.706528" lon="115.358817"><time>2026-08-19T22:31:28.933Z</time></trkpt>
      <trkpt lat="24.706528" lon="115.358817"><time>2026-08-19T22:31:28.950Z</time></trkpt>
      <trkpt lat="24.706528" lon="115.358817"><time>2026-08-19T22:31:28.967Z</time></trkpt>
      <trkpt lat="24.706528" lon="115.358817"><time>2026-08-19T22:31:28.983Z</time></trkpt>
      <trkpt lat="24.70653" lon="115.35883"><time>2026-08-19T22:31:29.000Z</time></trkpt>
      <trkpt lat="24.70653" lon="115.35883"><time>2026-08-19T22:31:29.017Z</time></trkpt>
      <trkpt lat="24.70653" lon="115.35883"><time>2026-08-19T22:31:29.033Z</time></trkpt>
      <trkpt lat="24.70653" lon="115.35883"><time>2026-08-19T22:31:29.050Z</time></trkpt>
      <trkpt lat="24.70653" lon="115.35883"><time>2026-08-19T22:31:29.067Z</time></trkpt>
      <trkpt lat="24.70653" lon="115.35883"><time>2026-08-19T22:31:29.083Z</time></trkpt>
      <trkpt lat="24.706531" lon="115.358843"><time>2026-08-19T22:31:29.100Z</time></trkpt>
      <trkpt lat="24.706531" lon="115.358843"><time>2026-08-19T22:31:29.117Z</time></trkpt>
      <trkpt lat="24.706531" lon="115.358843"><time>2026-08-19T22:31:29.133Z</time></trkpt>
      <trkpt lat="24.706531" lon="115.358843"><time>2026-08-19T22:31:29.150Z</time></trkpt>
      <trkpt lat="24.706531" lon="115.358843"><time>2026-08-19T22:31:29.167Z</time></trkpt>
      <trkpt lat="24.706531" lon="115.358843"><time>2026-08-19T22:31:29.183Z</time></trkpt>
      <trkpt lat="24.706533" lon="115.358857"><time>2026-08-19T22:31:29.200Z</time></trkpt>
      <trkpt lat="24.706533" lon="115.358857"><time>2026-08-19T22:31:29.217Z</time></trkpt>
      <trkpt lat="24.706533" lon="115.358857"><time>2026-08-19T22:31:29.233Z</time></trkpt>
      <trkpt lat="24.706533" lon="115.358857"><time>2026-08-19T22:31:29.250Z</time></trkpt>
      <trkpt lat="24.706533" lon="115.358857"><time>2026-08-19T22:31:29.267Z</time></trkpt>
      <trkpt lat="24.706533" lon="115.358857"><time>2026-08-19T22:31:29.284Z</time></trkpt>
      <trkpt lat="24.706535" lon="115.358869"><time>2026-08-19T22:31:29.300Z</time></trkpt>
      <trkpt lat="24.706535" lon="115.358869"><time>2026-08-19T22:31:29.317Z</time></trkpt>
      <trkpt lat="24.706535" lon="115.358869"><time>2026-08-19T22:31:29.334Z</time></trkpt>
      <trkpt lat="24.706535" lon="115.358869"><time>2026-08-19T22:31:29.350Z</time></trkpt>
      <trkpt lat="24.706535" lon="115.358869"><time>2026-08-19T22:31:29.367Z</time></trkpt>
      <trkpt lat="24.706535" lon="115.358869"><time>2026-08-19T22:31:29.384Z</time></trkpt>
      <trkpt lat="24.706537" lon="115.358882"><time>2026-08-19T22:31:29.400Z</time></trkpt>
      <trkpt lat="24.706537" lon="115.358882"><time>2026-08-19T22:31:29.417Z</time></trkpt>
      <trkpt lat="24.706537" lon="115.358882"><time>2026-08-19T22:31:29.434Z</time></trkpt>
      <trkpt lat="24.706537" lon="115.358882"><time>2026-08-19T22:31:29.450Z</time></trkpt>
      <trkpt lat="24.706537" lon="115.358882"><time>2026-08-19T22:31:29.467Z</time></trkpt>
      <trkpt lat="24.706537" lon="115.358882"><time>2026-08-19T22:31:29.484Z</time></trkpt>
      <trkpt lat="24.706539" lon="115.358895"><time>2026-08-19T22:31:29.500Z</time></trkpt>
      <trkpt lat="24.706539" lon="115.358895"><time>2026-08-19T22:31:29.517Z</time></trkpt>
      <trkpt lat="24.706539" lon="115.358895"><time>2026-08-19T22:31:29.534Z</time></trkpt>
      <trkpt lat="24.706539" lon="115.358895"><time>2026-08-19T22:31:29.550Z</time></trkpt>
      <trkpt lat="24.706539" lon="115.358895"><time>2026-08-19T22:31:29.567Z</time></trkpt>
      <trkpt lat="24.706539" lon="115.358895"><time>2026-08-19T22:31:29.584Z</time></trkpt>
      <trkpt lat="24.706542" lon="115.358909"><time>2026-08-19T22:31:29.601Z</time></trkpt>
      <trkpt lat="24.706542" lon="115.358909"><time>2026-08-19T22:31:29.617Z</time></trkpt>
      <trkpt lat="24.706542" lon="115.358909"><time>2026-08-19T22:31:29.634Z</time></trkpt>
      <trkpt lat="24.706542" lon="115.358909"><time>2026-08-19T22:31:29.651Z</time></trkpt>
      <trkpt lat="24.706542" lon="115.358909"><time>2026-08-19T22:31:29.667Z</time></trkpt>
      <trkpt lat="24.706542" lon="115.358909"><time>2026-08-19T22:31:29.684Z</time></trkpt>
      <trkpt lat="24.706543" lon="115.358922"><time>2026-08-19T22:31:29.701Z</time></trkpt>
      <trkpt lat="24.706543" lon="115.358922"><time>2026-08-19T22:31:29.717Z</time></trkpt>
      <trkpt lat="24.706543" lon="115.358922"><time>2026-08-19T22:31:29.734Z</time></trkpt>
      <trkpt lat="24.706543" lon="115.358922"><time>2026-08-19T22:31:29.751Z</time></trkpt>
      <trkpt lat="24.706543" lon="115.358922"><time>2026-08-19T22:31:29.767Z</time></trkpt>
      <trkpt lat="24.706543" lon="115.358922"><time>2026-08-19T22:31:29.784Z</time></trkpt>
      <trkpt lat="24.706545" lon="115.358935"><time>2026-08-19T22:31:29.801Z</time></trkpt>
      <trkpt lat="24.706545" lon="115.358935"><time>2026-08-19T22:31:29.817Z</time></trkpt>
      <trkpt lat="24.706545" lon="115.358935"><time>2026-08-19T22:31:29.834Z</time></trkpt>
      <trkpt lat="24.706545" lon="115.358935"><time>2026-08-19T22:31:29.851Z</time></trkpt>
      <trkpt lat="24.706545" lon="115.358935"><time>2026-08-19T22:31:29.867Z</time></trkpt>
      <trkpt lat="24.706545" lon="115.358935"><time>2026-08-19T22:31:29.884Z</time></trkpt>
      <trkpt lat="24.706547" lon="115.358948"><time>2026-08-19T22:31:29.901Z</time></trkpt>
      <trkpt lat="24.706547" lon="115.358948"><time>2026-08-19T22:31:29.918Z</time></trkpt>
      <trkpt lat="24.706547" lon="115.358948"><time>2026-08-19T22:31:29.934Z</time></trkpt>
      <trkpt lat="24.706547" lon="115.358948"><time>2026-08-19T22:31:29.951Z</time></trkpt>
      <trkpt lat="24.706547" lon="115.358948"><time>2026-08-19T22:31:29.968Z</time></trkpt>
      <trkpt lat="24.706547" lon="115.358948"><time>2026-08-19T22:31:29.984Z</time></trkpt>
      <trkpt lat="24.706549" lon="115.358962"><time>2026-08-19T22:31:30.001Z</time></trkpt>
      <trkpt lat="24.706549" lon="115.358962"><time>2026-08-19T22:31:30.018Z</time></trkpt>
      <trkpt lat="24.706549" lon="115.358962"><time>2026-08-19T22:31:30.034Z</time></trkpt>
      <trkpt lat="24.706549" lon="115.358962"><time>2026-08-19T22:31:30.051Z</time></trkpt>
      <trkpt lat="24.706549" lon="115.358962"><time>2026-08-19T22:31:30.068Z</time></trkpt>
      <trkpt lat="24.706549" lon="115.358962"><time>2026-08-19T22:31:30.084Z</time></trkpt>
      <trkpt lat="24.706551" lon="115.358975"><time>2026-08-19T22:31:30.101Z</time></trkpt>
      <trkpt lat="24.706551" lon="115.358975"><time>2026-08-19T22:31:30.118Z</time></trkpt>
      <trkpt lat="24.706551" lon="115.358975"><time>2026-08-19T22:31:30.134Z</time></trkpt>
      <trkpt lat="24.706551" lon="115.358975"><time>2026-08-19T22:31:30.151Z</time></trkpt>
      <trkpt lat="24.706551" lon="115.358975"><time>2026-08-19T22:31:30.168Z</time></trkpt>
      <trkpt lat="24.706551" lon="115.358975"><time>2026-08-19T22:31:30.184Z</time></trkpt>
      <trkpt lat="24.706553" lon="115.358988"><time>2026-08-19T22:31:30.201Z</time></trkpt>
      <trkpt lat="24.706553" lon="115.358988"><time>2026-08-19T22:31:30.218Z</time></trkpt>
      <trkpt lat="24.706553" lon="115.358988"><time>2026-08-19T22:31:30.235Z</time></trkpt>
      <trkpt lat="24.706553" lon="115.358988"><time>2026-08-19T22:31:30.251Z</time></trkpt>
      <trkpt lat="24.706553" lon="115.358988"><time>2026-08-19T22:31:30.268Z</time></trkpt>
      <trkpt lat="24.706553" lon="115.358988"><time>2026-08-19T22:31:30.285Z</time></trkpt>
      <trkpt lat="24.706555" lon="115.359001"><time>2026-08-19T22:31:30.301Z</time></trkpt>
      <trkpt lat="24.706555" lon="115.359001"><time>2026-08-19T22:31:30.318Z</time></trkpt>
      <trkpt lat="24.706555" lon="115.359001"><time>2026-08-19T22:31:30.335Z</time></trkpt>
      <trkpt lat="24.706555" lon="115.359001"><time>2026-08-19T22:31:30.351Z</time></trkpt>
      <trkpt lat="24.706555" lon="115.359001"><time>2026-08-19T22:31:30.368Z</time></trkpt>
      <trkpt lat="24.706555" lon="115.359001"><time>2026-08-19T22:31:30.385Z</time></trkpt>
      <trkpt lat="24.706557" lon="115.359014"><time>2026-08-19T22:31:30.401Z</time></trkpt>
      <trkpt lat="24.706557" lon="115.359014"><time>2026-08-19T22:31:30.418Z</time></trkpt>
      <trkpt lat="24.706557" lon="115.359014"><time>2026-08-19T22:31:30.435Z</time></trkpt>
      <trkpt lat="24.706557" lon="115.359014"><time>2026-08-19T22:31:30.451Z</time></trkpt>
      <trkpt lat="24.706557" lon="115.359014"><time>2026-08-19T22:31:30.468Z</time></trkpt>
      <trkpt lat="24.706557" lon="115.359014"><time>2026-08-19T22:31:30.485Z</time></trkpt>
      <trkpt lat="24.706559" lon="115.359027"><time>2026-08-19T22:31:30.501Z</time></trkpt>
      <trkpt lat="24.706559" lon="115.359027"><time>2026-08-19T22:31:30.518Z</time></trkpt>
      <trkpt lat="24.706559" lon="115.359027"><time>2026-08-19T22:31:30.535Z</time></trkpt>
      <trkpt lat="24.706559" lon="115.359027"><time>2026-08-19T22:31:30.552Z</time></trkpt>
      <trkpt lat="24.706559" lon="115.359027"><time>2026-08-19T22:31:30.568Z</time></trkpt>
      <trkpt lat="24.706559" lon="115.359027"><time>2026-08-19T22:31:30.585Z</time></trkpt>
      <trkpt lat="24.706561" lon="115.359041"><time>2026-08-19T22:31:30.602Z</time></trkpt>
      <trkpt lat="24.706561" lon="115.359041"><time>2026-08-19T22:31:30.618Z</time></trkpt>
      <trkpt lat="24.706561" lon="115.359041"><time>2026-08-19T22:31:30.635Z</time></trkpt>
      <trkpt lat="24.706561" lon="115.359041"><time>2026-08-19T22:31:30.652Z</time></trkpt>
      <trkpt lat="24.706561" lon="115.359041"><time>2026-08-19T22:31:30.668Z</time></trkpt>
      <trkpt lat="24.706561" lon="115.359041"><time>2026-08-19T22:31:30.685Z</time></trkpt>
      <trkpt lat="24.706563" lon="115.359054"><time>2026-08-19T22:31:30.702Z</time></trkpt>
      <trkpt lat="24.706563" lon="115.359054"><time>2026-08-19T22:31:30.718Z</time></trkpt>
      <trkpt lat="24.706563" lon="115.359054"><time>2026-08-19T22:31:30.735Z</time></trkpt>
      <trkpt lat="24.706563" lon="115.359054"><time>2026-08-19T22:31:30.752Z</time></trkpt>
      <trkpt lat="24.706563" lon="115.359054"><time>2026-08-19T22:31:30.768Z</time></trkpt>
      <trkpt lat="24.706563" lon="115.359054"><time>2026-08-19T22:31:30.785Z</time></trkpt>
      <trkpt lat="24.706565" lon="115.359067"><time>2026-08-19T22:31:30.802Z</time></trkpt>
      <trkpt lat="24.706565" lon="115.359067"><time>2026-08-19T22:31:30.818Z</time></trkpt>
      <trkpt lat="24.706565" lon="115.359067"><time>2026-08-19T22:31:30.835Z</time></trkpt>
      <trkpt lat="24.706565" lon="115.359067"><time>2026-08-19T22:31:30.852Z</time></trkpt>
      <trkpt lat="24.706565" lon="115.359067"><time>2026-08-19T22:31:30.869Z</time></trkpt>
      <trkpt lat="24.706565" lon="115.359067"><time>2026-08-19T22:31:30.885Z</time></trkpt>
      <trkpt lat="24.706567" lon="115.35908"><time>2026-08-19T22:31:30.902Z</time></trkpt>
      <trkpt lat="24.706567" lon="115.35908"><time>2026-08-19T22:31:30.919Z</time></trkpt>
      <trkpt lat="24.706567" lon="115.35908"><time>2026-08-19T22:31:30.935Z</time></trkpt>
      <trkpt lat="24.706567" lon="115.35908"><time>2026-08-19T22:31:30.952Z</time></trkpt>
      <trkpt lat="24.706567" lon="115.35908"><time>2026-08-19T22:31:30.969Z</time></trkpt>
      <trkpt lat="24.706567" lon="115.35908"><time>2026-08-19T22:31:30.985Z</time></trkpt>
      <trkpt lat="24.706569" lon="115.359094"><time>2026-08-19T22:31:31.002Z</time></trkpt>
      <trkpt lat="24.706569" lon="115.359094"><time>2026-08-19T22:31:31.019Z</time></trkpt>
      <trkpt lat="24.706569" lon="115.359094"><time>2026-08-19T22:31:31.035Z</time></trkpt>
      <trkpt lat="24.706569" lon="115.359094"><time>2026-08-19T22:31:31.052Z</time></trkpt>
      <trkpt lat="24.706569" lon="115.359094"><time>2026-08-19T22:31:31.069Z</time></trkpt>
      <trkpt lat="24.706569" lon="115.359094"><time>2026-08-19T22:31:31.085Z</time></trkpt>
      <trkpt lat="24.706571" lon="115.359108"><time>2026-08-19T22:31:31.102Z</time></trkpt>
      <trkpt lat="24.706571" lon="115.359108"><time>2026-08-19T22:31:31.119Z</time></trkpt>
      <trkpt lat="24.706571" lon="115.359108"><time>2026-08-19T22:31:31.135Z</time></trkpt>
      <trkpt lat="24.706571" lon="115.359108"><time>2026-08-19T22:31:31.152Z</time></trkpt>
      <trkpt lat="24.706571" lon="115.359108"><time>2026-08-19T22:31:31.169Z</time></trkpt>
      <trkpt lat="24.706571" lon="115.359108"><time>2026-08-19T22:31:31.186Z</time></trkpt>
      <trkpt lat="24.706573" lon="115.359121"><time>2026-08-19T22:31:31.202Z</time></trkpt>
      <trkpt lat="24.706573" lon="115.359121"><time>2026-08-19T22:31:31.219Z</time></trkpt>
      <trkpt lat="24.706573" lon="115.359121"><time>2026-08-19T22:31:31.236Z</time></trkpt>
      <trkpt lat="24.706573" lon="115.359121"><time>2026-08-19T22:31:31.252Z</time></trkpt>
      <trkpt lat="24.706573" lon="115.359121"><time>2026-08-19T22:31:31.269Z</time></trkpt>
      <trkpt lat="24.706573" lon="115.359121"><time>2026-08-19T22:31:31.286Z</time></trkpt>
      <trkpt lat="24.706575" lon="115.359134"><time>2026-08-19T22:31:31.302Z</time></trkpt>
      <trkpt lat="24.706575" lon="115.359134"><time>2026-08-19T22:31:31.319Z</time></trkpt>
      <trkpt lat="24.706575" lon="115.359134"><time>2026-08-19T22:31:31.336Z</time></trkpt>
      <trkpt lat="24.706575" lon="115.359134"><time>2026-08-19T22:31:31.352Z</time></trkpt>
      <trkpt lat="24.706575" lon="115.359134"><time>2026-08-19T22:31:31.369Z</time></trkpt>
      <trkpt lat="24.706575" lon="115.359134"><time>2026-08-19T22:31:31.386Z</time></trkpt>
      <trkpt lat="24.706578" lon="115.359147"><time>2026-08-19T22:31:31.402Z</time></trkpt>
      <trkpt lat="24.706578" lon="115.359147"><time>2026-08-19T22:31:31.419Z</time></trkpt>
      <trkpt lat="24.706578" lon="115.359147"><time>2026-08-19T22:31:31.436Z</time></trkpt>
      <trkpt lat="24.706578" lon="115.359147"><time>2026-08-19T22:31:31.452Z</time></trkpt>
      <trkpt lat="24.706578" lon="115.359147"><time>2026-08-19T22:31:31.469Z</time></trkpt>
      <trkpt lat="24.706578" lon="115.359147"><time>2026-08-19T22:31:31.486Z</time></trkpt>
      <trkpt lat="24.70658" lon="115.359161"><time>2026-08-19T22:31:31.503Z</time></trkpt>
      <trkpt lat="24.70658" lon="115.359161"><time>2026-08-19T22:31:31.519Z</time></trkpt>
      <trkpt lat="24.70658" lon="115.359161"><time>2026-08-19T22:31:31.536Z</time></trkpt>
      <trkpt lat="24.70658" lon="115.359161"><time>2026-08-19T22:31:31.553Z</time></trkpt>
      <trkpt lat="24.70658" lon="115.359161"><time>2026-08-19T22:31:31.569Z</time></trkpt>
      <trkpt lat="24.70658" lon="115.359161"><time>2026-08-19T22:31:31.586Z</time></trkpt>
      <trkpt lat="24.706582" lon="115.359174"><time>2026-08-19T22:31:31.603Z</time></trkpt>
      <trkpt lat="24.706582" lon="115.359174"><time>2026-08-19T22:31:31.619Z</time></trkpt>
      <trkpt lat="24.706582" lon="115.359174"><time>2026-08-19T22:31:31.636Z</time></trkpt>
      <trkpt lat="24.706582" lon="115.359174"><time>2026-08-19T22:31:31.653Z</time></trkpt>
      <trkpt lat="24.706582" lon="115.359174"><time>2026-08-19T22:31:31.669Z</time></trkpt>
      <trkpt lat="24.706582" lon="115.359174"><time>2026-08-19T22:31:31.686Z</time></trkpt>
      <trkpt lat="24.706584" lon="115.359187"><time>2026-08-19T22:31:31.703Z</time></trkpt>
      <trkpt lat="24.706584" lon="115.359187"><time>2026-08-19T22:31:31.719Z</time></trkpt>
      <trkpt lat="24.706584" lon="115.359187"><time>2026-08-19T22:31:31.736Z</time></trkpt>
      <trkpt lat="24.706584" lon="115.359187"><time>2026-08-19T22:31:31.753Z</time></trkpt>
      <trkpt lat="24.706584" lon="115.359187"><time>2026-08-19T22:31:31.769Z</time></trkpt>
      <trkpt lat="24.706584" lon="115.359187"><time>2026-08-19T22:31:31.786Z</time></trkpt>
      <trkpt lat="24.706586" lon="115.3592"><time>2026-08-19T22:31:31.803Z</time></trkpt>
      <trkpt lat="24.706586" lon="115.3592"><time>2026-08-19T22:31:31.819Z</time></trkpt>
      <trkpt lat="24.706586" lon="115.3592"><time>2026-08-19T22:31:31.836Z</time></trkpt>
      <trkpt lat="24.706586" lon="115.3592"><time>2026-08-19T22:31:31.853Z</time></trkpt>
      <trkpt lat="24.706586" lon="115.3592"><time>2026-08-19T22:31:31.870Z</time></trkpt>
      <trkpt lat="24.706586" lon="115.3592"><time>2026-08-19T22:31:31.886Z</time></trkpt>
      <trkpt lat="24.706588" lon="115.359213"><time>2026-08-19T22:31:31.903Z</time></trkpt>
      <trkpt lat="24.706588" lon="115.359213"><time>2026-08-19T22:31:31.920Z</time></trkpt>
      <trkpt lat="24.706588" lon="115.359213"><time>2026-08-19T22:31:31.936Z</time></trkpt>
      <trkpt lat="24.706588" lon="115.359213"><time>2026-08-19T22:31:31.953Z</time></trkpt>
      <trkpt lat="24.706588" lon="115.359213"><time>2026-08-19T22:31:31.970Z</time></trkpt>
      <trkpt lat="24.706588" lon="115.359213"><time>2026-08-19T22:31:31.986Z</time></trkpt>
      <trkpt lat="24.70659" lon="115.359226"><time>2026-08-19T22:31:32.003Z</time></trkpt>
      <trkpt lat="24.70659" lon="115.359226"><time>2026-08-19T22:31:32.020Z</time></trkpt>
      <trkpt lat="24.70659" lon="115.359226"><time>2026-08-19T22:31:32.036Z</time></trkpt>
      <trkpt lat="24.70659" lon="115.359226"><time>2026-08-19T22:31:32.053Z</time></trkpt>
      <trkpt lat="24.70659" lon="115.359226"><time>2026-08-19T22:31:32.070Z</time></trkpt>
      <trkpt lat="24.70659" lon="115.359226"><time>2026-08-19T22:31:32.086Z</time></trkpt>
      <trkpt lat="24.706592" lon="115.35924"><time>2026-08-19T22:31:32.103Z</time></trkpt>
      <trkpt lat="24.706592" lon="115.35924"><time>2026-08-19T22:31:32.120Z</time></trkpt>
      <trkpt lat="24.706592" lon="115.35924"><time>2026-08-19T22:31:32.136Z</time></trkpt>
      <trkpt lat="24.706592" lon="115.35924"><time>2026-08-19T22:31:32.153Z</time></trkpt>
      <trkpt lat="24.706592" lon="115.35924"><time>2026-08-19T22:31:32.170Z</time></trkpt>
      <trkpt lat="24.706592" lon="115.35924"><time>2026-08-19T22:31:32.187Z</time></trkpt>
      <trkpt lat="24.706594" lon="115.359253"><time>2026-08-19T22:31:32.203Z</time></trkpt>
      <trkpt lat="24.706594" lon="115.359253"><time>2026-08-19T22:31:32.220Z</time></trkpt>
      <trkpt lat="24.706594" lon="115.359253"><time>2026-08-19T22:31:32.237Z</time></trkpt>
      <trkpt lat="24.706594" lon="115.359253"><time>2026-08-19T22:31:32.253Z</time></trkpt>
      <trkpt lat="24.706594" lon="115.359253"><time>2026-08-19T22:31:32.270Z</time></trkpt>
      <trkpt lat="24.706594" lon="115.359253"><time>2026-08-19T22:31:32.287Z</time></trkpt>
      <trkpt lat="24.706596" lon="115.359266"><time>2026-08-19T22:31:32.303Z</time></trkpt>
      <trkpt lat="24.706596" lon="115.359266"><time>2026-08-19T22:31:32.320Z</time></trkpt>
      <trkpt lat="24.706596" lon="115.359266"><time>2026-08-19T22:31:32.337Z</time></trkpt>
      <trkpt lat="24.706596" lon="115.359266"><time>2026-08-19T22:31:32.353Z</time></trkpt>
      <trkpt lat="24.706596" lon="115.359266"><time>2026-08-19T22:31:32.370Z</time></trkpt>
      <trkpt lat="24.706596" lon="115.359266"><time>2026-08-19T22:31:32.387Z</time></trkpt>
      <trkpt lat="24.706598" lon="115.359278"><time>2026-08-19T22:31:32.403Z</time></trkpt>
      <trkpt lat="24.706598" lon="115.359278"><time>2026-08-19T22:31:32.420Z</time></trkpt>
      <trkpt lat="24.706598" lon="115.359278"><time>2026-08-19T22:31:32.437Z</time></trkpt>
      <trkpt lat="24.706598" lon="115.359278"><time>2026-08-19T22:31:32.453Z</time></trkpt>
      <trkpt lat="24.706598" lon="115.359278"><time>2026-08-19T22:31:32.470Z</time></trkpt>
      <trkpt lat="24.706598" lon="115.359278"><time>2026-08-19T22:31:32.487Z</time></trkpt>
      <trkpt lat="24.706601" lon="115.359292"><time>2026-08-19T22:31:32.504Z</time></trkpt>
      <trkpt lat="24.706601" lon="115.359292"><time>2026-08-19T22:31:32.520Z</time></trkpt>
      <trkpt lat="24.706601" lon="115.359292"><time>2026-08-19T22:31:32.537Z</time></trkpt>
      <trkpt lat="24.706601" lon="115.359292"><time>2026-08-19T22:31:32.554Z</time></trkpt>
      <trkpt lat="24.706601" lon="115.359292"><time>2026-08-19T22:31:32.570Z</time></trkpt>
      <trkpt lat="24.706601" lon="115.359292"><time>2026-08-19T22:31:32.587Z</time></trkpt>
      <trkpt lat="24.706603" lon="115.359305"><time>2026-08-19T22:31:32.604Z</time></trkpt>
      <trkpt lat="24.706603" lon="115.359305"><time>2026-08-19T22:31:32.620Z</time></trkpt>
      <trkpt lat="24.706603" lon="115.359305"><time>2026-08-19T22:31:32.637Z</time></trkpt>
      <trkpt lat="24.706603" lon="115.359305"><time>2026-08-19T22:31:32.654Z</time></trkpt>
      <trkpt lat="24.706603" lon="115.359305"><time>2026-08-19T22:31:32.670Z</time></trkpt>
      <trkpt lat="24.706603" lon="115.359305"><time>2026-08-19T22:31:32.687Z</time></trkpt>
      <trkpt lat="24.706605" lon="115.359319"><time>2026-08-19T22:31:32.704Z</time></trkpt>
      <trkpt lat="24.706605" lon="115.359319"><time>2026-08-19T22:31:32.720Z</time></trkpt>
      <trkpt lat="24.706605" lon="115.359319"><time>2026-08-19T22:31:32.737Z</time></trkpt>
      <trkpt lat="24.706605" lon="115.359319"><time>2026-08-19T22:31:32.754Z</time></trkpt>
      <trkpt lat="24.706605" lon="115.359319"><time>2026-08-19T22:31:32.770Z</time></trkpt>
      <trkpt lat="24.706605" lon="115.359319"><time>2026-08-19T22:31:32.787Z</time></trkpt>
      <trkpt lat="24.706608" lon="115.359332"><time>2026-08-19T22:31:32.804Z</time></trkpt>
      <trkpt lat="24.706608" lon="115.359332"><time>2026-08-19T22:31:32.821Z</time></trkpt>
      <trkpt lat="24.706608" lon="115.359332"><time>2026-08-19T22:31:32.837Z</time></trkpt>
      <trkpt lat="24.706608" lon="115.359332"><time>2026-08-19T22:31:32.854Z</time></trkpt>
      <trkpt lat="24.706608" lon="115.359332"><time>2026-08-19T22:31:32.871Z</time></trkpt>
      <trkpt lat="24.706608" lon="115.359332"><time>2026-08-19T22:31:32.887Z</time></trkpt>
      <trkpt lat="24.70661" lon="115.359346"><time>2026-08-19T22:31:32.904Z</time></trkpt>
      <trkpt lat="24.70661" lon="115.359346"><time>2026-08-19T22:31:32.921Z</time></trkpt>
      <trkpt lat="24.70661" lon="115.359346"><time>2026-08-19T22:31:32.937Z</time></trkpt>
      <trkpt lat="24.70661" lon="115.359346"><time>2026-08-19T22:31:32.954Z</time></trkpt>
      <trkpt lat="24.70661" lon="115.359346"><time>2026-08-19T22:31:32.971Z</time></trkpt>
      <trkpt lat="24.70661" lon="115.359346"><time>2026-08-19T22:31:32.987Z</time></trkpt>
      <trkpt lat="24.706612" lon="115.359359"><time>2026-08-19T22:31:33.004Z</time></trkpt>
      <trkpt lat="24.706612" lon="115.359359"><time>2026-08-19T22:31:33.021Z</time></trkpt>
      <trkpt lat="24.706612" lon="115.359359"><time>2026-08-19T22:31:33.037Z</time></trkpt>
      <trkpt lat="24.706612" lon="115.359359"><time>2026-08-19T22:31:33.054Z</time></trkpt>
      <trkpt lat="24.706612" lon="115.359359"><time>2026-08-19T22:31:33.071Z</time></trkpt>
      <trkpt lat="24.706612" lon="115.359359"><time>2026-08-19T22:31:33.087Z</time></trkpt>
      <trkpt lat="24.706615" lon="115.359372"><time>2026-08-19T22:31:33.104Z</time></trkpt>
      <trkpt lat="24.706615" lon="115.359372"><time>2026-08-19T22:31:33.121Z</time></trkpt>
      <trkpt lat="24.706615" lon="115.359372"><time>2026-08-19T22:31:33.138Z</time></trkpt>
      <trkpt lat="24.706615" lon="115.359372"><time>2026-08-19T22:31:33.154Z</time></trkpt>
      <trkpt lat="24.706615" lon="115.359372"><time>2026-08-19T22:31:33.171Z</time></trkpt>
      <trkpt lat="24.706615" lon="115.359372"><time>2026-08-19T22:31:33.188Z</time></trkpt>
      <trkpt lat="24.706617" lon="115.359386"><time>2026-08-19T22:31:33.204Z</time></trkpt>
      <trkpt lat="24.706617" lon="115.359386"><time>2026-08-19T22:31:33.221Z</time></trkpt>
      <trkpt lat="24.706617" lon="115.359386"><time>2026-08-19T22:31:33.238Z</time></trkpt>
      <trkpt lat="24.706617" lon="115.359386"><time>2026-08-19T22:31:33.254Z</time></trkpt>
      <trkpt lat="24.706617" lon="115.359386"><time>2026-08-19T22:31:33.271Z</time></trkpt>
      <trkpt lat="24.706617" lon="115.359386"><time>2026-08-19T22:31:33.288Z</time></trkpt>
      <trkpt lat="24.706619" lon="115.359399"><time>2026-08-19T22:31:33.304Z</time></trkpt>
      <trkpt lat="24.706619" lon="115.359399"><time>2026-08-19T22:31:33.321Z</time></trkpt>
      <trkpt lat="24.706619" lon="115.359399"><time>2026-08-19T22:31:33.338Z</time></trkpt>
      <trkpt lat="24.706619" lon="115.359399"><time>2026-08-19T22:31:33.354Z</time></trkpt>
      <trkpt lat="24.706619" lon="115.359399"><time>2026-08-19T22:31:33.371Z</time></trkpt>
      <trkpt lat="24.706619" lon="115.359399"><time>2026-08-19T22:31:33.388Z</time></trkpt>
      <trkpt lat="24.706621" lon="115.359413"><time>2026-08-19T22:31:33.404Z</time></trkpt>
      <trkpt lat="24.706621" lon="115.359413"><time>2026-08-19T22:31:33.421Z</time></trkpt>
      <trkpt lat="24.706621" lon="115.359413"><time>2026-08-19T22:31:33.438Z</time></trkpt>
      <trkpt lat="24.706621" lon="115.359413"><time>2026-08-19T22:31:33.455Z</time></trkpt>
      <trkpt lat="24.706621" lon="115.359413"><time>2026-08-19T22:31:33.471Z</time></trkpt>
      <trkpt lat="24.706621" lon="115.359413"><time>2026-08-19T22:31:33.488Z</time></trkpt>
      <trkpt lat="24.706623" lon="115.359426"><time>2026-08-19T22:31:33.505Z</time></trkpt>
      <trkpt lat="24.706623" lon="115.359426"><time>2026-08-19T22:31:33.521Z</time></trkpt>
      <trkpt lat="24.706623" lon="115.359426"><time>2026-08-19T22:31:33.538Z</time></trkpt>
      <trkpt lat="24.706623" lon="115.359426"><time>2026-08-19T22:31:33.555Z</time></trkpt>
      <trkpt lat="24.706623" lon="115.359426"><time>2026-08-19T22:31:33.571Z</time></trkpt>
      <trkpt lat="24.706623" lon="115.359426"><time>2026-08-19T22:31:33.588Z</time></trkpt>
      <trkpt lat="24.706625" lon="115.35944"><time>2026-08-19T22:31:33.605Z</time></trkpt>
      <trkpt lat="24.706625" lon="115.35944"><time>2026-08-19T22:31:33.621Z</time></trkpt>
      <trkpt lat="24.706625" lon="115.35944"><time>2026-08-19T22:31:33.638Z</time></trkpt>
      <trkpt lat="24.706625" lon="115.35944"><time>2026-08-19T22:31:33.655Z</time></trkpt>
      <trkpt lat="24.706625" lon="115.35944"><time>2026-08-19T22:31:33.671Z</time></trkpt>
      <trkpt lat="24.706625" lon="115.35944"><time>2026-08-19T22:31:33.688Z</time></trkpt>
      <trkpt lat="24.706627" lon="115.359453"><time>2026-08-19T22:31:33.705Z</time></trkpt>
      <trkpt lat="24.706627" lon="115.359453"><time>2026-08-19T22:31:33.721Z</time></trkpt>
      <trkpt lat="24.706627" lon="115.359453"><time>2026-08-19T22:31:33.738Z</time></trkpt>
      <trkpt lat="24.706627" lon="115.359453"><time>2026-08-19T22:31:33.755Z</time></trkpt>
      <trkpt lat="24.706627" lon="115.359453"><time>2026-08-19T22:31:33.772Z</time></trkpt>
      <trkpt lat="24.706627" lon="115.359453"><time>2026-08-19T22:31:33.788Z</time></trkpt>
      <trkpt lat="24.706629" lon="115.359466"><time>2026-08-19T22:31:33.805Z</time></trkpt>
      <trkpt lat="24.706629" lon="115.359466"><time>2026-08-19T22:31:33.822Z</time></trkpt>
      <trkpt lat="24.706629" lon="115.359466"><time>2026-08-19T22:31:33.838Z</time></trkpt>
      <trkpt lat="24.706629" lon="115.359466"><time>2026-08-19T22:31:33.855Z</time></trkpt>
      <trkpt lat="24.706629" lon="115.359466"><time>2026-08-19T22:31:33.872Z</time></trkpt>
      <trkpt lat="24.706629" lon="115.359466"><time>2026-08-19T22:31:33.888Z</time></trkpt>
      <trkpt lat="24.706631" lon="115.35948"><time>2026-08-19T22:31:33.905Z</time></trkpt>
      <trkpt lat="24.706631" lon="115.35948"><time>2026-08-19T22:31:33.922Z</time></trkpt>
      <trkpt lat="24.706631" lon="115.35948"><time>2026-08-19T22:31:33.938Z</time></trkpt>
      <trkpt lat="24.706631" lon="115.35948"><time>2026-08-19T22:31:33.955Z</time></trkpt>
      <trkpt lat="24.706631" lon="115.35948"><time>2026-08-19T22:31:33.972Z</time></trkpt>
      <trkpt lat="24.706631" lon="115.35948"><time>2026-08-19T22:31:33.988Z</time></trkpt>
      <trkpt lat="24.706633" lon="115.359493"><time>2026-08-19T22:31:34.005Z</time></trkpt>
      <trkpt lat="24.706633" lon="115.359493"><time>2026-08-19T22:31:34.022Z</time></trkpt>
      <trkpt lat="24.706633" lon="115.359493"><time>2026-08-19T22:31:34.038Z</time></trkpt>
      <trkpt lat="24.706633" lon="115.359493"><time>2026-08-19T22:31:34.055Z</time></trkpt>
      <trkpt lat="24.706633" lon="115.359493"><time>2026-08-19T22:31:34.072Z</time></trkpt>
      <trkpt lat="24.706633" lon="115.359493"><time>2026-08-19T22:31:34.089Z</time></trkpt>
      <trkpt lat="24.706635" lon="115.359506"><time>2026-08-19T22:31:34.105Z</time></trkpt>
      <trkpt lat="24.706635" lon="115.359506"><time>2026-08-19T22:31:34.122Z</time></trkpt>
      <trkpt lat="24.706635" lon="115.359506"><time>2026-08-19T22:31:34.139Z</time></trkpt>
      <trkpt lat="24.706635" lon="115.359506"><time>2026-08-19T22:31:34.155Z</time></trkpt>
      <trkpt lat="24.706635" lon="115.359506"><time>2026-08-19T22:31:34.172Z</time></trkpt>
      <trkpt lat="24.706635" lon="115.359506"><time>2026-08-19T22:31:34.189Z</time></trkpt>
      <trkpt lat="24.706638" lon="115.35952"><time>2026-08-19T22:31:34.205Z</time></trkpt>
      <trkpt lat="24.706638" lon="115.35952"><time>2026-08-19T22:31:34.222Z</time></trkpt>
      <trkpt lat="24.706638" lon="115.35952"><time>2026-08-19T22:31:34.239Z</time></trkpt>
      <trkpt lat="24.706638" lon="115.35952"><time>2026-08-19T22:31:34.255Z</time></trkpt>
      <trkpt lat="24.706638" lon="115.35952"><time>2026-08-19T22:31:34.272Z</time></trkpt>
      <trkpt lat="24.706638" lon="115.35952"><time>2026-08-19T22:31:34.289Z</time></trkpt>
      <trkpt lat="24.70664" lon="115.359533"><time>2026-08-19T22:31:34.305Z</time></trkpt>
      <trkpt lat="24.70664" lon="115.359533"><time>2026-08-19T22:31:34.322Z</time></trkpt>
      <trkpt lat="24.70664" lon="115.359533"><time>2026-08-19T22:31:34.339Z</time></trkpt>
      <trkpt lat="24.70664" lon="115.359533"><time>2026-08-19T22:31:34.355Z</time></trkpt>
      <trkpt lat="24.70664" lon="115.359533"><time>2026-08-19T22:31:34.372Z</time></trkpt>
      <trkpt lat="24.70664" lon="115.359533"><time>2026-08-19T22:31:34.389Z</time></trkpt>
      <trkpt lat="24.706642" lon="115.359547"><time>2026-08-19T22:31:34.406Z</time></trkpt>
      <trkpt lat="24.706642" lon="115.359547"><time>2026-08-19T22:31:34.422Z</time></trkpt>
      <trkpt lat="24.706642" lon="115.359547"><time>2026-08-19T22:31:34.439Z</time></trkpt>
      <trkpt lat="24.706642" lon="115.359547"><time>2026-08-19T22:31:34.456Z</time></trkpt>
      <trkpt lat="24.706642" lon="115.359547"><time>2026-08-19T22:31:34.472Z</time></trkpt>
      <trkpt lat="24.706642" lon="115.359547"><time>2026-08-19T22:31:34.489Z</time></trkpt>
      <trkpt lat="24.706644" lon="115.35956"><time>2026-08-19T22:31:34.506Z</time></trkpt>
      <trkpt lat="24.706644" lon="115.35956"><time>2026-08-19T22:31:34.522Z</time></trkpt>
      <trkpt lat="24.706644" lon="115.35956"><time>2026-08-19T22:31:34.539Z</time></trkpt>
      <trkpt lat="24.706644" lon="115.35956"><time>2026-08-19T22:31:34.556Z</time></trkpt>
      <trkpt lat="24.706644" lon="115.35956"><time>2026-08-19T22:31:34.572Z</time></trkpt>
      <trkpt lat="24.706644" lon="115.35956"><time>2026-08-19T22:31:34.589Z</time></trkpt>
      <trkpt lat="24.706646" lon="115.359574"><time>2026-08-19T22:31:34.606Z</time></trkpt>
      <trkpt lat="24.706646" lon="115.359574"><time>2026-08-19T22:31:34.622Z</time></trkpt>
      <trkpt lat="24.706646" lon="115.359574"><time>2026-08-19T22:31:34.639Z</time></trkpt>
      <trkpt lat="24.706646" lon="115.359574"><time>2026-08-19T22:31:34.656Z</time></trkpt>
      <trkpt lat="24.706646" lon="115.359574"><time>2026-08-19T22:31:34.672Z</time></trkpt>
      <trkpt lat="24.706646" lon="115.359574"><time>2026-08-19T22:31:34.689Z</time></trkpt>
      <trkpt lat="24.706648" lon="115.359587"><time>2026-08-19T22:31:34.706Z</time></trkpt>
      <trkpt lat="24.706648" lon="115.359587"><time>2026-08-19T22:31:34.723Z</time></trkpt>
      <trkpt lat="24.706648" lon="115.359587"><time>2026-08-19T22:31:34.739Z</time></trkpt>
      <trkpt lat="24.706648" lon="115.359587"><time>2026-08-19T22:31:34.756Z</time></trkpt>
      <trkpt lat="24.706648" lon="115.359587"><time>2026-08-19T22:31:34.773Z</time></trkpt>
      <trkpt lat="24.706648" lon="115.359587"><time>2026-08-19T22:31:34.789Z</time></trkpt>
      <trkpt lat="24.70665" lon="115.359601"><time>2026-08-19T22:31:34.806Z</time></trkpt>
      <trkpt lat="24.70665" lon="115.359601"><time>2026-08-19T22:31:34.823Z</time></trkpt>
      <trkpt lat="24.70665" lon="115.359601"><time>2026-08-19T22:31:34.839Z</time></trkpt>
      <trkpt lat="24.70665" lon="115.359601"><time>2026-08-19T22:31:34.856Z</time></trkpt>
      <trkpt lat="24.70665" lon="115.359601"><time>2026-08-19T22:31:34.873Z</time></trkpt>
      <trkpt lat="24.70665" lon="115.359601"><time>2026-08-19T22:31:34.889Z</time></trkpt>
      <trkpt lat="24.706652" lon="115.359614"><time>2026-08-19T22:31:34.906Z</time></trkpt>
      <trkpt lat="24.706652" lon="115.359614"><time>2026-08-19T22:31:34.923Z</time></trkpt>
      <trkpt lat="24.706652" lon="115.359614"><time>2026-08-19T22:31:34.939Z</time></trkpt>
      <trkpt lat="24.706652" lon="115.359614"><time>2026-08-19T22:31:34.956Z</time></trkpt>
      <trkpt lat="24.706652" lon="115.359614"><time>2026-08-19T22:31:34.973Z</time></trkpt>
      <trkpt lat="24.706652" lon="115.359614"><time>2026-08-19T22:31:34.989Z</time></trkpt>
      <trkpt lat="24.706654" lon="115.359628"><time>2026-08-19T22:31:35.006Z</time></trkpt>
      <trkpt lat="24.706654" lon="115.359628"><time>2026-08-19T22:31:35.023Z</time></trkpt>
      <trkpt lat="24.706654" lon="115.359628"><time>2026-08-19T22:31:35.040Z</time></trkpt>
      <trkpt lat="24.706654" lon="115.359628"><time>2026-08-19T22:31:35.056Z</time></trkpt>
      <trkpt lat="24.706654" lon="115.359628"><time>2026-08-19T22:31:35.073Z</time></trkpt>
      <trkpt lat="24.706654" lon="115.359628"><time>2026-08-19T22:31:35.090Z</time></trkpt>
      <trkpt lat="24.706656" lon="115.359642"><time>2026-08-19T22:31:35.106Z</time></trkpt>
      <trkpt lat="24.706656" lon="115.359642"><time>2026-08-19T22:31:35.123Z</time></trkpt>
      <trkpt lat="24.706656" lon="115.359642"><time>2026-08-19T22:31:35.140Z</time></trkpt>
      <trkpt lat="24.706656" lon="115.359642"><time>2026-08-19T22:31:35.156Z</time></trkpt>
      <trkpt lat="24.706656" lon="115.359642"><time>2026-08-19T22:31:35.173Z</time></trkpt>
      <trkpt lat="24.706656" lon="115.359642"><time>2026-08-19T22:31:35.190Z</time></trkpt>
      <trkpt lat="24.706658" lon="115.359655"><time>2026-08-19T22:31:35.206Z</time></trkpt>
      <trkpt lat="24.706658" lon="115.359655"><time>2026-08-19T22:31:35.223Z</time></trkpt>
      <trkpt lat="24.706658" lon="115.359655"><time>2026-08-19T22:31:35.240Z</time></trkpt>
      <trkpt lat="24.706658" lon="115.359655"><time>2026-08-19T22:31:35.256Z</time></trkpt>
      <trkpt lat="24.706658" lon="115.359655"><time>2026-08-19T22:31:35.273Z</time></trkpt>
      <trkpt lat="24.706658" lon="115.359655"><time>2026-08-19T22:31:35.290Z</time></trkpt>
      <trkpt lat="24.70666" lon="115.359669"><time>2026-08-19T22:31:35.306Z</time></trkpt>
      <trkpt lat="24.70666" lon="115.359669"><time>2026-08-19T22:31:35.323Z</time></trkpt>
      <trkpt lat="24.70666" lon="115.359669"><time>2026-08-19T22:31:35.340Z</time></trkpt>
      <trkpt lat="24.70666" lon="115.359669"><time>2026-08-19T22:31:35.357Z</time></trkpt>
      <trkpt lat="24.70666" lon="115.359669"><time>2026-08-19T22:31:35.373Z</time></trkpt>
      <trkpt lat="24.70666" lon="115.359669"><time>2026-08-19T22:31:35.390Z</time></trkpt>
      <trkpt lat="24.706662" lon="115.359682"><time>2026-08-19T22:31:35.407Z</time></trkpt>
      <trkpt lat="24.706662" lon="115.359682"><time>2026-08-19T22:31:35.423Z</time></trkpt>
      <trkpt lat="24.706662" lon="115.359682"><time>2026-08-19T22:31:35.440Z</time></trkpt>
      <trkpt lat="24.706662" lon="115.359682"><time>2026-08-19T22:31:35.457Z</time></trkpt>
      <trkpt lat="24.706662" lon="115.359682"><time>2026-08-19T22:31:35.473Z</time></trkpt>
      <trkpt lat="24.706662" lon="115.359682"><time>2026-08-19T22:31:35.490Z</time></trkpt>
      <trkpt lat="24.706664" lon="115.359695"><time>2026-08-19T22:31:35.507Z</time></trkpt>
      <trkpt lat="24.706664" lon="115.359695"><time>2026-08-19T22:31:35.523Z</time></trkpt>
      <trkpt lat="24.706664" lon="115.359695"><time>2026-08-19T22:31:35.540Z</time></trkpt>
      <trkpt lat="24.706664" lon="115.359695"><time>2026-08-19T22:31:35.557Z</time></trkpt>
      <trkpt lat="24.706664" lon="115.359695"><time>2026-08-19T22:31:35.573Z</time></trkpt>
      <trkpt lat="24.706664" lon="115.359695"><time>2026-08-19T22:31:35.590Z</time></trkpt>
      <trkpt lat="24.706666" lon="115.359709"><time>2026-08-19T22:31:35.607Z</time></trkpt>
      <trkpt lat="24.706666" lon="115.359709"><time>2026-08-19T22:31:35.623Z</time></trkpt>
      <trkpt lat="24.706666" lon="115.359709"><time>2026-08-19T22:31:35.640Z</time></trkpt>
      <trkpt lat="24.706666" lon="115.359709"><time>2026-08-19T22:31:35.657Z</time></trkpt>
      <trkpt lat="24.706666" lon="115.359709"><time>2026-08-19T22:31:35.674Z</time></trkpt>
      <trkpt lat="24.706666" lon="115.359709"><time>2026-08-19T22:31:35.690Z</time></trkpt>
      <trkpt lat="24.706667" lon="115.359723"><time>2026-08-19T22:31:35.707Z</time></trkpt>
      <trkpt lat="24.706667" lon="115.359723"><time>2026-08-19T22:31:35.724Z</time></trkpt>
      <trkpt lat="24.706667" lon="115.359723"><time>2026-08-19T22:31:35.740Z</time></trkpt>
      <trkpt lat="24.706667" lon="115.359723"><time>2026-08-19T22:31:35.757Z</time></trkpt>
      <trkpt lat="24.706667" lon="115.359723"><time>2026-08-19T22:31:35.774Z</time></trkpt>
      <trkpt lat="24.706667" lon="115.359723"><time>2026-08-19T22:31:35.790Z</time></trkpt>
      <trkpt lat="24.706669" lon="115.359735"><time>2026-08-19T22:31:35.807Z</time></trkpt>
      <trkpt lat="24.706669" lon="115.359735"><time>2026-08-19T22:31:35.824Z</time></trkpt>
      <trkpt lat="24.706669" lon="115.359735"><time>2026-08-19T22:31:35.840Z</time></trkpt>
      <trkpt lat="24.706669" lon="115.359735"><time>2026-08-19T22:31:35.857Z</time></trkpt>
      <trkpt lat="24.706669" lon="115.359735"><time>2026-08-19T22:31:35.874Z</time></trkpt>
      <trkpt lat="24.706669" lon="115.359735"><time>2026-08-19T22:31:35.890Z</time></trkpt>
      <trkpt lat="24.706671" lon="115.359749"><time>2026-08-19T22:31:35.907Z</time></trkpt>
      <trkpt lat="24.706671" lon="115.359749"><time>2026-08-19T22:31:35.924Z</time></trkpt>
      <trkpt lat="24.706671" lon="115.359749"><time>2026-08-19T22:31:35.940Z</time></trkpt>
      <trkpt lat="24.706671" lon="115.359749"><time>2026-08-19T22:31:35.957Z</time></trkpt>
      <trkpt lat="24.706671" lon="115.359749"><time>2026-08-19T22:31:35.974Z</time></trkpt>
      <trkpt lat="24.706671" lon="115.359749"><time>2026-08-19T22:31:35.991Z</time></trkpt>
      <trkpt lat="24.706673" lon="115.359762"><time>2026-08-19T22:31:36.007Z</time></trkpt>
      <trkpt lat="24.706673" lon="115.359762"><time>2026-08-19T22:31:36.024Z</time></trkpt>
      <trkpt lat="24.706673" lon="115.359762"><time>2026-08-19T22:31:36.041Z</time></trkpt>
      <trkpt lat="24.706673" lon="115.359762"><time>2026-08-19T22:31:36.057Z</time></trkpt>
      <trkpt lat="24.706673" lon="115.359762"><time>2026-08-19T22:31:36.074Z</time></trkpt>
      <trkpt lat="24.706673" lon="115.359762"><time>2026-08-19T22:31:36.091Z</time></trkpt>
      <trkpt lat="24.706675" lon="115.359776"><time>2026-08-19T22:31:36.107Z</time></trkpt>
      <trkpt lat="24.706675" lon="115.359776"><time>2026-08-19T22:31:36.124Z</time></trkpt>
      <trkpt lat="24.706675" lon="115.359776"><time>2026-08-19T22:31:36.141Z</time></trkpt>
      <trkpt lat="24.706675" lon="115.359776"><time>2026-08-19T22:31:36.157Z</time></trkpt>
      <trkpt lat="24.706675" lon="115.359776"><time>2026-08-19T22:31:36.174Z</time></trkpt>
      <trkpt lat="24.706675" lon="115.359776"><time>2026-08-19T22:31:36.191Z</time></trkpt>
      <trkpt lat="24.706676" lon="115.35979"><time>2026-08-19T22:31:36.207Z</time></trkpt>
      <trkpt lat="24.706676" lon="115.35979"><time>2026-08-19T22:31:36.224Z</time></trkpt>
      <trkpt lat="24.706676" lon="115.35979"><time>2026-08-19T22:31:36.241Z</time></trkpt>
      <trkpt lat="24.706676" lon="115.35979"><time>2026-08-19T22:31:36.257Z</time></trkpt>
      <trkpt lat="24.706676" lon="115.35979"><time>2026-08-19T22:31:36.274Z</time></trkpt>
      <trkpt lat="24.706676" lon="115.35979"><time>2026-08-19T22:31:36.291Z</time></trkpt>
      <trkpt lat="24.706678" lon="115.359805"><time>2026-08-19T22:31:36.308Z</time></trkpt>
      <trkpt lat="24.706678" lon="115.359805"><time>2026-08-19T22:31:36.324Z</time></trkpt>
      <trkpt lat="24.706678" lon="115.359805"><time>2026-08-19T22:31:36.341Z</time></trkpt>
      <trkpt lat="24.706678" lon="115.359805"><time>2026-08-19T22:31:36.358Z</time></trkpt>
      <trkpt lat="24.706678" lon="115.359805"><time>2026-08-19T22:31:36.374Z</time></trkpt>
      <trkpt lat="24.706678" lon="115.359805"><time>2026-08-19T22:31:36.391Z</time></trkpt>
      <trkpt lat="24.70668" lon="115.359819"><time>2026-08-19T22:31:36.408Z</time></trkpt>
      <trkpt lat="24.70668" lon="115.359819"><time>2026-08-19T22:31:36.424Z</time></trkpt>
      <trkpt lat="24.70668" lon="115.359819"><time>2026-08-19T22:31:36.441Z</time></trkpt>
      <trkpt lat="24.70668" lon="115.359819"><time>2026-08-19T22:31:36.458Z</time></trkpt>
      <trkpt lat="24.70668" lon="115.359819"><time>2026-08-19T22:31:36.474Z</time></trkpt>
      <trkpt lat="24.70668" lon="115.359819"><time>2026-08-19T22:31:36.491Z</time></trkpt>
      <trkpt lat="24.706682" lon="115.359833"><time>2026-08-19T22:31:36.508Z</time></trkpt>
      <trkpt lat="24.706682" lon="115.359833"><time>2026-08-19T22:31:36.524Z</time></trkpt>
      <trkpt lat="24.706682" lon="115.359833"><time>2026-08-19T22:31:36.541Z</time></trkpt>
      <trkpt lat="24.706682" lon="115.359833"><time>2026-08-19T22:31:36.558Z</time></trkpt>
      <trkpt lat="24.706682" lon="115.359833"><time>2026-08-19T22:31:36.574Z</time></trkpt>
      <trkpt lat="24.706682" lon="115.359833"><time>2026-08-19T22:31:36.591Z</time></trkpt>
      <trkpt lat="24.706684" lon="115.359847"><time>2026-08-19T22:31:36.608Z</time></trkpt>
      <trkpt lat="24.706684" lon="115.359847"><time>2026-08-19T22:31:36.625Z</time></trkpt>
      <trkpt lat="24.706684" lon="115.359847"><time>2026-08-19T22:31:36.641Z</time></trkpt>
      <trkpt lat="24.706684" lon="115.359847"><time>2026-08-19T22:31:36.658Z</time></trkpt>
      <trkpt lat="24.706684" lon="115.359847"><time>2026-08-19T22:31:36.675Z</time></trkpt>
      <trkpt lat="24.706684" lon="115.359847"><time>2026-08-19T22:31:36.691Z</time></trkpt>
      <trkpt lat="24.706685" lon="115.359861"><time>2026-08-19T22:31:36.708Z</time></trkpt>
      <trkpt lat="24.706685" lon="115.359861"><time>2026-08-19T22:31:36.725Z</time></trkpt>
      <trkpt lat="24.706685" lon="115.359861"><time>2026-08-19T22:31:36.741Z</time></trkpt>
      <trkpt lat="24.706685" lon="115.359861"><time>2026-08-19T22:31:36.758Z</time></trkpt>
      <trkpt lat="24.706685" lon="115.359861"><time>2026-08-19T22:31:36.775Z</time></trkpt>
      <trkpt lat="24.706685" lon="115.359861"><time>2026-08-19T22:31:36.791Z</time></trkpt>
      <trkpt lat="24.706687" lon="115.359874"><time>2026-08-19T22:31:36.808Z</time></trkpt>
      <trkpt lat="24.706687" lon="115.359874"><time>2026-08-19T22:31:36.825Z</time></trkpt>
      <trkpt lat="24.706687" lon="115.359874"><time>2026-08-19T22:31:36.841Z</time></trkpt>
      <trkpt lat="24.706687" lon="115.359874"><time>2026-08-19T22:31:36.858Z</time></trkpt>
      <trkpt lat="24.706687" lon="115.359874"><time>2026-08-19T22:31:36.875Z</time></trkpt>
      <trkpt lat="24.706687" lon="115.359874"><time>2026-08-19T22:31:36.891Z</time></trkpt>
      <trkpt lat="24.706689" lon="115.359889"><time>2026-08-19T22:31:36.908Z</time></trkpt>
      <trkpt lat="24.706689" lon="115.359889"><time>2026-08-19T22:31:36.925Z</time></trkpt>
      <trkpt lat="24.706689" lon="115.359889"><time>2026-08-19T22:31:36.942Z</time></trkpt>
      <trkpt lat="24.706689" lon="115.359889"><time>2026-08-19T22:31:36.958Z</time></trkpt>
      <trkpt lat="24.706689" lon="115.359889"><time>2026-08-19T22:31:36.975Z</time></trkpt>
      <trkpt lat="24.706689" lon="115.359889"><time>2026-08-19T22:31:36.992Z</time></trkpt>
      <trkpt lat="24.70669" lon="115.359903"><time>2026-08-19T22:31:37.008Z</time></trkpt>
      <trkpt lat="24.70669" lon="115.359903"><time>2026-08-19T22:31:37.025Z</time></trkpt>
      <trkpt lat="24.70669" lon="115.359903"><time>2026-08-19T22:31:37.042Z</time></trkpt>
      <trkpt lat="24.70669" lon="115.359903"><time>2026-08-19T22:31:37.058Z</time></trkpt>
      <trkpt lat="24.70669" lon="115.359903"><time>2026-08-19T22:31:37.075Z</time></trkpt>
      <trkpt lat="24.70669" lon="115.359903"><time>2026-08-19T22:31:37.092Z</time></trkpt>
      <trkpt lat="24.706692" lon="115.359916"><time>2026-08-19T22:31:37.108Z</time></trkpt>
      <trkpt lat="24.706692" lon="115.359916"><time>2026-08-19T22:31:37.125Z</time></trkpt>
      <trkpt lat="24.706692" lon="115.359916"><time>2026-08-19T22:31:37.142Z</time></trkpt>
      <trkpt lat="24.706692" lon="115.359916"><time>2026-08-19T22:31:37.158Z</time></trkpt>
      <trkpt lat="24.706692" lon="115.359916"><time>2026-08-19T22:31:37.175Z</time></trkpt>
      <trkpt lat="24.706692" lon="115.359916"><time>2026-08-19T22:31:37.192Z</time></trkpt>
      <trkpt lat="24.706694" lon="115.359931"><time>2026-08-19T22:31:37.208Z</time></trkpt>
      <trkpt lat="24.706694" lon="115.359931"><time>2026-08-19T22:31:37.225Z</time></trkpt>
      <trkpt lat="24.706694" lon="115.359931"><time>2026-08-19T22:31:37.242Z</time></trkpt>
      <trkpt lat="24.706694" lon="115.359931"><time>2026-08-19T22:31:37.259Z</time></trkpt>
      <trkpt lat="24.706694" lon="115.359931"><time>2026-08-19T22:31:37.275Z</time></trkpt>
      <trkpt lat="24.706694" lon="115.359931"><time>2026-08-19T22:31:37.292Z</time></trkpt>
      <trkpt lat="24.706696" lon="115.359944"><time>2026-08-19T22:31:37.309Z</time></trkpt>
      <trkpt lat="24.706696" lon="115.359944"><time>2026-08-19T22:31:37.325Z</time></trkpt>
      <trkpt lat="24.706696" lon="115.359944"><time>2026-08-19T22:31:37.342Z</time></trkpt>
      <trkpt lat="24.706696" lon="115.359944"><time>2026-08-19T22:31:37.359Z</time></trkpt>
      <trkpt lat="24.706696" lon="115.359944"><time>2026-08-19T22:31:37.375Z</time></trkpt>
      <trkpt lat="24.706696" lon="115.359944"><time>2026-08-19T22:31:37.392Z</time></trkpt>
      <trkpt lat="24.706698" lon="115.359958"><time>2026-08-19T22:31:37.409Z</time></trkpt>
      <trkpt lat="24.706698" lon="115.359958"><time>2026-08-19T22:31:37.425Z</time></trkpt>
      <trkpt lat="24.706698" lon="115.359958"><time>2026-08-19T22:31:37.442Z</time></trkpt>
      <trkpt lat="24.706698" lon="115.359958"><time>2026-08-19T22:31:37.459Z</time></trkpt>
      <trkpt lat="24.706698" lon="115.359958"><time>2026-08-19T22:31:37.475Z</time></trkpt>
      <trkpt lat="24.706698" lon="115.359958"><time>2026-08-19T22:31:37.492Z</time></trkpt>
      <trkpt lat="24.706699" lon="115.359972"><time>2026-08-19T22:31:37.509Z</time></trkpt>
      <trkpt lat="24.706699" lon="115.359972"><time>2026-08-19T22:31:37.525Z</time></trkpt>
      <trkpt lat="24.706699" lon="115.359972"><time>2026-08-19T22:31:37.542Z</time></trkpt>
      <trkpt lat="24.706699" lon="115.359972"><time>2026-08-19T22:31:37.559Z</time></trkpt>
      <trkpt lat="24.706699" lon="115.359972"><time>2026-08-19T22:31:37.576Z</time></trkpt>
      <trkpt lat="24.706699" lon="115.359972"><time>2026-08-19T22:31:37.592Z</time></trkpt>
      <trkpt lat="24.706701" lon="115.359986"><time>2026-08-19T22:31:37.609Z</time></trkpt>
      <trkpt lat="24.706701" lon="115.359986"><time>2026-08-19T22:31:37.626Z</time></trkpt>
      <trkpt lat="24.706701" lon="115.359986"><time>2026-08-19T22:31:37.642Z</time></trkpt>
      <trkpt lat="24.706701" lon="115.359986"><time>2026-08-19T22:31:37.659Z</time></trkpt>
      <trkpt lat="24.706701" lon="115.359986"><time>2026-08-19T22:31:37.676Z</time></trkpt>
      <trkpt lat="24.706701" lon="115.359986"><time>2026-08-19T22:31:37.692Z</time></trkpt>
      <trkpt lat="24.706703" lon="115.36"><time>2026-08-19T22:31:37.709Z</time></trkpt>
      <trkpt lat="24.706703" lon="115.36"><time>2026-08-19T22:31:37.726Z</time></trkpt>
      <trkpt lat="24.706703" lon="115.36"><time>2026-08-19T22:31:37.742Z</time></trkpt>
      <trkpt lat="24.706703" lon="115.36"><time>2026-08-19T22:31:37.759Z</time></trkpt>
      <trkpt lat="24.706703" lon="115.36"><time>2026-08-19T22:31:37.776Z</time></trkpt>
      <trkpt lat="24.706703" lon="115.36"><time>2026-08-19T22:31:37.792Z</time></trkpt>
      <trkpt lat="24.706705" lon="115.360013"><time>2026-08-19T22:31:37.809Z</time></trkpt>
      <trkpt lat="24.706705" lon="115.360013"><time>2026-08-19T22:31:37.826Z</time></trkpt>
      <trkpt lat="24.706705" lon="115.360013"><time>2026-08-19T22:31:37.842Z</time></trkpt>
      <trkpt lat="24.706705" lon="115.360013"><time>2026-08-19T22:31:37.859Z</time></trkpt>
      <trkpt lat="24.706705" lon="115.360013"><time>2026-08-19T22:31:37.876Z</time></trkpt>
      <trkpt lat="24.706705" lon="115.360013"><time>2026-08-19T22:31:37.893Z</time></trkpt>
      <trkpt lat="24.706707" lon="115.360027"><time>2026-08-19T22:31:37.909Z</time></trkpt>
      <trkpt lat="24.706707" lon="115.360027"><time>2026-08-19T22:31:37.926Z</time></trkpt>
      <trkpt lat="24.706707" lon="115.360027"><time>2026-08-19T22:31:37.943Z</time></trkpt>
      <trkpt lat="24.706707" lon="115.360027"><time>2026-08-19T22:31:37.959Z</time></trkpt>
      <trkpt lat="24.706707" lon="115.360027"><time>2026-08-19T22:31:37.976Z</time></trkpt>
      <trkpt lat="24.706707" lon="115.360027"><time>2026-08-19T22:31:37.993Z</time></trkpt>
      <trkpt lat="24.706709" lon="115.360042"><time>2026-08-19T22:31:38.009Z</time></trkpt>
      <trkpt lat="24.706709" lon="115.360042"><time>2026-08-19T22:31:38.026Z</time></trkpt>
      <trkpt lat="24.706709" lon="115.360042"><time>2026-08-19T22:31:38.043Z</time></trkpt>
      <trkpt lat="24.706709" lon="115.360042"><time>2026-08-19T22:31:38.059Z</time></trkpt>
      <trkpt lat="24.706709" lon="115.360042"><time>2026-08-19T22:31:38.076Z</time></trkpt>
      <trkpt lat="24.706709" lon="115.360042"><time>2026-08-19T22:31:38.093Z</time></trkpt>
      <trkpt lat="24.706711" lon="115.360056"><time>2026-08-19T22:31:38.109Z</time></trkpt>
      <trkpt lat="24.706711" lon="115.360056"><time>2026-08-19T22:31:38.126Z</time></trkpt>
      <trkpt lat="24.706711" lon="115.360056"><time>2026-08-19T22:31:38.143Z</time></trkpt>
      <trkpt lat="24.706711" lon="115.360056"><time>2026-08-19T22:31:38.159Z</time></trkpt>
      <trkpt lat="24.706711" lon="115.360056"><time>2026-08-19T22:31:38.176Z</time></trkpt>
      <trkpt lat="24.706711" lon="115.360056"><time>2026-08-19T22:31:38.193Z</time></trkpt>
      <trkpt lat="24.706713" lon="115.36007"><time>2026-08-19T22:31:38.209Z</time></trkpt>
      <trkpt lat="24.706713" lon="115.36007"><time>2026-08-19T22:31:38.226Z</time></trkpt>
      <trkpt lat="24.706713" lon="115.36007"><time>2026-08-19T22:31:38.243Z</time></trkpt>
      <trkpt lat="24.706713" lon="115.36007"><time>2026-08-19T22:31:38.260Z</time></trkpt>
      <trkpt lat="24.706713" lon="115.36007"><time>2026-08-19T22:31:38.276Z</time></trkpt>
      <trkpt lat="24.706713" lon="115.36007"><time>2026-08-19T22:31:38.293Z</time></trkpt>
      <trkpt lat="24.706715" lon="115.360083"><time>2026-08-19T22:31:38.310Z</time></trkpt>
      <trkpt lat="24.706715" lon="115.360083"><time>2026-08-19T22:31:38.326Z</time></trkpt>
      <trkpt lat="24.706715" lon="115.360083"><time>2026-08-19T22:31:38.343Z</time></trkpt>
      <trkpt lat="24.706715" lon="115.360083"><time>2026-08-19T22:31:38.360Z</time></trkpt>
      <trkpt lat="24.706715" lon="115.360083"><time>2026-08-19T22:31:38.376Z</time></trkpt>
      <trkpt lat="24.706715" lon="115.360083"><time>2026-08-19T22:31:38.393Z</time></trkpt>
      <trkpt lat="24.706717" lon="115.360097"><time>2026-08-19T22:31:38.410Z</time></trkpt>
      <trkpt lat="24.706717" lon="115.360097"><time>2026-08-19T22:31:38.426Z</time></trkpt>
      <trkpt lat="24.706717" lon="115.360097"><time>2026-08-19T22:31:38.443Z</time></trkpt>
      <trkpt lat="24.706717" lon="115.360097"><time>2026-08-19T22:31:38.460Z</time></trkpt>
      <trkpt lat="24.706717" lon="115.360097"><time>2026-08-19T22:31:38.476Z</time></trkpt>
      <trkpt lat="24.706717" lon="115.360097"><time>2026-08-19T22:31:38.493Z</time></trkpt>
      <trkpt lat="24.706719" lon="115.360111"><time>2026-08-19T22:31:38.510Z</time></trkpt>
      <trkpt lat="24.706719" lon="115.360111"><time>2026-08-19T22:31:38.526Z</time></trkpt>
      <trkpt lat="24.706719" lon="115.360111"><time>2026-08-19T22:31:38.543Z</time></trkpt>
      <trkpt lat="24.706719" lon="115.360111"><time>2026-08-19T22:31:38.560Z</time></trkpt>
      <trkpt lat="24.706719" lon="115.360111"><time>2026-08-19T22:31:38.577Z</time></trkpt>
      <trkpt lat="24.706719" lon="115.360111"><time>2026-08-19T22:31:38.593Z</time></trkpt>
      <trkpt lat="24.706721" lon="115.360125"><time>2026-08-19T22:31:38.610Z</time></trkpt>
      <trkpt lat="24.706721" lon="115.360125"><time>2026-08-19T22:31:38.627Z</time></trkpt>
      <trkpt lat="24.706721" lon="115.360125"><time>2026-08-19T22:31:38.643Z</time></trkpt>
      <trkpt lat="24.706721" lon="115.360125"><time>2026-08-19T22:31:38.660Z</time></trkpt>
      <trkpt lat="24.706721" lon="115.360125"><time>2026-08-19T22:31:38.677Z</time></trkpt>
      <trkpt lat="24.706721" lon="115.360125"><time>2026-08-19T22:31:38.693Z</time></trkpt>
      <trkpt lat="24.706723" lon="115.360139"><time>2026-08-19T22:31:38.710Z</time></trkpt>
      <trkpt lat="24.706723" lon="115.360139"><time>2026-08-19T22:31:38.727Z</time></trkpt>
      <trkpt lat="24.706723" lon="115.360139"><time>2026-08-19T22:31:38.743Z</time></trkpt>
      <trkpt lat="24.706723" lon="115.360139"><time>2026-08-19T22:31:38.760Z</time></trkpt>
      <trkpt lat="24.706723" lon="115.360139"><time>2026-08-19T22:31:38.777Z</time></trkpt>
      <trkpt lat="24.706723" lon="115.360139"><time>2026-08-19T22:31:38.793Z</time></trkpt>
      <trkpt lat="24.706725" lon="115.360153"><time>2026-08-19T22:31:38.810Z</time></trkpt>
      <trkpt lat="24.706725" lon="115.360153"><time>2026-08-19T22:31:38.827Z</time></trkpt>
      <trkpt lat="24.706725" lon="115.360153"><time>2026-08-19T22:31:38.843Z</time></trkpt>
      <trkpt lat="24.706725" lon="115.360153"><time>2026-08-19T22:31:38.860Z</time></trkpt>
      <trkpt lat="24.706725" lon="115.360153"><time>2026-08-19T22:31:38.877Z</time></trkpt>
      <trkpt lat="24.706725" lon="115.360153"><time>2026-08-19T22:31:38.894Z</time></trkpt>
      <trkpt lat="24.706727" lon="115.360166"><time>2026-08-19T22:31:38.910Z</time></trkpt>
      <trkpt lat="24.706727" lon="115.360166"><time>2026-08-19T22:31:38.927Z</time></trkpt>
      <trkpt lat="24.706727" lon="115.360166"><time>2026-08-19T22:31:38.944Z</time></trkpt>
      <trkpt lat="24.706727" lon="115.360166"><time>2026-08-19T22:31:38.960Z</time></trkpt>
      <trkpt lat="24.706727" lon="115.360166"><time>2026-08-19T22:31:38.977Z</time></trkpt>
      <trkpt lat="24.706727" lon="115.360166"><time>2026-08-19T22:31:38.994Z</time></trkpt>
      <trkpt lat="24.70673" lon="115.360181"><time>2026-08-19T22:31:39.010Z</time></trkpt>
      <trkpt lat="24.70673" lon="115.360181"><time>2026-08-19T22:31:39.027Z</time></trkpt>
      <trkpt lat="24.70673" lon="115.360181"><time>2026-08-19T22:31:39.044Z</time></trkpt>
      <trkpt lat="24.70673" lon="115.360181"><time>2026-08-19T22:31:39.060Z</time></trkpt>
      <trkpt lat="24.70673" lon="115.360181"><time>2026-08-19T22:31:39.077Z</time></trkpt>
      <trkpt lat="24.70673" lon="115.360181"><time>2026-08-19T22:31:39.094Z</time></trkpt>
      <trkpt lat="24.706732" lon="115.360194"><time>2026-08-19T22:31:39.110Z</time></trkpt>
      <trkpt lat="24.706732" lon="115.360194"><time>2026-08-19T22:31:39.127Z</time></trkpt>
      <trkpt lat="24.706732" lon="115.360194"><time>2026-08-19T22:31:39.144Z</time></trkpt>
      <trkpt lat="24.706732" lon="115.360194"><time>2026-08-19T22:31:39.160Z</time></trkpt>
      <trkpt lat="24.706732" lon="115.360194"><time>2026-08-19T22:31:39.177Z</time></trkpt>
      <trkpt lat="24.706732" lon="115.360194"><time>2026-08-19T22:31:39.194Z</time></trkpt>
      <trkpt lat="24.706734" lon="115.360209"><time>2026-08-19T22:31:39.211Z</time></trkpt>
      <trkpt lat="24.706734" lon="115.360209"><time>2026-08-19T22:31:39.227Z</time></trkpt>
      <trkpt lat="24.706734" lon="115.360209"><time>2026-08-19T22:31:39.244Z</time></trkpt>
      <trkpt lat="24.706734" lon="115.360209"><time>2026-08-19T22:31:39.261Z</time></trkpt>
      <trkpt lat="24.706734" lon="115.360209"><time>2026-08-19T22:31:39.277Z</time></trkpt>
      <trkpt lat="24.706734" lon="115.360209"><time>2026-08-19T22:31:39.294Z</time></trkpt>
      <trkpt lat="24.706736" lon="115.360222"><time>2026-08-19T22:31:39.311Z</time></trkpt>
      <trkpt lat="24.706736" lon="115.360222"><time>2026-08-19T22:31:39.327Z</time></trkpt>
      <trkpt lat="24.706736" lon="115.360222"><time>2026-08-19T22:31:39.344Z</time></trkpt>
      <trkpt lat="24.706736" lon="115.360222"><time>2026-08-19T22:31:39.361Z</time></trkpt>
      <trkpt lat="24.706736" lon="115.360222"><time>2026-08-19T22:31:39.377Z</time></trkpt>
      <trkpt lat="24.706736" lon="115.360222"><time>2026-08-19T22:31:39.394Z</time></trkpt>
      <trkpt lat="24.706738" lon="115.360236"><time>2026-08-19T22:31:39.411Z</time></trkpt>
      <trkpt lat="24.706738" lon="115.360236"><time>2026-08-19T22:31:39.427Z</time></trkpt>
      <trkpt lat="24.706738" lon="115.360236"><time>2026-08-19T22:31:39.444Z</time></trkpt>
      <trkpt lat="24.706738" lon="115.360236"><time>2026-08-19T22:31:39.461Z</time></trkpt>
      <trkpt lat="24.706738" lon="115.360236"><time>2026-08-19T22:31:39.477Z</time></trkpt>
      <trkpt lat="24.706738" lon="115.360236"><time>2026-08-19T22:31:39.494Z</time></trkpt>
      <trkpt lat="24.706739" lon="115.360251"><time>2026-08-19T22:31:39.511Z</time></trkpt>
      <trkpt lat="24.706739" lon="115.360251"><time>2026-08-19T22:31:39.528Z</time></trkpt>
      <trkpt lat="24.706739" lon="115.360251"><time>2026-08-19T22:31:39.544Z</time></trkpt>
      <trkpt lat="24.706739" lon="115.360251"><time>2026-08-19T22:31:39.561Z</time></trkpt>
      <trkpt lat="24.706739" lon="115.360251"><time>2026-08-19T22:31:39.578Z</time></trkpt>
      <trkpt lat="24.706739" lon="115.360251"><time>2026-08-19T22:31:39.594Z</time></trkpt>
      <trkpt lat="24.706741" lon="115.360265"><time>2026-08-19T22:31:39.611Z</time></trkpt>
      <trkpt lat="24.706741" lon="115.360265"><time>2026-08-19T22:31:39.628Z</time></trkpt>
      <trkpt lat="24.706741" lon="115.360265"><time>2026-08-19T22:31:39.644Z</time></trkpt>
      <trkpt lat="24.706741" lon="115.360265"><time>2026-08-19T22:31:39.661Z</time></trkpt>
      <trkpt lat="24.706741" lon="115.360265"><time>2026-08-19T22:31:39.678Z</time></trkpt>
      <trkpt lat="24.706741" lon="115.360265"><time>2026-08-19T22:31:39.694Z</time></trkpt>
      <trkpt lat="24.706743" lon="115.360279"><time>2026-08-19T22:31:39.711Z</time></trkpt>
      <trkpt lat="24.706743" lon="115.360279"><time>2026-08-19T22:31:39.728Z</time></trkpt>
      <trkpt lat="24.706743" lon="115.360279"><time>2026-08-19T22:31:39.744Z</time></trkpt>
      <trkpt lat="24.706743" lon="115.360279"><time>2026-08-19T22:31:39.761Z</time></trkpt>
      <trkpt lat="24.706743" lon="115.360279"><time>2026-08-19T22:31:39.778Z</time></trkpt>
      <trkpt lat="24.706743" lon="115.360279"><time>2026-08-19T22:31:39.794Z</time></trkpt>
      <trkpt lat="24.706745" lon="115.360293"><time>2026-08-19T22:31:39.811Z</time></trkpt>
      <trkpt lat="24.706745" lon="115.360293"><time>2026-08-19T22:31:39.828Z</time></trkpt>
      <trkpt lat="24.706745" lon="115.360293"><time>2026-08-19T22:31:39.845Z</time></trkpt>
      <trkpt lat="24.706745" lon="115.360293"><time>2026-08-19T22:31:39.861Z</time></trkpt>
      <trkpt lat="24.706745" lon="115.360293"><time>2026-08-19T22:31:39.878Z</time></trkpt>
      <trkpt lat="24.706745" lon="115.360293"><time>2026-08-19T22:31:39.895Z</time></trkpt>
      <trkpt lat="24.706747" lon="115.360308"><time>2026-08-19T22:31:39.911Z</time></trkpt>
      <trkpt lat="24.706747" lon="115.360308"><time>2026-08-19T22:31:39.928Z</time></trkpt>
      <trkpt lat="24.706747" lon="115.360308"><time>2026-08-19T22:31:39.945Z</time></trkpt>
      <trkpt lat="24.706747" lon="115.360308"><time>2026-08-19T22:31:39.961Z</time></trkpt>
      <trkpt lat="24.706747" lon="115.360308"><time>2026-08-19T22:31:39.978Z</time></trkpt>
      <trkpt lat="24.706748" lon="115.360321"><time>2026-08-19T22:31:39.995Z</time></trkpt>
      <trkpt lat="24.706748" lon="115.360321"><time>2026-08-19T22:31:40.011Z</time></trkpt>
      <trkpt lat="24.706748" lon="115.360321"><time>2026-08-19T22:31:40.028Z</time></trkpt>
      <trkpt lat="24.706748" lon="115.360321"><time>2026-08-19T22:31:40.045Z</time></trkpt>
      <trkpt lat="24.706748" lon="115.360321"><time>2026-08-19T22:31:40.061Z</time></trkpt>
      <trkpt lat="24.706748" lon="115.360321"><time>2026-08-19T22:31:40.078Z</time></trkpt>
      <trkpt lat="24.706748" lon="115.360321"><time>2026-08-19T22:31:40.095Z</time></trkpt>
      <trkpt lat="24.70675" lon="115.360337"><time>2026-08-19T22:31:40.111Z</time></trkpt>
      <trkpt lat="24.70675" lon="115.360337"><time>2026-08-19T22:31:40.128Z</time></trkpt>
      <trkpt lat="24.70675" lon="115.360337"><time>2026-08-19T22:31:40.145Z</time></trkpt>
      <trkpt lat="24.70675" lon="115.360337"><time>2026-08-19T22:31:40.162Z</time></trkpt>
      <trkpt lat="24.70675" lon="115.360337"><time>2026-08-19T22:31:40.178Z</time></trkpt>
      <trkpt lat="24.70675" lon="115.360337"><time>2026-08-19T22:31:40.195Z</time></trkpt>
      <trkpt lat="24.706752" lon="115.360351"><time>2026-08-19T22:31:40.212Z</time></trkpt>
      <trkpt lat="24.706752" lon="115.360351"><time>2026-08-19T22:31:40.228Z</time></trkpt>
      <trkpt lat="24.706752" lon="115.360351"><time>2026-08-19T22:31:40.245Z</time></trkpt>
      <trkpt lat="24.706752" lon="115.360351"><time>2026-08-19T22:31:40.262Z</time></trkpt>
      <trkpt lat="24.706752" lon="115.360351"><time>2026-08-19T22:31:40.278Z</time></trkpt>
      <trkpt lat="24.706752" lon="115.360351"><time>2026-08-19T22:31:40.295Z</time></trkpt>
      <trkpt lat="24.706754" lon="115.360366"><time>2026-08-19T22:31:40.312Z</time></trkpt>
      <trkpt lat="24.706754" lon="115.360366"><time>2026-08-19T22:31:40.328Z</time></trkpt>
      <trkpt lat="24.706754" lon="115.360366"><time>2026-08-19T22:31:40.345Z</time></trkpt>
      <trkpt lat="24.706754" lon="115.360366"><time>2026-08-19T22:31:40.362Z</time></trkpt>
      <trkpt lat="24.706754" lon="115.360366"><time>2026-08-19T22:31:40.378Z</time></trkpt>
      <trkpt lat="24.706754" lon="115.360366"><time>2026-08-19T22:31:40.395Z</time></trkpt>
      <trkpt lat="24.706756" lon="115.360381"><time>2026-08-19T22:31:40.412Z</time></trkpt>
      <trkpt lat="24.706756" lon="115.360381"><time>2026-08-19T22:31:40.428Z</time></trkpt>
      <trkpt lat="24.706756" lon="115.360381"><time>2026-08-19T22:31:40.445Z</time></trkpt>
      <trkpt lat="24.706756" lon="115.360381"><time>2026-08-19T22:31:40.462Z</time></trkpt>
      <trkpt lat="24.706756" lon="115.360381"><time>2026-08-19T22:31:40.479Z</time></trkpt>
      <trkpt lat="24.706756" lon="115.360381"><time>2026-08-19T22:31:40.495Z</time></trkpt>
      <trkpt lat="24.706758" lon="115.360395"><time>2026-08-19T22:31:40.512Z</time></trkpt>
      <trkpt lat="24.706758" lon="115.360395"><time>2026-08-19T22:31:40.529Z</time></trkpt>
      <trkpt lat="24.706758" lon="115.360395"><time>2026-08-19T22:31:40.545Z</time></trkpt>
      <trkpt lat="24.706758" lon="115.360395"><time>2026-08-19T22:31:40.562Z</time></trkpt>
      <trkpt lat="24.706758" lon="115.360395"><time>2026-08-19T22:31:40.579Z</time></trkpt>
      <trkpt lat="24.706758" lon="115.360395"><time>2026-08-19T22:31:40.595Z</time></trkpt>
      <trkpt lat="24.70676" lon="115.36041"><time>2026-08-19T22:31:40.612Z</time></trkpt>
      <trkpt lat="24.70676" lon="115.36041"><time>2026-08-19T22:31:40.629Z</time></trkpt>
      <trkpt lat="24.70676" lon="115.36041"><time>2026-08-19T22:31:40.645Z</time></trkpt>
      <trkpt lat="24.70676" lon="115.36041"><time>2026-08-19T22:31:40.662Z</time></trkpt>
      <trkpt lat="24.70676" lon="115.36041"><time>2026-08-19T22:31:40.679Z</time></trkpt>
      <trkpt lat="24.70676" lon="115.36041"><time>2026-08-19T22:31:40.695Z</time></trkpt>
      <trkpt lat="24.706762" lon="115.360424"><time>2026-08-19T22:31:40.712Z</time></trkpt>
      <trkpt lat="24.706762" lon="115.360424"><time>2026-08-19T22:31:40.729Z</time></trkpt>
      <trkpt lat="24.706762" lon="115.360424"><time>2026-08-19T22:31:40.745Z</time></trkpt>
      <trkpt lat="24.706762" lon="115.360424"><time>2026-08-19T22:31:40.762Z</time></trkpt>
      <trkpt lat="24.706762" lon="115.360424"><time>2026-08-19T22:31:40.779Z</time></trkpt>
      <trkpt lat="24.706762" lon="115.360424"><time>2026-08-19T22:31:40.796Z</time></trkpt>
      <trkpt lat="24.706764" lon="115.360439"><time>2026-08-19T22:31:40.812Z</time></trkpt>
      <trkpt lat="24.706764" lon="115.360439"><time>2026-08-19T22:31:40.829Z</time></trkpt>
      <trkpt lat="24.706764" lon="115.360439"><time>2026-08-19T22:31:40.846Z</time></trkpt>
      <trkpt lat="24.706764" lon="115.360439"><time>2026-08-19T22:31:40.862Z</time></trkpt>
      <trkpt lat="24.706764" lon="115.360439"><time>2026-08-19T22:31:40.879Z</time></trkpt>
      <trkpt lat="24.706765" lon="115.360453"><time>2026-08-19T22:31:40.896Z</time></trkpt>
      <trkpt lat="24.706765" lon="115.360453"><time>2026-08-19T22:31:40.912Z</time></trkpt>
      <trkpt lat="24.706765" lon="115.360453"><time>2026-08-19T22:31:40.929Z</time></trkpt>
      <trkpt lat="24.706765" lon="115.360453"><time>2026-08-19T22:31:40.946Z</time></trkpt>
      <trkpt lat="24.706765" lon="115.360453"><time>2026-08-19T22:31:40.962Z</time></trkpt>
      <trkpt lat="24.706765" lon="115.360453"><time>2026-08-19T22:31:40.979Z</time></trkpt>
      <trkpt lat="24.706767" lon="115.360467"><time>2026-08-19T22:31:40.996Z</time></trkpt>
      <trkpt lat="24.706767" lon="115.360467"><time>2026-08-19T22:31:41.012Z</time></trkpt>
      <trkpt lat="24.706767" lon="115.360467"><time>2026-08-19T22:31:41.029Z</time></trkpt>
      <trkpt lat="24.706767" lon="115.360467"><time>2026-08-19T22:31:41.046Z</time></trkpt>
      <trkpt lat="24.706767" lon="115.360467"><time>2026-08-19T22:31:41.062Z</time></trkpt>
      <trkpt lat="24.706767" lon="115.360467"><time>2026-08-19T22:31:41.079Z</time></trkpt>
      <trkpt lat="24.706769" lon="115.360482"><time>2026-08-19T22:31:41.096Z</time></trkpt>
      <trkpt lat="24.706769" lon="115.360482"><time>2026-08-19T22:31:41.113Z</time></trkpt>
      <trkpt lat="24.706769" lon="115.360482"><time>2026-08-19T22:31:41.129Z</time></trkpt>
      <trkpt lat="24.706769" lon="115.360482"><time>2026-08-19T22:31:41.146Z</time></trkpt>
      <trkpt lat="24.706769" lon="115.360482"><time>2026-08-19T22:31:41.163Z</time></trkpt>
      <trkpt lat="24.706769" lon="115.360482"><time>2026-08-19T22:31:41.179Z</time></trkpt>
      <trkpt lat="24.706771" lon="115.360496"><time>2026-08-19T22:31:41.196Z</time></trkpt>
      <trkpt lat="24.706771" lon="115.360496"><time>2026-08-19T22:31:41.213Z</time></trkpt>
      <trkpt lat="24.706771" lon="115.360496"><time>2026-08-19T22:31:41.229Z</time></trkpt>
      <trkpt lat="24.706771" lon="115.360496"><time>2026-08-19T22:31:41.246Z</time></trkpt>
      <trkpt lat="24.706771" lon="115.360496"><time>2026-08-19T22:31:41.263Z</time></trkpt>
      <trkpt lat="24.706771" lon="115.360496"><time>2026-08-19T22:31:41.279Z</time></trkpt>
      <trkpt lat="24.706773" lon="115.360511"><time>2026-08-19T22:31:41.296Z</time></trkpt>
      <trkpt lat="24.706773" lon="115.360511"><time>2026-08-19T22:31:41.313Z</time></trkpt>
      <trkpt lat="24.706773" lon="115.360511"><time>2026-08-19T22:31:41.329Z</time></trkpt>
      <trkpt lat="24.706773" lon="115.360511"><time>2026-08-19T22:31:41.346Z</time></trkpt>
      <trkpt lat="24.706773" lon="115.360511"><time>2026-08-19T22:31:41.363Z</time></trkpt>
      <trkpt lat="24.706773" lon="115.360511"><time>2026-08-19T22:31:41.379Z</time></trkpt>
      <trkpt lat="24.706775" lon="115.360525"><time>2026-08-19T22:31:41.396Z</time></trkpt>
      <trkpt lat="24.706775" lon="115.360525"><time>2026-08-19T22:31:41.413Z</time></trkpt>
      <trkpt lat="24.706775" lon="115.360525"><time>2026-08-19T22:31:41.430Z</time></trkpt>
      <trkpt lat="24.706775" lon="115.360525"><time>2026-08-19T22:31:41.446Z</time></trkpt>
      <trkpt lat="24.706775" lon="115.360525"><time>2026-08-19T22:31:41.463Z</time></trkpt>
      <trkpt lat="24.706775" lon="115.360525"><time>2026-08-19T22:31:41.480Z</time></trkpt>
      <trkpt lat="24.706777" lon="115.360539"><time>2026-08-19T22:31:41.496Z</time></trkpt>
      <trkpt lat="24.706777" lon="115.360539"><time>2026-08-19T22:31:41.513Z</time></trkpt>
      <trkpt lat="24.706777" lon="115.360539"><time>2026-08-19T22:31:41.530Z</time></trkpt>
      <trkpt lat="24.706777" lon="115.360539"><time>2026-08-19T22:31:41.546Z</time></trkpt>
      <trkpt lat="24.706777" lon="115.360539"><time>2026-08-19T22:31:41.563Z</time></trkpt>
      <trkpt lat="24.706777" lon="115.360539"><time>2026-08-19T22:31:41.580Z</time></trkpt>
      <trkpt lat="24.706779" lon="115.360554"><time>2026-08-19T22:31:41.596Z</time></trkpt>
      <trkpt lat="24.706779" lon="115.360554"><time>2026-08-19T22:31:41.613Z</time></trkpt>
      <trkpt lat="24.706779" lon="115.360554"><time>2026-08-19T22:31:41.630Z</time></trkpt>
      <trkpt lat="24.706779" lon="115.360554"><time>2026-08-19T22:31:41.646Z</time></trkpt>
      <trkpt lat="24.706779" lon="115.360554"><time>2026-08-19T22:31:41.663Z</time></trkpt>
      <trkpt lat="24.706779" lon="115.360554"><time>2026-08-19T22:31:41.680Z</time></trkpt>
      <trkpt lat="24.706781" lon="115.360569"><time>2026-08-19T22:31:41.696Z</time></trkpt>
      <trkpt lat="24.706781" lon="115.360569"><time>2026-08-19T22:31:41.713Z</time></trkpt>
      <trkpt lat="24.706781" lon="115.360569"><time>2026-08-19T22:31:41.730Z</time></trkpt>
      <trkpt lat="24.706781" lon="115.360569"><time>2026-08-19T22:31:41.747Z</time></trkpt>
      <trkpt lat="24.706781" lon="115.360569"><time>2026-08-19T22:31:41.763Z</time></trkpt>
      <trkpt lat="24.706781" lon="115.360569"><time>2026-08-19T22:31:41.780Z</time></trkpt>
      <trkpt lat="24.706783" lon="115.360583"><time>2026-08-19T22:31:41.797Z</time></trkpt>
      <trkpt lat="24.706783" lon="115.360583"><time>2026-08-19T22:31:41.813Z</time></trkpt>
      <trkpt lat="24.706783" lon="115.360583"><time>2026-08-19T22:31:41.830Z</time></trkpt>
      <trkpt lat="24.706783" lon="115.360583"><time>2026-08-19T22:31:41.847Z</time></trkpt>
      <trkpt lat="24.706783" lon="115.360583"><time>2026-08-19T22:31:41.863Z</time></trkpt>
      <trkpt lat="24.706783" lon="115.360583"><time>2026-08-19T22:31:41.880Z</time></trkpt>
      <trkpt lat="24.706785" lon="115.360598"><time>2026-08-19T22:31:41.897Z</time></trkpt>
      <trkpt lat="24.706785" lon="115.360598"><time>2026-08-19T22:31:41.913Z</time></trkpt>
      <trkpt lat="24.706785" lon="115.360598"><time>2026-08-19T22:31:41.930Z</time></trkpt>
      <trkpt lat="24.706785" lon="115.360598"><time>2026-08-19T22:31:41.947Z</time></trkpt>
      <trkpt lat="24.706785" lon="115.360598"><time>2026-08-19T22:31:41.963Z</time></trkpt>
      <trkpt lat="24.706785" lon="115.360598"><time>2026-08-19T22:31:41.980Z</time></trkpt>
      <trkpt lat="24.706787" lon="115.360613"><time>2026-08-19T22:31:41.997Z</time></trkpt>
      <trkpt lat="24.706787" lon="115.360613"><time>2026-08-19T22:31:42.013Z</time></trkpt>
      <trkpt lat="24.706787" lon="115.360613"><time>2026-08-19T22:31:42.030Z</time></trkpt>
      <trkpt lat="24.706787" lon="115.360613"><time>2026-08-19T22:31:42.047Z</time></trkpt>
      <trkpt lat="24.706787" lon="115.360613"><time>2026-08-19T22:31:42.064Z</time></trkpt>
      <trkpt lat="24.706787" lon="115.360613"><time>2026-08-19T22:31:42.080Z</time></trkpt>
      <trkpt lat="24.706789" lon="115.360628"><time>2026-08-19T22:31:42.097Z</time></trkpt>
      <trkpt lat="24.706789" lon="115.360628"><time>2026-08-19T22:31:42.114Z</time></trkpt>
      <trkpt lat="24.706789" lon="115.360628"><time>2026-08-19T22:31:42.130Z</time></trkpt>
      <trkpt lat="24.706789" lon="115.360628"><time>2026-08-19T22:31:42.147Z</time></trkpt>
      <trkpt lat="24.706789" lon="115.360628"><time>2026-08-19T22:31:42.164Z</time></trkpt>
      <trkpt lat="24.706789" lon="115.360628"><time>2026-08-19T22:31:42.180Z</time></trkpt>
      <trkpt lat="24.706791" lon="115.360643"><time>2026-08-19T22:31:42.197Z</time></trkpt>
      <trkpt lat="24.706791" lon="115.360643"><time>2026-08-19T22:31:42.214Z</time></trkpt>
      <trkpt lat="24.706791" lon="115.360643"><time>2026-08-19T22:31:42.230Z</time></trkpt>
      <trkpt lat="24.706791" lon="115.360643"><time>2026-08-19T22:31:42.247Z</time></trkpt>
      <trkpt lat="24.706791" lon="115.360643"><time>2026-08-19T22:31:42.264Z</time></trkpt>
      <trkpt lat="24.706791" lon="115.360643"><time>2026-08-19T22:31:42.280Z</time></trkpt>
      <trkpt lat="24.706792" lon="115.360657"><time>2026-08-19T22:31:42.297Z</time></trkpt>
      <trkpt lat="24.706792" lon="115.360657"><time>2026-08-19T22:31:42.314Z</time></trkpt>
      <trkpt lat="24.706792" lon="115.360657"><time>2026-08-19T22:31:42.330Z</time></trkpt>
      <trkpt lat="24.706792" lon="115.360657"><time>2026-08-19T22:31:42.347Z</time></trkpt>
      <trkpt lat="24.706792" lon="115.360657"><time>2026-08-19T22:31:42.364Z</time></trkpt>
      <trkpt lat="24.706792" lon="115.360657"><time>2026-08-19T22:31:42.381Z</time></trkpt>
      <trkpt lat="24.706794" lon="115.360671"><time>2026-08-19T22:31:42.397Z</time></trkpt>
      <trkpt lat="24.706794" lon="115.360671"><time>2026-08-19T22:31:42.414Z</time></trkpt>
      <trkpt lat="24.706794" lon="115.360671"><time>2026-08-19T22:31:42.431Z</time></trkpt>
      <trkpt lat="24.706794" lon="115.360671"><time>2026-08-19T22:31:42.447Z</time></trkpt>
      <trkpt lat="24.706794" lon="115.360671"><time>2026-08-19T22:31:42.464Z</time></trkpt>
      <trkpt lat="24.706794" lon="115.360671"><time>2026-08-19T22:31:42.481Z</time></trkpt>
      <trkpt lat="24.706796" lon="115.360686"><time>2026-08-19T22:31:42.497Z</time></trkpt>
      <trkpt lat="24.706796" lon="115.360686"><time>2026-08-19T22:31:42.514Z</time></trkpt>
      <trkpt lat="24.706796" lon="115.360686"><time>2026-08-19T22:31:42.531Z</time></trkpt>
      <trkpt lat="24.706796" lon="115.360686"><time>2026-08-19T22:31:42.547Z</time></trkpt>
      <trkpt lat="24.706796" lon="115.360686"><time>2026-08-19T22:31:42.564Z</time></trkpt>
      <trkpt lat="24.706796" lon="115.360686"><time>2026-08-19T22:31:42.581Z</time></trkpt>
      <trkpt lat="24.706798" lon="115.360701"><time>2026-08-19T22:31:42.597Z</time></trkpt>
      <trkpt lat="24.706798" lon="115.360701"><time>2026-08-19T22:31:42.614Z</time></trkpt>
      <trkpt lat="24.706798" lon="115.360701"><time>2026-08-19T22:31:42.631Z</time></trkpt>
      <trkpt lat="24.706798" lon="115.360701"><time>2026-08-19T22:31:42.647Z</time></trkpt>
      <trkpt lat="24.706798" lon="115.360701"><time>2026-08-19T22:31:42.664Z</time></trkpt>
      <trkpt lat="24.706798" lon="115.360701"><time>2026-08-19T22:31:42.681Z</time></trkpt>
      <trkpt lat="24.7068" lon="115.360715"><time>2026-08-19T22:31:42.698Z</time></trkpt>
      <trkpt lat="24.7068" lon="115.360715"><time>2026-08-19T22:31:42.714Z</time></trkpt>
      <trkpt lat="24.7068" lon="115.360715"><time>2026-08-19T22:31:42.731Z</time></trkpt>
      <trkpt lat="24.7068" lon="115.360715"><time>2026-08-19T22:31:42.748Z</time></trkpt>
      <trkpt lat="24.7068" lon="115.360715"><time>2026-08-19T22:31:42.764Z</time></trkpt>
      <trkpt lat="24.7068" lon="115.360715"><time>2026-08-19T22:31:42.781Z</time></trkpt>
      <trkpt lat="24.706801" lon="115.36073"><time>2026-08-19T22:31:42.798Z</time></trkpt>
      <trkpt lat="24.706801" lon="115.36073"><time>2026-08-19T22:31:42.814Z</time></trkpt>
      <trkpt lat="24.706801" lon="115.36073"><time>2026-08-19T22:31:42.831Z</time></trkpt>
      <trkpt lat="24.706801" lon="115.36073"><time>2026-08-19T22:31:42.848Z</time></trkpt>
      <trkpt lat="24.706801" lon="115.36073"><time>2026-08-19T22:31:42.864Z</time></trkpt>
      <trkpt lat="24.706801" lon="115.36073"><time>2026-08-19T22:31:42.881Z</time></trkpt>
      <trkpt lat="24.706803" lon="115.360744"><time>2026-08-19T22:31:42.898Z</time></trkpt>
      <trkpt lat="24.706803" lon="115.360744"><time>2026-08-19T22:31:42.914Z</time></trkpt>
      <trkpt lat="24.706803" lon="115.360744"><time>2026-08-19T22:31:42.931Z</time></trkpt>
      <trkpt lat="24.706803" lon="115.360744"><time>2026-08-19T22:31:42.948Z</time></trkpt>
      <trkpt lat="24.706803" lon="115.360744"><time>2026-08-19T22:31:42.964Z</time></trkpt>
      <trkpt lat="24.706803" lon="115.360744"><time>2026-08-19T22:31:42.981Z</time></trkpt>
      <trkpt lat="24.706805" lon="115.360759"><time>2026-08-19T22:31:42.998Z</time></trkpt>
      <trkpt lat="24.706805" lon="115.360759"><time>2026-08-19T22:31:43.015Z</time></trkpt>
      <trkpt lat="24.706805" lon="115.360759"><time>2026-08-19T22:31:43.031Z</time></trkpt>
      <trkpt lat="24.706805" lon="115.360759"><time>2026-08-19T22:31:43.048Z</time></trkpt>
      <trkpt lat="24.706805" lon="115.360759"><time>2026-08-19T22:31:43.065Z</time></trkpt>
      <trkpt lat="24.706805" lon="115.360759"><time>2026-08-19T22:31:43.081Z</time></trkpt>
      <trkpt lat="24.706807" lon="115.360773"><time>2026-08-19T22:31:43.098Z</time></trkpt>
      <trkpt lat="24.706807" lon="115.360773"><time>2026-08-19T22:31:43.115Z</time></trkpt>
      <trkpt lat="24.706807" lon="115.360773"><time>2026-08-19T22:31:43.131Z</time></trkpt>
      <trkpt lat="24.706807" lon="115.360773"><time>2026-08-19T22:31:43.148Z</time></trkpt>
      <trkpt lat="24.706807" lon="115.360773"><time>2026-08-19T22:31:43.165Z</time></trkpt>
      <trkpt lat="24.706807" lon="115.360773"><time>2026-08-19T22:31:43.181Z</time></trkpt>
      <trkpt lat="24.706809" lon="115.360787"><time>2026-08-19T22:31:43.198Z</time></trkpt>
      <trkpt lat="24.706809" lon="115.360787"><time>2026-08-19T22:31:43.215Z</time></trkpt>
      <trkpt lat="24.706809" lon="115.360787"><time>2026-08-19T22:31:43.231Z</time></trkpt>
      <trkpt lat="24.706809" lon="115.360787"><time>2026-08-19T22:31:43.248Z</time></trkpt>
      <trkpt lat="24.706809" lon="115.360787"><time>2026-08-19T22:31:43.265Z</time></trkpt>
      <trkpt lat="24.706809" lon="115.360787"><time>2026-08-19T22:31:43.281Z</time></trkpt>
      <trkpt lat="24.70681" lon="115.360802"><time>2026-08-19T22:31:43.298Z</time></trkpt>
      <trkpt lat="24.70681" lon="115.360802"><time>2026-08-19T22:31:43.315Z</time></trkpt>
      <trkpt lat="24.70681" lon="115.360802"><time>2026-08-19T22:31:43.332Z</time></trkpt>
      <trkpt lat="24.70681" lon="115.360802"><time>2026-08-19T22:31:43.348Z</time></trkpt>
      <trkpt lat="24.70681" lon="115.360802"><time>2026-08-19T22:31:43.365Z</time></trkpt>
      <trkpt lat="24.70681" lon="115.360802"><time>2026-08-19T22:31:43.382Z</time></trkpt>
      <trkpt lat="24.706812" lon="115.360815"><time>2026-08-19T22:31:43.398Z</time></trkpt>
      <trkpt lat="24.706812" lon="115.360815"><time>2026-08-19T22:31:43.415Z</time></trkpt>
      <trkpt lat="24.706812" lon="115.360815"><time>2026-08-19T22:31:43.432Z</time></trkpt>
      <trkpt lat="24.706812" lon="115.360815"><time>2026-08-19T22:31:43.448Z</time></trkpt>
      <trkpt lat="24.706812" lon="115.360815"><time>2026-08-19T22:31:43.465Z</time></trkpt>
      <trkpt lat="24.706812" lon="115.360815"><time>2026-08-19T22:31:43.482Z</time></trkpt>
      <trkpt lat="24.706814" lon="115.36083"><time>2026-08-19T22:31:43.498Z</time></trkpt>
      <trkpt lat="24.706814" lon="115.36083"><time>2026-08-19T22:31:43.515Z</time></trkpt>
      <trkpt lat="24.706814" lon="115.36083"><time>2026-08-19T22:31:43.532Z</time></trkpt>
      <trkpt lat="24.706814" lon="115.36083"><time>2026-08-19T22:31:43.548Z</time></trkpt>
      <trkpt lat="24.706814" lon="115.36083"><time>2026-08-19T22:31:43.565Z</time></trkpt>
      <trkpt lat="24.706814" lon="115.36083"><time>2026-08-19T22:31:43.582Z</time></trkpt>
      <trkpt lat="24.706816" lon="115.360845"><time>2026-08-19T22:31:43.598Z</time></trkpt>
      <trkpt lat="24.706816" lon="115.360845"><time>2026-08-19T22:31:43.615Z</time></trkpt>
      <trkpt lat="24.706816" lon="115.360845"><time>2026-08-19T22:31:43.632Z</time></trkpt>
      <trkpt lat="24.706816" lon="115.360845"><time>2026-08-19T22:31:43.649Z</time></trkpt>
      <trkpt lat="24.706816" lon="115.360845"><time>2026-08-19T22:31:43.665Z</time></trkpt>
      <trkpt lat="24.706816" lon="115.360845"><time>2026-08-19T22:31:43.682Z</time></trkpt>
      <trkpt lat="24.706817" lon="115.360859"><time>2026-08-19T22:31:43.699Z</time></trkpt>
      <trkpt lat="24.706817" lon="115.360859"><time>2026-08-19T22:31:43.715Z</time></trkpt>
      <trkpt lat="24.706817" lon="115.360859"><time>2026-08-19T22:31:43.732Z</time></trkpt>
      <trkpt lat="24.706817" lon="115.360859"><time>2026-08-19T22:31:43.749Z</time></trkpt>
      <trkpt lat="24.706817" lon="115.360859"><time>2026-08-19T22:31:43.765Z</time></trkpt>
      <trkpt lat="24.706817" lon="115.360859"><time>2026-08-19T22:31:43.782Z</time></trkpt>
      <trkpt lat="24.706819" lon="115.360874"><time>2026-08-19T22:31:43.799Z</time></trkpt>
      <trkpt lat="24.706819" lon="115.360874"><time>2026-08-19T22:31:43.815Z</time></trkpt>
      <trkpt lat="24.706819" lon="115.360874"><time>2026-08-19T22:31:43.832Z</time></trkpt>
      <trkpt lat="24.706819" lon="115.360874"><time>2026-08-19T22:31:43.849Z</time></trkpt>
      <trkpt lat="24.706819" lon="115.360874"><time>2026-08-19T22:31:43.865Z</time></trkpt>
      <trkpt lat="24.706819" lon="115.360874"><time>2026-08-19T22:31:43.882Z</time></trkpt>
      <trkpt lat="24.706819" lon="115.360888"><time>2026-08-19T22:31:43.899Z</time></trkpt>
      <trkpt lat="24.706819" lon="115.360888"><time>2026-08-19T22:31:43.915Z</time></trkpt>
      <trkpt lat="24.706819" lon="115.360888"><time>2026-08-19T22:31:43.932Z</time></trkpt>
      <trkpt lat="24.706819" lon="115.360888"><time>2026-08-19T22:31:43.949Z</time></trkpt>
      <trkpt lat="24.706819" lon="115.360888"><time>2026-08-19T22:31:43.966Z</time></trkpt>
      <trkpt lat="24.706819" lon="115.360888"><time>2026-08-19T22:31:43.982Z</time></trkpt>
      <trkpt lat="24.706821" lon="115.360903"><time>2026-08-19T22:31:43.999Z</time></trkpt>
      <trkpt lat="24.706821" lon="115.360903"><time>2026-08-19T22:31:44.016Z</time></trkpt>
      <trkpt lat="24.706821" lon="115.360903"><time>2026-08-19T22:31:44.032Z</time></trkpt>
      <trkpt lat="24.706821" lon="115.360903"><time>2026-08-19T22:31:44.049Z</time></trkpt>
      <trkpt lat="24.706821" lon="115.360903"><time>2026-08-19T22:31:44.066Z</time></trkpt>
      <trkpt lat="24.706821" lon="115.360903"><time>2026-08-19T22:31:44.082Z</time></trkpt>
      <trkpt lat="24.706823" lon="115.360917"><time>2026-08-19T22:31:44.099Z</time></trkpt>
      <trkpt lat="24.706823" lon="115.360917"><time>2026-08-19T22:31:44.116Z</time></trkpt>
      <trkpt lat="24.706823" lon="115.360917"><time>2026-08-19T22:31:44.132Z</time></trkpt>
      <trkpt lat="24.706823" lon="115.360917"><time>2026-08-19T22:31:44.149Z</time></trkpt>
      <trkpt lat="24.706823" lon="115.360917"><time>2026-08-19T22:31:44.166Z</time></trkpt>
      <trkpt lat="24.706823" lon="115.360917"><time>2026-08-19T22:31:44.182Z</time></trkpt>
      <trkpt lat="24.706825" lon="115.360932"><time>2026-08-19T22:31:44.199Z</time></trkpt>
      <trkpt lat="24.706825" lon="115.360932"><time>2026-08-19T22:31:44.216Z</time></trkpt>
      <trkpt lat="24.706825" lon="115.360932"><time>2026-08-19T22:31:44.232Z</time></trkpt>
      <trkpt lat="24.706825" lon="115.360932"><time>2026-08-19T22:31:44.249Z</time></trkpt>
      <trkpt lat="24.706825" lon="115.360932"><time>2026-08-19T22:31:44.266Z</time></trkpt>
      <trkpt lat="24.706825" lon="115.360932"><time>2026-08-19T22:31:44.283Z</time></trkpt>
      <trkpt lat="24.706827" lon="115.360947"><time>2026-08-19T22:31:44.299Z</time></trkpt>
      <trkpt lat="24.706827" lon="115.360947"><time>2026-08-19T22:31:44.316Z</time></trkpt>
      <trkpt lat="24.706827" lon="115.360947"><time>2026-08-19T22:31:44.333Z</time></trkpt>
      <trkpt lat="24.706827" lon="115.360947"><time>2026-08-19T22:31:44.349Z</time></trkpt>
      <trkpt lat="24.706827" lon="115.360947"><time>2026-08-19T22:31:44.366Z</time></trkpt>
      <trkpt lat="24.706827" lon="115.360947"><time>2026-08-19T22:31:44.383Z</time></trkpt>
      <trkpt lat="24.706829" lon="115.360961"><time>2026-08-19T22:31:44.399Z</time></trkpt>
      <trkpt lat="24.706829" lon="115.360961"><time>2026-08-19T22:31:44.416Z</time></trkpt>
      <trkpt lat="24.706829" lon="115.360961"><time>2026-08-19T22:31:44.433Z</time></trkpt>
      <trkpt lat="24.706829" lon="115.360961"><time>2026-08-19T22:31:44.449Z</time></trkpt>
      <trkpt lat="24.706829" lon="115.360961"><time>2026-08-19T22:31:44.466Z</time></trkpt>
      <trkpt lat="24.706829" lon="115.360961"><time>2026-08-19T22:31:44.483Z</time></trkpt>
      <trkpt lat="24.706831" lon="115.360975"><time>2026-08-19T22:31:44.499Z</time></trkpt>
      <trkpt lat="24.706831" lon="115.360975"><time>2026-08-19T22:31:44.516Z</time></trkpt>
      <trkpt lat="24.706831" lon="115.360975"><time>2026-08-19T22:31:44.533Z</time></trkpt>
      <trkpt lat="24.706831" lon="115.360975"><time>2026-08-19T22:31:44.549Z</time></trkpt>
      <trkpt lat="24.706831" lon="115.360975"><time>2026-08-19T22:31:44.566Z</time></trkpt>
      <trkpt lat="24.706831" lon="115.360975"><time>2026-08-19T22:31:44.583Z</time></trkpt>
      <trkpt lat="24.706832" lon="115.36099"><time>2026-08-19T22:31:44.599Z</time></trkpt>
      <trkpt lat="24.706832" lon="115.36099"><time>2026-08-19T22:31:44.616Z</time></trkpt>
      <trkpt lat="24.706832" lon="115.36099"><time>2026-08-19T22:31:44.633Z</time></trkpt>
      <trkpt lat="24.706832" lon="115.36099"><time>2026-08-19T22:31:44.650Z</time></trkpt>
      <trkpt lat="24.706832" lon="115.36099"><time>2026-08-19T22:31:44.666Z</time></trkpt>
      <trkpt lat="24.706832" lon="115.36099"><time>2026-08-19T22:31:44.683Z</time></trkpt>
      <trkpt lat="24.706834" lon="115.361004"><time>2026-08-19T22:31:44.700Z</time></trkpt>
      <trkpt lat="24.706834" lon="115.361004"><time>2026-08-19T22:31:44.716Z</time></trkpt>
      <trkpt lat="24.706834" lon="115.361004"><time>2026-08-19T22:31:44.733Z</time></trkpt>
      <trkpt lat="24.706834" lon="115.361004"><time>2026-08-19T22:31:44.750Z</time></trkpt>
      <trkpt lat="24.706834" lon="115.361004"><time>2026-08-19T22:31:44.766Z</time></trkpt>
      <trkpt lat="24.706834" lon="115.361004"><time>2026-08-19T22:31:44.783Z</time></trkpt>
      <trkpt lat="24.706835" lon="115.361019"><time>2026-08-19T22:31:44.800Z</time></trkpt>
      <trkpt lat="24.706835" lon="115.361019"><time>2026-08-19T22:31:44.816Z</time></trkpt>
      <trkpt lat="24.706835" lon="115.361019"><time>2026-08-19T22:31:44.833Z</time></trkpt>
      <trkpt lat="24.706835" lon="115.361019"><time>2026-08-19T22:31:44.850Z</time></trkpt>
      <trkpt lat="24.706835" lon="115.361019"><time>2026-08-19T22:31:44.866Z</time></trkpt>
      <trkpt lat="24.706835" lon="115.361019"><time>2026-08-19T22:31:44.883Z</time></trkpt>
      <trkpt lat="24.706837" lon="115.361032"><time>2026-08-19T22:31:44.900Z</time></trkpt>
      <trkpt lat="24.706837" lon="115.361032"><time>2026-08-19T22:31:44.916Z</time></trkpt>
      <trkpt lat="24.706837" lon="115.361032"><time>2026-08-19T22:31:44.933Z</time></trkpt>
      <trkpt lat="24.706837" lon="115.361032"><time>2026-08-19T22:31:44.950Z</time></trkpt>
      <trkpt lat="24.706837" lon="115.361032"><time>2026-08-19T22:31:44.967Z</time></trkpt>
      <trkpt lat="24.706837" lon="115.361032"><time>2026-08-19T22:31:44.983Z</time></trkpt>
      <trkpt lat="24.706839" lon="115.361047"><time>2026-08-19T22:31:45.000Z</time></trkpt>
      <trkpt lat="24.706839" lon="115.361047"><time>2026-08-19T22:31:45.017Z</time></trkpt>
      <trkpt lat="24.706839" lon="115.361047"><time>2026-08-19T22:31:45.033Z</time></trkpt>
      <trkpt lat="24.706839" lon="115.361047"><time>2026-08-19T22:31:45.050Z</time></trkpt>
      <trkpt lat="24.706839" lon="115.361047"><time>2026-08-19T22:31:45.067Z</time></trkpt>
      <trkpt lat="24.706839" lon="115.361047"><time>2026-08-19T22:31:45.083Z</time></trkpt>
      <trkpt lat="24.706841" lon="115.361061"><time>2026-08-19T22:31:45.100Z</time></trkpt>
      <trkpt lat="24.706841" lon="115.361061"><time>2026-08-19T22:31:45.117Z</time></trkpt>
      <trkpt lat="24.706841" lon="115.361061"><time>2026-08-19T22:31:45.133Z</time></trkpt>
      <trkpt lat="24.706841" lon="115.361061"><time>2026-08-19T22:31:45.150Z</time></trkpt>
      <trkpt lat="24.706841" lon="115.361061"><time>2026-08-19T22:31:45.167Z</time></trkpt>
      <trkpt lat="24.706841" lon="115.361061"><time>2026-08-19T22:31:45.183Z</time></trkpt>
      <trkpt lat="24.706842" lon="115.361076"><time>2026-08-19T22:31:45.200Z</time></trkpt>
      <trkpt lat="24.706842" lon="115.361076"><time>2026-08-19T22:31:45.217Z</time></trkpt>
      <trkpt lat="24.706842" lon="115.361076"><time>2026-08-19T22:31:45.233Z</time></trkpt>
      <trkpt lat="24.706842" lon="115.361076"><time>2026-08-19T22:31:45.250Z</time></trkpt>
      <trkpt lat="24.706842" lon="115.361076"><time>2026-08-19T22:31:45.267Z</time></trkpt>
      <trkpt lat="24.706842" lon="115.361076"><time>2026-08-19T22:31:45.284Z</time></trkpt>
      <trkpt lat="24.706844" lon="115.36109"><time>2026-08-19T22:31:45.300Z</time></trkpt>
      <trkpt lat="24.706844" lon="115.36109"><time>2026-08-19T22:31:45.317Z</time></trkpt>
      <trkpt lat="24.706844" lon="115.36109"><time>2026-08-19T22:31:45.334Z</time></trkpt>
      <trkpt lat="24.706844" lon="115.36109"><time>2026-08-19T22:31:45.350Z</time></trkpt>
      <trkpt lat="24.706844" lon="115.36109"><time>2026-08-19T22:31:45.367Z</time></trkpt>
      <trkpt lat="24.706844" lon="115.36109"><time>2026-08-19T22:31:45.384Z</time></trkpt>
      <trkpt lat="24.706845" lon="115.361104"><time>2026-08-19T22:31:45.400Z</time></trkpt>
      <trkpt lat="24.706845" lon="115.361104"><time>2026-08-19T22:31:45.417Z</time></trkpt>
      <trkpt lat="24.706845" lon="115.361104"><time>2026-08-19T22:31:45.434Z</time></trkpt>
      <trkpt lat="24.706845" lon="115.361104"><time>2026-08-19T22:31:45.450Z</time></trkpt>
      <trkpt lat="24.706845" lon="115.361104"><time>2026-08-19T22:31:45.467Z</time></trkpt>
      <trkpt lat="24.706845" lon="115.361104"><time>2026-08-19T22:31:45.484Z</time></trkpt>
      <trkpt lat="24.706846" lon="115.361117"><time>2026-08-19T22:31:45.500Z</time></trkpt>
      <trkpt lat="24.706846" lon="115.361117"><time>2026-08-19T22:31:45.517Z</time></trkpt>
      <trkpt lat="24.706846" lon="115.361117"><time>2026-08-19T22:31:45.534Z</time></trkpt>
      <trkpt lat="24.706846" lon="115.361117"><time>2026-08-19T22:31:45.550Z</time></trkpt>
      <trkpt lat="24.706846" lon="115.361117"><time>2026-08-19T22:31:45.567Z</time></trkpt>
      <trkpt lat="24.706846" lon="115.361117"><time>2026-08-19T22:31:45.584Z</time></trkpt>
      <trkpt lat="24.706848" lon="115.361132"><time>2026-08-19T22:31:45.601Z</time></trkpt>
      <trkpt lat="24.706848" lon="115.361132"><time>2026-08-19T22:31:45.617Z</time></trkpt>
      <trkpt lat="24.706848" lon="115.361132"><time>2026-08-19T22:31:45.634Z</time></trkpt>
      <trkpt lat="24.706848" lon="115.361132"><time>2026-08-19T22:31:45.651Z</time></trkpt>
      <trkpt lat="24.706848" lon="115.361132"><time>2026-08-19T22:31:45.667Z</time></trkpt>
      <trkpt lat="24.706848" lon="115.361132"><time>2026-08-19T22:31:45.684Z</time></trkpt>
      <trkpt lat="24.70685" lon="115.361146"><time>2026-08-19T22:31:45.701Z</time></trkpt>
      <trkpt lat="24.70685" lon="115.361146"><time>2026-08-19T22:31:45.717Z</time></trkpt>
      <trkpt lat="24.70685" lon="115.361146"><time>2026-08-19T22:31:45.734Z</time></trkpt>
      <trkpt lat="24.70685" lon="115.361146"><time>2026-08-19T22:31:45.751Z</time></trkpt>
      <trkpt lat="24.70685" lon="115.361146"><time>2026-08-19T22:31:45.767Z</time></trkpt>
      <trkpt lat="24.70685" lon="115.361146"><time>2026-08-19T22:31:45.784Z</time></trkpt>
      <trkpt lat="24.706851" lon="115.361159"><time>2026-08-19T22:31:45.801Z</time></trkpt>
      <trkpt lat="24.706851" lon="115.361159"><time>2026-08-19T22:31:45.817Z</time></trkpt>
      <trkpt lat="24.706851" lon="115.361159"><time>2026-08-19T22:31:45.834Z</time></trkpt>
      <trkpt lat="24.706851" lon="115.361159"><time>2026-08-19T22:31:45.851Z</time></trkpt>
      <trkpt lat="24.706851" lon="115.361159"><time>2026-08-19T22:31:45.867Z</time></trkpt>
      <trkpt lat="24.706851" lon="115.361159"><time>2026-08-19T22:31:45.884Z</time></trkpt>
      <trkpt lat="24.706853" lon="115.361173"><time>2026-08-19T22:31:45.901Z</time></trkpt>
      <trkpt lat="24.706853" lon="115.361173"><time>2026-08-19T22:31:45.918Z</time></trkpt>
      <trkpt lat="24.706853" lon="115.361173"><time>2026-08-19T22:31:45.934Z</time></trkpt>
      <trkpt lat="24.706853" lon="115.361173"><time>2026-08-19T22:31:45.951Z</time></trkpt>
      <trkpt lat="24.706853" lon="115.361173"><time>2026-08-19T22:31:45.968Z</time></trkpt>
      <trkpt lat="24.706853" lon="115.361173"><time>2026-08-19T22:31:45.984Z</time></trkpt>
      <trkpt lat="24.706855" lon="115.361187"><time>2026-08-19T22:31:46.001Z</time></trkpt>
      <trkpt lat="24.706855" lon="115.361187"><time>2026-08-19T22:31:46.018Z</time></trkpt>
      <trkpt lat="24.706855" lon="115.361187"><time>2026-08-19T22:31:46.034Z</time></trkpt>
      <trkpt lat="24.706855" lon="115.361187"><time>2026-08-19T22:31:46.051Z</time></trkpt>
      <trkpt lat="24.706855" lon="115.361187"><time>2026-08-19T22:31:46.068Z</time></trkpt>
      <trkpt lat="24.706855" lon="115.361187"><time>2026-08-19T22:31:46.084Z</time></trkpt>
      <trkpt lat="24.706857" lon="115.3612"><time>2026-08-19T22:31:46.101Z</time></trkpt>
      <trkpt lat="24.706857" lon="115.3612"><time>2026-08-19T22:31:46.118Z</time></trkpt>
      <trkpt lat="24.706857" lon="115.3612"><time>2026-08-19T22:31:46.134Z</time></trkpt>
      <trkpt lat="24.706857" lon="115.3612"><time>2026-08-19T22:31:46.151Z</time></trkpt>
      <trkpt lat="24.706857" lon="115.3612"><time>2026-08-19T22:31:46.168Z</time></trkpt>
      <trkpt lat="24.706857" lon="115.3612"><time>2026-08-19T22:31:46.184Z</time></trkpt>
      <trkpt lat="24.706858" lon="115.361213"><time>2026-08-19T22:31:46.201Z</time></trkpt>
      <trkpt lat="24.706858" lon="115.361213"><time>2026-08-19T22:31:46.218Z</time></trkpt>
      <trkpt lat="24.706858" lon="115.361213"><time>2026-08-19T22:31:46.235Z</time></trkpt>
      <trkpt lat="24.706858" lon="115.361213"><time>2026-08-19T22:31:46.251Z</time></trkpt>
      <trkpt lat="24.706858" lon="115.361213"><time>2026-08-19T22:31:46.268Z</time></trkpt>
      <trkpt lat="24.706858" lon="115.361213"><time>2026-08-19T22:31:46.285Z</time></trkpt>
      <trkpt lat="24.70686" lon="115.361227"><time>2026-08-19T22:31:46.301Z</time></trkpt>
      <trkpt lat="24.70686" lon="115.361227"><time>2026-08-19T22:31:46.318Z</time></trkpt>
      <trkpt lat="24.70686" lon="115.361227"><time>2026-08-19T22:31:46.335Z</time></trkpt>
      <trkpt lat="24.70686" lon="115.361227"><time>2026-08-19T22:31:46.351Z</time></trkpt>
      <trkpt lat="24.70686" lon="115.361227"><time>2026-08-19T22:31:46.368Z</time></trkpt>
      <trkpt lat="24.70686" lon="115.361227"><time>2026-08-19T22:31:46.385Z</time></trkpt>
      <trkpt lat="24.706862" lon="115.361239"><time>2026-08-19T22:31:46.401Z</time></trkpt>
      <trkpt lat="24.706862" lon="115.361239"><time>2026-08-19T22:31:46.418Z</time></trkpt>
      <trkpt lat="24.706862" lon="115.361239"><time>2026-08-19T22:31:46.435Z</time></trkpt>
      <trkpt lat="24.706862" lon="115.361239"><time>2026-08-19T22:31:46.451Z</time></trkpt>
      <trkpt lat="24.706862" lon="115.361239"><time>2026-08-19T22:31:46.468Z</time></trkpt>
      <trkpt lat="24.706862" lon="115.361239"><time>2026-08-19T22:31:46.485Z</time></trkpt>
      <trkpt lat="24.706864" lon="115.361253"><time>2026-08-19T22:31:46.501Z</time></trkpt>
      <trkpt lat="24.706864" lon="115.361253"><time>2026-08-19T22:31:46.518Z</time></trkpt>
      <trkpt lat="24.706864" lon="115.361253"><time>2026-08-19T22:31:46.535Z</time></trkpt>
      <trkpt lat="24.706864" lon="115.361253"><time>2026-08-19T22:31:46.552Z</time></trkpt>
      <trkpt lat="24.706864" lon="115.361253"><time>2026-08-19T22:31:46.568Z</time></trkpt>
      <trkpt lat="24.706864" lon="115.361253"><time>2026-08-19T22:31:46.585Z</time></trkpt>
      <trkpt lat="24.706866" lon="115.361265"><time>2026-08-19T22:31:46.602Z</time></trkpt>
      <trkpt lat="24.706866" lon="115.361265"><time>2026-08-19T22:31:46.618Z</time></trkpt>
      <trkpt lat="24.706866" lon="115.361265"><time>2026-08-19T22:31:46.635Z</time></trkpt>
      <trkpt lat="24.706866" lon="115.361265"><time>2026-08-19T22:31:46.652Z</time></trkpt>
      <trkpt lat="24.706866" lon="115.361265"><time>2026-08-19T22:31:46.668Z</time></trkpt>
      <trkpt lat="24.706866" lon="115.361265"><time>2026-08-19T22:31:46.685Z</time></trkpt>
      <trkpt lat="24.706868" lon="115.361278"><time>2026-08-19T22:31:46.702Z</time></trkpt>
      <trkpt lat="24.706868" lon="115.361278"><time>2026-08-19T22:31:46.718Z</time></trkpt>
      <trkpt lat="24.706868" lon="115.361278"><time>2026-08-19T22:31:46.735Z</time></trkpt>
      <trkpt lat="24.706868" lon="115.361278"><time>2026-08-19T22:31:46.752Z</time></trkpt>
      <trkpt lat="24.706868" lon="115.361278"><time>2026-08-19T22:31:46.768Z</time></trkpt>
      <trkpt lat="24.706868" lon="115.361278"><time>2026-08-19T22:31:46.785Z</time></trkpt>
      <trkpt lat="24.706869" lon="115.361291"><time>2026-08-19T22:31:46.802Z</time></trkpt>
      <trkpt lat="24.706869" lon="115.361291"><time>2026-08-19T22:31:46.818Z</time></trkpt>
      <trkpt lat="24.706869" lon="115.361291"><time>2026-08-19T22:31:46.835Z</time></trkpt>
      <trkpt lat="24.706869" lon="115.361291"><time>2026-08-19T22:31:46.852Z</time></trkpt>
      <trkpt lat="24.706869" lon="115.361291"><time>2026-08-19T22:31:46.869Z</time></trkpt>
      <trkpt lat="24.706869" lon="115.361291"><time>2026-08-19T22:31:46.885Z</time></trkpt>
      <trkpt lat="24.706871" lon="115.361303"><time>2026-08-19T22:31:46.902Z</time></trkpt>
      <trkpt lat="24.706871" lon="115.361303"><time>2026-08-19T22:31:46.919Z</time></trkpt>
      <trkpt lat="24.706871" lon="115.361303"><time>2026-08-19T22:31:46.935Z</time></trkpt>
      <trkpt lat="24.706871" lon="115.361303"><time>2026-08-19T22:31:46.952Z</time></trkpt>
      <trkpt lat="24.706871" lon="115.361303"><time>2026-08-19T22:31:46.969Z</time></trkpt>
      <trkpt lat="24.706871" lon="115.361303"><time>2026-08-19T22:31:46.985Z</time></trkpt>
      <trkpt lat="24.706873" lon="115.361316"><time>2026-08-19T22:31:47.002Z</time></trkpt>
      <trkpt lat="24.706873" lon="115.361316"><time>2026-08-19T22:31:47.019Z</time></trkpt>
      <trkpt lat="24.706873" lon="115.361316"><time>2026-08-19T22:31:47.035Z</time></trkpt>
      <trkpt lat="24.706873" lon="115.361316"><time>2026-08-19T22:31:47.052Z</time></trkpt>
      <trkpt lat="24.706873" lon="115.361316"><time>2026-08-19T22:31:47.069Z</time></trkpt>
      <trkpt lat="24.706873" lon="115.361316"><time>2026-08-19T22:31:47.085Z</time></trkpt>
      <trkpt lat="24.706875" lon="115.361328"><time>2026-08-19T22:31:47.102Z</time></trkpt>
      <trkpt lat="24.706875" lon="115.361328"><time>2026-08-19T22:31:47.119Z</time></trkpt>
      <trkpt lat="24.706875" lon="115.361328"><time>2026-08-19T22:31:47.135Z</time></trkpt>
      <trkpt lat="24.706875" lon="115.361328"><time>2026-08-19T22:31:47.152Z</time></trkpt>
      <trkpt lat="24.706875" lon="115.361328"><time>2026-08-19T22:31:47.169Z</time></trkpt>
      <trkpt lat="24.706875" lon="115.361328"><time>2026-08-19T22:31:47.186Z</time></trkpt>
      <trkpt lat="24.706877" lon="115.361341"><time>2026-08-19T22:31:47.202Z</time></trkpt>
      <trkpt lat="24.706877" lon="115.361341"><time>2026-08-19T22:31:47.219Z</time></trkpt>
      <trkpt lat="24.706877" lon="115.361341"><time>2026-08-19T22:31:47.236Z</time></trkpt>
      <trkpt lat="24.706877" lon="115.361341"><time>2026-08-19T22:31:47.252Z</time></trkpt>
      <trkpt lat="24.706877" lon="115.361341"><time>2026-08-19T22:31:47.269Z</time></trkpt>
      <trkpt lat="24.706877" lon="115.361341"><time>2026-08-19T22:31:47.286Z</time></trkpt>
      <trkpt lat="24.706876" lon="115.361354"><time>2026-08-19T22:31:47.302Z</time></trkpt>
      <trkpt lat="24.706876" lon="115.361354"><time>2026-08-19T22:31:47.319Z</time></trkpt>
      <trkpt lat="24.706876" lon="115.361354"><time>2026-08-19T22:31:47.336Z</time></trkpt>
      <trkpt lat="24.706876" lon="115.361354"><time>2026-08-19T22:31:47.352Z</time></trkpt>
      <trkpt lat="24.706876" lon="115.361354"><time>2026-08-19T22:31:47.369Z</time></trkpt>
      <trkpt lat="24.706876" lon="115.361354"><time>2026-08-19T22:31:47.386Z</time></trkpt>
      <trkpt lat="24.706878" lon="115.361367"><time>2026-08-19T22:31:47.402Z</time></trkpt>
      <trkpt lat="24.706878" lon="115.361367"><time>2026-08-19T22:31:47.419Z</time></trkpt>
      <trkpt lat="24.706878" lon="115.361367"><time>2026-08-19T22:31:47.436Z</time></trkpt>
      <trkpt lat="24.706878" lon="115.361367"><time>2026-08-19T22:31:47.452Z</time></trkpt>
      <trkpt lat="24.706878" lon="115.361367"><time>2026-08-19T22:31:47.469Z</time></trkpt>
      <trkpt lat="24.706878" lon="115.361367"><time>2026-08-19T22:31:47.486Z</time></trkpt>
      <trkpt lat="24.70688" lon="115.361379"><time>2026-08-19T22:31:47.503Z</time></trkpt>
      <trkpt lat="24.70688" lon="115.361379"><time>2026-08-19T22:31:47.519Z</time></trkpt>
      <trkpt lat="24.70688" lon="115.361379"><time>2026-08-19T22:31:47.536Z</time></trkpt>
      <trkpt lat="24.70688" lon="115.361379"><time>2026-08-19T22:31:47.553Z</time></trkpt>
      <trkpt lat="24.70688" lon="115.361379"><time>2026-08-19T22:31:47.569Z</time></trkpt>
      <trkpt lat="24.70688" lon="115.361379"><time>2026-08-19T22:31:47.586Z</time></trkpt>
      <trkpt lat="24.706881" lon="115.361392"><time>2026-08-19T22:31:47.603Z</time></trkpt>
      <trkpt lat="24.706881" lon="115.361392"><time>2026-08-19T22:31:47.619Z</time></trkpt>
      <trkpt lat="24.706881" lon="115.361392"><time>2026-08-19T22:31:47.636Z</time></trkpt>
      <trkpt lat="24.706881" lon="115.361392"><time>2026-08-19T22:31:47.653Z</time></trkpt>
      <trkpt lat="24.706881" lon="115.361392"><time>2026-08-19T22:31:47.669Z</time></trkpt>
      <trkpt lat="24.706881" lon="115.361392"><time>2026-08-19T22:31:47.686Z</time></trkpt>
      <trkpt lat="24.706883" lon="115.361405"><time>2026-08-19T22:31:47.703Z</time></trkpt>
      <trkpt lat="24.706883" lon="115.361405"><time>2026-08-19T22:31:47.719Z</time></trkpt>
      <trkpt lat="24.706883" lon="115.361405"><time>2026-08-19T22:31:47.736Z</time></trkpt>
      <trkpt lat="24.706883" lon="115.361405"><time>2026-08-19T22:31:47.753Z</time></trkpt>
      <trkpt lat="24.706883" lon="115.361405"><time>2026-08-19T22:31:47.769Z</time></trkpt>
      <trkpt lat="24.706883" lon="115.361405"><time>2026-08-19T22:31:47.786Z</time></trkpt>
      <trkpt lat="24.706885" lon="115.361418"><time>2026-08-19T22:31:47.803Z</time></trkpt>
      <trkpt lat="24.706885" lon="115.361418"><time>2026-08-19T22:31:47.820Z</time></trkpt>
      <trkpt lat="24.706885" lon="115.361418"><time>2026-08-19T22:31:47.836Z</time></trkpt>
      <trkpt lat="24.706885" lon="115.361418"><time>2026-08-19T22:31:47.853Z</time></trkpt>
      <trkpt lat="24.706885" lon="115.361418"><time>2026-08-19T22:31:47.870Z</time></trkpt>
      <trkpt lat="24.706885" lon="115.361418"><time>2026-08-19T22:31:47.886Z</time></trkpt>
      <trkpt lat="24.706887" lon="115.361431"><time>2026-08-19T22:31:47.903Z</time></trkpt>
      <trkpt lat="24.706887" lon="115.361431"><time>2026-08-19T22:31:47.920Z</time></trkpt>
      <trkpt lat="24.706887" lon="115.361431"><time>2026-08-19T22:31:47.936Z</time></trkpt>
      <trkpt lat="24.706887" lon="115.361431"><time>2026-08-19T22:31:47.953Z</time></trkpt>
      <trkpt lat="24.706887" lon="115.361431"><time>2026-08-19T22:31:47.970Z</time></trkpt>
      <trkpt lat="24.706887" lon="115.361431"><time>2026-08-19T22:31:47.986Z</time></trkpt>
      <trkpt lat="24.706889" lon="115.361445"><time>2026-08-19T22:31:48.003Z</time></trkpt>
      <trkpt lat="24.706889" lon="115.361445"><time>2026-08-19T22:31:48.020Z</time></trkpt>
      <trkpt lat="24.706889" lon="115.361445"><time>2026-08-19T22:31:48.036Z</time></trkpt>
      <trkpt lat="24.706889" lon="115.361445"><time>2026-08-19T22:31:48.053Z</time></trkpt>
      <trkpt lat="24.706889" lon="115.361445"><time>2026-08-19T22:31:48.070Z</time></trkpt>
      <trkpt lat="24.706889" lon="115.361445"><time>2026-08-19T22:31:48.086Z</time></trkpt>
      <trkpt lat="24.706891" lon="115.361458"><time>2026-08-19T22:31:48.103Z</time></trkpt>
      <trkpt lat="24.706891" lon="115.361458"><time>2026-08-19T22:31:48.120Z</time></trkpt>
      <trkpt lat="24.706891" lon="115.361458"><time>2026-08-19T22:31:48.137Z</time></trkpt>
      <trkpt lat="24.706891" lon="115.361458"><time>2026-08-19T22:31:48.153Z</time></trkpt>
      <trkpt lat="24.706891" lon="115.361458"><time>2026-08-19T22:31:48.170Z</time></trkpt>
      <trkpt lat="24.706891" lon="115.361458"><time>2026-08-19T22:31:48.187Z</time></trkpt>
      <trkpt lat="24.706893" lon="115.361472"><time>2026-08-19T22:31:48.203Z</time></trkpt>
      <trkpt lat="24.706893" lon="115.361472"><time>2026-08-19T22:31:48.220Z</time></trkpt>
      <trkpt lat="24.706893" lon="115.361472"><time>2026-08-19T22:31:48.237Z</time></trkpt>
      <trkpt lat="24.706893" lon="115.361472"><time>2026-08-19T22:31:48.253Z</time></trkpt>
      <trkpt lat="24.706893" lon="115.361472"><time>2026-08-19T22:31:48.270Z</time></trkpt>
      <trkpt lat="24.706893" lon="115.361472"><time>2026-08-19T22:31:48.287Z</time></trkpt>
      <trkpt lat="24.706895" lon="115.361485"><time>2026-08-19T22:31:48.303Z</time></trkpt>
      <trkpt lat="24.706895" lon="115.361485"><time>2026-08-19T22:31:48.320Z</time></trkpt>
      <trkpt lat="24.706895" lon="115.361485"><time>2026-08-19T22:31:48.337Z</time></trkpt>
      <trkpt lat="24.706895" lon="115.361485"><time>2026-08-19T22:31:48.353Z</time></trkpt>
      <trkpt lat="24.706895" lon="115.361485"><time>2026-08-19T22:31:48.370Z</time></trkpt>
      <trkpt lat="24.706895" lon="115.361485"><time>2026-08-19T22:31:48.387Z</time></trkpt>
      <trkpt lat="24.706897" lon="115.361499"><time>2026-08-19T22:31:48.403Z</time></trkpt>
      <trkpt lat="24.706897" lon="115.361499"><time>2026-08-19T22:31:48.420Z</time></trkpt>
      <trkpt lat="24.706897" lon="115.361499"><time>2026-08-19T22:31:48.437Z</time></trkpt>
      <trkpt lat="24.706897" lon="115.361499"><time>2026-08-19T22:31:48.454Z</time></trkpt>
      <trkpt lat="24.706897" lon="115.361499"><time>2026-08-19T22:31:48.470Z</time></trkpt>
      <trkpt lat="24.706897" lon="115.361499"><time>2026-08-19T22:31:48.487Z</time></trkpt>
      <trkpt lat="24.706899" lon="115.361513"><time>2026-08-19T22:31:48.504Z</time></trkpt>
      <trkpt lat="24.706899" lon="115.361513"><time>2026-08-19T22:31:48.520Z</time></trkpt>
      <trkpt lat="24.706899" lon="115.361513"><time>2026-08-19T22:31:48.537Z</time></trkpt>
      <trkpt lat="24.706899" lon="115.361513"><time>2026-08-19T22:31:48.554Z</time></trkpt>
      <trkpt lat="24.706899" lon="115.361513"><time>2026-08-19T22:31:48.570Z</time></trkpt>
      <trkpt lat="24.706899" lon="115.361513"><time>2026-08-19T22:31:48.587Z</time></trkpt>
      <trkpt lat="24.706901" lon="115.361527"><time>2026-08-19T22:31:48.604Z</time></trkpt>
      <trkpt lat="24.706901" lon="115.361527"><time>2026-08-19T22:31:48.620Z</time></trkpt>
      <trkpt lat="24.706901" lon="115.361527"><time>2026-08-19T22:31:48.637Z</time></trkpt>
      <trkpt lat="24.706901" lon="115.361527"><time>2026-08-19T22:31:48.654Z</time></trkpt>
      <trkpt lat="24.706901" lon="115.361527"><time>2026-08-19T22:31:48.670Z</time></trkpt>
      <trkpt lat="24.706901" lon="115.361527"><time>2026-08-19T22:31:48.687Z</time></trkpt>
      <trkpt lat="24.706903" lon="115.361541"><time>2026-08-19T22:31:48.704Z</time></trkpt>
      <trkpt lat="24.706903" lon="115.361541"><time>2026-08-19T22:31:48.720Z</time></trkpt>
      <trkpt lat="24.706903" lon="115.361541"><time>2026-08-19T22:31:48.737Z</time></trkpt>
      <trkpt lat="24.706903" lon="115.361541"><time>2026-08-19T22:31:48.754Z</time></trkpt>
      <trkpt lat="24.706903" lon="115.361541"><time>2026-08-19T22:31:48.771Z</time></trkpt>
      <trkpt lat="24.706903" lon="115.361541"><time>2026-08-19T22:31:48.787Z</time></trkpt>
      <trkpt lat="24.706906" lon="115.361556"><time>2026-08-19T22:31:48.804Z</time></trkpt>
      <trkpt lat="24.706906" lon="115.361556"><time>2026-08-19T22:31:48.821Z</time></trkpt>
      <trkpt lat="24.706906" lon="115.361556"><time>2026-08-19T22:31:48.837Z</time></trkpt>
      <trkpt lat="24.706906" lon="115.361556"><time>2026-08-19T22:31:48.854Z</time></trkpt>
      <trkpt lat="24.706906" lon="115.361556"><time>2026-08-19T22:31:48.871Z</time></trkpt>
      <trkpt lat="24.706906" lon="115.361556"><time>2026-08-19T22:31:48.887Z</time></trkpt>
      <trkpt lat="24.706908" lon="115.36157"><time>2026-08-19T22:31:48.904Z</time></trkpt>
      <trkpt lat="24.706908" lon="115.36157"><time>2026-08-19T22:31:48.921Z</time></trkpt>
      <trkpt lat="24.706908" lon="115.36157"><time>2026-08-19T22:31:48.937Z</time></trkpt>
      <trkpt lat="24.706908" lon="115.36157"><time>2026-08-19T22:31:48.954Z</time></trkpt>
      <trkpt lat="24.706908" lon="115.36157"><time>2026-08-19T22:31:48.971Z</time></trkpt>
      <trkpt lat="24.706908" lon="115.36157"><time>2026-08-19T22:31:48.987Z</time></trkpt>
      <trkpt lat="24.70691" lon="115.361585"><time>2026-08-19T22:31:49.004Z</time></trkpt>
      <trkpt lat="24.70691" lon="115.361585"><time>2026-08-19T22:31:49.021Z</time></trkpt>
      <trkpt lat="24.70691" lon="115.361585"><time>2026-08-19T22:31:49.037Z</time></trkpt>
      <trkpt lat="24.70691" lon="115.361585"><time>2026-08-19T22:31:49.054Z</time></trkpt>
      <trkpt lat="24.70691" lon="115.361585"><time>2026-08-19T22:31:49.071Z</time></trkpt>
      <trkpt lat="24.70691" lon="115.361585"><time>2026-08-19T22:31:49.088Z</time></trkpt>
      <trkpt lat="24.706912" lon="115.3616"><time>2026-08-19T22:31:49.104Z</time></trkpt>
      <trkpt lat="24.706912" lon="115.3616"><time>2026-08-19T22:31:49.121Z</time></trkpt>
      <trkpt lat="24.706912" lon="115.3616"><time>2026-08-19T22:31:49.138Z</time></trkpt>
      <trkpt lat="24.706912" lon="115.3616"><time>2026-08-19T22:31:49.154Z</time></trkpt>
      <trkpt lat="24.706912" lon="115.3616"><time>2026-08-19T22:31:49.171Z</time></trkpt>
      <trkpt lat="24.706912" lon="115.3616"><time>2026-08-19T22:31:49.188Z</time></trkpt>
      <trkpt lat="24.706914" lon="115.361615"><time>2026-08-19T22:31:49.204Z</time></trkpt>
      <trkpt lat="24.706914" lon="115.361615"><time>2026-08-19T22:31:49.221Z</time></trkpt>
      <trkpt lat="24.706914" lon="115.361615"><time>2026-08-19T22:31:49.238Z</time></trkpt>
      <trkpt lat="24.706914" lon="115.361615"><time>2026-08-19T22:31:49.254Z</time></trkpt>
      <trkpt lat="24.706914" lon="115.361615"><time>2026-08-19T22:31:49.271Z</time></trkpt>
      <trkpt lat="24.706914" lon="115.361615"><time>2026-08-19T22:31:49.288Z</time></trkpt>
      <trkpt lat="24.706916" lon="115.36163"><time>2026-08-19T22:31:49.304Z</time></trkpt>
      <trkpt lat="24.706916" lon="115.36163"><time>2026-08-19T22:31:49.321Z</time></trkpt>
      <trkpt lat="24.706916" lon="115.36163"><time>2026-08-19T22:31:49.338Z</time></trkpt>
      <trkpt lat="24.706916" lon="115.36163"><time>2026-08-19T22:31:49.354Z</time></trkpt>
      <trkpt lat="24.706916" lon="115.36163"><time>2026-08-19T22:31:49.371Z</time></trkpt>
      <trkpt lat="24.706916" lon="115.36163"><time>2026-08-19T22:31:49.388Z</time></trkpt>
      <trkpt lat="24.706919" lon="115.361646"><time>2026-08-19T22:31:49.405Z</time></trkpt>
      <trkpt lat="24.706919" lon="115.361646"><time>2026-08-19T22:31:49.421Z</time></trkpt>
      <trkpt lat="24.706919" lon="115.361646"><time>2026-08-19T22:31:49.438Z</time></trkpt>
      <trkpt lat="24.706919" lon="115.361646"><time>2026-08-19T22:31:49.455Z</time></trkpt>
      <trkpt lat="24.706919" lon="115.361646"><time>2026-08-19T22:31:49.471Z</time></trkpt>
      <trkpt lat="24.706919" lon="115.361646"><time>2026-08-19T22:31:49.488Z</time></trkpt>
      <trkpt lat="24.706921" lon="115.361661"><time>2026-08-19T22:31:49.505Z</time></trkpt>
      <trkpt lat="24.706921" lon="115.361661"><time>2026-08-19T22:31:49.521Z</time></trkpt>
      <trkpt lat="24.706921" lon="115.361661"><time>2026-08-19T22:31:49.538Z</time></trkpt>
      <trkpt lat="24.706921" lon="115.361661"><time>2026-08-19T22:31:49.555Z</time></trkpt>
      <trkpt lat="24.706921" lon="115.361661"><time>2026-08-19T22:31:49.571Z</time></trkpt>
      <trkpt lat="24.706921" lon="115.361661"><time>2026-08-19T22:31:49.588Z</time></trkpt>
      <trkpt lat="24.706923" lon="115.361676"><time>2026-08-19T22:31:49.605Z</time></trkpt>
      <trkpt lat="24.706923" lon="115.361676"><time>2026-08-19T22:31:49.621Z</time></trkpt>
      <trkpt lat="24.706923" lon="115.361676"><time>2026-08-19T22:31:49.638Z</time></trkpt>
      <trkpt lat="24.706923" lon="115.361676"><time>2026-08-19T22:31:49.655Z</time></trkpt>
      <trkpt lat="24.706923" lon="115.361676"><time>2026-08-19T22:31:49.671Z</time></trkpt>
      <trkpt lat="24.706923" lon="115.361676"><time>2026-08-19T22:31:49.688Z</time></trkpt>
      <trkpt lat="24.706925" lon="115.361693"><time>2026-08-19T22:31:49.705Z</time></trkpt>
      <trkpt lat="24.706925" lon="115.361693"><time>2026-08-19T22:31:49.722Z</time></trkpt>
      <trkpt lat="24.706925" lon="115.361693"><time>2026-08-19T22:31:49.738Z</time></trkpt>
      <trkpt lat="24.706925" lon="115.361693"><time>2026-08-19T22:31:49.755Z</time></trkpt>
      <trkpt lat="24.706925" lon="115.361693"><time>2026-08-19T22:31:49.772Z</time></trkpt>
      <trkpt lat="24.706925" lon="115.361693"><time>2026-08-19T22:31:49.788Z</time></trkpt>
      <trkpt lat="24.706927" lon="115.361709"><time>2026-08-19T22:31:49.805Z</time></trkpt>
      <trkpt lat="24.706927" lon="115.361709"><time>2026-08-19T22:31:49.822Z</time></trkpt>
      <trkpt lat="24.706927" lon="115.361709"><time>2026-08-19T22:31:49.838Z</time></trkpt>
      <trkpt lat="24.706927" lon="115.361709"><time>2026-08-19T22:31:49.855Z</time></trkpt>
      <trkpt lat="24.706927" lon="115.361709"><time>2026-08-19T22:31:49.872Z</time></trkpt>
      <trkpt lat="24.706927" lon="115.361709"><time>2026-08-19T22:31:49.888Z</time></trkpt>
      <trkpt lat="24.706929" lon="115.361724"><time>2026-08-19T22:31:49.905Z</time></trkpt>
      <trkpt lat="24.706929" lon="115.361724"><time>2026-08-19T22:31:49.922Z</time></trkpt>
      <trkpt lat="24.706929" lon="115.361724"><time>2026-08-19T22:31:49.938Z</time></trkpt>
      <trkpt lat="24.706929" lon="115.361724"><time>2026-08-19T22:31:49.955Z</time></trkpt>
      <trkpt lat="24.706929" lon="115.361724"><time>2026-08-19T22:31:49.972Z</time></trkpt>
      <trkpt lat="24.706929" lon="115.361724"><time>2026-08-19T22:31:49.988Z</time></trkpt>
      <trkpt lat="24.706931" lon="115.361741"><time>2026-08-19T22:31:50.005Z</time></trkpt>
      <trkpt lat="24.706931" lon="115.361741"><time>2026-08-19T22:31:50.022Z</time></trkpt>
      <trkpt lat="24.706931" lon="115.361741"><time>2026-08-19T22:31:50.039Z</time></trkpt>
      <trkpt lat="24.706931" lon="115.361741"><time>2026-08-19T22:31:50.055Z</time></trkpt>
      <trkpt lat="24.706931" lon="115.361741"><time>2026-08-19T22:31:50.072Z</time></trkpt>
      <trkpt lat="24.706931" lon="115.361741"><time>2026-08-19T22:31:50.089Z</time></trkpt>
      <trkpt lat="24.706933" lon="115.361758"><time>2026-08-19T22:31:50.105Z</time></trkpt>
      <trkpt lat="24.706933" lon="115.361758"><time>2026-08-19T22:31:50.122Z</time></trkpt>
      <trkpt lat="24.706933" lon="115.361758"><time>2026-08-19T22:31:50.139Z</time></trkpt>
      <trkpt lat="24.706933" lon="115.361758"><time>2026-08-19T22:31:50.155Z</time></trkpt>
      <trkpt lat="24.706933" lon="115.361758"><time>2026-08-19T22:31:50.172Z</time></trkpt>
      <trkpt lat="24.706933" lon="115.361758"><time>2026-08-19T22:31:50.189Z</time></trkpt>
      <trkpt lat="24.706936" lon="115.361773"><time>2026-08-19T22:31:50.205Z</time></trkpt>
      <trkpt lat="24.706936" lon="115.361773"><time>2026-08-19T22:31:50.222Z</time></trkpt>
      <trkpt lat="24.706936" lon="115.361773"><time>2026-08-19T22:31:50.239Z</time></trkpt>
      <trkpt lat="24.706936" lon="115.361773"><time>2026-08-19T22:31:50.255Z</time></trkpt>
      <trkpt lat="24.706936" lon="115.361773"><time>2026-08-19T22:31:50.272Z</time></trkpt>
      <trkpt lat="24.706936" lon="115.361773"><time>2026-08-19T22:31:50.289Z</time></trkpt>
      <trkpt lat="24.706938" lon="115.361791"><time>2026-08-19T22:31:50.305Z</time></trkpt>
      <trkpt lat="24.706938" lon="115.361791"><time>2026-08-19T22:31:50.322Z</time></trkpt>
      <trkpt lat="24.706938" lon="115.361791"><time>2026-08-19T22:31:50.339Z</time></trkpt>
      <trkpt lat="24.706938" lon="115.361791"><time>2026-08-19T22:31:50.356Z</time></trkpt>
      <trkpt lat="24.706938" lon="115.361791"><time>2026-08-19T22:31:50.372Z</time></trkpt>
      <trkpt lat="24.706938" lon="115.361791"><time>2026-08-19T22:31:50.389Z</time></trkpt>
      <trkpt lat="24.70694" lon="115.361806"><time>2026-08-19T22:31:50.406Z</time></trkpt>
      <trkpt lat="24.70694" lon="115.361806"><time>2026-08-19T22:31:50.422Z</time></trkpt>
      <trkpt lat="24.70694" lon="115.361806"><time>2026-08-19T22:31:50.439Z</time></trkpt>
      <trkpt lat="24.70694" lon="115.361806"><time>2026-08-19T22:31:50.456Z</time></trkpt>
      <trkpt lat="24.70694" lon="115.361806"><time>2026-08-19T22:31:50.472Z</time></trkpt>
      <trkpt lat="24.70694" lon="115.361806"><time>2026-08-19T22:31:50.489Z</time></trkpt>
      <trkpt lat="24.706943" lon="115.361823"><time>2026-08-19T22:31:50.506Z</time></trkpt>
      <trkpt lat="24.706943" lon="115.361823"><time>2026-08-19T22:31:50.522Z</time></trkpt>
      <trkpt lat="24.706943" lon="115.361823"><time>2026-08-19T22:31:50.539Z</time></trkpt>
      <trkpt lat="24.706943" lon="115.361823"><time>2026-08-19T22:31:50.556Z</time></trkpt>
      <trkpt lat="24.706943" lon="115.361823"><time>2026-08-19T22:31:50.572Z</time></trkpt>
      <trkpt lat="24.706943" lon="115.361823"><time>2026-08-19T22:31:50.589Z</time></trkpt>
      <trkpt lat="24.706945" lon="115.36184"><time>2026-08-19T22:31:50.606Z</time></trkpt>
      <trkpt lat="24.706945" lon="115.36184"><time>2026-08-19T22:31:50.622Z</time></trkpt>
      <trkpt lat="24.706945" lon="115.36184"><time>2026-08-19T22:31:50.639Z</time></trkpt>
      <trkpt lat="24.706945" lon="115.36184"><time>2026-08-19T22:31:50.656Z</time></trkpt>
      <trkpt lat="24.706945" lon="115.36184"><time>2026-08-19T22:31:50.673Z</time></trkpt>
      <trkpt lat="24.706945" lon="115.36184"><time>2026-08-19T22:31:50.689Z</time></trkpt>
      <trkpt lat="24.706947" lon="115.361858"><time>2026-08-19T22:31:50.706Z</time></trkpt>
      <trkpt lat="24.706947" lon="115.361858"><time>2026-08-19T22:31:50.723Z</time></trkpt>
      <trkpt lat="24.706947" lon="115.361858"><time>2026-08-19T22:31:50.739Z</time></trkpt>
      <trkpt lat="24.706947" lon="115.361858"><time>2026-08-19T22:31:50.756Z</time></trkpt>
      <trkpt lat="24.706947" lon="115.361858"><time>2026-08-19T22:31:50.773Z</time></trkpt>
      <trkpt lat="24.706947" lon="115.361858"><time>2026-08-19T22:31:50.789Z</time></trkpt>
      <trkpt lat="24.70695" lon="115.361875"><time>2026-08-19T22:31:50.806Z</time></trkpt>
      <trkpt lat="24.70695" lon="115.361875"><time>2026-08-19T22:31:50.823Z</time></trkpt>
      <trkpt lat="24.70695" lon="115.361875"><time>2026-08-19T22:31:50.839Z</time></trkpt>
      <trkpt lat="24.70695" lon="115.361875"><time>2026-08-19T22:31:50.856Z</time></trkpt>
      <trkpt lat="24.70695" lon="115.361875"><time>2026-08-19T22:31:50.873Z</time></trkpt>
      <trkpt lat="24.70695" lon="115.361875"><time>2026-08-19T22:31:50.889Z</time></trkpt>
      <trkpt lat="24.706952" lon="115.361892"><time>2026-08-19T22:31:50.906Z</time></trkpt>
      <trkpt lat="24.706952" lon="115.361892"><time>2026-08-19T22:31:50.923Z</time></trkpt>
      <trkpt lat="24.706952" lon="115.361892"><time>2026-08-19T22:31:50.939Z</time></trkpt>
      <trkpt lat="24.706952" lon="115.361892"><time>2026-08-19T22:31:50.956Z</time></trkpt>
      <trkpt lat="24.706952" lon="115.361892"><time>2026-08-19T22:31:50.973Z</time></trkpt>
      <trkpt lat="24.706952" lon="115.361892"><time>2026-08-19T22:31:50.990Z</time></trkpt>
      <trkpt lat="24.706954" lon="115.36191"><time>2026-08-19T22:31:51.006Z</time></trkpt>
      <trkpt lat="24.706954" lon="115.36191"><time>2026-08-19T22:31:51.023Z</time></trkpt>
      <trkpt lat="24.706954" lon="115.36191"><time>2026-08-19T22:31:51.040Z</time></trkpt>
      <trkpt lat="24.706954" lon="115.36191"><time>2026-08-19T22:31:51.056Z</time></trkpt>
      <trkpt lat="24.706954" lon="115.36191"><time>2026-08-19T22:31:51.073Z</time></trkpt>
      <trkpt lat="24.706954" lon="115.36191"><time>2026-08-19T22:31:51.090Z</time></trkpt>
      <trkpt lat="24.706957" lon="115.361927"><time>2026-08-19T22:31:51.106Z</time></trkpt>
      <trkpt lat="24.706957" lon="115.361927"><time>2026-08-19T22:31:51.123Z</time></trkpt>
      <trkpt lat="24.706957" lon="115.361927"><time>2026-08-19T22:31:51.140Z</time></trkpt>
      <trkpt lat="24.706957" lon="115.361927"><time>2026-08-19T22:31:51.156Z</time></trkpt>
      <trkpt lat="24.706957" lon="115.361927"><time>2026-08-19T22:31:51.173Z</time></trkpt>
      <trkpt lat="24.706957" lon="115.361927"><time>2026-08-19T22:31:51.190Z</time></trkpt>
      <trkpt lat="24.706959" lon="115.361944"><time>2026-08-19T22:31:51.206Z</time></trkpt>
      <trkpt lat="24.706959" lon="115.361944"><time>2026-08-19T22:31:51.223Z</time></trkpt>
      <trkpt lat="24.706959" lon="115.361944"><time>2026-08-19T22:31:51.240Z</time></trkpt>
      <trkpt lat="24.706959" lon="115.361944"><time>2026-08-19T22:31:51.256Z</time></trkpt>
      <trkpt lat="24.706959" lon="115.361944"><time>2026-08-19T22:31:51.273Z</time></trkpt>
      <trkpt lat="24.706959" lon="115.361944"><time>2026-08-19T22:31:51.290Z</time></trkpt>
      <trkpt lat="24.706961" lon="115.361962"><time>2026-08-19T22:31:51.306Z</time></trkpt>
      <trkpt lat="24.706961" lon="115.361962"><time>2026-08-19T22:31:51.323Z</time></trkpt>
      <trkpt lat="24.706961" lon="115.361962"><time>2026-08-19T22:31:51.340Z</time></trkpt>
      <trkpt lat="24.706961" lon="115.361962"><time>2026-08-19T22:31:51.357Z</time></trkpt>
      <trkpt lat="24.706961" lon="115.361962"><time>2026-08-19T22:31:51.373Z</time></trkpt>
      <trkpt lat="24.706961" lon="115.361962"><time>2026-08-19T22:31:51.390Z</time></trkpt>
      <trkpt lat="24.706964" lon="115.361979"><time>2026-08-19T22:31:51.407Z</time></trkpt>
      <trkpt lat="24.706964" lon="115.361979"><time>2026-08-19T22:31:51.423Z</time></trkpt>
      <trkpt lat="24.706964" lon="115.361979"><time>2026-08-19T22:31:51.440Z</time></trkpt>
      <trkpt lat="24.706964" lon="115.361979"><time>2026-08-19T22:31:51.457Z</time></trkpt>
      <trkpt lat="24.706964" lon="115.361979"><time>2026-08-19T22:31:51.473Z</time></trkpt>
      <trkpt lat="24.706964" lon="115.361979"><time>2026-08-19T22:31:51.490Z</time></trkpt>
      <trkpt lat="24.706966" lon="115.361997"><time>2026-08-19T22:31:51.507Z</time></trkpt>
      <trkpt lat="24.706966" lon="115.361997"><time>2026-08-19T22:31:51.523Z</time></trkpt>
      <trkpt lat="24.706966" lon="115.361997"><time>2026-08-19T22:31:51.540Z</time></trkpt>
      <trkpt lat="24.706966" lon="115.361997"><time>2026-08-19T22:31:51.557Z</time></trkpt>
      <trkpt lat="24.706966" lon="115.361997"><time>2026-08-19T22:31:51.573Z</time></trkpt>
      <trkpt lat="24.706966" lon="115.361997"><time>2026-08-19T22:31:51.590Z</time></trkpt>
      <trkpt lat="24.706969" lon="115.362015"><time>2026-08-19T22:31:51.607Z</time></trkpt>
      <trkpt lat="24.706969" lon="115.362015"><time>2026-08-19T22:31:51.623Z</time></trkpt>
      <trkpt lat="24.706969" lon="115.362015"><time>2026-08-19T22:31:51.640Z</time></trkpt>
      <trkpt lat="24.706969" lon="115.362015"><time>2026-08-19T22:31:51.657Z</time></trkpt>
      <trkpt lat="24.706969" lon="115.362015"><time>2026-08-19T22:31:51.674Z</time></trkpt>
      <trkpt lat="24.706969" lon="115.362015"><time>2026-08-19T22:31:51.690Z</time></trkpt>
      <trkpt lat="24.706972" lon="115.362033"><time>2026-08-19T22:31:51.707Z</time></trkpt>
      <trkpt lat="24.706972" lon="115.362033"><time>2026-08-19T22:31:51.724Z</time></trkpt>
      <trkpt lat="24.706972" lon="115.362033"><time>2026-08-19T22:31:51.740Z</time></trkpt>
      <trkpt lat="24.706972" lon="115.362033"><time>2026-08-19T22:31:51.757Z</time></trkpt>
      <trkpt lat="24.706972" lon="115.362033"><time>2026-08-19T22:31:51.774Z</time></trkpt>
      <trkpt lat="24.706972" lon="115.362033"><time>2026-08-19T22:31:51.790Z</time></trkpt>
      <trkpt lat="24.706974" lon="115.36205"><time>2026-08-19T22:31:51.807Z</time></trkpt>
      <trkpt lat="24.706974" lon="115.36205"><time>2026-08-19T22:31:51.824Z</time></trkpt>
      <trkpt lat="24.706974" lon="115.36205"><time>2026-08-19T22:31:51.840Z</time></trkpt>
      <trkpt lat="24.706974" lon="115.36205"><time>2026-08-19T22:31:51.857Z</time></trkpt>
      <trkpt lat="24.706974" lon="115.36205"><time>2026-08-19T22:31:51.874Z</time></trkpt>
      <trkpt lat="24.706974" lon="115.36205"><time>2026-08-19T22:31:51.890Z</time></trkpt>
      <trkpt lat="24.706976" lon="115.362068"><time>2026-08-19T22:31:51.907Z</time></trkpt>
      <trkpt lat="24.706976" lon="115.362068"><time>2026-08-19T22:31:51.924Z</time></trkpt>
      <trkpt lat="24.706976" lon="115.362068"><time>2026-08-19T22:31:51.940Z</time></trkpt>
      <trkpt lat="24.706976" lon="115.362068"><time>2026-08-19T22:31:51.957Z</time></trkpt>
      <trkpt lat="24.706976" lon="115.362068"><time>2026-08-19T22:31:51.974Z</time></trkpt>
      <trkpt lat="24.706976" lon="115.362068"><time>2026-08-19T22:31:51.991Z</time></trkpt>
      <trkpt lat="24.706978" lon="115.362086"><time>2026-08-19T22:31:52.007Z</time></trkpt>
      <trkpt lat="24.706978" lon="115.362086"><time>2026-08-19T22:31:52.024Z</time></trkpt>
      <trkpt lat="24.706978" lon="115.362086"><time>2026-08-19T22:31:52.041Z</time></trkpt>
      <trkpt lat="24.706978" lon="115.362086"><time>2026-08-19T22:31:52.057Z</time></trkpt>
      <trkpt lat="24.706978" lon="115.362086"><time>2026-08-19T22:31:52.074Z</time></trkpt>
      <trkpt lat="24.706978" lon="115.362086"><time>2026-08-19T22:31:52.091Z</time></trkpt>
      <trkpt lat="24.706981" lon="115.362103"><time>2026-08-19T22:31:52.107Z</time></trkpt>
      <trkpt lat="24.706981" lon="115.362103"><time>2026-08-19T22:31:52.124Z</time></trkpt>
      <trkpt lat="24.706981" lon="115.362103"><time>2026-08-19T22:31:52.141Z</time></trkpt>
      <trkpt lat="24.706981" lon="115.362103"><time>2026-08-19T22:31:52.157Z</time></trkpt>
      <trkpt lat="24.706981" lon="115.362103"><time>2026-08-19T22:31:52.174Z</time></trkpt>
      <trkpt lat="24.706981" lon="115.362103"><time>2026-08-19T22:31:52.191Z</time></trkpt>
      <trkpt lat="24.706983" lon="115.362121"><time>2026-08-19T22:31:52.207Z</time></trkpt>
      <trkpt lat="24.706983" lon="115.362121"><time>2026-08-19T22:31:52.224Z</time></trkpt>
      <trkpt lat="24.706983" lon="115.362121"><time>2026-08-19T22:31:52.241Z</time></trkpt>
      <trkpt lat="24.706983" lon="115.362121"><time>2026-08-19T22:31:52.257Z</time></trkpt>
      <trkpt lat="24.706983" lon="115.362121"><time>2026-08-19T22:31:52.274Z</time></trkpt>
      <trkpt lat="24.706983" lon="115.362121"><time>2026-08-19T22:31:52.291Z</time></trkpt>
      <trkpt lat="24.706985" lon="115.362139"><time>2026-08-19T22:31:52.308Z</time></trkpt>
      <trkpt lat="24.706985" lon="115.362139"><time>2026-08-19T22:31:52.324Z</time></trkpt>
      <trkpt lat="24.706985" lon="115.362139"><time>2026-08-19T22:31:52.341Z</time></trkpt>
      <trkpt lat="24.706985" lon="115.362139"><time>2026-08-19T22:31:52.358Z</time></trkpt>
      <trkpt lat="24.706985" lon="115.362139"><time>2026-08-19T22:31:52.374Z</time></trkpt>
      <trkpt lat="24.706985" lon="115.362139"><time>2026-08-19T22:31:52.391Z</time></trkpt>
      <trkpt lat="24.706987" lon="115.362157"><time>2026-08-19T22:31:52.408Z</time></trkpt>
      <trkpt lat="24.706987" lon="115.362157"><time>2026-08-19T22:31:52.424Z</time></trkpt>
      <trkpt lat="24.706987" lon="115.362157"><time>2026-08-19T22:31:52.441Z</time></trkpt>
      <trkpt lat="24.706987" lon="115.362157"><time>2026-08-19T22:31:52.458Z</time></trkpt>
      <trkpt lat="24.706987" lon="115.362157"><time>2026-08-19T22:31:52.474Z</time></trkpt>
      <trkpt lat="24.706987" lon="115.362157"><time>2026-08-19T22:31:52.491Z</time></trkpt>
      <trkpt lat="24.70699" lon="115.362175"><time>2026-08-19T22:31:52.508Z</time></trkpt>
      <trkpt lat="24.70699" lon="115.362175"><time>2026-08-19T22:31:52.524Z</time></trkpt>
      <trkpt lat="24.70699" lon="115.362175"><time>2026-08-19T22:31:52.541Z</time></trkpt>
      <trkpt lat="24.70699" lon="115.362175"><time>2026-08-19T22:31:52.558Z</time></trkpt>
      <trkpt lat="24.70699" lon="115.362175"><time>2026-08-19T22:31:52.574Z</time></trkpt>
      <trkpt lat="24.70699" lon="115.362175"><time>2026-08-19T22:31:52.591Z</time></trkpt>
      <trkpt lat="24.706992" lon="115.362193"><time>2026-08-19T22:31:52.608Z</time></trkpt>
      <trkpt lat="24.706992" lon="115.362193"><time>2026-08-19T22:31:52.625Z</time></trkpt>
      <trkpt lat="24.706992" lon="115.362193"><time>2026-08-19T22:31:52.641Z</time></trkpt>
      <trkpt lat="24.706992" lon="115.362193"><time>2026-08-19T22:31:52.658Z</time></trkpt>
      <trkpt lat="24.706992" lon="115.362193"><time>2026-08-19T22:31:52.675Z</time></trkpt>
      <trkpt lat="24.706992" lon="115.362193"><time>2026-08-19T22:31:52.691Z</time></trkpt>
      <trkpt lat="24.706994" lon="115.362211"><time>2026-08-19T22:31:52.708Z</time></trkpt>
      <trkpt lat="24.706994" lon="115.362211"><time>2026-08-19T22:31:52.725Z</time></trkpt>
      <trkpt lat="24.706994" lon="115.362211"><time>2026-08-19T22:31:52.741Z</time></trkpt>
      <trkpt lat="24.706994" lon="115.362211"><time>2026-08-19T22:31:52.758Z</time></trkpt>
      <trkpt lat="24.706994" lon="115.362211"><time>2026-08-19T22:31:52.775Z</time></trkpt>
      <trkpt lat="24.706994" lon="115.362211"><time>2026-08-19T22:31:52.791Z</time></trkpt>
      <trkpt lat="24.706996" lon="115.362228"><time>2026-08-19T22:31:52.808Z</time></trkpt>
      <trkpt lat="24.706996" lon="115.362228"><time>2026-08-19T22:31:52.825Z</time></trkpt>
      <trkpt lat="24.706996" lon="115.362228"><time>2026-08-19T22:31:52.841Z</time></trkpt>
      <trkpt lat="24.706996" lon="115.362228"><time>2026-08-19T22:31:52.858Z</time></trkpt>
      <trkpt lat="24.706996" lon="115.362228"><time>2026-08-19T22:31:52.875Z</time></trkpt>
      <trkpt lat="24.706996" lon="115.362228"><time>2026-08-19T22:31:52.891Z</time></trkpt>
      <trkpt lat="24.706998" lon="115.362246"><time>2026-08-19T22:31:52.908Z</time></trkpt>
      <trkpt lat="24.706998" lon="115.362246"><time>2026-08-19T22:31:52.925Z</time></trkpt>
      <trkpt lat="24.706998" lon="115.362246"><time>2026-08-19T22:31:52.942Z</time></trkpt>
      <trkpt lat="24.706998" lon="115.362246"><time>2026-08-19T22:31:52.958Z</time></trkpt>
      <trkpt lat="24.706998" lon="115.362246"><time>2026-08-19T22:31:52.975Z</time></trkpt>
      <trkpt lat="24.706998" lon="115.362246"><time>2026-08-19T22:31:52.992Z</time></trkpt>
      <trkpt lat="24.707" lon="115.362264"><time>2026-08-19T22:31:53.008Z</time></trkpt>
      <trkpt lat="24.707" lon="115.362264"><time>2026-08-19T22:31:53.025Z</time></trkpt>
      <trkpt lat="24.707" lon="115.362264"><time>2026-08-19T22:31:53.042Z</time></trkpt>
      <trkpt lat="24.707" lon="115.362264"><time>2026-08-19T22:31:53.058Z</time></trkpt>
      <trkpt lat="24.707" lon="115.362264"><time>2026-08-19T22:31:53.075Z</time></trkpt>
      <trkpt lat="24.707" lon="115.362264"><time>2026-08-19T22:31:53.092Z</time></trkpt>
      <trkpt lat="24.707003" lon="115.362282"><time>2026-08-19T22:31:53.108Z</time></trkpt>
      <trkpt lat="24.707003" lon="115.362282"><time>2026-08-19T22:31:53.125Z</time></trkpt>
      <trkpt lat="24.707003" lon="115.362282"><time>2026-08-19T22:31:53.142Z</time></trkpt>
      <trkpt lat="24.707003" lon="115.362282"><time>2026-08-19T22:31:53.158Z</time></trkpt>
      <trkpt lat="24.707003" lon="115.362282"><time>2026-08-19T22:31:53.175Z</time></trkpt>
      <trkpt lat="24.707003" lon="115.362282"><time>2026-08-19T22:31:53.192Z</time></trkpt>
      <trkpt lat="24.707005" lon="115.3623"><time>2026-08-19T22:31:53.208Z</time></trkpt>
      <trkpt lat="24.707005" lon="115.3623"><time>2026-08-19T22:31:53.225Z</time></trkpt>
      <trkpt lat="24.707005" lon="115.3623"><time>2026-08-19T22:31:53.242Z</time></trkpt>
      <trkpt lat="24.707005" lon="115.3623"><time>2026-08-19T22:31:53.259Z</time></trkpt>
      <trkpt lat="24.707005" lon="115.3623"><time>2026-08-19T22:31:53.275Z</time></trkpt>
      <trkpt lat="24.707005" lon="115.3623"><time>2026-08-19T22:31:53.292Z</time></trkpt>
      <trkpt lat="24.707007" lon="115.362317"><time>2026-08-19T22:31:53.309Z</time></trkpt>
      <trkpt lat="24.707007" lon="115.362317"><time>2026-08-19T22:31:53.325Z</time></trkpt>
      <trkpt lat="24.707007" lon="115.362317"><time>2026-08-19T22:31:53.342Z</time></trkpt>
      <trkpt lat="24.707007" lon="115.362317"><time>2026-08-19T22:31:53.359Z</time></trkpt>
      <trkpt lat="24.707007" lon="115.362317"><time>2026-08-19T22:31:53.375Z</time></trkpt>
      <trkpt lat="24.707007" lon="115.362317"><time>2026-08-19T22:31:53.392Z</time></trkpt>
      <trkpt lat="24.707009" lon="115.362335"><time>2026-08-19T22:31:53.409Z</time></trkpt>
      <trkpt lat="24.707009" lon="115.362335"><time>2026-08-19T22:31:53.425Z</time></trkpt>
      <trkpt lat="24.707009" lon="115.362335"><time>2026-08-19T22:31:53.442Z</time></trkpt>
      <trkpt lat="24.707009" lon="115.362335"><time>2026-08-19T22:31:53.459Z</time></trkpt>
      <trkpt lat="24.707009" lon="115.362335"><time>2026-08-19T22:31:53.475Z</time></trkpt>
      <trkpt lat="24.707009" lon="115.362335"><time>2026-08-19T22:31:53.492Z</time></trkpt>
      <trkpt lat="24.707011" lon="115.362353"><time>2026-08-19T22:31:53.509Z</time></trkpt>
      <trkpt lat="24.707011" lon="115.362353"><time>2026-08-19T22:31:53.525Z</time></trkpt>
      <trkpt lat="24.707011" lon="115.362353"><time>2026-08-19T22:31:53.542Z</time></trkpt>
      <trkpt lat="24.707011" lon="115.362353"><time>2026-08-19T22:31:53.559Z</time></trkpt>
      <trkpt lat="24.707011" lon="115.362353"><time>2026-08-19T22:31:53.576Z</time></trkpt>
      <trkpt lat="24.707011" lon="115.362353"><time>2026-08-19T22:31:53.592Z</time></trkpt>
      <trkpt lat="24.707013" lon="115.36237"><time>2026-08-19T22:31:53.609Z</time></trkpt>
      <trkpt lat="24.707013" lon="115.36237"><time>2026-08-19T22:31:53.626Z</time></trkpt>
      <trkpt lat="24.707013" lon="115.36237"><time>2026-08-19T22:31:53.642Z</time></trkpt>
      <trkpt lat="24.707013" lon="115.36237"><time>2026-08-19T22:31:53.659Z</time></trkpt>
      <trkpt lat="24.707013" lon="115.36237"><time>2026-08-19T22:31:53.676Z</time></trkpt>
      <trkpt lat="24.707013" lon="115.36237"><time>2026-08-19T22:31:53.692Z</time></trkpt>
      <trkpt lat="24.707016" lon="115.362388"><time>2026-08-19T22:31:53.709Z</time></trkpt>
      <trkpt lat="24.707016" lon="115.362388"><time>2026-08-19T22:31:53.726Z</time></trkpt>
      <trkpt lat="24.707016" lon="115.362388"><time>2026-08-19T22:31:53.742Z</time></trkpt>
      <trkpt lat="24.707016" lon="115.362388"><time>2026-08-19T22:31:53.759Z</time></trkpt>
      <trkpt lat="24.707016" lon="115.362388"><time>2026-08-19T22:31:53.776Z</time></trkpt>
      <trkpt lat="24.707016" lon="115.362388"><time>2026-08-19T22:31:53.792Z</time></trkpt>
      <trkpt lat="24.707018" lon="115.362406"><time>2026-08-19T22:31:53.809Z</time></trkpt>
      <trkpt lat="24.707018" lon="115.362406"><time>2026-08-19T22:31:53.826Z</time></trkpt>
      <trkpt lat="24.707018" lon="115.362406"><time>2026-08-19T22:31:53.842Z</time></trkpt>
      <trkpt lat="24.707018" lon="115.362406"><time>2026-08-19T22:31:53.859Z</time></trkpt>
      <trkpt lat="24.707018" lon="115.362406"><time>2026-08-19T22:31:53.876Z</time></trkpt>
      <trkpt lat="24.707018" lon="115.362406"><time>2026-08-19T22:31:53.893Z</time></trkpt>
      <trkpt lat="24.70702" lon="115.362423"><time>2026-08-19T22:31:53.909Z</time></trkpt>
      <trkpt lat="24.70702" lon="115.362423"><time>2026-08-19T22:31:53.926Z</time></trkpt>
      <trkpt lat="24.70702" lon="115.362423"><time>2026-08-19T22:31:53.943Z</time></trkpt>
      <trkpt lat="24.70702" lon="115.362423"><time>2026-08-19T22:31:53.959Z</time></trkpt>
      <trkpt lat="24.70702" lon="115.362423"><time>2026-08-19T22:31:53.976Z</time></trkpt>
      <trkpt lat="24.70702" lon="115.362423"><time>2026-08-19T22:31:53.993Z</time></trkpt>
      <trkpt lat="24.707022" lon="115.362441"><time>2026-08-19T22:31:54.009Z</time></trkpt>
      <trkpt lat="24.707022" lon="115.362441"><time>2026-08-19T22:31:54.026Z</time></trkpt>
      <trkpt lat="24.707022" lon="115.362441"><time>2026-08-19T22:31:54.043Z</time></trkpt>
      <trkpt lat="24.707022" lon="115.362441"><time>2026-08-19T22:31:54.059Z</time></trkpt>
      <trkpt lat="24.707022" lon="115.362441"><time>2026-08-19T22:31:54.076Z</time></trkpt>
      <trkpt lat="24.707022" lon="115.362441"><time>2026-08-19T22:31:54.093Z</time></trkpt>
      <trkpt lat="24.707025" lon="115.362459"><time>2026-08-19T22:31:54.109Z</time></trkpt>
      <trkpt lat="24.707025" lon="115.362459"><time>2026-08-19T22:31:54.126Z</time></trkpt>
      <trkpt lat="24.707025" lon="115.362459"><time>2026-08-19T22:31:54.143Z</time></trkpt>
      <trkpt lat="24.707025" lon="115.362459"><time>2026-08-19T22:31:54.159Z</time></trkpt>
      <trkpt lat="24.707025" lon="115.362459"><time>2026-08-19T22:31:54.176Z</time></trkpt>
      <trkpt lat="24.707025" lon="115.362459"><time>2026-08-19T22:31:54.193Z</time></trkpt>
      <trkpt lat="24.707027" lon="115.362476"><time>2026-08-19T22:31:54.210Z</time></trkpt>
      <trkpt lat="24.707027" lon="115.362476"><time>2026-08-19T22:31:54.226Z</time></trkpt>
      <trkpt lat="24.707027" lon="115.362476"><time>2026-08-19T22:31:54.243Z</time></trkpt>
      <trkpt lat="24.707027" lon="115.362476"><time>2026-08-19T22:31:54.260Z</time></trkpt>
      <trkpt lat="24.707027" lon="115.362476"><time>2026-08-19T22:31:54.276Z</time></trkpt>
      <trkpt lat="24.707027" lon="115.362476"><time>2026-08-19T22:31:54.293Z</time></trkpt>
      <trkpt lat="24.707029" lon="115.362494"><time>2026-08-19T22:31:54.310Z</time></trkpt>
      <trkpt lat="24.707029" lon="115.362494"><time>2026-08-19T22:31:54.326Z</time></trkpt>
      <trkpt lat="24.707029" lon="115.362494"><time>2026-08-19T22:31:54.343Z</time></trkpt>
      <trkpt lat="24.707029" lon="115.362494"><time>2026-08-19T22:31:54.360Z</time></trkpt>
      <trkpt lat="24.707029" lon="115.362494"><time>2026-08-19T22:31:54.376Z</time></trkpt>
      <trkpt lat="24.707029" lon="115.362494"><time>2026-08-19T22:31:54.393Z</time></trkpt>
      <trkpt lat="24.707032" lon="115.362511"><time>2026-08-19T22:31:54.410Z</time></trkpt>
      <trkpt lat="24.707032" lon="115.362511"><time>2026-08-19T22:31:54.426Z</time></trkpt>
      <trkpt lat="24.707032" lon="115.362511"><time>2026-08-19T22:31:54.443Z</time></trkpt>
      <trkpt lat="24.707032" lon="115.362511"><time>2026-08-19T22:31:54.460Z</time></trkpt>
      <trkpt lat="24.707032" lon="115.362511"><time>2026-08-19T22:31:54.476Z</time></trkpt>
      <trkpt lat="24.707032" lon="115.362511"><time>2026-08-19T22:31:54.493Z</time></trkpt>
      <trkpt lat="24.707034" lon="115.362529"><time>2026-08-19T22:31:54.510Z</time></trkpt>
      <trkpt lat="24.707034" lon="115.362529"><time>2026-08-19T22:31:54.527Z</time></trkpt>
      <trkpt lat="24.707034" lon="115.362529"><time>2026-08-19T22:31:54.543Z</time></trkpt>
      <trkpt lat="24.707034" lon="115.362529"><time>2026-08-19T22:31:54.560Z</time></trkpt>
      <trkpt lat="24.707034" lon="115.362529"><time>2026-08-19T22:31:54.577Z</time></trkpt>
      <trkpt lat="24.707034" lon="115.362529"><time>2026-08-19T22:31:54.593Z</time></trkpt>
      <trkpt lat="24.707036" lon="115.362546"><time>2026-08-19T22:31:54.610Z</time></trkpt>
      <trkpt lat="24.707036" lon="115.362546"><time>2026-08-19T22:31:54.627Z</time></trkpt>
      <trkpt lat="24.707036" lon="115.362546"><time>2026-08-19T22:31:54.643Z</time></trkpt>
      <trkpt lat="24.707036" lon="115.362546"><time>2026-08-19T22:31:54.660Z</time></trkpt>
      <trkpt lat="24.707036" lon="115.362546"><time>2026-08-19T22:31:54.677Z</time></trkpt>
      <trkpt lat="24.707036" lon="115.362546"><time>2026-08-19T22:31:54.693Z</time></trkpt>
      <trkpt lat="24.707039" lon="115.362564"><time>2026-08-19T22:31:54.710Z</time></trkpt>
      <trkpt lat="24.707039" lon="115.362564"><time>2026-08-19T22:31:54.727Z</time></trkpt>
      <trkpt lat="24.707039" lon="115.362564"><time>2026-08-19T22:31:54.743Z</time></trkpt>
      <trkpt lat="24.707039" lon="115.362564"><time>2026-08-19T22:31:54.760Z</time></trkpt>
      <trkpt lat="24.707039" lon="115.362564"><time>2026-08-19T22:31:54.777Z</time></trkpt>
      <trkpt lat="24.707039" lon="115.362564"><time>2026-08-19T22:31:54.793Z</time></trkpt>
      <trkpt lat="24.707041" lon="115.362581"><time>2026-08-19T22:31:54.810Z</time></trkpt>
      <trkpt lat="24.707041" lon="115.362581"><time>2026-08-19T22:31:54.827Z</time></trkpt>
      <trkpt lat="24.707041" lon="115.362581"><time>2026-08-19T22:31:54.844Z</time></trkpt>
      <trkpt lat="24.707041" lon="115.362581"><time>2026-08-19T22:31:54.860Z</time></trkpt>
      <trkpt lat="24.707041" lon="115.362581"><time>2026-08-19T22:31:54.877Z</time></trkpt>
      <trkpt lat="24.707041" lon="115.362581"><time>2026-08-19T22:31:54.894Z</time></trkpt>
      <trkpt lat="24.707044" lon="115.362599"><time>2026-08-19T22:31:54.910Z</time></trkpt>
      <trkpt lat="24.707044" lon="115.362599"><time>2026-08-19T22:31:54.927Z</time></trkpt>
      <trkpt lat="24.707044" lon="115.362599"><time>2026-08-19T22:31:54.944Z</time></trkpt>
      <trkpt lat="24.707044" lon="115.362599"><time>2026-08-19T22:31:54.960Z</time></trkpt>
      <trkpt lat="24.707044" lon="115.362599"><time>2026-08-19T22:31:54.977Z</time></trkpt>
      <trkpt lat="24.707044" lon="115.362599"><time>2026-08-19T22:31:54.994Z</time></trkpt>
      <trkpt lat="24.707047" lon="115.362616"><time>2026-08-19T22:31:55.010Z</time></trkpt>
      <trkpt lat="24.707047" lon="115.362616"><time>2026-08-19T22:31:55.027Z</time></trkpt>
      <trkpt lat="24.707047" lon="115.362616"><time>2026-08-19T22:31:55.044Z</time></trkpt>
      <trkpt lat="24.707047" lon="115.362616"><time>2026-08-19T22:31:55.060Z</time></trkpt>
      <trkpt lat="24.707047" lon="115.362616"><time>2026-08-19T22:31:55.077Z</time></trkpt>
      <trkpt lat="24.707047" lon="115.362616"><time>2026-08-19T22:31:55.094Z</time></trkpt>
      <trkpt lat="24.707049" lon="115.362633"><time>2026-08-19T22:31:55.110Z</time></trkpt>
    </trkseg>
  </trk>
</gpx>
