<?xml version="1.0" encoding="UTF-8"?>
<gpx version="1.1" creator="Kairos" xmlns="http://www.topografix.com/GPX/1/1">
  <trk>
    <name>sidecar-srt-6e4173ff68c11a5d</name>
    <trkseg>
      <trkpt lat="24.455353" lon="111.160835"><time>2026-08-22T09:26:53.000Z</time></trkpt>
      <trkpt lat="24.455353" lon="111.160835"><time>2026-08-22T09:26:53.016Z</time></trkpt>
      <trkpt lat="24.455353" lon="111.160835"><time>2026-08-22T09:26:53.032Z</time></trkpt>
      <trkpt lat="24.455353" lon="111.160835"><time>2026-08-22T09:26:53.049Z</time></trkpt>
      <trkpt lat="24.455353" lon="111.160835"><time>2026-08-22T09:26:53.066Z</time></trkpt>
      <trkpt lat="24.455353" lon="111.160835"><time>2026-08-22T09:26:53.082Z</time></trkpt>
      <trkpt lat="24.455353" lon="111.160835"><time>2026-08-22T09:26:53.099Z</time></trkpt>
      <trkpt lat="24.455353" lon="111.160835"><time>2026-08-22T09:26:53.116Z</time></trkpt>
      <trkpt lat="24.455353" lon="111.160835"><time>2026-08-22T09:26:53.132Z</time></trkpt>
      <trkpt lat="24.455353" lon="111.160835"><time>2026-08-22T09:26:53.149Z</time></trkpt>
      <trkpt lat="24.455353" lon="111.160835"><time>2026-08-22T09:26:53.166Z</time></trkpt>
      <trkpt lat="24.455353" lon="111.160835"><time>2026-08-22T09:26:53.182Z</time></trkpt>
      <trkpt lat="24.455353" lon="111.160835"><time>2026-08-22T09:26:53.199Z</time></trkpt>
      <trkpt lat="24.455353" lon="111.160835"><time>2026-08-22T09:26:53.216Z</time></trkpt>
      <trkpt lat="24.455353" lon="111.160835"><time>2026-08-22T09:26:53.232Z</time></trkpt>
      <trkpt lat="24.455353" lon="111.160835"><time>2026-08-22T09:26:53.249Z</time></trkpt>
      <trkpt lat="24.455353" lon="111.160835"><time>2026-08-22T09:26:53.266Z</time></trkpt>
      <trkpt lat="24.455353" lon="111.160835"><time>2026-08-22T09:26:53.282Z</time></trkpt>
      <trkpt lat="24.455354" lon="111.160835"><time>2026-08-22T09:26:53.299Z</time></trkpt>
      <trkpt lat="24.455354" lon="111.160835"><time>2026-08-22T09:26:53.316Z</time></trkpt>
      <trkpt lat="24.455354" lon="111.160835"><time>2026-08-22T09:26:53.333Z</time></trkpt>
      <trkpt lat="24.455354" lon="111.160835"><time>2026-08-22T09:26:53.349Z</time></trkpt>
      <trkpt lat="24.455354" lon="111.160835"><time>2026-08-22T09:26:53.366Z</time></trkpt>
      <trkpt lat="24.455354" lon="111.160835"><time>2026-08-22T09:26:53.383Z</time></trkpt>
      <trkpt lat="24.455354" lon="111.160835"><time>2026-08-22T09:26:53.399Z</time></trkpt>
      <trkpt lat="24.455354" lon="111.160835"><time>2026-08-22T09:26:53.416Z</time></trkpt>
      <trkpt lat="24.455354" lon="111.160835"><time>2026-08-22T09:26:53.433Z</time></trkpt>
      <trkpt lat="24.455354" lon="111.160835"><time>2026-08-22T09:26:53.449Z</time></trkpt>
      <trkpt lat="24.455354" lon="111.160835"><time>2026-08-22T09:26:53.466Z</time></trkpt>
      <trkpt lat="24.455354" lon="111.160835"><time>2026-08-22T09:26:53.483Z</time></trkpt>
      <trkpt lat="24.455354" lon="111.160835"><time>2026-08-22T09:26:53.499Z</time></trkpt>
      <trkpt lat="24.455354" lon="111.160835"><time>2026-08-22T09:26:53.516Z</time></trkpt>
      <trkpt lat="24.455354" lon="111.160835"><time>2026-08-22T09:26:53.533Z</time></trkpt>
      <trkpt lat="24.455354" lon="111.160835"><time>2026-08-22T09:26:53.549Z</time></trkpt>
      <trkpt lat="24.455354" lon="111.160835"><time>2026-08-22T09:26:53.566Z</time></trkpt>
      <trkpt lat="24.455354" lon="111.160835"><time>2026-08-22T09:26:53.583Z</time></trkpt>
      <trkpt lat="24.455354" lon="111.160835"><time>2026-08-22T09:26:53.599Z</time></trkpt>
      <trkpt lat="24.455354" lon="111.160835"><time>2026-08-22T09:26:53.616Z</time></trkpt>
      <trkpt lat="24.455354" lon="111.160835"><time>2026-08-22T09:26:53.633Z</time></trkpt>
      <trkpt lat="24.455354" lon="111.160835"><time>2026-08-22T09:26:53.650Z</time></trkpt>
      <trkpt lat="24.455354" lon="111.160835"><time>2026-08-22T09:26:53.666Z</time></trkpt>
      <trkpt lat="24.455354" lon="111.160835"><time>2026-08-22T09:26:53.683Z</time></trkpt>
      <trkpt lat="24.455354" lon="111.160835"><time>2026-08-22T09:26:53.700Z</time></trkpt>
      <trkpt lat="24.455354" lon="111.160835"><time>2026-08-22T09:26:53.716Z</time></trkpt>
      <trkpt lat="24.455354" lon="111.160835"><time>2026-08-22T09:26:53.733Z</time></trkpt>
      <trkpt lat="24.455354" lon="111.160835"><time>2026-08-22T09:26:53.750Z</time></trkpt>
      <trkpt lat="24.455354" lon="111.160835"><time>2026-08-22T09:26:53.766Z</time></trkpt>
      <trkpt lat="24.455354" lon="111.160835"><time>2026-08-22T09:26:53.783Z</time></trkpt>
      <trkpt lat="24.455354" lon="111.160835"><time>2026-08-22T09:26:53.800Z</time></trkpt>
      <trkpt lat="24.455354" lon="111.160835"><time>2026-08-22T09:26:53.816Z</time></trkpt>
      <trkpt lat="24.455354" lon="111.160835"><time>2026-08-22T09:26:53.833Z</time></trkpt>
      <trkpt lat="24.455354" lon="111.160835"><time>2026-08-22T09:26:53.850Z</time></trkpt>
      <trkpt lat="24.455354" lon="111.160835"><time>2026-08-22T09:26:53.866Z</time></trkpt>
      <trkpt lat="24.455354" lon="111.160835"><time>2026-08-22T09:26:53.883Z</time></trkpt>
      <trkpt lat="24.455353" lon="111.160835"><time>2026-08-22T09:26:53.900Z</time></trkpt>
      <trkpt lat="24.455353" lon="111.160835"><time>2026-08-22T09:26:53.916Z</time></trkpt>
      <trkpt lat="24.455353" lon="111.160835"><time>2026-08-22T09:26:53.933Z</time></trkpt>
      <trkpt lat="24.455353" lon="111.160835"><time>2026-08-22T09:26:53.950Z</time></trkpt>
      <trkpt lat="24.455353" lon="111.160835"><time>2026-08-22T09:26:53.967Z</time></trkpt>
      <trkpt lat="24.455353" lon="111.160835"><time>2026-08-22T09:26:53.983Z</time></trkpt>
      <trkpt lat="24.455353" lon="111.160835"><time>2026-08-22T09:26:54.000Z</time></trkpt>
      <trkpt lat="24.455353" lon="111.160835"><time>2026-08-22T09:26:54.017Z</time></trkpt>
      <trkpt lat="24.455353" lon="111.160835"><time>2026-08-22T09:26:54.033Z</time></trkpt>
      <trkpt lat="24.455353" lon="111.160835"><time>2026-08-22T09:26:54.050Z</time></trkpt>
      <trkpt lat="24.455353" lon="111.160835"><time>2026-08-22T09:26:54.067Z</time></trkpt>
      <trkpt lat="24.455353" lon="111.160835"><time>2026-08-22T09:26:54.083Z</time></trkpt>
      <trkpt lat="24.455353" lon="111.160835"><time>2026-08-22T09:26:54.100Z</time></trkpt>
      <trkpt lat="24.455353" lon="111.160835"><time>2026-08-22T09:26:54.117Z</time></trkpt>
      <trkpt lat="24.455353" lon="111.160835"><time>2026-08-22T09:26:54.133Z</time></trkpt>
      <trkpt lat="24.455353" lon="111.160835"><time>2026-08-22T09:26:54.150Z</time></trkpt>
      <trkpt lat="24.455353" lon="111.160835"><time>2026-08-22T09:26:54.167Z</time></trkpt>
      <trkpt lat="24.455353" lon="111.160835"><time>2026-08-22T09:26:54.183Z</time></trkpt>
      <trkpt lat="24.455352" lon="111.160835"><time>2026-08-22T09:26:54.200Z</time></trkpt>
      <trkpt lat="24.455352" lon="111.160835"><time>2026-08-22T09:26:54.217Z</time></trkpt>
      <trkpt lat="24.455352" lon="111.160835"><time>2026-08-22T09:26:54.233Z</time></trkpt>
      <trkpt lat="24.455352" lon="111.160835"><time>2026-08-22T09:26:54.250Z</time></trkpt>
      <trkpt lat="24.455352" lon="111.160835"><time>2026-08-22T09:26:54.267Z</time></trkpt>
      <trkpt lat="24.455352" lon="111.160835"><time>2026-08-22T09:26:54.284Z</time></trkpt>
      <trkpt lat="24.455352" lon="111.160835"><time>2026-08-22T09:26:54.300Z</time></trkpt>
      <trkpt lat="24.455352" lon="111.160835"><time>2026-08-22T09:26:54.317Z</time></trkpt>
      <trkpt lat="24.455352" lon="111.160835"><time>2026-08-22T09:26:54.334Z</time></trkpt>
      <trkpt lat="24.455352" lon="111.160835"><time>2026-08-22T09:26:54.350Z</time></trkpt>
      <trkpt lat="24.455352" lon="111.160835"><time>2026-08-22T09:26:54.367Z</time></trkpt>
      <trkpt lat="24.455352" lon="111.160835"><time>2026-08-22T09:26:54.384Z</time></trkpt>
      <trkpt lat="24.455352" lon="111.160835"><time>2026-08-22T09:26:54.400Z</time></trkpt>
      <trkpt lat="24.455352" lon="111.160835"><time>2026-08-22T09:26:54.417Z</time></trkpt>
      <trkpt lat="24.455352" lon="111.160835"><time>2026-08-22T09:26:54.434Z</time></trkpt>
      <trkpt lat="24.455352" lon="111.160835"><time>2026-08-22T09:26:54.450Z</time></trkpt>
      <trkpt lat="24.455352" lon="111.160835"><time>2026-08-22T09:26:54.467Z</time></trkpt>
      <trkpt lat="24.455352" lon="111.160835"><time>2026-08-22T09:26:54.484Z</time></trkpt>
      <trkpt lat="24.455352" lon="111.160835"><time>2026-08-22T09:26:54.500Z</time></trkpt>
      <trkpt lat="24.455352" lon="111.160835"><time>2026-08-22T09:26:54.517Z</time></trkpt>
      <trkpt lat="24.455352" lon="111.160835"><time>2026-08-22T09:26:54.534Z</time></trkpt>
      <trkpt lat="24.455352" lon="111.160835"><time>2026-08-22T09:26:54.550Z</time></trkpt>
      <trkpt lat="24.455352" lon="111.160835"><time>2026-08-22T09:26:54.567Z</time></trkpt>
      <trkpt lat="24.455352" lon="111.160835"><time>2026-08-22T09:26:54.584Z</time></trkpt>
      <trkpt lat="24.455352" lon="111.160835"><time>2026-08-22T09:26:54.600Z</time></trkpt>
      <trkpt lat="24.455352" lon="111.160835"><time>2026-08-22T09:26:54.617Z</time></trkpt>
      <trkpt lat="24.455352" lon="111.160835"><time>2026-08-22T09:26:54.634Z</time></trkpt>
      <trkpt lat="24.455352" lon="111.160835"><time>2026-08-22T09:26:54.651Z</time></trkpt>
      <trkpt lat="24.455352" lon="111.160835"><time>2026-08-22T09:26:54.667Z</time></trkpt>
      <trkpt lat="24.455352" lon="111.160835"><time>2026-08-22T09:26:54.684Z</time></trkpt>
      <trkpt lat="24.455352" lon="111.160836"><time>2026-08-22T09:26:54.701Z</time></trkpt>
      <trkpt lat="24.455352" lon="111.160836"><time>2026-08-22T09:26:54.717Z</time></trkpt>
      <trkpt lat="24.455352" lon="111.160836"><time>2026-08-22T09:26:54.734Z</time></trkpt>
      <trkpt lat="24.455352" lon="111.160836"><time>2026-08-22T09:26:54.751Z</time></trkpt>
      <trkpt lat="24.455352" lon="111.160836"><time>2026-08-22T09:26:54.767Z</time></trkpt>
      <trkpt lat="24.455352" lon="111.160836"><time>2026-08-22T09:26:54.784Z</time></trkpt>
      <trkpt lat="24.455352" lon="111.160836"><time>2026-08-22T09:26:54.801Z</time></trkpt>
      <trkpt lat="24.455352" lon="111.160836"><time>2026-08-22T09:26:54.817Z</time></trkpt>
      <trkpt lat="24.455352" lon="111.160836"><time>2026-08-22T09:26:54.834Z</time></trkpt>
      <trkpt lat="24.455352" lon="111.160836"><time>2026-08-22T09:26:54.851Z</time></trkpt>
      <trkpt lat="24.455352" lon="111.160836"><time>2026-08-22T09:26:54.867Z</time></trkpt>
      <trkpt lat="24.455352" lon="111.160836"><time>2026-08-22T09:26:54.884Z</time></trkpt>
      <trkpt lat="24.455352" lon="111.160836"><time>2026-08-22T09:26:54.901Z</time></trkpt>
      <trkpt lat="24.455352" lon="111.160836"><time>2026-08-22T09:26:54.917Z</time></trkpt>
      <trkpt lat="24.455352" lon="111.160836"><time>2026-08-22T09:26:54.934Z</time></trkpt>
      <trkpt lat="24.455352" lon="111.160836"><time>2026-08-22T09:26:54.951Z</time></trkpt>
      <trkpt lat="24.455352" lon="111.160836"><time>2026-08-22T09:26:54.968Z</time></trkpt>
      <trkpt lat="24.455352" lon="111.160836"><time>2026-08-22T09:26:54.984Z</time></trkpt>
      <trkpt lat="24.455352" lon="111.160836"><time>2026-08-22T09:26:55.001Z</time></trkpt>
      <trkpt lat="24.455352" lon="111.160836"><time>2026-08-22T09:26:55.018Z</time></trkpt>
      <trkpt lat="24.455352" lon="111.160836"><time>2026-08-22T09:26:55.034Z</time></trkpt>
      <trkpt lat="24.455352" lon="111.160836"><time>2026-08-22T09:26:55.051Z</time></trkpt>
      <trkpt lat="24.455352" lon="111.160836"><time>2026-08-22T09:26:55.068Z</time></trkpt>
      <trkpt lat="24.455352" lon="111.160836"><time>2026-08-22T09:26:55.084Z</time></trkpt>
      <trkpt lat="24.455352" lon="111.160836"><time>2026-08-22T09:26:55.101Z</time></trkpt>
      <trkpt lat="24.455352" lon="111.160836"><time>2026-08-22T09:26:55.118Z</time></trkpt>
      <trkpt lat="24.455352" lon="111.160836"><time>2026-08-22T09:26:55.134Z</time></trkpt>
      <trkpt lat="24.455352" lon="111.160836"><time>2026-08-22T09:26:55.151Z</time></trkpt>
      <trkpt lat="24.455352" lon="111.160836"><time>2026-08-22T09:26:55.168Z</time></trkpt>
      <trkpt lat="24.455352" lon="111.160836"><time>2026-08-22T09:26:55.184Z</time></trkpt>
      <trkpt lat="24.455352" lon="111.160836"><time>2026-08-22T09:26:55.201Z</time></trkpt>
      <trkpt lat="24.455352" lon="111.160836"><time>2026-08-22T09:26:55.218Z</time></trkpt>
      <trkpt lat="24.455352" lon="111.160836"><time>2026-08-22T09:26:55.234Z</time></trkpt>
      <trkpt lat="24.455352" lon="111.160836"><time>2026-08-22T09:26:55.251Z</time></trkpt>
      <trkpt lat="24.455352" lon="111.160836"><time>2026-08-22T09:26:55.268Z</time></trkpt>
      <trkpt lat="24.455352" lon="111.160836"><time>2026-08-22T09:26:55.285Z</time></trkpt>
      <trkpt lat="24.455352" lon="111.160836"><time>2026-08-22T09:26:55.301Z</time></trkpt>
      <trkpt lat="24.455352" lon="111.160836"><time>2026-08-22T09:26:55.318Z</time></trkpt>
      <trkpt lat="24.455352" lon="111.160836"><time>2026-08-22T09:26:55.335Z</time></trkpt>
      <trkpt lat="24.455352" lon="111.160836"><time>2026-08-22T09:26:55.351Z</time></trkpt>
      <trkpt lat="24.455352" lon="111.160836"><time>2026-08-22T09:26:55.368Z</time></trkpt>
      <trkpt lat="24.455352" lon="111.160836"><time>2026-08-22T09:26:55.385Z</time></trkpt>
      <trkpt lat="24.455352" lon="111.160836"><time>2026-08-22T09:26:55.401Z</time></trkpt>
      <trkpt lat="24.455352" lon="111.160836"><time>2026-08-22T09:26:55.418Z</time></trkpt>
      <trkpt lat="24.455352" lon="111.160836"><time>2026-08-22T09:26:55.435Z</time></trkpt>
      <trkpt lat="24.455352" lon="111.160836"><time>2026-08-22T09:26:55.451Z</time></trkpt>
      <trkpt lat="24.455352" lon="111.160836"><time>2026-08-22T09:26:55.468Z</time></trkpt>
      <trkpt lat="24.455352" lon="111.160836"><time>2026-08-22T09:26:55.485Z</time></trkpt>
      <trkpt lat="24.455352" lon="111.160836"><time>2026-08-22T09:26:55.501Z</time></trkpt>
      <trkpt lat="24.455352" lon="111.160836"><time>2026-08-22T09:26:55.518Z</time></trkpt>
      <trkpt lat="24.455352" lon="111.160836"><time>2026-08-22T09:26:55.535Z</time></trkpt>
      <trkpt lat="24.455352" lon="111.160836"><time>2026-08-22T09:26:55.551Z</time></trkpt>
      <trkpt lat="24.455352" lon="111.160836"><time>2026-08-22T09:26:55.568Z</time></trkpt>
      <trkpt lat="24.455352" lon="111.160836"><time>2026-08-22T09:26:55.585Z</time></trkpt>
      <trkpt lat="24.455352" lon="111.160836"><time>2026-08-22T09:26:55.602Z</time></trkpt>
      <trkpt lat="24.455352" lon="111.160836"><time>2026-08-22T09:26:55.618Z</time></trkpt>
      <trkpt lat="24.455352" lon="111.160836"><time>2026-08-22T09:26:55.635Z</time></trkpt>
      <trkpt lat="24.455352" lon="111.160836"><time>2026-08-22T09:26:55.652Z</time></trkpt>
      <trkpt lat="24.455352" lon="111.160836"><time>2026-08-22T09:26:55.668Z</time></trkpt>
      <trkpt lat="24.455352" lon="111.160836"><time>2026-08-22T09:26:55.685Z</time></trkpt>
      <trkpt lat="24.455352" lon="111.160836"><time>2026-08-22T09:26:55.702Z</time></trkpt>
      <trkpt lat="24.455352" lon="111.160836"><time>2026-08-22T09:26:55.718Z</time></trkpt>
      <trkpt lat="24.455352" lon="111.160836"><time>2026-08-22T09:26:55.735Z</time></trkpt>
      <trkpt lat="24.455352" lon="111.160836"><time>2026-08-22T09:26:55.752Z</time></trkpt>
      <trkpt lat="24.455352" lon="111.160836"><time>2026-08-22T09:26:55.768Z</time></trkpt>
      <trkpt lat="24.455352" lon="111.160836"><time>2026-08-22T09:26:55.785Z</time></trkpt>
      <trkpt lat="24.455352" lon="111.160836"><time>2026-08-22T09:26:55.802Z</time></trkpt>
      <trkpt lat="24.455352" lon="111.160836"><time>2026-08-22T09:26:55.818Z</time></trkpt>
      <trkpt lat="24.455352" lon="111.160836"><time>2026-08-22T09:26:55.835Z</time></trkpt>
      <trkpt lat="24.455352" lon="111.160836"><time>2026-08-22T09:26:55.852Z</time></trkpt>
      <trkpt lat="24.455352" lon="111.160836"><time>2026-08-22T09:26:55.868Z</time></trkpt>
      <trkpt lat="24.455352" lon="111.160836"><time>2026-08-22T09:26:55.885Z</time></trkpt>
      <trkpt lat="24.455352" lon="111.160836"><time>2026-08-22T09:26:55.902Z</time></trkpt>
      <trkpt lat="24.455352" lon="111.160836"><time>2026-08-22T09:26:55.919Z</time></trkpt>
      <trkpt lat="24.455352" lon="111.160836"><time>2026-08-22T09:26:55.935Z</time></trkpt>
      <trkpt lat="24.455352" lon="111.160836"><time>2026-08-22T09:26:55.952Z</time></trkpt>
      <trkpt lat="24.455352" lon="111.160836"><time>2026-08-22T09:26:55.969Z</time></trkpt>
      <trkpt lat="24.455352" lon="111.160836"><time>2026-08-22T09:26:55.985Z</time></trkpt>
      <trkpt lat="24.455352" lon="111.160837"><time>2026-08-22T09:26:56.002Z</time></trkpt>
      <trkpt lat="24.455352" lon="111.160837"><time>2026-08-22T09:26:56.019Z</time></trkpt>
      <trkpt lat="24.455352" lon="111.160837"><time>2026-08-22T09:26:56.035Z</time></trkpt>
      <trkpt lat="24.455352" lon="111.160837"><time>2026-08-22T09:26:56.052Z</time></trkpt>
      <trkpt lat="24.455352" lon="111.160837"><time>2026-08-22T09:26:56.069Z</time></trkpt>
      <trkpt lat="24.455352" lon="111.160837"><time>2026-08-22T09:26:56.085Z</time></trkpt>
      <trkpt lat="24.455352" lon="111.160837"><time>2026-08-22T09:26:56.102Z</time></trkpt>
      <trkpt lat="24.455352" lon="111.160837"><time>2026-08-22T09:26:56.119Z</time></trkpt>
      <trkpt lat="24.455352" lon="111.160837"><time>2026-08-22T09:26:56.135Z</time></trkpt>
      <trkpt lat="24.455352" lon="111.160837"><time>2026-08-22T09:26:56.152Z</time></trkpt>
      <trkpt lat="24.455352" lon="111.160837"><time>2026-08-22T09:26:56.169Z</time></trkpt>
      <trkpt lat="24.455352" lon="111.160837"><time>2026-08-22T09:26:56.185Z</time></trkpt>
      <trkpt lat="24.455352" lon="111.160837"><time>2026-08-22T09:26:56.202Z</time></trkpt>
      <trkpt lat="24.455352" lon="111.160837"><time>2026-08-22T09:26:56.219Z</time></trkpt>
      <trkpt lat="24.455352" lon="111.160837"><time>2026-08-22T09:26:56.236Z</time></trkpt>
      <trkpt lat="24.455352" lon="111.160837"><time>2026-08-22T09:26:56.252Z</time></trkpt>
      <trkpt lat="24.455352" lon="111.160837"><time>2026-08-22T09:26:56.269Z</time></trkpt>
      <trkpt lat="24.455352" lon="111.160837"><time>2026-08-22T09:26:56.286Z</time></trkpt>
      <trkpt lat="24.455352" lon="111.160837"><time>2026-08-22T09:26:56.302Z</time></trkpt>
      <trkpt lat="24.455352" lon="111.160837"><time>2026-08-22T09:26:56.319Z</time></trkpt>
      <trkpt lat="24.455352" lon="111.160837"><time>2026-08-22T09:26:56.336Z</time></trkpt>
      <trkpt lat="24.455352" lon="111.160837"><time>2026-08-22T09:26:56.352Z</time></trkpt>
      <trkpt lat="24.455352" lon="111.160837"><time>2026-08-22T09:26:56.369Z</time></trkpt>
      <trkpt lat="24.455352" lon="111.160837"><time>2026-08-22T09:26:56.386Z</time></trkpt>
      <trkpt lat="24.455352" lon="111.160837"><time>2026-08-22T09:26:56.402Z</time></trkpt>
      <trkpt lat="24.455352" lon="111.160837"><time>2026-08-22T09:26:56.419Z</time></trkpt>
      <trkpt lat="24.455352" lon="111.160837"><time>2026-08-22T09:26:56.436Z</time></trkpt>
      <trkpt lat="24.455352" lon="111.160837"><time>2026-08-22T09:26:56.452Z</time></trkpt>
      <trkpt lat="24.455352" lon="111.160837"><time>2026-08-22T09:26:56.469Z</time></trkpt>
      <trkpt lat="24.455352" lon="111.160837"><time>2026-08-22T09:26:56.486Z</time></trkpt>
      <trkpt lat="24.455352" lon="111.160837"><time>2026-08-22T09:26:56.502Z</time></trkpt>
      <trkpt lat="24.455352" lon="111.160837"><time>2026-08-22T09:26:56.519Z</time></trkpt>
      <trkpt lat="24.455352" lon="111.160837"><time>2026-08-22T09:26:56.536Z</time></trkpt>
      <trkpt lat="24.455352" lon="111.160837"><time>2026-08-22T09:26:56.553Z</time></trkpt>
      <trkpt lat="24.455352" lon="111.160837"><time>2026-08-22T09:26:56.569Z</time></trkpt>
      <trkpt lat="24.455352" lon="111.160837"><time>2026-08-22T09:26:56.586Z</time></trkpt>
      <trkpt lat="24.455352" lon="111.160837"><time>2026-08-22T09:26:56.603Z</time></trkpt>
      <trkpt lat="24.455352" lon="111.160837"><time>2026-08-22T09:26:56.619Z</time></trkpt>
      <trkpt lat="24.455352" lon="111.160837"><time>2026-08-22T09:26:56.636Z</time></trkpt>
      <trkpt lat="24.455352" lon="111.160837"><time>2026-08-22T09:26:56.653Z</time></trkpt>
      <trkpt lat="24.455352" lon="111.160837"><time>2026-08-22T09:26:56.669Z</time></trkpt>
      <trkpt lat="24.455352" lon="111.160837"><time>2026-08-22T09:26:56.686Z</time></trkpt>
      <trkpt lat="24.455352" lon="111.160837"><time>2026-08-22T09:26:56.703Z</time></trkpt>
      <trkpt lat="24.455352" lon="111.160837"><time>2026-08-22T09:26:56.719Z</time></trkpt>
      <trkpt lat="24.455352" lon="111.160837"><time>2026-08-22T09:26:56.736Z</time></trkpt>
      <trkpt lat="24.455352" lon="111.160837"><time>2026-08-22T09:26:56.753Z</time></trkpt>
      <trkpt lat="24.455352" lon="111.160837"><time>2026-08-22T09:26:56.769Z</time></trkpt>
      <trkpt lat="24.455352" lon="111.160837"><time>2026-08-22T09:26:56.786Z</time></trkpt>
      <trkpt lat="24.455352" lon="111.160837"><time>2026-08-22T09:26:56.803Z</time></trkpt>
      <trkpt lat="24.455352" lon="111.160837"><time>2026-08-22T09:26:56.819Z</time></trkpt>
      <trkpt lat="24.455352" lon="111.160837"><time>2026-08-22T09:26:56.836Z</time></trkpt>
      <trkpt lat="24.455352" lon="111.160837"><time>2026-08-22T09:26:56.853Z</time></trkpt>
      <trkpt lat="24.455352" lon="111.160837"><time>2026-08-22T09:26:56.870Z</time></trkpt>
      <trkpt lat="24.455352" lon="111.160837"><time>2026-08-22T09:26:56.886Z</time></trkpt>
      <trkpt lat="24.455352" lon="111.160837"><time>2026-08-22T09:26:56.903Z</time></trkpt>
      <trkpt lat="24.455352" lon="111.160837"><time>2026-08-22T09:26:56.920Z</time></trkpt>
      <trkpt lat="24.455352" lon="111.160837"><time>2026-08-22T09:26:56.936Z</time></trkpt>
      <trkpt lat="24.455352" lon="111.160837"><time>2026-08-22T09:26:56.953Z</time></trkpt>
      <trkpt lat="24.455352" lon="111.160837"><time>2026-08-22T09:26:56.970Z</time></trkpt>
      <trkpt lat="24.455352" lon="111.160837"><time>2026-08-22T09:26:56.986Z</time></trkpt>
      <trkpt lat="24.455352" lon="111.160837"><time>2026-08-22T09:26:57.003Z</time></trkpt>
      <trkpt lat="24.455352" lon="111.160837"><time>2026-08-22T09:26:57.020Z</time></trkpt>
      <trkpt lat="24.455352" lon="111.160837"><time>2026-08-22T09:26:57.036Z</time></trkpt>
      <trkpt lat="24.455352" lon="111.160837"><time>2026-08-22T09:26:57.053Z</time></trkpt>
      <trkpt lat="24.455352" lon="111.160837"><time>2026-08-22T09:26:57.070Z</time></trkpt>
      <trkpt lat="24.455352" lon="111.160837"><time>2026-08-22T09:26:57.086Z</time></trkpt>
      <trkpt lat="24.455352" lon="111.160837"><time>2026-08-22T09:26:57.103Z</time></trkpt>
      <trkpt lat="24.455352" lon="111.160837"><time>2026-08-22T09:26:57.120Z</time></trkpt>
      <trkpt lat="24.455352" lon="111.160837"><time>2026-08-22T09:26:57.136Z</time></trkpt>
      <trkpt lat="24.455352" lon="111.160837"><time>2026-08-22T09:26:57.153Z</time></trkpt>
      <trkpt lat="24.455352" lon="111.160837"><time>2026-08-22T09:26:57.170Z</time></trkpt>
      <trkpt lat="24.455352" lon="111.160837"><time>2026-08-22T09:26:57.187Z</time></trkpt>
      <trkpt lat="24.455352" lon="111.160837"><time>2026-08-22T09:26:57.203Z</time></trkpt>
      <trkpt lat="24.455352" lon="111.160837"><time>2026-08-22T09:26:57.220Z</time></trkpt>
      <trkpt lat="24.455352" lon="111.160837"><time>2026-08-22T09:26:57.237Z</time></trkpt>
      <trkpt lat="24.455352" lon="111.160837"><time>2026-08-22T09:26:57.253Z</time></trkpt>
      <trkpt lat="24.455352" lon="111.160837"><time>2026-08-22T09:26:57.270Z</time></trkpt>
      <trkpt lat="24.455352" lon="111.160837"><time>2026-08-22T09:26:57.287Z</time></trkpt>
      <trkpt lat="24.455352" lon="111.160837"><time>2026-08-22T09:26:57.303Z</time></trkpt>
      <trkpt lat="24.455352" lon="111.160837"><time>2026-08-22T09:26:57.320Z</time></trkpt>
      <trkpt lat="24.455352" lon="111.160837"><time>2026-08-22T09:26:57.337Z</time></trkpt>
      <trkpt lat="24.455352" lon="111.160837"><time>2026-08-22T09:26:57.353Z</time></trkpt>
      <trkpt lat="24.455352" lon="111.160837"><time>2026-08-22T09:26:57.370Z</time></trkpt>
      <trkpt lat="24.455352" lon="111.160837"><time>2026-08-22T09:26:57.387Z</time></trkpt>
      <trkpt lat="24.455352" lon="111.160837"><time>2026-08-22T09:26:57.403Z</time></trkpt>
      <trkpt lat="24.455352" lon="111.160837"><time>2026-08-22T09:26:57.420Z</time></trkpt>
      <trkpt lat="24.455352" lon="111.160837"><time>2026-08-22T09:26:57.437Z</time></trkpt>
      <trkpt lat="24.455352" lon="111.160837"><time>2026-08-22T09:26:57.453Z</time></trkpt>
      <trkpt lat="24.455352" lon="111.160837"><time>2026-08-22T09:26:57.470Z</time></trkpt>
      <trkpt lat="24.455352" lon="111.160837"><time>2026-08-22T09:26:57.487Z</time></trkpt>
      <trkpt lat="24.455352" lon="111.160837"><time>2026-08-22T09:26:57.504Z</time></trkpt>
      <trkpt lat="24.455352" lon="111.160837"><time>2026-08-22T09:26:57.520Z</time></trkpt>
      <trkpt lat="24.455352" lon="111.160837"><time>2026-08-22T09:26:57.537Z</time></trkpt>
      <trkpt lat="24.455352" lon="111.160837"><time>2026-08-22T09:26:57.554Z</time></trkpt>
      <trkpt lat="24.455352" lon="111.160837"><time>2026-08-22T09:26:57.570Z</time></trkpt>
      <trkpt lat="24.455352" lon="111.160837"><time>2026-08-22T09:26:57.587Z</time></trkpt>
      <trkpt lat="24.455352" lon="111.160837"><time>2026-08-22T09:26:57.604Z</time></trkpt>
      <trkpt lat="24.455352" lon="111.160837"><time>2026-08-22T09:26:57.620Z</time></trkpt>
      <trkpt lat="24.455352" lon="111.160837"><time>2026-08-22T09:26:57.637Z</time></trkpt>
      <trkpt lat="24.455352" lon="111.160837"><time>2026-08-22T09:26:57.654Z</time></trkpt>
      <trkpt lat="24.455352" lon="111.160837"><time>2026-08-22T09:26:57.670Z</time></trkpt>
      <trkpt lat="24.455352" lon="111.160837"><time>2026-08-22T09:26:57.687Z</time></trkpt>
      <trkpt lat="24.455352" lon="111.160836"><time>2026-08-22T09:26:57.704Z</time></trkpt>
      <trkpt lat="24.455352" lon="111.160836"><time>2026-08-22T09:26:57.720Z</time></trkpt>
      <trkpt lat="24.455352" lon="111.160836"><time>2026-08-22T09:26:57.737Z</time></trkpt>
      <trkpt lat="24.455352" lon="111.160836"><time>2026-08-22T09:26:57.754Z</time></trkpt>
      <trkpt lat="24.455352" lon="111.160836"><time>2026-08-22T09:26:57.770Z</time></trkpt>
      <trkpt lat="24.455352" lon="111.160836"><time>2026-08-22T09:26:57.787Z</time></trkpt>
      <trkpt lat="24.455352" lon="111.160836"><time>2026-08-22T09:26:57.804Z</time></trkpt>
      <trkpt lat="24.455352" lon="111.160836"><time>2026-08-22T09:26:57.821Z</time></trkpt>
      <trkpt lat="24.455352" lon="111.160836"><time>2026-08-22T09:26:57.837Z</time></trkpt>
      <trkpt lat="24.455352" lon="111.160836"><time>2026-08-22T09:26:57.854Z</time></trkpt>
      <trkpt lat="24.455352" lon="111.160836"><time>2026-08-22T09:26:57.871Z</time></trkpt>
      <trkpt lat="24.455352" lon="111.160836"><time>2026-08-22T09:26:57.887Z</time></trkpt>
      <trkpt lat="24.455352" lon="111.160836"><time>2026-08-22T09:26:57.904Z</time></trkpt>
      <trkpt lat="24.455352" lon="111.160836"><time>2026-08-22T09:26:57.921Z</time></trkpt>
      <trkpt lat="24.455352" lon="111.160836"><time>2026-08-22T09:26:57.937Z</time></trkpt>
      <trkpt lat="24.455352" lon="111.160836"><time>2026-08-22T09:26:57.954Z</time></trkpt>
      <trkpt lat="24.455352" lon="111.160836"><time>2026-08-22T09:26:57.971Z</time></trkpt>
      <trkpt lat="24.455352" lon="111.160836"><time>2026-08-22T09:26:57.987Z</time></trkpt>
      <trkpt lat="24.455352" lon="111.160836"><time>2026-08-22T09:26:58.004Z</time></trkpt>
      <trkpt lat="24.455352" lon="111.160836"><time>2026-08-22T09:26:58.021Z</time></trkpt>
      <trkpt lat="24.455352" lon="111.160836"><time>2026-08-22T09:26:58.037Z</time></trkpt>
      <trkpt lat="24.455352" lon="111.160836"><time>2026-08-22T09:26:58.054Z</time></trkpt>
      <trkpt lat="24.455352" lon="111.160836"><time>2026-08-22T09:26:58.071Z</time></trkpt>
      <trkpt lat="24.455352" lon="111.160836"><time>2026-08-22T09:26:58.087Z</time></trkpt>
      <trkpt lat="24.455352" lon="111.160836"><time>2026-08-22T09:26:58.104Z</time></trkpt>
      <trkpt lat="24.455352" lon="111.160836"><time>2026-08-22T09:26:58.121Z</time></trkpt>
      <trkpt lat="24.455352" lon="111.160836"><time>2026-08-22T09:26:58.138Z</time></trkpt>
      <trkpt lat="24.455352" lon="111.160836"><time>2026-08-22T09:26:58.154Z</time></trkpt>
      <trkpt lat="24.455352" lon="111.160836"><time>2026-08-22T09:26:58.171Z</time></trkpt>
      <trkpt lat="24.455352" lon="111.160836"><time>2026-08-22T09:26:58.188Z</time></trkpt>
      <trkpt lat="24.455352" lon="111.160836"><time>2026-08-22T09:26:58.204Z</time></trkpt>
      <trkpt lat="24.455352" lon="111.160836"><time>2026-08-22T09:26:58.221Z</time></trkpt>
      <trkpt lat="24.455352" lon="111.160836"><time>2026-08-22T09:26:58.238Z</time></trkpt>
      <trkpt lat="24.455352" lon="111.160836"><time>2026-08-22T09:26:58.254Z</time></trkpt>
      <trkpt lat="24.455352" lon="111.160836"><time>2026-08-22T09:26:58.271Z</time></trkpt>
      <trkpt lat="24.455352" lon="111.160836"><time>2026-08-22T09:26:58.288Z</time></trkpt>
      <trkpt lat="24.455352" lon="111.160836"><time>2026-08-22T09:26:58.304Z</time></trkpt>
      <trkpt lat="24.455352" lon="111.160836"><time>2026-08-22T09:26:58.321Z</time></trkpt>
      <trkpt lat="24.455352" lon="111.160836"><time>2026-08-22T09:26:58.338Z</time></trkpt>
      <trkpt lat="24.455352" lon="111.160836"><time>2026-08-22T09:26:58.354Z</time></trkpt>
      <trkpt lat="24.455352" lon="111.160836"><time>2026-08-22T09:26:58.371Z</time></trkpt>
      <trkpt lat="24.455352" lon="111.160836"><time>2026-08-22T09:26:58.388Z</time></trkpt>
      <trkpt lat="24.455352" lon="111.160835"><time>2026-08-22T09:26:58.404Z</time></trkpt>
      <trkpt lat="24.455352" lon="111.160835"><time>2026-08-22T09:26:58.421Z</time></trkpt>
      <trkpt lat="24.455352" lon="111.160835"><time>2026-08-22T09:26:58.438Z</time></trkpt>
      <trkpt lat="24.455352" lon="111.160835"><time>2026-08-22T09:26:58.455Z</time></trkpt>
      <trkpt lat="24.455352" lon="111.160835"><time>2026-08-22T09:26:58.471Z</time></trkpt>
      <trkpt lat="24.455352" lon="111.160835"><time>2026-08-22T09:26:58.488Z</time></trkpt>
      <trkpt lat="24.455352" lon="111.160835"><time>2026-08-22T09:26:58.505Z</time></trkpt>
      <trkpt lat="24.455352" lon="111.160835"><time>2026-08-22T09:26:58.521Z</time></trkpt>
      <trkpt lat="24.455352" lon="111.160835"><time>2026-08-22T09:26:58.538Z</time></trkpt>
      <trkpt lat="24.455352" lon="111.160835"><time>2026-08-22T09:26:58.555Z</time></trkpt>
      <trkpt lat="24.455352" lon="111.160835"><time>2026-08-22T09:26:58.571Z</time></trkpt>
      <trkpt lat="24.455352" lon="111.160835"><time>2026-08-22T09:26:58.588Z</time></trkpt>
      <trkpt lat="24.455352" lon="111.160835"><time>2026-08-22T09:26:58.605Z</time></trkpt>
      <trkpt lat="24.455352" lon="111.160835"><time>2026-08-22T09:26:58.621Z</time></trkpt>
      <trkpt lat="24.455352" lon="111.160835"><time>2026-08-22T09:26:58.638Z</time></trkpt>
      <trkpt lat="24.455352" lon="111.160835"><time>2026-08-22T09:26:58.655Z</time></trkpt>
      <trkpt lat="24.455352" lon="111.160835"><time>2026-08-22T09:26:58.671Z</time></trkpt>
      <trkpt lat="24.455352" lon="111.160835"><time>2026-08-22T09:26:58.688Z</time></trkpt>
      <trkpt lat="24.455352" lon="111.160835"><time>2026-08-22T09:26:58.705Z</time></trkpt>
      <trkpt lat="24.455352" lon="111.160835"><time>2026-08-22T09:26:58.721Z</time></trkpt>
      <trkpt lat="24.455352" lon="111.160835"><time>2026-08-22T09:26:58.738Z</time></trkpt>
      <trkpt lat="24.455352" lon="111.160835"><time>2026-08-22T09:26:58.755Z</time></trkpt>
      <trkpt lat="24.455352" lon="111.160835"><time>2026-08-22T09:26:58.772Z</time></trkpt>
      <trkpt lat="24.455352" lon="111.160835"><time>2026-08-22T09:26:58.788Z</time></trkpt>
      <trkpt lat="24.455352" lon="111.160835"><time>2026-08-22T09:26:58.805Z</time></trkpt>
      <trkpt lat="24.455352" lon="111.160835"><time>2026-08-22T09:26:58.822Z</time></trkpt>
      <trkpt lat="24.455352" lon="111.160835"><time>2026-08-22T09:26:58.838Z</time></trkpt>
      <trkpt lat="24.455352" lon="111.160835"><time>2026-08-22T09:26:58.855Z</time></trkpt>
      <trkpt lat="24.455352" lon="111.160835"><time>2026-08-22T09:26:58.872Z</time></trkpt>
      <trkpt lat="24.455352" lon="111.160834"><time>2026-08-22T09:26:58.888Z</time></trkpt>
      <trkpt lat="24.455352" lon="111.160834"><time>2026-08-22T09:26:58.905Z</time></trkpt>
      <trkpt lat="24.455352" lon="111.160834"><time>2026-08-22T09:26:58.922Z</time></trkpt>
      <trkpt lat="24.455352" lon="111.160834"><time>2026-08-22T09:26:58.938Z</time></trkpt>
      <trkpt lat="24.455352" lon="111.160834"><time>2026-08-22T09:26:58.955Z</time></trkpt>
      <trkpt lat="24.455352" lon="111.160834"><time>2026-08-22T09:26:58.972Z</time></trkpt>
      <trkpt lat="24.455351" lon="111.160834"><time>2026-08-22T09:26:58.988Z</time></trkpt>
      <trkpt lat="24.455351" lon="111.160834"><time>2026-08-22T09:26:59.005Z</time></trkpt>
      <trkpt lat="24.455351" lon="111.160834"><time>2026-08-22T09:26:59.022Z</time></trkpt>
      <trkpt lat="24.455351" lon="111.160834"><time>2026-08-22T09:26:59.038Z</time></trkpt>
      <trkpt lat="24.455351" lon="111.160834"><time>2026-08-22T09:26:59.055Z</time></trkpt>
      <trkpt lat="24.455351" lon="111.160834"><time>2026-08-22T09:26:59.072Z</time></trkpt>
      <trkpt lat="24.455351" lon="111.160834"><time>2026-08-22T09:26:59.089Z</time></trkpt>
      <trkpt lat="24.455351" lon="111.160834"><time>2026-08-22T09:26:59.105Z</time></trkpt>
      <trkpt lat="24.455351" lon="111.160834"><time>2026-08-22T09:26:59.122Z</time></trkpt>
      <trkpt lat="24.455351" lon="111.160834"><time>2026-08-22T09:26:59.139Z</time></trkpt>
      <trkpt lat="24.455351" lon="111.160834"><time>2026-08-22T09:26:59.155Z</time></trkpt>
      <trkpt lat="24.455351" lon="111.160834"><time>2026-08-22T09:26:59.172Z</time></trkpt>
      <trkpt lat="24.455351" lon="111.160833"><time>2026-08-22T09:26:59.189Z</time></trkpt>
      <trkpt lat="24.455351" lon="111.160833"><time>2026-08-22T09:26:59.205Z</time></trkpt>
      <trkpt lat="24.455351" lon="111.160833"><time>2026-08-22T09:26:59.222Z</time></trkpt>
      <trkpt lat="24.455351" lon="111.160833"><time>2026-08-22T09:26:59.239Z</time></trkpt>
      <trkpt lat="24.455351" lon="111.160833"><time>2026-08-22T09:26:59.255Z</time></trkpt>
      <trkpt lat="24.455351" lon="111.160833"><time>2026-08-22T09:26:59.272Z</time></trkpt>
      <trkpt lat="24.455351" lon="111.160833"><time>2026-08-22T09:26:59.289Z</time></trkpt>
      <trkpt lat="24.455351" lon="111.160833"><time>2026-08-22T09:26:59.305Z</time></trkpt>
      <trkpt lat="24.455351" lon="111.160833"><time>2026-08-22T09:26:59.322Z</time></trkpt>
      <trkpt lat="24.455351" lon="111.160833"><time>2026-08-22T09:26:59.339Z</time></trkpt>
      <trkpt lat="24.455351" lon="111.160833"><time>2026-08-22T09:26:59.355Z</time></trkpt>
      <trkpt lat="24.455351" lon="111.160833"><time>2026-08-22T09:26:59.372Z</time></trkpt>
      <trkpt lat="24.455351" lon="111.160833"><time>2026-08-22T09:26:59.389Z</time></trkpt>
      <trkpt lat="24.455351" lon="111.160833"><time>2026-08-22T09:26:59.406Z</time></trkpt>
      <trkpt lat="24.455351" lon="111.160833"><time>2026-08-22T09:26:59.422Z</time></trkpt>
      <trkpt lat="24.455351" lon="111.160833"><time>2026-08-22T09:26:59.439Z</time></trkpt>
      <trkpt lat="24.455351" lon="111.160833"><time>2026-08-22T09:26:59.456Z</time></trkpt>
      <trkpt lat="24.455351" lon="111.160833"><time>2026-08-22T09:26:59.472Z</time></trkpt>
      <trkpt lat="24.455351" lon="111.160833"><time>2026-08-22T09:26:59.489Z</time></trkpt>
      <trkpt lat="24.455351" lon="111.160833"><time>2026-08-22T09:26:59.506Z</time></trkpt>
      <trkpt lat="24.455351" lon="111.160833"><time>2026-08-22T09:26:59.522Z</time></trkpt>
      <trkpt lat="24.455351" lon="111.160833"><time>2026-08-22T09:26:59.539Z</time></trkpt>
      <trkpt lat="24.455351" lon="111.160833"><time>2026-08-22T09:26:59.556Z</time></trkpt>
      <trkpt lat="24.455351" lon="111.160833"><time>2026-08-22T09:26:59.572Z</time></trkpt>
      <trkpt lat="24.455351" lon="111.160833"><time>2026-08-22T09:26:59.589Z</time></trkpt>
      <trkpt lat="24.455351" lon="111.160833"><time>2026-08-22T09:26:59.606Z</time></trkpt>
      <trkpt lat="24.455351" lon="111.160833"><time>2026-08-22T09:26:59.622Z</time></trkpt>
      <trkpt lat="24.455351" lon="111.160833"><time>2026-08-22T09:26:59.639Z</time></trkpt>
      <trkpt lat="24.455351" lon="111.160833"><time>2026-08-22T09:26:59.656Z</time></trkpt>
      <trkpt lat="24.455351" lon="111.160833"><time>2026-08-22T09:26:59.672Z</time></trkpt>
      <trkpt lat="24.455351" lon="111.160833"><time>2026-08-22T09:26:59.689Z</time></trkpt>
      <trkpt lat="24.455351" lon="111.160833"><time>2026-08-22T09:26:59.706Z</time></trkpt>
      <trkpt lat="24.455351" lon="111.160833"><time>2026-08-22T09:26:59.723Z</time></trkpt>
      <trkpt lat="24.455351" lon="111.160833"><time>2026-08-22T09:26:59.739Z</time></trkpt>
      <trkpt lat="24.455351" lon="111.160833"><time>2026-08-22T09:26:59.756Z</time></trkpt>
      <trkpt lat="24.455351" lon="111.160833"><time>2026-08-22T09:26:59.773Z</time></trkpt>
      <trkpt lat="24.455351" lon="111.160833"><time>2026-08-22T09:26:59.789Z</time></trkpt>
      <trkpt lat="24.455351" lon="111.160833"><time>2026-08-22T09:26:59.806Z</time></trkpt>
      <trkpt lat="24.455351" lon="111.160833"><time>2026-08-22T09:26:59.823Z</time></trkpt>
      <trkpt lat="24.455351" lon="111.160833"><time>2026-08-22T09:26:59.839Z</time></trkpt>
      <trkpt lat="24.455351" lon="111.160833"><time>2026-08-22T09:26:59.856Z</time></trkpt>
      <trkpt lat="24.455351" lon="111.160833"><time>2026-08-22T09:26:59.873Z</time></trkpt>
      <trkpt lat="24.455351" lon="111.160833"><time>2026-08-22T09:26:59.889Z</time></trkpt>
      <trkpt lat="24.455351" lon="111.160833"><time>2026-08-22T09:26:59.906Z</time></trkpt>
      <trkpt lat="24.455351" lon="111.160833"><time>2026-08-22T09:26:59.923Z</time></trkpt>
      <trkpt lat="24.455351" lon="111.160833"><time>2026-08-22T09:26:59.939Z</time></trkpt>
      <trkpt lat="24.455351" lon="111.160833"><time>2026-08-22T09:26:59.956Z</time></trkpt>
      <trkpt lat="24.455351" lon="111.160833"><time>2026-08-22T09:26:59.973Z</time></trkpt>
      <trkpt lat="24.455351" lon="111.160833"><time>2026-08-22T09:26:59.989Z</time></trkpt>
      <trkpt lat="24.455351" lon="111.160833"><time>2026-08-22T09:27:00.006Z</time></trkpt>
      <trkpt lat="24.455351" lon="111.160833"><time>2026-08-22T09:27:00.023Z</time></trkpt>
      <trkpt lat="24.455351" lon="111.160833"><time>2026-08-22T09:27:00.040Z</time></trkpt>
      <trkpt lat="24.455351" lon="111.160833"><time>2026-08-22T09:27:00.056Z</time></trkpt>
      <trkpt lat="24.455351" lon="111.160833"><time>2026-08-22T09:27:00.073Z</time></trkpt>
      <trkpt lat="24.455351" lon="111.160833"><time>2026-08-22T09:27:00.090Z</time></trkpt>
      <trkpt lat="24.455351" lon="111.160833"><time>2026-08-22T09:27:00.106Z</time></trkpt>
      <trkpt lat="24.455351" lon="111.160833"><time>2026-08-22T09:27:00.123Z</time></trkpt>
      <trkpt lat="24.455351" lon="111.160833"><time>2026-08-22T09:27:00.140Z</time></trkpt>
      <trkpt lat="24.455351" lon="111.160833"><time>2026-08-22T09:27:00.156Z</time></trkpt>
      <trkpt lat="24.455351" lon="111.160833"><time>2026-08-22T09:27:00.173Z</time></trkpt>
      <trkpt lat="24.455351" lon="111.160833"><time>2026-08-22T09:27:00.190Z</time></trkpt>
      <trkpt lat="24.455351" lon="111.160833"><time>2026-08-22T09:27:00.206Z</time></trkpt>
      <trkpt lat="24.455351" lon="111.160833"><time>2026-08-22T09:27:00.223Z</time></trkpt>
      <trkpt lat="24.455351" lon="111.160833"><time>2026-08-22T09:27:00.240Z</time></trkpt>
      <trkpt lat="24.455351" lon="111.160833"><time>2026-08-22T09:27:00.256Z</time></trkpt>
      <trkpt lat="24.455351" lon="111.160833"><time>2026-08-22T09:27:00.273Z</time></trkpt>
      <trkpt lat="24.455351" lon="111.160833"><time>2026-08-22T09:27:00.290Z</time></trkpt>
      <trkpt lat="24.455351" lon="111.160833"><time>2026-08-22T09:27:00.306Z</time></trkpt>
      <trkpt lat="24.455351" lon="111.160833"><time>2026-08-22T09:27:00.323Z</time></trkpt>
      <trkpt lat="24.455351" lon="111.160833"><time>2026-08-22T09:27:00.340Z</time></trkpt>
      <trkpt lat="24.455351" lon="111.160833"><time>2026-08-22T09:27:00.357Z</time></trkpt>
      <trkpt lat="24.455351" lon="111.160833"><time>2026-08-22T09:27:00.373Z</time></trkpt>
      <trkpt lat="24.455351" lon="111.160833"><time>2026-08-22T09:27:00.390Z</time></trkpt>
      <trkpt lat="24.455351" lon="111.160833"><time>2026-08-22T09:27:00.407Z</time></trkpt>
      <trkpt lat="24.455351" lon="111.160833"><time>2026-08-22T09:27:00.423Z</time></trkpt>
      <trkpt lat="24.455351" lon="111.160833"><time>2026-08-22T09:27:00.440Z</time></trkpt>
      <trkpt lat="24.455351" lon="111.160833"><time>2026-08-22T09:27:00.457Z</time></trkpt>
      <trkpt lat="24.455351" lon="111.160833"><time>2026-08-22T09:27:00.473Z</time></trkpt>
      <trkpt lat="24.455351" lon="111.160833"><time>2026-08-22T09:27:00.490Z</time></trkpt>
      <trkpt lat="24.455351" lon="111.160833"><time>2026-08-22T09:27:00.507Z</time></trkpt>
      <trkpt lat="24.455351" lon="111.160833"><time>2026-08-22T09:27:00.523Z</time></trkpt>
      <trkpt lat="24.455351" lon="111.160833"><time>2026-08-22T09:27:00.540Z</time></trkpt>
      <trkpt lat="24.455351" lon="111.160833"><time>2026-08-22T09:27:00.557Z</time></trkpt>
      <trkpt lat="24.455351" lon="111.160833"><time>2026-08-22T09:27:00.573Z</time></trkpt>
      <trkpt lat="24.455351" lon="111.160833"><time>2026-08-22T09:27:00.590Z</time></trkpt>
      <trkpt lat="24.455351" lon="111.160833"><time>2026-08-22T09:27:00.607Z</time></trkpt>
      <trkpt lat="24.455351" lon="111.160833"><time>2026-08-22T09:27:00.623Z</time></trkpt>
      <trkpt lat="24.455351" lon="111.160833"><time>2026-08-22T09:27:00.640Z</time></trkpt>
      <trkpt lat="24.455351" lon="111.160833"><time>2026-08-22T09:27:00.657Z</time></trkpt>
      <trkpt lat="24.455351" lon="111.160833"><time>2026-08-22T09:27:00.674Z</time></trkpt>
      <trkpt lat="24.455351" lon="111.160833"><time>2026-08-22T09:27:00.690Z</time></trkpt>
      <trkpt lat="24.455351" lon="111.160833"><time>2026-08-22T09:27:00.707Z</time></trkpt>
      <trkpt lat="24.455351" lon="111.160833"><time>2026-08-22T09:27:00.724Z</time></trkpt>
      <trkpt lat="24.455351" lon="111.160833"><time>2026-08-22T09:27:00.740Z</time></trkpt>
      <trkpt lat="24.455351" lon="111.160833"><time>2026-08-22T09:27:00.757Z</time></trkpt>
      <trkpt lat="24.455351" lon="111.160833"><time>2026-08-22T09:27:00.774Z</time></trkpt>
      <trkpt lat="24.455351" lon="111.160833"><time>2026-08-22T09:27:00.790Z</time></trkpt>
      <trkpt lat="24.455351" lon="111.160833"><time>2026-08-22T09:27:00.807Z</time></trkpt>
      <trkpt lat="24.455351" lon="111.160833"><time>2026-08-22T09:27:00.824Z</time></trkpt>
      <trkpt lat="24.455351" lon="111.160833"><time>2026-08-22T09:27:00.840Z</time></trkpt>
      <trkpt lat="24.455351" lon="111.160833"><time>2026-08-22T09:27:00.857Z</time></trkpt>
      <trkpt lat="24.455351" lon="111.160833"><time>2026-08-22T09:27:00.874Z</time></trkpt>
      <trkpt lat="24.455351" lon="111.160833"><time>2026-08-22T09:27:00.890Z</time></trkpt>
      <trkpt lat="24.455351" lon="111.160833"><time>2026-08-22T09:27:00.907Z</time></trkpt>
      <trkpt lat="24.455351" lon="111.160833"><time>2026-08-22T09:27:00.924Z</time></trkpt>
      <trkpt lat="24.455351" lon="111.160833"><time>2026-08-22T09:27:00.940Z</time></trkpt>
      <trkpt lat="24.455351" lon="111.160833"><time>2026-08-22T09:27:00.957Z</time></trkpt>
      <trkpt lat="24.455351" lon="111.160833"><time>2026-08-22T09:27:00.974Z</time></trkpt>
      <trkpt lat="24.455351" lon="111.160833"><time>2026-08-22T09:27:00.990Z</time></trkpt>
      <trkpt lat="24.455351" lon="111.160833"><time>2026-08-22T09:27:01.007Z</time></trkpt>
      <trkpt lat="24.455351" lon="111.160833"><time>2026-08-22T09:27:01.024Z</time></trkpt>
      <trkpt lat="24.455351" lon="111.160833"><time>2026-08-22T09:27:01.041Z</time></trkpt>
      <trkpt lat="24.455351" lon="111.160833"><time>2026-08-22T09:27:01.057Z</time></trkpt>
      <trkpt lat="24.455351" lon="111.160833"><time>2026-08-22T09:27:01.074Z</time></trkpt>
      <trkpt lat="24.455351" lon="111.160833"><time>2026-08-22T09:27:01.091Z</time></trkpt>
      <trkpt lat="24.455351" lon="111.160833"><time>2026-08-22T09:27:01.107Z</time></trkpt>
      <trkpt lat="24.455351" lon="111.160833"><time>2026-08-22T09:27:01.124Z</time></trkpt>
      <trkpt lat="24.455351" lon="111.160833"><time>2026-08-22T09:27:01.141Z</time></trkpt>
      <trkpt lat="24.455351" lon="111.160833"><time>2026-08-22T09:27:01.157Z</time></trkpt>
      <trkpt lat="24.455351" lon="111.160833"><time>2026-08-22T09:27:01.174Z</time></trkpt>
      <trkpt lat="24.455351" lon="111.160833"><time>2026-08-22T09:27:01.191Z</time></trkpt>
      <trkpt lat="24.455351" lon="111.160833"><time>2026-08-22T09:27:01.207Z</time></trkpt>
      <trkpt lat="24.455351" lon="111.160833"><time>2026-08-22T09:27:01.224Z</time></trkpt>
      <trkpt lat="24.455351" lon="111.160833"><time>2026-08-22T09:27:01.241Z</time></trkpt>
      <trkpt lat="24.455351" lon="111.160833"><time>2026-08-22T09:27:01.257Z</time></trkpt>
      <trkpt lat="24.455351" lon="111.160833"><time>2026-08-22T09:27:01.274Z</time></trkpt>
      <trkpt lat="24.455351" lon="111.160833"><time>2026-08-22T09:27:01.291Z</time></trkpt>
      <trkpt lat="24.455351" lon="111.160833"><time>2026-08-22T09:27:01.307Z</time></trkpt>
      <trkpt lat="24.455351" lon="111.160833"><time>2026-08-22T09:27:01.324Z</time></trkpt>
      <trkpt lat="24.455351" lon="111.160833"><time>2026-08-22T09:27:01.341Z</time></trkpt>
      <trkpt lat="24.455351" lon="111.160833"><time>2026-08-22T09:27:01.358Z</time></trkpt>
      <trkpt lat="24.455351" lon="111.160833"><time>2026-08-22T09:27:01.374Z</time></trkpt>
      <trkpt lat="24.455351" lon="111.160833"><time>2026-08-22T09:27:01.391Z</time></trkpt>
      <trkpt lat="24.455351" lon="111.160833"><time>2026-08-22T09:27:01.408Z</time></trkpt>
      <trkpt lat="24.455351" lon="111.160833"><time>2026-08-22T09:27:01.424Z</time></trkpt>
      <trkpt lat="24.455351" lon="111.160833"><time>2026-08-22T09:27:01.441Z</time></trkpt>
      <trkpt lat="24.455351" lon="111.160833"><time>2026-08-22T09:27:01.458Z</time></trkpt>
      <trkpt lat="24.455351" lon="111.160833"><time>2026-08-22T09:27:01.474Z</time></trkpt>
      <trkpt lat="24.455351" lon="111.160833"><time>2026-08-22T09:27:01.491Z</time></trkpt>
      <trkpt lat="24.455351" lon="111.160833"><time>2026-08-22T09:27:01.508Z</time></trkpt>
      <trkpt lat="24.455351" lon="111.160833"><time>2026-08-22T09:27:01.524Z</time></trkpt>
      <trkpt lat="24.455351" lon="111.160833"><time>2026-08-22T09:27:01.541Z</time></trkpt>
      <trkpt lat="24.455351" lon="111.160833"><time>2026-08-22T09:27:01.558Z</time></trkpt>
      <trkpt lat="24.455351" lon="111.160833"><time>2026-08-22T09:27:01.574Z</time></trkpt>
      <trkpt lat="24.455351" lon="111.160833"><time>2026-08-22T09:27:01.591Z</time></trkpt>
      <trkpt lat="24.455351" lon="111.160833"><time>2026-08-22T09:27:01.608Z</time></trkpt>
      <trkpt lat="24.455351" lon="111.160833"><time>2026-08-22T09:27:01.624Z</time></trkpt>
      <trkpt lat="24.455351" lon="111.160833"><time>2026-08-22T09:27:01.641Z</time></trkpt>
      <trkpt lat="24.455351" lon="111.160833"><time>2026-08-22T09:27:01.658Z</time></trkpt>
      <trkpt lat="24.455351" lon="111.160833"><time>2026-08-22T09:27:01.675Z</time></trkpt>
      <trkpt lat="24.455351" lon="111.160833"><time>2026-08-22T09:27:01.691Z</time></trkpt>
      <trkpt lat="24.455351" lon="111.160833"><time>2026-08-22T09:27:01.708Z</time></trkpt>
      <trkpt lat="24.455351" lon="111.160833"><time>2026-08-22T09:27:01.725Z</time></trkpt>
      <trkpt lat="24.455351" lon="111.160833"><time>2026-08-22T09:27:01.741Z</time></trkpt>
      <trkpt lat="24.455351" lon="111.160833"><time>2026-08-22T09:27:01.758Z</time></trkpt>
      <trkpt lat="24.455351" lon="111.160833"><time>2026-08-22T09:27:01.775Z</time></trkpt>
      <trkpt lat="24.455351" lon="111.160833"><time>2026-08-22T09:27:01.791Z</time></trkpt>
      <trkpt lat="24.455351" lon="111.160833"><time>2026-08-22T09:27:01.808Z</time></trkpt>
      <trkpt lat="24.455351" lon="111.160833"><time>2026-08-22T09:27:01.825Z</time></trkpt>
      <trkpt lat="24.455351" lon="111.160833"><time>2026-08-22T09:27:01.841Z</time></trkpt>
      <trkpt lat="24.455351" lon="111.160833"><time>2026-08-22T09:27:01.858Z</time></trkpt>
      <trkpt lat="24.455351" lon="111.160833"><time>2026-08-22T09:27:01.875Z</time></trkpt>
      <trkpt lat="24.455351" lon="111.160833"><time>2026-08-22T09:27:01.891Z</time></trkpt>
      <trkpt lat="24.455351" lon="111.160833"><time>2026-08-22T09:27:01.908Z</time></trkpt>
      <trkpt lat="24.455351" lon="111.160833"><time>2026-08-22T09:27:01.925Z</time></trkpt>
      <trkpt lat="24.455351" lon="111.160833"><time>2026-08-22T09:27:01.941Z</time></trkpt>
      <trkpt lat="24.455351" lon="111.160833"><time>2026-08-22T09:27:01.958Z</time></trkpt>
      <trkpt lat="24.455351" lon="111.160833"><time>2026-08-22T09:27:01.975Z</time></trkpt>
      <trkpt lat="24.455351" lon="111.160833"><time>2026-08-22T09:27:01.992Z</time></trkpt>
      <trkpt lat="24.455351" lon="111.160833"><time>2026-08-22T09:27:02.008Z</time></trkpt>
      <trkpt lat="24.455351" lon="111.160833"><time>2026-08-22T09:27:02.025Z</time></trkpt>
      <trkpt lat="24.455351" lon="111.160833"><time>2026-08-22T09:27:02.042Z</time></trkpt>
      <trkpt lat="24.455351" lon="111.160833"><time>2026-08-22T09:27:02.058Z</time></trkpt>
      <trkpt lat="24.455351" lon="111.160833"><time>2026-08-22T09:27:02.075Z</time></trkpt>
      <trkpt lat="24.455351" lon="111.160833"><time>2026-08-22T09:27:02.092Z</time></trkpt>
      <trkpt lat="24.455351" lon="111.160833"><time>2026-08-22T09:27:02.108Z</time></trkpt>
      <trkpt lat="24.455351" lon="111.160833"><time>2026-08-22T09:27:02.125Z</time></trkpt>
      <trkpt lat="24.455351" lon="111.160833"><time>2026-08-22T09:27:02.142Z</time></trkpt>
      <trkpt lat="24.455351" lon="111.160833"><time>2026-08-22T09:27:02.158Z</time></trkpt>
      <trkpt lat="24.455351" lon="111.160833"><time>2026-08-22T09:27:02.175Z</time></trkpt>
      <trkpt lat="24.455351" lon="111.160833"><time>2026-08-22T09:27:02.192Z</time></trkpt>
      <trkpt lat="24.455351" lon="111.160833"><time>2026-08-22T09:27:02.208Z</time></trkpt>
      <trkpt lat="24.455351" lon="111.160833"><time>2026-08-22T09:27:02.225Z</time></trkpt>
      <trkpt lat="24.455351" lon="111.160833"><time>2026-08-22T09:27:02.242Z</time></trkpt>
      <trkpt lat="24.455351" lon="111.160833"><time>2026-08-22T09:27:02.258Z</time></trkpt>
      <trkpt lat="24.455351" lon="111.160833"><time>2026-08-22T09:27:02.275Z</time></trkpt>
      <trkpt lat="24.455351" lon="111.160833"><time>2026-08-22T09:27:02.292Z</time></trkpt>
      <trkpt lat="24.455351" lon="111.160833"><time>2026-08-22T09:27:02.309Z</time></trkpt>
      <trkpt lat="24.455351" lon="111.160833"><time>2026-08-22T09:27:02.325Z</time></trkpt>
      <trkpt lat="24.455351" lon="111.160833"><time>2026-08-22T09:27:02.342Z</time></trkpt>
      <trkpt lat="24.455351" lon="111.160833"><time>2026-08-22T09:27:02.359Z</time></trkpt>
      <trkpt lat="24.455351" lon="111.160833"><time>2026-08-22T09:27:02.375Z</time></trkpt>
      <trkpt lat="24.45535" lon="111.160833"><time>2026-08-22T09:27:02.392Z</time></trkpt>
      <trkpt lat="24.45535" lon="111.160833"><time>2026-08-22T09:27:02.409Z</time></trkpt>
      <trkpt lat="24.45535" lon="111.160833"><time>2026-08-22T09:27:02.425Z</time></trkpt>
      <trkpt lat="24.45535" lon="111.160833"><time>2026-08-22T09:27:02.442Z</time></trkpt>
      <trkpt lat="24.45535" lon="111.160833"><time>2026-08-22T09:27:02.459Z</time></trkpt>
      <trkpt lat="24.45535" lon="111.160833"><time>2026-08-22T09:27:02.475Z</time></trkpt>
      <trkpt lat="24.45535" lon="111.160833"><time>2026-08-22T09:27:02.492Z</time></trkpt>
      <trkpt lat="24.45535" lon="111.160833"><time>2026-08-22T09:27:02.509Z</time></trkpt>
      <trkpt lat="24.45535" lon="111.160833"><time>2026-08-22T09:27:02.525Z</time></trkpt>
      <trkpt lat="24.45535" lon="111.160833"><time>2026-08-22T09:27:02.542Z</time></trkpt>
      <trkpt lat="24.45535" lon="111.160833"><time>2026-08-22T09:27:02.559Z</time></trkpt>
      <trkpt lat="24.45535" lon="111.160833"><time>2026-08-22T09:27:02.575Z</time></trkpt>
      <trkpt lat="24.455349" lon="111.160833"><time>2026-08-22T09:27:02.592Z</time></trkpt>
      <trkpt lat="24.455349" lon="111.160833"><time>2026-08-22T09:27:02.609Z</time></trkpt>
      <trkpt lat="24.455349" lon="111.160833"><time>2026-08-22T09:27:02.626Z</time></trkpt>
      <trkpt lat="24.455349" lon="111.160833"><time>2026-08-22T09:27:02.642Z</time></trkpt>
      <trkpt lat="24.455349" lon="111.160833"><time>2026-08-22T09:27:02.659Z</time></trkpt>
      <trkpt lat="24.455349" lon="111.160833"><time>2026-08-22T09:27:02.676Z</time></trkpt>
      <trkpt lat="24.455349" lon="111.160833"><time>2026-08-22T09:27:02.692Z</time></trkpt>
      <trkpt lat="24.455349" lon="111.160833"><time>2026-08-22T09:27:02.709Z</time></trkpt>
      <trkpt lat="24.455349" lon="111.160833"><time>2026-08-22T09:27:02.726Z</time></trkpt>
      <trkpt lat="24.455349" lon="111.160833"><time>2026-08-22T09:27:02.742Z</time></trkpt>
      <trkpt lat="24.455349" lon="111.160833"><time>2026-08-22T09:27:02.759Z</time></trkpt>
      <trkpt lat="24.455349" lon="111.160833"><time>2026-08-22T09:27:02.776Z</time></trkpt>
      <trkpt lat="24.455348" lon="111.160833"><time>2026-08-22T09:27:02.792Z</time></trkpt>
      <trkpt lat="24.455348" lon="111.160833"><time>2026-08-22T09:27:02.809Z</time></trkpt>
      <trkpt lat="24.455348" lon="111.160833"><time>2026-08-22T09:27:02.826Z</time></trkpt>
      <trkpt lat="24.455348" lon="111.160833"><time>2026-08-22T09:27:02.842Z</time></trkpt>
      <trkpt lat="24.455348" lon="111.160833"><time>2026-08-22T09:27:02.859Z</time></trkpt>
      <trkpt lat="24.455348" lon="111.160833"><time>2026-08-22T09:27:02.876Z</time></trkpt>
      <trkpt lat="24.455347" lon="111.160833"><time>2026-08-22T09:27:02.892Z</time></trkpt>
      <trkpt lat="24.455347" lon="111.160833"><time>2026-08-22T09:27:02.909Z</time></trkpt>
      <trkpt lat="24.455347" lon="111.160833"><time>2026-08-22T09:27:02.926Z</time></trkpt>
      <trkpt lat="24.455347" lon="111.160833"><time>2026-08-22T09:27:02.943Z</time></trkpt>
      <trkpt lat="24.455347" lon="111.160833"><time>2026-08-22T09:27:02.959Z</time></trkpt>
      <trkpt lat="24.455347" lon="111.160833"><time>2026-08-22T09:27:02.976Z</time></trkpt>
      <trkpt lat="24.455346" lon="111.160834"><time>2026-08-22T09:27:02.993Z</time></trkpt>
      <trkpt lat="24.455346" lon="111.160834"><time>2026-08-22T09:27:03.009Z</time></trkpt>
      <trkpt lat="24.455346" lon="111.160834"><time>2026-08-22T09:27:03.026Z</time></trkpt>
      <trkpt lat="24.455346" lon="111.160834"><time>2026-08-22T09:27:03.043Z</time></trkpt>
      <trkpt lat="24.455346" lon="111.160834"><time>2026-08-22T09:27:03.059Z</time></trkpt>
      <trkpt lat="24.455346" lon="111.160834"><time>2026-08-22T09:27:03.076Z</time></trkpt>
      <trkpt lat="24.455344" lon="111.160834"><time>2026-08-22T09:27:03.093Z</time></trkpt>
      <trkpt lat="24.455344" lon="111.160834"><time>2026-08-22T09:27:03.109Z</time></trkpt>
      <trkpt lat="24.455344" lon="111.160834"><time>2026-08-22T09:27:03.126Z</time></trkpt>
      <trkpt lat="24.455344" lon="111.160834"><time>2026-08-22T09:27:03.143Z</time></trkpt>
      <trkpt lat="24.455344" lon="111.160834"><time>2026-08-22T09:27:03.159Z</time></trkpt>
      <trkpt lat="24.455344" lon="111.160834"><time>2026-08-22T09:27:03.176Z</time></trkpt>
      <trkpt lat="24.455343" lon="111.160834"><time>2026-08-22T09:27:03.193Z</time></trkpt>
      <trkpt lat="24.455343" lon="111.160834"><time>2026-08-22T09:27:03.209Z</time></trkpt>
      <trkpt lat="24.455343" lon="111.160834"><time>2026-08-22T09:27:03.226Z</time></trkpt>
      <trkpt lat="24.455343" lon="111.160834"><time>2026-08-22T09:27:03.243Z</time></trkpt>
      <trkpt lat="24.455343" lon="111.160834"><time>2026-08-22T09:27:03.260Z</time></trkpt>
      <trkpt lat="24.455343" lon="111.160834"><time>2026-08-22T09:27:03.276Z</time></trkpt>
      <trkpt lat="24.455341" lon="111.160834"><time>2026-08-22T09:27:03.293Z</time></trkpt>
      <trkpt lat="24.455341" lon="111.160834"><time>2026-08-22T09:27:03.310Z</time></trkpt>
      <trkpt lat="24.455341" lon="111.160834"><time>2026-08-22T09:27:03.326Z</time></trkpt>
      <trkpt lat="24.455341" lon="111.160834"><time>2026-08-22T09:27:03.343Z</time></trkpt>
      <trkpt lat="24.455341" lon="111.160834"><time>2026-08-22T09:27:03.360Z</time></trkpt>
      <trkpt lat="24.455341" lon="111.160834"><time>2026-08-22T09:27:03.376Z</time></trkpt>
      <trkpt lat="24.455339" lon="111.160834"><time>2026-08-22T09:27:03.393Z</time></trkpt>
      <trkpt lat="24.455339" lon="111.160834"><time>2026-08-22T09:27:03.410Z</time></trkpt>
      <trkpt lat="24.455339" lon="111.160834"><time>2026-08-22T09:27:03.426Z</time></trkpt>
      <trkpt lat="24.455339" lon="111.160834"><time>2026-08-22T09:27:03.443Z</time></trkpt>
      <trkpt lat="24.455339" lon="111.160834"><time>2026-08-22T09:27:03.460Z</time></trkpt>
      <trkpt lat="24.455339" lon="111.160834"><time>2026-08-22T09:27:03.476Z</time></trkpt>
      <trkpt lat="24.455336" lon="111.160834"><time>2026-08-22T09:27:03.493Z</time></trkpt>
      <trkpt lat="24.455336" lon="111.160834"><time>2026-08-22T09:27:03.510Z</time></trkpt>
      <trkpt lat="24.455336" lon="111.160834"><time>2026-08-22T09:27:03.526Z</time></trkpt>
      <trkpt lat="24.455336" lon="111.160834"><time>2026-08-22T09:27:03.543Z</time></trkpt>
      <trkpt lat="24.455336" lon="111.160834"><time>2026-08-22T09:27:03.560Z</time></trkpt>
      <trkpt lat="24.455336" lon="111.160834"><time>2026-08-22T09:27:03.577Z</time></trkpt>
      <trkpt lat="24.455334" lon="111.160834"><time>2026-08-22T09:27:03.593Z</time></trkpt>
      <trkpt lat="24.455334" lon="111.160834"><time>2026-08-22T09:27:03.610Z</time></trkpt>
      <trkpt lat="24.455334" lon="111.160834"><time>2026-08-22T09:27:03.627Z</time></trkpt>
      <trkpt lat="24.455334" lon="111.160834"><time>2026-08-22T09:27:03.643Z</time></trkpt>
      <trkpt lat="24.455334" lon="111.160834"><time>2026-08-22T09:27:03.660Z</time></trkpt>
      <trkpt lat="24.455334" lon="111.160834"><time>2026-08-22T09:27:03.677Z</time></trkpt>
      <trkpt lat="24.455331" lon="111.160834"><time>2026-08-22T09:27:03.693Z</time></trkpt>
      <trkpt lat="24.455331" lon="111.160834"><time>2026-08-22T09:27:03.710Z</time></trkpt>
      <trkpt lat="24.455331" lon="111.160834"><time>2026-08-22T09:27:03.727Z</time></trkpt>
      <trkpt lat="24.455331" lon="111.160834"><time>2026-08-22T09:27:03.743Z</time></trkpt>
      <trkpt lat="24.455331" lon="111.160834"><time>2026-08-22T09:27:03.760Z</time></trkpt>
      <trkpt lat="24.455331" lon="111.160834"><time>2026-08-22T09:27:03.777Z</time></trkpt>
      <trkpt lat="24.455327" lon="111.160835"><time>2026-08-22T09:27:03.793Z</time></trkpt>
      <trkpt lat="24.455327" lon="111.160835"><time>2026-08-22T09:27:03.810Z</time></trkpt>
      <trkpt lat="24.455327" lon="111.160835"><time>2026-08-22T09:27:03.827Z</time></trkpt>
      <trkpt lat="24.455327" lon="111.160835"><time>2026-08-22T09:27:03.843Z</time></trkpt>
      <trkpt lat="24.455327" lon="111.160835"><time>2026-08-22T09:27:03.860Z</time></trkpt>
      <trkpt lat="24.455327" lon="111.160835"><time>2026-08-22T09:27:03.877Z</time></trkpt>
      <trkpt lat="24.455324" lon="111.160835"><time>2026-08-22T09:27:03.894Z</time></trkpt>
      <trkpt lat="24.455324" lon="111.160835"><time>2026-08-22T09:27:03.910Z</time></trkpt>
      <trkpt lat="24.455324" lon="111.160835"><time>2026-08-22T09:27:03.927Z</time></trkpt>
      <trkpt lat="24.455324" lon="111.160835"><time>2026-08-22T09:27:03.944Z</time></trkpt>
      <trkpt lat="24.455324" lon="111.160835"><time>2026-08-22T09:27:03.960Z</time></trkpt>
      <trkpt lat="24.455324" lon="111.160835"><time>2026-08-22T09:27:03.977Z</time></trkpt>
      <trkpt lat="24.45532" lon="111.160835"><time>2026-08-22T09:27:03.994Z</time></trkpt>
      <trkpt lat="24.45532" lon="111.160835"><time>2026-08-22T09:27:04.010Z</time></trkpt>
      <trkpt lat="24.45532" lon="111.160835"><time>2026-08-22T09:27:04.027Z</time></trkpt>
      <trkpt lat="24.45532" lon="111.160835"><time>2026-08-22T09:27:04.044Z</time></trkpt>
      <trkpt lat="24.45532" lon="111.160835"><time>2026-08-22T09:27:04.060Z</time></trkpt>
      <trkpt lat="24.45532" lon="111.160835"><time>2026-08-22T09:27:04.077Z</time></trkpt>
      <trkpt lat="24.455316" lon="111.160836"><time>2026-08-22T09:27:04.094Z</time></trkpt>
      <trkpt lat="24.455316" lon="111.160836"><time>2026-08-22T09:27:04.110Z</time></trkpt>
      <trkpt lat="24.455316" lon="111.160836"><time>2026-08-22T09:27:04.127Z</time></trkpt>
      <trkpt lat="24.455316" lon="111.160836"><time>2026-08-22T09:27:04.144Z</time></trkpt>
      <trkpt lat="24.455316" lon="111.160836"><time>2026-08-22T09:27:04.160Z</time></trkpt>
      <trkpt lat="24.455316" lon="111.160836"><time>2026-08-22T09:27:04.177Z</time></trkpt>
      <trkpt lat="24.455312" lon="111.160836"><time>2026-08-22T09:27:04.194Z</time></trkpt>
      <trkpt lat="24.455312" lon="111.160836"><time>2026-08-22T09:27:04.211Z</time></trkpt>
      <trkpt lat="24.455312" lon="111.160836"><time>2026-08-22T09:27:04.227Z</time></trkpt>
      <trkpt lat="24.455312" lon="111.160836"><time>2026-08-22T09:27:04.244Z</time></trkpt>
      <trkpt lat="24.455312" lon="111.160836"><time>2026-08-22T09:27:04.261Z</time></trkpt>
      <trkpt lat="24.455312" lon="111.160836"><time>2026-08-22T09:27:04.277Z</time></trkpt>
      <trkpt lat="24.455307" lon="111.160837"><time>2026-08-22T09:27:04.294Z</time></trkpt>
      <trkpt lat="24.455307" lon="111.160837"><time>2026-08-22T09:27:04.311Z</time></trkpt>
      <trkpt lat="24.455307" lon="111.160837"><time>2026-08-22T09:27:04.327Z</time></trkpt>
      <trkpt lat="24.455307" lon="111.160837"><time>2026-08-22T09:27:04.344Z</time></trkpt>
      <trkpt lat="24.455307" lon="111.160837"><time>2026-08-22T09:27:04.361Z</time></trkpt>
      <trkpt lat="24.455307" lon="111.160837"><time>2026-08-22T09:27:04.377Z</time></trkpt>
      <trkpt lat="24.455303" lon="111.160838"><time>2026-08-22T09:27:04.394Z</time></trkpt>
      <trkpt lat="24.455303" lon="111.160838"><time>2026-08-22T09:27:04.411Z</time></trkpt>
      <trkpt lat="24.455303" lon="111.160838"><time>2026-08-22T09:27:04.427Z</time></trkpt>
      <trkpt lat="24.455303" lon="111.160838"><time>2026-08-22T09:27:04.444Z</time></trkpt>
      <trkpt lat="24.455303" lon="111.160838"><time>2026-08-22T09:27:04.461Z</time></trkpt>
      <trkpt lat="24.455303" lon="111.160838"><time>2026-08-22T09:27:04.477Z</time></trkpt>
      <trkpt lat="24.455298" lon="111.160839"><time>2026-08-22T09:27:04.494Z</time></trkpt>
      <trkpt lat="24.455298" lon="111.160839"><time>2026-08-22T09:27:04.511Z</time></trkpt>
      <trkpt lat="24.455298" lon="111.160839"><time>2026-08-22T09:27:04.528Z</time></trkpt>
      <trkpt lat="24.455298" lon="111.160839"><time>2026-08-22T09:27:04.544Z</time></trkpt>
      <trkpt lat="24.455298" lon="111.160839"><time>2026-08-22T09:27:04.561Z</time></trkpt>
      <trkpt lat="24.455298" lon="111.160839"><time>2026-08-22T09:27:04.578Z</time></trkpt>
      <trkpt lat="24.455293" lon="111.16084"><time>2026-08-22T09:27:04.594Z</time></trkpt>
      <trkpt lat="24.455293" lon="111.16084"><time>2026-08-22T09:27:04.611Z</time></trkpt>
      <trkpt lat="24.455293" lon="111.16084"><time>2026-08-22T09:27:04.628Z</time></trkpt>
      <trkpt lat="24.455293" lon="111.16084"><time>2026-08-22T09:27:04.644Z</time></trkpt>
      <trkpt lat="24.455293" lon="111.16084"><time>2026-08-22T09:27:04.661Z</time></trkpt>
      <trkpt lat="24.455293" lon="111.16084"><time>2026-08-22T09:27:04.678Z</time></trkpt>
      <trkpt lat="24.455288" lon="111.160842"><time>2026-08-22T09:27:04.694Z</time></trkpt>
      <trkpt lat="24.455288" lon="111.160842"><time>2026-08-22T09:27:04.711Z</time></trkpt>
      <trkpt lat="24.455288" lon="111.160842"><time>2026-08-22T09:27:04.728Z</time></trkpt>
      <trkpt lat="24.455288" lon="111.160842"><time>2026-08-22T09:27:04.744Z</time></trkpt>
      <trkpt lat="24.455288" lon="111.160842"><time>2026-08-22T09:27:04.761Z</time></trkpt>
      <trkpt lat="24.455288" lon="111.160842"><time>2026-08-22T09:27:04.778Z</time></trkpt>
      <trkpt lat="24.455283" lon="111.160843"><time>2026-08-22T09:27:04.794Z</time></trkpt>
      <trkpt lat="24.455283" lon="111.160843"><time>2026-08-22T09:27:04.811Z</time></trkpt>
      <trkpt lat="24.455283" lon="111.160843"><time>2026-08-22T09:27:04.828Z</time></trkpt>
      <trkpt lat="24.455283" lon="111.160843"><time>2026-08-22T09:27:04.845Z</time></trkpt>
      <trkpt lat="24.455283" lon="111.160843"><time>2026-08-22T09:27:04.861Z</time></trkpt>
      <trkpt lat="24.455283" lon="111.160843"><time>2026-08-22T09:27:04.878Z</time></trkpt>
      <trkpt lat="24.455278" lon="111.160845"><time>2026-08-22T09:27:04.895Z</time></trkpt>
      <trkpt lat="24.455278" lon="111.160845"><time>2026-08-22T09:27:04.911Z</time></trkpt>
      <trkpt lat="24.455278" lon="111.160845"><time>2026-08-22T09:27:04.928Z</time></trkpt>
      <trkpt lat="24.455278" lon="111.160845"><time>2026-08-22T09:27:04.945Z</time></trkpt>
      <trkpt lat="24.455278" lon="111.160845"><time>2026-08-22T09:27:04.961Z</time></trkpt>
      <trkpt lat="24.455278" lon="111.160845"><time>2026-08-22T09:27:04.978Z</time></trkpt>
      <trkpt lat="24.455273" lon="111.160847"><time>2026-08-22T09:27:04.995Z</time></trkpt>
      <trkpt lat="24.455273" lon="111.160847"><time>2026-08-22T09:27:05.011Z</time></trkpt>
      <trkpt lat="24.455273" lon="111.160847"><time>2026-08-22T09:27:05.028Z</time></trkpt>
      <trkpt lat="24.455273" lon="111.160847"><time>2026-08-22T09:27:05.045Z</time></trkpt>
      <trkpt lat="24.455273" lon="111.160847"><time>2026-08-22T09:27:05.061Z</time></trkpt>
      <trkpt lat="24.455273" lon="111.160847"><time>2026-08-22T09:27:05.078Z</time></trkpt>
      <trkpt lat="24.455267" lon="111.160849"><time>2026-08-22T09:27:05.095Z</time></trkpt>
      <trkpt lat="24.455267" lon="111.160849"><time>2026-08-22T09:27:05.111Z</time></trkpt>
      <trkpt lat="24.455267" lon="111.160849"><time>2026-08-22T09:27:05.128Z</time></trkpt>
      <trkpt lat="24.455267" lon="111.160849"><time>2026-08-22T09:27:05.145Z</time></trkpt>
      <trkpt lat="24.455267" lon="111.160849"><time>2026-08-22T09:27:05.162Z</time></trkpt>
      <trkpt lat="24.455267" lon="111.160849"><time>2026-08-22T09:27:05.178Z</time></trkpt>
      <trkpt lat="24.455262" lon="111.160851"><time>2026-08-22T09:27:05.195Z</time></trkpt>
      <trkpt lat="24.455262" lon="111.160851"><time>2026-08-22T09:27:05.212Z</time></trkpt>
      <trkpt lat="24.455262" lon="111.160851"><time>2026-08-22T09:27:05.228Z</time></trkpt>
      <trkpt lat="24.455262" lon="111.160851"><time>2026-08-22T09:27:05.245Z</time></trkpt>
      <trkpt lat="24.455262" lon="111.160851"><time>2026-08-22T09:27:05.262Z</time></trkpt>
      <trkpt lat="24.455262" lon="111.160851"><time>2026-08-22T09:27:05.278Z</time></trkpt>
      <trkpt lat="24.455256" lon="111.160853"><time>2026-08-22T09:27:05.295Z</time></trkpt>
      <trkpt lat="24.455256" lon="111.160853"><time>2026-08-22T09:27:05.312Z</time></trkpt>
      <trkpt lat="24.455256" lon="111.160853"><time>2026-08-22T09:27:05.328Z</time></trkpt>
      <trkpt lat="24.455256" lon="111.160853"><time>2026-08-22T09:27:05.345Z</time></trkpt>
      <trkpt lat="24.455256" lon="111.160853"><time>2026-08-22T09:27:05.362Z</time></trkpt>
      <trkpt lat="24.455256" lon="111.160853"><time>2026-08-22T09:27:05.378Z</time></trkpt>
      <trkpt lat="24.45525" lon="111.160856"><time>2026-08-22T09:27:05.395Z</time></trkpt>
      <trkpt lat="24.45525" lon="111.160856"><time>2026-08-22T09:27:05.412Z</time></trkpt>
      <trkpt lat="24.45525" lon="111.160856"><time>2026-08-22T09:27:05.428Z</time></trkpt>
      <trkpt lat="24.45525" lon="111.160856"><time>2026-08-22T09:27:05.445Z</time></trkpt>
      <trkpt lat="24.45525" lon="111.160856"><time>2026-08-22T09:27:05.462Z</time></trkpt>
      <trkpt lat="24.45525" lon="111.160856"><time>2026-08-22T09:27:05.479Z</time></trkpt>
      <trkpt lat="24.455244" lon="111.160858"><time>2026-08-22T09:27:05.495Z</time></trkpt>
      <trkpt lat="24.455244" lon="111.160858"><time>2026-08-22T09:27:05.512Z</time></trkpt>
      <trkpt lat="24.455244" lon="111.160858"><time>2026-08-22T09:27:05.529Z</time></trkpt>
      <trkpt lat="24.455244" lon="111.160858"><time>2026-08-22T09:27:05.545Z</time></trkpt>
      <trkpt lat="24.455244" lon="111.160858"><time>2026-08-22T09:27:05.562Z</time></trkpt>
      <trkpt lat="24.455244" lon="111.160858"><time>2026-08-22T09:27:05.579Z</time></trkpt>
      <trkpt lat="24.455237" lon="111.160861"><time>2026-08-22T09:27:05.595Z</time></trkpt>
      <trkpt lat="24.455237" lon="111.160861"><time>2026-08-22T09:27:05.612Z</time></trkpt>
      <trkpt lat="24.455237" lon="111.160861"><time>2026-08-22T09:27:05.629Z</time></trkpt>
      <trkpt lat="24.455237" lon="111.160861"><time>2026-08-22T09:27:05.645Z</time></trkpt>
      <trkpt lat="24.455237" lon="111.160861"><time>2026-08-22T09:27:05.662Z</time></trkpt>
      <trkpt lat="24.455237" lon="111.160861"><time>2026-08-22T09:27:05.679Z</time></trkpt>
      <trkpt lat="24.455231" lon="111.160864"><time>2026-08-22T09:27:05.695Z</time></trkpt>
      <trkpt lat="24.455231" lon="111.160864"><time>2026-08-22T09:27:05.712Z</time></trkpt>
      <trkpt lat="24.455231" lon="111.160864"><time>2026-08-22T09:27:05.729Z</time></trkpt>
      <trkpt lat="24.455231" lon="111.160864"><time>2026-08-22T09:27:05.745Z</time></trkpt>
      <trkpt lat="24.455231" lon="111.160864"><time>2026-08-22T09:27:05.762Z</time></trkpt>
      <trkpt lat="24.455231" lon="111.160864"><time>2026-08-22T09:27:05.779Z</time></trkpt>
      <trkpt lat="24.455224" lon="111.160866"><time>2026-08-22T09:27:05.796Z</time></trkpt>
      <trkpt lat="24.455224" lon="111.160866"><time>2026-08-22T09:27:05.812Z</time></trkpt>
      <trkpt lat="24.455224" lon="111.160866"><time>2026-08-22T09:27:05.829Z</time></trkpt>
      <trkpt lat="24.455224" lon="111.160866"><time>2026-08-22T09:27:05.846Z</time></trkpt>
      <trkpt lat="24.455224" lon="111.160866"><time>2026-08-22T09:27:05.862Z</time></trkpt>
      <trkpt lat="24.455224" lon="111.160866"><time>2026-08-22T09:27:05.879Z</time></trkpt>
      <trkpt lat="24.455217" lon="111.160869"><time>2026-08-22T09:27:05.896Z</time></trkpt>
      <trkpt lat="24.455217" lon="111.160869"><time>2026-08-22T09:27:05.912Z</time></trkpt>
      <trkpt lat="24.455217" lon="111.160869"><time>2026-08-22T09:27:05.929Z</time></trkpt>
      <trkpt lat="24.455217" lon="111.160869"><time>2026-08-22T09:27:05.946Z</time></trkpt>
      <trkpt lat="24.455217" lon="111.160869"><time>2026-08-22T09:27:05.962Z</time></trkpt>
      <trkpt lat="24.455217" lon="111.160869"><time>2026-08-22T09:27:05.979Z</time></trkpt>
      <trkpt lat="24.45521" lon="111.160872"><time>2026-08-22T09:27:05.996Z</time></trkpt>
      <trkpt lat="24.45521" lon="111.160872"><time>2026-08-22T09:27:06.012Z</time></trkpt>
      <trkpt lat="24.45521" lon="111.160872"><time>2026-08-22T09:27:06.029Z</time></trkpt>
      <trkpt lat="24.45521" lon="111.160872"><time>2026-08-22T09:27:06.046Z</time></trkpt>
      <trkpt lat="24.45521" lon="111.160872"><time>2026-08-22T09:27:06.062Z</time></trkpt>
      <trkpt lat="24.45521" lon="111.160872"><time>2026-08-22T09:27:06.079Z</time></trkpt>
      <trkpt lat="24.455203" lon="111.160874"><time>2026-08-22T09:27:06.096Z</time></trkpt>
      <trkpt lat="24.455203" lon="111.160874"><time>2026-08-22T09:27:06.113Z</time></trkpt>
      <trkpt lat="24.455203" lon="111.160874"><time>2026-08-22T09:27:06.129Z</time></trkpt>
      <trkpt lat="24.455203" lon="111.160874"><time>2026-08-22T09:27:06.146Z</time></trkpt>
      <trkpt lat="24.455203" lon="111.160874"><time>2026-08-22T09:27:06.163Z</time></trkpt>
      <trkpt lat="24.455203" lon="111.160874"><time>2026-08-22T09:27:06.179Z</time></trkpt>
      <trkpt lat="24.455198" lon="111.160876"><time>2026-08-22T09:27:06.196Z</time></trkpt>
      <trkpt lat="24.455198" lon="111.160876"><time>2026-08-22T09:27:06.213Z</time></trkpt>
      <trkpt lat="24.455198" lon="111.160876"><time>2026-08-22T09:27:06.229Z</time></trkpt>
      <trkpt lat="24.455198" lon="111.160876"><time>2026-08-22T09:27:06.246Z</time></trkpt>
      <trkpt lat="24.455198" lon="111.160876"><time>2026-08-22T09:27:06.263Z</time></trkpt>
      <trkpt lat="24.455198" lon="111.160876"><time>2026-08-22T09:27:06.279Z</time></trkpt>
      <trkpt lat="24.45519" lon="111.160879"><time>2026-08-22T09:27:06.296Z</time></trkpt>
      <trkpt lat="24.45519" lon="111.160879"><time>2026-08-22T09:27:06.313Z</time></trkpt>
      <trkpt lat="24.45519" lon="111.160879"><time>2026-08-22T09:27:06.329Z</time></trkpt>
      <trkpt lat="24.45519" lon="111.160879"><time>2026-08-22T09:27:06.346Z</time></trkpt>
      <trkpt lat="24.45519" lon="111.160879"><time>2026-08-22T09:27:06.363Z</time></trkpt>
      <trkpt lat="24.45519" lon="111.160879"><time>2026-08-22T09:27:06.379Z</time></trkpt>
      <trkpt lat="24.455183" lon="111.160882"><time>2026-08-22T09:27:06.396Z</time></trkpt>
      <trkpt lat="24.455183" lon="111.160882"><time>2026-08-22T09:27:06.413Z</time></trkpt>
      <trkpt lat="24.455183" lon="111.160882"><time>2026-08-22T09:27:06.430Z</time></trkpt>
      <trkpt lat="24.455183" lon="111.160882"><time>2026-08-22T09:27:06.446Z</time></trkpt>
      <trkpt lat="24.455183" lon="111.160882"><time>2026-08-22T09:27:06.463Z</time></trkpt>
      <trkpt lat="24.455183" lon="111.160882"><time>2026-08-22T09:27:06.480Z</time></trkpt>
      <trkpt lat="24.455175" lon="111.160885"><time>2026-08-22T09:27:06.496Z</time></trkpt>
      <trkpt lat="24.455175" lon="111.160885"><time>2026-08-22T09:27:06.513Z</time></trkpt>
      <trkpt lat="24.455175" lon="111.160885"><time>2026-08-22T09:27:06.530Z</time></trkpt>
      <trkpt lat="24.455175" lon="111.160885"><time>2026-08-22T09:27:06.546Z</time></trkpt>
      <trkpt lat="24.455175" lon="111.160885"><time>2026-08-22T09:27:06.563Z</time></trkpt>
      <trkpt lat="24.455175" lon="111.160885"><time>2026-08-22T09:27:06.580Z</time></trkpt>
      <trkpt lat="24.455167" lon="111.160888"><time>2026-08-22T09:27:06.596Z</time></trkpt>
      <trkpt lat="24.455167" lon="111.160888"><time>2026-08-22T09:27:06.613Z</time></trkpt>
      <trkpt lat="24.455167" lon="111.160888"><time>2026-08-22T09:27:06.630Z</time></trkpt>
      <trkpt lat="24.455167" lon="111.160888"><time>2026-08-22T09:27:06.646Z</time></trkpt>
      <trkpt lat="24.455167" lon="111.160888"><time>2026-08-22T09:27:06.663Z</time></trkpt>
      <trkpt lat="24.455167" lon="111.160888"><time>2026-08-22T09:27:06.680Z</time></trkpt>
      <trkpt lat="24.455159" lon="111.16089"><time>2026-08-22T09:27:06.696Z</time></trkpt>
      <trkpt lat="24.455159" lon="111.16089"><time>2026-08-22T09:27:06.713Z</time></trkpt>
      <trkpt lat="24.455159" lon="111.16089"><time>2026-08-22T09:27:06.730Z</time></trkpt>
      <trkpt lat="24.455159" lon="111.16089"><time>2026-08-22T09:27:06.747Z</time></trkpt>
      <trkpt lat="24.455159" lon="111.16089"><time>2026-08-22T09:27:06.763Z</time></trkpt>
      <trkpt lat="24.455159" lon="111.16089"><time>2026-08-22T09:27:06.780Z</time></trkpt>
      <trkpt lat="24.455151" lon="111.160893"><time>2026-08-22T09:27:06.797Z</time></trkpt>
      <trkpt lat="24.455151" lon="111.160893"><time>2026-08-22T09:27:06.813Z</time></trkpt>
      <trkpt lat="24.455151" lon="111.160893"><time>2026-08-22T09:27:06.830Z</time></trkpt>
      <trkpt lat="24.455151" lon="111.160893"><time>2026-08-22T09:27:06.847Z</time></trkpt>
      <trkpt lat="24.455151" lon="111.160893"><time>2026-08-22T09:27:06.863Z</time></trkpt>
      <trkpt lat="24.455151" lon="111.160893"><time>2026-08-22T09:27:06.880Z</time></trkpt>
      <trkpt lat="24.455142" lon="111.160896"><time>2026-08-22T09:27:06.897Z</time></trkpt>
      <trkpt lat="24.455142" lon="111.160896"><time>2026-08-22T09:27:06.913Z</time></trkpt>
      <trkpt lat="24.455142" lon="111.160896"><time>2026-08-22T09:27:06.930Z</time></trkpt>
      <trkpt lat="24.455142" lon="111.160896"><time>2026-08-22T09:27:06.947Z</time></trkpt>
      <trkpt lat="24.455142" lon="111.160896"><time>2026-08-22T09:27:06.963Z</time></trkpt>
      <trkpt lat="24.455142" lon="111.160896"><time>2026-08-22T09:27:06.980Z</time></trkpt>
      <trkpt lat="24.455134" lon="111.160898"><time>2026-08-22T09:27:06.997Z</time></trkpt>
      <trkpt lat="24.455134" lon="111.160898"><time>2026-08-22T09:27:07.013Z</time></trkpt>
      <trkpt lat="24.455134" lon="111.160898"><time>2026-08-22T09:27:07.030Z</time></trkpt>
      <trkpt lat="24.455134" lon="111.160898"><time>2026-08-22T09:27:07.047Z</time></trkpt>
      <trkpt lat="24.455134" lon="111.160898"><time>2026-08-22T09:27:07.064Z</time></trkpt>
      <trkpt lat="24.455134" lon="111.160898"><time>2026-08-22T09:27:07.080Z</time></trkpt>
      <trkpt lat="24.455125" lon="111.160901"><time>2026-08-22T09:27:07.097Z</time></trkpt>
      <trkpt lat="24.455125" lon="111.160901"><time>2026-08-22T09:27:07.114Z</time></trkpt>
      <trkpt lat="24.455125" lon="111.160901"><time>2026-08-22T09:27:07.130Z</time></trkpt>
      <trkpt lat="24.455125" lon="111.160901"><time>2026-08-22T09:27:07.147Z</time></trkpt>
      <trkpt lat="24.455125" lon="111.160901"><time>2026-08-22T09:27:07.164Z</time></trkpt>
      <trkpt lat="24.455125" lon="111.160901"><time>2026-08-22T09:27:07.180Z</time></trkpt>
      <trkpt lat="24.455117" lon="111.160904"><time>2026-08-22T09:27:07.197Z</time></trkpt>
      <trkpt lat="24.455117" lon="111.160904"><time>2026-08-22T09:27:07.214Z</time></trkpt>
      <trkpt lat="24.455117" lon="111.160904"><time>2026-08-22T09:27:07.230Z</time></trkpt>
      <trkpt lat="24.455117" lon="111.160904"><time>2026-08-22T09:27:07.247Z</time></trkpt>
      <trkpt lat="24.455117" lon="111.160904"><time>2026-08-22T09:27:07.264Z</time></trkpt>
      <trkpt lat="24.455117" lon="111.160904"><time>2026-08-22T09:27:07.280Z</time></trkpt>
      <trkpt lat="24.455108" lon="111.160906"><time>2026-08-22T09:27:07.297Z</time></trkpt>
      <trkpt lat="24.455108" lon="111.160906"><time>2026-08-22T09:27:07.314Z</time></trkpt>
      <trkpt lat="24.455108" lon="111.160906"><time>2026-08-22T09:27:07.330Z</time></trkpt>
      <trkpt lat="24.455108" lon="111.160906"><time>2026-08-22T09:27:07.347Z</time></trkpt>
      <trkpt lat="24.455108" lon="111.160906"><time>2026-08-22T09:27:07.364Z</time></trkpt>
      <trkpt lat="24.455108" lon="111.160906"><time>2026-08-22T09:27:07.381Z</time></trkpt>
      <trkpt lat="24.455099" lon="111.160909"><time>2026-08-22T09:27:07.397Z</time></trkpt>
      <trkpt lat="24.455099" lon="111.160909"><time>2026-08-22T09:27:07.414Z</time></trkpt>
      <trkpt lat="24.455099" lon="111.160909"><time>2026-08-22T09:27:07.431Z</time></trkpt>
      <trkpt lat="24.455099" lon="111.160909"><time>2026-08-22T09:27:07.447Z</time></trkpt>
      <trkpt lat="24.455099" lon="111.160909"><time>2026-08-22T09:27:07.464Z</time></trkpt>
      <trkpt lat="24.455099" lon="111.160909"><time>2026-08-22T09:27:07.481Z</time></trkpt>
      <trkpt lat="24.455089" lon="111.160911"><time>2026-08-22T09:27:07.497Z</time></trkpt>
      <trkpt lat="24.455089" lon="111.160911"><time>2026-08-22T09:27:07.514Z</time></trkpt>
      <trkpt lat="24.455089" lon="111.160911"><time>2026-08-22T09:27:07.531Z</time></trkpt>
      <trkpt lat="24.455089" lon="111.160911"><time>2026-08-22T09:27:07.547Z</time></trkpt>
      <trkpt lat="24.455089" lon="111.160911"><time>2026-08-22T09:27:07.564Z</time></trkpt>
      <trkpt lat="24.455089" lon="111.160911"><time>2026-08-22T09:27:07.581Z</time></trkpt>
      <trkpt lat="24.45508" lon="111.160913"><time>2026-08-22T09:27:07.597Z</time></trkpt>
      <trkpt lat="24.45508" lon="111.160913"><time>2026-08-22T09:27:07.614Z</time></trkpt>
      <trkpt lat="24.45508" lon="111.160913"><time>2026-08-22T09:27:07.631Z</time></trkpt>
      <trkpt lat="24.45508" lon="111.160913"><time>2026-08-22T09:27:07.647Z</time></trkpt>
      <trkpt lat="24.45508" lon="111.160913"><time>2026-08-22T09:27:07.664Z</time></trkpt>
      <trkpt lat="24.45508" lon="111.160913"><time>2026-08-22T09:27:07.681Z</time></trkpt>
      <trkpt lat="24.45507" lon="111.160916"><time>2026-08-22T09:27:07.697Z</time></trkpt>
      <trkpt lat="24.45507" lon="111.160916"><time>2026-08-22T09:27:07.714Z</time></trkpt>
      <trkpt lat="24.45507" lon="111.160916"><time>2026-08-22T09:27:07.731Z</time></trkpt>
      <trkpt lat="24.45507" lon="111.160916"><time>2026-08-22T09:27:07.748Z</time></trkpt>
      <trkpt lat="24.45507" lon="111.160916"><time>2026-08-22T09:27:07.764Z</time></trkpt>
      <trkpt lat="24.45507" lon="111.160916"><time>2026-08-22T09:27:07.781Z</time></trkpt>
      <trkpt lat="24.455061" lon="111.160918"><time>2026-08-22T09:27:07.798Z</time></trkpt>
      <trkpt lat="24.455061" lon="111.160918"><time>2026-08-22T09:27:07.814Z</time></trkpt>
      <trkpt lat="24.455061" lon="111.160918"><time>2026-08-22T09:27:07.831Z</time></trkpt>
      <trkpt lat="24.455061" lon="111.160918"><time>2026-08-22T09:27:07.848Z</time></trkpt>
      <trkpt lat="24.455061" lon="111.160918"><time>2026-08-22T09:27:07.864Z</time></trkpt>
      <trkpt lat="24.455061" lon="111.160918"><time>2026-08-22T09:27:07.881Z</time></trkpt>
      <trkpt lat="24.455051" lon="111.16092"><time>2026-08-22T09:27:07.898Z</time></trkpt>
      <trkpt lat="24.455051" lon="111.16092"><time>2026-08-22T09:27:07.914Z</time></trkpt>
      <trkpt lat="24.455051" lon="111.16092"><time>2026-08-22T09:27:07.931Z</time></trkpt>
      <trkpt lat="24.455051" lon="111.16092"><time>2026-08-22T09:27:07.948Z</time></trkpt>
      <trkpt lat="24.455051" lon="111.16092"><time>2026-08-22T09:27:07.964Z</time></trkpt>
      <trkpt lat="24.455051" lon="111.16092"><time>2026-08-22T09:27:07.981Z</time></trkpt>
      <trkpt lat="24.45504" lon="111.160922"><time>2026-08-22T09:27:07.998Z</time></trkpt>
      <trkpt lat="24.45504" lon="111.160922"><time>2026-08-22T09:27:08.014Z</time></trkpt>
      <trkpt lat="24.45504" lon="111.160922"><time>2026-08-22T09:27:08.031Z</time></trkpt>
      <trkpt lat="24.45504" lon="111.160922"><time>2026-08-22T09:27:08.048Z</time></trkpt>
      <trkpt lat="24.45504" lon="111.160922"><time>2026-08-22T09:27:08.065Z</time></trkpt>
      <trkpt lat="24.45504" lon="111.160922"><time>2026-08-22T09:27:08.081Z</time></trkpt>
      <trkpt lat="24.45503" lon="111.160924"><time>2026-08-22T09:27:08.098Z</time></trkpt>
      <trkpt lat="24.45503" lon="111.160924"><time>2026-08-22T09:27:08.115Z</time></trkpt>
      <trkpt lat="24.45503" lon="111.160924"><time>2026-08-22T09:27:08.131Z</time></trkpt>
      <trkpt lat="24.45503" lon="111.160924"><time>2026-08-22T09:27:08.148Z</time></trkpt>
      <trkpt lat="24.45503" lon="111.160924"><time>2026-08-22T09:27:08.165Z</time></trkpt>
      <trkpt lat="24.45503" lon="111.160924"><time>2026-08-22T09:27:08.181Z</time></trkpt>
      <trkpt lat="24.45502" lon="111.160926"><time>2026-08-22T09:27:08.198Z</time></trkpt>
      <trkpt lat="24.45502" lon="111.160926"><time>2026-08-22T09:27:08.215Z</time></trkpt>
      <trkpt lat="24.45502" lon="111.160926"><time>2026-08-22T09:27:08.231Z</time></trkpt>
      <trkpt lat="24.45502" lon="111.160926"><time>2026-08-22T09:27:08.248Z</time></trkpt>
      <trkpt lat="24.45502" lon="111.160926"><time>2026-08-22T09:27:08.265Z</time></trkpt>
      <trkpt lat="24.45502" lon="111.160926"><time>2026-08-22T09:27:08.281Z</time></trkpt>
      <trkpt lat="24.455009" lon="111.160928"><time>2026-08-22T09:27:08.298Z</time></trkpt>
      <trkpt lat="24.455009" lon="111.160928"><time>2026-08-22T09:27:08.315Z</time></trkpt>
      <trkpt lat="24.455009" lon="111.160928"><time>2026-08-22T09:27:08.331Z</time></trkpt>
      <trkpt lat="24.455009" lon="111.160928"><time>2026-08-22T09:27:08.348Z</time></trkpt>
      <trkpt lat="24.455009" lon="111.160928"><time>2026-08-22T09:27:08.365Z</time></trkpt>
      <trkpt lat="24.455009" lon="111.160928"><time>2026-08-22T09:27:08.382Z</time></trkpt>
      <trkpt lat="24.454998" lon="111.16093"><time>2026-08-22T09:27:08.398Z</time></trkpt>
      <trkpt lat="24.454998" lon="111.16093"><time>2026-08-22T09:27:08.415Z</time></trkpt>
      <trkpt lat="24.454998" lon="111.16093"><time>2026-08-22T09:27:08.432Z</time></trkpt>
      <trkpt lat="24.454998" lon="111.16093"><time>2026-08-22T09:27:08.448Z</time></trkpt>
      <trkpt lat="24.454998" lon="111.16093"><time>2026-08-22T09:27:08.465Z</time></trkpt>
      <trkpt lat="24.454998" lon="111.16093"><time>2026-08-22T09:27:08.482Z</time></trkpt>
      <trkpt lat="24.454987" lon="111.160932"><time>2026-08-22T09:27:08.498Z</time></trkpt>
      <trkpt lat="24.454987" lon="111.160932"><time>2026-08-22T09:27:08.515Z</time></trkpt>
      <trkpt lat="24.454987" lon="111.160932"><time>2026-08-22T09:27:08.532Z</time></trkpt>
      <trkpt lat="24.454987" lon="111.160932"><time>2026-08-22T09:27:08.548Z</time></trkpt>
      <trkpt lat="24.454987" lon="111.160932"><time>2026-08-22T09:27:08.565Z</time></trkpt>
      <trkpt lat="24.454987" lon="111.160932"><time>2026-08-22T09:27:08.582Z</time></trkpt>
      <trkpt lat="24.454976" lon="111.160933"><time>2026-08-22T09:27:08.598Z</time></trkpt>
      <trkpt lat="24.454976" lon="111.160933"><time>2026-08-22T09:27:08.615Z</time></trkpt>
      <trkpt lat="24.454976" lon="111.160933"><time>2026-08-22T09:27:08.632Z</time></trkpt>
      <trkpt lat="24.454976" lon="111.160933"><time>2026-08-22T09:27:08.648Z</time></trkpt>
      <trkpt lat="24.454976" lon="111.160933"><time>2026-08-22T09:27:08.665Z</time></trkpt>
      <trkpt lat="24.454976" lon="111.160933"><time>2026-08-22T09:27:08.682Z</time></trkpt>
      <trkpt lat="24.454964" lon="111.160935"><time>2026-08-22T09:27:08.699Z</time></trkpt>
      <trkpt lat="24.454964" lon="111.160935"><time>2026-08-22T09:27:08.715Z</time></trkpt>
      <trkpt lat="24.454964" lon="111.160935"><time>2026-08-22T09:27:08.732Z</time></trkpt>
      <trkpt lat="24.454964" lon="111.160935"><time>2026-08-22T09:27:08.749Z</time></trkpt>
      <trkpt lat="24.454964" lon="111.160935"><time>2026-08-22T09:27:08.765Z</time></trkpt>
      <trkpt lat="24.454964" lon="111.160935"><time>2026-08-22T09:27:08.782Z</time></trkpt>
      <trkpt lat="24.454953" lon="111.160937"><time>2026-08-22T09:27:08.799Z</time></trkpt>
      <trkpt lat="24.454953" lon="111.160937"><time>2026-08-22T09:27:08.815Z</time></trkpt>
      <trkpt lat="24.454953" lon="111.160937"><time>2026-08-22T09:27:08.832Z</time></trkpt>
      <trkpt lat="24.454953" lon="111.160937"><time>2026-08-22T09:27:08.849Z</time></trkpt>
      <trkpt lat="24.454953" lon="111.160937"><time>2026-08-22T09:27:08.865Z</time></trkpt>
      <trkpt lat="24.454953" lon="111.160937"><time>2026-08-22T09:27:08.882Z</time></trkpt>
      <trkpt lat="24.454941" lon="111.160939"><time>2026-08-22T09:27:08.899Z</time></trkpt>
      <trkpt lat="24.454941" lon="111.160939"><time>2026-08-22T09:27:08.915Z</time></trkpt>
      <trkpt lat="24.454941" lon="111.160939"><time>2026-08-22T09:27:08.932Z</time></trkpt>
      <trkpt lat="24.454941" lon="111.160939"><time>2026-08-22T09:27:08.949Z</time></trkpt>
      <trkpt lat="24.454941" lon="111.160939"><time>2026-08-22T09:27:08.965Z</time></trkpt>
      <trkpt lat="24.454941" lon="111.160939"><time>2026-08-22T09:27:08.982Z</time></trkpt>
      <trkpt lat="24.45493" lon="111.160941"><time>2026-08-22T09:27:08.999Z</time></trkpt>
      <trkpt lat="24.45493" lon="111.160941"><time>2026-08-22T09:27:09.016Z</time></trkpt>
      <trkpt lat="24.45493" lon="111.160941"><time>2026-08-22T09:27:09.032Z</time></trkpt>
      <trkpt lat="24.45493" lon="111.160941"><time>2026-08-22T09:27:09.049Z</time></trkpt>
      <trkpt lat="24.45493" lon="111.160941"><time>2026-08-22T09:27:09.066Z</time></trkpt>
      <trkpt lat="24.45493" lon="111.160941"><time>2026-08-22T09:27:09.082Z</time></trkpt>
      <trkpt lat="24.454918" lon="111.160942"><time>2026-08-22T09:27:09.099Z</time></trkpt>
      <trkpt lat="24.454918" lon="111.160942"><time>2026-08-22T09:27:09.116Z</time></trkpt>
      <trkpt lat="24.454918" lon="111.160942"><time>2026-08-22T09:27:09.132Z</time></trkpt>
      <trkpt lat="24.454918" lon="111.160942"><time>2026-08-22T09:27:09.149Z</time></trkpt>
      <trkpt lat="24.454918" lon="111.160942"><time>2026-08-22T09:27:09.166Z</time></trkpt>
      <trkpt lat="24.454918" lon="111.160942"><time>2026-08-22T09:27:09.182Z</time></trkpt>
      <trkpt lat="24.454906" lon="111.160944"><time>2026-08-22T09:27:09.199Z</time></trkpt>
      <trkpt lat="24.454906" lon="111.160944"><time>2026-08-22T09:27:09.216Z</time></trkpt>
      <trkpt lat="24.454906" lon="111.160944"><time>2026-08-22T09:27:09.232Z</time></trkpt>
      <trkpt lat="24.454906" lon="111.160944"><time>2026-08-22T09:27:09.249Z</time></trkpt>
      <trkpt lat="24.454906" lon="111.160944"><time>2026-08-22T09:27:09.266Z</time></trkpt>
      <trkpt lat="24.454906" lon="111.160944"><time>2026-08-22T09:27:09.282Z</time></trkpt>
      <trkpt lat="24.454894" lon="111.160946"><time>2026-08-22T09:27:09.299Z</time></trkpt>
      <trkpt lat="24.454894" lon="111.160946"><time>2026-08-22T09:27:09.316Z</time></trkpt>
      <trkpt lat="24.454894" lon="111.160946"><time>2026-08-22T09:27:09.333Z</time></trkpt>
      <trkpt lat="24.454894" lon="111.160946"><time>2026-08-22T09:27:09.349Z</time></trkpt>
      <trkpt lat="24.454894" lon="111.160946"><time>2026-08-22T09:27:09.366Z</time></trkpt>
      <trkpt lat="24.454894" lon="111.160946"><time>2026-08-22T09:27:09.383Z</time></trkpt>
      <trkpt lat="24.454882" lon="111.160947"><time>2026-08-22T09:27:09.399Z</time></trkpt>
      <trkpt lat="24.454882" lon="111.160947"><time>2026-08-22T09:27:09.416Z</time></trkpt>
      <trkpt lat="24.454882" lon="111.160947"><time>2026-08-22T09:27:09.433Z</time></trkpt>
      <trkpt lat="24.454882" lon="111.160947"><time>2026-08-22T09:27:09.449Z</time></trkpt>
      <trkpt lat="24.454882" lon="111.160947"><time>2026-08-22T09:27:09.466Z</time></trkpt>
      <trkpt lat="24.454882" lon="111.160947"><time>2026-08-22T09:27:09.483Z</time></trkpt>
      <trkpt lat="24.45487" lon="111.160948"><time>2026-08-22T09:27:09.499Z</time></trkpt>
      <trkpt lat="24.45487" lon="111.160948"><time>2026-08-22T09:27:09.516Z</time></trkpt>
      <trkpt lat="24.45487" lon="111.160948"><time>2026-08-22T09:27:09.533Z</time></trkpt>
      <trkpt lat="24.45487" lon="111.160948"><time>2026-08-22T09:27:09.549Z</time></trkpt>
      <trkpt lat="24.45487" lon="111.160948"><time>2026-08-22T09:27:09.566Z</time></trkpt>
      <trkpt lat="24.45487" lon="111.160948"><time>2026-08-22T09:27:09.583Z</time></trkpt>
      <trkpt lat="24.454858" lon="111.16095"><time>2026-08-22T09:27:09.599Z</time></trkpt>
      <trkpt lat="24.454858" lon="111.16095"><time>2026-08-22T09:27:09.616Z</time></trkpt>
      <trkpt lat="24.454858" lon="111.16095"><time>2026-08-22T09:27:09.633Z</time></trkpt>
      <trkpt lat="24.454858" lon="111.16095"><time>2026-08-22T09:27:09.650Z</time></trkpt>
      <trkpt lat="24.454858" lon="111.16095"><time>2026-08-22T09:27:09.666Z</time></trkpt>
      <trkpt lat="24.454858" lon="111.16095"><time>2026-08-22T09:27:09.683Z</time></trkpt>
      <trkpt lat="24.454845" lon="111.160951"><time>2026-08-22T09:27:09.700Z</time></trkpt>
      <trkpt lat="24.454845" lon="111.160951"><time>2026-08-22T09:27:09.716Z</time></trkpt>
      <trkpt lat="24.454845" lon="111.160951"><time>2026-08-22T09:27:09.733Z</time></trkpt>
      <trkpt lat="24.454845" lon="111.160951"><time>2026-08-22T09:27:09.750Z</time></trkpt>
      <trkpt lat="24.454845" lon="111.160951"><time>2026-08-22T09:27:09.766Z</time></trkpt>
      <trkpt lat="24.454845" lon="111.160951"><time>2026-08-22T09:27:09.783Z</time></trkpt>
      <trkpt lat="24.454832" lon="111.160952"><time>2026-08-22T09:27:09.800Z</time></trkpt>
      <trkpt lat="24.454832" lon="111.160952"><time>2026-08-22T09:27:09.816Z</time></trkpt>
      <trkpt lat="24.454832" lon="111.160952"><time>2026-08-22T09:27:09.833Z</time></trkpt>
      <trkpt lat="24.454832" lon="111.160952"><time>2026-08-22T09:27:09.850Z</time></trkpt>
      <trkpt lat="24.454832" lon="111.160952"><time>2026-08-22T09:27:09.866Z</time></trkpt>
      <trkpt lat="24.454832" lon="111.160952"><time>2026-08-22T09:27:09.883Z</time></trkpt>
      <trkpt lat="24.45482" lon="111.160953"><time>2026-08-22T09:27:09.900Z</time></trkpt>
      <trkpt lat="24.45482" lon="111.160953"><time>2026-08-22T09:27:09.916Z</time></trkpt>
      <trkpt lat="24.45482" lon="111.160953"><time>2026-08-22T09:27:09.933Z</time></trkpt>
      <trkpt lat="24.45482" lon="111.160953"><time>2026-08-22T09:27:09.950Z</time></trkpt>
      <trkpt lat="24.45482" lon="111.160953"><time>2026-08-22T09:27:09.967Z</time></trkpt>
      <trkpt lat="24.45482" lon="111.160953"><time>2026-08-22T09:27:09.983Z</time></trkpt>
      <trkpt lat="24.454807" lon="111.160954"><time>2026-08-22T09:27:10.000Z</time></trkpt>
      <trkpt lat="24.454807" lon="111.160954"><time>2026-08-22T09:27:10.017Z</time></trkpt>
      <trkpt lat="24.454807" lon="111.160954"><time>2026-08-22T09:27:10.033Z</time></trkpt>
      <trkpt lat="24.454807" lon="111.160954"><time>2026-08-22T09:27:10.050Z</time></trkpt>
      <trkpt lat="24.454807" lon="111.160954"><time>2026-08-22T09:27:10.067Z</time></trkpt>
      <trkpt lat="24.454807" lon="111.160954"><time>2026-08-22T09:27:10.083Z</time></trkpt>
      <trkpt lat="24.454794" lon="111.160955"><time>2026-08-22T09:27:10.100Z</time></trkpt>
      <trkpt lat="24.454794" lon="111.160955"><time>2026-08-22T09:27:10.117Z</time></trkpt>
      <trkpt lat="24.454794" lon="111.160955"><time>2026-08-22T09:27:10.133Z</time></trkpt>
      <trkpt lat="24.454794" lon="111.160955"><time>2026-08-22T09:27:10.150Z</time></trkpt>
      <trkpt lat="24.454794" lon="111.160955"><time>2026-08-22T09:27:10.167Z</time></trkpt>
      <trkpt lat="24.454794" lon="111.160955"><time>2026-08-22T09:27:10.183Z</time></trkpt>
      <trkpt lat="24.454781" lon="111.160956"><time>2026-08-22T09:27:10.200Z</time></trkpt>
      <trkpt lat="24.454781" lon="111.160956"><time>2026-08-22T09:27:10.217Z</time></trkpt>
      <trkpt lat="24.454781" lon="111.160956"><time>2026-08-22T09:27:10.233Z</time></trkpt>
      <trkpt lat="24.454781" lon="111.160956"><time>2026-08-22T09:27:10.250Z</time></trkpt>
      <trkpt lat="24.454781" lon="111.160956"><time>2026-08-22T09:27:10.267Z</time></trkpt>
      <trkpt lat="24.454781" lon="111.160956"><time>2026-08-22T09:27:10.284Z</time></trkpt>
      <trkpt lat="24.454769" lon="111.160957"><time>2026-08-22T09:27:10.300Z</time></trkpt>
      <trkpt lat="24.454769" lon="111.160957"><time>2026-08-22T09:27:10.317Z</time></trkpt>
      <trkpt lat="24.454769" lon="111.160957"><time>2026-08-22T09:27:10.334Z</time></trkpt>
      <trkpt lat="24.454769" lon="111.160957"><time>2026-08-22T09:27:10.350Z</time></trkpt>
      <trkpt lat="24.454769" lon="111.160957"><time>2026-08-22T09:27:10.367Z</time></trkpt>
      <trkpt lat="24.454769" lon="111.160957"><time>2026-08-22T09:27:10.384Z</time></trkpt>
      <trkpt lat="24.454756" lon="111.160957"><time>2026-08-22T09:27:10.400Z</time></trkpt>
      <trkpt lat="24.454756" lon="111.160957"><time>2026-08-22T09:27:10.417Z</time></trkpt>
      <trkpt lat="24.454756" lon="111.160957"><time>2026-08-22T09:27:10.434Z</time></trkpt>
      <trkpt lat="24.454756" lon="111.160957"><time>2026-08-22T09:27:10.450Z</time></trkpt>
      <trkpt lat="24.454756" lon="111.160957"><time>2026-08-22T09:27:10.467Z</time></trkpt>
      <trkpt lat="24.454756" lon="111.160957"><time>2026-08-22T09:27:10.484Z</time></trkpt>
      <trkpt lat="24.454743" lon="111.160958"><time>2026-08-22T09:27:10.500Z</time></trkpt>
      <trkpt lat="24.454743" lon="111.160958"><time>2026-08-22T09:27:10.517Z</time></trkpt>
      <trkpt lat="24.454743" lon="111.160958"><time>2026-08-22T09:27:10.534Z</time></trkpt>
      <trkpt lat="24.454743" lon="111.160958"><time>2026-08-22T09:27:10.550Z</time></trkpt>
      <trkpt lat="24.454743" lon="111.160958"><time>2026-08-22T09:27:10.567Z</time></trkpt>
      <trkpt lat="24.454743" lon="111.160958"><time>2026-08-22T09:27:10.584Z</time></trkpt>
      <trkpt lat="24.45473" lon="111.160958"><time>2026-08-22T09:27:10.601Z</time></trkpt>
      <trkpt lat="24.45473" lon="111.160958"><time>2026-08-22T09:27:10.617Z</time></trkpt>
      <trkpt lat="24.45473" lon="111.160958"><time>2026-08-22T09:27:10.634Z</time></trkpt>
      <trkpt lat="24.45473" lon="111.160958"><time>2026-08-22T09:27:10.651Z</time></trkpt>
      <trkpt lat="24.45473" lon="111.160958"><time>2026-08-22T09:27:10.667Z</time></trkpt>
      <trkpt lat="24.45473" lon="111.160958"><time>2026-08-22T09:27:10.684Z</time></trkpt>
      <trkpt lat="24.454717" lon="111.160959"><time>2026-08-22T09:27:10.701Z</time></trkpt>
      <trkpt lat="24.454717" lon="111.160959"><time>2026-08-22T09:27:10.717Z</time></trkpt>
      <trkpt lat="24.454717" lon="111.160959"><time>2026-08-22T09:27:10.734Z</time></trkpt>
      <trkpt lat="24.454717" lon="111.160959"><time>2026-08-22T09:27:10.751Z</time></trkpt>
      <trkpt lat="24.454717" lon="111.160959"><time>2026-08-22T09:27:10.767Z</time></trkpt>
      <trkpt lat="24.454717" lon="111.160959"><time>2026-08-22T09:27:10.784Z</time></trkpt>
      <trkpt lat="24.454707" lon="111.160958"><time>2026-08-22T09:27:10.801Z</time></trkpt>
      <trkpt lat="24.454707" lon="111.160958"><time>2026-08-22T09:27:10.817Z</time></trkpt>
      <trkpt lat="24.454707" lon="111.160958"><time>2026-08-22T09:27:10.834Z</time></trkpt>
      <trkpt lat="24.454707" lon="111.160958"><time>2026-08-22T09:27:10.851Z</time></trkpt>
      <trkpt lat="24.454707" lon="111.160958"><time>2026-08-22T09:27:10.867Z</time></trkpt>
      <trkpt lat="24.454707" lon="111.160958"><time>2026-08-22T09:27:10.884Z</time></trkpt>
      <trkpt lat="24.454695" lon="111.160958"><time>2026-08-22T09:27:10.901Z</time></trkpt>
      <trkpt lat="24.454695" lon="111.160958"><time>2026-08-22T09:27:10.918Z</time></trkpt>
      <trkpt lat="24.454695" lon="111.160958"><time>2026-08-22T09:27:10.934Z</time></trkpt>
      <trkpt lat="24.454695" lon="111.160958"><time>2026-08-22T09:27:10.951Z</time></trkpt>
      <trkpt lat="24.454695" lon="111.160958"><time>2026-08-22T09:27:10.968Z</time></trkpt>
      <trkpt lat="24.454695" lon="111.160958"><time>2026-08-22T09:27:10.984Z</time></trkpt>
      <trkpt lat="24.454682" lon="111.160958"><time>2026-08-22T09:27:11.001Z</time></trkpt>
      <trkpt lat="24.454682" lon="111.160958"><time>2026-08-22T09:27:11.018Z</time></trkpt>
      <trkpt lat="24.454682" lon="111.160958"><time>2026-08-22T09:27:11.034Z</time></trkpt>
      <trkpt lat="24.454682" lon="111.160958"><time>2026-08-22T09:27:11.051Z</time></trkpt>
      <trkpt lat="24.454682" lon="111.160958"><time>2026-08-22T09:27:11.068Z</time></trkpt>
      <trkpt lat="24.454682" lon="111.160958"><time>2026-08-22T09:27:11.084Z</time></trkpt>
      <trkpt lat="24.454669" lon="111.160957"><time>2026-08-22T09:27:11.101Z</time></trkpt>
      <trkpt lat="24.454669" lon="111.160957"><time>2026-08-22T09:27:11.118Z</time></trkpt>
      <trkpt lat="24.454669" lon="111.160957"><time>2026-08-22T09:27:11.134Z</time></trkpt>
      <trkpt lat="24.454669" lon="111.160957"><time>2026-08-22T09:27:11.151Z</time></trkpt>
      <trkpt lat="24.454669" lon="111.160957"><time>2026-08-22T09:27:11.168Z</time></trkpt>
      <trkpt lat="24.454669" lon="111.160957"><time>2026-08-22T09:27:11.184Z</time></trkpt>
      <trkpt lat="24.454656" lon="111.160957"><time>2026-08-22T09:27:11.201Z</time></trkpt>
      <trkpt lat="24.454656" lon="111.160957"><time>2026-08-22T09:27:11.218Z</time></trkpt>
      <trkpt lat="24.454656" lon="111.160957"><time>2026-08-22T09:27:11.235Z</time></trkpt>
      <trkpt lat="24.454656" lon="111.160957"><time>2026-08-22T09:27:11.251Z</time></trkpt>
      <trkpt lat="24.454656" lon="111.160957"><time>2026-08-22T09:27:11.268Z</time></trkpt>
      <trkpt lat="24.454656" lon="111.160957"><time>2026-08-22T09:27:11.285Z</time></trkpt>
      <trkpt lat="24.454643" lon="111.160956"><time>2026-08-22T09:27:11.301Z</time></trkpt>
      <trkpt lat="24.454643" lon="111.160956"><time>2026-08-22T09:27:11.318Z</time></trkpt>
      <trkpt lat="24.454643" lon="111.160956"><time>2026-08-22T09:27:11.335Z</time></trkpt>
      <trkpt lat="24.454643" lon="111.160956"><time>2026-08-22T09:27:11.351Z</time></trkpt>
      <trkpt lat="24.454643" lon="111.160956"><time>2026-08-22T09:27:11.368Z</time></trkpt>
      <trkpt lat="24.454643" lon="111.160956"><time>2026-08-22T09:27:11.385Z</time></trkpt>
      <trkpt lat="24.45463" lon="111.160956"><time>2026-08-22T09:27:11.401Z</time></trkpt>
      <trkpt lat="24.45463" lon="111.160956"><time>2026-08-22T09:27:11.418Z</time></trkpt>
      <trkpt lat="24.45463" lon="111.160956"><time>2026-08-22T09:27:11.435Z</time></trkpt>
      <trkpt lat="24.45463" lon="111.160956"><time>2026-08-22T09:27:11.451Z</time></trkpt>
      <trkpt lat="24.45463" lon="111.160956"><time>2026-08-22T09:27:11.468Z</time></trkpt>
      <trkpt lat="24.45463" lon="111.160956"><time>2026-08-22T09:27:11.485Z</time></trkpt>
      <trkpt lat="24.454618" lon="111.160955"><time>2026-08-22T09:27:11.501Z</time></trkpt>
      <trkpt lat="24.454618" lon="111.160955"><time>2026-08-22T09:27:11.518Z</time></trkpt>
      <trkpt lat="24.454618" lon="111.160955"><time>2026-08-22T09:27:11.535Z</time></trkpt>
      <trkpt lat="24.454618" lon="111.160955"><time>2026-08-22T09:27:11.552Z</time></trkpt>
      <trkpt lat="24.454618" lon="111.160955"><time>2026-08-22T09:27:11.568Z</time></trkpt>
      <trkpt lat="24.454618" lon="111.160955"><time>2026-08-22T09:27:11.585Z</time></trkpt>
      <trkpt lat="24.454605" lon="111.160954"><time>2026-08-22T09:27:11.602Z</time></trkpt>
      <trkpt lat="24.454605" lon="111.160954"><time>2026-08-22T09:27:11.618Z</time></trkpt>
      <trkpt lat="24.454605" lon="111.160954"><time>2026-08-22T09:27:11.635Z</time></trkpt>
      <trkpt lat="24.454605" lon="111.160954"><time>2026-08-22T09:27:11.652Z</time></trkpt>
      <trkpt lat="24.454605" lon="111.160954"><time>2026-08-22T09:27:11.668Z</time></trkpt>
      <trkpt lat="24.454605" lon="111.160954"><time>2026-08-22T09:27:11.685Z</time></trkpt>
      <trkpt lat="24.454592" lon="111.160953"><time>2026-08-22T09:27:11.702Z</time></trkpt>
      <trkpt lat="24.454592" lon="111.160953"><time>2026-08-22T09:27:11.718Z</time></trkpt>
      <trkpt lat="24.454592" lon="111.160953"><time>2026-08-22T09:27:11.735Z</time></trkpt>
      <trkpt lat="24.454592" lon="111.160953"><time>2026-08-22T09:27:11.752Z</time></trkpt>
      <trkpt lat="24.454592" lon="111.160953"><time>2026-08-22T09:27:11.768Z</time></trkpt>
      <trkpt lat="24.454592" lon="111.160953"><time>2026-08-22T09:27:11.785Z</time></trkpt>
      <trkpt lat="24.454579" lon="111.160952"><time>2026-08-22T09:27:11.802Z</time></trkpt>
      <trkpt lat="24.454579" lon="111.160952"><time>2026-08-22T09:27:11.818Z</time></trkpt>
      <trkpt lat="24.454579" lon="111.160952"><time>2026-08-22T09:27:11.835Z</time></trkpt>
      <trkpt lat="24.454579" lon="111.160952"><time>2026-08-22T09:27:11.852Z</time></trkpt>
      <trkpt lat="24.454579" lon="111.160952"><time>2026-08-22T09:27:11.869Z</time></trkpt>
      <trkpt lat="24.454579" lon="111.160952"><time>2026-08-22T09:27:11.885Z</time></trkpt>
      <trkpt lat="24.454567" lon="111.160951"><time>2026-08-22T09:27:11.902Z</time></trkpt>
      <trkpt lat="24.454567" lon="111.160951"><time>2026-08-22T09:27:11.919Z</time></trkpt>
      <trkpt lat="24.454567" lon="111.160951"><time>2026-08-22T09:27:11.935Z</time></trkpt>
      <trkpt lat="24.454567" lon="111.160951"><time>2026-08-22T09:27:11.952Z</time></trkpt>
      <trkpt lat="24.454567" lon="111.160951"><time>2026-08-22T09:27:11.969Z</time></trkpt>
      <trkpt lat="24.454567" lon="111.160951"><time>2026-08-22T09:27:11.985Z</time></trkpt>
      <trkpt lat="24.454554" lon="111.160949"><time>2026-08-22T09:27:12.002Z</time></trkpt>
      <trkpt lat="24.454554" lon="111.160949"><time>2026-08-22T09:27:12.019Z</time></trkpt>
      <trkpt lat="24.454554" lon="111.160949"><time>2026-08-22T09:27:12.035Z</time></trkpt>
      <trkpt lat="24.454554" lon="111.160949"><time>2026-08-22T09:27:12.052Z</time></trkpt>
      <trkpt lat="24.454554" lon="111.160949"><time>2026-08-22T09:27:12.069Z</time></trkpt>
      <trkpt lat="24.454554" lon="111.160949"><time>2026-08-22T09:27:12.085Z</time></trkpt>
      <trkpt lat="24.454542" lon="111.160947"><time>2026-08-22T09:27:12.102Z</time></trkpt>
      <trkpt lat="24.454542" lon="111.160947"><time>2026-08-22T09:27:12.119Z</time></trkpt>
      <trkpt lat="24.454542" lon="111.160947"><time>2026-08-22T09:27:12.135Z</time></trkpt>
      <trkpt lat="24.454542" lon="111.160947"><time>2026-08-22T09:27:12.152Z</time></trkpt>
      <trkpt lat="24.454542" lon="111.160947"><time>2026-08-22T09:27:12.169Z</time></trkpt>
      <trkpt lat="24.454542" lon="111.160947"><time>2026-08-22T09:27:12.186Z</time></trkpt>
      <trkpt lat="24.454529" lon="111.160945"><time>2026-08-22T09:27:12.202Z</time></trkpt>
      <trkpt lat="24.454529" lon="111.160945"><time>2026-08-22T09:27:12.219Z</time></trkpt>
      <trkpt lat="24.454529" lon="111.160945"><time>2026-08-22T09:27:12.236Z</time></trkpt>
      <trkpt lat="24.454529" lon="111.160945"><time>2026-08-22T09:27:12.252Z</time></trkpt>
      <trkpt lat="24.454529" lon="111.160945"><time>2026-08-22T09:27:12.269Z</time></trkpt>
      <trkpt lat="24.454529" lon="111.160945"><time>2026-08-22T09:27:12.286Z</time></trkpt>
      <trkpt lat="24.454517" lon="111.160943"><time>2026-08-22T09:27:12.302Z</time></trkpt>
      <trkpt lat="24.454517" lon="111.160943"><time>2026-08-22T09:27:12.319Z</time></trkpt>
      <trkpt lat="24.454517" lon="111.160943"><time>2026-08-22T09:27:12.336Z</time></trkpt>
      <trkpt lat="24.454517" lon="111.160943"><time>2026-08-22T09:27:12.352Z</time></trkpt>
      <trkpt lat="24.454517" lon="111.160943"><time>2026-08-22T09:27:12.369Z</time></trkpt>
      <trkpt lat="24.454517" lon="111.160943"><time>2026-08-22T09:27:12.386Z</time></trkpt>
      <trkpt lat="24.454504" lon="111.160941"><time>2026-08-22T09:27:12.402Z</time></trkpt>
      <trkpt lat="24.454504" lon="111.160941"><time>2026-08-22T09:27:12.419Z</time></trkpt>
      <trkpt lat="24.454504" lon="111.160941"><time>2026-08-22T09:27:12.436Z</time></trkpt>
      <trkpt lat="24.454504" lon="111.160941"><time>2026-08-22T09:27:12.452Z</time></trkpt>
      <trkpt lat="24.454504" lon="111.160941"><time>2026-08-22T09:27:12.469Z</time></trkpt>
      <trkpt lat="24.454504" lon="111.160941"><time>2026-08-22T09:27:12.486Z</time></trkpt>
      <trkpt lat="24.454492" lon="111.160939"><time>2026-08-22T09:27:12.503Z</time></trkpt>
      <trkpt lat="24.454492" lon="111.160939"><time>2026-08-22T09:27:12.519Z</time></trkpt>
      <trkpt lat="24.454492" lon="111.160939"><time>2026-08-22T09:27:12.536Z</time></trkpt>
      <trkpt lat="24.454492" lon="111.160939"><time>2026-08-22T09:27:12.553Z</time></trkpt>
      <trkpt lat="24.454492" lon="111.160939"><time>2026-08-22T09:27:12.569Z</time></trkpt>
      <trkpt lat="24.454492" lon="111.160939"><time>2026-08-22T09:27:12.586Z</time></trkpt>
      <trkpt lat="24.45448" lon="111.160937"><time>2026-08-22T09:27:12.603Z</time></trkpt>
      <trkpt lat="24.45448" lon="111.160937"><time>2026-08-22T09:27:12.619Z</time></trkpt>
      <trkpt lat="24.45448" lon="111.160937"><time>2026-08-22T09:27:12.636Z</time></trkpt>
      <trkpt lat="24.45448" lon="111.160937"><time>2026-08-22T09:27:12.653Z</time></trkpt>
      <trkpt lat="24.45448" lon="111.160937"><time>2026-08-22T09:27:12.669Z</time></trkpt>
      <trkpt lat="24.45448" lon="111.160937"><time>2026-08-22T09:27:12.686Z</time></trkpt>
      <trkpt lat="24.454467" lon="111.160934"><time>2026-08-22T09:27:12.703Z</time></trkpt>
      <trkpt lat="24.454467" lon="111.160934"><time>2026-08-22T09:27:12.719Z</time></trkpt>
      <trkpt lat="24.454467" lon="111.160934"><time>2026-08-22T09:27:12.736Z</time></trkpt>
      <trkpt lat="24.454467" lon="111.160934"><time>2026-08-22T09:27:12.753Z</time></trkpt>
      <trkpt lat="24.454467" lon="111.160934"><time>2026-08-22T09:27:12.769Z</time></trkpt>
      <trkpt lat="24.454467" lon="111.160934"><time>2026-08-22T09:27:12.786Z</time></trkpt>
      <trkpt lat="24.454455" lon="111.160932"><time>2026-08-22T09:27:12.803Z</time></trkpt>
      <trkpt lat="24.454455" lon="111.160932"><time>2026-08-22T09:27:12.820Z</time></trkpt>
      <trkpt lat="24.454455" lon="111.160932"><time>2026-08-22T09:27:12.836Z</time></trkpt>
      <trkpt lat="24.454455" lon="111.160932"><time>2026-08-22T09:27:12.853Z</time></trkpt>
      <trkpt lat="24.454455" lon="111.160932"><time>2026-08-22T09:27:12.870Z</time></trkpt>
      <trkpt lat="24.454455" lon="111.160932"><time>2026-08-22T09:27:12.886Z</time></trkpt>
      <trkpt lat="24.454443" lon="111.160929"><time>2026-08-22T09:27:12.903Z</time></trkpt>
      <trkpt lat="24.454443" lon="111.160929"><time>2026-08-22T09:27:12.920Z</time></trkpt>
      <trkpt lat="24.454443" lon="111.160929"><time>2026-08-22T09:27:12.936Z</time></trkpt>
      <trkpt lat="24.454443" lon="111.160929"><time>2026-08-22T09:27:12.953Z</time></trkpt>
      <trkpt lat="24.454443" lon="111.160929"><time>2026-08-22T09:27:12.970Z</time></trkpt>
      <trkpt lat="24.454443" lon="111.160929"><time>2026-08-22T09:27:12.986Z</time></trkpt>
      <trkpt lat="24.45443" lon="111.160926"><time>2026-08-22T09:27:13.003Z</time></trkpt>
      <trkpt lat="24.45443" lon="111.160926"><time>2026-08-22T09:27:13.020Z</time></trkpt>
      <trkpt lat="24.45443" lon="111.160926"><time>2026-08-22T09:27:13.036Z</time></trkpt>
      <trkpt lat="24.45443" lon="111.160926"><time>2026-08-22T09:27:13.053Z</time></trkpt>
      <trkpt lat="24.45443" lon="111.160926"><time>2026-08-22T09:27:13.070Z</time></trkpt>
      <trkpt lat="24.45443" lon="111.160926"><time>2026-08-22T09:27:13.086Z</time></trkpt>
      <trkpt lat="24.454418" lon="111.160923"><time>2026-08-22T09:27:13.103Z</time></trkpt>
      <trkpt lat="24.454418" lon="111.160923"><time>2026-08-22T09:27:13.120Z</time></trkpt>
      <trkpt lat="24.454418" lon="111.160923"><time>2026-08-22T09:27:13.137Z</time></trkpt>
      <trkpt lat="24.454418" lon="111.160923"><time>2026-08-22T09:27:13.153Z</time></trkpt>
      <trkpt lat="24.454418" lon="111.160923"><time>2026-08-22T09:27:13.170Z</time></trkpt>
      <trkpt lat="24.454418" lon="111.160923"><time>2026-08-22T09:27:13.187Z</time></trkpt>
      <trkpt lat="24.454406" lon="111.16092"><time>2026-08-22T09:27:13.203Z</time></trkpt>
      <trkpt lat="24.454406" lon="111.16092"><time>2026-08-22T09:27:13.220Z</time></trkpt>
      <trkpt lat="24.454406" lon="111.16092"><time>2026-08-22T09:27:13.237Z</time></trkpt>
      <trkpt lat="24.454406" lon="111.16092"><time>2026-08-22T09:27:13.253Z</time></trkpt>
      <trkpt lat="24.454406" lon="111.16092"><time>2026-08-22T09:27:13.270Z</time></trkpt>
      <trkpt lat="24.454406" lon="111.16092"><time>2026-08-22T09:27:13.287Z</time></trkpt>
      <trkpt lat="24.454394" lon="111.160917"><time>2026-08-22T09:27:13.303Z</time></trkpt>
      <trkpt lat="24.454394" lon="111.160917"><time>2026-08-22T09:27:13.320Z</time></trkpt>
      <trkpt lat="24.454394" lon="111.160917"><time>2026-08-22T09:27:13.337Z</time></trkpt>
      <trkpt lat="24.454394" lon="111.160917"><time>2026-08-22T09:27:13.353Z</time></trkpt>
      <trkpt lat="24.454394" lon="111.160917"><time>2026-08-22T09:27:13.370Z</time></trkpt>
      <trkpt lat="24.454394" lon="111.160917"><time>2026-08-22T09:27:13.387Z</time></trkpt>
      <trkpt lat="24.454382" lon="111.160914"><time>2026-08-22T09:27:13.403Z</time></trkpt>
      <trkpt lat="24.454382" lon="111.160914"><time>2026-08-22T09:27:13.420Z</time></trkpt>
      <trkpt lat="24.454382" lon="111.160914"><time>2026-08-22T09:27:13.437Z</time></trkpt>
      <trkpt lat="24.454382" lon="111.160914"><time>2026-08-22T09:27:13.454Z</time></trkpt>
      <trkpt lat="24.454382" lon="111.160914"><time>2026-08-22T09:27:13.470Z</time></trkpt>
      <trkpt lat="24.454382" lon="111.160914"><time>2026-08-22T09:27:13.487Z</time></trkpt>
      <trkpt lat="24.45437" lon="111.160911"><time>2026-08-22T09:27:13.504Z</time></trkpt>
      <trkpt lat="24.45437" lon="111.160911"><time>2026-08-22T09:27:13.520Z</time></trkpt>
      <trkpt lat="24.45437" lon="111.160911"><time>2026-08-22T09:27:13.537Z</time></trkpt>
      <trkpt lat="24.45437" lon="111.160911"><time>2026-08-22T09:27:13.554Z</time></trkpt>
      <trkpt lat="24.45437" lon="111.160911"><time>2026-08-22T09:27:13.570Z</time></trkpt>
      <trkpt lat="24.45437" lon="111.160911"><time>2026-08-22T09:27:13.587Z</time></trkpt>
      <trkpt lat="24.454358" lon="111.160908"><time>2026-08-22T09:27:13.604Z</time></trkpt>
      <trkpt lat="24.454358" lon="111.160908"><time>2026-08-22T09:27:13.620Z</time></trkpt>
      <trkpt lat="24.454358" lon="111.160908"><time>2026-08-22T09:27:13.637Z</time></trkpt>
      <trkpt lat="24.454358" lon="111.160908"><time>2026-08-22T09:27:13.654Z</time></trkpt>
      <trkpt lat="24.454358" lon="111.160908"><time>2026-08-22T09:27:13.670Z</time></trkpt>
      <trkpt lat="24.454358" lon="111.160908"><time>2026-08-22T09:27:13.687Z</time></trkpt>
      <trkpt lat="24.454346" lon="111.160904"><time>2026-08-22T09:27:13.704Z</time></trkpt>
      <trkpt lat="24.454346" lon="111.160904"><time>2026-08-22T09:27:13.720Z</time></trkpt>
      <trkpt lat="24.454346" lon="111.160904"><time>2026-08-22T09:27:13.737Z</time></trkpt>
      <trkpt lat="24.454346" lon="111.160904"><time>2026-08-22T09:27:13.754Z</time></trkpt>
      <trkpt lat="24.454346" lon="111.160904"><time>2026-08-22T09:27:13.771Z</time></trkpt>
      <trkpt lat="24.454346" lon="111.160904"><time>2026-08-22T09:27:13.787Z</time></trkpt>
      <trkpt lat="24.454334" lon="111.1609"><time>2026-08-22T09:27:13.804Z</time></trkpt>
      <trkpt lat="24.454334" lon="111.1609"><time>2026-08-22T09:27:13.821Z</time></trkpt>
      <trkpt lat="24.454334" lon="111.1609"><time>2026-08-22T09:27:13.837Z</time></trkpt>
      <trkpt lat="24.454334" lon="111.1609"><time>2026-08-22T09:27:13.854Z</time></trkpt>
      <trkpt lat="24.454334" lon="111.1609"><time>2026-08-22T09:27:13.871Z</time></trkpt>
      <trkpt lat="24.454334" lon="111.1609"><time>2026-08-22T09:27:13.887Z</time></trkpt>
      <trkpt lat="24.454322" lon="111.160897"><time>2026-08-22T09:27:13.904Z</time></trkpt>
      <trkpt lat="24.454322" lon="111.160897"><time>2026-08-22T09:27:13.921Z</time></trkpt>
      <trkpt lat="24.454322" lon="111.160897"><time>2026-08-22T09:27:13.937Z</time></trkpt>
      <trkpt lat="24.454322" lon="111.160897"><time>2026-08-22T09:27:13.954Z</time></trkpt>
      <trkpt lat="24.454322" lon="111.160897"><time>2026-08-22T09:27:13.971Z</time></trkpt>
      <trkpt lat="24.454322" lon="111.160897"><time>2026-08-22T09:27:13.987Z</time></trkpt>
      <trkpt lat="24.45431" lon="111.160893"><time>2026-08-22T09:27:14.004Z</time></trkpt>
      <trkpt lat="24.45431" lon="111.160893"><time>2026-08-22T09:27:14.021Z</time></trkpt>
      <trkpt lat="24.45431" lon="111.160893"><time>2026-08-22T09:27:14.037Z</time></trkpt>
      <trkpt lat="24.45431" lon="111.160893"><time>2026-08-22T09:27:14.054Z</time></trkpt>
      <trkpt lat="24.45431" lon="111.160893"><time>2026-08-22T09:27:14.071Z</time></trkpt>
      <trkpt lat="24.45431" lon="111.160893"><time>2026-08-22T09:27:14.087Z</time></trkpt>
      <trkpt lat="24.454299" lon="111.160889"><time>2026-08-22T09:27:14.104Z</time></trkpt>
      <trkpt lat="24.454299" lon="111.160889"><time>2026-08-22T09:27:14.121Z</time></trkpt>
      <trkpt lat="24.454299" lon="111.160889"><time>2026-08-22T09:27:14.138Z</time></trkpt>
      <trkpt lat="24.454299" lon="111.160889"><time>2026-08-22T09:27:14.154Z</time></trkpt>
      <trkpt lat="24.454299" lon="111.160889"><time>2026-08-22T09:27:14.171Z</time></trkpt>
      <trkpt lat="24.454299" lon="111.160889"><time>2026-08-22T09:27:14.188Z</time></trkpt>
      <trkpt lat="24.454287" lon="111.160884"><time>2026-08-22T09:27:14.204Z</time></trkpt>
      <trkpt lat="24.454287" lon="111.160884"><time>2026-08-22T09:27:14.221Z</time></trkpt>
      <trkpt lat="24.454287" lon="111.160884"><time>2026-08-22T09:27:14.238Z</time></trkpt>
      <trkpt lat="24.454287" lon="111.160884"><time>2026-08-22T09:27:14.254Z</time></trkpt>
      <trkpt lat="24.454287" lon="111.160884"><time>2026-08-22T09:27:14.271Z</time></trkpt>
      <trkpt lat="24.454287" lon="111.160884"><time>2026-08-22T09:27:14.288Z</time></trkpt>
      <trkpt lat="24.454275" lon="111.16088"><time>2026-08-22T09:27:14.304Z</time></trkpt>
      <trkpt lat="24.454275" lon="111.16088"><time>2026-08-22T09:27:14.321Z</time></trkpt>
      <trkpt lat="24.454275" lon="111.16088"><time>2026-08-22T09:27:14.338Z</time></trkpt>
      <trkpt lat="24.454275" lon="111.16088"><time>2026-08-22T09:27:14.354Z</time></trkpt>
      <trkpt lat="24.454275" lon="111.16088"><time>2026-08-22T09:27:14.371Z</time></trkpt>
      <trkpt lat="24.454275" lon="111.16088"><time>2026-08-22T09:27:14.388Z</time></trkpt>
      <trkpt lat="24.454263" lon="111.160876"><time>2026-08-22T09:27:14.404Z</time></trkpt>
      <trkpt lat="24.454263" lon="111.160876"><time>2026-08-22T09:27:14.421Z</time></trkpt>
      <trkpt lat="24.454263" lon="111.160876"><time>2026-08-22T09:27:14.438Z</time></trkpt>
      <trkpt lat="24.454263" lon="111.160876"><time>2026-08-22T09:27:14.455Z</time></trkpt>
      <trkpt lat="24.454263" lon="111.160876"><time>2026-08-22T09:27:14.471Z</time></trkpt>
      <trkpt lat="24.454263" lon="111.160876"><time>2026-08-22T09:27:14.488Z</time></trkpt>
      <trkpt lat="24.454251" lon="111.160872"><time>2026-08-22T09:27:14.505Z</time></trkpt>
      <trkpt lat="24.454251" lon="111.160872"><time>2026-08-22T09:27:14.521Z</time></trkpt>
      <trkpt lat="24.454251" lon="111.160872"><time>2026-08-22T09:27:14.538Z</time></trkpt>
      <trkpt lat="24.454251" lon="111.160872"><time>2026-08-22T09:27:14.555Z</time></trkpt>
      <trkpt lat="24.454251" lon="111.160872"><time>2026-08-22T09:27:14.571Z</time></trkpt>
      <trkpt lat="24.454251" lon="111.160872"><time>2026-08-22T09:27:14.588Z</time></trkpt>
      <trkpt lat="24.45424" lon="111.16087"><time>2026-08-22T09:27:14.605Z</time></trkpt>
      <trkpt lat="24.45424" lon="111.16087"><time>2026-08-22T09:27:14.621Z</time></trkpt>
      <trkpt lat="24.45424" lon="111.16087"><time>2026-08-22T09:27:14.638Z</time></trkpt>
      <trkpt lat="24.45424" lon="111.16087"><time>2026-08-22T09:27:14.655Z</time></trkpt>
      <trkpt lat="24.45424" lon="111.16087"><time>2026-08-22T09:27:14.671Z</time></trkpt>
      <trkpt lat="24.45424" lon="111.16087"><time>2026-08-22T09:27:14.688Z</time></trkpt>
      <trkpt lat="24.454228" lon="111.160865"><time>2026-08-22T09:27:14.705Z</time></trkpt>
      <trkpt lat="24.454228" lon="111.160865"><time>2026-08-22T09:27:14.721Z</time></trkpt>
      <trkpt lat="24.454228" lon="111.160865"><time>2026-08-22T09:27:14.738Z</time></trkpt>
      <trkpt lat="24.454228" lon="111.160865"><time>2026-08-22T09:27:14.755Z</time></trkpt>
      <trkpt lat="24.454228" lon="111.160865"><time>2026-08-22T09:27:14.772Z</time></trkpt>
      <trkpt lat="24.454228" lon="111.160865"><time>2026-08-22T09:27:14.788Z</time></trkpt>
      <trkpt lat="24.454216" lon="111.160861"><time>2026-08-22T09:27:14.805Z</time></trkpt>
      <trkpt lat="24.454216" lon="111.160861"><time>2026-08-22T09:27:14.822Z</time></trkpt>
      <trkpt lat="24.454216" lon="111.160861"><time>2026-08-22T09:27:14.838Z</time></trkpt>
      <trkpt lat="24.454216" lon="111.160861"><time>2026-08-22T09:27:14.855Z</time></trkpt>
      <trkpt lat="24.454216" lon="111.160861"><time>2026-08-22T09:27:14.872Z</time></trkpt>
      <trkpt lat="24.454204" lon="111.160857"><time>2026-08-22T09:27:14.888Z</time></trkpt>
      <trkpt lat="24.454204" lon="111.160857"><time>2026-08-22T09:27:14.905Z</time></trkpt>
      <trkpt lat="24.454204" lon="111.160857"><time>2026-08-22T09:27:14.922Z</time></trkpt>
      <trkpt lat="24.454204" lon="111.160857"><time>2026-08-22T09:27:14.938Z</time></trkpt>
      <trkpt lat="24.454204" lon="111.160857"><time>2026-08-22T09:27:14.955Z</time></trkpt>
      <trkpt lat="24.454204" lon="111.160857"><time>2026-08-22T09:27:14.972Z</time></trkpt>
      <trkpt lat="24.454193" lon="111.160853"><time>2026-08-22T09:27:14.988Z</time></trkpt>
      <trkpt lat="24.454193" lon="111.160853"><time>2026-08-22T09:27:15.005Z</time></trkpt>
      <trkpt lat="24.454193" lon="111.160853"><time>2026-08-22T09:27:15.022Z</time></trkpt>
      <trkpt lat="24.454193" lon="111.160853"><time>2026-08-22T09:27:15.038Z</time></trkpt>
      <trkpt lat="24.454193" lon="111.160853"><time>2026-08-22T09:27:15.055Z</time></trkpt>
      <trkpt lat="24.454193" lon="111.160853"><time>2026-08-22T09:27:15.072Z</time></trkpt>
      <trkpt lat="24.454181" lon="111.160849"><time>2026-08-22T09:27:15.089Z</time></trkpt>
      <trkpt lat="24.454181" lon="111.160849"><time>2026-08-22T09:27:15.105Z</time></trkpt>
      <trkpt lat="24.454181" lon="111.160849"><time>2026-08-22T09:27:15.122Z</time></trkpt>
      <trkpt lat="24.454181" lon="111.160849"><time>2026-08-22T09:27:15.139Z</time></trkpt>
      <trkpt lat="24.454181" lon="111.160849"><time>2026-08-22T09:27:15.155Z</time></trkpt>
      <trkpt lat="24.454181" lon="111.160849"><time>2026-08-22T09:27:15.172Z</time></trkpt>
      <trkpt lat="24.45417" lon="111.160845"><time>2026-08-22T09:27:15.189Z</time></trkpt>
      <trkpt lat="24.45417" lon="111.160845"><time>2026-08-22T09:27:15.205Z</time></trkpt>
      <trkpt lat="24.45417" lon="111.160845"><time>2026-08-22T09:27:15.222Z</time></trkpt>
      <trkpt lat="24.45417" lon="111.160845"><time>2026-08-22T09:27:15.239Z</time></trkpt>
      <trkpt lat="24.45417" lon="111.160845"><time>2026-08-22T09:27:15.255Z</time></trkpt>
      <trkpt lat="24.45417" lon="111.160845"><time>2026-08-22T09:27:15.272Z</time></trkpt>
      <trkpt lat="24.454159" lon="111.160841"><time>2026-08-22T09:27:15.289Z</time></trkpt>
      <trkpt lat="24.454159" lon="111.160841"><time>2026-08-22T09:27:15.305Z</time></trkpt>
      <trkpt lat="24.454159" lon="111.160841"><time>2026-08-22T09:27:15.322Z</time></trkpt>
      <trkpt lat="24.454159" lon="111.160841"><time>2026-08-22T09:27:15.339Z</time></trkpt>
      <trkpt lat="24.454159" lon="111.160841"><time>2026-08-22T09:27:15.355Z</time></trkpt>
      <trkpt lat="24.454159" lon="111.160841"><time>2026-08-22T09:27:15.372Z</time></trkpt>
      <trkpt lat="24.454159" lon="111.160841"><time>2026-08-22T09:27:15.389Z</time></trkpt>
      <trkpt lat="24.454148" lon="111.160836"><time>2026-08-22T09:27:15.406Z</time></trkpt>
      <trkpt lat="24.454148" lon="111.160836"><time>2026-08-22T09:27:15.422Z</time></trkpt>
      <trkpt lat="24.454148" lon="111.160836"><time>2026-08-22T09:27:15.439Z</time></trkpt>
      <trkpt lat="24.454148" lon="111.160836"><time>2026-08-22T09:27:15.456Z</time></trkpt>
      <trkpt lat="24.454148" lon="111.160836"><time>2026-08-22T09:27:15.472Z</time></trkpt>
      <trkpt lat="24.454137" lon="111.160832"><time>2026-08-22T09:27:15.489Z</time></trkpt>
      <trkpt lat="24.454137" lon="111.160832"><time>2026-08-22T09:27:15.506Z</time></trkpt>
      <trkpt lat="24.454137" lon="111.160832"><time>2026-08-22T09:27:15.522Z</time></trkpt>
      <trkpt lat="24.454137" lon="111.160832"><time>2026-08-22T09:27:15.539Z</time></trkpt>
      <trkpt lat="24.454137" lon="111.160832"><time>2026-08-22T09:27:15.556Z</time></trkpt>
      <trkpt lat="24.454137" lon="111.160832"><time>2026-08-22T09:27:15.572Z</time></trkpt>
      <trkpt lat="24.454127" lon="111.160828"><time>2026-08-22T09:27:15.589Z</time></trkpt>
      <trkpt lat="24.454127" lon="111.160828"><time>2026-08-22T09:27:15.606Z</time></trkpt>
      <trkpt lat="24.454127" lon="111.160828"><time>2026-08-22T09:27:15.622Z</time></trkpt>
      <trkpt lat="24.454127" lon="111.160828"><time>2026-08-22T09:27:15.639Z</time></trkpt>
      <trkpt lat="24.454127" lon="111.160828"><time>2026-08-22T09:27:15.656Z</time></trkpt>
      <trkpt lat="24.454127" lon="111.160828"><time>2026-08-22T09:27:15.672Z</time></trkpt>
      <trkpt lat="24.454116" lon="111.160825"><time>2026-08-22T09:27:15.689Z</time></trkpt>
      <trkpt lat="24.454116" lon="111.160825"><time>2026-08-22T09:27:15.706Z</time></trkpt>
      <trkpt lat="24.454116" lon="111.160825"><time>2026-08-22T09:27:15.723Z</time></trkpt>
      <trkpt lat="24.454116" lon="111.160825"><time>2026-08-22T09:27:15.739Z</time></trkpt>
      <trkpt lat="24.454116" lon="111.160825"><time>2026-08-22T09:27:15.756Z</time></trkpt>
      <trkpt lat="24.454116" lon="111.160825"><time>2026-08-22T09:27:15.773Z</time></trkpt>
      <trkpt lat="24.454106" lon="111.160821"><time>2026-08-22T09:27:15.789Z</time></trkpt>
      <trkpt lat="24.454106" lon="111.160821"><time>2026-08-22T09:27:15.806Z</time></trkpt>
      <trkpt lat="24.454106" lon="111.160821"><time>2026-08-22T09:27:15.823Z</time></trkpt>
      <trkpt lat="24.454106" lon="111.160821"><time>2026-08-22T09:27:15.839Z</time></trkpt>
      <trkpt lat="24.454106" lon="111.160821"><time>2026-08-22T09:27:15.856Z</time></trkpt>
      <trkpt lat="24.454106" lon="111.160821"><time>2026-08-22T09:27:15.873Z</time></trkpt>
      <trkpt lat="24.454097" lon="111.160817"><time>2026-08-22T09:27:15.889Z</time></trkpt>
      <trkpt lat="24.454097" lon="111.160817"><time>2026-08-22T09:27:15.906Z</time></trkpt>
      <trkpt lat="24.454097" lon="111.160817"><time>2026-08-22T09:27:15.923Z</time></trkpt>
      <trkpt lat="24.454097" lon="111.160817"><time>2026-08-22T09:27:15.939Z</time></trkpt>
      <trkpt lat="24.454097" lon="111.160817"><time>2026-08-22T09:27:15.956Z</time></trkpt>
      <trkpt lat="24.454097" lon="111.160817"><time>2026-08-22T09:27:15.973Z</time></trkpt>
      <trkpt lat="24.454087" lon="111.160814"><time>2026-08-22T09:27:15.989Z</time></trkpt>
      <trkpt lat="24.454087" lon="111.160814"><time>2026-08-22T09:27:16.006Z</time></trkpt>
      <trkpt lat="24.454087" lon="111.160814"><time>2026-08-22T09:27:16.023Z</time></trkpt>
      <trkpt lat="24.454087" lon="111.160814"><time>2026-08-22T09:27:16.040Z</time></trkpt>
      <trkpt lat="24.454087" lon="111.160814"><time>2026-08-22T09:27:16.056Z</time></trkpt>
      <trkpt lat="24.454087" lon="111.160814"><time>2026-08-22T09:27:16.073Z</time></trkpt>
      <trkpt lat="24.454078" lon="111.160811"><time>2026-08-22T09:27:16.090Z</time></trkpt>
      <trkpt lat="24.454078" lon="111.160811"><time>2026-08-22T09:27:16.106Z</time></trkpt>
      <trkpt lat="24.454078" lon="111.160811"><time>2026-08-22T09:27:16.123Z</time></trkpt>
      <trkpt lat="24.454078" lon="111.160811"><time>2026-08-22T09:27:16.140Z</time></trkpt>
      <trkpt lat="24.454078" lon="111.160811"><time>2026-08-22T09:27:16.156Z</time></trkpt>
      <trkpt lat="24.454078" lon="111.160811"><time>2026-08-22T09:27:16.173Z</time></trkpt>
      <trkpt lat="24.454069" lon="111.160808"><time>2026-08-22T09:27:16.190Z</time></trkpt>
      <trkpt lat="24.454069" lon="111.160808"><time>2026-08-22T09:27:16.206Z</time></trkpt>
      <trkpt lat="24.454069" lon="111.160808"><time>2026-08-22T09:27:16.223Z</time></trkpt>
      <trkpt lat="24.454069" lon="111.160808"><time>2026-08-22T09:27:16.240Z</time></trkpt>
      <trkpt lat="24.454069" lon="111.160808"><time>2026-08-22T09:27:16.256Z</time></trkpt>
      <trkpt lat="24.454069" lon="111.160808"><time>2026-08-22T09:27:16.273Z</time></trkpt>
      <trkpt lat="24.45406" lon="111.160805"><time>2026-08-22T09:27:16.290Z</time></trkpt>
      <trkpt lat="24.45406" lon="111.160805"><time>2026-08-22T09:27:16.306Z</time></trkpt>
      <trkpt lat="24.45406" lon="111.160805"><time>2026-08-22T09:27:16.323Z</time></trkpt>
      <trkpt lat="24.45406" lon="111.160805"><time>2026-08-22T09:27:16.340Z</time></trkpt>
      <trkpt lat="24.45406" lon="111.160805"><time>2026-08-22T09:27:16.357Z</time></trkpt>
      <trkpt lat="24.45406" lon="111.160805"><time>2026-08-22T09:27:16.373Z</time></trkpt>
      <trkpt lat="24.454052" lon="111.160803"><time>2026-08-22T09:27:16.390Z</time></trkpt>
      <trkpt lat="24.454052" lon="111.160803"><time>2026-08-22T09:27:16.407Z</time></trkpt>
      <trkpt lat="24.454052" lon="111.160803"><time>2026-08-22T09:27:16.423Z</time></trkpt>
      <trkpt lat="24.454052" lon="111.160803"><time>2026-08-22T09:27:16.440Z</time></trkpt>
      <trkpt lat="24.454052" lon="111.160803"><time>2026-08-22T09:27:16.457Z</time></trkpt>
      <trkpt lat="24.454052" lon="111.160803"><time>2026-08-22T09:27:16.473Z</time></trkpt>
      <trkpt lat="24.454044" lon="111.1608"><time>2026-08-22T09:27:16.490Z</time></trkpt>
      <trkpt lat="24.454044" lon="111.1608"><time>2026-08-22T09:27:16.507Z</time></trkpt>
      <trkpt lat="24.454044" lon="111.1608"><time>2026-08-22T09:27:16.523Z</time></trkpt>
      <trkpt lat="24.454044" lon="111.1608"><time>2026-08-22T09:27:16.540Z</time></trkpt>
      <trkpt lat="24.454044" lon="111.1608"><time>2026-08-22T09:27:16.557Z</time></trkpt>
      <trkpt lat="24.454044" lon="111.1608"><time>2026-08-22T09:27:16.573Z</time></trkpt>
      <trkpt lat="24.454036" lon="111.160798"><time>2026-08-22T09:27:16.590Z</time></trkpt>
      <trkpt lat="24.454036" lon="111.160798"><time>2026-08-22T09:27:16.607Z</time></trkpt>
      <trkpt lat="24.454036" lon="111.160798"><time>2026-08-22T09:27:16.623Z</time></trkpt>
      <trkpt lat="24.454036" lon="111.160798"><time>2026-08-22T09:27:16.640Z</time></trkpt>
      <trkpt lat="24.454036" lon="111.160798"><time>2026-08-22T09:27:16.657Z</time></trkpt>
      <trkpt lat="24.454036" lon="111.160798"><time>2026-08-22T09:27:16.674Z</time></trkpt>
      <trkpt lat="24.454028" lon="111.160797"><time>2026-08-22T09:27:16.690Z</time></trkpt>
      <trkpt lat="24.454028" lon="111.160797"><time>2026-08-22T09:27:16.707Z</time></trkpt>
      <trkpt lat="24.454028" lon="111.160797"><time>2026-08-22T09:27:16.724Z</time></trkpt>
      <trkpt lat="24.454028" lon="111.160797"><time>2026-08-22T09:27:16.740Z</time></trkpt>
      <trkpt lat="24.454028" lon="111.160797"><time>2026-08-22T09:27:16.757Z</time></trkpt>
      <trkpt lat="24.454028" lon="111.160797"><time>2026-08-22T09:27:16.774Z</time></trkpt>
      <trkpt lat="24.45402" lon="111.160795"><time>2026-08-22T09:27:16.790Z</time></trkpt>
      <trkpt lat="24.45402" lon="111.160795"><time>2026-08-22T09:27:16.807Z</time></trkpt>
      <trkpt lat="24.45402" lon="111.160795"><time>2026-08-22T09:27:16.824Z</time></trkpt>
      <trkpt lat="24.45402" lon="111.160795"><time>2026-08-22T09:27:16.840Z</time></trkpt>
      <trkpt lat="24.45402" lon="111.160795"><time>2026-08-22T09:27:16.857Z</time></trkpt>
      <trkpt lat="24.45402" lon="111.160795"><time>2026-08-22T09:27:16.874Z</time></trkpt>
      <trkpt lat="24.454013" lon="111.160793"><time>2026-08-22T09:27:16.890Z</time></trkpt>
      <trkpt lat="24.454013" lon="111.160793"><time>2026-08-22T09:27:16.907Z</time></trkpt>
      <trkpt lat="24.454013" lon="111.160793"><time>2026-08-22T09:27:16.924Z</time></trkpt>
      <trkpt lat="24.454013" lon="111.160793"><time>2026-08-22T09:27:16.940Z</time></trkpt>
      <trkpt lat="24.454013" lon="111.160793"><time>2026-08-22T09:27:16.957Z</time></trkpt>
      <trkpt lat="24.454013" lon="111.160793"><time>2026-08-22T09:27:16.974Z</time></trkpt>
      <trkpt lat="24.454006" lon="111.160792"><time>2026-08-22T09:27:16.991Z</time></trkpt>
      <trkpt lat="24.454006" lon="111.160792"><time>2026-08-22T09:27:17.007Z</time></trkpt>
      <trkpt lat="24.454006" lon="111.160792"><time>2026-08-22T09:27:17.024Z</time></trkpt>
      <trkpt lat="24.454006" lon="111.160792"><time>2026-08-22T09:27:17.041Z</time></trkpt>
      <trkpt lat="24.454006" lon="111.160792"><time>2026-08-22T09:27:17.057Z</time></trkpt>
      <trkpt lat="24.454006" lon="111.160792"><time>2026-08-22T09:27:17.074Z</time></trkpt>
      <trkpt lat="24.453998" lon="111.160791"><time>2026-08-22T09:27:17.091Z</time></trkpt>
      <trkpt lat="24.453998" lon="111.160791"><time>2026-08-22T09:27:17.107Z</time></trkpt>
      <trkpt lat="24.453998" lon="111.160791"><time>2026-08-22T09:27:17.124Z</time></trkpt>
      <trkpt lat="24.453998" lon="111.160791"><time>2026-08-22T09:27:17.141Z</time></trkpt>
      <trkpt lat="24.453998" lon="111.160791"><time>2026-08-22T09:27:17.157Z</time></trkpt>
      <trkpt lat="24.453998" lon="111.160791"><time>2026-08-22T09:27:17.174Z</time></trkpt>
      <trkpt lat="24.453998" lon="111.160791"><time>2026-08-22T09:27:17.191Z</time></trkpt>
      <trkpt lat="24.453991" lon="111.160789"><time>2026-08-22T09:27:17.207Z</time></trkpt>
      <trkpt lat="24.453991" lon="111.160789"><time>2026-08-22T09:27:17.224Z</time></trkpt>
      <trkpt lat="24.453991" lon="111.160789"><time>2026-08-22T09:27:17.241Z</time></trkpt>
      <trkpt lat="24.453991" lon="111.160789"><time>2026-08-22T09:27:17.257Z</time></trkpt>
      <trkpt lat="24.453991" lon="111.160789"><time>2026-08-22T09:27:17.274Z</time></trkpt>
      <trkpt lat="24.453984" lon="111.160788"><time>2026-08-22T09:27:17.291Z</time></trkpt>
      <trkpt lat="24.453984" lon="111.160788"><time>2026-08-22T09:27:17.308Z</time></trkpt>
      <trkpt lat="24.453984" lon="111.160788"><time>2026-08-22T09:27:17.324Z</time></trkpt>
      <trkpt lat="24.453984" lon="111.160788"><time>2026-08-22T09:27:17.341Z</time></trkpt>
      <trkpt lat="24.453984" lon="111.160788"><time>2026-08-22T09:27:17.358Z</time></trkpt>
      <trkpt lat="24.453984" lon="111.160788"><time>2026-08-22T09:27:17.374Z</time></trkpt>
      <trkpt lat="24.453977" lon="111.160787"><time>2026-08-22T09:27:17.391Z</time></trkpt>
      <trkpt lat="24.453977" lon="111.160787"><time>2026-08-22T09:27:17.408Z</time></trkpt>
      <trkpt lat="24.453977" lon="111.160787"><time>2026-08-22T09:27:17.424Z</time></trkpt>
      <trkpt lat="24.453977" lon="111.160787"><time>2026-08-22T09:27:17.441Z</time></trkpt>
      <trkpt lat="24.453977" lon="111.160787"><time>2026-08-22T09:27:17.458Z</time></trkpt>
      <trkpt lat="24.453977" lon="111.160787"><time>2026-08-22T09:27:17.474Z</time></trkpt>
      <trkpt lat="24.45397" lon="111.160786"><time>2026-08-22T09:27:17.491Z</time></trkpt>
      <trkpt lat="24.45397" lon="111.160786"><time>2026-08-22T09:27:17.508Z</time></trkpt>
      <trkpt lat="24.45397" lon="111.160786"><time>2026-08-22T09:27:17.524Z</time></trkpt>
      <trkpt lat="24.45397" lon="111.160786"><time>2026-08-22T09:27:17.541Z</time></trkpt>
      <trkpt lat="24.45397" lon="111.160786"><time>2026-08-22T09:27:17.558Z</time></trkpt>
      <trkpt lat="24.45397" lon="111.160786"><time>2026-08-22T09:27:17.574Z</time></trkpt>
      <trkpt lat="24.453963" lon="111.160786"><time>2026-08-22T09:27:17.591Z</time></trkpt>
      <trkpt lat="24.453963" lon="111.160786"><time>2026-08-22T09:27:17.608Z</time></trkpt>
      <trkpt lat="24.453963" lon="111.160786"><time>2026-08-22T09:27:17.625Z</time></trkpt>
      <trkpt lat="24.453963" lon="111.160786"><time>2026-08-22T09:27:17.641Z</time></trkpt>
      <trkpt lat="24.453963" lon="111.160786"><time>2026-08-22T09:27:17.658Z</time></trkpt>
      <trkpt lat="24.453963" lon="111.160786"><time>2026-08-22T09:27:17.675Z</time></trkpt>
      <trkpt lat="24.453957" lon="111.160785"><time>2026-08-22T09:27:17.691Z</time></trkpt>
      <trkpt lat="24.453957" lon="111.160785"><time>2026-08-22T09:27:17.708Z</time></trkpt>
      <trkpt lat="24.453957" lon="111.160785"><time>2026-08-22T09:27:17.725Z</time></trkpt>
      <trkpt lat="24.453957" lon="111.160785"><time>2026-08-22T09:27:17.741Z</time></trkpt>
      <trkpt lat="24.453957" lon="111.160785"><time>2026-08-22T09:27:17.758Z</time></trkpt>
      <trkpt lat="24.453957" lon="111.160785"><time>2026-08-22T09:27:17.775Z</time></trkpt>
      <trkpt lat="24.453957" lon="111.160785"><time>2026-08-22T09:27:17.791Z</time></trkpt>
      <trkpt lat="24.45395" lon="111.160784"><time>2026-08-22T09:27:17.808Z</time></trkpt>
      <trkpt lat="24.45395" lon="111.160784"><time>2026-08-22T09:27:17.825Z</time></trkpt>
      <trkpt lat="24.45395" lon="111.160784"><time>2026-08-22T09:27:17.841Z</time></trkpt>
      <trkpt lat="24.45395" lon="111.160784"><time>2026-08-22T09:27:17.858Z</time></trkpt>
      <trkpt lat="24.45395" lon="111.160784"><time>2026-08-22T09:27:17.875Z</time></trkpt>
      <trkpt lat="24.453943" lon="111.160784"><time>2026-08-22T09:27:17.891Z</time></trkpt>
      <trkpt lat="24.453943" lon="111.160784"><time>2026-08-22T09:27:17.908Z</time></trkpt>
      <trkpt lat="24.453943" lon="111.160784"><time>2026-08-22T09:27:17.925Z</time></trkpt>
      <trkpt lat="24.453943" lon="111.160784"><time>2026-08-22T09:27:17.942Z</time></trkpt>
      <trkpt lat="24.453943" lon="111.160784"><time>2026-08-22T09:27:17.958Z</time></trkpt>
      <trkpt lat="24.453943" lon="111.160784"><time>2026-08-22T09:27:17.975Z</time></trkpt>
      <trkpt lat="24.453937" lon="111.160784"><time>2026-08-22T09:27:17.992Z</time></trkpt>
      <trkpt lat="24.453937" lon="111.160784"><time>2026-08-22T09:27:18.008Z</time></trkpt>
      <trkpt lat="24.453937" lon="111.160784"><time>2026-08-22T09:27:18.025Z</time></trkpt>
      <trkpt lat="24.453937" lon="111.160784"><time>2026-08-22T09:27:18.042Z</time></trkpt>
      <trkpt lat="24.453937" lon="111.160784"><time>2026-08-22T09:27:18.058Z</time></trkpt>
      <trkpt lat="24.453937" lon="111.160784"><time>2026-08-22T09:27:18.075Z</time></trkpt>
      <trkpt lat="24.45393" lon="111.160784"><time>2026-08-22T09:27:18.092Z</time></trkpt>
      <trkpt lat="24.45393" lon="111.160784"><time>2026-08-22T09:27:18.108Z</time></trkpt>
      <trkpt lat="24.45393" lon="111.160784"><time>2026-08-22T09:27:18.125Z</time></trkpt>
      <trkpt lat="24.45393" lon="111.160784"><time>2026-08-22T09:27:18.142Z</time></trkpt>
      <trkpt lat="24.45393" lon="111.160784"><time>2026-08-22T09:27:18.158Z</time></trkpt>
      <trkpt lat="24.45393" lon="111.160784"><time>2026-08-22T09:27:18.175Z</time></trkpt>
      <trkpt lat="24.453924" lon="111.160783"><time>2026-08-22T09:27:18.192Z</time></trkpt>
      <trkpt lat="24.453924" lon="111.160783"><time>2026-08-22T09:27:18.208Z</time></trkpt>
      <trkpt lat="24.453924" lon="111.160783"><time>2026-08-22T09:27:18.225Z</time></trkpt>
      <trkpt lat="24.453924" lon="111.160783"><time>2026-08-22T09:27:18.242Z</time></trkpt>
      <trkpt lat="24.453924" lon="111.160783"><time>2026-08-22T09:27:18.259Z</time></trkpt>
      <trkpt lat="24.453924" lon="111.160783"><time>2026-08-22T09:27:18.275Z</time></trkpt>
      <trkpt lat="24.453918" lon="111.160783"><time>2026-08-22T09:27:18.292Z</time></trkpt>
      <trkpt lat="24.453918" lon="111.160783"><time>2026-08-22T09:27:18.309Z</time></trkpt>
      <trkpt lat="24.453918" lon="111.160783"><time>2026-08-22T09:27:18.325Z</time></trkpt>
      <trkpt lat="24.453918" lon="111.160783"><time>2026-08-22T09:27:18.342Z</time></trkpt>
      <trkpt lat="24.453918" lon="111.160783"><time>2026-08-22T09:27:18.359Z</time></trkpt>
      <trkpt lat="24.453918" lon="111.160783"><time>2026-08-22T09:27:18.375Z</time></trkpt>
      <trkpt lat="24.453912" lon="111.160784"><time>2026-08-22T09:27:18.392Z</time></trkpt>
      <trkpt lat="24.453912" lon="111.160784"><time>2026-08-22T09:27:18.409Z</time></trkpt>
      <trkpt lat="24.453912" lon="111.160784"><time>2026-08-22T09:27:18.425Z</time></trkpt>
      <trkpt lat="24.453912" lon="111.160784"><time>2026-08-22T09:27:18.442Z</time></trkpt>
      <trkpt lat="24.453912" lon="111.160784"><time>2026-08-22T09:27:18.459Z</time></trkpt>
      <trkpt lat="24.453912" lon="111.160784"><time>2026-08-22T09:27:18.475Z</time></trkpt>
      <trkpt lat="24.453906" lon="111.160784"><time>2026-08-22T09:27:18.492Z</time></trkpt>
      <trkpt lat="24.453906" lon="111.160784"><time>2026-08-22T09:27:18.509Z</time></trkpt>
      <trkpt lat="24.453906" lon="111.160784"><time>2026-08-22T09:27:18.525Z</time></trkpt>
      <trkpt lat="24.453906" lon="111.160784"><time>2026-08-22T09:27:18.542Z</time></trkpt>
      <trkpt lat="24.453906" lon="111.160784"><time>2026-08-22T09:27:18.559Z</time></trkpt>
      <trkpt lat="24.453906" lon="111.160784"><time>2026-08-22T09:27:18.576Z</time></trkpt>
      <trkpt lat="24.4539" lon="111.160784"><time>2026-08-22T09:27:18.592Z</time></trkpt>
      <trkpt lat="24.4539" lon="111.160784"><time>2026-08-22T09:27:18.609Z</time></trkpt>
      <trkpt lat="24.4539" lon="111.160784"><time>2026-08-22T09:27:18.626Z</time></trkpt>
      <trkpt lat="24.4539" lon="111.160784"><time>2026-08-22T09:27:18.642Z</time></trkpt>
      <trkpt lat="24.4539" lon="111.160784"><time>2026-08-22T09:27:18.659Z</time></trkpt>
      <trkpt lat="24.4539" lon="111.160784"><time>2026-08-22T09:27:18.676Z</time></trkpt>
      <trkpt lat="24.453895" lon="111.160784"><time>2026-08-22T09:27:18.692Z</time></trkpt>
      <trkpt lat="24.453895" lon="111.160784"><time>2026-08-22T09:27:18.709Z</time></trkpt>
      <trkpt lat="24.453895" lon="111.160784"><time>2026-08-22T09:27:18.726Z</time></trkpt>
      <trkpt lat="24.453895" lon="111.160784"><time>2026-08-22T09:27:18.742Z</time></trkpt>
      <trkpt lat="24.453895" lon="111.160784"><time>2026-08-22T09:27:18.759Z</time></trkpt>
      <trkpt lat="24.453895" lon="111.160784"><time>2026-08-22T09:27:18.776Z</time></trkpt>
      <trkpt lat="24.453889" lon="111.160785"><time>2026-08-22T09:27:18.792Z</time></trkpt>
      <trkpt lat="24.453889" lon="111.160785"><time>2026-08-22T09:27:18.809Z</time></trkpt>
      <trkpt lat="24.453889" lon="111.160785"><time>2026-08-22T09:27:18.826Z</time></trkpt>
      <trkpt lat="24.453889" lon="111.160785"><time>2026-08-22T09:27:18.842Z</time></trkpt>
      <trkpt lat="24.453889" lon="111.160785"><time>2026-08-22T09:27:18.859Z</time></trkpt>
      <trkpt lat="24.453889" lon="111.160785"><time>2026-08-22T09:27:18.876Z</time></trkpt>
      <trkpt lat="24.453883" lon="111.160785"><time>2026-08-22T09:27:18.893Z</time></trkpt>
      <trkpt lat="24.453883" lon="111.160785"><time>2026-08-22T09:27:18.909Z</time></trkpt>
      <trkpt lat="24.453883" lon="111.160785"><time>2026-08-22T09:27:18.926Z</time></trkpt>
      <trkpt lat="24.453883" lon="111.160785"><time>2026-08-22T09:27:18.943Z</time></trkpt>
      <trkpt lat="24.453883" lon="111.160785"><time>2026-08-22T09:27:18.959Z</time></trkpt>
      <trkpt lat="24.453883" lon="111.160785"><time>2026-08-22T09:27:18.976Z</time></trkpt>
      <trkpt lat="24.453877" lon="111.160786"><time>2026-08-22T09:27:18.993Z</time></trkpt>
      <trkpt lat="24.453877" lon="111.160786"><time>2026-08-22T09:27:19.009Z</time></trkpt>
      <trkpt lat="24.453877" lon="111.160786"><time>2026-08-22T09:27:19.026Z</time></trkpt>
      <trkpt lat="24.453877" lon="111.160786"><time>2026-08-22T09:27:19.043Z</time></trkpt>
      <trkpt lat="24.453877" lon="111.160786"><time>2026-08-22T09:27:19.059Z</time></trkpt>
      <trkpt lat="24.453877" lon="111.160786"><time>2026-08-22T09:27:19.076Z</time></trkpt>
      <trkpt lat="24.453871" lon="111.160786"><time>2026-08-22T09:27:19.093Z</time></trkpt>
      <trkpt lat="24.453871" lon="111.160786"><time>2026-08-22T09:27:19.109Z</time></trkpt>
      <trkpt lat="24.453871" lon="111.160786"><time>2026-08-22T09:27:19.126Z</time></trkpt>
      <trkpt lat="24.453871" lon="111.160786"><time>2026-08-22T09:27:19.143Z</time></trkpt>
      <trkpt lat="24.453871" lon="111.160786"><time>2026-08-22T09:27:19.159Z</time></trkpt>
      <trkpt lat="24.453871" lon="111.160786"><time>2026-08-22T09:27:19.176Z</time></trkpt>
      <trkpt lat="24.453865" lon="111.160787"><time>2026-08-22T09:27:19.193Z</time></trkpt>
      <trkpt lat="24.453865" lon="111.160787"><time>2026-08-22T09:27:19.210Z</time></trkpt>
      <trkpt lat="24.453865" lon="111.160787"><time>2026-08-22T09:27:19.226Z</time></trkpt>
      <trkpt lat="24.453865" lon="111.160787"><time>2026-08-22T09:27:19.243Z</time></trkpt>
      <trkpt lat="24.453865" lon="111.160787"><time>2026-08-22T09:27:19.260Z</time></trkpt>
      <trkpt lat="24.453865" lon="111.160787"><time>2026-08-22T09:27:19.276Z</time></trkpt>
      <trkpt lat="24.453858" lon="111.160788"><time>2026-08-22T09:27:19.293Z</time></trkpt>
      <trkpt lat="24.453858" lon="111.160788"><time>2026-08-22T09:27:19.310Z</time></trkpt>
      <trkpt lat="24.453858" lon="111.160788"><time>2026-08-22T09:27:19.326Z</time></trkpt>
      <trkpt lat="24.453858" lon="111.160788"><time>2026-08-22T09:27:19.343Z</time></trkpt>
      <trkpt lat="24.453858" lon="111.160788"><time>2026-08-22T09:27:19.360Z</time></trkpt>
      <trkpt lat="24.453858" lon="111.160788"><time>2026-08-22T09:27:19.376Z</time></trkpt>
      <trkpt lat="24.453852" lon="111.160789"><time>2026-08-22T09:27:19.393Z</time></trkpt>
      <trkpt lat="24.453852" lon="111.160789"><time>2026-08-22T09:27:19.410Z</time></trkpt>
      <trkpt lat="24.453852" lon="111.160789"><time>2026-08-22T09:27:19.426Z</time></trkpt>
      <trkpt lat="24.453852" lon="111.160789"><time>2026-08-22T09:27:19.443Z</time></trkpt>
      <trkpt lat="24.453852" lon="111.160789"><time>2026-08-22T09:27:19.460Z</time></trkpt>
      <trkpt lat="24.453852" lon="111.160789"><time>2026-08-22T09:27:19.476Z</time></trkpt>
      <trkpt lat="24.453846" lon="111.160789"><time>2026-08-22T09:27:19.493Z</time></trkpt>
      <trkpt lat="24.453846" lon="111.160789"><time>2026-08-22T09:27:19.510Z</time></trkpt>
      <trkpt lat="24.453846" lon="111.160789"><time>2026-08-22T09:27:19.527Z</time></trkpt>
      <trkpt lat="24.453846" lon="111.160789"><time>2026-08-22T09:27:19.543Z</time></trkpt>
      <trkpt lat="24.453846" lon="111.160789"><time>2026-08-22T09:27:19.560Z</time></trkpt>
      <trkpt lat="24.453846" lon="111.160789"><time>2026-08-22T09:27:19.577Z</time></trkpt>
      <trkpt lat="24.453839" lon="111.16079"><time>2026-08-22T09:27:19.593Z</time></trkpt>
      <trkpt lat="24.453839" lon="111.16079"><time>2026-08-22T09:27:19.610Z</time></trkpt>
      <trkpt lat="24.453839" lon="111.16079"><time>2026-08-22T09:27:19.627Z</time></trkpt>
      <trkpt lat="24.453839" lon="111.16079"><time>2026-08-22T09:27:19.643Z</time></trkpt>
      <trkpt lat="24.453839" lon="111.16079"><time>2026-08-22T09:27:19.660Z</time></trkpt>
      <trkpt lat="24.453839" lon="111.16079"><time>2026-08-22T09:27:19.677Z</time></trkpt>
      <trkpt lat="24.453833" lon="111.160791"><time>2026-08-22T09:27:19.693Z</time></trkpt>
      <trkpt lat="24.453833" lon="111.160791"><time>2026-08-22T09:27:19.710Z</time></trkpt>
      <trkpt lat="24.453833" lon="111.160791"><time>2026-08-22T09:27:19.727Z</time></trkpt>
      <trkpt lat="24.453833" lon="111.160791"><time>2026-08-22T09:27:19.743Z</time></trkpt>
      <trkpt lat="24.453833" lon="111.160791"><time>2026-08-22T09:27:19.760Z</time></trkpt>
      <trkpt lat="24.453833" lon="111.160791"><time>2026-08-22T09:27:19.777Z</time></trkpt>
      <trkpt lat="24.453826" lon="111.160792"><time>2026-08-22T09:27:19.793Z</time></trkpt>
      <trkpt lat="24.453826" lon="111.160792"><time>2026-08-22T09:27:19.810Z</time></trkpt>
      <trkpt lat="24.453826" lon="111.160792"><time>2026-08-22T09:27:19.827Z</time></trkpt>
      <trkpt lat="24.453826" lon="111.160792"><time>2026-08-22T09:27:19.844Z</time></trkpt>
      <trkpt lat="24.453826" lon="111.160792"><time>2026-08-22T09:27:19.860Z</time></trkpt>
      <trkpt lat="24.453826" lon="111.160792"><time>2026-08-22T09:27:19.877Z</time></trkpt>
      <trkpt lat="24.45382" lon="111.160793"><time>2026-08-22T09:27:19.894Z</time></trkpt>
      <trkpt lat="24.45382" lon="111.160793"><time>2026-08-22T09:27:19.910Z</time></trkpt>
      <trkpt lat="24.45382" lon="111.160793"><time>2026-08-22T09:27:19.927Z</time></trkpt>
      <trkpt lat="24.45382" lon="111.160793"><time>2026-08-22T09:27:19.944Z</time></trkpt>
      <trkpt lat="24.45382" lon="111.160793"><time>2026-08-22T09:27:19.960Z</time></trkpt>
      <trkpt lat="24.45382" lon="111.160793"><time>2026-08-22T09:27:19.977Z</time></trkpt>
      <trkpt lat="24.453813" lon="111.160794"><time>2026-08-22T09:27:19.994Z</time></trkpt>
      <trkpt lat="24.453813" lon="111.160794"><time>2026-08-22T09:27:20.010Z</time></trkpt>
      <trkpt lat="24.453813" lon="111.160794"><time>2026-08-22T09:27:20.027Z</time></trkpt>
      <trkpt lat="24.453813" lon="111.160794"><time>2026-08-22T09:27:20.044Z</time></trkpt>
      <trkpt lat="24.453813" lon="111.160794"><time>2026-08-22T09:27:20.060Z</time></trkpt>
      <trkpt lat="24.453813" lon="111.160794"><time>2026-08-22T09:27:20.077Z</time></trkpt>
      <trkpt lat="24.453807" lon="111.160795"><time>2026-08-22T09:27:20.094Z</time></trkpt>
      <trkpt lat="24.453807" lon="111.160795"><time>2026-08-22T09:27:20.110Z</time></trkpt>
      <trkpt lat="24.453807" lon="111.160795"><time>2026-08-22T09:27:20.127Z</time></trkpt>
      <trkpt lat="24.453807" lon="111.160795"><time>2026-08-22T09:27:20.144Z</time></trkpt>
      <trkpt lat="24.453807" lon="111.160795"><time>2026-08-22T09:27:20.161Z</time></trkpt>
      <trkpt lat="24.453807" lon="111.160795"><time>2026-08-22T09:27:20.177Z</time></trkpt>
      <trkpt lat="24.453801" lon="111.160796"><time>2026-08-22T09:27:20.194Z</time></trkpt>
      <trkpt lat="24.453801" lon="111.160796"><time>2026-08-22T09:27:20.211Z</time></trkpt>
      <trkpt lat="24.453801" lon="111.160796"><time>2026-08-22T09:27:20.227Z</time></trkpt>
      <trkpt lat="24.453801" lon="111.160796"><time>2026-08-22T09:27:20.244Z</time></trkpt>
      <trkpt lat="24.453801" lon="111.160796"><time>2026-08-22T09:27:20.261Z</time></trkpt>
      <trkpt lat="24.453801" lon="111.160796"><time>2026-08-22T09:27:20.277Z</time></trkpt>
      <trkpt lat="24.453795" lon="111.160797"><time>2026-08-22T09:27:20.294Z</time></trkpt>
      <trkpt lat="24.453795" lon="111.160797"><time>2026-08-22T09:27:20.311Z</time></trkpt>
      <trkpt lat="24.453795" lon="111.160797"><time>2026-08-22T09:27:20.327Z</time></trkpt>
      <trkpt lat="24.453795" lon="111.160797"><time>2026-08-22T09:27:20.344Z</time></trkpt>
      <trkpt lat="24.453795" lon="111.160797"><time>2026-08-22T09:27:20.361Z</time></trkpt>
      <trkpt lat="24.453795" lon="111.160797"><time>2026-08-22T09:27:20.377Z</time></trkpt>
      <trkpt lat="24.453789" lon="111.160799"><time>2026-08-22T09:27:20.394Z</time></trkpt>
      <trkpt lat="24.453789" lon="111.160799"><time>2026-08-22T09:27:20.411Z</time></trkpt>
      <trkpt lat="24.453789" lon="111.160799"><time>2026-08-22T09:27:20.427Z</time></trkpt>
      <trkpt lat="24.453789" lon="111.160799"><time>2026-08-22T09:27:20.444Z</time></trkpt>
      <trkpt lat="24.453789" lon="111.160799"><time>2026-08-22T09:27:20.461Z</time></trkpt>
      <trkpt lat="24.453789" lon="111.160799"><time>2026-08-22T09:27:20.477Z</time></trkpt>
      <trkpt lat="24.453783" lon="111.1608"><time>2026-08-22T09:27:20.494Z</time></trkpt>
      <trkpt lat="24.453783" lon="111.1608"><time>2026-08-22T09:27:20.511Z</time></trkpt>
      <trkpt lat="24.453783" lon="111.1608"><time>2026-08-22T09:27:20.528Z</time></trkpt>
      <trkpt lat="24.453783" lon="111.1608"><time>2026-08-22T09:27:20.544Z</time></trkpt>
      <trkpt lat="24.453783" lon="111.1608"><time>2026-08-22T09:27:20.561Z</time></trkpt>
      <trkpt lat="24.453783" lon="111.1608"><time>2026-08-22T09:27:20.578Z</time></trkpt>
      <trkpt lat="24.453777" lon="111.160802"><time>2026-08-22T09:27:20.594Z</time></trkpt>
      <trkpt lat="24.453777" lon="111.160802"><time>2026-08-22T09:27:20.611Z</time></trkpt>
      <trkpt lat="24.453777" lon="111.160802"><time>2026-08-22T09:27:20.628Z</time></trkpt>
      <trkpt lat="24.453777" lon="111.160802"><time>2026-08-22T09:27:20.644Z</time></trkpt>
      <trkpt lat="24.453777" lon="111.160802"><time>2026-08-22T09:27:20.661Z</time></trkpt>
      <trkpt lat="24.453777" lon="111.160802"><time>2026-08-22T09:27:20.678Z</time></trkpt>
      <trkpt lat="24.453772" lon="111.160803"><time>2026-08-22T09:27:20.694Z</time></trkpt>
      <trkpt lat="24.453772" lon="111.160803"><time>2026-08-22T09:27:20.711Z</time></trkpt>
      <trkpt lat="24.453772" lon="111.160803"><time>2026-08-22T09:27:20.728Z</time></trkpt>
      <trkpt lat="24.453772" lon="111.160803"><time>2026-08-22T09:27:20.744Z</time></trkpt>
      <trkpt lat="24.453772" lon="111.160803"><time>2026-08-22T09:27:20.761Z</time></trkpt>
      <trkpt lat="24.453772" lon="111.160803"><time>2026-08-22T09:27:20.778Z</time></trkpt>
      <trkpt lat="24.453767" lon="111.160805"><time>2026-08-22T09:27:20.794Z</time></trkpt>
      <trkpt lat="24.453767" lon="111.160805"><time>2026-08-22T09:27:20.811Z</time></trkpt>
      <trkpt lat="24.453767" lon="111.160805"><time>2026-08-22T09:27:20.828Z</time></trkpt>
      <trkpt lat="24.453767" lon="111.160805"><time>2026-08-22T09:27:20.845Z</time></trkpt>
      <trkpt lat="24.453767" lon="111.160805"><time>2026-08-22T09:27:20.861Z</time></trkpt>
      <trkpt lat="24.453767" lon="111.160805"><time>2026-08-22T09:27:20.878Z</time></trkpt>
      <trkpt lat="24.453762" lon="111.160807"><time>2026-08-22T09:27:20.895Z</time></trkpt>
      <trkpt lat="24.453762" lon="111.160807"><time>2026-08-22T09:27:20.911Z</time></trkpt>
      <trkpt lat="24.453762" lon="111.160807"><time>2026-08-22T09:27:20.928Z</time></trkpt>
      <trkpt lat="24.453762" lon="111.160807"><time>2026-08-22T09:27:20.945Z</time></trkpt>
      <trkpt lat="24.453762" lon="111.160807"><time>2026-08-22T09:27:20.961Z</time></trkpt>
      <trkpt lat="24.453762" lon="111.160807"><time>2026-08-22T09:27:20.978Z</time></trkpt>
      <trkpt lat="24.453757" lon="111.160808"><time>2026-08-22T09:27:20.995Z</time></trkpt>
      <trkpt lat="24.453757" lon="111.160808"><time>2026-08-22T09:27:21.011Z</time></trkpt>
      <trkpt lat="24.453757" lon="111.160808"><time>2026-08-22T09:27:21.028Z</time></trkpt>
      <trkpt lat="24.453757" lon="111.160808"><time>2026-08-22T09:27:21.045Z</time></trkpt>
      <trkpt lat="24.453757" lon="111.160808"><time>2026-08-22T09:27:21.061Z</time></trkpt>
      <trkpt lat="24.453757" lon="111.160808"><time>2026-08-22T09:27:21.078Z</time></trkpt>
      <trkpt lat="24.453752" lon="111.16081"><time>2026-08-22T09:27:21.095Z</time></trkpt>
      <trkpt lat="24.453752" lon="111.16081"><time>2026-08-22T09:27:21.111Z</time></trkpt>
      <trkpt lat="24.453752" lon="111.16081"><time>2026-08-22T09:27:21.128Z</time></trkpt>
      <trkpt lat="24.453752" lon="111.16081"><time>2026-08-22T09:27:21.145Z</time></trkpt>
      <trkpt lat="24.453752" lon="111.16081"><time>2026-08-22T09:27:21.162Z</time></trkpt>
      <trkpt lat="24.453752" lon="111.16081"><time>2026-08-22T09:27:21.178Z</time></trkpt>
      <trkpt lat="24.453747" lon="111.160812"><time>2026-08-22T09:27:21.195Z</time></trkpt>
      <trkpt lat="24.453747" lon="111.160812"><time>2026-08-22T09:27:21.212Z</time></trkpt>
      <trkpt lat="24.453747" lon="111.160812"><time>2026-08-22T09:27:21.228Z</time></trkpt>
      <trkpt lat="24.453747" lon="111.160812"><time>2026-08-22T09:27:21.245Z</time></trkpt>
      <trkpt lat="24.453747" lon="111.160812"><time>2026-08-22T09:27:21.262Z</time></trkpt>
      <trkpt lat="24.453747" lon="111.160812"><time>2026-08-22T09:27:21.278Z</time></trkpt>
      <trkpt lat="24.453742" lon="111.160814"><time>2026-08-22T09:27:21.295Z</time></trkpt>
      <trkpt lat="24.453742" lon="111.160814"><time>2026-08-22T09:27:21.312Z</time></trkpt>
      <trkpt lat="24.453742" lon="111.160814"><time>2026-08-22T09:27:21.328Z</time></trkpt>
      <trkpt lat="24.453742" lon="111.160814"><time>2026-08-22T09:27:21.345Z</time></trkpt>
      <trkpt lat="24.453742" lon="111.160814"><time>2026-08-22T09:27:21.362Z</time></trkpt>
      <trkpt lat="24.453742" lon="111.160814"><time>2026-08-22T09:27:21.378Z</time></trkpt>
      <trkpt lat="24.453737" lon="111.160816"><time>2026-08-22T09:27:21.395Z</time></trkpt>
      <trkpt lat="24.453737" lon="111.160816"><time>2026-08-22T09:27:21.412Z</time></trkpt>
      <trkpt lat="24.453737" lon="111.160816"><time>2026-08-22T09:27:21.428Z</time></trkpt>
      <trkpt lat="24.453737" lon="111.160816"><time>2026-08-22T09:27:21.445Z</time></trkpt>
      <trkpt lat="24.453737" lon="111.160816"><time>2026-08-22T09:27:21.462Z</time></trkpt>
      <trkpt lat="24.453737" lon="111.160816"><time>2026-08-22T09:27:21.479Z</time></trkpt>
      <trkpt lat="24.453732" lon="111.160818"><time>2026-08-22T09:27:21.495Z</time></trkpt>
      <trkpt lat="24.453732" lon="111.160818"><time>2026-08-22T09:27:21.512Z</time></trkpt>
      <trkpt lat="24.453732" lon="111.160818"><time>2026-08-22T09:27:21.529Z</time></trkpt>
      <trkpt lat="24.453732" lon="111.160818"><time>2026-08-22T09:27:21.545Z</time></trkpt>
      <trkpt lat="24.453732" lon="111.160818"><time>2026-08-22T09:27:21.562Z</time></trkpt>
      <trkpt lat="24.453732" lon="111.160818"><time>2026-08-22T09:27:21.579Z</time></trkpt>
      <trkpt lat="24.453727" lon="111.16082"><time>2026-08-22T09:27:21.595Z</time></trkpt>
      <trkpt lat="24.453727" lon="111.16082"><time>2026-08-22T09:27:21.612Z</time></trkpt>
      <trkpt lat="24.453727" lon="111.16082"><time>2026-08-22T09:27:21.629Z</time></trkpt>
      <trkpt lat="24.453727" lon="111.16082"><time>2026-08-22T09:27:21.645Z</time></trkpt>
      <trkpt lat="24.453727" lon="111.16082"><time>2026-08-22T09:27:21.662Z</time></trkpt>
      <trkpt lat="24.453727" lon="111.16082"><time>2026-08-22T09:27:21.679Z</time></trkpt>
      <trkpt lat="24.453722" lon="111.160822"><time>2026-08-22T09:27:21.695Z</time></trkpt>
      <trkpt lat="24.453722" lon="111.160822"><time>2026-08-22T09:27:21.712Z</time></trkpt>
      <trkpt lat="24.453722" lon="111.160822"><time>2026-08-22T09:27:21.729Z</time></trkpt>
      <trkpt lat="24.453722" lon="111.160822"><time>2026-08-22T09:27:21.745Z</time></trkpt>
      <trkpt lat="24.453722" lon="111.160822"><time>2026-08-22T09:27:21.762Z</time></trkpt>
      <trkpt lat="24.453722" lon="111.160822"><time>2026-08-22T09:27:21.779Z</time></trkpt>
      <trkpt lat="24.453717" lon="111.160824"><time>2026-08-22T09:27:21.796Z</time></trkpt>
      <trkpt lat="24.453717" lon="111.160824"><time>2026-08-22T09:27:21.812Z</time></trkpt>
      <trkpt lat="24.453717" lon="111.160824"><time>2026-08-22T09:27:21.829Z</time></trkpt>
      <trkpt lat="24.453717" lon="111.160824"><time>2026-08-22T09:27:21.846Z</time></trkpt>
      <trkpt lat="24.453717" lon="111.160824"><time>2026-08-22T09:27:21.862Z</time></trkpt>
      <trkpt lat="24.453717" lon="111.160824"><time>2026-08-22T09:27:21.879Z</time></trkpt>
      <trkpt lat="24.453713" lon="111.160827"><time>2026-08-22T09:27:21.896Z</time></trkpt>
      <trkpt lat="24.453713" lon="111.160827"><time>2026-08-22T09:27:21.912Z</time></trkpt>
      <trkpt lat="24.453713" lon="111.160827"><time>2026-08-22T09:27:21.929Z</time></trkpt>
      <trkpt lat="24.453713" lon="111.160827"><time>2026-08-22T09:27:21.946Z</time></trkpt>
      <trkpt lat="24.453713" lon="111.160827"><time>2026-08-22T09:27:21.962Z</time></trkpt>
      <trkpt lat="24.453713" lon="111.160827"><time>2026-08-22T09:27:21.979Z</time></trkpt>
      <trkpt lat="24.453708" lon="111.160829"><time>2026-08-22T09:27:21.996Z</time></trkpt>
      <trkpt lat="24.453708" lon="111.160829"><time>2026-08-22T09:27:22.012Z</time></trkpt>
      <trkpt lat="24.453708" lon="111.160829"><time>2026-08-22T09:27:22.029Z</time></trkpt>
      <trkpt lat="24.453708" lon="111.160829"><time>2026-08-22T09:27:22.046Z</time></trkpt>
      <trkpt lat="24.453708" lon="111.160829"><time>2026-08-22T09:27:22.062Z</time></trkpt>
      <trkpt lat="24.453708" lon="111.160829"><time>2026-08-22T09:27:22.079Z</time></trkpt>
      <trkpt lat="24.453702" lon="111.160832"><time>2026-08-22T09:27:22.096Z</time></trkpt>
      <trkpt lat="24.453702" lon="111.160832"><time>2026-08-22T09:27:22.113Z</time></trkpt>
      <trkpt lat="24.453702" lon="111.160832"><time>2026-08-22T09:27:22.129Z</time></trkpt>
      <trkpt lat="24.453702" lon="111.160832"><time>2026-08-22T09:27:22.146Z</time></trkpt>
      <trkpt lat="24.453702" lon="111.160832"><time>2026-08-22T09:27:22.163Z</time></trkpt>
      <trkpt lat="24.453702" lon="111.160832"><time>2026-08-22T09:27:22.179Z</time></trkpt>
      <trkpt lat="24.453697" lon="111.160834"><time>2026-08-22T09:27:22.196Z</time></trkpt>
      <trkpt lat="24.453697" lon="111.160834"><time>2026-08-22T09:27:22.213Z</time></trkpt>
      <trkpt lat="24.453697" lon="111.160834"><time>2026-08-22T09:27:22.229Z</time></trkpt>
      <trkpt lat="24.453697" lon="111.160834"><time>2026-08-22T09:27:22.246Z</time></trkpt>
      <trkpt lat="24.453697" lon="111.160834"><time>2026-08-22T09:27:22.263Z</time></trkpt>
      <trkpt lat="24.453697" lon="111.160834"><time>2026-08-22T09:27:22.279Z</time></trkpt>
      <trkpt lat="24.453691" lon="111.160837"><time>2026-08-22T09:27:22.296Z</time></trkpt>
      <trkpt lat="24.453691" lon="111.160837"><time>2026-08-22T09:27:22.313Z</time></trkpt>
      <trkpt lat="24.453691" lon="111.160837"><time>2026-08-22T09:27:22.329Z</time></trkpt>
      <trkpt lat="24.453691" lon="111.160837"><time>2026-08-22T09:27:22.346Z</time></trkpt>
      <trkpt lat="24.453691" lon="111.160837"><time>2026-08-22T09:27:22.363Z</time></trkpt>
      <trkpt lat="24.453691" lon="111.160837"><time>2026-08-22T09:27:22.379Z</time></trkpt>
      <trkpt lat="24.453685" lon="111.160839"><time>2026-08-22T09:27:22.396Z</time></trkpt>
      <trkpt lat="24.453685" lon="111.160839"><time>2026-08-22T09:27:22.413Z</time></trkpt>
      <trkpt lat="24.453685" lon="111.160839"><time>2026-08-22T09:27:22.430Z</time></trkpt>
      <trkpt lat="24.453685" lon="111.160839"><time>2026-08-22T09:27:22.446Z</time></trkpt>
      <trkpt lat="24.453685" lon="111.160839"><time>2026-08-22T09:27:22.463Z</time></trkpt>
      <trkpt lat="24.453685" lon="111.160839"><time>2026-08-22T09:27:22.480Z</time></trkpt>
      <trkpt lat="24.453679" lon="111.160842"><time>2026-08-22T09:27:22.496Z</time></trkpt>
      <trkpt lat="24.453679" lon="111.160842"><time>2026-08-22T09:27:22.513Z</time></trkpt>
      <trkpt lat="24.453679" lon="111.160842"><time>2026-08-22T09:27:22.530Z</time></trkpt>
      <trkpt lat="24.453679" lon="111.160842"><time>2026-08-22T09:27:22.546Z</time></trkpt>
      <trkpt lat="24.453679" lon="111.160842"><time>2026-08-22T09:27:22.563Z</time></trkpt>
      <trkpt lat="24.453679" lon="111.160842"><time>2026-08-22T09:27:22.580Z</time></trkpt>
      <trkpt lat="24.453672" lon="111.160844"><time>2026-08-22T09:27:22.596Z</time></trkpt>
      <trkpt lat="24.453672" lon="111.160844"><time>2026-08-22T09:27:22.613Z</time></trkpt>
      <trkpt lat="24.453672" lon="111.160844"><time>2026-08-22T09:27:22.630Z</time></trkpt>
      <trkpt lat="24.453672" lon="111.160844"><time>2026-08-22T09:27:22.646Z</time></trkpt>
      <trkpt lat="24.453672" lon="111.160844"><time>2026-08-22T09:27:22.663Z</time></trkpt>
      <trkpt lat="24.453672" lon="111.160844"><time>2026-08-22T09:27:22.680Z</time></trkpt>
      <trkpt lat="24.453666" lon="111.160847"><time>2026-08-22T09:27:22.696Z</time></trkpt>
      <trkpt lat="24.453666" lon="111.160847"><time>2026-08-22T09:27:22.713Z</time></trkpt>
      <trkpt lat="24.453666" lon="111.160847"><time>2026-08-22T09:27:22.730Z</time></trkpt>
      <trkpt lat="24.453666" lon="111.160847"><time>2026-08-22T09:27:22.747Z</time></trkpt>
      <trkpt lat="24.453666" lon="111.160847"><time>2026-08-22T09:27:22.763Z</time></trkpt>
      <trkpt lat="24.453666" lon="111.160847"><time>2026-08-22T09:27:22.780Z</time></trkpt>
      <trkpt lat="24.453659" lon="111.16085"><time>2026-08-22T09:27:22.797Z</time></trkpt>
      <trkpt lat="24.453659" lon="111.16085"><time>2026-08-22T09:27:22.813Z</time></trkpt>
      <trkpt lat="24.453659" lon="111.16085"><time>2026-08-22T09:27:22.830Z</time></trkpt>
      <trkpt lat="24.453659" lon="111.16085"><time>2026-08-22T09:27:22.847Z</time></trkpt>
      <trkpt lat="24.453659" lon="111.16085"><time>2026-08-22T09:27:22.863Z</time></trkpt>
      <trkpt lat="24.453659" lon="111.16085"><time>2026-08-22T09:27:22.880Z</time></trkpt>
      <trkpt lat="24.453651" lon="111.160853"><time>2026-08-22T09:27:22.897Z</time></trkpt>
      <trkpt lat="24.453651" lon="111.160853"><time>2026-08-22T09:27:22.913Z</time></trkpt>
      <trkpt lat="24.453651" lon="111.160853"><time>2026-08-22T09:27:22.930Z</time></trkpt>
      <trkpt lat="24.453651" lon="111.160853"><time>2026-08-22T09:27:22.947Z</time></trkpt>
      <trkpt lat="24.453651" lon="111.160853"><time>2026-08-22T09:27:22.963Z</time></trkpt>
      <trkpt lat="24.453651" lon="111.160853"><time>2026-08-22T09:27:22.980Z</time></trkpt>
      <trkpt lat="24.453644" lon="111.160856"><time>2026-08-22T09:27:22.997Z</time></trkpt>
      <trkpt lat="24.453644" lon="111.160856"><time>2026-08-22T09:27:23.013Z</time></trkpt>
      <trkpt lat="24.453644" lon="111.160856"><time>2026-08-22T09:27:23.030Z</time></trkpt>
      <trkpt lat="24.453644" lon="111.160856"><time>2026-08-22T09:27:23.047Z</time></trkpt>
      <trkpt lat="24.453644" lon="111.160856"><time>2026-08-22T09:27:23.064Z</time></trkpt>
      <trkpt lat="24.453644" lon="111.160856"><time>2026-08-22T09:27:23.080Z</time></trkpt>
      <trkpt lat="24.453637" lon="111.160859"><time>2026-08-22T09:27:23.097Z</time></trkpt>
      <trkpt lat="24.453637" lon="111.160859"><time>2026-08-22T09:27:23.114Z</time></trkpt>
      <trkpt lat="24.453637" lon="111.160859"><time>2026-08-22T09:27:23.130Z</time></trkpt>
      <trkpt lat="24.453637" lon="111.160859"><time>2026-08-22T09:27:23.147Z</time></trkpt>
      <trkpt lat="24.453637" lon="111.160859"><time>2026-08-22T09:27:23.164Z</time></trkpt>
      <trkpt lat="24.453637" lon="111.160859"><time>2026-08-22T09:27:23.180Z</time></trkpt>
      <trkpt lat="24.45363" lon="111.160862"><time>2026-08-22T09:27:23.197Z</time></trkpt>
      <trkpt lat="24.45363" lon="111.160862"><time>2026-08-22T09:27:23.214Z</time></trkpt>
      <trkpt lat="24.45363" lon="111.160862"><time>2026-08-22T09:27:23.230Z</time></trkpt>
      <trkpt lat="24.45363" lon="111.160862"><time>2026-08-22T09:27:23.247Z</time></trkpt>
      <trkpt lat="24.45363" lon="111.160862"><time>2026-08-22T09:27:23.264Z</time></trkpt>
      <trkpt lat="24.45363" lon="111.160862"><time>2026-08-22T09:27:23.280Z</time></trkpt>
      <trkpt lat="24.453623" lon="111.160865"><time>2026-08-22T09:27:23.297Z</time></trkpt>
      <trkpt lat="24.453623" lon="111.160865"><time>2026-08-22T09:27:23.314Z</time></trkpt>
      <trkpt lat="24.453623" lon="111.160865"><time>2026-08-22T09:27:23.330Z</time></trkpt>
      <trkpt lat="24.453623" lon="111.160865"><time>2026-08-22T09:27:23.347Z</time></trkpt>
      <trkpt lat="24.453623" lon="111.160865"><time>2026-08-22T09:27:23.364Z</time></trkpt>
      <trkpt lat="24.453623" lon="111.160865"><time>2026-08-22T09:27:23.381Z</time></trkpt>
      <trkpt lat="24.453616" lon="111.160868"><time>2026-08-22T09:27:23.397Z</time></trkpt>
      <trkpt lat="24.453616" lon="111.160868"><time>2026-08-22T09:27:23.414Z</time></trkpt>
      <trkpt lat="24.453616" lon="111.160868"><time>2026-08-22T09:27:23.431Z</time></trkpt>
      <trkpt lat="24.453616" lon="111.160868"><time>2026-08-22T09:27:23.447Z</time></trkpt>
      <trkpt lat="24.453616" lon="111.160868"><time>2026-08-22T09:27:23.464Z</time></trkpt>
      <trkpt lat="24.453616" lon="111.160868"><time>2026-08-22T09:27:23.481Z</time></trkpt>
      <trkpt lat="24.453609" lon="111.160871"><time>2026-08-22T09:27:23.497Z</time></trkpt>
      <trkpt lat="24.453609" lon="111.160871"><time>2026-08-22T09:27:23.514Z</time></trkpt>
      <trkpt lat="24.453609" lon="111.160871"><time>2026-08-22T09:27:23.531Z</time></trkpt>
      <trkpt lat="24.453609" lon="111.160871"><time>2026-08-22T09:27:23.547Z</time></trkpt>
      <trkpt lat="24.453609" lon="111.160871"><time>2026-08-22T09:27:23.564Z</time></trkpt>
      <trkpt lat="24.453609" lon="111.160871"><time>2026-08-22T09:27:23.581Z</time></trkpt>
      <trkpt lat="24.453602" lon="111.160874"><time>2026-08-22T09:27:23.597Z</time></trkpt>
      <trkpt lat="24.453602" lon="111.160874"><time>2026-08-22T09:27:23.614Z</time></trkpt>
      <trkpt lat="24.453602" lon="111.160874"><time>2026-08-22T09:27:23.631Z</time></trkpt>
      <trkpt lat="24.453602" lon="111.160874"><time>2026-08-22T09:27:23.647Z</time></trkpt>
      <trkpt lat="24.453602" lon="111.160874"><time>2026-08-22T09:27:23.664Z</time></trkpt>
      <trkpt lat="24.453602" lon="111.160874"><time>2026-08-22T09:27:23.681Z</time></trkpt>
      <trkpt lat="24.453595" lon="111.160877"><time>2026-08-22T09:27:23.698Z</time></trkpt>
      <trkpt lat="24.453595" lon="111.160877"><time>2026-08-22T09:27:23.714Z</time></trkpt>
      <trkpt lat="24.453595" lon="111.160877"><time>2026-08-22T09:27:23.731Z</time></trkpt>
      <trkpt lat="24.453595" lon="111.160877"><time>2026-08-22T09:27:23.748Z</time></trkpt>
      <trkpt lat="24.453595" lon="111.160877"><time>2026-08-22T09:27:23.764Z</time></trkpt>
      <trkpt lat="24.453595" lon="111.160877"><time>2026-08-22T09:27:23.781Z</time></trkpt>
      <trkpt lat="24.453588" lon="111.16088"><time>2026-08-22T09:27:23.798Z</time></trkpt>
      <trkpt lat="24.453588" lon="111.16088"><time>2026-08-22T09:27:23.814Z</time></trkpt>
      <trkpt lat="24.453588" lon="111.16088"><time>2026-08-22T09:27:23.831Z</time></trkpt>
      <trkpt lat="24.453588" lon="111.16088"><time>2026-08-22T09:27:23.848Z</time></trkpt>
      <trkpt lat="24.453588" lon="111.16088"><time>2026-08-22T09:27:23.864Z</time></trkpt>
      <trkpt lat="24.453588" lon="111.16088"><time>2026-08-22T09:27:23.881Z</time></trkpt>
      <trkpt lat="24.453581" lon="111.160883"><time>2026-08-22T09:27:23.898Z</time></trkpt>
      <trkpt lat="24.453581" lon="111.160883"><time>2026-08-22T09:27:23.914Z</time></trkpt>
      <trkpt lat="24.453581" lon="111.160883"><time>2026-08-22T09:27:23.931Z</time></trkpt>
      <trkpt lat="24.453581" lon="111.160883"><time>2026-08-22T09:27:23.948Z</time></trkpt>
      <trkpt lat="24.453581" lon="111.160883"><time>2026-08-22T09:27:23.964Z</time></trkpt>
      <trkpt lat="24.453581" lon="111.160883"><time>2026-08-22T09:27:23.981Z</time></trkpt>
      <trkpt lat="24.453574" lon="111.160886"><time>2026-08-22T09:27:23.998Z</time></trkpt>
      <trkpt lat="24.453574" lon="111.160886"><time>2026-08-22T09:27:24.015Z</time></trkpt>
      <trkpt lat="24.453574" lon="111.160886"><time>2026-08-22T09:27:24.031Z</time></trkpt>
      <trkpt lat="24.453574" lon="111.160886"><time>2026-08-22T09:27:24.048Z</time></trkpt>
      <trkpt lat="24.453574" lon="111.160886"><time>2026-08-22T09:27:24.065Z</time></trkpt>
      <trkpt lat="24.453574" lon="111.160886"><time>2026-08-22T09:27:24.081Z</time></trkpt>
      <trkpt lat="24.453567" lon="111.160889"><time>2026-08-22T09:27:24.098Z</time></trkpt>
      <trkpt lat="24.453567" lon="111.160889"><time>2026-08-22T09:27:24.115Z</time></trkpt>
      <trkpt lat="24.453567" lon="111.160889"><time>2026-08-22T09:27:24.131Z</time></trkpt>
      <trkpt lat="24.453567" lon="111.160889"><time>2026-08-22T09:27:24.148Z</time></trkpt>
      <trkpt lat="24.453567" lon="111.160889"><time>2026-08-22T09:27:24.165Z</time></trkpt>
      <trkpt lat="24.453567" lon="111.160889"><time>2026-08-22T09:27:24.181Z</time></trkpt>
      <trkpt lat="24.453559" lon="111.160893"><time>2026-08-22T09:27:24.198Z</time></trkpt>
      <trkpt lat="24.453559" lon="111.160893"><time>2026-08-22T09:27:24.215Z</time></trkpt>
      <trkpt lat="24.453559" lon="111.160893"><time>2026-08-22T09:27:24.231Z</time></trkpt>
      <trkpt lat="24.453559" lon="111.160893"><time>2026-08-22T09:27:24.248Z</time></trkpt>
      <trkpt lat="24.453559" lon="111.160893"><time>2026-08-22T09:27:24.265Z</time></trkpt>
      <trkpt lat="24.453559" lon="111.160893"><time>2026-08-22T09:27:24.281Z</time></trkpt>
      <trkpt lat="24.453552" lon="111.160896"><time>2026-08-22T09:27:24.298Z</time></trkpt>
      <trkpt lat="24.453552" lon="111.160896"><time>2026-08-22T09:27:24.315Z</time></trkpt>
      <trkpt lat="24.453552" lon="111.160896"><time>2026-08-22T09:27:24.332Z</time></trkpt>
      <trkpt lat="24.453552" lon="111.160896"><time>2026-08-22T09:27:24.348Z</time></trkpt>
      <trkpt lat="24.453552" lon="111.160896"><time>2026-08-22T09:27:24.365Z</time></trkpt>
      <trkpt lat="24.453552" lon="111.160896"><time>2026-08-22T09:27:24.382Z</time></trkpt>
      <trkpt lat="24.453544" lon="111.1609"><time>2026-08-22T09:27:24.398Z</time></trkpt>
      <trkpt lat="24.453544" lon="111.1609"><time>2026-08-22T09:27:24.415Z</time></trkpt>
      <trkpt lat="24.453544" lon="111.1609"><time>2026-08-22T09:27:24.432Z</time></trkpt>
      <trkpt lat="24.453544" lon="111.1609"><time>2026-08-22T09:27:24.448Z</time></trkpt>
      <trkpt lat="24.453544" lon="111.1609"><time>2026-08-22T09:27:24.465Z</time></trkpt>
      <trkpt lat="24.453544" lon="111.1609"><time>2026-08-22T09:27:24.482Z</time></trkpt>
      <trkpt lat="24.453536" lon="111.160903"><time>2026-08-22T09:27:24.498Z</time></trkpt>
      <trkpt lat="24.453536" lon="111.160903"><time>2026-08-22T09:27:24.515Z</time></trkpt>
      <trkpt lat="24.453536" lon="111.160903"><time>2026-08-22T09:27:24.532Z</time></trkpt>
      <trkpt lat="24.453536" lon="111.160903"><time>2026-08-22T09:27:24.548Z</time></trkpt>
      <trkpt lat="24.453536" lon="111.160903"><time>2026-08-22T09:27:24.565Z</time></trkpt>
      <trkpt lat="24.453536" lon="111.160903"><time>2026-08-22T09:27:24.582Z</time></trkpt>
      <trkpt lat="24.453528" lon="111.160907"><time>2026-08-22T09:27:24.598Z</time></trkpt>
      <trkpt lat="24.453528" lon="111.160907"><time>2026-08-22T09:27:24.615Z</time></trkpt>
      <trkpt lat="24.453528" lon="111.160907"><time>2026-08-22T09:27:24.632Z</time></trkpt>
      <trkpt lat="24.453528" lon="111.160907"><time>2026-08-22T09:27:24.649Z</time></trkpt>
      <trkpt lat="24.453528" lon="111.160907"><time>2026-08-22T09:27:24.665Z</time></trkpt>
      <trkpt lat="24.453528" lon="111.160907"><time>2026-08-22T09:27:24.682Z</time></trkpt>
      <trkpt lat="24.45352" lon="111.160911"><time>2026-08-22T09:27:24.699Z</time></trkpt>
      <trkpt lat="24.45352" lon="111.160911"><time>2026-08-22T09:27:24.715Z</time></trkpt>
      <trkpt lat="24.45352" lon="111.160911"><time>2026-08-22T09:27:24.732Z</time></trkpt>
      <trkpt lat="24.45352" lon="111.160911"><time>2026-08-22T09:27:24.749Z</time></trkpt>
      <trkpt lat="24.45352" lon="111.160911"><time>2026-08-22T09:27:24.765Z</time></trkpt>
      <trkpt lat="24.45352" lon="111.160911"><time>2026-08-22T09:27:24.782Z</time></trkpt>
      <trkpt lat="24.453512" lon="111.160914"><time>2026-08-22T09:27:24.799Z</time></trkpt>
      <trkpt lat="24.453512" lon="111.160914"><time>2026-08-22T09:27:24.815Z</time></trkpt>
      <trkpt lat="24.453512" lon="111.160914"><time>2026-08-22T09:27:24.832Z</time></trkpt>
      <trkpt lat="24.453512" lon="111.160914"><time>2026-08-22T09:27:24.849Z</time></trkpt>
      <trkpt lat="24.453512" lon="111.160914"><time>2026-08-22T09:27:24.865Z</time></trkpt>
      <trkpt lat="24.453512" lon="111.160914"><time>2026-08-22T09:27:24.882Z</time></trkpt>
      <trkpt lat="24.453504" lon="111.160918"><time>2026-08-22T09:27:24.899Z</time></trkpt>
      <trkpt lat="24.453504" lon="111.160918"><time>2026-08-22T09:27:24.915Z</time></trkpt>
      <trkpt lat="24.453504" lon="111.160918"><time>2026-08-22T09:27:24.932Z</time></trkpt>
      <trkpt lat="24.453504" lon="111.160918"><time>2026-08-22T09:27:24.949Z</time></trkpt>
      <trkpt lat="24.453504" lon="111.160918"><time>2026-08-22T09:27:24.966Z</time></trkpt>
      <trkpt lat="24.453504" lon="111.160918"><time>2026-08-22T09:27:24.982Z</time></trkpt>
      <trkpt lat="24.453496" lon="111.160922"><time>2026-08-22T09:27:24.999Z</time></trkpt>
      <trkpt lat="24.453496" lon="111.160922"><time>2026-08-22T09:27:25.016Z</time></trkpt>
      <trkpt lat="24.453496" lon="111.160922"><time>2026-08-22T09:27:25.032Z</time></trkpt>
      <trkpt lat="24.453496" lon="111.160922"><time>2026-08-22T09:27:25.049Z</time></trkpt>
      <trkpt lat="24.453496" lon="111.160922"><time>2026-08-22T09:27:25.066Z</time></trkpt>
      <trkpt lat="24.453496" lon="111.160922"><time>2026-08-22T09:27:25.082Z</time></trkpt>
      <trkpt lat="24.453488" lon="111.160926"><time>2026-08-22T09:27:25.099Z</time></trkpt>
      <trkpt lat="24.453488" lon="111.160926"><time>2026-08-22T09:27:25.116Z</time></trkpt>
      <trkpt lat="24.453488" lon="111.160926"><time>2026-08-22T09:27:25.132Z</time></trkpt>
      <trkpt lat="24.453488" lon="111.160926"><time>2026-08-22T09:27:25.149Z</time></trkpt>
      <trkpt lat="24.453488" lon="111.160926"><time>2026-08-22T09:27:25.166Z</time></trkpt>
      <trkpt lat="24.453488" lon="111.160926"><time>2026-08-22T09:27:25.182Z</time></trkpt>
      <trkpt lat="24.453481" lon="111.160929"><time>2026-08-22T09:27:25.199Z</time></trkpt>
      <trkpt lat="24.453481" lon="111.160929"><time>2026-08-22T09:27:25.216Z</time></trkpt>
      <trkpt lat="24.453481" lon="111.160929"><time>2026-08-22T09:27:25.232Z</time></trkpt>
      <trkpt lat="24.453481" lon="111.160929"><time>2026-08-22T09:27:25.249Z</time></trkpt>
      <trkpt lat="24.453481" lon="111.160929"><time>2026-08-22T09:27:25.266Z</time></trkpt>
      <trkpt lat="24.453481" lon="111.160929"><time>2026-08-22T09:27:25.283Z</time></trkpt>
      <trkpt lat="24.453473" lon="111.160933"><time>2026-08-22T09:27:25.299Z</time></trkpt>
      <trkpt lat="24.453473" lon="111.160933"><time>2026-08-22T09:27:25.316Z</time></trkpt>
      <trkpt lat="24.453473" lon="111.160933"><time>2026-08-22T09:27:25.333Z</time></trkpt>
      <trkpt lat="24.453473" lon="111.160933"><time>2026-08-22T09:27:25.349Z</time></trkpt>
      <trkpt lat="24.453473" lon="111.160933"><time>2026-08-22T09:27:25.366Z</time></trkpt>
      <trkpt lat="24.453473" lon="111.160933"><time>2026-08-22T09:27:25.383Z</time></trkpt>
      <trkpt lat="24.453466" lon="111.160937"><time>2026-08-22T09:27:25.399Z</time></trkpt>
      <trkpt lat="24.453466" lon="111.160937"><time>2026-08-22T09:27:25.416Z</time></trkpt>
      <trkpt lat="24.453466" lon="111.160937"><time>2026-08-22T09:27:25.433Z</time></trkpt>
      <trkpt lat="24.453466" lon="111.160937"><time>2026-08-22T09:27:25.449Z</time></trkpt>
      <trkpt lat="24.453466" lon="111.160937"><time>2026-08-22T09:27:25.466Z</time></trkpt>
      <trkpt lat="24.453466" lon="111.160937"><time>2026-08-22T09:27:25.483Z</time></trkpt>
      <trkpt lat="24.45346" lon="111.16094"><time>2026-08-22T09:27:25.499Z</time></trkpt>
      <trkpt lat="24.45346" lon="111.16094"><time>2026-08-22T09:27:25.516Z</time></trkpt>
      <trkpt lat="24.45346" lon="111.16094"><time>2026-08-22T09:27:25.533Z</time></trkpt>
      <trkpt lat="24.45346" lon="111.16094"><time>2026-08-22T09:27:25.549Z</time></trkpt>
      <trkpt lat="24.45346" lon="111.16094"><time>2026-08-22T09:27:25.566Z</time></trkpt>
      <trkpt lat="24.45346" lon="111.16094"><time>2026-08-22T09:27:25.583Z</time></trkpt>
      <trkpt lat="24.453453" lon="111.160944"><time>2026-08-22T09:27:25.600Z</time></trkpt>
      <trkpt lat="24.453453" lon="111.160944"><time>2026-08-22T09:27:25.616Z</time></trkpt>
      <trkpt lat="24.453453" lon="111.160944"><time>2026-08-22T09:27:25.633Z</time></trkpt>
      <trkpt lat="24.453453" lon="111.160944"><time>2026-08-22T09:27:25.650Z</time></trkpt>
      <trkpt lat="24.453453" lon="111.160944"><time>2026-08-22T09:27:25.666Z</time></trkpt>
      <trkpt lat="24.453453" lon="111.160944"><time>2026-08-22T09:27:25.683Z</time></trkpt>
      <trkpt lat="24.453447" lon="111.160948"><time>2026-08-22T09:27:25.700Z</time></trkpt>
      <trkpt lat="24.453447" lon="111.160948"><time>2026-08-22T09:27:25.716Z</time></trkpt>
      <trkpt lat="24.453447" lon="111.160948"><time>2026-08-22T09:27:25.733Z</time></trkpt>
      <trkpt lat="24.453447" lon="111.160948"><time>2026-08-22T09:27:25.750Z</time></trkpt>
      <trkpt lat="24.453447" lon="111.160948"><time>2026-08-22T09:27:25.766Z</time></trkpt>
      <trkpt lat="24.453447" lon="111.160948"><time>2026-08-22T09:27:25.783Z</time></trkpt>
      <trkpt lat="24.453442" lon="111.160951"><time>2026-08-22T09:27:25.800Z</time></trkpt>
      <trkpt lat="24.453442" lon="111.160951"><time>2026-08-22T09:27:25.816Z</time></trkpt>
      <trkpt lat="24.453442" lon="111.160951"><time>2026-08-22T09:27:25.833Z</time></trkpt>
      <trkpt lat="24.453442" lon="111.160951"><time>2026-08-22T09:27:25.850Z</time></trkpt>
      <trkpt lat="24.453442" lon="111.160951"><time>2026-08-22T09:27:25.866Z</time></trkpt>
      <trkpt lat="24.453442" lon="111.160951"><time>2026-08-22T09:27:25.883Z</time></trkpt>
      <trkpt lat="24.453436" lon="111.160955"><time>2026-08-22T09:27:25.900Z</time></trkpt>
      <trkpt lat="24.453436" lon="111.160955"><time>2026-08-22T09:27:25.917Z</time></trkpt>
      <trkpt lat="24.453436" lon="111.160955"><time>2026-08-22T09:27:25.933Z</time></trkpt>
      <trkpt lat="24.453436" lon="111.160955"><time>2026-08-22T09:27:25.950Z</time></trkpt>
      <trkpt lat="24.453436" lon="111.160955"><time>2026-08-22T09:27:25.967Z</time></trkpt>
      <trkpt lat="24.453436" lon="111.160955"><time>2026-08-22T09:27:25.983Z</time></trkpt>
      <trkpt lat="24.45343" lon="111.160958"><time>2026-08-22T09:27:26.000Z</time></trkpt>
      <trkpt lat="24.45343" lon="111.160958"><time>2026-08-22T09:27:26.017Z</time></trkpt>
      <trkpt lat="24.45343" lon="111.160958"><time>2026-08-22T09:27:26.033Z</time></trkpt>
      <trkpt lat="24.45343" lon="111.160958"><time>2026-08-22T09:27:26.050Z</time></trkpt>
      <trkpt lat="24.45343" lon="111.160958"><time>2026-08-22T09:27:26.067Z</time></trkpt>
      <trkpt lat="24.45343" lon="111.160958"><time>2026-08-22T09:27:26.083Z</time></trkpt>
      <trkpt lat="24.453425" lon="111.160961"><time>2026-08-22T09:27:26.100Z</time></trkpt>
      <trkpt lat="24.453425" lon="111.160961"><time>2026-08-22T09:27:26.117Z</time></trkpt>
      <trkpt lat="24.453425" lon="111.160961"><time>2026-08-22T09:27:26.133Z</time></trkpt>
      <trkpt lat="24.453425" lon="111.160961"><time>2026-08-22T09:27:26.150Z</time></trkpt>
      <trkpt lat="24.453425" lon="111.160961"><time>2026-08-22T09:27:26.167Z</time></trkpt>
      <trkpt lat="24.453425" lon="111.160961"><time>2026-08-22T09:27:26.183Z</time></trkpt>
      <trkpt lat="24.45342" lon="111.160965"><time>2026-08-22T09:27:26.200Z</time></trkpt>
      <trkpt lat="24.45342" lon="111.160965"><time>2026-08-22T09:27:26.217Z</time></trkpt>
      <trkpt lat="24.45342" lon="111.160965"><time>2026-08-22T09:27:26.234Z</time></trkpt>
      <trkpt lat="24.45342" lon="111.160965"><time>2026-08-22T09:27:26.250Z</time></trkpt>
      <trkpt lat="24.45342" lon="111.160965"><time>2026-08-22T09:27:26.267Z</time></trkpt>
      <trkpt lat="24.45342" lon="111.160965"><time>2026-08-22T09:27:26.284Z</time></trkpt>
      <trkpt lat="24.453415" lon="111.160968"><time>2026-08-22T09:27:26.300Z</time></trkpt>
      <trkpt lat="24.453415" lon="111.160968"><time>2026-08-22T09:27:26.317Z</time></trkpt>
      <trkpt lat="24.453415" lon="111.160968"><time>2026-08-22T09:27:26.334Z</time></trkpt>
      <trkpt lat="24.453415" lon="111.160968"><time>2026-08-22T09:27:26.350Z</time></trkpt>
      <trkpt lat="24.453415" lon="111.160968"><time>2026-08-22T09:27:26.367Z</time></trkpt>
      <trkpt lat="24.453415" lon="111.160968"><time>2026-08-22T09:27:26.384Z</time></trkpt>
      <trkpt lat="24.45341" lon="111.16097"><time>2026-08-22T09:27:26.400Z</time></trkpt>
      <trkpt lat="24.45341" lon="111.16097"><time>2026-08-22T09:27:26.417Z</time></trkpt>
      <trkpt lat="24.45341" lon="111.16097"><time>2026-08-22T09:27:26.434Z</time></trkpt>
      <trkpt lat="24.45341" lon="111.16097"><time>2026-08-22T09:27:26.450Z</time></trkpt>
      <trkpt lat="24.45341" lon="111.16097"><time>2026-08-22T09:27:26.467Z</time></trkpt>
      <trkpt lat="24.45341" lon="111.16097"><time>2026-08-22T09:27:26.484Z</time></trkpt>
      <trkpt lat="24.453404" lon="111.160973"><time>2026-08-22T09:27:26.500Z</time></trkpt>
      <trkpt lat="24.453404" lon="111.160973"><time>2026-08-22T09:27:26.517Z</time></trkpt>
      <trkpt lat="24.453404" lon="111.160973"><time>2026-08-22T09:27:26.534Z</time></trkpt>
      <trkpt lat="24.453404" lon="111.160973"><time>2026-08-22T09:27:26.551Z</time></trkpt>
      <trkpt lat="24.453404" lon="111.160973"><time>2026-08-22T09:27:26.567Z</time></trkpt>
      <trkpt lat="24.453404" lon="111.160973"><time>2026-08-22T09:27:26.584Z</time></trkpt>
      <trkpt lat="24.453399" lon="111.160976"><time>2026-08-22T09:27:26.601Z</time></trkpt>
      <trkpt lat="24.453399" lon="111.160976"><time>2026-08-22T09:27:26.617Z</time></trkpt>
      <trkpt lat="24.453399" lon="111.160976"><time>2026-08-22T09:27:26.634Z</time></trkpt>
      <trkpt lat="24.453399" lon="111.160976"><time>2026-08-22T09:27:26.651Z</time></trkpt>
      <trkpt lat="24.453399" lon="111.160976"><time>2026-08-22T09:27:26.667Z</time></trkpt>
      <trkpt lat="24.453399" lon="111.160976"><time>2026-08-22T09:27:26.684Z</time></trkpt>
      <trkpt lat="24.453393" lon="111.160979"><time>2026-08-22T09:27:26.701Z</time></trkpt>
      <trkpt lat="24.453393" lon="111.160979"><time>2026-08-22T09:27:26.717Z</time></trkpt>
      <trkpt lat="24.453393" lon="111.160979"><time>2026-08-22T09:27:26.734Z</time></trkpt>
      <trkpt lat="24.453393" lon="111.160979"><time>2026-08-22T09:27:26.751Z</time></trkpt>
      <trkpt lat="24.453393" lon="111.160979"><time>2026-08-22T09:27:26.767Z</time></trkpt>
      <trkpt lat="24.453393" lon="111.160979"><time>2026-08-22T09:27:26.784Z</time></trkpt>
      <trkpt lat="24.453387" lon="111.16098"><time>2026-08-22T09:27:26.801Z</time></trkpt>
      <trkpt lat="24.453387" lon="111.16098"><time>2026-08-22T09:27:26.817Z</time></trkpt>
      <trkpt lat="24.453387" lon="111.16098"><time>2026-08-22T09:27:26.834Z</time></trkpt>
      <trkpt lat="24.453387" lon="111.16098"><time>2026-08-22T09:27:26.851Z</time></trkpt>
      <trkpt lat="24.453387" lon="111.16098"><time>2026-08-22T09:27:26.868Z</time></trkpt>
      <trkpt lat="24.453387" lon="111.16098"><time>2026-08-22T09:27:26.884Z</time></trkpt>
      <trkpt lat="24.453381" lon="111.160983"><time>2026-08-22T09:27:26.901Z</time></trkpt>
      <trkpt lat="24.453381" lon="111.160983"><time>2026-08-22T09:27:26.918Z</time></trkpt>
      <trkpt lat="24.453381" lon="111.160983"><time>2026-08-22T09:27:26.934Z</time></trkpt>
      <trkpt lat="24.453381" lon="111.160983"><time>2026-08-22T09:27:26.951Z</time></trkpt>
      <trkpt lat="24.453381" lon="111.160983"><time>2026-08-22T09:27:26.968Z</time></trkpt>
      <trkpt lat="24.453381" lon="111.160983"><time>2026-08-22T09:27:26.984Z</time></trkpt>
      <trkpt lat="24.453375" lon="111.160986"><time>2026-08-22T09:27:27.001Z</time></trkpt>
      <trkpt lat="24.453375" lon="111.160986"><time>2026-08-22T09:27:27.018Z</time></trkpt>
      <trkpt lat="24.453375" lon="111.160986"><time>2026-08-22T09:27:27.034Z</time></trkpt>
      <trkpt lat="24.453375" lon="111.160986"><time>2026-08-22T09:27:27.051Z</time></trkpt>
      <trkpt lat="24.453375" lon="111.160986"><time>2026-08-22T09:27:27.068Z</time></trkpt>
      <trkpt lat="24.453375" lon="111.160986"><time>2026-08-22T09:27:27.084Z</time></trkpt>
      <trkpt lat="24.453368" lon="111.160989"><time>2026-08-22T09:27:27.101Z</time></trkpt>
      <trkpt lat="24.453368" lon="111.160989"><time>2026-08-22T09:27:27.118Z</time></trkpt>
      <trkpt lat="24.453368" lon="111.160989"><time>2026-08-22T09:27:27.134Z</time></trkpt>
      <trkpt lat="24.453368" lon="111.160989"><time>2026-08-22T09:27:27.151Z</time></trkpt>
      <trkpt lat="24.453368" lon="111.160989"><time>2026-08-22T09:27:27.168Z</time></trkpt>
      <trkpt lat="24.453368" lon="111.160989"><time>2026-08-22T09:27:27.184Z</time></trkpt>
      <trkpt lat="24.453361" lon="111.160992"><time>2026-08-22T09:27:27.201Z</time></trkpt>
      <trkpt lat="24.453361" lon="111.160992"><time>2026-08-22T09:27:27.218Z</time></trkpt>
      <trkpt lat="24.453361" lon="111.160992"><time>2026-08-22T09:27:27.235Z</time></trkpt>
      <trkpt lat="24.453361" lon="111.160992"><time>2026-08-22T09:27:27.251Z</time></trkpt>
      <trkpt lat="24.453361" lon="111.160992"><time>2026-08-22T09:27:27.268Z</time></trkpt>
      <trkpt lat="24.453361" lon="111.160992"><time>2026-08-22T09:27:27.285Z</time></trkpt>
      <trkpt lat="24.453353" lon="111.160995"><time>2026-08-22T09:27:27.301Z</time></trkpt>
      <trkpt lat="24.453353" lon="111.160995"><time>2026-08-22T09:27:27.318Z</time></trkpt>
      <trkpt lat="24.453353" lon="111.160995"><time>2026-08-22T09:27:27.335Z</time></trkpt>
      <trkpt lat="24.453353" lon="111.160995"><time>2026-08-22T09:27:27.351Z</time></trkpt>
      <trkpt lat="24.453353" lon="111.160995"><time>2026-08-22T09:27:27.368Z</time></trkpt>
      <trkpt lat="24.453353" lon="111.160995"><time>2026-08-22T09:27:27.385Z</time></trkpt>
      <trkpt lat="24.453346" lon="111.160999"><time>2026-08-22T09:27:27.401Z</time></trkpt>
      <trkpt lat="24.453346" lon="111.160999"><time>2026-08-22T09:27:27.418Z</time></trkpt>
      <trkpt lat="24.453346" lon="111.160999"><time>2026-08-22T09:27:27.435Z</time></trkpt>
      <trkpt lat="24.453346" lon="111.160999"><time>2026-08-22T09:27:27.451Z</time></trkpt>
      <trkpt lat="24.453346" lon="111.160999"><time>2026-08-22T09:27:27.468Z</time></trkpt>
      <trkpt lat="24.453346" lon="111.160999"><time>2026-08-22T09:27:27.485Z</time></trkpt>
      <trkpt lat="24.453338" lon="111.161002"><time>2026-08-22T09:27:27.501Z</time></trkpt>
      <trkpt lat="24.453338" lon="111.161002"><time>2026-08-22T09:27:27.518Z</time></trkpt>
      <trkpt lat="24.453338" lon="111.161002"><time>2026-08-22T09:27:27.535Z</time></trkpt>
      <trkpt lat="24.453338" lon="111.161002"><time>2026-08-22T09:27:27.552Z</time></trkpt>
      <trkpt lat="24.453338" lon="111.161002"><time>2026-08-22T09:27:27.568Z</time></trkpt>
      <trkpt lat="24.453338" lon="111.161002"><time>2026-08-22T09:27:27.585Z</time></trkpt>
      <trkpt lat="24.45333" lon="111.161005"><time>2026-08-22T09:27:27.602Z</time></trkpt>
      <trkpt lat="24.45333" lon="111.161005"><time>2026-08-22T09:27:27.618Z</time></trkpt>
      <trkpt lat="24.45333" lon="111.161005"><time>2026-08-22T09:27:27.635Z</time></trkpt>
      <trkpt lat="24.45333" lon="111.161005"><time>2026-08-22T09:27:27.652Z</time></trkpt>
      <trkpt lat="24.45333" lon="111.161005"><time>2026-08-22T09:27:27.668Z</time></trkpt>
      <trkpt lat="24.45333" lon="111.161005"><time>2026-08-22T09:27:27.685Z</time></trkpt>
      <trkpt lat="24.453322" lon="111.161008"><time>2026-08-22T09:27:27.702Z</time></trkpt>
      <trkpt lat="24.453322" lon="111.161008"><time>2026-08-22T09:27:27.718Z</time></trkpt>
      <trkpt lat="24.453322" lon="111.161008"><time>2026-08-22T09:27:27.735Z</time></trkpt>
      <trkpt lat="24.453322" lon="111.161008"><time>2026-08-22T09:27:27.752Z</time></trkpt>
      <trkpt lat="24.453322" lon="111.161008"><time>2026-08-22T09:27:27.768Z</time></trkpt>
      <trkpt lat="24.453322" lon="111.161008"><time>2026-08-22T09:27:27.785Z</time></trkpt>
      <trkpt lat="24.453314" lon="111.161011"><time>2026-08-22T09:27:27.802Z</time></trkpt>
      <trkpt lat="24.453314" lon="111.161011"><time>2026-08-22T09:27:27.818Z</time></trkpt>
      <trkpt lat="24.453314" lon="111.161011"><time>2026-08-22T09:27:27.835Z</time></trkpt>
      <trkpt lat="24.453314" lon="111.161011"><time>2026-08-22T09:27:27.852Z</time></trkpt>
      <trkpt lat="24.453314" lon="111.161011"><time>2026-08-22T09:27:27.869Z</time></trkpt>
      <trkpt lat="24.453314" lon="111.161011"><time>2026-08-22T09:27:27.885Z</time></trkpt>
      <trkpt lat="24.453307" lon="111.161015"><time>2026-08-22T09:27:27.902Z</time></trkpt>
      <trkpt lat="24.453307" lon="111.161015"><time>2026-08-22T09:27:27.919Z</time></trkpt>
      <trkpt lat="24.453307" lon="111.161015"><time>2026-08-22T09:27:27.935Z</time></trkpt>
      <trkpt lat="24.453307" lon="111.161015"><time>2026-08-22T09:27:27.952Z</time></trkpt>
      <trkpt lat="24.453307" lon="111.161015"><time>2026-08-22T09:27:27.969Z</time></trkpt>
      <trkpt lat="24.453307" lon="111.161015"><time>2026-08-22T09:27:27.985Z</time></trkpt>
      <trkpt lat="24.453299" lon="111.161018"><time>2026-08-22T09:27:28.002Z</time></trkpt>
      <trkpt lat="24.453299" lon="111.161018"><time>2026-08-22T09:27:28.019Z</time></trkpt>
      <trkpt lat="24.453299" lon="111.161018"><time>2026-08-22T09:27:28.035Z</time></trkpt>
      <trkpt lat="24.453299" lon="111.161018"><time>2026-08-22T09:27:28.052Z</time></trkpt>
      <trkpt lat="24.453299" lon="111.161018"><time>2026-08-22T09:27:28.069Z</time></trkpt>
      <trkpt lat="24.453299" lon="111.161018"><time>2026-08-22T09:27:28.085Z</time></trkpt>
      <trkpt lat="24.453292" lon="111.161022"><time>2026-08-22T09:27:28.102Z</time></trkpt>
      <trkpt lat="24.453292" lon="111.161022"><time>2026-08-22T09:27:28.119Z</time></trkpt>
      <trkpt lat="24.453292" lon="111.161022"><time>2026-08-22T09:27:28.135Z</time></trkpt>
      <trkpt lat="24.453292" lon="111.161022"><time>2026-08-22T09:27:28.152Z</time></trkpt>
      <trkpt lat="24.453292" lon="111.161022"><time>2026-08-22T09:27:28.169Z</time></trkpt>
      <trkpt lat="24.453292" lon="111.161022"><time>2026-08-22T09:27:28.186Z</time></trkpt>
      <trkpt lat="24.453285" lon="111.161025"><time>2026-08-22T09:27:28.202Z</time></trkpt>
      <trkpt lat="24.453285" lon="111.161025"><time>2026-08-22T09:27:28.219Z</time></trkpt>
      <trkpt lat="24.453285" lon="111.161025"><time>2026-08-22T09:27:28.236Z</time></trkpt>
      <trkpt lat="24.453285" lon="111.161025"><time>2026-08-22T09:27:28.252Z</time></trkpt>
      <trkpt lat="24.453285" lon="111.161025"><time>2026-08-22T09:27:28.269Z</time></trkpt>
      <trkpt lat="24.453285" lon="111.161025"><time>2026-08-22T09:27:28.286Z</time></trkpt>
      <trkpt lat="24.453278" lon="111.161029"><time>2026-08-22T09:27:28.302Z</time></trkpt>
      <trkpt lat="24.453278" lon="111.161029"><time>2026-08-22T09:27:28.319Z</time></trkpt>
      <trkpt lat="24.453278" lon="111.161029"><time>2026-08-22T09:27:28.336Z</time></trkpt>
      <trkpt lat="24.453278" lon="111.161029"><time>2026-08-22T09:27:28.352Z</time></trkpt>
      <trkpt lat="24.453278" lon="111.161029"><time>2026-08-22T09:27:28.369Z</time></trkpt>
      <trkpt lat="24.453278" lon="111.161029"><time>2026-08-22T09:27:28.386Z</time></trkpt>
      <trkpt lat="24.453272" lon="111.161032"><time>2026-08-22T09:27:28.402Z</time></trkpt>
      <trkpt lat="24.453272" lon="111.161032"><time>2026-08-22T09:27:28.419Z</time></trkpt>
      <trkpt lat="24.453272" lon="111.161032"><time>2026-08-22T09:27:28.436Z</time></trkpt>
      <trkpt lat="24.453272" lon="111.161032"><time>2026-08-22T09:27:28.452Z</time></trkpt>
      <trkpt lat="24.453272" lon="111.161032"><time>2026-08-22T09:27:28.469Z</time></trkpt>
      <trkpt lat="24.453272" lon="111.161032"><time>2026-08-22T09:27:28.486Z</time></trkpt>
      <trkpt lat="24.453265" lon="111.161036"><time>2026-08-22T09:27:28.503Z</time></trkpt>
      <trkpt lat="24.453265" lon="111.161036"><time>2026-08-22T09:27:28.519Z</time></trkpt>
      <trkpt lat="24.453265" lon="111.161036"><time>2026-08-22T09:27:28.536Z</time></trkpt>
      <trkpt lat="24.453265" lon="111.161036"><time>2026-08-22T09:27:28.553Z</time></trkpt>
      <trkpt lat="24.453265" lon="111.161036"><time>2026-08-22T09:27:28.569Z</time></trkpt>
      <trkpt lat="24.453265" lon="111.161036"><time>2026-08-22T09:27:28.586Z</time></trkpt>
      <trkpt lat="24.453259" lon="111.16104"><time>2026-08-22T09:27:28.603Z</time></trkpt>
      <trkpt lat="24.453259" lon="111.16104"><time>2026-08-22T09:27:28.619Z</time></trkpt>
      <trkpt lat="24.453259" lon="111.16104"><time>2026-08-22T09:27:28.636Z</time></trkpt>
      <trkpt lat="24.453259" lon="111.16104"><time>2026-08-22T09:27:28.653Z</time></trkpt>
      <trkpt lat="24.453259" lon="111.16104"><time>2026-08-22T09:27:28.669Z</time></trkpt>
      <trkpt lat="24.453259" lon="111.16104"><time>2026-08-22T09:27:28.686Z</time></trkpt>
      <trkpt lat="24.453253" lon="111.161043"><time>2026-08-22T09:27:28.703Z</time></trkpt>
      <trkpt lat="24.453253" lon="111.161043"><time>2026-08-22T09:27:28.719Z</time></trkpt>
      <trkpt lat="24.453253" lon="111.161043"><time>2026-08-22T09:27:28.736Z</time></trkpt>
      <trkpt lat="24.453253" lon="111.161043"><time>2026-08-22T09:27:28.753Z</time></trkpt>
      <trkpt lat="24.453253" lon="111.161043"><time>2026-08-22T09:27:28.769Z</time></trkpt>
      <trkpt lat="24.453253" lon="111.161043"><time>2026-08-22T09:27:28.786Z</time></trkpt>
      <trkpt lat="24.453247" lon="111.161047"><time>2026-08-22T09:27:28.803Z</time></trkpt>
      <trkpt lat="24.453247" lon="111.161047"><time>2026-08-22T09:27:28.820Z</time></trkpt>
      <trkpt lat="24.453247" lon="111.161047"><time>2026-08-22T09:27:28.836Z</time></trkpt>
      <trkpt lat="24.453247" lon="111.161047"><time>2026-08-22T09:27:28.853Z</time></trkpt>
      <trkpt lat="24.453247" lon="111.161047"><time>2026-08-22T09:27:28.870Z</time></trkpt>
      <trkpt lat="24.453247" lon="111.161047"><time>2026-08-22T09:27:28.886Z</time></trkpt>
      <trkpt lat="24.453241" lon="111.161051"><time>2026-08-22T09:27:28.903Z</time></trkpt>
      <trkpt lat="24.453241" lon="111.161051"><time>2026-08-22T09:27:28.920Z</time></trkpt>
      <trkpt lat="24.453241" lon="111.161051"><time>2026-08-22T09:27:28.936Z</time></trkpt>
      <trkpt lat="24.453241" lon="111.161051"><time>2026-08-22T09:27:28.953Z</time></trkpt>
      <trkpt lat="24.453241" lon="111.161051"><time>2026-08-22T09:27:28.970Z</time></trkpt>
      <trkpt lat="24.453241" lon="111.161051"><time>2026-08-22T09:27:28.986Z</time></trkpt>
      <trkpt lat="24.453235" lon="111.161055"><time>2026-08-22T09:27:29.003Z</time></trkpt>
      <trkpt lat="24.453235" lon="111.161055"><time>2026-08-22T09:27:29.020Z</time></trkpt>
      <trkpt lat="24.453235" lon="111.161055"><time>2026-08-22T09:27:29.036Z</time></trkpt>
      <trkpt lat="24.453235" lon="111.161055"><time>2026-08-22T09:27:29.053Z</time></trkpt>
      <trkpt lat="24.453235" lon="111.161055"><time>2026-08-22T09:27:29.070Z</time></trkpt>
      <trkpt lat="24.453235" lon="111.161055"><time>2026-08-22T09:27:29.086Z</time></trkpt>
      <trkpt lat="24.453229" lon="111.161059"><time>2026-08-22T09:27:29.103Z</time></trkpt>
      <trkpt lat="24.453229" lon="111.161059"><time>2026-08-22T09:27:29.120Z</time></trkpt>
      <trkpt lat="24.453229" lon="111.161059"><time>2026-08-22T09:27:29.137Z</time></trkpt>
      <trkpt lat="24.453229" lon="111.161059"><time>2026-08-22T09:27:29.153Z</time></trkpt>
      <trkpt lat="24.453229" lon="111.161059"><time>2026-08-22T09:27:29.170Z</time></trkpt>
      <trkpt lat="24.453229" lon="111.161059"><time>2026-08-22T09:27:29.187Z</time></trkpt>
      <trkpt lat="24.453224" lon="111.161063"><time>2026-08-22T09:27:29.203Z</time></trkpt>
      <trkpt lat="24.453224" lon="111.161063"><time>2026-08-22T09:27:29.220Z</time></trkpt>
      <trkpt lat="24.453224" lon="111.161063"><time>2026-08-22T09:27:29.237Z</time></trkpt>
      <trkpt lat="24.453224" lon="111.161063"><time>2026-08-22T09:27:29.253Z</time></trkpt>
      <trkpt lat="24.453224" lon="111.161063"><time>2026-08-22T09:27:29.270Z</time></trkpt>
      <trkpt lat="24.453224" lon="111.161063"><time>2026-08-22T09:27:29.287Z</time></trkpt>
      <trkpt lat="24.453218" lon="111.161067"><time>2026-08-22T09:27:29.303Z</time></trkpt>
      <trkpt lat="24.453218" lon="111.161067"><time>2026-08-22T09:27:29.320Z</time></trkpt>
      <trkpt lat="24.453218" lon="111.161067"><time>2026-08-22T09:27:29.337Z</time></trkpt>
      <trkpt lat="24.453218" lon="111.161067"><time>2026-08-22T09:27:29.353Z</time></trkpt>
      <trkpt lat="24.453218" lon="111.161067"><time>2026-08-22T09:27:29.370Z</time></trkpt>
      <trkpt lat="24.453218" lon="111.161067"><time>2026-08-22T09:27:29.387Z</time></trkpt>
      <trkpt lat="24.453212" lon="111.161071"><time>2026-08-22T09:27:29.403Z</time></trkpt>
      <trkpt lat="24.453212" lon="111.161071"><time>2026-08-22T09:27:29.420Z</time></trkpt>
      <trkpt lat="24.453212" lon="111.161071"><time>2026-08-22T09:27:29.437Z</time></trkpt>
      <trkpt lat="24.453212" lon="111.161071"><time>2026-08-22T09:27:29.454Z</time></trkpt>
      <trkpt lat="24.453212" lon="111.161071"><time>2026-08-22T09:27:29.470Z</time></trkpt>
      <trkpt lat="24.453212" lon="111.161071"><time>2026-08-22T09:27:29.487Z</time></trkpt>
      <trkpt lat="24.453206" lon="111.161075"><time>2026-08-22T09:27:29.504Z</time></trkpt>
      <trkpt lat="24.453206" lon="111.161075"><time>2026-08-22T09:27:29.520Z</time></trkpt>
      <trkpt lat="24.453206" lon="111.161075"><time>2026-08-22T09:27:29.537Z</time></trkpt>
      <trkpt lat="24.453206" lon="111.161075"><time>2026-08-22T09:27:29.554Z</time></trkpt>
      <trkpt lat="24.453206" lon="111.161075"><time>2026-08-22T09:27:29.570Z</time></trkpt>
      <trkpt lat="24.453206" lon="111.161075"><time>2026-08-22T09:27:29.587Z</time></trkpt>
      <trkpt lat="24.453201" lon="111.161079"><time>2026-08-22T09:27:29.604Z</time></trkpt>
      <trkpt lat="24.453201" lon="111.161079"><time>2026-08-22T09:27:29.620Z</time></trkpt>
      <trkpt lat="24.453201" lon="111.161079"><time>2026-08-22T09:27:29.637Z</time></trkpt>
      <trkpt lat="24.453201" lon="111.161079"><time>2026-08-22T09:27:29.654Z</time></trkpt>
      <trkpt lat="24.453201" lon="111.161079"><time>2026-08-22T09:27:29.670Z</time></trkpt>
      <trkpt lat="24.453201" lon="111.161079"><time>2026-08-22T09:27:29.687Z</time></trkpt>
      <trkpt lat="24.453195" lon="111.161083"><time>2026-08-22T09:27:29.704Z</time></trkpt>
      <trkpt lat="24.453195" lon="111.161083"><time>2026-08-22T09:27:29.720Z</time></trkpt>
      <trkpt lat="24.453195" lon="111.161083"><time>2026-08-22T09:27:29.737Z</time></trkpt>
      <trkpt lat="24.453195" lon="111.161083"><time>2026-08-22T09:27:29.754Z</time></trkpt>
      <trkpt lat="24.453195" lon="111.161083"><time>2026-08-22T09:27:29.771Z</time></trkpt>
      <trkpt lat="24.453195" lon="111.161083"><time>2026-08-22T09:27:29.787Z</time></trkpt>
      <trkpt lat="24.45319" lon="111.161087"><time>2026-08-22T09:27:29.804Z</time></trkpt>
      <trkpt lat="24.45319" lon="111.161087"><time>2026-08-22T09:27:29.821Z</time></trkpt>
      <trkpt lat="24.45319" lon="111.161087"><time>2026-08-22T09:27:29.837Z</time></trkpt>
      <trkpt lat="24.45319" lon="111.161087"><time>2026-08-22T09:27:29.854Z</time></trkpt>
      <trkpt lat="24.45319" lon="111.161087"><time>2026-08-22T09:27:29.871Z</time></trkpt>
      <trkpt lat="24.45319" lon="111.161087"><time>2026-08-22T09:27:29.887Z</time></trkpt>
      <trkpt lat="24.453184" lon="111.161091"><time>2026-08-22T09:27:29.904Z</time></trkpt>
      <trkpt lat="24.453184" lon="111.161091"><time>2026-08-22T09:27:29.921Z</time></trkpt>
      <trkpt lat="24.453184" lon="111.161091"><time>2026-08-22T09:27:29.937Z</time></trkpt>
      <trkpt lat="24.453184" lon="111.161091"><time>2026-08-22T09:27:29.954Z</time></trkpt>
      <trkpt lat="24.453184" lon="111.161091"><time>2026-08-22T09:27:29.971Z</time></trkpt>
      <trkpt lat="24.453184" lon="111.161091"><time>2026-08-22T09:27:29.987Z</time></trkpt>
      <trkpt lat="24.453179" lon="111.161095"><time>2026-08-22T09:27:30.004Z</time></trkpt>
      <trkpt lat="24.453179" lon="111.161095"><time>2026-08-22T09:27:30.021Z</time></trkpt>
      <trkpt lat="24.453179" lon="111.161095"><time>2026-08-22T09:27:30.037Z</time></trkpt>
      <trkpt lat="24.453179" lon="111.161095"><time>2026-08-22T09:27:30.054Z</time></trkpt>
      <trkpt lat="24.453179" lon="111.161095"><time>2026-08-22T09:27:30.071Z</time></trkpt>
      <trkpt lat="24.453179" lon="111.161095"><time>2026-08-22T09:27:30.088Z</time></trkpt>
      <trkpt lat="24.453173" lon="111.161099"><time>2026-08-22T09:27:30.104Z</time></trkpt>
      <trkpt lat="24.453173" lon="111.161099"><time>2026-08-22T09:27:30.121Z</time></trkpt>
      <trkpt lat="24.453173" lon="111.161099"><time>2026-08-22T09:27:30.138Z</time></trkpt>
      <trkpt lat="24.453173" lon="111.161099"><time>2026-08-22T09:27:30.154Z</time></trkpt>
      <trkpt lat="24.453173" lon="111.161099"><time>2026-08-22T09:27:30.171Z</time></trkpt>
      <trkpt lat="24.453173" lon="111.161099"><time>2026-08-22T09:27:30.188Z</time></trkpt>
      <trkpt lat="24.453168" lon="111.161103"><time>2026-08-22T09:27:30.204Z</time></trkpt>
      <trkpt lat="24.453168" lon="111.161103"><time>2026-08-22T09:27:30.221Z</time></trkpt>
      <trkpt lat="24.453168" lon="111.161103"><time>2026-08-22T09:27:30.238Z</time></trkpt>
      <trkpt lat="24.453168" lon="111.161103"><time>2026-08-22T09:27:30.254Z</time></trkpt>
      <trkpt lat="24.453168" lon="111.161103"><time>2026-08-22T09:27:30.271Z</time></trkpt>
      <trkpt lat="24.453168" lon="111.161103"><time>2026-08-22T09:27:30.288Z</time></trkpt>
      <trkpt lat="24.453163" lon="111.161107"><time>2026-08-22T09:27:30.304Z</time></trkpt>
      <trkpt lat="24.453163" lon="111.161107"><time>2026-08-22T09:27:30.321Z</time></trkpt>
      <trkpt lat="24.453163" lon="111.161107"><time>2026-08-22T09:27:30.338Z</time></trkpt>
      <trkpt lat="24.453163" lon="111.161107"><time>2026-08-22T09:27:30.354Z</time></trkpt>
      <trkpt lat="24.453163" lon="111.161107"><time>2026-08-22T09:27:30.371Z</time></trkpt>
      <trkpt lat="24.453163" lon="111.161107"><time>2026-08-22T09:27:30.388Z</time></trkpt>
      <trkpt lat="24.453157" lon="111.161111"><time>2026-08-22T09:27:30.405Z</time></trkpt>
      <trkpt lat="24.453157" lon="111.161111"><time>2026-08-22T09:27:30.421Z</time></trkpt>
      <trkpt lat="24.453157" lon="111.161111"><time>2026-08-22T09:27:30.438Z</time></trkpt>
      <trkpt lat="24.453157" lon="111.161111"><time>2026-08-22T09:27:30.455Z</time></trkpt>
      <trkpt lat="24.453157" lon="111.161111"><time>2026-08-22T09:27:30.471Z</time></trkpt>
      <trkpt lat="24.453157" lon="111.161111"><time>2026-08-22T09:27:30.488Z</time></trkpt>
      <trkpt lat="24.453152" lon="111.161115"><time>2026-08-22T09:27:30.505Z</time></trkpt>
      <trkpt lat="24.453152" lon="111.161115"><time>2026-08-22T09:27:30.521Z</time></trkpt>
      <trkpt lat="24.453152" lon="111.161115"><time>2026-08-22T09:27:30.538Z</time></trkpt>
      <trkpt lat="24.453152" lon="111.161115"><time>2026-08-22T09:27:30.555Z</time></trkpt>
      <trkpt lat="24.453152" lon="111.161115"><time>2026-08-22T09:27:30.571Z</time></trkpt>
      <trkpt lat="24.453152" lon="111.161115"><time>2026-08-22T09:27:30.588Z</time></trkpt>
      <trkpt lat="24.453146" lon="111.161119"><time>2026-08-22T09:27:30.605Z</time></trkpt>
      <trkpt lat="24.453146" lon="111.161119"><time>2026-08-22T09:27:30.621Z</time></trkpt>
      <trkpt lat="24.453146" lon="111.161119"><time>2026-08-22T09:27:30.638Z</time></trkpt>
      <trkpt lat="24.453146" lon="111.161119"><time>2026-08-22T09:27:30.655Z</time></trkpt>
      <trkpt lat="24.453146" lon="111.161119"><time>2026-08-22T09:27:30.671Z</time></trkpt>
      <trkpt lat="24.453141" lon="111.161123"><time>2026-08-22T09:27:30.688Z</time></trkpt>
      <trkpt lat="24.453141" lon="111.161123"><time>2026-08-22T09:27:30.705Z</time></trkpt>
      <trkpt lat="24.453141" lon="111.161123"><time>2026-08-22T09:27:30.722Z</time></trkpt>
      <trkpt lat="24.453141" lon="111.161123"><time>2026-08-22T09:27:30.738Z</time></trkpt>
      <trkpt lat="24.453141" lon="111.161123"><time>2026-08-22T09:27:30.755Z</time></trkpt>
      <trkpt lat="24.453141" lon="111.161123"><time>2026-08-22T09:27:30.772Z</time></trkpt>
      <trkpt lat="24.453135" lon="111.161127"><time>2026-08-22T09:27:30.788Z</time></trkpt>
      <trkpt lat="24.453135" lon="111.161127"><time>2026-08-22T09:27:30.805Z</time></trkpt>
      <trkpt lat="24.453135" lon="111.161127"><time>2026-08-22T09:27:30.822Z</time></trkpt>
      <trkpt lat="24.453135" lon="111.161127"><time>2026-08-22T09:27:30.838Z</time></trkpt>
      <trkpt lat="24.453135" lon="111.161127"><time>2026-08-22T09:27:30.855Z</time></trkpt>
      <trkpt lat="24.453135" lon="111.161127"><time>2026-08-22T09:27:30.872Z</time></trkpt>
      <trkpt lat="24.453129" lon="111.161131"><time>2026-08-22T09:27:30.888Z</time></trkpt>
      <trkpt lat="24.453129" lon="111.161131"><time>2026-08-22T09:27:30.905Z</time></trkpt>
      <trkpt lat="24.453129" lon="111.161131"><time>2026-08-22T09:27:30.922Z</time></trkpt>
      <trkpt lat="24.453129" lon="111.161131"><time>2026-08-22T09:27:30.938Z</time></trkpt>
      <trkpt lat="24.453129" lon="111.161131"><time>2026-08-22T09:27:30.955Z</time></trkpt>
      <trkpt lat="24.453129" lon="111.161131"><time>2026-08-22T09:27:30.972Z</time></trkpt>
      <trkpt lat="24.453124" lon="111.161135"><time>2026-08-22T09:27:30.988Z</time></trkpt>
      <trkpt lat="24.453124" lon="111.161135"><time>2026-08-22T09:27:31.005Z</time></trkpt>
      <trkpt lat="24.453124" lon="111.161135"><time>2026-08-22T09:27:31.022Z</time></trkpt>
      <trkpt lat="24.453124" lon="111.161135"><time>2026-08-22T09:27:31.039Z</time></trkpt>
      <trkpt lat="24.453124" lon="111.161135"><time>2026-08-22T09:27:31.055Z</time></trkpt>
      <trkpt lat="24.453124" lon="111.161135"><time>2026-08-22T09:27:31.072Z</time></trkpt>
      <trkpt lat="24.453118" lon="111.161139"><time>2026-08-22T09:27:31.089Z</time></trkpt>
      <trkpt lat="24.453118" lon="111.161139"><time>2026-08-22T09:27:31.105Z</time></trkpt>
      <trkpt lat="24.453118" lon="111.161139"><time>2026-08-22T09:27:31.122Z</time></trkpt>
      <trkpt lat="24.453118" lon="111.161139"><time>2026-08-22T09:27:31.139Z</time></trkpt>
      <trkpt lat="24.453118" lon="111.161139"><time>2026-08-22T09:27:31.155Z</time></trkpt>
      <trkpt lat="24.453118" lon="111.161139"><time>2026-08-22T09:27:31.172Z</time></trkpt>
      <trkpt lat="24.453112" lon="111.161143"><time>2026-08-22T09:27:31.189Z</time></trkpt>
      <trkpt lat="24.453112" lon="111.161143"><time>2026-08-22T09:27:31.205Z</time></trkpt>
      <trkpt lat="24.453112" lon="111.161143"><time>2026-08-22T09:27:31.222Z</time></trkpt>
      <trkpt lat="24.453112" lon="111.161143"><time>2026-08-22T09:27:31.239Z</time></trkpt>
      <trkpt lat="24.453112" lon="111.161143"><time>2026-08-22T09:27:31.255Z</time></trkpt>
      <trkpt lat="24.453112" lon="111.161143"><time>2026-08-22T09:27:31.272Z</time></trkpt>
      <trkpt lat="24.453106" lon="111.161147"><time>2026-08-22T09:27:31.289Z</time></trkpt>
      <trkpt lat="24.453106" lon="111.161147"><time>2026-08-22T09:27:31.305Z</time></trkpt>
      <trkpt lat="24.453106" lon="111.161147"><time>2026-08-22T09:27:31.322Z</time></trkpt>
      <trkpt lat="24.453106" lon="111.161147"><time>2026-08-22T09:27:31.339Z</time></trkpt>
      <trkpt lat="24.453106" lon="111.161147"><time>2026-08-22T09:27:31.356Z</time></trkpt>
      <trkpt lat="24.453106" lon="111.161147"><time>2026-08-22T09:27:31.372Z</time></trkpt>
      <trkpt lat="24.453101" lon="111.161151"><time>2026-08-22T09:27:31.389Z</time></trkpt>
      <trkpt lat="24.453101" lon="111.161151"><time>2026-08-22T09:27:31.406Z</time></trkpt>
      <trkpt lat="24.453101" lon="111.161151"><time>2026-08-22T09:27:31.422Z</time></trkpt>
      <trkpt lat="24.453101" lon="111.161151"><time>2026-08-22T09:27:31.439Z</time></trkpt>
      <trkpt lat="24.453101" lon="111.161151"><time>2026-08-22T09:27:31.456Z</time></trkpt>
      <trkpt lat="24.453101" lon="111.161151"><time>2026-08-22T09:27:31.472Z</time></trkpt>
      <trkpt lat="24.453101" lon="111.161151"><time>2026-08-22T09:27:31.489Z</time></trkpt>
      <trkpt lat="24.453095" lon="111.161155"><time>2026-08-22T09:27:31.506Z</time></trkpt>
      <trkpt lat="24.453095" lon="111.161155"><time>2026-08-22T09:27:31.522Z</time></trkpt>
      <trkpt lat="24.453095" lon="111.161155"><time>2026-08-22T09:27:31.539Z</time></trkpt>
      <trkpt lat="24.453095" lon="111.161155"><time>2026-08-22T09:27:31.556Z</time></trkpt>
      <trkpt lat="24.453095" lon="111.161155"><time>2026-08-22T09:27:31.572Z</time></trkpt>
      <trkpt lat="24.453089" lon="111.161159"><time>2026-08-22T09:27:31.589Z</time></trkpt>
      <trkpt lat="24.453089" lon="111.161159"><time>2026-08-22T09:27:31.606Z</time></trkpt>
      <trkpt lat="24.453089" lon="111.161159"><time>2026-08-22T09:27:31.622Z</time></trkpt>
      <trkpt lat="24.453089" lon="111.161159"><time>2026-08-22T09:27:31.639Z</time></trkpt>
      <trkpt lat="24.453089" lon="111.161159"><time>2026-08-22T09:27:31.656Z</time></trkpt>
      <trkpt lat="24.453089" lon="111.161159"><time>2026-08-22T09:27:31.673Z</time></trkpt>
      <trkpt lat="24.453084" lon="111.161163"><time>2026-08-22T09:27:31.689Z</time></trkpt>
      <trkpt lat="24.453084" lon="111.161163"><time>2026-08-22T09:27:31.706Z</time></trkpt>
      <trkpt lat="24.453084" lon="111.161163"><time>2026-08-22T09:27:31.723Z</time></trkpt>
      <trkpt lat="24.453084" lon="111.161163"><time>2026-08-22T09:27:31.739Z</time></trkpt>
      <trkpt lat="24.453084" lon="111.161163"><time>2026-08-22T09:27:31.756Z</time></trkpt>
      <trkpt lat="24.453084" lon="111.161163"><time>2026-08-22T09:27:31.773Z</time></trkpt>
      <trkpt lat="24.453078" lon="111.161167"><time>2026-08-22T09:27:31.789Z</time></trkpt>
      <trkpt lat="24.453078" lon="111.161167"><time>2026-08-22T09:27:31.806Z</time></trkpt>
      <trkpt lat="24.453078" lon="111.161167"><time>2026-08-22T09:27:31.823Z</time></trkpt>
      <trkpt lat="24.453078" lon="111.161167"><time>2026-08-22T09:27:31.839Z</time></trkpt>
      <trkpt lat="24.453078" lon="111.161167"><time>2026-08-22T09:27:31.856Z</time></trkpt>
      <trkpt lat="24.453078" lon="111.161167"><time>2026-08-22T09:27:31.873Z</time></trkpt>
      <trkpt lat="24.453072" lon="111.161172"><time>2026-08-22T09:27:31.889Z</time></trkpt>
      <trkpt lat="24.453072" lon="111.161172"><time>2026-08-22T09:27:31.906Z</time></trkpt>
      <trkpt lat="24.453072" lon="111.161172"><time>2026-08-22T09:27:31.923Z</time></trkpt>
      <trkpt lat="24.453072" lon="111.161172"><time>2026-08-22T09:27:31.939Z</time></trkpt>
      <trkpt lat="24.453072" lon="111.161172"><time>2026-08-22T09:27:31.956Z</time></trkpt>
      <trkpt lat="24.453072" lon="111.161172"><time>2026-08-22T09:27:31.973Z</time></trkpt>
      <trkpt lat="24.453067" lon="111.161176"><time>2026-08-22T09:27:31.990Z</time></trkpt>
      <trkpt lat="24.453067" lon="111.161176"><time>2026-08-22T09:27:32.006Z</time></trkpt>
      <trkpt lat="24.453067" lon="111.161176"><time>2026-08-22T09:27:32.023Z</time></trkpt>
      <trkpt lat="24.453067" lon="111.161176"><time>2026-08-22T09:27:32.040Z</time></trkpt>
      <trkpt lat="24.453067" lon="111.161176"><time>2026-08-22T09:27:32.056Z</time></trkpt>
      <trkpt lat="24.453067" lon="111.161176"><time>2026-08-22T09:27:32.073Z</time></trkpt>
      <trkpt lat="24.453061" lon="111.16118"><time>2026-08-22T09:27:32.090Z</time></trkpt>
      <trkpt lat="24.453061" lon="111.16118"><time>2026-08-22T09:27:32.106Z</time></trkpt>
      <trkpt lat="24.453061" lon="111.16118"><time>2026-08-22T09:27:32.123Z</time></trkpt>
      <trkpt lat="24.453061" lon="111.16118"><time>2026-08-22T09:27:32.140Z</time></trkpt>
      <trkpt lat="24.453061" lon="111.16118"><time>2026-08-22T09:27:32.156Z</time></trkpt>
      <trkpt lat="24.453061" lon="111.16118"><time>2026-08-22T09:27:32.173Z</time></trkpt>
      <trkpt lat="24.453056" lon="111.161185"><time>2026-08-22T09:27:32.190Z</time></trkpt>
      <trkpt lat="24.453056" lon="111.161185"><time>2026-08-22T09:27:32.206Z</time></trkpt>
      <trkpt lat="24.453056" lon="111.161185"><time>2026-08-22T09:27:32.223Z</time></trkpt>
      <trkpt lat="24.453056" lon="111.161185"><time>2026-08-22T09:27:32.240Z</time></trkpt>
      <trkpt lat="24.453056" lon="111.161185"><time>2026-08-22T09:27:32.256Z</time></trkpt>
      <trkpt lat="24.453056" lon="111.161185"><time>2026-08-22T09:27:32.273Z</time></trkpt>
      <trkpt lat="24.45305" lon="111.161189"><time>2026-08-22T09:27:32.290Z</time></trkpt>
      <trkpt lat="24.45305" lon="111.161189"><time>2026-08-22T09:27:32.307Z</time></trkpt>
      <trkpt lat="24.45305" lon="111.161189"><time>2026-08-22T09:27:32.323Z</time></trkpt>
      <trkpt lat="24.45305" lon="111.161189"><time>2026-08-22T09:27:32.340Z</time></trkpt>
      <trkpt lat="24.45305" lon="111.161189"><time>2026-08-22T09:27:32.357Z</time></trkpt>
      <trkpt lat="24.45305" lon="111.161189"><time>2026-08-22T09:27:32.373Z</time></trkpt>
      <trkpt lat="24.453045" lon="111.161194"><time>2026-08-22T09:27:32.390Z</time></trkpt>
      <trkpt lat="24.453045" lon="111.161194"><time>2026-08-22T09:27:32.407Z</time></trkpt>
      <trkpt lat="24.453045" lon="111.161194"><time>2026-08-22T09:27:32.423Z</time></trkpt>
      <trkpt lat="24.453045" lon="111.161194"><time>2026-08-22T09:27:32.440Z</time></trkpt>
      <trkpt lat="24.453045" lon="111.161194"><time>2026-08-22T09:27:32.457Z</time></trkpt>
      <trkpt lat="24.453045" lon="111.161194"><time>2026-08-22T09:27:32.473Z</time></trkpt>
      <trkpt lat="24.453039" lon="111.161198"><time>2026-08-22T09:27:32.490Z</time></trkpt>
      <trkpt lat="24.453039" lon="111.161198"><time>2026-08-22T09:27:32.507Z</time></trkpt>
      <trkpt lat="24.453039" lon="111.161198"><time>2026-08-22T09:27:32.523Z</time></trkpt>
      <trkpt lat="24.453039" lon="111.161198"><time>2026-08-22T09:27:32.540Z</time></trkpt>
      <trkpt lat="24.453039" lon="111.161198"><time>2026-08-22T09:27:32.557Z</time></trkpt>
      <trkpt lat="24.453039" lon="111.161198"><time>2026-08-22T09:27:32.573Z</time></trkpt>
      <trkpt lat="24.453034" lon="111.161202"><time>2026-08-22T09:27:32.590Z</time></trkpt>
      <trkpt lat="24.453034" lon="111.161202"><time>2026-08-22T09:27:32.607Z</time></trkpt>
      <trkpt lat="24.453034" lon="111.161202"><time>2026-08-22T09:27:32.624Z</time></trkpt>
      <trkpt lat="24.453034" lon="111.161202"><time>2026-08-22T09:27:32.640Z</time></trkpt>
      <trkpt lat="24.453034" lon="111.161202"><time>2026-08-22T09:27:32.657Z</time></trkpt>
      <trkpt lat="24.453034" lon="111.161202"><time>2026-08-22T09:27:32.674Z</time></trkpt>
      <trkpt lat="24.453029" lon="111.161207"><time>2026-08-22T09:27:32.690Z</time></trkpt>
      <trkpt lat="24.453029" lon="111.161207"><time>2026-08-22T09:27:32.707Z</time></trkpt>
      <trkpt lat="24.453029" lon="111.161207"><time>2026-08-22T09:27:32.724Z</time></trkpt>
      <trkpt lat="24.453029" lon="111.161207"><time>2026-08-22T09:27:32.740Z</time></trkpt>
      <trkpt lat="24.453029" lon="111.161207"><time>2026-08-22T09:27:32.757Z</time></trkpt>
      <trkpt lat="24.453029" lon="111.161207"><time>2026-08-22T09:27:32.774Z</time></trkpt>
      <trkpt lat="24.453023" lon="111.161211"><time>2026-08-22T09:27:32.790Z</time></trkpt>
      <trkpt lat="24.453023" lon="111.161211"><time>2026-08-22T09:27:32.807Z</time></trkpt>
      <trkpt lat="24.453023" lon="111.161211"><time>2026-08-22T09:27:32.824Z</time></trkpt>
      <trkpt lat="24.453023" lon="111.161211"><time>2026-08-22T09:27:32.840Z</time></trkpt>
      <trkpt lat="24.453023" lon="111.161211"><time>2026-08-22T09:27:32.857Z</time></trkpt>
      <trkpt lat="24.453023" lon="111.161211"><time>2026-08-22T09:27:32.874Z</time></trkpt>
      <trkpt lat="24.453018" lon="111.161216"><time>2026-08-22T09:27:32.890Z</time></trkpt>
      <trkpt lat="24.453018" lon="111.161216"><time>2026-08-22T09:27:32.907Z</time></trkpt>
      <trkpt lat="24.453018" lon="111.161216"><time>2026-08-22T09:27:32.924Z</time></trkpt>
      <trkpt lat="24.453018" lon="111.161216"><time>2026-08-22T09:27:32.941Z</time></trkpt>
      <trkpt lat="24.453018" lon="111.161216"><time>2026-08-22T09:27:32.957Z</time></trkpt>
      <trkpt lat="24.453018" lon="111.161216"><time>2026-08-22T09:27:32.974Z</time></trkpt>
      <trkpt lat="24.453013" lon="111.16122"><time>2026-08-22T09:27:32.991Z</time></trkpt>
      <trkpt lat="24.453013" lon="111.16122"><time>2026-08-22T09:27:33.007Z</time></trkpt>
      <trkpt lat="24.453013" lon="111.16122"><time>2026-08-22T09:27:33.024Z</time></trkpt>
      <trkpt lat="24.453013" lon="111.16122"><time>2026-08-22T09:27:33.041Z</time></trkpt>
      <trkpt lat="24.453013" lon="111.16122"><time>2026-08-22T09:27:33.057Z</time></trkpt>
      <trkpt lat="24.453013" lon="111.16122"><time>2026-08-22T09:27:33.074Z</time></trkpt>
      <trkpt lat="24.453008" lon="111.161225"><time>2026-08-22T09:27:33.091Z</time></trkpt>
      <trkpt lat="24.453008" lon="111.161225"><time>2026-08-22T09:27:33.107Z</time></trkpt>
      <trkpt lat="24.453008" lon="111.161225"><time>2026-08-22T09:27:33.124Z</time></trkpt>
      <trkpt lat="24.453008" lon="111.161225"><time>2026-08-22T09:27:33.141Z</time></trkpt>
      <trkpt lat="24.453008" lon="111.161225"><time>2026-08-22T09:27:33.157Z</time></trkpt>
      <trkpt lat="24.453008" lon="111.161225"><time>2026-08-22T09:27:33.174Z</time></trkpt>
      <trkpt lat="24.453003" lon="111.161229"><time>2026-08-22T09:27:33.191Z</time></trkpt>
      <trkpt lat="24.453003" lon="111.161229"><time>2026-08-22T09:27:33.207Z</time></trkpt>
      <trkpt lat="24.453003" lon="111.161229"><time>2026-08-22T09:27:33.224Z</time></trkpt>
      <trkpt lat="24.453003" lon="111.161229"><time>2026-08-22T09:27:33.241Z</time></trkpt>
      <trkpt lat="24.453003" lon="111.161229"><time>2026-08-22T09:27:33.258Z</time></trkpt>
      <trkpt lat="24.453003" lon="111.161229"><time>2026-08-22T09:27:33.274Z</time></trkpt>
      <trkpt lat="24.452997" lon="111.161233"><time>2026-08-22T09:27:33.291Z</time></trkpt>
      <trkpt lat="24.452997" lon="111.161233"><time>2026-08-22T09:27:33.308Z</time></trkpt>
      <trkpt lat="24.452997" lon="111.161233"><time>2026-08-22T09:27:33.324Z</time></trkpt>
      <trkpt lat="24.452997" lon="111.161233"><time>2026-08-22T09:27:33.341Z</time></trkpt>
      <trkpt lat="24.452997" lon="111.161233"><time>2026-08-22T09:27:33.358Z</time></trkpt>
      <trkpt lat="24.452997" lon="111.161233"><time>2026-08-22T09:27:33.374Z</time></trkpt>
      <trkpt lat="24.452992" lon="111.161238"><time>2026-08-22T09:27:33.391Z</time></trkpt>
      <trkpt lat="24.452992" lon="111.161238"><time>2026-08-22T09:27:33.408Z</time></trkpt>
      <trkpt lat="24.452992" lon="111.161238"><time>2026-08-22T09:27:33.424Z</time></trkpt>
      <trkpt lat="24.452992" lon="111.161238"><time>2026-08-22T09:27:33.441Z</time></trkpt>
      <trkpt lat="24.452992" lon="111.161238"><time>2026-08-22T09:27:33.458Z</time></trkpt>
      <trkpt lat="24.452992" lon="111.161238"><time>2026-08-22T09:27:33.474Z</time></trkpt>
      <trkpt lat="24.452987" lon="111.161243"><time>2026-08-22T09:27:33.491Z</time></trkpt>
      <trkpt lat="24.452987" lon="111.161243"><time>2026-08-22T09:27:33.508Z</time></trkpt>
      <trkpt lat="24.452987" lon="111.161243"><time>2026-08-22T09:27:33.524Z</time></trkpt>
      <trkpt lat="24.452987" lon="111.161243"><time>2026-08-22T09:27:33.541Z</time></trkpt>
      <trkpt lat="24.452987" lon="111.161243"><time>2026-08-22T09:27:33.558Z</time></trkpt>
      <trkpt lat="24.452987" lon="111.161243"><time>2026-08-22T09:27:33.574Z</time></trkpt>
      <trkpt lat="24.452982" lon="111.161247"><time>2026-08-22T09:27:33.591Z</time></trkpt>
      <trkpt lat="24.452982" lon="111.161247"><time>2026-08-22T09:27:33.608Z</time></trkpt>
      <trkpt lat="24.452982" lon="111.161247"><time>2026-08-22T09:27:33.625Z</time></trkpt>
      <trkpt lat="24.452982" lon="111.161247"><time>2026-08-22T09:27:33.641Z</time></trkpt>
      <trkpt lat="24.452982" lon="111.161247"><time>2026-08-22T09:27:33.658Z</time></trkpt>
      <trkpt lat="24.452982" lon="111.161247"><time>2026-08-22T09:27:33.675Z</time></trkpt>
      <trkpt lat="24.452977" lon="111.161252"><time>2026-08-22T09:27:33.691Z</time></trkpt>
      <trkpt lat="24.452977" lon="111.161252"><time>2026-08-22T09:27:33.708Z</time></trkpt>
      <trkpt lat="24.452977" lon="111.161252"><time>2026-08-22T09:27:33.725Z</time></trkpt>
      <trkpt lat="24.452977" lon="111.161252"><time>2026-08-22T09:27:33.741Z</time></trkpt>
      <trkpt lat="24.452977" lon="111.161252"><time>2026-08-22T09:27:33.758Z</time></trkpt>
      <trkpt lat="24.452977" lon="111.161252"><time>2026-08-22T09:27:33.775Z</time></trkpt>
      <trkpt lat="24.452973" lon="111.161257"><time>2026-08-22T09:27:33.791Z</time></trkpt>
      <trkpt lat="24.452973" lon="111.161257"><time>2026-08-22T09:27:33.808Z</time></trkpt>
      <trkpt lat="24.452973" lon="111.161257"><time>2026-08-22T09:27:33.825Z</time></trkpt>
      <trkpt lat="24.452973" lon="111.161257"><time>2026-08-22T09:27:33.841Z</time></trkpt>
      <trkpt lat="24.452973" lon="111.161257"><time>2026-08-22T09:27:33.858Z</time></trkpt>
      <trkpt lat="24.452973" lon="111.161257"><time>2026-08-22T09:27:33.875Z</time></trkpt>
      <trkpt lat="24.452968" lon="111.161262"><time>2026-08-22T09:27:33.891Z</time></trkpt>
      <trkpt lat="24.452968" lon="111.161262"><time>2026-08-22T09:27:33.908Z</time></trkpt>
      <trkpt lat="24.452968" lon="111.161262"><time>2026-08-22T09:27:33.925Z</time></trkpt>
      <trkpt lat="24.452968" lon="111.161262"><time>2026-08-22T09:27:33.942Z</time></trkpt>
      <trkpt lat="24.452968" lon="111.161262"><time>2026-08-22T09:27:33.958Z</time></trkpt>
      <trkpt lat="24.452968" lon="111.161262"><time>2026-08-22T09:27:33.975Z</time></trkpt>
      <trkpt lat="24.452963" lon="111.161266"><time>2026-08-22T09:27:33.992Z</time></trkpt>
      <trkpt lat="24.452963" lon="111.161266"><time>2026-08-22T09:27:34.008Z</time></trkpt>
      <trkpt lat="24.452963" lon="111.161266"><time>2026-08-22T09:27:34.025Z</time></trkpt>
      <trkpt lat="24.452963" lon="111.161266"><time>2026-08-22T09:27:34.042Z</time></trkpt>
      <trkpt lat="24.452963" lon="111.161266"><time>2026-08-22T09:27:34.058Z</time></trkpt>
      <trkpt lat="24.452963" lon="111.161266"><time>2026-08-22T09:27:34.075Z</time></trkpt>
      <trkpt lat="24.452958" lon="111.161271"><time>2026-08-22T09:27:34.092Z</time></trkpt>
      <trkpt lat="24.452958" lon="111.161271"><time>2026-08-22T09:27:34.108Z</time></trkpt>
      <trkpt lat="24.452958" lon="111.161271"><time>2026-08-22T09:27:34.125Z</time></trkpt>
      <trkpt lat="24.452958" lon="111.161271"><time>2026-08-22T09:27:34.142Z</time></trkpt>
      <trkpt lat="24.452958" lon="111.161271"><time>2026-08-22T09:27:34.158Z</time></trkpt>
      <trkpt lat="24.452958" lon="111.161271"><time>2026-08-22T09:27:34.175Z</time></trkpt>
      <trkpt lat="24.452954" lon="111.161275"><time>2026-08-22T09:27:34.192Z</time></trkpt>
      <trkpt lat="24.452954" lon="111.161275"><time>2026-08-22T09:27:34.208Z</time></trkpt>
      <trkpt lat="24.452954" lon="111.161275"><time>2026-08-22T09:27:34.225Z</time></trkpt>
      <trkpt lat="24.452954" lon="111.161275"><time>2026-08-22T09:27:34.242Z</time></trkpt>
      <trkpt lat="24.452954" lon="111.161275"><time>2026-08-22T09:27:34.259Z</time></trkpt>
      <trkpt lat="24.452954" lon="111.161275"><time>2026-08-22T09:27:34.275Z</time></trkpt>
      <trkpt lat="24.452949" lon="111.16128"><time>2026-08-22T09:27:34.292Z</time></trkpt>
      <trkpt lat="24.452949" lon="111.16128"><time>2026-08-22T09:27:34.309Z</time></trkpt>
      <trkpt lat="24.452949" lon="111.16128"><time>2026-08-22T09:27:34.325Z</time></trkpt>
      <trkpt lat="24.452949" lon="111.16128"><time>2026-08-22T09:27:34.342Z</time></trkpt>
      <trkpt lat="24.452949" lon="111.16128"><time>2026-08-22T09:27:34.359Z</time></trkpt>
      <trkpt lat="24.452949" lon="111.16128"><time>2026-08-22T09:27:34.375Z</time></trkpt>
      <trkpt lat="24.452945" lon="111.161284"><time>2026-08-22T09:27:34.392Z</time></trkpt>
      <trkpt lat="24.452945" lon="111.161284"><time>2026-08-22T09:27:34.409Z</time></trkpt>
      <trkpt lat="24.452945" lon="111.161284"><time>2026-08-22T09:27:34.425Z</time></trkpt>
      <trkpt lat="24.452945" lon="111.161284"><time>2026-08-22T09:27:34.442Z</time></trkpt>
      <trkpt lat="24.452945" lon="111.161284"><time>2026-08-22T09:27:34.459Z</time></trkpt>
      <trkpt lat="24.452945" lon="111.161284"><time>2026-08-22T09:27:34.475Z</time></trkpt>
      <trkpt lat="24.45294" lon="111.161289"><time>2026-08-22T09:27:34.492Z</time></trkpt>
      <trkpt lat="24.45294" lon="111.161289"><time>2026-08-22T09:27:34.509Z</time></trkpt>
      <trkpt lat="24.45294" lon="111.161289"><time>2026-08-22T09:27:34.525Z</time></trkpt>
      <trkpt lat="24.45294" lon="111.161289"><time>2026-08-22T09:27:34.542Z</time></trkpt>
      <trkpt lat="24.45294" lon="111.161289"><time>2026-08-22T09:27:34.559Z</time></trkpt>
      <trkpt lat="24.45294" lon="111.161289"><time>2026-08-22T09:27:34.576Z</time></trkpt>
      <trkpt lat="24.452936" lon="111.161293"><time>2026-08-22T09:27:34.592Z</time></trkpt>
      <trkpt lat="24.452936" lon="111.161293"><time>2026-08-22T09:27:34.609Z</time></trkpt>
      <trkpt lat="24.452936" lon="111.161293"><time>2026-08-22T09:27:34.626Z</time></trkpt>
      <trkpt lat="24.452936" lon="111.161293"><time>2026-08-22T09:27:34.642Z</time></trkpt>
      <trkpt lat="24.452936" lon="111.161293"><time>2026-08-22T09:27:34.659Z</time></trkpt>
      <trkpt lat="24.452936" lon="111.161293"><time>2026-08-22T09:27:34.676Z</time></trkpt>
      <trkpt lat="24.452932" lon="111.161298"><time>2026-08-22T09:27:34.692Z</time></trkpt>
      <trkpt lat="24.452932" lon="111.161298"><time>2026-08-22T09:27:34.709Z</time></trkpt>
      <trkpt lat="24.452932" lon="111.161298"><time>2026-08-22T09:27:34.726Z</time></trkpt>
      <trkpt lat="24.452932" lon="111.161298"><time>2026-08-22T09:27:34.742Z</time></trkpt>
      <trkpt lat="24.452932" lon="111.161298"><time>2026-08-22T09:27:34.759Z</time></trkpt>
      <trkpt lat="24.452932" lon="111.161298"><time>2026-08-22T09:27:34.776Z</time></trkpt>
      <trkpt lat="24.452928" lon="111.161302"><time>2026-08-22T09:27:34.792Z</time></trkpt>
      <trkpt lat="24.452928" lon="111.161302"><time>2026-08-22T09:27:34.809Z</time></trkpt>
      <trkpt lat="24.452928" lon="111.161302"><time>2026-08-22T09:27:34.826Z</time></trkpt>
      <trkpt lat="24.452928" lon="111.161302"><time>2026-08-22T09:27:34.842Z</time></trkpt>
      <trkpt lat="24.452928" lon="111.161302"><time>2026-08-22T09:27:34.859Z</time></trkpt>
      <trkpt lat="24.452928" lon="111.161302"><time>2026-08-22T09:27:34.876Z</time></trkpt>
      <trkpt lat="24.452923" lon="111.161307"><time>2026-08-22T09:27:34.893Z</time></trkpt>
      <trkpt lat="24.452923" lon="111.161307"><time>2026-08-22T09:27:34.909Z</time></trkpt>
      <trkpt lat="24.452923" lon="111.161307"><time>2026-08-22T09:27:34.926Z</time></trkpt>
      <trkpt lat="24.452923" lon="111.161307"><time>2026-08-22T09:27:34.943Z</time></trkpt>
      <trkpt lat="24.452923" lon="111.161307"><time>2026-08-22T09:27:34.959Z</time></trkpt>
      <trkpt lat="24.452923" lon="111.161307"><time>2026-08-22T09:27:34.976Z</time></trkpt>
      <trkpt lat="24.452919" lon="111.161312"><time>2026-08-22T09:27:34.993Z</time></trkpt>
      <trkpt lat="24.452919" lon="111.161312"><time>2026-08-22T09:27:35.009Z</time></trkpt>
      <trkpt lat="24.452919" lon="111.161312"><time>2026-08-22T09:27:35.026Z</time></trkpt>
      <trkpt lat="24.452919" lon="111.161312"><time>2026-08-22T09:27:35.043Z</time></trkpt>
      <trkpt lat="24.452919" lon="111.161312"><time>2026-08-22T09:27:35.059Z</time></trkpt>
      <trkpt lat="24.452919" lon="111.161312"><time>2026-08-22T09:27:35.076Z</time></trkpt>
      <trkpt lat="24.452915" lon="111.161316"><time>2026-08-22T09:27:35.093Z</time></trkpt>
      <trkpt lat="24.452915" lon="111.161316"><time>2026-08-22T09:27:35.109Z</time></trkpt>
      <trkpt lat="24.452915" lon="111.161316"><time>2026-08-22T09:27:35.126Z</time></trkpt>
      <trkpt lat="24.452915" lon="111.161316"><time>2026-08-22T09:27:35.143Z</time></trkpt>
      <trkpt lat="24.452915" lon="111.161316"><time>2026-08-22T09:27:35.159Z</time></trkpt>
      <trkpt lat="24.452915" lon="111.161316"><time>2026-08-22T09:27:35.176Z</time></trkpt>
      <trkpt lat="24.45291" lon="111.161321"><time>2026-08-22T09:27:35.193Z</time></trkpt>
      <trkpt lat="24.45291" lon="111.161321"><time>2026-08-22T09:27:35.210Z</time></trkpt>
      <trkpt lat="24.45291" lon="111.161321"><time>2026-08-22T09:27:35.226Z</time></trkpt>
      <trkpt lat="24.45291" lon="111.161321"><time>2026-08-22T09:27:35.243Z</time></trkpt>
      <trkpt lat="24.45291" lon="111.161321"><time>2026-08-22T09:27:35.260Z</time></trkpt>
      <trkpt lat="24.45291" lon="111.161321"><time>2026-08-22T09:27:35.276Z</time></trkpt>
      <trkpt lat="24.452906" lon="111.161326"><time>2026-08-22T09:27:35.293Z</time></trkpt>
      <trkpt lat="24.452906" lon="111.161326"><time>2026-08-22T09:27:35.310Z</time></trkpt>
      <trkpt lat="24.452906" lon="111.161326"><time>2026-08-22T09:27:35.326Z</time></trkpt>
      <trkpt lat="24.452906" lon="111.161326"><time>2026-08-22T09:27:35.343Z</time></trkpt>
      <trkpt lat="24.452906" lon="111.161326"><time>2026-08-22T09:27:35.360Z</time></trkpt>
      <trkpt lat="24.452906" lon="111.161326"><time>2026-08-22T09:27:35.376Z</time></trkpt>
      <trkpt lat="24.452902" lon="111.161331"><time>2026-08-22T09:27:35.393Z</time></trkpt>
      <trkpt lat="24.452902" lon="111.161331"><time>2026-08-22T09:27:35.410Z</time></trkpt>
      <trkpt lat="24.452902" lon="111.161331"><time>2026-08-22T09:27:35.426Z</time></trkpt>
      <trkpt lat="24.452902" lon="111.161331"><time>2026-08-22T09:27:35.443Z</time></trkpt>
      <trkpt lat="24.452902" lon="111.161331"><time>2026-08-22T09:27:35.460Z</time></trkpt>
      <trkpt lat="24.452902" lon="111.161331"><time>2026-08-22T09:27:35.476Z</time></trkpt>
      <trkpt lat="24.452897" lon="111.161336"><time>2026-08-22T09:27:35.493Z</time></trkpt>
      <trkpt lat="24.452897" lon="111.161336"><time>2026-08-22T09:27:35.510Z</time></trkpt>
      <trkpt lat="24.452897" lon="111.161336"><time>2026-08-22T09:27:35.527Z</time></trkpt>
      <trkpt lat="24.452897" lon="111.161336"><time>2026-08-22T09:27:35.543Z</time></trkpt>
      <trkpt lat="24.452897" lon="111.161336"><time>2026-08-22T09:27:35.560Z</time></trkpt>
      <trkpt lat="24.452897" lon="111.161336"><time>2026-08-22T09:27:35.577Z</time></trkpt>
      <trkpt lat="24.452893" lon="111.16134"><time>2026-08-22T09:27:35.593Z</time></trkpt>
      <trkpt lat="24.452893" lon="111.16134"><time>2026-08-22T09:27:35.610Z</time></trkpt>
      <trkpt lat="24.452893" lon="111.16134"><time>2026-08-22T09:27:35.627Z</time></trkpt>
      <trkpt lat="24.452893" lon="111.16134"><time>2026-08-22T09:27:35.643Z</time></trkpt>
      <trkpt lat="24.452893" lon="111.16134"><time>2026-08-22T09:27:35.660Z</time></trkpt>
      <trkpt lat="24.452893" lon="111.16134"><time>2026-08-22T09:27:35.677Z</time></trkpt>
      <trkpt lat="24.452888" lon="111.161345"><time>2026-08-22T09:27:35.693Z</time></trkpt>
      <trkpt lat="24.452888" lon="111.161345"><time>2026-08-22T09:27:35.710Z</time></trkpt>
      <trkpt lat="24.452888" lon="111.161345"><time>2026-08-22T09:27:35.727Z</time></trkpt>
      <trkpt lat="24.452888" lon="111.161345"><time>2026-08-22T09:27:35.743Z</time></trkpt>
      <trkpt lat="24.452888" lon="111.161345"><time>2026-08-22T09:27:35.760Z</time></trkpt>
      <trkpt lat="24.452888" lon="111.161345"><time>2026-08-22T09:27:35.777Z</time></trkpt>
      <trkpt lat="24.452884" lon="111.16135"><time>2026-08-22T09:27:35.793Z</time></trkpt>
      <trkpt lat="24.452884" lon="111.16135"><time>2026-08-22T09:27:35.810Z</time></trkpt>
      <trkpt lat="24.452884" lon="111.16135"><time>2026-08-22T09:27:35.827Z</time></trkpt>
      <trkpt lat="24.452884" lon="111.16135"><time>2026-08-22T09:27:35.844Z</time></trkpt>
      <trkpt lat="24.452884" lon="111.16135"><time>2026-08-22T09:27:35.860Z</time></trkpt>
      <trkpt lat="24.452884" lon="111.16135"><time>2026-08-22T09:27:35.877Z</time></trkpt>
      <trkpt lat="24.452879" lon="111.161355"><time>2026-08-22T09:27:35.894Z</time></trkpt>
      <trkpt lat="24.452879" lon="111.161355"><time>2026-08-22T09:27:35.910Z</time></trkpt>
      <trkpt lat="24.452879" lon="111.161355"><time>2026-08-22T09:27:35.927Z</time></trkpt>
      <trkpt lat="24.452879" lon="111.161355"><time>2026-08-22T09:27:35.944Z</time></trkpt>
      <trkpt lat="24.452879" lon="111.161355"><time>2026-08-22T09:27:35.960Z</time></trkpt>
      <trkpt lat="24.452879" lon="111.161355"><time>2026-08-22T09:27:35.977Z</time></trkpt>
      <trkpt lat="24.452875" lon="111.16136"><time>2026-08-22T09:27:35.994Z</time></trkpt>
      <trkpt lat="24.452875" lon="111.16136"><time>2026-08-22T09:27:36.010Z</time></trkpt>
      <trkpt lat="24.452875" lon="111.16136"><time>2026-08-22T09:27:36.027Z</time></trkpt>
      <trkpt lat="24.452875" lon="111.16136"><time>2026-08-22T09:27:36.044Z</time></trkpt>
      <trkpt lat="24.452875" lon="111.16136"><time>2026-08-22T09:27:36.060Z</time></trkpt>
      <trkpt lat="24.452875" lon="111.16136"><time>2026-08-22T09:27:36.077Z</time></trkpt>
      <trkpt lat="24.45287" lon="111.161365"><time>2026-08-22T09:27:36.094Z</time></trkpt>
      <trkpt lat="24.45287" lon="111.161365"><time>2026-08-22T09:27:36.110Z</time></trkpt>
      <trkpt lat="24.45287" lon="111.161365"><time>2026-08-22T09:27:36.127Z</time></trkpt>
      <trkpt lat="24.45287" lon="111.161365"><time>2026-08-22T09:27:36.144Z</time></trkpt>
      <trkpt lat="24.45287" lon="111.161365"><time>2026-08-22T09:27:36.161Z</time></trkpt>
      <trkpt lat="24.45287" lon="111.161365"><time>2026-08-22T09:27:36.177Z</time></trkpt>
      <trkpt lat="24.452866" lon="111.16137"><time>2026-08-22T09:27:36.194Z</time></trkpt>
      <trkpt lat="24.452866" lon="111.16137"><time>2026-08-22T09:27:36.211Z</time></trkpt>
      <trkpt lat="24.452866" lon="111.16137"><time>2026-08-22T09:27:36.227Z</time></trkpt>
      <trkpt lat="24.452866" lon="111.16137"><time>2026-08-22T09:27:36.244Z</time></trkpt>
      <trkpt lat="24.452866" lon="111.16137"><time>2026-08-22T09:27:36.261Z</time></trkpt>
      <trkpt lat="24.452866" lon="111.16137"><time>2026-08-22T09:27:36.277Z</time></trkpt>
      <trkpt lat="24.452862" lon="111.161375"><time>2026-08-22T09:27:36.294Z</time></trkpt>
      <trkpt lat="24.452862" lon="111.161375"><time>2026-08-22T09:27:36.311Z</time></trkpt>
      <trkpt lat="24.452862" lon="111.161375"><time>2026-08-22T09:27:36.327Z</time></trkpt>
      <trkpt lat="24.452862" lon="111.161375"><time>2026-08-22T09:27:36.344Z</time></trkpt>
      <trkpt lat="24.452862" lon="111.161375"><time>2026-08-22T09:27:36.361Z</time></trkpt>
      <trkpt lat="24.452862" lon="111.161375"><time>2026-08-22T09:27:36.377Z</time></trkpt>
      <trkpt lat="24.452857" lon="111.16138"><time>2026-08-22T09:27:36.394Z</time></trkpt>
      <trkpt lat="24.452857" lon="111.16138"><time>2026-08-22T09:27:36.411Z</time></trkpt>
      <trkpt lat="24.452857" lon="111.16138"><time>2026-08-22T09:27:36.427Z</time></trkpt>
      <trkpt lat="24.452857" lon="111.16138"><time>2026-08-22T09:27:36.444Z</time></trkpt>
      <trkpt lat="24.452857" lon="111.16138"><time>2026-08-22T09:27:36.461Z</time></trkpt>
      <trkpt lat="24.452857" lon="111.16138"><time>2026-08-22T09:27:36.478Z</time></trkpt>
      <trkpt lat="24.452853" lon="111.161385"><time>2026-08-22T09:27:36.494Z</time></trkpt>
      <trkpt lat="24.452853" lon="111.161385"><time>2026-08-22T09:27:36.511Z</time></trkpt>
      <trkpt lat="24.452853" lon="111.161385"><time>2026-08-22T09:27:36.528Z</time></trkpt>
      <trkpt lat="24.452853" lon="111.161385"><time>2026-08-22T09:27:36.544Z</time></trkpt>
      <trkpt lat="24.452853" lon="111.161385"><time>2026-08-22T09:27:36.561Z</time></trkpt>
      <trkpt lat="24.452853" lon="111.161385"><time>2026-08-22T09:27:36.578Z</time></trkpt>
      <trkpt lat="24.452849" lon="111.161389"><time>2026-08-22T09:27:36.594Z</time></trkpt>
      <trkpt lat="24.452849" lon="111.161389"><time>2026-08-22T09:27:36.611Z</time></trkpt>
      <trkpt lat="24.452849" lon="111.161389"><time>2026-08-22T09:27:36.628Z</time></trkpt>
      <trkpt lat="24.452849" lon="111.161389"><time>2026-08-22T09:27:36.644Z</time></trkpt>
      <trkpt lat="24.452849" lon="111.161389"><time>2026-08-22T09:27:36.661Z</time></trkpt>
      <trkpt lat="24.452849" lon="111.161389"><time>2026-08-22T09:27:36.678Z</time></trkpt>
      <trkpt lat="24.452844" lon="111.161394"><time>2026-08-22T09:27:36.694Z</time></trkpt>
      <trkpt lat="24.452844" lon="111.161394"><time>2026-08-22T09:27:36.711Z</time></trkpt>
      <trkpt lat="24.452844" lon="111.161394"><time>2026-08-22T09:27:36.728Z</time></trkpt>
      <trkpt lat="24.452844" lon="111.161394"><time>2026-08-22T09:27:36.744Z</time></trkpt>
      <trkpt lat="24.452844" lon="111.161394"><time>2026-08-22T09:27:36.761Z</time></trkpt>
      <trkpt lat="24.452844" lon="111.161394"><time>2026-08-22T09:27:36.778Z</time></trkpt>
      <trkpt lat="24.45284" lon="111.161399"><time>2026-08-22T09:27:36.795Z</time></trkpt>
      <trkpt lat="24.45284" lon="111.161399"><time>2026-08-22T09:27:36.811Z</time></trkpt>
      <trkpt lat="24.45284" lon="111.161399"><time>2026-08-22T09:27:36.828Z</time></trkpt>
      <trkpt lat="24.45284" lon="111.161399"><time>2026-08-22T09:27:36.845Z</time></trkpt>
      <trkpt lat="24.45284" lon="111.161399"><time>2026-08-22T09:27:36.861Z</time></trkpt>
      <trkpt lat="24.45284" lon="111.161399"><time>2026-08-22T09:27:36.878Z</time></trkpt>
      <trkpt lat="24.452836" lon="111.161404"><time>2026-08-22T09:27:36.895Z</time></trkpt>
      <trkpt lat="24.452836" lon="111.161404"><time>2026-08-22T09:27:36.911Z</time></trkpt>
      <trkpt lat="24.452836" lon="111.161404"><time>2026-08-22T09:27:36.928Z</time></trkpt>
      <trkpt lat="24.452836" lon="111.161404"><time>2026-08-22T09:27:36.945Z</time></trkpt>
      <trkpt lat="24.452836" lon="111.161404"><time>2026-08-22T09:27:36.961Z</time></trkpt>
      <trkpt lat="24.452836" lon="111.161404"><time>2026-08-22T09:27:36.978Z</time></trkpt>
      <trkpt lat="24.452831" lon="111.161409"><time>2026-08-22T09:27:36.995Z</time></trkpt>
      <trkpt lat="24.452831" lon="111.161409"><time>2026-08-22T09:27:37.011Z</time></trkpt>
      <trkpt lat="24.452831" lon="111.161409"><time>2026-08-22T09:27:37.028Z</time></trkpt>
      <trkpt lat="24.452831" lon="111.161409"><time>2026-08-22T09:27:37.045Z</time></trkpt>
      <trkpt lat="24.452831" lon="111.161409"><time>2026-08-22T09:27:37.061Z</time></trkpt>
      <trkpt lat="24.452831" lon="111.161409"><time>2026-08-22T09:27:37.078Z</time></trkpt>
      <trkpt lat="24.452827" lon="111.161414"><time>2026-08-22T09:27:37.095Z</time></trkpt>
      <trkpt lat="24.452827" lon="111.161414"><time>2026-08-22T09:27:37.112Z</time></trkpt>
      <trkpt lat="24.452827" lon="111.161414"><time>2026-08-22T09:27:37.128Z</time></trkpt>
      <trkpt lat="24.452827" lon="111.161414"><time>2026-08-22T09:27:37.145Z</time></trkpt>
      <trkpt lat="24.452827" lon="111.161414"><time>2026-08-22T09:27:37.162Z</time></trkpt>
      <trkpt lat="24.452827" lon="111.161414"><time>2026-08-22T09:27:37.178Z</time></trkpt>
      <trkpt lat="24.452822" lon="111.161419"><time>2026-08-22T09:27:37.195Z</time></trkpt>
      <trkpt lat="24.452822" lon="111.161419"><time>2026-08-22T09:27:37.212Z</time></trkpt>
      <trkpt lat="24.452822" lon="111.161419"><time>2026-08-22T09:27:37.228Z</time></trkpt>
      <trkpt lat="24.452822" lon="111.161419"><time>2026-08-22T09:27:37.245Z</time></trkpt>
      <trkpt lat="24.452822" lon="111.161419"><time>2026-08-22T09:27:37.262Z</time></trkpt>
      <trkpt lat="24.452822" lon="111.161419"><time>2026-08-22T09:27:37.278Z</time></trkpt>
      <trkpt lat="24.452818" lon="111.161424"><time>2026-08-22T09:27:37.295Z</time></trkpt>
      <trkpt lat="24.452818" lon="111.161424"><time>2026-08-22T09:27:37.312Z</time></trkpt>
      <trkpt lat="24.452818" lon="111.161424"><time>2026-08-22T09:27:37.328Z</time></trkpt>
      <trkpt lat="24.452818" lon="111.161424"><time>2026-08-22T09:27:37.345Z</time></trkpt>
      <trkpt lat="24.452818" lon="111.161424"><time>2026-08-22T09:27:37.362Z</time></trkpt>
      <trkpt lat="24.452818" lon="111.161424"><time>2026-08-22T09:27:37.378Z</time></trkpt>
      <trkpt lat="24.452814" lon="111.161429"><time>2026-08-22T09:27:37.395Z</time></trkpt>
      <trkpt lat="24.452814" lon="111.161429"><time>2026-08-22T09:27:37.412Z</time></trkpt>
      <trkpt lat="24.452814" lon="111.161429"><time>2026-08-22T09:27:37.429Z</time></trkpt>
      <trkpt lat="24.452814" lon="111.161429"><time>2026-08-22T09:27:37.445Z</time></trkpt>
      <trkpt lat="24.452814" lon="111.161429"><time>2026-08-22T09:27:37.462Z</time></trkpt>
      <trkpt lat="24.452814" lon="111.161429"><time>2026-08-22T09:27:37.479Z</time></trkpt>
      <trkpt lat="24.452809" lon="111.161434"><time>2026-08-22T09:27:37.495Z</time></trkpt>
      <trkpt lat="24.452809" lon="111.161434"><time>2026-08-22T09:27:37.512Z</time></trkpt>
      <trkpt lat="24.452809" lon="111.161434"><time>2026-08-22T09:27:37.529Z</time></trkpt>
      <trkpt lat="24.452809" lon="111.161434"><time>2026-08-22T09:27:37.545Z</time></trkpt>
      <trkpt lat="24.452809" lon="111.161434"><time>2026-08-22T09:27:37.562Z</time></trkpt>
      <trkpt lat="24.452809" lon="111.161434"><time>2026-08-22T09:27:37.579Z</time></trkpt>
      <trkpt lat="24.452805" lon="111.161439"><time>2026-08-22T09:27:37.595Z</time></trkpt>
      <trkpt lat="24.452805" lon="111.161439"><time>2026-08-22T09:27:37.612Z</time></trkpt>
      <trkpt lat="24.452805" lon="111.161439"><time>2026-08-22T09:27:37.629Z</time></trkpt>
      <trkpt lat="24.452805" lon="111.161439"><time>2026-08-22T09:27:37.645Z</time></trkpt>
      <trkpt lat="24.452805" lon="111.161439"><time>2026-08-22T09:27:37.662Z</time></trkpt>
      <trkpt lat="24.452805" lon="111.161439"><time>2026-08-22T09:27:37.679Z</time></trkpt>
      <trkpt lat="24.4528" lon="111.161444"><time>2026-08-22T09:27:37.695Z</time></trkpt>
      <trkpt lat="24.4528" lon="111.161444"><time>2026-08-22T09:27:37.712Z</time></trkpt>
      <trkpt lat="24.4528" lon="111.161444"><time>2026-08-22T09:27:37.729Z</time></trkpt>
      <trkpt lat="24.4528" lon="111.161444"><time>2026-08-22T09:27:37.746Z</time></trkpt>
      <trkpt lat="24.4528" lon="111.161444"><time>2026-08-22T09:27:37.762Z</time></trkpt>
      <trkpt lat="24.4528" lon="111.161444"><time>2026-08-22T09:27:37.779Z</time></trkpt>
      <trkpt lat="24.452796" lon="111.161449"><time>2026-08-22T09:27:37.796Z</time></trkpt>
      <trkpt lat="24.452796" lon="111.161449"><time>2026-08-22T09:27:37.812Z</time></trkpt>
      <trkpt lat="24.452796" lon="111.161449"><time>2026-08-22T09:27:37.829Z</time></trkpt>
      <trkpt lat="24.452796" lon="111.161449"><time>2026-08-22T09:27:37.846Z</time></trkpt>
      <trkpt lat="24.452796" lon="111.161449"><time>2026-08-22T09:27:37.862Z</time></trkpt>
      <trkpt lat="24.452796" lon="111.161449"><time>2026-08-22T09:27:37.879Z</time></trkpt>
      <trkpt lat="24.452791" lon="111.161455"><time>2026-08-22T09:27:37.896Z</time></trkpt>
      <trkpt lat="24.452791" lon="111.161455"><time>2026-08-22T09:27:37.912Z</time></trkpt>
      <trkpt lat="24.452791" lon="111.161455"><time>2026-08-22T09:27:37.929Z</time></trkpt>
      <trkpt lat="24.452791" lon="111.161455"><time>2026-08-22T09:27:37.946Z</time></trkpt>
      <trkpt lat="24.452791" lon="111.161455"><time>2026-08-22T09:27:37.962Z</time></trkpt>
      <trkpt lat="24.452791" lon="111.161455"><time>2026-08-22T09:27:37.979Z</time></trkpt>
      <trkpt lat="24.452787" lon="111.16146"><time>2026-08-22T09:27:37.996Z</time></trkpt>
      <trkpt lat="24.452787" lon="111.16146"><time>2026-08-22T09:27:38.012Z</time></trkpt>
      <trkpt lat="24.452787" lon="111.16146"><time>2026-08-22T09:27:38.029Z</time></trkpt>
      <trkpt lat="24.452787" lon="111.16146"><time>2026-08-22T09:27:38.046Z</time></trkpt>
      <trkpt lat="24.452787" lon="111.16146"><time>2026-08-22T09:27:38.063Z</time></trkpt>
      <trkpt lat="24.452787" lon="111.16146"><time>2026-08-22T09:27:38.079Z</time></trkpt>
      <trkpt lat="24.452783" lon="111.161465"><time>2026-08-22T09:27:38.096Z</time></trkpt>
      <trkpt lat="24.452783" lon="111.161465"><time>2026-08-22T09:27:38.113Z</time></trkpt>
      <trkpt lat="24.452783" lon="111.161465"><time>2026-08-22T09:27:38.129Z</time></trkpt>
      <trkpt lat="24.452783" lon="111.161465"><time>2026-08-22T09:27:38.146Z</time></trkpt>
      <trkpt lat="24.452783" lon="111.161465"><time>2026-08-22T09:27:38.163Z</time></trkpt>
      <trkpt lat="24.452783" lon="111.161465"><time>2026-08-22T09:27:38.179Z</time></trkpt>
      <trkpt lat="24.452778" lon="111.161471"><time>2026-08-22T09:27:38.196Z</time></trkpt>
      <trkpt lat="24.452778" lon="111.161471"><time>2026-08-22T09:27:38.213Z</time></trkpt>
      <trkpt lat="24.452778" lon="111.161471"><time>2026-08-22T09:27:38.229Z</time></trkpt>
      <trkpt lat="24.452778" lon="111.161471"><time>2026-08-22T09:27:38.246Z</time></trkpt>
      <trkpt lat="24.452778" lon="111.161471"><time>2026-08-22T09:27:38.263Z</time></trkpt>
      <trkpt lat="24.452778" lon="111.161471"><time>2026-08-22T09:27:38.279Z</time></trkpt>
      <trkpt lat="24.452774" lon="111.161476"><time>2026-08-22T09:27:38.296Z</time></trkpt>
      <trkpt lat="24.452774" lon="111.161476"><time>2026-08-22T09:27:38.313Z</time></trkpt>
      <trkpt lat="24.452774" lon="111.161476"><time>2026-08-22T09:27:38.329Z</time></trkpt>
      <trkpt lat="24.452774" lon="111.161476"><time>2026-08-22T09:27:38.346Z</time></trkpt>
      <trkpt lat="24.452774" lon="111.161476"><time>2026-08-22T09:27:38.363Z</time></trkpt>
      <trkpt lat="24.452774" lon="111.161476"><time>2026-08-22T09:27:38.380Z</time></trkpt>
      <trkpt lat="24.45277" lon="111.161481"><time>2026-08-22T09:27:38.396Z</time></trkpt>
      <trkpt lat="24.45277" lon="111.161481"><time>2026-08-22T09:27:38.413Z</time></trkpt>
      <trkpt lat="24.45277" lon="111.161481"><time>2026-08-22T09:27:38.430Z</time></trkpt>
      <trkpt lat="24.45277" lon="111.161481"><time>2026-08-22T09:27:38.446Z</time></trkpt>
      <trkpt lat="24.45277" lon="111.161481"><time>2026-08-22T09:27:38.463Z</time></trkpt>
      <trkpt lat="24.45277" lon="111.161481"><time>2026-08-22T09:27:38.480Z</time></trkpt>
      <trkpt lat="24.452766" lon="111.161486"><time>2026-08-22T09:27:38.496Z</time></trkpt>
      <trkpt lat="24.452766" lon="111.161486"><time>2026-08-22T09:27:38.513Z</time></trkpt>
      <trkpt lat="24.452766" lon="111.161486"><time>2026-08-22T09:27:38.530Z</time></trkpt>
      <trkpt lat="24.452766" lon="111.161486"><time>2026-08-22T09:27:38.546Z</time></trkpt>
      <trkpt lat="24.452766" lon="111.161486"><time>2026-08-22T09:27:38.563Z</time></trkpt>
      <trkpt lat="24.452766" lon="111.161486"><time>2026-08-22T09:27:38.580Z</time></trkpt>
      <trkpt lat="24.452762" lon="111.161492"><time>2026-08-22T09:27:38.596Z</time></trkpt>
      <trkpt lat="24.452762" lon="111.161492"><time>2026-08-22T09:27:38.613Z</time></trkpt>
      <trkpt lat="24.452762" lon="111.161492"><time>2026-08-22T09:27:38.630Z</time></trkpt>
      <trkpt lat="24.452762" lon="111.161492"><time>2026-08-22T09:27:38.646Z</time></trkpt>
      <trkpt lat="24.452762" lon="111.161492"><time>2026-08-22T09:27:38.663Z</time></trkpt>
      <trkpt lat="24.452762" lon="111.161492"><time>2026-08-22T09:27:38.680Z</time></trkpt>
      <trkpt lat="24.452758" lon="111.161497"><time>2026-08-22T09:27:38.697Z</time></trkpt>
      <trkpt lat="24.452758" lon="111.161497"><time>2026-08-22T09:27:38.713Z</time></trkpt>
      <trkpt lat="24.452758" lon="111.161497"><time>2026-08-22T09:27:38.730Z</time></trkpt>
      <trkpt lat="24.452758" lon="111.161497"><time>2026-08-22T09:27:38.747Z</time></trkpt>
      <trkpt lat="24.452758" lon="111.161497"><time>2026-08-22T09:27:38.763Z</time></trkpt>
      <trkpt lat="24.452758" lon="111.161497"><time>2026-08-22T09:27:38.780Z</time></trkpt>
      <trkpt lat="24.452754" lon="111.161503"><time>2026-08-22T09:27:38.797Z</time></trkpt>
      <trkpt lat="24.452754" lon="111.161503"><time>2026-08-22T09:27:38.813Z</time></trkpt>
      <trkpt lat="24.452754" lon="111.161503"><time>2026-08-22T09:27:38.830Z</time></trkpt>
      <trkpt lat="24.452754" lon="111.161503"><time>2026-08-22T09:27:38.847Z</time></trkpt>
      <trkpt lat="24.452754" lon="111.161503"><time>2026-08-22T09:27:38.863Z</time></trkpt>
      <trkpt lat="24.452754" lon="111.161503"><time>2026-08-22T09:27:38.880Z</time></trkpt>
      <trkpt lat="24.452749" lon="111.161508"><time>2026-08-22T09:27:38.897Z</time></trkpt>
      <trkpt lat="24.452749" lon="111.161508"><time>2026-08-22T09:27:38.913Z</time></trkpt>
      <trkpt lat="24.452749" lon="111.161508"><time>2026-08-22T09:27:38.930Z</time></trkpt>
      <trkpt lat="24.452749" lon="111.161508"><time>2026-08-22T09:27:38.947Z</time></trkpt>
      <trkpt lat="24.452749" lon="111.161508"><time>2026-08-22T09:27:38.963Z</time></trkpt>
      <trkpt lat="24.452749" lon="111.161508"><time>2026-08-22T09:27:38.980Z</time></trkpt>
      <trkpt lat="24.452745" lon="111.161513"><time>2026-08-22T09:27:38.997Z</time></trkpt>
      <trkpt lat="24.452745" lon="111.161513"><time>2026-08-22T09:27:39.014Z</time></trkpt>
      <trkpt lat="24.452745" lon="111.161513"><time>2026-08-22T09:27:39.030Z</time></trkpt>
      <trkpt lat="24.452745" lon="111.161513"><time>2026-08-22T09:27:39.047Z</time></trkpt>
      <trkpt lat="24.452745" lon="111.161513"><time>2026-08-22T09:27:39.064Z</time></trkpt>
      <trkpt lat="24.452745" lon="111.161513"><time>2026-08-22T09:27:39.080Z</time></trkpt>
      <trkpt lat="24.452741" lon="111.161519"><time>2026-08-22T09:27:39.097Z</time></trkpt>
      <trkpt lat="24.452741" lon="111.161519"><time>2026-08-22T09:27:39.114Z</time></trkpt>
      <trkpt lat="24.452741" lon="111.161519"><time>2026-08-22T09:27:39.130Z</time></trkpt>
      <trkpt lat="24.452741" lon="111.161519"><time>2026-08-22T09:27:39.147Z</time></trkpt>
      <trkpt lat="24.452741" lon="111.161519"><time>2026-08-22T09:27:39.164Z</time></trkpt>
      <trkpt lat="24.452741" lon="111.161519"><time>2026-08-22T09:27:39.180Z</time></trkpt>
      <trkpt lat="24.452737" lon="111.161524"><time>2026-08-22T09:27:39.197Z</time></trkpt>
      <trkpt lat="24.452737" lon="111.161524"><time>2026-08-22T09:27:39.214Z</time></trkpt>
      <trkpt lat="24.452737" lon="111.161524"><time>2026-08-22T09:27:39.230Z</time></trkpt>
      <trkpt lat="24.452737" lon="111.161524"><time>2026-08-22T09:27:39.247Z</time></trkpt>
      <trkpt lat="24.452737" lon="111.161524"><time>2026-08-22T09:27:39.264Z</time></trkpt>
      <trkpt lat="24.452737" lon="111.161524"><time>2026-08-22T09:27:39.280Z</time></trkpt>
      <trkpt lat="24.452733" lon="111.161529"><time>2026-08-22T09:27:39.297Z</time></trkpt>
      <trkpt lat="24.452733" lon="111.161529"><time>2026-08-22T09:27:39.314Z</time></trkpt>
      <trkpt lat="24.452733" lon="111.161529"><time>2026-08-22T09:27:39.331Z</time></trkpt>
      <trkpt lat="24.452733" lon="111.161529"><time>2026-08-22T09:27:39.347Z</time></trkpt>
      <trkpt lat="24.452733" lon="111.161529"><time>2026-08-22T09:27:39.364Z</time></trkpt>
      <trkpt lat="24.452733" lon="111.161529"><time>2026-08-22T09:27:39.381Z</time></trkpt>
      <trkpt lat="24.452729" lon="111.161535"><time>2026-08-22T09:27:39.397Z</time></trkpt>
      <trkpt lat="24.452729" lon="111.161535"><time>2026-08-22T09:27:39.414Z</time></trkpt>
      <trkpt lat="24.452729" lon="111.161535"><time>2026-08-22T09:27:39.431Z</time></trkpt>
      <trkpt lat="24.452729" lon="111.161535"><time>2026-08-22T09:27:39.447Z</time></trkpt>
      <trkpt lat="24.452729" lon="111.161535"><time>2026-08-22T09:27:39.464Z</time></trkpt>
      <trkpt lat="24.452729" lon="111.161535"><time>2026-08-22T09:27:39.481Z</time></trkpt>
      <trkpt lat="24.452725" lon="111.16154"><time>2026-08-22T09:27:39.497Z</time></trkpt>
      <trkpt lat="24.452725" lon="111.16154"><time>2026-08-22T09:27:39.514Z</time></trkpt>
      <trkpt lat="24.452725" lon="111.16154"><time>2026-08-22T09:27:39.531Z</time></trkpt>
      <trkpt lat="24.452725" lon="111.16154"><time>2026-08-22T09:27:39.547Z</time></trkpt>
      <trkpt lat="24.452725" lon="111.16154"><time>2026-08-22T09:27:39.564Z</time></trkpt>
      <trkpt lat="24.452725" lon="111.16154"><time>2026-08-22T09:27:39.581Z</time></trkpt>
      <trkpt lat="24.452721" lon="111.161545"><time>2026-08-22T09:27:39.597Z</time></trkpt>
      <trkpt lat="24.452721" lon="111.161545"><time>2026-08-22T09:27:39.614Z</time></trkpt>
      <trkpt lat="24.452721" lon="111.161545"><time>2026-08-22T09:27:39.631Z</time></trkpt>
      <trkpt lat="24.452721" lon="111.161545"><time>2026-08-22T09:27:39.648Z</time></trkpt>
      <trkpt lat="24.452721" lon="111.161545"><time>2026-08-22T09:27:39.664Z</time></trkpt>
      <trkpt lat="24.452721" lon="111.161545"><time>2026-08-22T09:27:39.681Z</time></trkpt>
      <trkpt lat="24.452717" lon="111.161551"><time>2026-08-22T09:27:39.698Z</time></trkpt>
      <trkpt lat="24.452717" lon="111.161551"><time>2026-08-22T09:27:39.714Z</time></trkpt>
      <trkpt lat="24.452717" lon="111.161551"><time>2026-08-22T09:27:39.731Z</time></trkpt>
      <trkpt lat="24.452717" lon="111.161551"><time>2026-08-22T09:27:39.748Z</time></trkpt>
      <trkpt lat="24.452717" lon="111.161551"><time>2026-08-22T09:27:39.764Z</time></trkpt>
      <trkpt lat="24.452717" lon="111.161551"><time>2026-08-22T09:27:39.781Z</time></trkpt>
      <trkpt lat="24.452713" lon="111.161556"><time>2026-08-22T09:27:39.798Z</time></trkpt>
      <trkpt lat="24.452713" lon="111.161556"><time>2026-08-22T09:27:39.814Z</time></trkpt>
      <trkpt lat="24.452713" lon="111.161556"><time>2026-08-22T09:27:39.831Z</time></trkpt>
      <trkpt lat="24.452713" lon="111.161556"><time>2026-08-22T09:27:39.848Z</time></trkpt>
      <trkpt lat="24.452713" lon="111.161556"><time>2026-08-22T09:27:39.864Z</time></trkpt>
      <trkpt lat="24.452713" lon="111.161556"><time>2026-08-22T09:27:39.881Z</time></trkpt>
      <trkpt lat="24.452709" lon="111.161561"><time>2026-08-22T09:27:39.898Z</time></trkpt>
      <trkpt lat="24.452709" lon="111.161561"><time>2026-08-22T09:27:39.914Z</time></trkpt>
      <trkpt lat="24.452709" lon="111.161561"><time>2026-08-22T09:27:39.931Z</time></trkpt>
      <trkpt lat="24.452709" lon="111.161561"><time>2026-08-22T09:27:39.948Z</time></trkpt>
      <trkpt lat="24.452709" lon="111.161561"><time>2026-08-22T09:27:39.964Z</time></trkpt>
      <trkpt lat="24.452709" lon="111.161561"><time>2026-08-22T09:27:39.981Z</time></trkpt>
      <trkpt lat="24.452705" lon="111.161567"><time>2026-08-22T09:27:39.998Z</time></trkpt>
      <trkpt lat="24.452705" lon="111.161567"><time>2026-08-22T09:27:40.015Z</time></trkpt>
      <trkpt lat="24.452705" lon="111.161567"><time>2026-08-22T09:27:40.031Z</time></trkpt>
      <trkpt lat="24.452705" lon="111.161567"><time>2026-08-22T09:27:40.048Z</time></trkpt>
      <trkpt lat="24.452705" lon="111.161567"><time>2026-08-22T09:27:40.065Z</time></trkpt>
      <trkpt lat="24.452705" lon="111.161567"><time>2026-08-22T09:27:40.081Z</time></trkpt>
      <trkpt lat="24.452701" lon="111.161572"><time>2026-08-22T09:27:40.098Z</time></trkpt>
      <trkpt lat="24.452701" lon="111.161572"><time>2026-08-22T09:27:40.115Z</time></trkpt>
      <trkpt lat="24.452701" lon="111.161572"><time>2026-08-22T09:27:40.131Z</time></trkpt>
      <trkpt lat="24.452701" lon="111.161572"><time>2026-08-22T09:27:40.148Z</time></trkpt>
      <trkpt lat="24.452701" lon="111.161572"><time>2026-08-22T09:27:40.165Z</time></trkpt>
      <trkpt lat="24.452701" lon="111.161572"><time>2026-08-22T09:27:40.181Z</time></trkpt>
      <trkpt lat="24.452697" lon="111.161577"><time>2026-08-22T09:27:40.198Z</time></trkpt>
      <trkpt lat="24.452697" lon="111.161577"><time>2026-08-22T09:27:40.215Z</time></trkpt>
      <trkpt lat="24.452697" lon="111.161577"><time>2026-08-22T09:27:40.231Z</time></trkpt>
      <trkpt lat="24.452697" lon="111.161577"><time>2026-08-22T09:27:40.248Z</time></trkpt>
      <trkpt lat="24.452697" lon="111.161577"><time>2026-08-22T09:27:40.265Z</time></trkpt>
      <trkpt lat="24.452697" lon="111.161577"><time>2026-08-22T09:27:40.281Z</time></trkpt>
      <trkpt lat="24.452692" lon="111.161583"><time>2026-08-22T09:27:40.298Z</time></trkpt>
      <trkpt lat="24.452692" lon="111.161583"><time>2026-08-22T09:27:40.315Z</time></trkpt>
      <trkpt lat="24.452692" lon="111.161583"><time>2026-08-22T09:27:40.332Z</time></trkpt>
      <trkpt lat="24.452692" lon="111.161583"><time>2026-08-22T09:27:40.348Z</time></trkpt>
      <trkpt lat="24.452692" lon="111.161583"><time>2026-08-22T09:27:40.365Z</time></trkpt>
      <trkpt lat="24.452692" lon="111.161583"><time>2026-08-22T09:27:40.382Z</time></trkpt>
      <trkpt lat="24.452688" lon="111.161588"><time>2026-08-22T09:27:40.398Z</time></trkpt>
      <trkpt lat="24.452688" lon="111.161588"><time>2026-08-22T09:27:40.415Z</time></trkpt>
      <trkpt lat="24.452688" lon="111.161588"><time>2026-08-22T09:27:40.432Z</time></trkpt>
      <trkpt lat="24.452688" lon="111.161588"><time>2026-08-22T09:27:40.448Z</time></trkpt>
      <trkpt lat="24.452688" lon="111.161588"><time>2026-08-22T09:27:40.465Z</time></trkpt>
      <trkpt lat="24.452688" lon="111.161588"><time>2026-08-22T09:27:40.482Z</time></trkpt>
      <trkpt lat="24.452684" lon="111.161593"><time>2026-08-22T09:27:40.498Z</time></trkpt>
      <trkpt lat="24.452684" lon="111.161593"><time>2026-08-22T09:27:40.515Z</time></trkpt>
      <trkpt lat="24.452684" lon="111.161593"><time>2026-08-22T09:27:40.532Z</time></trkpt>
      <trkpt lat="24.452684" lon="111.161593"><time>2026-08-22T09:27:40.548Z</time></trkpt>
      <trkpt lat="24.452684" lon="111.161593"><time>2026-08-22T09:27:40.565Z</time></trkpt>
      <trkpt lat="24.452684" lon="111.161593"><time>2026-08-22T09:27:40.582Z</time></trkpt>
      <trkpt lat="24.45268" lon="111.161598"><time>2026-08-22T09:27:40.598Z</time></trkpt>
      <trkpt lat="24.45268" lon="111.161598"><time>2026-08-22T09:27:40.615Z</time></trkpt>
      <trkpt lat="24.45268" lon="111.161598"><time>2026-08-22T09:27:40.632Z</time></trkpt>
      <trkpt lat="24.45268" lon="111.161598"><time>2026-08-22T09:27:40.649Z</time></trkpt>
      <trkpt lat="24.45268" lon="111.161598"><time>2026-08-22T09:27:40.665Z</time></trkpt>
      <trkpt lat="24.45268" lon="111.161598"><time>2026-08-22T09:27:40.682Z</time></trkpt>
      <trkpt lat="24.452676" lon="111.161603"><time>2026-08-22T09:27:40.699Z</time></trkpt>
      <trkpt lat="24.452676" lon="111.161603"><time>2026-08-22T09:27:40.715Z</time></trkpt>
      <trkpt lat="24.452676" lon="111.161603"><time>2026-08-22T09:27:40.732Z</time></trkpt>
      <trkpt lat="24.452676" lon="111.161603"><time>2026-08-22T09:27:40.749Z</time></trkpt>
      <trkpt lat="24.452676" lon="111.161603"><time>2026-08-22T09:27:40.765Z</time></trkpt>
      <trkpt lat="24.452676" lon="111.161603"><time>2026-08-22T09:27:40.782Z</time></trkpt>
      <trkpt lat="24.452672" lon="111.161608"><time>2026-08-22T09:27:40.799Z</time></trkpt>
      <trkpt lat="24.452672" lon="111.161608"><time>2026-08-22T09:27:40.815Z</time></trkpt>
      <trkpt lat="24.452672" lon="111.161608"><time>2026-08-22T09:27:40.832Z</time></trkpt>
      <trkpt lat="24.452672" lon="111.161608"><time>2026-08-22T09:27:40.849Z</time></trkpt>
      <trkpt lat="24.452672" lon="111.161608"><time>2026-08-22T09:27:40.865Z</time></trkpt>
      <trkpt lat="24.452672" lon="111.161608"><time>2026-08-22T09:27:40.882Z</time></trkpt>
      <trkpt lat="24.452668" lon="111.161613"><time>2026-08-22T09:27:40.899Z</time></trkpt>
      <trkpt lat="24.452668" lon="111.161613"><time>2026-08-22T09:27:40.915Z</time></trkpt>
      <trkpt lat="24.452668" lon="111.161613"><time>2026-08-22T09:27:40.932Z</time></trkpt>
      <trkpt lat="24.452668" lon="111.161613"><time>2026-08-22T09:27:40.949Z</time></trkpt>
      <trkpt lat="24.452668" lon="111.161613"><time>2026-08-22T09:27:40.966Z</time></trkpt>
      <trkpt lat="24.452668" lon="111.161613"><time>2026-08-22T09:27:40.982Z</time></trkpt>
      <trkpt lat="24.452664" lon="111.161618"><time>2026-08-22T09:27:40.999Z</time></trkpt>
      <trkpt lat="24.452664" lon="111.161618"><time>2026-08-22T09:27:41.016Z</time></trkpt>
      <trkpt lat="24.452664" lon="111.161618"><time>2026-08-22T09:27:41.032Z</time></trkpt>
      <trkpt lat="24.452664" lon="111.161618"><time>2026-08-22T09:27:41.049Z</time></trkpt>
      <trkpt lat="24.452664" lon="111.161618"><time>2026-08-22T09:27:41.066Z</time></trkpt>
      <trkpt lat="24.452664" lon="111.161618"><time>2026-08-22T09:27:41.082Z</time></trkpt>
      <trkpt lat="24.452661" lon="111.161623"><time>2026-08-22T09:27:41.099Z</time></trkpt>
      <trkpt lat="24.452661" lon="111.161623"><time>2026-08-22T09:27:41.116Z</time></trkpt>
      <trkpt lat="24.452661" lon="111.161623"><time>2026-08-22T09:27:41.132Z</time></trkpt>
      <trkpt lat="24.452661" lon="111.161623"><time>2026-08-22T09:27:41.149Z</time></trkpt>
      <trkpt lat="24.452661" lon="111.161623"><time>2026-08-22T09:27:41.166Z</time></trkpt>
      <trkpt lat="24.452661" lon="111.161623"><time>2026-08-22T09:27:41.182Z</time></trkpt>
      <trkpt lat="24.452657" lon="111.161628"><time>2026-08-22T09:27:41.199Z</time></trkpt>
      <trkpt lat="24.452657" lon="111.161628"><time>2026-08-22T09:27:41.216Z</time></trkpt>
      <trkpt lat="24.452657" lon="111.161628"><time>2026-08-22T09:27:41.232Z</time></trkpt>
      <trkpt lat="24.452657" lon="111.161628"><time>2026-08-22T09:27:41.249Z</time></trkpt>
      <trkpt lat="24.452657" lon="111.161628"><time>2026-08-22T09:27:41.266Z</time></trkpt>
      <trkpt lat="24.452657" lon="111.161628"><time>2026-08-22T09:27:41.283Z</time></trkpt>
      <trkpt lat="24.452653" lon="111.161633"><time>2026-08-22T09:27:41.299Z</time></trkpt>
      <trkpt lat="24.452653" lon="111.161633"><time>2026-08-22T09:27:41.316Z</time></trkpt>
      <trkpt lat="24.452653" lon="111.161633"><time>2026-08-22T09:27:41.333Z</time></trkpt>
      <trkpt lat="24.452653" lon="111.161633"><time>2026-08-22T09:27:41.349Z</time></trkpt>
      <trkpt lat="24.452653" lon="111.161633"><time>2026-08-22T09:27:41.366Z</time></trkpt>
      <trkpt lat="24.452653" lon="111.161633"><time>2026-08-22T09:27:41.383Z</time></trkpt>
      <trkpt lat="24.452649" lon="111.161638"><time>2026-08-22T09:27:41.399Z</time></trkpt>
      <trkpt lat="24.452649" lon="111.161638"><time>2026-08-22T09:27:41.416Z</time></trkpt>
      <trkpt lat="24.452649" lon="111.161638"><time>2026-08-22T09:27:41.433Z</time></trkpt>
      <trkpt lat="24.452649" lon="111.161638"><time>2026-08-22T09:27:41.449Z</time></trkpt>
      <trkpt lat="24.452649" lon="111.161638"><time>2026-08-22T09:27:41.466Z</time></trkpt>
      <trkpt lat="24.452649" lon="111.161638"><time>2026-08-22T09:27:41.483Z</time></trkpt>
      <trkpt lat="24.452645" lon="111.161643"><time>2026-08-22T09:27:41.499Z</time></trkpt>
      <trkpt lat="24.452645" lon="111.161643"><time>2026-08-22T09:27:41.516Z</time></trkpt>
      <trkpt lat="24.452645" lon="111.161643"><time>2026-08-22T09:27:41.533Z</time></trkpt>
      <trkpt lat="24.452645" lon="111.161643"><time>2026-08-22T09:27:41.549Z</time></trkpt>
      <trkpt lat="24.452645" lon="111.161643"><time>2026-08-22T09:27:41.566Z</time></trkpt>
      <trkpt lat="24.452645" lon="111.161643"><time>2026-08-22T09:27:41.583Z</time></trkpt>
      <trkpt lat="24.452642" lon="111.161648"><time>2026-08-22T09:27:41.600Z</time></trkpt>
      <trkpt lat="24.452642" lon="111.161648"><time>2026-08-22T09:27:41.616Z</time></trkpt>
      <trkpt lat="24.452642" lon="111.161648"><time>2026-08-22T09:27:41.633Z</time></trkpt>
      <trkpt lat="24.452642" lon="111.161648"><time>2026-08-22T09:27:41.650Z</time></trkpt>
      <trkpt lat="24.452642" lon="111.161648"><time>2026-08-22T09:27:41.666Z</time></trkpt>
      <trkpt lat="24.452642" lon="111.161648"><time>2026-08-22T09:27:41.683Z</time></trkpt>
      <trkpt lat="24.452638" lon="111.161653"><time>2026-08-22T09:27:41.700Z</time></trkpt>
      <trkpt lat="24.452638" lon="111.161653"><time>2026-08-22T09:27:41.716Z</time></trkpt>
      <trkpt lat="24.452638" lon="111.161653"><time>2026-08-22T09:27:41.733Z</time></trkpt>
      <trkpt lat="24.452638" lon="111.161653"><time>2026-08-22T09:27:41.750Z</time></trkpt>
      <trkpt lat="24.452638" lon="111.161653"><time>2026-08-22T09:27:41.766Z</time></trkpt>
      <trkpt lat="24.452638" lon="111.161653"><time>2026-08-22T09:27:41.783Z</time></trkpt>
      <trkpt lat="24.452634" lon="111.161658"><time>2026-08-22T09:27:41.800Z</time></trkpt>
      <trkpt lat="24.452634" lon="111.161658"><time>2026-08-22T09:27:41.816Z</time></trkpt>
      <trkpt lat="24.452634" lon="111.161658"><time>2026-08-22T09:27:41.833Z</time></trkpt>
      <trkpt lat="24.452634" lon="111.161658"><time>2026-08-22T09:27:41.850Z</time></trkpt>
      <trkpt lat="24.452634" lon="111.161658"><time>2026-08-22T09:27:41.866Z</time></trkpt>
      <trkpt lat="24.452634" lon="111.161658"><time>2026-08-22T09:27:41.883Z</time></trkpt>
      <trkpt lat="24.452631" lon="111.161663"><time>2026-08-22T09:27:41.900Z</time></trkpt>
      <trkpt lat="24.452631" lon="111.161663"><time>2026-08-22T09:27:41.917Z</time></trkpt>
      <trkpt lat="24.452631" lon="111.161663"><time>2026-08-22T09:27:41.933Z</time></trkpt>
      <trkpt lat="24.452631" lon="111.161663"><time>2026-08-22T09:27:41.950Z</time></trkpt>
      <trkpt lat="24.452631" lon="111.161663"><time>2026-08-22T09:27:41.967Z</time></trkpt>
      <trkpt lat="24.452631" lon="111.161663"><time>2026-08-22T09:27:41.983Z</time></trkpt>
      <trkpt lat="24.452627" lon="111.161668"><time>2026-08-22T09:27:42.000Z</time></trkpt>
      <trkpt lat="24.452627" lon="111.161668"><time>2026-08-22T09:27:42.017Z</time></trkpt>
      <trkpt lat="24.452627" lon="111.161668"><time>2026-08-22T09:27:42.033Z</time></trkpt>
      <trkpt lat="24.452627" lon="111.161668"><time>2026-08-22T09:27:42.050Z</time></trkpt>
      <trkpt lat="24.452627" lon="111.161668"><time>2026-08-22T09:27:42.067Z</time></trkpt>
      <trkpt lat="24.452627" lon="111.161668"><time>2026-08-22T09:27:42.083Z</time></trkpt>
      <trkpt lat="24.452624" lon="111.161673"><time>2026-08-22T09:27:42.100Z</time></trkpt>
      <trkpt lat="24.452624" lon="111.161673"><time>2026-08-22T09:27:42.117Z</time></trkpt>
      <trkpt lat="24.452624" lon="111.161673"><time>2026-08-22T09:27:42.133Z</time></trkpt>
      <trkpt lat="24.452624" lon="111.161673"><time>2026-08-22T09:27:42.150Z</time></trkpt>
      <trkpt lat="24.452624" lon="111.161673"><time>2026-08-22T09:27:42.167Z</time></trkpt>
      <trkpt lat="24.452624" lon="111.161673"><time>2026-08-22T09:27:42.183Z</time></trkpt>
      <trkpt lat="24.452621" lon="111.161677"><time>2026-08-22T09:27:42.200Z</time></trkpt>
      <trkpt lat="24.452621" lon="111.161677"><time>2026-08-22T09:27:42.217Z</time></trkpt>
      <trkpt lat="24.452621" lon="111.161677"><time>2026-08-22T09:27:42.234Z</time></trkpt>
      <trkpt lat="24.452621" lon="111.161677"><time>2026-08-22T09:27:42.250Z</time></trkpt>
      <trkpt lat="24.452621" lon="111.161677"><time>2026-08-22T09:27:42.267Z</time></trkpt>
      <trkpt lat="24.452621" lon="111.161677"><time>2026-08-22T09:27:42.284Z</time></trkpt>
      <trkpt lat="24.452617" lon="111.161682"><time>2026-08-22T09:27:42.300Z</time></trkpt>
      <trkpt lat="24.452617" lon="111.161682"><time>2026-08-22T09:27:42.317Z</time></trkpt>
      <trkpt lat="24.452617" lon="111.161682"><time>2026-08-22T09:27:42.334Z</time></trkpt>
      <trkpt lat="24.452617" lon="111.161682"><time>2026-08-22T09:27:42.350Z</time></trkpt>
      <trkpt lat="24.452617" lon="111.161682"><time>2026-08-22T09:27:42.367Z</time></trkpt>
      <trkpt lat="24.452617" lon="111.161682"><time>2026-08-22T09:27:42.384Z</time></trkpt>
      <trkpt lat="24.452614" lon="111.161687"><time>2026-08-22T09:27:42.400Z</time></trkpt>
      <trkpt lat="24.452614" lon="111.161687"><time>2026-08-22T09:27:42.417Z</time></trkpt>
      <trkpt lat="24.452614" lon="111.161687"><time>2026-08-22T09:27:42.434Z</time></trkpt>
      <trkpt lat="24.452614" lon="111.161687"><time>2026-08-22T09:27:42.450Z</time></trkpt>
      <trkpt lat="24.452614" lon="111.161687"><time>2026-08-22T09:27:42.467Z</time></trkpt>
      <trkpt lat="24.452614" lon="111.161687"><time>2026-08-22T09:27:42.484Z</time></trkpt>
      <trkpt lat="24.452611" lon="111.161691"><time>2026-08-22T09:27:42.500Z</time></trkpt>
      <trkpt lat="24.452611" lon="111.161691"><time>2026-08-22T09:27:42.517Z</time></trkpt>
      <trkpt lat="24.452611" lon="111.161691"><time>2026-08-22T09:27:42.534Z</time></trkpt>
      <trkpt lat="24.452611" lon="111.161691"><time>2026-08-22T09:27:42.551Z</time></trkpt>
      <trkpt lat="24.452611" lon="111.161691"><time>2026-08-22T09:27:42.567Z</time></trkpt>
      <trkpt lat="24.452611" lon="111.161691"><time>2026-08-22T09:27:42.584Z</time></trkpt>
      <trkpt lat="24.452607" lon="111.161696"><time>2026-08-22T09:27:42.601Z</time></trkpt>
      <trkpt lat="24.452607" lon="111.161696"><time>2026-08-22T09:27:42.617Z</time></trkpt>
      <trkpt lat="24.452607" lon="111.161696"><time>2026-08-22T09:27:42.634Z</time></trkpt>
      <trkpt lat="24.452607" lon="111.161696"><time>2026-08-22T09:27:42.651Z</time></trkpt>
      <trkpt lat="24.452607" lon="111.161696"><time>2026-08-22T09:27:42.667Z</time></trkpt>
      <trkpt lat="24.452607" lon="111.161696"><time>2026-08-22T09:27:42.684Z</time></trkpt>
      <trkpt lat="24.452604" lon="111.1617"><time>2026-08-22T09:27:42.701Z</time></trkpt>
      <trkpt lat="24.452604" lon="111.1617"><time>2026-08-22T09:27:42.717Z</time></trkpt>
      <trkpt lat="24.452604" lon="111.1617"><time>2026-08-22T09:27:42.734Z</time></trkpt>
      <trkpt lat="24.452604" lon="111.1617"><time>2026-08-22T09:27:42.751Z</time></trkpt>
      <trkpt lat="24.452604" lon="111.1617"><time>2026-08-22T09:27:42.767Z</time></trkpt>
      <trkpt lat="24.452604" lon="111.1617"><time>2026-08-22T09:27:42.784Z</time></trkpt>
      <trkpt lat="24.452601" lon="111.161705"><time>2026-08-22T09:27:42.801Z</time></trkpt>
      <trkpt lat="24.452601" lon="111.161705"><time>2026-08-22T09:27:42.817Z</time></trkpt>
      <trkpt lat="24.452601" lon="111.161705"><time>2026-08-22T09:27:42.834Z</time></trkpt>
      <trkpt lat="24.452601" lon="111.161705"><time>2026-08-22T09:27:42.851Z</time></trkpt>
      <trkpt lat="24.452601" lon="111.161705"><time>2026-08-22T09:27:42.868Z</time></trkpt>
      <trkpt lat="24.452601" lon="111.161705"><time>2026-08-22T09:27:42.884Z</time></trkpt>
      <trkpt lat="24.452598" lon="111.161709"><time>2026-08-22T09:27:42.901Z</time></trkpt>
      <trkpt lat="24.452598" lon="111.161709"><time>2026-08-22T09:27:42.918Z</time></trkpt>
      <trkpt lat="24.452598" lon="111.161709"><time>2026-08-22T09:27:42.934Z</time></trkpt>
      <trkpt lat="24.452598" lon="111.161709"><time>2026-08-22T09:27:42.951Z</time></trkpt>
      <trkpt lat="24.452598" lon="111.161709"><time>2026-08-22T09:27:42.968Z</time></trkpt>
      <trkpt lat="24.452598" lon="111.161709"><time>2026-08-22T09:27:42.984Z</time></trkpt>
      <trkpt lat="24.452594" lon="111.161714"><time>2026-08-22T09:27:43.001Z</time></trkpt>
      <trkpt lat="24.452594" lon="111.161714"><time>2026-08-22T09:27:43.018Z</time></trkpt>
      <trkpt lat="24.452594" lon="111.161714"><time>2026-08-22T09:27:43.034Z</time></trkpt>
      <trkpt lat="24.452594" lon="111.161714"><time>2026-08-22T09:27:43.051Z</time></trkpt>
      <trkpt lat="24.452594" lon="111.161714"><time>2026-08-22T09:27:43.068Z</time></trkpt>
      <trkpt lat="24.452594" lon="111.161714"><time>2026-08-22T09:27:43.084Z</time></trkpt>
      <trkpt lat="24.452591" lon="111.161718"><time>2026-08-22T09:27:43.101Z</time></trkpt>
      <trkpt lat="24.452591" lon="111.161718"><time>2026-08-22T09:27:43.118Z</time></trkpt>
      <trkpt lat="24.452591" lon="111.161718"><time>2026-08-22T09:27:43.134Z</time></trkpt>
      <trkpt lat="24.452591" lon="111.161718"><time>2026-08-22T09:27:43.151Z</time></trkpt>
      <trkpt lat="24.452591" lon="111.161718"><time>2026-08-22T09:27:43.168Z</time></trkpt>
      <trkpt lat="24.452591" lon="111.161718"><time>2026-08-22T09:27:43.185Z</time></trkpt>
      <trkpt lat="24.452588" lon="111.161722"><time>2026-08-22T09:27:43.201Z</time></trkpt>
      <trkpt lat="24.452588" lon="111.161722"><time>2026-08-22T09:27:43.218Z</time></trkpt>
      <trkpt lat="24.452588" lon="111.161722"><time>2026-08-22T09:27:43.235Z</time></trkpt>
      <trkpt lat="24.452588" lon="111.161722"><time>2026-08-22T09:27:43.251Z</time></trkpt>
      <trkpt lat="24.452588" lon="111.161722"><time>2026-08-22T09:27:43.268Z</time></trkpt>
      <trkpt lat="24.452588" lon="111.161722"><time>2026-08-22T09:27:43.285Z</time></trkpt>
      <trkpt lat="24.452585" lon="111.161727"><time>2026-08-22T09:27:43.301Z</time></trkpt>
      <trkpt lat="24.452585" lon="111.161727"><time>2026-08-22T09:27:43.318Z</time></trkpt>
      <trkpt lat="24.452585" lon="111.161727"><time>2026-08-22T09:27:43.335Z</time></trkpt>
      <trkpt lat="24.452585" lon="111.161727"><time>2026-08-22T09:27:43.351Z</time></trkpt>
      <trkpt lat="24.452585" lon="111.161727"><time>2026-08-22T09:27:43.368Z</time></trkpt>
      <trkpt lat="24.452585" lon="111.161727"><time>2026-08-22T09:27:43.385Z</time></trkpt>
      <trkpt lat="24.452582" lon="111.161731"><time>2026-08-22T09:27:43.401Z</time></trkpt>
      <trkpt lat="24.452582" lon="111.161731"><time>2026-08-22T09:27:43.418Z</time></trkpt>
      <trkpt lat="24.452582" lon="111.161731"><time>2026-08-22T09:27:43.435Z</time></trkpt>
      <trkpt lat="24.452582" lon="111.161731"><time>2026-08-22T09:27:43.451Z</time></trkpt>
      <trkpt lat="24.452582" lon="111.161731"><time>2026-08-22T09:27:43.468Z</time></trkpt>
      <trkpt lat="24.452582" lon="111.161731"><time>2026-08-22T09:27:43.485Z</time></trkpt>
      <trkpt lat="24.452579" lon="111.161735"><time>2026-08-22T09:27:43.502Z</time></trkpt>
      <trkpt lat="24.452579" lon="111.161735"><time>2026-08-22T09:27:43.518Z</time></trkpt>
      <trkpt lat="24.452579" lon="111.161735"><time>2026-08-22T09:27:43.535Z</time></trkpt>
      <trkpt lat="24.452579" lon="111.161735"><time>2026-08-22T09:27:43.552Z</time></trkpt>
      <trkpt lat="24.452579" lon="111.161735"><time>2026-08-22T09:27:43.568Z</time></trkpt>
      <trkpt lat="24.452579" lon="111.161735"><time>2026-08-22T09:27:43.585Z</time></trkpt>
      <trkpt lat="24.452576" lon="111.161739"><time>2026-08-22T09:27:43.602Z</time></trkpt>
      <trkpt lat="24.452576" lon="111.161739"><time>2026-08-22T09:27:43.618Z</time></trkpt>
      <trkpt lat="24.452576" lon="111.161739"><time>2026-08-22T09:27:43.635Z</time></trkpt>
      <trkpt lat="24.452576" lon="111.161739"><time>2026-08-22T09:27:43.652Z</time></trkpt>
      <trkpt lat="24.452576" lon="111.161739"><time>2026-08-22T09:27:43.668Z</time></trkpt>
      <trkpt lat="24.452576" lon="111.161739"><time>2026-08-22T09:27:43.685Z</time></trkpt>
      <trkpt lat="24.452574" lon="111.161742"><time>2026-08-22T09:27:43.702Z</time></trkpt>
      <trkpt lat="24.452574" lon="111.161742"><time>2026-08-22T09:27:43.718Z</time></trkpt>
      <trkpt lat="24.452574" lon="111.161742"><time>2026-08-22T09:27:43.735Z</time></trkpt>
      <trkpt lat="24.452574" lon="111.161742"><time>2026-08-22T09:27:43.752Z</time></trkpt>
      <trkpt lat="24.452574" lon="111.161742"><time>2026-08-22T09:27:43.768Z</time></trkpt>
      <trkpt lat="24.452574" lon="111.161742"><time>2026-08-22T09:27:43.785Z</time></trkpt>
      <trkpt lat="24.452571" lon="111.161746"><time>2026-08-22T09:27:43.802Z</time></trkpt>
      <trkpt lat="24.452571" lon="111.161746"><time>2026-08-22T09:27:43.819Z</time></trkpt>
      <trkpt lat="24.452571" lon="111.161746"><time>2026-08-22T09:27:43.835Z</time></trkpt>
      <trkpt lat="24.452571" lon="111.161746"><time>2026-08-22T09:27:43.852Z</time></trkpt>
      <trkpt lat="24.452571" lon="111.161746"><time>2026-08-22T09:27:43.869Z</time></trkpt>
      <trkpt lat="24.452571" lon="111.161746"><time>2026-08-22T09:27:43.885Z</time></trkpt>
      <trkpt lat="24.452568" lon="111.161749"><time>2026-08-22T09:27:43.902Z</time></trkpt>
      <trkpt lat="24.452568" lon="111.161749"><time>2026-08-22T09:27:43.919Z</time></trkpt>
      <trkpt lat="24.452568" lon="111.161749"><time>2026-08-22T09:27:43.935Z</time></trkpt>
      <trkpt lat="24.452568" lon="111.161749"><time>2026-08-22T09:27:43.952Z</time></trkpt>
      <trkpt lat="24.452568" lon="111.161749"><time>2026-08-22T09:27:43.969Z</time></trkpt>
      <trkpt lat="24.452568" lon="111.161749"><time>2026-08-22T09:27:43.985Z</time></trkpt>
      <trkpt lat="24.452566" lon="111.161753"><time>2026-08-22T09:27:44.002Z</time></trkpt>
      <trkpt lat="24.452566" lon="111.161753"><time>2026-08-22T09:27:44.019Z</time></trkpt>
      <trkpt lat="24.452566" lon="111.161753"><time>2026-08-22T09:27:44.035Z</time></trkpt>
      <trkpt lat="24.452566" lon="111.161753"><time>2026-08-22T09:27:44.052Z</time></trkpt>
      <trkpt lat="24.452566" lon="111.161753"><time>2026-08-22T09:27:44.069Z</time></trkpt>
      <trkpt lat="24.452566" lon="111.161753"><time>2026-08-22T09:27:44.085Z</time></trkpt>
      <trkpt lat="24.452563" lon="111.161756"><time>2026-08-22T09:27:44.102Z</time></trkpt>
      <trkpt lat="24.452563" lon="111.161756"><time>2026-08-22T09:27:44.119Z</time></trkpt>
      <trkpt lat="24.452563" lon="111.161756"><time>2026-08-22T09:27:44.136Z</time></trkpt>
      <trkpt lat="24.452563" lon="111.161756"><time>2026-08-22T09:27:44.152Z</time></trkpt>
      <trkpt lat="24.452563" lon="111.161756"><time>2026-08-22T09:27:44.169Z</time></trkpt>
      <trkpt lat="24.452563" lon="111.161756"><time>2026-08-22T09:27:44.186Z</time></trkpt>
      <trkpt lat="24.45256" lon="111.161759"><time>2026-08-22T09:27:44.202Z</time></trkpt>
      <trkpt lat="24.45256" lon="111.161759"><time>2026-08-22T09:27:44.219Z</time></trkpt>
      <trkpt lat="24.45256" lon="111.161759"><time>2026-08-22T09:27:44.236Z</time></trkpt>
      <trkpt lat="24.45256" lon="111.161759"><time>2026-08-22T09:27:44.252Z</time></trkpt>
      <trkpt lat="24.45256" lon="111.161759"><time>2026-08-22T09:27:44.269Z</time></trkpt>
      <trkpt lat="24.45256" lon="111.161759"><time>2026-08-22T09:27:44.286Z</time></trkpt>
      <trkpt lat="24.452557" lon="111.161762"><time>2026-08-22T09:27:44.302Z</time></trkpt>
      <trkpt lat="24.452557" lon="111.161762"><time>2026-08-22T09:27:44.319Z</time></trkpt>
      <trkpt lat="24.452557" lon="111.161762"><time>2026-08-22T09:27:44.336Z</time></trkpt>
      <trkpt lat="24.452557" lon="111.161762"><time>2026-08-22T09:27:44.352Z</time></trkpt>
      <trkpt lat="24.452557" lon="111.161762"><time>2026-08-22T09:27:44.369Z</time></trkpt>
      <trkpt lat="24.452557" lon="111.161762"><time>2026-08-22T09:27:44.386Z</time></trkpt>
      <trkpt lat="24.452554" lon="111.161765"><time>2026-08-22T09:27:44.402Z</time></trkpt>
      <trkpt lat="24.452554" lon="111.161765"><time>2026-08-22T09:27:44.419Z</time></trkpt>
      <trkpt lat="24.452554" lon="111.161765"><time>2026-08-22T09:27:44.436Z</time></trkpt>
      <trkpt lat="24.452554" lon="111.161765"><time>2026-08-22T09:27:44.453Z</time></trkpt>
      <trkpt lat="24.452554" lon="111.161765"><time>2026-08-22T09:27:44.469Z</time></trkpt>
      <trkpt lat="24.452554" lon="111.161765"><time>2026-08-22T09:27:44.486Z</time></trkpt>
      <trkpt lat="24.452551" lon="111.161768"><time>2026-08-22T09:27:44.503Z</time></trkpt>
      <trkpt lat="24.452551" lon="111.161768"><time>2026-08-22T09:27:44.519Z</time></trkpt>
      <trkpt lat="24.452551" lon="111.161768"><time>2026-08-22T09:27:44.536Z</time></trkpt>
      <trkpt lat="24.452551" lon="111.161768"><time>2026-08-22T09:27:44.553Z</time></trkpt>
      <trkpt lat="24.452551" lon="111.161768"><time>2026-08-22T09:27:44.569Z</time></trkpt>
      <trkpt lat="24.452551" lon="111.161768"><time>2026-08-22T09:27:44.586Z</time></trkpt>
      <trkpt lat="24.452548" lon="111.161771"><time>2026-08-22T09:27:44.603Z</time></trkpt>
      <trkpt lat="24.452548" lon="111.161771"><time>2026-08-22T09:27:44.619Z</time></trkpt>
      <trkpt lat="24.452548" lon="111.161771"><time>2026-08-22T09:27:44.636Z</time></trkpt>
      <trkpt lat="24.452548" lon="111.161771"><time>2026-08-22T09:27:44.653Z</time></trkpt>
      <trkpt lat="24.452548" lon="111.161771"><time>2026-08-22T09:27:44.669Z</time></trkpt>
      <trkpt lat="24.452548" lon="111.161771"><time>2026-08-22T09:27:44.686Z</time></trkpt>
      <trkpt lat="24.452545" lon="111.161774"><time>2026-08-22T09:27:44.703Z</time></trkpt>
      <trkpt lat="24.452545" lon="111.161774"><time>2026-08-22T09:27:44.719Z</time></trkpt>
      <trkpt lat="24.452545" lon="111.161774"><time>2026-08-22T09:27:44.736Z</time></trkpt>
      <trkpt lat="24.452545" lon="111.161774"><time>2026-08-22T09:27:44.753Z</time></trkpt>
      <trkpt lat="24.452545" lon="111.161774"><time>2026-08-22T09:27:44.770Z</time></trkpt>
      <trkpt lat="24.452545" lon="111.161774"><time>2026-08-22T09:27:44.786Z</time></trkpt>
      <trkpt lat="24.452541" lon="111.161777"><time>2026-08-22T09:27:44.803Z</time></trkpt>
      <trkpt lat="24.452541" lon="111.161777"><time>2026-08-22T09:27:44.820Z</time></trkpt>
      <trkpt lat="24.452541" lon="111.161777"><time>2026-08-22T09:27:44.836Z</time></trkpt>
      <trkpt lat="24.452541" lon="111.161777"><time>2026-08-22T09:27:44.853Z</time></trkpt>
      <trkpt lat="24.452541" lon="111.161777"><time>2026-08-22T09:27:44.870Z</time></trkpt>
      <trkpt lat="24.452541" lon="111.161777"><time>2026-08-22T09:27:44.886Z</time></trkpt>
      <trkpt lat="24.452538" lon="111.16178"><time>2026-08-22T09:27:44.903Z</time></trkpt>
      <trkpt lat="24.452538" lon="111.16178"><time>2026-08-22T09:27:44.920Z</time></trkpt>
      <trkpt lat="24.452538" lon="111.16178"><time>2026-08-22T09:27:44.936Z</time></trkpt>
      <trkpt lat="24.452538" lon="111.16178"><time>2026-08-22T09:27:44.953Z</time></trkpt>
      <trkpt lat="24.452538" lon="111.16178"><time>2026-08-22T09:27:44.970Z</time></trkpt>
      <trkpt lat="24.452538" lon="111.16178"><time>2026-08-22T09:27:44.986Z</time></trkpt>
      <trkpt lat="24.452534" lon="111.161783"><time>2026-08-22T09:27:45.003Z</time></trkpt>
      <trkpt lat="24.452534" lon="111.161783"><time>2026-08-22T09:27:45.020Z</time></trkpt>
      <trkpt lat="24.452534" lon="111.161783"><time>2026-08-22T09:27:45.036Z</time></trkpt>
      <trkpt lat="24.452534" lon="111.161783"><time>2026-08-22T09:27:45.053Z</time></trkpt>
      <trkpt lat="24.452534" lon="111.161783"><time>2026-08-22T09:27:45.070Z</time></trkpt>
      <trkpt lat="24.452534" lon="111.161783"><time>2026-08-22T09:27:45.087Z</time></trkpt>
      <trkpt lat="24.45253" lon="111.161787"><time>2026-08-22T09:27:45.103Z</time></trkpt>
      <trkpt lat="24.45253" lon="111.161787"><time>2026-08-22T09:27:45.120Z</time></trkpt>
      <trkpt lat="24.45253" lon="111.161787"><time>2026-08-22T09:27:45.137Z</time></trkpt>
      <trkpt lat="24.45253" lon="111.161787"><time>2026-08-22T09:27:45.153Z</time></trkpt>
      <trkpt lat="24.45253" lon="111.161787"><time>2026-08-22T09:27:45.170Z</time></trkpt>
      <trkpt lat="24.45253" lon="111.161787"><time>2026-08-22T09:27:45.187Z</time></trkpt>
      <trkpt lat="24.452527" lon="111.16179"><time>2026-08-22T09:27:45.203Z</time></trkpt>
      <trkpt lat="24.452527" lon="111.16179"><time>2026-08-22T09:27:45.220Z</time></trkpt>
      <trkpt lat="24.452527" lon="111.16179"><time>2026-08-22T09:27:45.237Z</time></trkpt>
      <trkpt lat="24.452527" lon="111.16179"><time>2026-08-22T09:27:45.253Z</time></trkpt>
      <trkpt lat="24.452527" lon="111.16179"><time>2026-08-22T09:27:45.270Z</time></trkpt>
      <trkpt lat="24.452527" lon="111.16179"><time>2026-08-22T09:27:45.287Z</time></trkpt>
      <trkpt lat="24.452523" lon="111.161793"><time>2026-08-22T09:27:45.303Z</time></trkpt>
      <trkpt lat="24.452523" lon="111.161793"><time>2026-08-22T09:27:45.320Z</time></trkpt>
      <trkpt lat="24.452523" lon="111.161793"><time>2026-08-22T09:27:45.337Z</time></trkpt>
      <trkpt lat="24.452523" lon="111.161793"><time>2026-08-22T09:27:45.353Z</time></trkpt>
      <trkpt lat="24.452523" lon="111.161793"><time>2026-08-22T09:27:45.370Z</time></trkpt>
      <trkpt lat="24.452523" lon="111.161793"><time>2026-08-22T09:27:45.387Z</time></trkpt>
      <trkpt lat="24.452519" lon="111.161797"><time>2026-08-22T09:27:45.404Z</time></trkpt>
      <trkpt lat="24.452519" lon="111.161797"><time>2026-08-22T09:27:45.420Z</time></trkpt>
      <trkpt lat="24.452519" lon="111.161797"><time>2026-08-22T09:27:45.437Z</time></trkpt>
      <trkpt lat="24.452519" lon="111.161797"><time>2026-08-22T09:27:45.454Z</time></trkpt>
      <trkpt lat="24.452519" lon="111.161797"><time>2026-08-22T09:27:45.470Z</time></trkpt>
      <trkpt lat="24.452519" lon="111.161797"><time>2026-08-22T09:27:45.487Z</time></trkpt>
      <trkpt lat="24.452516" lon="111.161801"><time>2026-08-22T09:27:45.504Z</time></trkpt>
      <trkpt lat="24.452516" lon="111.161801"><time>2026-08-22T09:27:45.520Z</time></trkpt>
      <trkpt lat="24.452516" lon="111.161801"><time>2026-08-22T09:27:45.537Z</time></trkpt>
      <trkpt lat="24.452516" lon="111.161801"><time>2026-08-22T09:27:45.554Z</time></trkpt>
      <trkpt lat="24.452516" lon="111.161801"><time>2026-08-22T09:27:45.570Z</time></trkpt>
      <trkpt lat="24.452516" lon="111.161801"><time>2026-08-22T09:27:45.587Z</time></trkpt>
      <trkpt lat="24.452512" lon="111.161804"><time>2026-08-22T09:27:45.604Z</time></trkpt>
      <trkpt lat="24.452512" lon="111.161804"><time>2026-08-22T09:27:45.620Z</time></trkpt>
      <trkpt lat="24.452512" lon="111.161804"><time>2026-08-22T09:27:45.637Z</time></trkpt>
      <trkpt lat="24.452512" lon="111.161804"><time>2026-08-22T09:27:45.654Z</time></trkpt>
      <trkpt lat="24.452512" lon="111.161804"><time>2026-08-22T09:27:45.670Z</time></trkpt>
      <trkpt lat="24.452512" lon="111.161804"><time>2026-08-22T09:27:45.687Z</time></trkpt>
      <trkpt lat="24.452509" lon="111.161808"><time>2026-08-22T09:27:45.704Z</time></trkpt>
      <trkpt lat="24.452509" lon="111.161808"><time>2026-08-22T09:27:45.721Z</time></trkpt>
      <trkpt lat="24.452509" lon="111.161808"><time>2026-08-22T09:27:45.737Z</time></trkpt>
      <trkpt lat="24.452509" lon="111.161808"><time>2026-08-22T09:27:45.754Z</time></trkpt>
      <trkpt lat="24.452509" lon="111.161808"><time>2026-08-22T09:27:45.771Z</time></trkpt>
      <trkpt lat="24.452509" lon="111.161808"><time>2026-08-22T09:27:45.787Z</time></trkpt>
      <trkpt lat="24.452506" lon="111.161812"><time>2026-08-22T09:27:45.804Z</time></trkpt>
      <trkpt lat="24.452506" lon="111.161812"><time>2026-08-22T09:27:45.821Z</time></trkpt>
      <trkpt lat="24.452506" lon="111.161812"><time>2026-08-22T09:27:45.837Z</time></trkpt>
      <trkpt lat="24.452506" lon="111.161812"><time>2026-08-22T09:27:45.854Z</time></trkpt>
      <trkpt lat="24.452506" lon="111.161812"><time>2026-08-22T09:27:45.871Z</time></trkpt>
      <trkpt lat="24.452506" lon="111.161812"><time>2026-08-22T09:27:45.887Z</time></trkpt>
      <trkpt lat="24.452502" lon="111.161816"><time>2026-08-22T09:27:45.904Z</time></trkpt>
      <trkpt lat="24.452502" lon="111.161816"><time>2026-08-22T09:27:45.921Z</time></trkpt>
      <trkpt lat="24.452502" lon="111.161816"><time>2026-08-22T09:27:45.937Z</time></trkpt>
      <trkpt lat="24.452502" lon="111.161816"><time>2026-08-22T09:27:45.954Z</time></trkpt>
      <trkpt lat="24.452502" lon="111.161816"><time>2026-08-22T09:27:45.971Z</time></trkpt>
      <trkpt lat="24.452502" lon="111.161816"><time>2026-08-22T09:27:45.987Z</time></trkpt>
      <trkpt lat="24.452499" lon="111.161821"><time>2026-08-22T09:27:46.004Z</time></trkpt>
      <trkpt lat="24.452499" lon="111.161821"><time>2026-08-22T09:27:46.021Z</time></trkpt>
      <trkpt lat="24.452499" lon="111.161821"><time>2026-08-22T09:27:46.038Z</time></trkpt>
      <trkpt lat="24.452499" lon="111.161821"><time>2026-08-22T09:27:46.054Z</time></trkpt>
      <trkpt lat="24.452499" lon="111.161821"><time>2026-08-22T09:27:46.071Z</time></trkpt>
      <trkpt lat="24.452499" lon="111.161821"><time>2026-08-22T09:27:46.088Z</time></trkpt>
      <trkpt lat="24.452496" lon="111.161825"><time>2026-08-22T09:27:46.104Z</time></trkpt>
      <trkpt lat="24.452496" lon="111.161825"><time>2026-08-22T09:27:46.121Z</time></trkpt>
      <trkpt lat="24.452496" lon="111.161825"><time>2026-08-22T09:27:46.138Z</time></trkpt>
      <trkpt lat="24.452496" lon="111.161825"><time>2026-08-22T09:27:46.154Z</time></trkpt>
      <trkpt lat="24.452496" lon="111.161825"><time>2026-08-22T09:27:46.171Z</time></trkpt>
      <trkpt lat="24.452496" lon="111.161825"><time>2026-08-22T09:27:46.188Z</time></trkpt>
      <trkpt lat="24.452494" lon="111.161829"><time>2026-08-22T09:27:46.204Z</time></trkpt>
      <trkpt lat="24.452494" lon="111.161829"><time>2026-08-22T09:27:46.221Z</time></trkpt>
      <trkpt lat="24.452494" lon="111.161829"><time>2026-08-22T09:27:46.238Z</time></trkpt>
      <trkpt lat="24.452494" lon="111.161829"><time>2026-08-22T09:27:46.254Z</time></trkpt>
      <trkpt lat="24.452494" lon="111.161829"><time>2026-08-22T09:27:46.271Z</time></trkpt>
      <trkpt lat="24.452494" lon="111.161829"><time>2026-08-22T09:27:46.288Z</time></trkpt>
      <trkpt lat="24.452491" lon="111.161833"><time>2026-08-22T09:27:46.304Z</time></trkpt>
      <trkpt lat="24.452491" lon="111.161833"><time>2026-08-22T09:27:46.321Z</time></trkpt>
      <trkpt lat="24.452491" lon="111.161833"><time>2026-08-22T09:27:46.338Z</time></trkpt>
      <trkpt lat="24.452491" lon="111.161833"><time>2026-08-22T09:27:46.355Z</time></trkpt>
      <trkpt lat="24.452491" lon="111.161833"><time>2026-08-22T09:27:46.371Z</time></trkpt>
      <trkpt lat="24.452491" lon="111.161833"><time>2026-08-22T09:27:46.388Z</time></trkpt>
      <trkpt lat="24.452489" lon="111.161837"><time>2026-08-22T09:27:46.405Z</time></trkpt>
      <trkpt lat="24.452489" lon="111.161837"><time>2026-08-22T09:27:46.421Z</time></trkpt>
      <trkpt lat="24.452489" lon="111.161837"><time>2026-08-22T09:27:46.438Z</time></trkpt>
      <trkpt lat="24.452489" lon="111.161837"><time>2026-08-22T09:27:46.455Z</time></trkpt>
      <trkpt lat="24.452489" lon="111.161837"><time>2026-08-22T09:27:46.471Z</time></trkpt>
      <trkpt lat="24.452489" lon="111.161837"><time>2026-08-22T09:27:46.488Z</time></trkpt>
      <trkpt lat="24.452487" lon="111.16184"><time>2026-08-22T09:27:46.505Z</time></trkpt>
      <trkpt lat="24.452487" lon="111.16184"><time>2026-08-22T09:27:46.521Z</time></trkpt>
      <trkpt lat="24.452487" lon="111.16184"><time>2026-08-22T09:27:46.538Z</time></trkpt>
      <trkpt lat="24.452487" lon="111.16184"><time>2026-08-22T09:27:46.555Z</time></trkpt>
      <trkpt lat="24.452487" lon="111.16184"><time>2026-08-22T09:27:46.571Z</time></trkpt>
      <trkpt lat="24.452487" lon="111.16184"><time>2026-08-22T09:27:46.588Z</time></trkpt>
      <trkpt lat="24.452486" lon="111.161843"><time>2026-08-22T09:27:46.605Z</time></trkpt>
      <trkpt lat="24.452486" lon="111.161843"><time>2026-08-22T09:27:46.621Z</time></trkpt>
      <trkpt lat="24.452486" lon="111.161843"><time>2026-08-22T09:27:46.638Z</time></trkpt>
      <trkpt lat="24.452486" lon="111.161843"><time>2026-08-22T09:27:46.655Z</time></trkpt>
      <trkpt lat="24.452486" lon="111.161843"><time>2026-08-22T09:27:46.671Z</time></trkpt>
      <trkpt lat="24.452485" lon="111.161845"><time>2026-08-22T09:27:46.688Z</time></trkpt>
      <trkpt lat="24.452485" lon="111.161845"><time>2026-08-22T09:27:46.705Z</time></trkpt>
      <trkpt lat="24.452485" lon="111.161845"><time>2026-08-22T09:27:46.722Z</time></trkpt>
      <trkpt lat="24.452485" lon="111.161845"><time>2026-08-22T09:27:46.738Z</time></trkpt>
      <trkpt lat="24.452485" lon="111.161845"><time>2026-08-22T09:27:46.755Z</time></trkpt>
      <trkpt lat="24.452485" lon="111.161845"><time>2026-08-22T09:27:46.772Z</time></trkpt>
      <trkpt lat="24.452484" lon="111.161848"><time>2026-08-22T09:27:46.788Z</time></trkpt>
      <trkpt lat="24.452484" lon="111.161848"><time>2026-08-22T09:27:46.805Z</time></trkpt>
      <trkpt lat="24.452484" lon="111.161848"><time>2026-08-22T09:27:46.822Z</time></trkpt>
      <trkpt lat="24.452484" lon="111.161848"><time>2026-08-22T09:27:46.838Z</time></trkpt>
      <trkpt lat="24.452484" lon="111.161848"><time>2026-08-22T09:27:46.855Z</time></trkpt>
      <trkpt lat="24.452484" lon="111.161848"><time>2026-08-22T09:27:46.872Z</time></trkpt>
      <trkpt lat="24.452483" lon="111.16185"><time>2026-08-22T09:27:46.888Z</time></trkpt>
      <trkpt lat="24.452483" lon="111.16185"><time>2026-08-22T09:27:46.905Z</time></trkpt>
      <trkpt lat="24.452483" lon="111.16185"><time>2026-08-22T09:27:46.922Z</time></trkpt>
      <trkpt lat="24.452483" lon="111.16185"><time>2026-08-22T09:27:46.938Z</time></trkpt>
      <trkpt lat="24.452483" lon="111.16185"><time>2026-08-22T09:27:46.955Z</time></trkpt>
      <trkpt lat="24.452483" lon="111.16185"><time>2026-08-22T09:27:46.972Z</time></trkpt>
      <trkpt lat="24.452483" lon="111.16185"><time>2026-08-22T09:27:46.988Z</time></trkpt>
      <trkpt lat="24.452483" lon="111.161851"><time>2026-08-22T09:27:47.005Z</time></trkpt>
      <trkpt lat="24.452483" lon="111.161851"><time>2026-08-22T09:27:47.022Z</time></trkpt>
      <trkpt lat="24.452483" lon="111.161851"><time>2026-08-22T09:27:47.039Z</time></trkpt>
      <trkpt lat="24.452483" lon="111.161851"><time>2026-08-22T09:27:47.055Z</time></trkpt>
      <trkpt lat="24.452483" lon="111.161851"><time>2026-08-22T09:27:47.072Z</time></trkpt>
      <trkpt lat="24.452484" lon="111.161853"><time>2026-08-22T09:27:47.089Z</time></trkpt>
      <trkpt lat="24.452484" lon="111.161853"><time>2026-08-22T09:27:47.105Z</time></trkpt>
      <trkpt lat="24.452484" lon="111.161853"><time>2026-08-22T09:27:47.122Z</time></trkpt>
      <trkpt lat="24.452484" lon="111.161853"><time>2026-08-22T09:27:47.139Z</time></trkpt>
      <trkpt lat="24.452484" lon="111.161853"><time>2026-08-22T09:27:47.155Z</time></trkpt>
      <trkpt lat="24.452484" lon="111.161853"><time>2026-08-22T09:27:47.172Z</time></trkpt>
      <trkpt lat="24.452484" lon="111.161853"><time>2026-08-22T09:27:47.189Z</time></trkpt>
      <trkpt lat="24.452484" lon="111.161854"><time>2026-08-22T09:27:47.205Z</time></trkpt>
      <trkpt lat="24.452484" lon="111.161854"><time>2026-08-22T09:27:47.222Z</time></trkpt>
      <trkpt lat="24.452484" lon="111.161854"><time>2026-08-22T09:27:47.239Z</time></trkpt>
      <trkpt lat="24.452484" lon="111.161854"><time>2026-08-22T09:27:47.255Z</time></trkpt>
      <trkpt lat="24.452484" lon="111.161854"><time>2026-08-22T09:27:47.272Z</time></trkpt>
      <trkpt lat="24.452485" lon="111.161856"><time>2026-08-22T09:27:47.289Z</time></trkpt>
      <trkpt lat="24.452485" lon="111.161856"><time>2026-08-22T09:27:47.305Z</time></trkpt>
      <trkpt lat="24.452485" lon="111.161856"><time>2026-08-22T09:27:47.322Z</time></trkpt>
      <trkpt lat="24.452485" lon="111.161856"><time>2026-08-22T09:27:47.339Z</time></trkpt>
      <trkpt lat="24.452485" lon="111.161856"><time>2026-08-22T09:27:47.356Z</time></trkpt>
      <trkpt lat="24.452485" lon="111.161856"><time>2026-08-22T09:27:47.372Z</time></trkpt>
      <trkpt lat="24.452486" lon="111.161857"><time>2026-08-22T09:27:47.389Z</time></trkpt>
      <trkpt lat="24.452486" lon="111.161857"><time>2026-08-22T09:27:47.406Z</time></trkpt>
      <trkpt lat="24.452486" lon="111.161857"><time>2026-08-22T09:27:47.422Z</time></trkpt>
      <trkpt lat="24.452486" lon="111.161857"><time>2026-08-22T09:27:47.439Z</time></trkpt>
      <trkpt lat="24.452486" lon="111.161857"><time>2026-08-22T09:27:47.456Z</time></trkpt>
      <trkpt lat="24.452486" lon="111.161857"><time>2026-08-22T09:27:47.472Z</time></trkpt>
      <trkpt lat="24.452487" lon="111.161857"><time>2026-08-22T09:27:47.489Z</time></trkpt>
      <trkpt lat="24.452487" lon="111.161857"><time>2026-08-22T09:27:47.506Z</time></trkpt>
      <trkpt lat="24.452487" lon="111.161857"><time>2026-08-22T09:27:47.522Z</time></trkpt>
      <trkpt lat="24.452487" lon="111.161857"><time>2026-08-22T09:27:47.539Z</time></trkpt>
      <trkpt lat="24.452487" lon="111.161857"><time>2026-08-22T09:27:47.556Z</time></trkpt>
      <trkpt lat="24.452487" lon="111.161857"><time>2026-08-22T09:27:47.572Z</time></trkpt>
      <trkpt lat="24.452488" lon="111.161858"><time>2026-08-22T09:27:47.589Z</time></trkpt>
      <trkpt lat="24.452488" lon="111.161858"><time>2026-08-22T09:27:47.606Z</time></trkpt>
      <trkpt lat="24.452488" lon="111.161858"><time>2026-08-22T09:27:47.622Z</time></trkpt>
      <trkpt lat="24.452488" lon="111.161858"><time>2026-08-22T09:27:47.639Z</time></trkpt>
      <trkpt lat="24.452488" lon="111.161858"><time>2026-08-22T09:27:47.656Z</time></trkpt>
      <trkpt lat="24.452488" lon="111.161858"><time>2026-08-22T09:27:47.673Z</time></trkpt>
      <trkpt lat="24.45249" lon="111.161858"><time>2026-08-22T09:27:47.689Z</time></trkpt>
      <trkpt lat="24.45249" lon="111.161858"><time>2026-08-22T09:27:47.706Z</time></trkpt>
      <trkpt lat="24.45249" lon="111.161858"><time>2026-08-22T09:27:47.723Z</time></trkpt>
      <trkpt lat="24.45249" lon="111.161858"><time>2026-08-22T09:27:47.739Z</time></trkpt>
      <trkpt lat="24.45249" lon="111.161858"><time>2026-08-22T09:27:47.756Z</time></trkpt>
      <trkpt lat="24.45249" lon="111.161858"><time>2026-08-22T09:27:47.773Z</time></trkpt>
      <trkpt lat="24.452491" lon="111.161858"><time>2026-08-22T09:27:47.789Z</time></trkpt>
      <trkpt lat="24.452491" lon="111.161858"><time>2026-08-22T09:27:47.806Z</time></trkpt>
      <trkpt lat="24.452491" lon="111.161858"><time>2026-08-22T09:27:47.823Z</time></trkpt>
      <trkpt lat="24.452491" lon="111.161858"><time>2026-08-22T09:27:47.839Z</time></trkpt>
      <trkpt lat="24.452491" lon="111.161858"><time>2026-08-22T09:27:47.856Z</time></trkpt>
      <trkpt lat="24.452491" lon="111.161858"><time>2026-08-22T09:27:47.873Z</time></trkpt>
      <trkpt lat="24.452493" lon="111.161858"><time>2026-08-22T09:27:47.889Z</time></trkpt>
      <trkpt lat="24.452493" lon="111.161858"><time>2026-08-22T09:27:47.906Z</time></trkpt>
      <trkpt lat="24.452493" lon="111.161858"><time>2026-08-22T09:27:47.923Z</time></trkpt>
      <trkpt lat="24.452493" lon="111.161858"><time>2026-08-22T09:27:47.939Z</time></trkpt>
      <trkpt lat="24.452493" lon="111.161858"><time>2026-08-22T09:27:47.956Z</time></trkpt>
      <trkpt lat="24.452493" lon="111.161858"><time>2026-08-22T09:27:47.973Z</time></trkpt>
      <trkpt lat="24.452495" lon="111.161858"><time>2026-08-22T09:27:47.990Z</time></trkpt>
      <trkpt lat="24.452495" lon="111.161858"><time>2026-08-22T09:27:48.006Z</time></trkpt>
      <trkpt lat="24.452495" lon="111.161858"><time>2026-08-22T09:27:48.023Z</time></trkpt>
      <trkpt lat="24.452495" lon="111.161858"><time>2026-08-22T09:27:48.040Z</time></trkpt>
      <trkpt lat="24.452495" lon="111.161858"><time>2026-08-22T09:27:48.056Z</time></trkpt>
      <trkpt lat="24.452495" lon="111.161858"><time>2026-08-22T09:27:48.073Z</time></trkpt>
      <trkpt lat="24.452497" lon="111.161858"><time>2026-08-22T09:27:48.090Z</time></trkpt>
      <trkpt lat="24.452497" lon="111.161858"><time>2026-08-22T09:27:48.106Z</time></trkpt>
      <trkpt lat="24.452497" lon="111.161858"><time>2026-08-22T09:27:48.123Z</time></trkpt>
      <trkpt lat="24.452497" lon="111.161858"><time>2026-08-22T09:27:48.140Z</time></trkpt>
      <trkpt lat="24.452497" lon="111.161858"><time>2026-08-22T09:27:48.156Z</time></trkpt>
      <trkpt lat="24.452497" lon="111.161858"><time>2026-08-22T09:27:48.173Z</time></trkpt>
      <trkpt lat="24.452499" lon="111.161858"><time>2026-08-22T09:27:48.190Z</time></trkpt>
      <trkpt lat="24.452499" lon="111.161858"><time>2026-08-22T09:27:48.206Z</time></trkpt>
      <trkpt lat="24.452499" lon="111.161858"><time>2026-08-22T09:27:48.223Z</time></trkpt>
      <trkpt lat="24.452499" lon="111.161858"><time>2026-08-22T09:27:48.240Z</time></trkpt>
      <trkpt lat="24.452499" lon="111.161858"><time>2026-08-22T09:27:48.256Z</time></trkpt>
      <trkpt lat="24.452499" lon="111.161858"><time>2026-08-22T09:27:48.273Z</time></trkpt>
      <trkpt lat="24.452502" lon="111.161857"><time>2026-08-22T09:27:48.290Z</time></trkpt>
      <trkpt lat="24.452502" lon="111.161857"><time>2026-08-22T09:27:48.307Z</time></trkpt>
      <trkpt lat="24.452502" lon="111.161857"><time>2026-08-22T09:27:48.323Z</time></trkpt>
      <trkpt lat="24.452502" lon="111.161857"><time>2026-08-22T09:27:48.340Z</time></trkpt>
      <trkpt lat="24.452502" lon="111.161857"><time>2026-08-22T09:27:48.357Z</time></trkpt>
      <trkpt lat="24.452502" lon="111.161857"><time>2026-08-22T09:27:48.373Z</time></trkpt>
      <trkpt lat="24.452504" lon="111.161857"><time>2026-08-22T09:27:48.390Z</time></trkpt>
      <trkpt lat="24.452504" lon="111.161857"><time>2026-08-22T09:27:48.407Z</time></trkpt>
      <trkpt lat="24.452504" lon="111.161857"><time>2026-08-22T09:27:48.423Z</time></trkpt>
      <trkpt lat="24.452504" lon="111.161857"><time>2026-08-22T09:27:48.440Z</time></trkpt>
      <trkpt lat="24.452504" lon="111.161857"><time>2026-08-22T09:27:48.457Z</time></trkpt>
      <trkpt lat="24.452504" lon="111.161857"><time>2026-08-22T09:27:48.473Z</time></trkpt>
      <trkpt lat="24.452507" lon="111.161857"><time>2026-08-22T09:27:48.490Z</time></trkpt>
      <trkpt lat="24.452507" lon="111.161857"><time>2026-08-22T09:27:48.507Z</time></trkpt>
      <trkpt lat="24.452507" lon="111.161857"><time>2026-08-22T09:27:48.523Z</time></trkpt>
      <trkpt lat="24.452507" lon="111.161857"><time>2026-08-22T09:27:48.540Z</time></trkpt>
      <trkpt lat="24.452507" lon="111.161857"><time>2026-08-22T09:27:48.557Z</time></trkpt>
      <trkpt lat="24.452507" lon="111.161857"><time>2026-08-22T09:27:48.573Z</time></trkpt>
      <trkpt lat="24.45251" lon="111.161857"><time>2026-08-22T09:27:48.590Z</time></trkpt>
      <trkpt lat="24.45251" lon="111.161857"><time>2026-08-22T09:27:48.607Z</time></trkpt>
      <trkpt lat="24.45251" lon="111.161857"><time>2026-08-22T09:27:48.624Z</time></trkpt>
      <trkpt lat="24.45251" lon="111.161857"><time>2026-08-22T09:27:48.640Z</time></trkpt>
      <trkpt lat="24.45251" lon="111.161857"><time>2026-08-22T09:27:48.657Z</time></trkpt>
      <trkpt lat="24.45251" lon="111.161857"><time>2026-08-22T09:27:48.674Z</time></trkpt>
      <trkpt lat="24.452512" lon="111.161856"><time>2026-08-22T09:27:48.690Z</time></trkpt>
      <trkpt lat="24.452512" lon="111.161856"><time>2026-08-22T09:27:48.707Z</time></trkpt>
      <trkpt lat="24.452512" lon="111.161856"><time>2026-08-22T09:27:48.724Z</time></trkpt>
      <trkpt lat="24.452512" lon="111.161856"><time>2026-08-22T09:27:48.740Z</time></trkpt>
      <trkpt lat="24.452512" lon="111.161856"><time>2026-08-22T09:27:48.757Z</time></trkpt>
      <trkpt lat="24.452512" lon="111.161856"><time>2026-08-22T09:27:48.774Z</time></trkpt>
      <trkpt lat="24.452515" lon="111.161856"><time>2026-08-22T09:27:48.790Z</time></trkpt>
      <trkpt lat="24.452515" lon="111.161856"><time>2026-08-22T09:27:48.807Z</time></trkpt>
      <trkpt lat="24.452515" lon="111.161856"><time>2026-08-22T09:27:48.824Z</time></trkpt>
      <trkpt lat="24.452515" lon="111.161856"><time>2026-08-22T09:27:48.840Z</time></trkpt>
      <trkpt lat="24.452515" lon="111.161856"><time>2026-08-22T09:27:48.857Z</time></trkpt>
      <trkpt lat="24.452515" lon="111.161856"><time>2026-08-22T09:27:48.874Z</time></trkpt>
      <trkpt lat="24.452518" lon="111.161856"><time>2026-08-22T09:27:48.890Z</time></trkpt>
      <trkpt lat="24.452518" lon="111.161856"><time>2026-08-22T09:27:48.907Z</time></trkpt>
      <trkpt lat="24.452518" lon="111.161856"><time>2026-08-22T09:27:48.924Z</time></trkpt>
      <trkpt lat="24.452518" lon="111.161856"><time>2026-08-22T09:27:48.941Z</time></trkpt>
      <trkpt lat="24.452518" lon="111.161856"><time>2026-08-22T09:27:48.957Z</time></trkpt>
      <trkpt lat="24.452518" lon="111.161856"><time>2026-08-22T09:27:48.974Z</time></trkpt>
      <trkpt lat="24.452522" lon="111.161855"><time>2026-08-22T09:27:48.991Z</time></trkpt>
      <trkpt lat="24.452522" lon="111.161855"><time>2026-08-22T09:27:49.007Z</time></trkpt>
      <trkpt lat="24.452522" lon="111.161855"><time>2026-08-22T09:27:49.024Z</time></trkpt>
      <trkpt lat="24.452522" lon="111.161855"><time>2026-08-22T09:27:49.041Z</time></trkpt>
      <trkpt lat="24.452522" lon="111.161855"><time>2026-08-22T09:27:49.057Z</time></trkpt>
      <trkpt lat="24.452522" lon="111.161855"><time>2026-08-22T09:27:49.074Z</time></trkpt>
      <trkpt lat="24.452525" lon="111.161855"><time>2026-08-22T09:27:49.091Z</time></trkpt>
      <trkpt lat="24.452525" lon="111.161855"><time>2026-08-22T09:27:49.107Z</time></trkpt>
      <trkpt lat="24.452525" lon="111.161855"><time>2026-08-22T09:27:49.124Z</time></trkpt>
      <trkpt lat="24.452525" lon="111.161855"><time>2026-08-22T09:27:49.141Z</time></trkpt>
      <trkpt lat="24.452525" lon="111.161855"><time>2026-08-22T09:27:49.157Z</time></trkpt>
      <trkpt lat="24.452525" lon="111.161855"><time>2026-08-22T09:27:49.174Z</time></trkpt>
      <trkpt lat="24.452528" lon="111.161855"><time>2026-08-22T09:27:49.191Z</time></trkpt>
      <trkpt lat="24.452528" lon="111.161855"><time>2026-08-22T09:27:49.207Z</time></trkpt>
      <trkpt lat="24.452528" lon="111.161855"><time>2026-08-22T09:27:49.224Z</time></trkpt>
      <trkpt lat="24.452528" lon="111.161855"><time>2026-08-22T09:27:49.241Z</time></trkpt>
      <trkpt lat="24.452528" lon="111.161855"><time>2026-08-22T09:27:49.258Z</time></trkpt>
      <trkpt lat="24.452528" lon="111.161855"><time>2026-08-22T09:27:49.274Z</time></trkpt>
      <trkpt lat="24.452532" lon="111.161854"><time>2026-08-22T09:27:49.291Z</time></trkpt>
      <trkpt lat="24.452532" lon="111.161854"><time>2026-08-22T09:27:49.308Z</time></trkpt>
      <trkpt lat="24.452532" lon="111.161854"><time>2026-08-22T09:27:49.324Z</time></trkpt>
      <trkpt lat="24.452532" lon="111.161854"><time>2026-08-22T09:27:49.341Z</time></trkpt>
      <trkpt lat="24.452532" lon="111.161854"><time>2026-08-22T09:27:49.358Z</time></trkpt>
      <trkpt lat="24.452532" lon="111.161854"><time>2026-08-22T09:27:49.374Z</time></trkpt>
      <trkpt lat="24.452535" lon="111.161853"><time>2026-08-22T09:27:49.391Z</time></trkpt>
      <trkpt lat="24.452535" lon="111.161853"><time>2026-08-22T09:27:49.408Z</time></trkpt>
      <trkpt lat="24.452535" lon="111.161853"><time>2026-08-22T09:27:49.424Z</time></trkpt>
      <trkpt lat="24.452535" lon="111.161853"><time>2026-08-22T09:27:49.441Z</time></trkpt>
      <trkpt lat="24.452535" lon="111.161853"><time>2026-08-22T09:27:49.458Z</time></trkpt>
      <trkpt lat="24.452535" lon="111.161853"><time>2026-08-22T09:27:49.474Z</time></trkpt>
      <trkpt lat="24.452539" lon="111.161853"><time>2026-08-22T09:27:49.491Z</time></trkpt>
      <trkpt lat="24.452539" lon="111.161853"><time>2026-08-22T09:27:49.508Z</time></trkpt>
      <trkpt lat="24.452539" lon="111.161853"><time>2026-08-22T09:27:49.524Z</time></trkpt>
      <trkpt lat="24.452539" lon="111.161853"><time>2026-08-22T09:27:49.541Z</time></trkpt>
      <trkpt lat="24.452539" lon="111.161853"><time>2026-08-22T09:27:49.558Z</time></trkpt>
      <trkpt lat="24.452539" lon="111.161853"><time>2026-08-22T09:27:49.575Z</time></trkpt>
      <trkpt lat="24.452542" lon="111.161852"><time>2026-08-22T09:27:49.591Z</time></trkpt>
      <trkpt lat="24.452542" lon="111.161852"><time>2026-08-22T09:27:49.608Z</time></trkpt>
      <trkpt lat="24.452542" lon="111.161852"><time>2026-08-22T09:27:49.625Z</time></trkpt>
      <trkpt lat="24.452542" lon="111.161852"><time>2026-08-22T09:27:49.641Z</time></trkpt>
      <trkpt lat="24.452542" lon="111.161852"><time>2026-08-22T09:27:49.658Z</time></trkpt>
      <trkpt lat="24.452542" lon="111.161852"><time>2026-08-22T09:27:49.675Z</time></trkpt>
      <trkpt lat="24.452546" lon="111.161851"><time>2026-08-22T09:27:49.691Z</time></trkpt>
      <trkpt lat="24.452546" lon="111.161851"><time>2026-08-22T09:27:49.708Z</time></trkpt>
      <trkpt lat="24.452546" lon="111.161851"><time>2026-08-22T09:27:49.725Z</time></trkpt>
      <trkpt lat="24.452546" lon="111.161851"><time>2026-08-22T09:27:49.741Z</time></trkpt>
      <trkpt lat="24.452546" lon="111.161851"><time>2026-08-22T09:27:49.758Z</time></trkpt>
      <trkpt lat="24.452546" lon="111.161851"><time>2026-08-22T09:27:49.775Z</time></trkpt>
      <trkpt lat="24.45255" lon="111.16185"><time>2026-08-22T09:27:49.791Z</time></trkpt>
      <trkpt lat="24.45255" lon="111.16185"><time>2026-08-22T09:27:49.808Z</time></trkpt>
      <trkpt lat="24.45255" lon="111.16185"><time>2026-08-22T09:27:49.825Z</time></trkpt>
      <trkpt lat="24.45255" lon="111.16185"><time>2026-08-22T09:27:49.841Z</time></trkpt>
      <trkpt lat="24.45255" lon="111.16185"><time>2026-08-22T09:27:49.858Z</time></trkpt>
      <trkpt lat="24.45255" lon="111.16185"><time>2026-08-22T09:27:49.875Z</time></trkpt>
      <trkpt lat="24.452554" lon="111.161848"><time>2026-08-22T09:27:49.892Z</time></trkpt>
      <trkpt lat="24.452554" lon="111.161848"><time>2026-08-22T09:27:49.908Z</time></trkpt>
      <trkpt lat="24.452554" lon="111.161848"><time>2026-08-22T09:27:49.925Z</time></trkpt>
      <trkpt lat="24.452554" lon="111.161848"><time>2026-08-22T09:27:49.942Z</time></trkpt>
      <trkpt lat="24.452554" lon="111.161848"><time>2026-08-22T09:27:49.958Z</time></trkpt>
      <trkpt lat="24.452554" lon="111.161848"><time>2026-08-22T09:27:49.975Z</time></trkpt>
      <trkpt lat="24.452557" lon="111.161847"><time>2026-08-22T09:27:49.992Z</time></trkpt>
      <trkpt lat="24.452557" lon="111.161847"><time>2026-08-22T09:27:50.008Z</time></trkpt>
      <trkpt lat="24.452557" lon="111.161847"><time>2026-08-22T09:27:50.025Z</time></trkpt>
      <trkpt lat="24.452557" lon="111.161847"><time>2026-08-22T09:27:50.042Z</time></trkpt>
      <trkpt lat="24.452557" lon="111.161847"><time>2026-08-22T09:27:50.058Z</time></trkpt>
      <trkpt lat="24.452557" lon="111.161847"><time>2026-08-22T09:27:50.075Z</time></trkpt>
      <trkpt lat="24.452561" lon="111.161846"><time>2026-08-22T09:27:50.092Z</time></trkpt>
      <trkpt lat="24.452561" lon="111.161846"><time>2026-08-22T09:27:50.108Z</time></trkpt>
      <trkpt lat="24.452561" lon="111.161846"><time>2026-08-22T09:27:50.125Z</time></trkpt>
      <trkpt lat="24.452561" lon="111.161846"><time>2026-08-22T09:27:50.142Z</time></trkpt>
      <trkpt lat="24.452561" lon="111.161846"><time>2026-08-22T09:27:50.158Z</time></trkpt>
      <trkpt lat="24.452561" lon="111.161846"><time>2026-08-22T09:27:50.175Z</time></trkpt>
      <trkpt lat="24.452565" lon="111.161845"><time>2026-08-22T09:27:50.192Z</time></trkpt>
      <trkpt lat="24.452565" lon="111.161845"><time>2026-08-22T09:27:50.209Z</time></trkpt>
      <trkpt lat="24.452565" lon="111.161845"><time>2026-08-22T09:27:50.225Z</time></trkpt>
      <trkpt lat="24.452565" lon="111.161845"><time>2026-08-22T09:27:50.242Z</time></trkpt>
      <trkpt lat="24.452565" lon="111.161845"><time>2026-08-22T09:27:50.259Z</time></trkpt>
      <trkpt lat="24.452565" lon="111.161845"><time>2026-08-22T09:27:50.275Z</time></trkpt>
      <trkpt lat="24.452569" lon="111.161844"><time>2026-08-22T09:27:50.292Z</time></trkpt>
      <trkpt lat="24.452569" lon="111.161844"><time>2026-08-22T09:27:50.309Z</time></trkpt>
      <trkpt lat="24.452569" lon="111.161844"><time>2026-08-22T09:27:50.325Z</time></trkpt>
      <trkpt lat="24.452569" lon="111.161844"><time>2026-08-22T09:27:50.342Z</time></trkpt>
      <trkpt lat="24.452569" lon="111.161844"><time>2026-08-22T09:27:50.359Z</time></trkpt>
      <trkpt lat="24.452569" lon="111.161844"><time>2026-08-22T09:27:50.375Z</time></trkpt>
      <trkpt lat="24.452573" lon="111.161843"><time>2026-08-22T09:27:50.392Z</time></trkpt>
      <trkpt lat="24.452573" lon="111.161843"><time>2026-08-22T09:27:50.409Z</time></trkpt>
      <trkpt lat="24.452573" lon="111.161843"><time>2026-08-22T09:27:50.425Z</time></trkpt>
      <trkpt lat="24.452573" lon="111.161843"><time>2026-08-22T09:27:50.442Z</time></trkpt>
      <trkpt lat="24.452573" lon="111.161843"><time>2026-08-22T09:27:50.459Z</time></trkpt>
      <trkpt lat="24.452573" lon="111.161843"><time>2026-08-22T09:27:50.475Z</time></trkpt>
      <trkpt lat="24.452577" lon="111.161842"><time>2026-08-22T09:27:50.492Z</time></trkpt>
      <trkpt lat="24.452577" lon="111.161842"><time>2026-08-22T09:27:50.509Z</time></trkpt>
      <trkpt lat="24.452577" lon="111.161842"><time>2026-08-22T09:27:50.526Z</time></trkpt>
      <trkpt lat="24.452577" lon="111.161842"><time>2026-08-22T09:27:50.542Z</time></trkpt>
      <trkpt lat="24.452577" lon="111.161842"><time>2026-08-22T09:27:50.559Z</time></trkpt>
      <trkpt lat="24.452577" lon="111.161842"><time>2026-08-22T09:27:50.576Z</time></trkpt>
      <trkpt lat="24.452581" lon="111.161841"><time>2026-08-22T09:27:50.592Z</time></trkpt>
      <trkpt lat="24.452581" lon="111.161841"><time>2026-08-22T09:27:50.609Z</time></trkpt>
      <trkpt lat="24.452581" lon="111.161841"><time>2026-08-22T09:27:50.626Z</time></trkpt>
      <trkpt lat="24.452581" lon="111.161841"><time>2026-08-22T09:27:50.642Z</time></trkpt>
      <trkpt lat="24.452581" lon="111.161841"><time>2026-08-22T09:27:50.659Z</time></trkpt>
      <trkpt lat="24.452581" lon="111.161841"><time>2026-08-22T09:27:50.676Z</time></trkpt>
      <trkpt lat="24.452585" lon="111.16184"><time>2026-08-22T09:27:50.692Z</time></trkpt>
      <trkpt lat="24.452585" lon="111.16184"><time>2026-08-22T09:27:50.709Z</time></trkpt>
      <trkpt lat="24.452585" lon="111.16184"><time>2026-08-22T09:27:50.726Z</time></trkpt>
      <trkpt lat="24.452585" lon="111.16184"><time>2026-08-22T09:27:50.742Z</time></trkpt>
      <trkpt lat="24.452585" lon="111.16184"><time>2026-08-22T09:27:50.759Z</time></trkpt>
      <trkpt lat="24.452585" lon="111.16184"><time>2026-08-22T09:27:50.776Z</time></trkpt>
      <trkpt lat="24.452588" lon="111.161839"><time>2026-08-22T09:27:50.792Z</time></trkpt>
      <trkpt lat="24.452588" lon="111.161839"><time>2026-08-22T09:27:50.809Z</time></trkpt>
      <trkpt lat="24.452588" lon="111.161839"><time>2026-08-22T09:27:50.826Z</time></trkpt>
      <trkpt lat="24.452588" lon="111.161839"><time>2026-08-22T09:27:50.843Z</time></trkpt>
      <trkpt lat="24.452588" lon="111.161839"><time>2026-08-22T09:27:50.859Z</time></trkpt>
      <trkpt lat="24.452588" lon="111.161839"><time>2026-08-22T09:27:50.876Z</time></trkpt>
      <trkpt lat="24.452592" lon="111.161838"><time>2026-08-22T09:27:50.893Z</time></trkpt>
      <trkpt lat="24.452592" lon="111.161838"><time>2026-08-22T09:27:50.909Z</time></trkpt>
      <trkpt lat="24.452592" lon="111.161838"><time>2026-08-22T09:27:50.926Z</time></trkpt>
      <trkpt lat="24.452592" lon="111.161838"><time>2026-08-22T09:27:50.943Z</time></trkpt>
      <trkpt lat="24.452592" lon="111.161838"><time>2026-08-22T09:27:50.959Z</time></trkpt>
      <trkpt lat="24.452592" lon="111.161838"><time>2026-08-22T09:27:50.976Z</time></trkpt>
      <trkpt lat="24.452595" lon="111.161837"><time>2026-08-22T09:27:50.993Z</time></trkpt>
      <trkpt lat="24.452595" lon="111.161837"><time>2026-08-22T09:27:51.009Z</time></trkpt>
      <trkpt lat="24.452595" lon="111.161837"><time>2026-08-22T09:27:51.026Z</time></trkpt>
      <trkpt lat="24.452595" lon="111.161837"><time>2026-08-22T09:27:51.043Z</time></trkpt>
      <trkpt lat="24.452595" lon="111.161837"><time>2026-08-22T09:27:51.059Z</time></trkpt>
      <trkpt lat="24.452595" lon="111.161837"><time>2026-08-22T09:27:51.076Z</time></trkpt>
      <trkpt lat="24.452598" lon="111.161836"><time>2026-08-22T09:27:51.093Z</time></trkpt>
      <trkpt lat="24.452598" lon="111.161836"><time>2026-08-22T09:27:51.109Z</time></trkpt>
      <trkpt lat="24.452598" lon="111.161836"><time>2026-08-22T09:27:51.126Z</time></trkpt>
      <trkpt lat="24.452598" lon="111.161836"><time>2026-08-22T09:27:51.143Z</time></trkpt>
      <trkpt lat="24.452598" lon="111.161836"><time>2026-08-22T09:27:51.160Z</time></trkpt>
      <trkpt lat="24.452598" lon="111.161836"><time>2026-08-22T09:27:51.176Z</time></trkpt>
      <trkpt lat="24.452601" lon="111.161836"><time>2026-08-22T09:27:51.193Z</time></trkpt>
      <trkpt lat="24.452601" lon="111.161836"><time>2026-08-22T09:27:51.210Z</time></trkpt>
      <trkpt lat="24.452601" lon="111.161836"><time>2026-08-22T09:27:51.226Z</time></trkpt>
      <trkpt lat="24.452601" lon="111.161836"><time>2026-08-22T09:27:51.243Z</time></trkpt>
      <trkpt lat="24.452601" lon="111.161836"><time>2026-08-22T09:27:51.260Z</time></trkpt>
      <trkpt lat="24.452601" lon="111.161836"><time>2026-08-22T09:27:51.276Z</time></trkpt>
      <trkpt lat="24.452605" lon="111.161835"><time>2026-08-22T09:27:51.293Z</time></trkpt>
      <trkpt lat="24.452605" lon="111.161835"><time>2026-08-22T09:27:51.310Z</time></trkpt>
      <trkpt lat="24.452605" lon="111.161835"><time>2026-08-22T09:27:51.326Z</time></trkpt>
      <trkpt lat="24.452605" lon="111.161835"><time>2026-08-22T09:27:51.343Z</time></trkpt>
      <trkpt lat="24.452605" lon="111.161835"><time>2026-08-22T09:27:51.360Z</time></trkpt>
      <trkpt lat="24.452605" lon="111.161835"><time>2026-08-22T09:27:51.376Z</time></trkpt>
      <trkpt lat="24.452608" lon="111.161834"><time>2026-08-22T09:27:51.393Z</time></trkpt>
      <trkpt lat="24.452608" lon="111.161834"><time>2026-08-22T09:27:51.410Z</time></trkpt>
      <trkpt lat="24.452608" lon="111.161834"><time>2026-08-22T09:27:51.426Z</time></trkpt>
      <trkpt lat="24.452608" lon="111.161834"><time>2026-08-22T09:27:51.443Z</time></trkpt>
      <trkpt lat="24.452608" lon="111.161834"><time>2026-08-22T09:27:51.460Z</time></trkpt>
      <trkpt lat="24.452608" lon="111.161834"><time>2026-08-22T09:27:51.477Z</time></trkpt>
      <trkpt lat="24.452611" lon="111.161834"><time>2026-08-22T09:27:51.493Z</time></trkpt>
      <trkpt lat="24.452611" lon="111.161834"><time>2026-08-22T09:27:51.510Z</time></trkpt>
      <trkpt lat="24.452611" lon="111.161834"><time>2026-08-22T09:27:51.527Z</time></trkpt>
      <trkpt lat="24.452611" lon="111.161834"><time>2026-08-22T09:27:51.543Z</time></trkpt>
      <trkpt lat="24.452611" lon="111.161834"><time>2026-08-22T09:27:51.560Z</time></trkpt>
      <trkpt lat="24.452611" lon="111.161834"><time>2026-08-22T09:27:51.577Z</time></trkpt>
      <trkpt lat="24.452613" lon="111.161834"><time>2026-08-22T09:27:51.593Z</time></trkpt>
      <trkpt lat="24.452613" lon="111.161834"><time>2026-08-22T09:27:51.610Z</time></trkpt>
      <trkpt lat="24.452613" lon="111.161834"><time>2026-08-22T09:27:51.627Z</time></trkpt>
      <trkpt lat="24.452613" lon="111.161834"><time>2026-08-22T09:27:51.643Z</time></trkpt>
      <trkpt lat="24.452613" lon="111.161834"><time>2026-08-22T09:27:51.660Z</time></trkpt>
      <trkpt lat="24.452613" lon="111.161834"><time>2026-08-22T09:27:51.677Z</time></trkpt>
      <trkpt lat="24.452616" lon="111.161834"><time>2026-08-22T09:27:51.693Z</time></trkpt>
      <trkpt lat="24.452616" lon="111.161834"><time>2026-08-22T09:27:51.710Z</time></trkpt>
      <trkpt lat="24.452616" lon="111.161834"><time>2026-08-22T09:27:51.727Z</time></trkpt>
      <trkpt lat="24.452616" lon="111.161834"><time>2026-08-22T09:27:51.743Z</time></trkpt>
      <trkpt lat="24.452616" lon="111.161834"><time>2026-08-22T09:27:51.760Z</time></trkpt>
      <trkpt lat="24.452616" lon="111.161834"><time>2026-08-22T09:27:51.777Z</time></trkpt>
      <trkpt lat="24.452618" lon="111.161834"><time>2026-08-22T09:27:51.794Z</time></trkpt>
      <trkpt lat="24.452618" lon="111.161834"><time>2026-08-22T09:27:51.810Z</time></trkpt>
      <trkpt lat="24.452618" lon="111.161834"><time>2026-08-22T09:27:51.827Z</time></trkpt>
      <trkpt lat="24.452618" lon="111.161834"><time>2026-08-22T09:27:51.844Z</time></trkpt>
      <trkpt lat="24.452618" lon="111.161834"><time>2026-08-22T09:27:51.860Z</time></trkpt>
      <trkpt lat="24.452618" lon="111.161834"><time>2026-08-22T09:27:51.877Z</time></trkpt>
      <trkpt lat="24.452621" lon="111.161835"><time>2026-08-22T09:27:51.894Z</time></trkpt>
      <trkpt lat="24.452621" lon="111.161835"><time>2026-08-22T09:27:51.910Z</time></trkpt>
      <trkpt lat="24.452621" lon="111.161835"><time>2026-08-22T09:27:51.927Z</time></trkpt>
      <trkpt lat="24.452621" lon="111.161835"><time>2026-08-22T09:27:51.944Z</time></trkpt>
      <trkpt lat="24.452621" lon="111.161835"><time>2026-08-22T09:27:51.960Z</time></trkpt>
      <trkpt lat="24.452621" lon="111.161835"><time>2026-08-22T09:27:51.977Z</time></trkpt>
      <trkpt lat="24.452622" lon="111.161835"><time>2026-08-22T09:27:51.994Z</time></trkpt>
      <trkpt lat="24.452622" lon="111.161835"><time>2026-08-22T09:27:52.010Z</time></trkpt>
      <trkpt lat="24.452622" lon="111.161835"><time>2026-08-22T09:27:52.027Z</time></trkpt>
      <trkpt lat="24.452622" lon="111.161835"><time>2026-08-22T09:27:52.044Z</time></trkpt>
      <trkpt lat="24.452622" lon="111.161835"><time>2026-08-22T09:27:52.060Z</time></trkpt>
      <trkpt lat="24.452622" lon="111.161835"><time>2026-08-22T09:27:52.077Z</time></trkpt>
      <trkpt lat="24.452624" lon="111.161836"><time>2026-08-22T09:27:52.094Z</time></trkpt>
      <trkpt lat="24.452624" lon="111.161836"><time>2026-08-22T09:27:52.111Z</time></trkpt>
      <trkpt lat="24.452624" lon="111.161836"><time>2026-08-22T09:27:52.127Z</time></trkpt>
      <trkpt lat="24.452624" lon="111.161836"><time>2026-08-22T09:27:52.144Z</time></trkpt>
      <trkpt lat="24.452624" lon="111.161836"><time>2026-08-22T09:27:52.161Z</time></trkpt>
      <trkpt lat="24.452624" lon="111.161836"><time>2026-08-22T09:27:52.177Z</time></trkpt>
      <trkpt lat="24.452626" lon="111.161837"><time>2026-08-22T09:27:52.194Z</time></trkpt>
      <trkpt lat="24.452626" lon="111.161837"><time>2026-08-22T09:27:52.211Z</time></trkpt>
      <trkpt lat="24.452626" lon="111.161837"><time>2026-08-22T09:27:52.227Z</time></trkpt>
      <trkpt lat="24.452626" lon="111.161837"><time>2026-08-22T09:27:52.244Z</time></trkpt>
      <trkpt lat="24.452626" lon="111.161837"><time>2026-08-22T09:27:52.261Z</time></trkpt>
      <trkpt lat="24.452626" lon="111.161837"><time>2026-08-22T09:27:52.277Z</time></trkpt>
      <trkpt lat="24.452627" lon="111.161839"><time>2026-08-22T09:27:52.294Z</time></trkpt>
      <trkpt lat="24.452627" lon="111.161839"><time>2026-08-22T09:27:52.311Z</time></trkpt>
      <trkpt lat="24.452627" lon="111.161839"><time>2026-08-22T09:27:52.327Z</time></trkpt>
      <trkpt lat="24.452627" lon="111.161839"><time>2026-08-22T09:27:52.344Z</time></trkpt>
      <trkpt lat="24.452627" lon="111.161839"><time>2026-08-22T09:27:52.361Z</time></trkpt>
      <trkpt lat="24.452627" lon="111.161839"><time>2026-08-22T09:27:52.377Z</time></trkpt>
      <trkpt lat="24.452628" lon="111.16184"><time>2026-08-22T09:27:52.394Z</time></trkpt>
      <trkpt lat="24.452628" lon="111.16184"><time>2026-08-22T09:27:52.411Z</time></trkpt>
      <trkpt lat="24.452628" lon="111.16184"><time>2026-08-22T09:27:52.428Z</time></trkpt>
      <trkpt lat="24.452628" lon="111.16184"><time>2026-08-22T09:27:52.444Z</time></trkpt>
      <trkpt lat="24.452628" lon="111.16184"><time>2026-08-22T09:27:52.461Z</time></trkpt>
      <trkpt lat="24.452628" lon="111.16184"><time>2026-08-22T09:27:52.478Z</time></trkpt>
      <trkpt lat="24.452629" lon="111.161842"><time>2026-08-22T09:27:52.494Z</time></trkpt>
      <trkpt lat="24.452629" lon="111.161842"><time>2026-08-22T09:27:52.511Z</time></trkpt>
      <trkpt lat="24.452629" lon="111.161842"><time>2026-08-22T09:27:52.528Z</time></trkpt>
      <trkpt lat="24.452629" lon="111.161842"><time>2026-08-22T09:27:52.544Z</time></trkpt>
      <trkpt lat="24.452629" lon="111.161842"><time>2026-08-22T09:27:52.561Z</time></trkpt>
      <trkpt lat="24.452629" lon="111.161842"><time>2026-08-22T09:27:52.578Z</time></trkpt>
      <trkpt lat="24.45263" lon="111.161844"><time>2026-08-22T09:27:52.594Z</time></trkpt>
      <trkpt lat="24.45263" lon="111.161844"><time>2026-08-22T09:27:52.611Z</time></trkpt>
      <trkpt lat="24.45263" lon="111.161844"><time>2026-08-22T09:27:52.628Z</time></trkpt>
      <trkpt lat="24.45263" lon="111.161844"><time>2026-08-22T09:27:52.644Z</time></trkpt>
      <trkpt lat="24.45263" lon="111.161844"><time>2026-08-22T09:27:52.661Z</time></trkpt>
      <trkpt lat="24.45263" lon="111.161844"><time>2026-08-22T09:27:52.678Z</time></trkpt>
      <trkpt lat="24.452631" lon="111.161846"><time>2026-08-22T09:27:52.694Z</time></trkpt>
      <trkpt lat="24.452631" lon="111.161846"><time>2026-08-22T09:27:52.711Z</time></trkpt>
      <trkpt lat="24.452631" lon="111.161846"><time>2026-08-22T09:27:52.728Z</time></trkpt>
      <trkpt lat="24.452631" lon="111.161846"><time>2026-08-22T09:27:52.745Z</time></trkpt>
      <trkpt lat="24.452631" lon="111.161846"><time>2026-08-22T09:27:52.761Z</time></trkpt>
      <trkpt lat="24.452631" lon="111.161846"><time>2026-08-22T09:27:52.778Z</time></trkpt>
      <trkpt lat="24.452632" lon="111.161848"><time>2026-08-22T09:27:52.795Z</time></trkpt>
      <trkpt lat="24.452632" lon="111.161848"><time>2026-08-22T09:27:52.811Z</time></trkpt>
      <trkpt lat="24.452632" lon="111.161848"><time>2026-08-22T09:27:52.828Z</time></trkpt>
      <trkpt lat="24.452632" lon="111.161848"><time>2026-08-22T09:27:52.845Z</time></trkpt>
      <trkpt lat="24.452632" lon="111.161848"><time>2026-08-22T09:27:52.861Z</time></trkpt>
      <trkpt lat="24.452632" lon="111.161848"><time>2026-08-22T09:27:52.878Z</time></trkpt>
      <trkpt lat="24.452632" lon="111.161851"><time>2026-08-22T09:27:52.895Z</time></trkpt>
      <trkpt lat="24.452632" lon="111.161851"><time>2026-08-22T09:27:52.911Z</time></trkpt>
      <trkpt lat="24.452632" lon="111.161851"><time>2026-08-22T09:27:52.928Z</time></trkpt>
      <trkpt lat="24.452632" lon="111.161851"><time>2026-08-22T09:27:52.945Z</time></trkpt>
      <trkpt lat="24.452632" lon="111.161851"><time>2026-08-22T09:27:52.961Z</time></trkpt>
      <trkpt lat="24.452632" lon="111.161851"><time>2026-08-22T09:27:52.978Z</time></trkpt>
      <trkpt lat="24.452633" lon="111.161853"><time>2026-08-22T09:27:52.995Z</time></trkpt>
      <trkpt lat="24.452633" lon="111.161853"><time>2026-08-22T09:27:53.011Z</time></trkpt>
      <trkpt lat="24.452633" lon="111.161853"><time>2026-08-22T09:27:53.028Z</time></trkpt>
      <trkpt lat="24.452633" lon="111.161853"><time>2026-08-22T09:27:53.045Z</time></trkpt>
      <trkpt lat="24.452633" lon="111.161853"><time>2026-08-22T09:27:53.061Z</time></trkpt>
      <trkpt lat="24.452633" lon="111.161853"><time>2026-08-22T09:27:53.078Z</time></trkpt>
      <trkpt lat="24.452633" lon="111.161856"><time>2026-08-22T09:27:53.095Z</time></trkpt>
      <trkpt lat="24.452633" lon="111.161856"><time>2026-08-22T09:27:53.112Z</time></trkpt>
      <trkpt lat="24.452633" lon="111.161856"><time>2026-08-22T09:27:53.128Z</time></trkpt>
      <trkpt lat="24.452633" lon="111.161856"><time>2026-08-22T09:27:53.145Z</time></trkpt>
      <trkpt lat="24.452633" lon="111.161856"><time>2026-08-22T09:27:53.162Z</time></trkpt>
      <trkpt lat="24.452633" lon="111.161856"><time>2026-08-22T09:27:53.178Z</time></trkpt>
      <trkpt lat="24.452634" lon="111.161859"><time>2026-08-22T09:27:53.195Z</time></trkpt>
      <trkpt lat="24.452634" lon="111.161859"><time>2026-08-22T09:27:53.212Z</time></trkpt>
      <trkpt lat="24.452634" lon="111.161859"><time>2026-08-22T09:27:53.228Z</time></trkpt>
      <trkpt lat="24.452634" lon="111.161859"><time>2026-08-22T09:27:53.245Z</time></trkpt>
      <trkpt lat="24.452634" lon="111.161859"><time>2026-08-22T09:27:53.262Z</time></trkpt>
      <trkpt lat="24.452634" lon="111.161859"><time>2026-08-22T09:27:53.278Z</time></trkpt>
      <trkpt lat="24.452634" lon="111.161862"><time>2026-08-22T09:27:53.295Z</time></trkpt>
      <trkpt lat="24.452634" lon="111.161862"><time>2026-08-22T09:27:53.312Z</time></trkpt>
      <trkpt lat="24.452634" lon="111.161862"><time>2026-08-22T09:27:53.328Z</time></trkpt>
      <trkpt lat="24.452634" lon="111.161862"><time>2026-08-22T09:27:53.345Z</time></trkpt>
      <trkpt lat="24.452634" lon="111.161862"><time>2026-08-22T09:27:53.362Z</time></trkpt>
      <trkpt lat="24.452634" lon="111.161862"><time>2026-08-22T09:27:53.378Z</time></trkpt>
      <trkpt lat="24.452634" lon="111.161865"><time>2026-08-22T09:27:53.395Z</time></trkpt>
      <trkpt lat="24.452634" lon="111.161865"><time>2026-08-22T09:27:53.412Z</time></trkpt>
      <trkpt lat="24.452634" lon="111.161865"><time>2026-08-22T09:27:53.429Z</time></trkpt>
      <trkpt lat="24.452634" lon="111.161865"><time>2026-08-22T09:27:53.445Z</time></trkpt>
      <trkpt lat="24.452634" lon="111.161865"><time>2026-08-22T09:27:53.462Z</time></trkpt>
      <trkpt lat="24.452634" lon="111.161865"><time>2026-08-22T09:27:53.479Z</time></trkpt>
      <trkpt lat="24.452634" lon="111.161868"><time>2026-08-22T09:27:53.495Z</time></trkpt>
      <trkpt lat="24.452634" lon="111.161868"><time>2026-08-22T09:27:53.512Z</time></trkpt>
      <trkpt lat="24.452634" lon="111.161868"><time>2026-08-22T09:27:53.529Z</time></trkpt>
      <trkpt lat="24.452634" lon="111.161868"><time>2026-08-22T09:27:53.545Z</time></trkpt>
      <trkpt lat="24.452634" lon="111.161868"><time>2026-08-22T09:27:53.562Z</time></trkpt>
      <trkpt lat="24.452634" lon="111.161868"><time>2026-08-22T09:27:53.579Z</time></trkpt>
      <trkpt lat="24.452634" lon="111.161871"><time>2026-08-22T09:27:53.595Z</time></trkpt>
      <trkpt lat="24.452634" lon="111.161871"><time>2026-08-22T09:27:53.612Z</time></trkpt>
      <trkpt lat="24.452634" lon="111.161871"><time>2026-08-22T09:27:53.629Z</time></trkpt>
      <trkpt lat="24.452634" lon="111.161871"><time>2026-08-22T09:27:53.645Z</time></trkpt>
      <trkpt lat="24.452634" lon="111.161871"><time>2026-08-22T09:27:53.662Z</time></trkpt>
      <trkpt lat="24.452634" lon="111.161871"><time>2026-08-22T09:27:53.679Z</time></trkpt>
      <trkpt lat="24.452634" lon="111.161874"><time>2026-08-22T09:27:53.695Z</time></trkpt>
      <trkpt lat="24.452634" lon="111.161874"><time>2026-08-22T09:27:53.712Z</time></trkpt>
      <trkpt lat="24.452634" lon="111.161874"><time>2026-08-22T09:27:53.729Z</time></trkpt>
      <trkpt lat="24.452634" lon="111.161874"><time>2026-08-22T09:27:53.746Z</time></trkpt>
      <trkpt lat="24.452634" lon="111.161874"><time>2026-08-22T09:27:53.762Z</time></trkpt>
      <trkpt lat="24.452634" lon="111.161874"><time>2026-08-22T09:27:53.779Z</time></trkpt>
      <trkpt lat="24.452634" lon="111.161877"><time>2026-08-22T09:27:53.796Z</time></trkpt>
      <trkpt lat="24.452634" lon="111.161877"><time>2026-08-22T09:27:53.812Z</time></trkpt>
      <trkpt lat="24.452634" lon="111.161877"><time>2026-08-22T09:27:53.829Z</time></trkpt>
      <trkpt lat="24.452634" lon="111.161877"><time>2026-08-22T09:27:53.846Z</time></trkpt>
      <trkpt lat="24.452634" lon="111.161877"><time>2026-08-22T09:27:53.862Z</time></trkpt>
      <trkpt lat="24.452634" lon="111.161877"><time>2026-08-22T09:27:53.879Z</time></trkpt>
      <trkpt lat="24.452634" lon="111.16188"><time>2026-08-22T09:27:53.896Z</time></trkpt>
      <trkpt lat="24.452634" lon="111.16188"><time>2026-08-22T09:27:53.912Z</time></trkpt>
      <trkpt lat="24.452634" lon="111.16188"><time>2026-08-22T09:27:53.929Z</time></trkpt>
      <trkpt lat="24.452634" lon="111.16188"><time>2026-08-22T09:27:53.946Z</time></trkpt>
      <trkpt lat="24.452634" lon="111.16188"><time>2026-08-22T09:27:53.962Z</time></trkpt>
      <trkpt lat="24.452634" lon="111.16188"><time>2026-08-22T09:27:53.979Z</time></trkpt>
      <trkpt lat="24.452635" lon="111.161883"><time>2026-08-22T09:27:53.996Z</time></trkpt>
      <trkpt lat="24.452635" lon="111.161883"><time>2026-08-22T09:27:54.012Z</time></trkpt>
      <trkpt lat="24.452635" lon="111.161883"><time>2026-08-22T09:27:54.029Z</time></trkpt>
      <trkpt lat="24.452635" lon="111.161883"><time>2026-08-22T09:27:54.046Z</time></trkpt>
      <trkpt lat="24.452635" lon="111.161883"><time>2026-08-22T09:27:54.063Z</time></trkpt>
      <trkpt lat="24.452635" lon="111.161883"><time>2026-08-22T09:27:54.079Z</time></trkpt>
      <trkpt lat="24.452635" lon="111.161885"><time>2026-08-22T09:27:54.096Z</time></trkpt>
      <trkpt lat="24.452635" lon="111.161885"><time>2026-08-22T09:27:54.113Z</time></trkpt>
      <trkpt lat="24.452635" lon="111.161885"><time>2026-08-22T09:27:54.129Z</time></trkpt>
      <trkpt lat="24.452635" lon="111.161885"><time>2026-08-22T09:27:54.146Z</time></trkpt>
      <trkpt lat="24.452635" lon="111.161885"><time>2026-08-22T09:27:54.163Z</time></trkpt>
      <trkpt lat="24.452635" lon="111.161885"><time>2026-08-22T09:27:54.179Z</time></trkpt>
      <trkpt lat="24.452635" lon="111.161888"><time>2026-08-22T09:27:54.196Z</time></trkpt>
      <trkpt lat="24.452635" lon="111.161888"><time>2026-08-22T09:27:54.213Z</time></trkpt>
      <trkpt lat="24.452635" lon="111.161888"><time>2026-08-22T09:27:54.229Z</time></trkpt>
      <trkpt lat="24.452635" lon="111.161888"><time>2026-08-22T09:27:54.246Z</time></trkpt>
      <trkpt lat="24.452635" lon="111.161888"><time>2026-08-22T09:27:54.263Z</time></trkpt>
      <trkpt lat="24.452635" lon="111.161888"><time>2026-08-22T09:27:54.279Z</time></trkpt>
      <trkpt lat="24.452636" lon="111.16189"><time>2026-08-22T09:27:54.296Z</time></trkpt>
      <trkpt lat="24.452636" lon="111.16189"><time>2026-08-22T09:27:54.313Z</time></trkpt>
      <trkpt lat="24.452636" lon="111.16189"><time>2026-08-22T09:27:54.329Z</time></trkpt>
      <trkpt lat="24.452636" lon="111.16189"><time>2026-08-22T09:27:54.346Z</time></trkpt>
      <trkpt lat="24.452636" lon="111.16189"><time>2026-08-22T09:27:54.363Z</time></trkpt>
      <trkpt lat="24.452636" lon="111.16189"><time>2026-08-22T09:27:54.380Z</time></trkpt>
      <trkpt lat="24.452636" lon="111.161893"><time>2026-08-22T09:27:54.396Z</time></trkpt>
      <trkpt lat="24.452636" lon="111.161893"><time>2026-08-22T09:27:54.413Z</time></trkpt>
      <trkpt lat="24.452636" lon="111.161893"><time>2026-08-22T09:27:54.430Z</time></trkpt>
      <trkpt lat="24.452636" lon="111.161893"><time>2026-08-22T09:27:54.446Z</time></trkpt>
      <trkpt lat="24.452636" lon="111.161893"><time>2026-08-22T09:27:54.463Z</time></trkpt>
      <trkpt lat="24.452636" lon="111.161893"><time>2026-08-22T09:27:54.480Z</time></trkpt>
      <trkpt lat="24.452636" lon="111.161895"><time>2026-08-22T09:27:54.496Z</time></trkpt>
      <trkpt lat="24.452636" lon="111.161895"><time>2026-08-22T09:27:54.513Z</time></trkpt>
      <trkpt lat="24.452636" lon="111.161895"><time>2026-08-22T09:27:54.530Z</time></trkpt>
      <trkpt lat="24.452636" lon="111.161895"><time>2026-08-22T09:27:54.546Z</time></trkpt>
      <trkpt lat="24.452636" lon="111.161895"><time>2026-08-22T09:27:54.563Z</time></trkpt>
      <trkpt lat="24.452636" lon="111.161895"><time>2026-08-22T09:27:54.580Z</time></trkpt>
      <trkpt lat="24.452637" lon="111.161897"><time>2026-08-22T09:27:54.596Z</time></trkpt>
      <trkpt lat="24.452637" lon="111.161897"><time>2026-08-22T09:27:54.613Z</time></trkpt>
      <trkpt lat="24.452637" lon="111.161897"><time>2026-08-22T09:27:54.630Z</time></trkpt>
      <trkpt lat="24.452637" lon="111.161897"><time>2026-08-22T09:27:54.646Z</time></trkpt>
      <trkpt lat="24.452637" lon="111.161897"><time>2026-08-22T09:27:54.663Z</time></trkpt>
      <trkpt lat="24.452637" lon="111.161897"><time>2026-08-22T09:27:54.680Z</time></trkpt>
      <trkpt lat="24.452637" lon="111.1619"><time>2026-08-22T09:27:54.697Z</time></trkpt>
      <trkpt lat="24.452637" lon="111.1619"><time>2026-08-22T09:27:54.713Z</time></trkpt>
      <trkpt lat="24.452637" lon="111.1619"><time>2026-08-22T09:27:54.730Z</time></trkpt>
      <trkpt lat="24.452637" lon="111.1619"><time>2026-08-22T09:27:54.747Z</time></trkpt>
      <trkpt lat="24.452637" lon="111.1619"><time>2026-08-22T09:27:54.763Z</time></trkpt>
      <trkpt lat="24.452637" lon="111.1619"><time>2026-08-22T09:27:54.780Z</time></trkpt>
      <trkpt lat="24.452637" lon="111.161902"><time>2026-08-22T09:27:54.797Z</time></trkpt>
      <trkpt lat="24.452637" lon="111.161902"><time>2026-08-22T09:27:54.813Z</time></trkpt>
      <trkpt lat="24.452637" lon="111.161902"><time>2026-08-22T09:27:54.830Z</time></trkpt>
      <trkpt lat="24.452637" lon="111.161902"><time>2026-08-22T09:27:54.847Z</time></trkpt>
      <trkpt lat="24.452637" lon="111.161902"><time>2026-08-22T09:27:54.863Z</time></trkpt>
      <trkpt lat="24.452637" lon="111.161902"><time>2026-08-22T09:27:54.880Z</time></trkpt>
      <trkpt lat="24.452638" lon="111.161904"><time>2026-08-22T09:27:54.897Z</time></trkpt>
      <trkpt lat="24.452638" lon="111.161904"><time>2026-08-22T09:27:54.913Z</time></trkpt>
      <trkpt lat="24.452638" lon="111.161904"><time>2026-08-22T09:27:54.930Z</time></trkpt>
      <trkpt lat="24.452638" lon="111.161904"><time>2026-08-22T09:27:54.947Z</time></trkpt>
      <trkpt lat="24.452638" lon="111.161904"><time>2026-08-22T09:27:54.963Z</time></trkpt>
      <trkpt lat="24.452638" lon="111.161904"><time>2026-08-22T09:27:54.980Z</time></trkpt>
      <trkpt lat="24.452638" lon="111.161907"><time>2026-08-22T09:27:54.997Z</time></trkpt>
      <trkpt lat="24.452638" lon="111.161907"><time>2026-08-22T09:27:55.014Z</time></trkpt>
      <trkpt lat="24.452638" lon="111.161907"><time>2026-08-22T09:27:55.030Z</time></trkpt>
      <trkpt lat="24.452638" lon="111.161907"><time>2026-08-22T09:27:55.047Z</time></trkpt>
      <trkpt lat="24.452638" lon="111.161907"><time>2026-08-22T09:27:55.064Z</time></trkpt>
      <trkpt lat="24.452638" lon="111.161907"><time>2026-08-22T09:27:55.080Z</time></trkpt>
      <trkpt lat="24.452639" lon="111.161909"><time>2026-08-22T09:27:55.097Z</time></trkpt>
      <trkpt lat="24.452639" lon="111.161909"><time>2026-08-22T09:27:55.114Z</time></trkpt>
      <trkpt lat="24.452639" lon="111.161909"><time>2026-08-22T09:27:55.130Z</time></trkpt>
      <trkpt lat="24.452639" lon="111.161909"><time>2026-08-22T09:27:55.147Z</time></trkpt>
      <trkpt lat="24.452639" lon="111.161909"><time>2026-08-22T09:27:55.164Z</time></trkpt>
      <trkpt lat="24.452639" lon="111.161909"><time>2026-08-22T09:27:55.180Z</time></trkpt>
      <trkpt lat="24.452639" lon="111.161911"><time>2026-08-22T09:27:55.197Z</time></trkpt>
      <trkpt lat="24.452639" lon="111.161911"><time>2026-08-22T09:27:55.214Z</time></trkpt>
      <trkpt lat="24.452639" lon="111.161911"><time>2026-08-22T09:27:55.230Z</time></trkpt>
      <trkpt lat="24.452639" lon="111.161911"><time>2026-08-22T09:27:55.247Z</time></trkpt>
      <trkpt lat="24.452639" lon="111.161911"><time>2026-08-22T09:27:55.264Z</time></trkpt>
      <trkpt lat="24.452639" lon="111.161911"><time>2026-08-22T09:27:55.280Z</time></trkpt>
      <trkpt lat="24.452639" lon="111.161914"><time>2026-08-22T09:27:55.297Z</time></trkpt>
      <trkpt lat="24.452639" lon="111.161914"><time>2026-08-22T09:27:55.314Z</time></trkpt>
      <trkpt lat="24.452639" lon="111.161914"><time>2026-08-22T09:27:55.331Z</time></trkpt>
      <trkpt lat="24.452639" lon="111.161914"><time>2026-08-22T09:27:55.347Z</time></trkpt>
      <trkpt lat="24.452639" lon="111.161914"><time>2026-08-22T09:27:55.364Z</time></trkpt>
      <trkpt lat="24.452639" lon="111.161914"><time>2026-08-22T09:27:55.381Z</time></trkpt>
      <trkpt lat="24.45264" lon="111.161916"><time>2026-08-22T09:27:55.397Z</time></trkpt>
      <trkpt lat="24.45264" lon="111.161916"><time>2026-08-22T09:27:55.414Z</time></trkpt>
      <trkpt lat="24.45264" lon="111.161916"><time>2026-08-22T09:27:55.431Z</time></trkpt>
      <trkpt lat="24.45264" lon="111.161916"><time>2026-08-22T09:27:55.447Z</time></trkpt>
      <trkpt lat="24.45264" lon="111.161916"><time>2026-08-22T09:27:55.464Z</time></trkpt>
      <trkpt lat="24.45264" lon="111.161916"><time>2026-08-22T09:27:55.481Z</time></trkpt>
      <trkpt lat="24.45264" lon="111.161918"><time>2026-08-22T09:27:55.497Z</time></trkpt>
      <trkpt lat="24.45264" lon="111.161918"><time>2026-08-22T09:27:55.514Z</time></trkpt>
      <trkpt lat="24.45264" lon="111.161918"><time>2026-08-22T09:27:55.531Z</time></trkpt>
      <trkpt lat="24.45264" lon="111.161918"><time>2026-08-22T09:27:55.547Z</time></trkpt>
      <trkpt lat="24.45264" lon="111.161918"><time>2026-08-22T09:27:55.564Z</time></trkpt>
      <trkpt lat="24.45264" lon="111.161918"><time>2026-08-22T09:27:55.581Z</time></trkpt>
      <trkpt lat="24.452641" lon="111.161921"><time>2026-08-22T09:27:55.597Z</time></trkpt>
      <trkpt lat="24.452641" lon="111.161921"><time>2026-08-22T09:27:55.614Z</time></trkpt>
      <trkpt lat="24.452641" lon="111.161921"><time>2026-08-22T09:27:55.631Z</time></trkpt>
      <trkpt lat="24.452641" lon="111.161921"><time>2026-08-22T09:27:55.648Z</time></trkpt>
      <trkpt lat="24.452641" lon="111.161921"><time>2026-08-22T09:27:55.664Z</time></trkpt>
      <trkpt lat="24.452641" lon="111.161921"><time>2026-08-22T09:27:55.681Z</time></trkpt>
      <trkpt lat="24.452641" lon="111.161923"><time>2026-08-22T09:27:55.698Z</time></trkpt>
      <trkpt lat="24.452641" lon="111.161923"><time>2026-08-22T09:27:55.714Z</time></trkpt>
      <trkpt lat="24.452641" lon="111.161923"><time>2026-08-22T09:27:55.731Z</time></trkpt>
      <trkpt lat="24.452641" lon="111.161923"><time>2026-08-22T09:27:55.748Z</time></trkpt>
      <trkpt lat="24.452641" lon="111.161923"><time>2026-08-22T09:27:55.764Z</time></trkpt>
      <trkpt lat="24.452641" lon="111.161923"><time>2026-08-22T09:27:55.781Z</time></trkpt>
      <trkpt lat="24.452642" lon="111.161925"><time>2026-08-22T09:27:55.798Z</time></trkpt>
      <trkpt lat="24.452642" lon="111.161925"><time>2026-08-22T09:27:55.814Z</time></trkpt>
      <trkpt lat="24.452642" lon="111.161925"><time>2026-08-22T09:27:55.831Z</time></trkpt>
      <trkpt lat="24.452642" lon="111.161925"><time>2026-08-22T09:27:55.848Z</time></trkpt>
      <trkpt lat="24.452642" lon="111.161925"><time>2026-08-22T09:27:55.864Z</time></trkpt>
      <trkpt lat="24.452642" lon="111.161925"><time>2026-08-22T09:27:55.881Z</time></trkpt>
      <trkpt lat="24.452642" lon="111.161927"><time>2026-08-22T09:27:55.898Z</time></trkpt>
      <trkpt lat="24.452642" lon="111.161927"><time>2026-08-22T09:27:55.914Z</time></trkpt>
      <trkpt lat="24.452642" lon="111.161927"><time>2026-08-22T09:27:55.931Z</time></trkpt>
      <trkpt lat="24.452642" lon="111.161927"><time>2026-08-22T09:27:55.948Z</time></trkpt>
      <trkpt lat="24.452642" lon="111.161927"><time>2026-08-22T09:27:55.965Z</time></trkpt>
      <trkpt lat="24.452642" lon="111.161927"><time>2026-08-22T09:27:55.981Z</time></trkpt>
      <trkpt lat="24.452643" lon="111.16193"><time>2026-08-22T09:27:55.998Z</time></trkpt>
      <trkpt lat="24.452643" lon="111.16193"><time>2026-08-22T09:27:56.015Z</time></trkpt>
      <trkpt lat="24.452643" lon="111.16193"><time>2026-08-22T09:27:56.031Z</time></trkpt>
      <trkpt lat="24.452643" lon="111.16193"><time>2026-08-22T09:27:56.048Z</time></trkpt>
      <trkpt lat="24.452643" lon="111.16193"><time>2026-08-22T09:27:56.065Z</time></trkpt>
      <trkpt lat="24.452643" lon="111.16193"><time>2026-08-22T09:27:56.081Z</time></trkpt>
      <trkpt lat="24.452644" lon="111.161932"><time>2026-08-22T09:27:56.098Z</time></trkpt>
      <trkpt lat="24.452644" lon="111.161932"><time>2026-08-22T09:27:56.115Z</time></trkpt>
      <trkpt lat="24.452644" lon="111.161932"><time>2026-08-22T09:27:56.131Z</time></trkpt>
      <trkpt lat="24.452644" lon="111.161932"><time>2026-08-22T09:27:56.148Z</time></trkpt>
      <trkpt lat="24.452644" lon="111.161932"><time>2026-08-22T09:27:56.165Z</time></trkpt>
      <trkpt lat="24.452644" lon="111.161932"><time>2026-08-22T09:27:56.181Z</time></trkpt>
      <trkpt lat="24.452644" lon="111.161935"><time>2026-08-22T09:27:56.198Z</time></trkpt>
      <trkpt lat="24.452644" lon="111.161935"><time>2026-08-22T09:27:56.215Z</time></trkpt>
      <trkpt lat="24.452644" lon="111.161935"><time>2026-08-22T09:27:56.231Z</time></trkpt>
      <trkpt lat="24.452644" lon="111.161935"><time>2026-08-22T09:27:56.248Z</time></trkpt>
      <trkpt lat="24.452644" lon="111.161935"><time>2026-08-22T09:27:56.265Z</time></trkpt>
      <trkpt lat="24.452644" lon="111.161935"><time>2026-08-22T09:27:56.282Z</time></trkpt>
      <trkpt lat="24.452645" lon="111.161938"><time>2026-08-22T09:27:56.298Z</time></trkpt>
      <trkpt lat="24.452645" lon="111.161938"><time>2026-08-22T09:27:56.315Z</time></trkpt>
      <trkpt lat="24.452645" lon="111.161938"><time>2026-08-22T09:27:56.332Z</time></trkpt>
      <trkpt lat="24.452645" lon="111.161938"><time>2026-08-22T09:27:56.348Z</time></trkpt>
      <trkpt lat="24.452645" lon="111.161938"><time>2026-08-22T09:27:56.365Z</time></trkpt>
      <trkpt lat="24.452645" lon="111.161938"><time>2026-08-22T09:27:56.382Z</time></trkpt>
      <trkpt lat="24.452646" lon="111.16194"><time>2026-08-22T09:27:56.398Z</time></trkpt>
      <trkpt lat="24.452646" lon="111.16194"><time>2026-08-22T09:27:56.415Z</time></trkpt>
      <trkpt lat="24.452646" lon="111.16194"><time>2026-08-22T09:27:56.432Z</time></trkpt>
      <trkpt lat="24.452646" lon="111.16194"><time>2026-08-22T09:27:56.448Z</time></trkpt>
      <trkpt lat="24.452646" lon="111.16194"><time>2026-08-22T09:27:56.465Z</time></trkpt>
      <trkpt lat="24.452646" lon="111.16194"><time>2026-08-22T09:27:56.482Z</time></trkpt>
      <trkpt lat="24.452646" lon="111.161942"><time>2026-08-22T09:27:56.498Z</time></trkpt>
      <trkpt lat="24.452646" lon="111.161942"><time>2026-08-22T09:27:56.515Z</time></trkpt>
      <trkpt lat="24.452646" lon="111.161942"><time>2026-08-22T09:27:56.532Z</time></trkpt>
      <trkpt lat="24.452646" lon="111.161942"><time>2026-08-22T09:27:56.548Z</time></trkpt>
      <trkpt lat="24.452646" lon="111.161942"><time>2026-08-22T09:27:56.565Z</time></trkpt>
      <trkpt lat="24.452646" lon="111.161942"><time>2026-08-22T09:27:56.582Z</time></trkpt>
      <trkpt lat="24.452647" lon="111.161945"><time>2026-08-22T09:27:56.599Z</time></trkpt>
      <trkpt lat="24.452647" lon="111.161945"><time>2026-08-22T09:27:56.615Z</time></trkpt>
      <trkpt lat="24.452647" lon="111.161945"><time>2026-08-22T09:27:56.632Z</time></trkpt>
      <trkpt lat="24.452647" lon="111.161945"><time>2026-08-22T09:27:56.649Z</time></trkpt>
      <trkpt lat="24.452647" lon="111.161945"><time>2026-08-22T09:27:56.665Z</time></trkpt>
      <trkpt lat="24.452647" lon="111.161945"><time>2026-08-22T09:27:56.682Z</time></trkpt>
      <trkpt lat="24.452648" lon="111.161947"><time>2026-08-22T09:27:56.699Z</time></trkpt>
      <trkpt lat="24.452648" lon="111.161947"><time>2026-08-22T09:27:56.715Z</time></trkpt>
      <trkpt lat="24.452648" lon="111.161947"><time>2026-08-22T09:27:56.732Z</time></trkpt>
      <trkpt lat="24.452648" lon="111.161947"><time>2026-08-22T09:27:56.749Z</time></trkpt>
      <trkpt lat="24.452648" lon="111.161947"><time>2026-08-22T09:27:56.765Z</time></trkpt>
      <trkpt lat="24.452648" lon="111.161947"><time>2026-08-22T09:27:56.782Z</time></trkpt>
      <trkpt lat="24.452649" lon="111.161949"><time>2026-08-22T09:27:56.799Z</time></trkpt>
      <trkpt lat="24.452649" lon="111.161949"><time>2026-08-22T09:27:56.815Z</time></trkpt>
      <trkpt lat="24.452649" lon="111.161949"><time>2026-08-22T09:27:56.832Z</time></trkpt>
      <trkpt lat="24.452649" lon="111.161949"><time>2026-08-22T09:27:56.849Z</time></trkpt>
      <trkpt lat="24.452649" lon="111.161949"><time>2026-08-22T09:27:56.865Z</time></trkpt>
      <trkpt lat="24.452649" lon="111.161949"><time>2026-08-22T09:27:56.882Z</time></trkpt>
      <trkpt lat="24.452649" lon="111.161951"><time>2026-08-22T09:27:56.899Z</time></trkpt>
      <trkpt lat="24.452649" lon="111.161951"><time>2026-08-22T09:27:56.916Z</time></trkpt>
      <trkpt lat="24.452649" lon="111.161951"><time>2026-08-22T09:27:56.932Z</time></trkpt>
      <trkpt lat="24.452649" lon="111.161951"><time>2026-08-22T09:27:56.949Z</time></trkpt>
      <trkpt lat="24.452649" lon="111.161951"><time>2026-08-22T09:27:56.966Z</time></trkpt>
      <trkpt lat="24.452649" lon="111.161951"><time>2026-08-22T09:27:56.982Z</time></trkpt>
      <trkpt lat="24.45265" lon="111.161952"><time>2026-08-22T09:27:56.999Z</time></trkpt>
      <trkpt lat="24.45265" lon="111.161952"><time>2026-08-22T09:27:57.016Z</time></trkpt>
      <trkpt lat="24.45265" lon="111.161952"><time>2026-08-22T09:27:57.032Z</time></trkpt>
      <trkpt lat="24.45265" lon="111.161952"><time>2026-08-22T09:27:57.049Z</time></trkpt>
      <trkpt lat="24.45265" lon="111.161952"><time>2026-08-22T09:27:57.066Z</time></trkpt>
      <trkpt lat="24.45265" lon="111.161952"><time>2026-08-22T09:27:57.082Z</time></trkpt>
      <trkpt lat="24.452651" lon="111.161953"><time>2026-08-22T09:27:57.099Z</time></trkpt>
      <trkpt lat="24.452651" lon="111.161953"><time>2026-08-22T09:27:57.116Z</time></trkpt>
      <trkpt lat="24.452651" lon="111.161953"><time>2026-08-22T09:27:57.132Z</time></trkpt>
      <trkpt lat="24.452651" lon="111.161953"><time>2026-08-22T09:27:57.149Z</time></trkpt>
      <trkpt lat="24.452651" lon="111.161953"><time>2026-08-22T09:27:57.166Z</time></trkpt>
      <trkpt lat="24.452651" lon="111.161953"><time>2026-08-22T09:27:57.182Z</time></trkpt>
      <trkpt lat="24.452652" lon="111.161954"><time>2026-08-22T09:27:57.199Z</time></trkpt>
      <trkpt lat="24.452652" lon="111.161954"><time>2026-08-22T09:27:57.216Z</time></trkpt>
      <trkpt lat="24.452652" lon="111.161954"><time>2026-08-22T09:27:57.233Z</time></trkpt>
      <trkpt lat="24.452652" lon="111.161954"><time>2026-08-22T09:27:57.249Z</time></trkpt>
      <trkpt lat="24.452652" lon="111.161954"><time>2026-08-22T09:27:57.266Z</time></trkpt>
      <trkpt lat="24.452652" lon="111.161954"><time>2026-08-22T09:27:57.283Z</time></trkpt>
      <trkpt lat="24.452653" lon="111.161955"><time>2026-08-22T09:27:57.299Z</time></trkpt>
      <trkpt lat="24.452653" lon="111.161955"><time>2026-08-22T09:27:57.316Z</time></trkpt>
      <trkpt lat="24.452653" lon="111.161955"><time>2026-08-22T09:27:57.333Z</time></trkpt>
      <trkpt lat="24.452653" lon="111.161955"><time>2026-08-22T09:27:57.349Z</time></trkpt>
      <trkpt lat="24.452653" lon="111.161955"><time>2026-08-22T09:27:57.366Z</time></trkpt>
      <trkpt lat="24.452653" lon="111.161955"><time>2026-08-22T09:27:57.383Z</time></trkpt>
      <trkpt lat="24.452654" lon="111.161955"><time>2026-08-22T09:27:57.399Z</time></trkpt>
      <trkpt lat="24.452654" lon="111.161955"><time>2026-08-22T09:27:57.416Z</time></trkpt>
      <trkpt lat="24.452654" lon="111.161955"><time>2026-08-22T09:27:57.433Z</time></trkpt>
      <trkpt lat="24.452654" lon="111.161955"><time>2026-08-22T09:27:57.449Z</time></trkpt>
      <trkpt lat="24.452654" lon="111.161955"><time>2026-08-22T09:27:57.466Z</time></trkpt>
      <trkpt lat="24.452654" lon="111.161955"><time>2026-08-22T09:27:57.483Z</time></trkpt>
      <trkpt lat="24.452655" lon="111.161956"><time>2026-08-22T09:27:57.499Z</time></trkpt>
      <trkpt lat="24.452655" lon="111.161956"><time>2026-08-22T09:27:57.516Z</time></trkpt>
      <trkpt lat="24.452655" lon="111.161956"><time>2026-08-22T09:27:57.533Z</time></trkpt>
      <trkpt lat="24.452655" lon="111.161956"><time>2026-08-22T09:27:57.550Z</time></trkpt>
      <trkpt lat="24.452655" lon="111.161956"><time>2026-08-22T09:27:57.566Z</time></trkpt>
      <trkpt lat="24.452655" lon="111.161956"><time>2026-08-22T09:27:57.583Z</time></trkpt>
      <trkpt lat="24.452656" lon="111.161955"><time>2026-08-22T09:27:57.600Z</time></trkpt>
      <trkpt lat="24.452656" lon="111.161955"><time>2026-08-22T09:27:57.616Z</time></trkpt>
      <trkpt lat="24.452656" lon="111.161955"><time>2026-08-22T09:27:57.633Z</time></trkpt>
      <trkpt lat="24.452656" lon="111.161955"><time>2026-08-22T09:27:57.650Z</time></trkpt>
      <trkpt lat="24.452656" lon="111.161955"><time>2026-08-22T09:27:57.666Z</time></trkpt>
      <trkpt lat="24.452656" lon="111.161955"><time>2026-08-22T09:27:57.683Z</time></trkpt>
      <trkpt lat="24.452657" lon="111.161955"><time>2026-08-22T09:27:57.700Z</time></trkpt>
      <trkpt lat="24.452657" lon="111.161955"><time>2026-08-22T09:27:57.716Z</time></trkpt>
      <trkpt lat="24.452657" lon="111.161955"><time>2026-08-22T09:27:57.733Z</time></trkpt>
      <trkpt lat="24.452657" lon="111.161955"><time>2026-08-22T09:27:57.750Z</time></trkpt>
      <trkpt lat="24.452657" lon="111.161955"><time>2026-08-22T09:27:57.766Z</time></trkpt>
      <trkpt lat="24.452657" lon="111.161955"><time>2026-08-22T09:27:57.783Z</time></trkpt>
      <trkpt lat="24.452658" lon="111.161954"><time>2026-08-22T09:27:57.800Z</time></trkpt>
      <trkpt lat="24.452658" lon="111.161954"><time>2026-08-22T09:27:57.816Z</time></trkpt>
      <trkpt lat="24.452658" lon="111.161954"><time>2026-08-22T09:27:57.833Z</time></trkpt>
      <trkpt lat="24.452658" lon="111.161954"><time>2026-08-22T09:27:57.850Z</time></trkpt>
      <trkpt lat="24.452658" lon="111.161954"><time>2026-08-22T09:27:57.867Z</time></trkpt>
      <trkpt lat="24.452658" lon="111.161954"><time>2026-08-22T09:27:57.883Z</time></trkpt>
      <trkpt lat="24.452659" lon="111.161954"><time>2026-08-22T09:27:57.900Z</time></trkpt>
      <trkpt lat="24.452659" lon="111.161954"><time>2026-08-22T09:27:57.917Z</time></trkpt>
      <trkpt lat="24.452659" lon="111.161954"><time>2026-08-22T09:27:57.933Z</time></trkpt>
      <trkpt lat="24.452659" lon="111.161954"><time>2026-08-22T09:27:57.950Z</time></trkpt>
      <trkpt lat="24.452659" lon="111.161954"><time>2026-08-22T09:27:57.967Z</time></trkpt>
      <trkpt lat="24.452659" lon="111.161954"><time>2026-08-22T09:27:57.983Z</time></trkpt>
      <trkpt lat="24.452661" lon="111.161953"><time>2026-08-22T09:27:58.000Z</time></trkpt>
      <trkpt lat="24.452661" lon="111.161953"><time>2026-08-22T09:27:58.017Z</time></trkpt>
      <trkpt lat="24.452661" lon="111.161953"><time>2026-08-22T09:27:58.033Z</time></trkpt>
      <trkpt lat="24.452661" lon="111.161953"><time>2026-08-22T09:27:58.050Z</time></trkpt>
      <trkpt lat="24.452661" lon="111.161953"><time>2026-08-22T09:27:58.067Z</time></trkpt>
      <trkpt lat="24.452661" lon="111.161953"><time>2026-08-22T09:27:58.083Z</time></trkpt>
      <trkpt lat="24.452662" lon="111.161952"><time>2026-08-22T09:27:58.100Z</time></trkpt>
      <trkpt lat="24.452662" lon="111.161952"><time>2026-08-22T09:27:58.117Z</time></trkpt>
      <trkpt lat="24.452662" lon="111.161952"><time>2026-08-22T09:27:58.133Z</time></trkpt>
      <trkpt lat="24.452662" lon="111.161952"><time>2026-08-22T09:27:58.150Z</time></trkpt>
      <trkpt lat="24.452662" lon="111.161952"><time>2026-08-22T09:27:58.167Z</time></trkpt>
      <trkpt lat="24.452662" lon="111.161952"><time>2026-08-22T09:27:58.184Z</time></trkpt>
      <trkpt lat="24.452663" lon="111.161951"><time>2026-08-22T09:27:58.200Z</time></trkpt>
      <trkpt lat="24.452663" lon="111.161951"><time>2026-08-22T09:27:58.217Z</time></trkpt>
      <trkpt lat="24.452663" lon="111.161951"><time>2026-08-22T09:27:58.234Z</time></trkpt>
      <trkpt lat="24.452663" lon="111.161951"><time>2026-08-22T09:27:58.250Z</time></trkpt>
      <trkpt lat="24.452663" lon="111.161951"><time>2026-08-22T09:27:58.267Z</time></trkpt>
      <trkpt lat="24.452663" lon="111.161951"><time>2026-08-22T09:27:58.284Z</time></trkpt>
      <trkpt lat="24.452665" lon="111.16195"><time>2026-08-22T09:27:58.300Z</time></trkpt>
      <trkpt lat="24.452665" lon="111.16195"><time>2026-08-22T09:27:58.317Z</time></trkpt>
      <trkpt lat="24.452665" lon="111.16195"><time>2026-08-22T09:27:58.334Z</time></trkpt>
      <trkpt lat="24.452665" lon="111.16195"><time>2026-08-22T09:27:58.350Z</time></trkpt>
      <trkpt lat="24.452665" lon="111.16195"><time>2026-08-22T09:27:58.367Z</time></trkpt>
      <trkpt lat="24.452665" lon="111.16195"><time>2026-08-22T09:27:58.384Z</time></trkpt>
      <trkpt lat="24.452666" lon="111.161949"><time>2026-08-22T09:27:58.400Z</time></trkpt>
      <trkpt lat="24.452666" lon="111.161949"><time>2026-08-22T09:27:58.417Z</time></trkpt>
      <trkpt lat="24.452666" lon="111.161949"><time>2026-08-22T09:27:58.434Z</time></trkpt>
      <trkpt lat="24.452666" lon="111.161949"><time>2026-08-22T09:27:58.450Z</time></trkpt>
      <trkpt lat="24.452666" lon="111.161949"><time>2026-08-22T09:27:58.467Z</time></trkpt>
      <trkpt lat="24.452666" lon="111.161949"><time>2026-08-22T09:27:58.484Z</time></trkpt>
      <trkpt lat="24.452667" lon="111.161948"><time>2026-08-22T09:27:58.501Z</time></trkpt>
      <trkpt lat="24.452667" lon="111.161948"><time>2026-08-22T09:27:58.517Z</time></trkpt>
      <trkpt lat="24.452667" lon="111.161948"><time>2026-08-22T09:27:58.534Z</time></trkpt>
      <trkpt lat="24.452667" lon="111.161948"><time>2026-08-22T09:27:58.551Z</time></trkpt>
      <trkpt lat="24.452667" lon="111.161948"><time>2026-08-22T09:27:58.567Z</time></trkpt>
      <trkpt lat="24.452667" lon="111.161948"><time>2026-08-22T09:27:58.584Z</time></trkpt>
      <trkpt lat="24.452669" lon="111.161946"><time>2026-08-22T09:27:58.601Z</time></trkpt>
      <trkpt lat="24.452669" lon="111.161946"><time>2026-08-22T09:27:58.617Z</time></trkpt>
      <trkpt lat="24.452669" lon="111.161946"><time>2026-08-22T09:27:58.634Z</time></trkpt>
      <trkpt lat="24.452669" lon="111.161946"><time>2026-08-22T09:27:58.651Z</time></trkpt>
      <trkpt lat="24.452669" lon="111.161946"><time>2026-08-22T09:27:58.667Z</time></trkpt>
      <trkpt lat="24.452669" lon="111.161946"><time>2026-08-22T09:27:58.684Z</time></trkpt>
      <trkpt lat="24.452671" lon="111.161945"><time>2026-08-22T09:27:58.701Z</time></trkpt>
      <trkpt lat="24.452671" lon="111.161945"><time>2026-08-22T09:27:58.717Z</time></trkpt>
      <trkpt lat="24.452671" lon="111.161945"><time>2026-08-22T09:27:58.734Z</time></trkpt>
      <trkpt lat="24.452671" lon="111.161945"><time>2026-08-22T09:27:58.751Z</time></trkpt>
      <trkpt lat="24.452671" lon="111.161945"><time>2026-08-22T09:27:58.767Z</time></trkpt>
      <trkpt lat="24.452671" lon="111.161945"><time>2026-08-22T09:27:58.784Z</time></trkpt>
      <trkpt lat="24.452672" lon="111.161944"><time>2026-08-22T09:27:58.801Z</time></trkpt>
      <trkpt lat="24.452672" lon="111.161944"><time>2026-08-22T09:27:58.818Z</time></trkpt>
      <trkpt lat="24.452672" lon="111.161944"><time>2026-08-22T09:27:58.834Z</time></trkpt>
      <trkpt lat="24.452672" lon="111.161944"><time>2026-08-22T09:27:58.851Z</time></trkpt>
      <trkpt lat="24.452672" lon="111.161944"><time>2026-08-22T09:27:58.868Z</time></trkpt>
      <trkpt lat="24.452672" lon="111.161944"><time>2026-08-22T09:27:58.884Z</time></trkpt>
      <trkpt lat="24.452674" lon="111.161942"><time>2026-08-22T09:27:58.901Z</time></trkpt>
      <trkpt lat="24.452674" lon="111.161942"><time>2026-08-22T09:27:58.918Z</time></trkpt>
      <trkpt lat="24.452674" lon="111.161942"><time>2026-08-22T09:27:58.934Z</time></trkpt>
      <trkpt lat="24.452674" lon="111.161942"><time>2026-08-22T09:27:58.951Z</time></trkpt>
      <trkpt lat="24.452674" lon="111.161942"><time>2026-08-22T09:27:58.968Z</time></trkpt>
      <trkpt lat="24.452674" lon="111.161942"><time>2026-08-22T09:27:58.984Z</time></trkpt>
      <trkpt lat="24.452675" lon="111.161941"><time>2026-08-22T09:27:59.001Z</time></trkpt>
      <trkpt lat="24.452675" lon="111.161941"><time>2026-08-22T09:27:59.018Z</time></trkpt>
      <trkpt lat="24.452675" lon="111.161941"><time>2026-08-22T09:27:59.034Z</time></trkpt>
      <trkpt lat="24.452675" lon="111.161941"><time>2026-08-22T09:27:59.051Z</time></trkpt>
      <trkpt lat="24.452675" lon="111.161941"><time>2026-08-22T09:27:59.068Z</time></trkpt>
      <trkpt lat="24.452675" lon="111.161941"><time>2026-08-22T09:27:59.084Z</time></trkpt>
      <trkpt lat="24.452677" lon="111.161939"><time>2026-08-22T09:27:59.101Z</time></trkpt>
      <trkpt lat="24.452677" lon="111.161939"><time>2026-08-22T09:27:59.118Z</time></trkpt>
      <trkpt lat="24.452677" lon="111.161939"><time>2026-08-22T09:27:59.135Z</time></trkpt>
      <trkpt lat="24.452677" lon="111.161939"><time>2026-08-22T09:27:59.151Z</time></trkpt>
      <trkpt lat="24.452677" lon="111.161939"><time>2026-08-22T09:27:59.168Z</time></trkpt>
      <trkpt lat="24.452677" lon="111.161939"><time>2026-08-22T09:27:59.185Z</time></trkpt>
      <trkpt lat="24.452679" lon="111.161938"><time>2026-08-22T09:27:59.201Z</time></trkpt>
      <trkpt lat="24.452679" lon="111.161938"><time>2026-08-22T09:27:59.218Z</time></trkpt>
      <trkpt lat="24.452679" lon="111.161938"><time>2026-08-22T09:27:59.235Z</time></trkpt>
      <trkpt lat="24.452679" lon="111.161938"><time>2026-08-22T09:27:59.251Z</time></trkpt>
      <trkpt lat="24.452679" lon="111.161938"><time>2026-08-22T09:27:59.268Z</time></trkpt>
      <trkpt lat="24.452679" lon="111.161938"><time>2026-08-22T09:27:59.285Z</time></trkpt>
      <trkpt lat="24.452681" lon="111.161936"><time>2026-08-22T09:27:59.301Z</time></trkpt>
      <trkpt lat="24.452681" lon="111.161936"><time>2026-08-22T09:27:59.318Z</time></trkpt>
      <trkpt lat="24.452681" lon="111.161936"><time>2026-08-22T09:27:59.335Z</time></trkpt>
      <trkpt lat="24.452681" lon="111.161936"><time>2026-08-22T09:27:59.351Z</time></trkpt>
      <trkpt lat="24.452681" lon="111.161936"><time>2026-08-22T09:27:59.368Z</time></trkpt>
      <trkpt lat="24.452681" lon="111.161936"><time>2026-08-22T09:27:59.385Z</time></trkpt>
      <trkpt lat="24.452682" lon="111.161934"><time>2026-08-22T09:27:59.401Z</time></trkpt>
      <trkpt lat="24.452682" lon="111.161934"><time>2026-08-22T09:27:59.418Z</time></trkpt>
      <trkpt lat="24.452682" lon="111.161934"><time>2026-08-22T09:27:59.435Z</time></trkpt>
      <trkpt lat="24.452682" lon="111.161934"><time>2026-08-22T09:27:59.451Z</time></trkpt>
      <trkpt lat="24.452682" lon="111.161934"><time>2026-08-22T09:27:59.468Z</time></trkpt>
      <trkpt lat="24.452682" lon="111.161934"><time>2026-08-22T09:27:59.485Z</time></trkpt>
      <trkpt lat="24.452684" lon="111.161932"><time>2026-08-22T09:27:59.502Z</time></trkpt>
      <trkpt lat="24.452684" lon="111.161932"><time>2026-08-22T09:27:59.518Z</time></trkpt>
      <trkpt lat="24.452684" lon="111.161932"><time>2026-08-22T09:27:59.535Z</time></trkpt>
      <trkpt lat="24.452684" lon="111.161932"><time>2026-08-22T09:27:59.552Z</time></trkpt>
      <trkpt lat="24.452684" lon="111.161932"><time>2026-08-22T09:27:59.568Z</time></trkpt>
      <trkpt lat="24.452684" lon="111.161932"><time>2026-08-22T09:27:59.585Z</time></trkpt>
      <trkpt lat="24.452686" lon="111.16193"><time>2026-08-22T09:27:59.602Z</time></trkpt>
      <trkpt lat="24.452686" lon="111.16193"><time>2026-08-22T09:27:59.618Z</time></trkpt>
      <trkpt lat="24.452686" lon="111.16193"><time>2026-08-22T09:27:59.635Z</time></trkpt>
      <trkpt lat="24.452686" lon="111.16193"><time>2026-08-22T09:27:59.652Z</time></trkpt>
      <trkpt lat="24.452686" lon="111.16193"><time>2026-08-22T09:27:59.668Z</time></trkpt>
      <trkpt lat="24.452686" lon="111.16193"><time>2026-08-22T09:27:59.685Z</time></trkpt>
      <trkpt lat="24.452688" lon="111.161927"><time>2026-08-22T09:27:59.702Z</time></trkpt>
      <trkpt lat="24.452688" lon="111.161927"><time>2026-08-22T09:27:59.718Z</time></trkpt>
      <trkpt lat="24.452688" lon="111.161927"><time>2026-08-22T09:27:59.735Z</time></trkpt>
      <trkpt lat="24.452688" lon="111.161927"><time>2026-08-22T09:27:59.752Z</time></trkpt>
      <trkpt lat="24.452688" lon="111.161927"><time>2026-08-22T09:27:59.768Z</time></trkpt>
      <trkpt lat="24.452688" lon="111.161927"><time>2026-08-22T09:27:59.785Z</time></trkpt>
      <trkpt lat="24.45269" lon="111.161925"><time>2026-08-22T09:27:59.802Z</time></trkpt>
      <trkpt lat="24.45269" lon="111.161925"><time>2026-08-22T09:27:59.819Z</time></trkpt>
      <trkpt lat="24.45269" lon="111.161925"><time>2026-08-22T09:27:59.835Z</time></trkpt>
      <trkpt lat="24.45269" lon="111.161925"><time>2026-08-22T09:27:59.852Z</time></trkpt>
      <trkpt lat="24.45269" lon="111.161925"><time>2026-08-22T09:27:59.869Z</time></trkpt>
      <trkpt lat="24.45269" lon="111.161925"><time>2026-08-22T09:27:59.885Z</time></trkpt>
      <trkpt lat="24.452692" lon="111.161922"><time>2026-08-22T09:27:59.902Z</time></trkpt>
      <trkpt lat="24.452692" lon="111.161922"><time>2026-08-22T09:27:59.919Z</time></trkpt>
      <trkpt lat="24.452692" lon="111.161922"><time>2026-08-22T09:27:59.935Z</time></trkpt>
      <trkpt lat="24.452692" lon="111.161922"><time>2026-08-22T09:27:59.952Z</time></trkpt>
      <trkpt lat="24.452692" lon="111.161922"><time>2026-08-22T09:27:59.969Z</time></trkpt>
      <trkpt lat="24.452692" lon="111.161922"><time>2026-08-22T09:27:59.985Z</time></trkpt>
      <trkpt lat="24.452695" lon="111.16192"><time>2026-08-22T09:28:00.002Z</time></trkpt>
      <trkpt lat="24.452695" lon="111.16192"><time>2026-08-22T09:28:00.019Z</time></trkpt>
      <trkpt lat="24.452695" lon="111.16192"><time>2026-08-22T09:28:00.035Z</time></trkpt>
      <trkpt lat="24.452695" lon="111.16192"><time>2026-08-22T09:28:00.052Z</time></trkpt>
      <trkpt lat="24.452695" lon="111.16192"><time>2026-08-22T09:28:00.069Z</time></trkpt>
      <trkpt lat="24.452695" lon="111.16192"><time>2026-08-22T09:28:00.085Z</time></trkpt>
      <trkpt lat="24.452697" lon="111.161917"><time>2026-08-22T09:28:00.102Z</time></trkpt>
      <trkpt lat="24.452697" lon="111.161917"><time>2026-08-22T09:28:00.119Z</time></trkpt>
      <trkpt lat="24.452697" lon="111.161917"><time>2026-08-22T09:28:00.136Z</time></trkpt>
      <trkpt lat="24.452697" lon="111.161917"><time>2026-08-22T09:28:00.152Z</time></trkpt>
      <trkpt lat="24.452697" lon="111.161917"><time>2026-08-22T09:28:00.169Z</time></trkpt>
      <trkpt lat="24.452697" lon="111.161917"><time>2026-08-22T09:28:00.186Z</time></trkpt>
      <trkpt lat="24.452699" lon="111.161914"><time>2026-08-22T09:28:00.202Z</time></trkpt>
      <trkpt lat="24.452699" lon="111.161914"><time>2026-08-22T09:28:00.219Z</time></trkpt>
      <trkpt lat="24.452699" lon="111.161914"><time>2026-08-22T09:28:00.236Z</time></trkpt>
      <trkpt lat="24.452699" lon="111.161914"><time>2026-08-22T09:28:00.252Z</time></trkpt>
      <trkpt lat="24.452699" lon="111.161914"><time>2026-08-22T09:28:00.269Z</time></trkpt>
      <trkpt lat="24.452699" lon="111.161914"><time>2026-08-22T09:28:00.286Z</time></trkpt>
      <trkpt lat="24.452701" lon="111.161911"><time>2026-08-22T09:28:00.302Z</time></trkpt>
      <trkpt lat="24.452701" lon="111.161911"><time>2026-08-22T09:28:00.319Z</time></trkpt>
      <trkpt lat="24.452701" lon="111.161911"><time>2026-08-22T09:28:00.336Z</time></trkpt>
      <trkpt lat="24.452701" lon="111.161911"><time>2026-08-22T09:28:00.352Z</time></trkpt>
      <trkpt lat="24.452701" lon="111.161911"><time>2026-08-22T09:28:00.369Z</time></trkpt>
      <trkpt lat="24.452701" lon="111.161911"><time>2026-08-22T09:28:00.386Z</time></trkpt>
      <trkpt lat="24.452704" lon="111.161908"><time>2026-08-22T09:28:00.402Z</time></trkpt>
      <trkpt lat="24.452704" lon="111.161908"><time>2026-08-22T09:28:00.419Z</time></trkpt>
      <trkpt lat="24.452704" lon="111.161908"><time>2026-08-22T09:28:00.436Z</time></trkpt>
      <trkpt lat="24.452704" lon="111.161908"><time>2026-08-22T09:28:00.453Z</time></trkpt>
      <trkpt lat="24.452704" lon="111.161908"><time>2026-08-22T09:28:00.469Z</time></trkpt>
      <trkpt lat="24.452704" lon="111.161908"><time>2026-08-22T09:28:00.486Z</time></trkpt>
      <trkpt lat="24.452707" lon="111.161905"><time>2026-08-22T09:28:00.503Z</time></trkpt>
      <trkpt lat="24.452707" lon="111.161905"><time>2026-08-22T09:28:00.519Z</time></trkpt>
      <trkpt lat="24.452707" lon="111.161905"><time>2026-08-22T09:28:00.536Z</time></trkpt>
      <trkpt lat="24.452707" lon="111.161905"><time>2026-08-22T09:28:00.553Z</time></trkpt>
      <trkpt lat="24.452707" lon="111.161905"><time>2026-08-22T09:28:00.569Z</time></trkpt>
      <trkpt lat="24.452707" lon="111.161905"><time>2026-08-22T09:28:00.586Z</time></trkpt>
      <trkpt lat="24.452709" lon="111.161902"><time>2026-08-22T09:28:00.603Z</time></trkpt>
      <trkpt lat="24.452709" lon="111.161902"><time>2026-08-22T09:28:00.619Z</time></trkpt>
      <trkpt lat="24.452709" lon="111.161902"><time>2026-08-22T09:28:00.636Z</time></trkpt>
      <trkpt lat="24.452709" lon="111.161902"><time>2026-08-22T09:28:00.653Z</time></trkpt>
      <trkpt lat="24.452709" lon="111.161902"><time>2026-08-22T09:28:00.669Z</time></trkpt>
      <trkpt lat="24.452709" lon="111.161902"><time>2026-08-22T09:28:00.686Z</time></trkpt>
      <trkpt lat="24.452712" lon="111.1619"><time>2026-08-22T09:28:00.703Z</time></trkpt>
      <trkpt lat="24.452712" lon="111.1619"><time>2026-08-22T09:28:00.719Z</time></trkpt>
      <trkpt lat="24.452712" lon="111.1619"><time>2026-08-22T09:28:00.736Z</time></trkpt>
      <trkpt lat="24.452712" lon="111.1619"><time>2026-08-22T09:28:00.753Z</time></trkpt>
      <trkpt lat="24.452712" lon="111.1619"><time>2026-08-22T09:28:00.770Z</time></trkpt>
      <trkpt lat="24.452712" lon="111.1619"><time>2026-08-22T09:28:00.786Z</time></trkpt>
      <trkpt lat="24.452715" lon="111.161897"><time>2026-08-22T09:28:00.803Z</time></trkpt>
      <trkpt lat="24.452715" lon="111.161897"><time>2026-08-22T09:28:00.820Z</time></trkpt>
      <trkpt lat="24.452715" lon="111.161897"><time>2026-08-22T09:28:00.836Z</time></trkpt>
      <trkpt lat="24.452715" lon="111.161897"><time>2026-08-22T09:28:00.853Z</time></trkpt>
      <trkpt lat="24.452715" lon="111.161897"><time>2026-08-22T09:28:00.870Z</time></trkpt>
      <trkpt lat="24.452715" lon="111.161897"><time>2026-08-22T09:28:00.886Z</time></trkpt>
      <trkpt lat="24.452718" lon="111.161895"><time>2026-08-22T09:28:00.903Z</time></trkpt>
      <trkpt lat="24.452718" lon="111.161895"><time>2026-08-22T09:28:00.920Z</time></trkpt>
      <trkpt lat="24.452718" lon="111.161895"><time>2026-08-22T09:28:00.936Z</time></trkpt>
      <trkpt lat="24.452718" lon="111.161895"><time>2026-08-22T09:28:00.953Z</time></trkpt>
      <trkpt lat="24.452718" lon="111.161895"><time>2026-08-22T09:28:00.970Z</time></trkpt>
      <trkpt lat="24.452718" lon="111.161895"><time>2026-08-22T09:28:00.986Z</time></trkpt>
      <trkpt lat="24.452721" lon="111.161892"><time>2026-08-22T09:28:01.003Z</time></trkpt>
      <trkpt lat="24.452721" lon="111.161892"><time>2026-08-22T09:28:01.020Z</time></trkpt>
      <trkpt lat="24.452721" lon="111.161892"><time>2026-08-22T09:28:01.036Z</time></trkpt>
      <trkpt lat="24.452721" lon="111.161892"><time>2026-08-22T09:28:01.053Z</time></trkpt>
      <trkpt lat="24.452721" lon="111.161892"><time>2026-08-22T09:28:01.070Z</time></trkpt>
      <trkpt lat="24.452721" lon="111.161892"><time>2026-08-22T09:28:01.087Z</time></trkpt>
      <trkpt lat="24.452724" lon="111.161889"><time>2026-08-22T09:28:01.103Z</time></trkpt>
      <trkpt lat="24.452724" lon="111.161889"><time>2026-08-22T09:28:01.120Z</time></trkpt>
      <trkpt lat="24.452724" lon="111.161889"><time>2026-08-22T09:28:01.137Z</time></trkpt>
      <trkpt lat="24.452724" lon="111.161889"><time>2026-08-22T09:28:01.153Z</time></trkpt>
      <trkpt lat="24.452724" lon="111.161889"><time>2026-08-22T09:28:01.170Z</time></trkpt>
      <trkpt lat="24.452724" lon="111.161889"><time>2026-08-22T09:28:01.187Z</time></trkpt>
      <trkpt lat="24.452726" lon="111.161886"><time>2026-08-22T09:28:01.203Z</time></trkpt>
      <trkpt lat="24.452726" lon="111.161886"><time>2026-08-22T09:28:01.220Z</time></trkpt>
      <trkpt lat="24.452726" lon="111.161886"><time>2026-08-22T09:28:01.237Z</time></trkpt>
      <trkpt lat="24.452726" lon="111.161886"><time>2026-08-22T09:28:01.253Z</time></trkpt>
      <trkpt lat="24.452726" lon="111.161886"><time>2026-08-22T09:28:01.270Z</time></trkpt>
      <trkpt lat="24.452726" lon="111.161886"><time>2026-08-22T09:28:01.287Z</time></trkpt>
      <trkpt lat="24.452729" lon="111.161883"><time>2026-08-22T09:28:01.303Z</time></trkpt>
      <trkpt lat="24.452729" lon="111.161883"><time>2026-08-22T09:28:01.320Z</time></trkpt>
      <trkpt lat="24.452729" lon="111.161883"><time>2026-08-22T09:28:01.337Z</time></trkpt>
      <trkpt lat="24.452729" lon="111.161883"><time>2026-08-22T09:28:01.353Z</time></trkpt>
      <trkpt lat="24.452729" lon="111.161883"><time>2026-08-22T09:28:01.370Z</time></trkpt>
      <trkpt lat="24.452729" lon="111.161883"><time>2026-08-22T09:28:01.387Z</time></trkpt>
      <trkpt lat="24.452732" lon="111.161879"><time>2026-08-22T09:28:01.404Z</time></trkpt>
      <trkpt lat="24.452732" lon="111.161879"><time>2026-08-22T09:28:01.420Z</time></trkpt>
      <trkpt lat="24.452732" lon="111.161879"><time>2026-08-22T09:28:01.437Z</time></trkpt>
      <trkpt lat="24.452732" lon="111.161879"><time>2026-08-22T09:28:01.454Z</time></trkpt>
      <trkpt lat="24.452732" lon="111.161879"><time>2026-08-22T09:28:01.470Z</time></trkpt>
      <trkpt lat="24.452732" lon="111.161879"><time>2026-08-22T09:28:01.487Z</time></trkpt>
      <trkpt lat="24.452735" lon="111.161876"><time>2026-08-22T09:28:01.504Z</time></trkpt>
      <trkpt lat="24.452735" lon="111.161876"><time>2026-08-22T09:28:01.520Z</time></trkpt>
      <trkpt lat="24.452735" lon="111.161876"><time>2026-08-22T09:28:01.537Z</time></trkpt>
      <trkpt lat="24.452735" lon="111.161876"><time>2026-08-22T09:28:01.554Z</time></trkpt>
      <trkpt lat="24.452735" lon="111.161876"><time>2026-08-22T09:28:01.570Z</time></trkpt>
      <trkpt lat="24.452735" lon="111.161876"><time>2026-08-22T09:28:01.587Z</time></trkpt>
      <trkpt lat="24.452737" lon="111.161872"><time>2026-08-22T09:28:01.604Z</time></trkpt>
      <trkpt lat="24.452737" lon="111.161872"><time>2026-08-22T09:28:01.620Z</time></trkpt>
      <trkpt lat="24.452737" lon="111.161872"><time>2026-08-22T09:28:01.637Z</time></trkpt>
      <trkpt lat="24.452737" lon="111.161872"><time>2026-08-22T09:28:01.654Z</time></trkpt>
      <trkpt lat="24.452737" lon="111.161872"><time>2026-08-22T09:28:01.670Z</time></trkpt>
      <trkpt lat="24.452737" lon="111.161872"><time>2026-08-22T09:28:01.687Z</time></trkpt>
      <trkpt lat="24.452739" lon="111.161868"><time>2026-08-22T09:28:01.704Z</time></trkpt>
      <trkpt lat="24.452739" lon="111.161868"><time>2026-08-22T09:28:01.721Z</time></trkpt>
      <trkpt lat="24.452739" lon="111.161868"><time>2026-08-22T09:28:01.737Z</time></trkpt>
      <trkpt lat="24.452739" lon="111.161868"><time>2026-08-22T09:28:01.754Z</time></trkpt>
      <trkpt lat="24.452739" lon="111.161868"><time>2026-08-22T09:28:01.771Z</time></trkpt>
      <trkpt lat="24.452739" lon="111.161868"><time>2026-08-22T09:28:01.787Z</time></trkpt>
      <trkpt lat="24.452742" lon="111.161863"><time>2026-08-22T09:28:01.804Z</time></trkpt>
      <trkpt lat="24.452742" lon="111.161863"><time>2026-08-22T09:28:01.821Z</time></trkpt>
      <trkpt lat="24.452742" lon="111.161863"><time>2026-08-22T09:28:01.837Z</time></trkpt>
      <trkpt lat="24.452742" lon="111.161863"><time>2026-08-22T09:28:01.854Z</time></trkpt>
      <trkpt lat="24.452742" lon="111.161863"><time>2026-08-22T09:28:01.871Z</time></trkpt>
      <trkpt lat="24.452742" lon="111.161863"><time>2026-08-22T09:28:01.887Z</time></trkpt>
      <trkpt lat="24.452744" lon="111.161858"><time>2026-08-22T09:28:01.904Z</time></trkpt>
      <trkpt lat="24.452744" lon="111.161858"><time>2026-08-22T09:28:01.921Z</time></trkpt>
      <trkpt lat="24.452744" lon="111.161858"><time>2026-08-22T09:28:01.937Z</time></trkpt>
      <trkpt lat="24.452744" lon="111.161858"><time>2026-08-22T09:28:01.954Z</time></trkpt>
      <trkpt lat="24.452744" lon="111.161858"><time>2026-08-22T09:28:01.971Z</time></trkpt>
      <trkpt lat="24.452744" lon="111.161858"><time>2026-08-22T09:28:01.987Z</time></trkpt>
      <trkpt lat="24.452746" lon="111.161853"><time>2026-08-22T09:28:02.004Z</time></trkpt>
      <trkpt lat="24.452746" lon="111.161853"><time>2026-08-22T09:28:02.021Z</time></trkpt>
      <trkpt lat="24.452746" lon="111.161853"><time>2026-08-22T09:28:02.038Z</time></trkpt>
      <trkpt lat="24.452746" lon="111.161853"><time>2026-08-22T09:28:02.054Z</time></trkpt>
      <trkpt lat="24.452746" lon="111.161853"><time>2026-08-22T09:28:02.071Z</time></trkpt>
      <trkpt lat="24.452746" lon="111.161853"><time>2026-08-22T09:28:02.088Z</time></trkpt>
      <trkpt lat="24.452748" lon="111.161848"><time>2026-08-22T09:28:02.104Z</time></trkpt>
      <trkpt lat="24.452748" lon="111.161848"><time>2026-08-22T09:28:02.121Z</time></trkpt>
      <trkpt lat="24.452748" lon="111.161848"><time>2026-08-22T09:28:02.138Z</time></trkpt>
      <trkpt lat="24.452748" lon="111.161848"><time>2026-08-22T09:28:02.154Z</time></trkpt>
      <trkpt lat="24.452748" lon="111.161848"><time>2026-08-22T09:28:02.171Z</time></trkpt>
      <trkpt lat="24.452748" lon="111.161848"><time>2026-08-22T09:28:02.188Z</time></trkpt>
      <trkpt lat="24.45275" lon="111.161842"><time>2026-08-22T09:28:02.204Z</time></trkpt>
      <trkpt lat="24.45275" lon="111.161842"><time>2026-08-22T09:28:02.221Z</time></trkpt>
      <trkpt lat="24.45275" lon="111.161842"><time>2026-08-22T09:28:02.238Z</time></trkpt>
      <trkpt lat="24.45275" lon="111.161842"><time>2026-08-22T09:28:02.254Z</time></trkpt>
      <trkpt lat="24.45275" lon="111.161842"><time>2026-08-22T09:28:02.271Z</time></trkpt>
      <trkpt lat="24.45275" lon="111.161842"><time>2026-08-22T09:28:02.288Z</time></trkpt>
      <trkpt lat="24.452752" lon="111.161836"><time>2026-08-22T09:28:02.304Z</time></trkpt>
      <trkpt lat="24.452752" lon="111.161836"><time>2026-08-22T09:28:02.321Z</time></trkpt>
      <trkpt lat="24.452752" lon="111.161836"><time>2026-08-22T09:28:02.338Z</time></trkpt>
      <trkpt lat="24.452752" lon="111.161836"><time>2026-08-22T09:28:02.355Z</time></trkpt>
      <trkpt lat="24.452752" lon="111.161836"><time>2026-08-22T09:28:02.371Z</time></trkpt>
      <trkpt lat="24.452752" lon="111.161836"><time>2026-08-22T09:28:02.388Z</time></trkpt>
      <trkpt lat="24.452754" lon="111.16183"><time>2026-08-22T09:28:02.405Z</time></trkpt>
      <trkpt lat="24.452754" lon="111.16183"><time>2026-08-22T09:28:02.421Z</time></trkpt>
      <trkpt lat="24.452754" lon="111.16183"><time>2026-08-22T09:28:02.438Z</time></trkpt>
      <trkpt lat="24.452754" lon="111.16183"><time>2026-08-22T09:28:02.455Z</time></trkpt>
      <trkpt lat="24.452754" lon="111.16183"><time>2026-08-22T09:28:02.471Z</time></trkpt>
      <trkpt lat="24.452754" lon="111.16183"><time>2026-08-22T09:28:02.488Z</time></trkpt>
      <trkpt lat="24.452756" lon="111.161824"><time>2026-08-22T09:28:02.505Z</time></trkpt>
      <trkpt lat="24.452756" lon="111.161824"><time>2026-08-22T09:28:02.521Z</time></trkpt>
      <trkpt lat="24.452756" lon="111.161824"><time>2026-08-22T09:28:02.538Z</time></trkpt>
      <trkpt lat="24.452756" lon="111.161824"><time>2026-08-22T09:28:02.555Z</time></trkpt>
      <trkpt lat="24.452756" lon="111.161824"><time>2026-08-22T09:28:02.571Z</time></trkpt>
      <trkpt lat="24.452758" lon="111.161818"><time>2026-08-22T09:28:02.588Z</time></trkpt>
      <trkpt lat="24.452758" lon="111.161818"><time>2026-08-22T09:28:02.605Z</time></trkpt>
      <trkpt lat="24.452758" lon="111.161818"><time>2026-08-22T09:28:02.621Z</time></trkpt>
      <trkpt lat="24.452758" lon="111.161818"><time>2026-08-22T09:28:02.638Z</time></trkpt>
      <trkpt lat="24.452758" lon="111.161818"><time>2026-08-22T09:28:02.655Z</time></trkpt>
      <trkpt lat="24.452758" lon="111.161818"><time>2026-08-22T09:28:02.672Z</time></trkpt>
      <trkpt lat="24.452759" lon="111.161812"><time>2026-08-22T09:28:02.688Z</time></trkpt>
      <trkpt lat="24.452759" lon="111.161812"><time>2026-08-22T09:28:02.705Z</time></trkpt>
      <trkpt lat="24.452759" lon="111.161812"><time>2026-08-22T09:28:02.722Z</time></trkpt>
      <trkpt lat="24.452759" lon="111.161812"><time>2026-08-22T09:28:02.738Z</time></trkpt>
      <trkpt lat="24.452759" lon="111.161812"><time>2026-08-22T09:28:02.755Z</time></trkpt>
      <trkpt lat="24.452759" lon="111.161812"><time>2026-08-22T09:28:02.772Z</time></trkpt>
      <trkpt lat="24.452759" lon="111.161812"><time>2026-08-22T09:28:02.788Z</time></trkpt>
      <trkpt lat="24.452761" lon="111.161805"><time>2026-08-22T09:28:02.805Z</time></trkpt>
      <trkpt lat="24.452761" lon="111.161805"><time>2026-08-22T09:28:02.822Z</time></trkpt>
      <trkpt lat="24.452761" lon="111.161805"><time>2026-08-22T09:28:02.838Z</time></trkpt>
      <trkpt lat="24.452761" lon="111.161805"><time>2026-08-22T09:28:02.855Z</time></trkpt>
      <trkpt lat="24.452761" lon="111.161805"><time>2026-08-22T09:28:02.872Z</time></trkpt>
      <trkpt lat="24.452763" lon="111.161799"><time>2026-08-22T09:28:02.888Z</time></trkpt>
      <trkpt lat="24.452763" lon="111.161799"><time>2026-08-22T09:28:02.905Z</time></trkpt>
      <trkpt lat="24.452763" lon="111.161799"><time>2026-08-22T09:28:02.922Z</time></trkpt>
      <trkpt lat="24.452763" lon="111.161799"><time>2026-08-22T09:28:02.938Z</time></trkpt>
      <trkpt lat="24.452763" lon="111.161799"><time>2026-08-22T09:28:02.955Z</time></trkpt>
      <trkpt lat="24.452763" lon="111.161799"><time>2026-08-22T09:28:02.972Z</time></trkpt>
      <trkpt lat="24.452763" lon="111.161799"><time>2026-08-22T09:28:02.989Z</time></trkpt>
      <trkpt lat="24.452765" lon="111.161792"><time>2026-08-22T09:28:03.005Z</time></trkpt>
      <trkpt lat="24.452765" lon="111.161792"><time>2026-08-22T09:28:03.022Z</time></trkpt>
      <trkpt lat="24.452765" lon="111.161792"><time>2026-08-22T09:28:03.039Z</time></trkpt>
      <trkpt lat="24.452765" lon="111.161792"><time>2026-08-22T09:28:03.055Z</time></trkpt>
      <trkpt lat="24.452765" lon="111.161792"><time>2026-08-22T09:28:03.072Z</time></trkpt>
      <trkpt lat="24.452766" lon="111.161786"><time>2026-08-22T09:28:03.089Z</time></trkpt>
      <trkpt lat="24.452766" lon="111.161786"><time>2026-08-22T09:28:03.105Z</time></trkpt>
      <trkpt lat="24.452766" lon="111.161786"><time>2026-08-22T09:28:03.122Z</time></trkpt>
      <trkpt lat="24.452766" lon="111.161786"><time>2026-08-22T09:28:03.139Z</time></trkpt>
      <trkpt lat="24.452766" lon="111.161786"><time>2026-08-22T09:28:03.155Z</time></trkpt>
      <trkpt lat="24.452766" lon="111.161786"><time>2026-08-22T09:28:03.172Z</time></trkpt>
      <trkpt lat="24.452767" lon="111.161779"><time>2026-08-22T09:28:03.189Z</time></trkpt>
      <trkpt lat="24.452767" lon="111.161779"><time>2026-08-22T09:28:03.205Z</time></trkpt>
      <trkpt lat="24.452767" lon="111.161779"><time>2026-08-22T09:28:03.222Z</time></trkpt>
      <trkpt lat="24.452767" lon="111.161779"><time>2026-08-22T09:28:03.239Z</time></trkpt>
      <trkpt lat="24.452767" lon="111.161779"><time>2026-08-22T09:28:03.255Z</time></trkpt>
      <trkpt lat="24.452767" lon="111.161779"><time>2026-08-22T09:28:03.272Z</time></trkpt>
      <trkpt lat="24.452769" lon="111.161773"><time>2026-08-22T09:28:03.289Z</time></trkpt>
      <trkpt lat="24.452769" lon="111.161773"><time>2026-08-22T09:28:03.306Z</time></trkpt>
      <trkpt lat="24.452769" lon="111.161773"><time>2026-08-22T09:28:03.322Z</time></trkpt>
      <trkpt lat="24.452769" lon="111.161773"><time>2026-08-22T09:28:03.339Z</time></trkpt>
      <trkpt lat="24.452769" lon="111.161773"><time>2026-08-22T09:28:03.356Z</time></trkpt>
      <trkpt lat="24.452769" lon="111.161773"><time>2026-08-22T09:28:03.372Z</time></trkpt>
      <trkpt lat="24.452769" lon="111.161766"><time>2026-08-22T09:28:03.389Z</time></trkpt>
      <trkpt lat="24.452769" lon="111.161766"><time>2026-08-22T09:28:03.406Z</time></trkpt>
      <trkpt lat="24.452769" lon="111.161766"><time>2026-08-22T09:28:03.422Z</time></trkpt>
      <trkpt lat="24.452769" lon="111.161766"><time>2026-08-22T09:28:03.439Z</time></trkpt>
      <trkpt lat="24.452769" lon="111.161766"><time>2026-08-22T09:28:03.456Z</time></trkpt>
      <trkpt lat="24.452769" lon="111.161766"><time>2026-08-22T09:28:03.472Z</time></trkpt>
      <trkpt lat="24.45277" lon="111.16176"><time>2026-08-22T09:28:03.489Z</time></trkpt>
      <trkpt lat="24.45277" lon="111.16176"><time>2026-08-22T09:28:03.506Z</time></trkpt>
      <trkpt lat="24.45277" lon="111.16176"><time>2026-08-22T09:28:03.522Z</time></trkpt>
      <trkpt lat="24.45277" lon="111.16176"><time>2026-08-22T09:28:03.539Z</time></trkpt>
      <trkpt lat="24.45277" lon="111.16176"><time>2026-08-22T09:28:03.556Z</time></trkpt>
      <trkpt lat="24.45277" lon="111.16176"><time>2026-08-22T09:28:03.572Z</time></trkpt>
      <trkpt lat="24.452771" lon="111.161754"><time>2026-08-22T09:28:03.589Z</time></trkpt>
      <trkpt lat="24.452771" lon="111.161754"><time>2026-08-22T09:28:03.606Z</time></trkpt>
      <trkpt lat="24.452771" lon="111.161754"><time>2026-08-22T09:28:03.623Z</time></trkpt>
      <trkpt lat="24.452771" lon="111.161754"><time>2026-08-22T09:28:03.639Z</time></trkpt>
      <trkpt lat="24.452771" lon="111.161754"><time>2026-08-22T09:28:03.656Z</time></trkpt>
      <trkpt lat="24.452771" lon="111.161754"><time>2026-08-22T09:28:03.673Z</time></trkpt>
      <trkpt lat="24.452772" lon="111.161747"><time>2026-08-22T09:28:03.689Z</time></trkpt>
      <trkpt lat="24.452772" lon="111.161747"><time>2026-08-22T09:28:03.706Z</time></trkpt>
      <trkpt lat="24.452772" lon="111.161747"><time>2026-08-22T09:28:03.723Z</time></trkpt>
      <trkpt lat="24.452772" lon="111.161747"><time>2026-08-22T09:28:03.739Z</time></trkpt>
      <trkpt lat="24.452772" lon="111.161747"><time>2026-08-22T09:28:03.756Z</time></trkpt>
      <trkpt lat="24.452772" lon="111.161747"><time>2026-08-22T09:28:03.773Z</time></trkpt>
      <trkpt lat="24.452772" lon="111.161741"><time>2026-08-22T09:28:03.789Z</time></trkpt>
      <trkpt lat="24.452772" lon="111.161741"><time>2026-08-22T09:28:03.806Z</time></trkpt>
      <trkpt lat="24.452772" lon="111.161741"><time>2026-08-22T09:28:03.823Z</time></trkpt>
      <trkpt lat="24.452772" lon="111.161741"><time>2026-08-22T09:28:03.839Z</time></trkpt>
      <trkpt lat="24.452772" lon="111.161741"><time>2026-08-22T09:28:03.856Z</time></trkpt>
      <trkpt lat="24.452772" lon="111.161741"><time>2026-08-22T09:28:03.873Z</time></trkpt>
      <trkpt lat="24.452772" lon="111.161735"><time>2026-08-22T09:28:03.889Z</time></trkpt>
      <trkpt lat="24.452772" lon="111.161735"><time>2026-08-22T09:28:03.906Z</time></trkpt>
      <trkpt lat="24.452772" lon="111.161735"><time>2026-08-22T09:28:03.923Z</time></trkpt>
      <trkpt lat="24.452772" lon="111.161735"><time>2026-08-22T09:28:03.940Z</time></trkpt>
      <trkpt lat="24.452772" lon="111.161735"><time>2026-08-22T09:28:03.956Z</time></trkpt>
      <trkpt lat="24.452772" lon="111.161735"><time>2026-08-22T09:28:03.973Z</time></trkpt>
      <trkpt lat="24.452772" lon="111.161735"><time>2026-08-22T09:28:03.990Z</time></trkpt>
      <trkpt lat="24.452773" lon="111.161728"><time>2026-08-22T09:28:04.006Z</time></trkpt>
      <trkpt lat="24.452773" lon="111.161728"><time>2026-08-22T09:28:04.023Z</time></trkpt>
      <trkpt lat="24.452773" lon="111.161728"><time>2026-08-22T09:28:04.040Z</time></trkpt>
      <trkpt lat="24.452773" lon="111.161728"><time>2026-08-22T09:28:04.056Z</time></trkpt>
      <trkpt lat="24.452773" lon="111.161728"><time>2026-08-22T09:28:04.073Z</time></trkpt>
      <trkpt lat="24.452773" lon="111.161722"><time>2026-08-22T09:28:04.090Z</time></trkpt>
      <trkpt lat="24.452773" lon="111.161722"><time>2026-08-22T09:28:04.106Z</time></trkpt>
      <trkpt lat="24.452773" lon="111.161722"><time>2026-08-22T09:28:04.123Z</time></trkpt>
      <trkpt lat="24.452773" lon="111.161722"><time>2026-08-22T09:28:04.140Z</time></trkpt>
      <trkpt lat="24.452773" lon="111.161722"><time>2026-08-22T09:28:04.156Z</time></trkpt>
      <trkpt lat="24.452773" lon="111.161722"><time>2026-08-22T09:28:04.173Z</time></trkpt>
      <trkpt lat="24.452772" lon="111.161716"><time>2026-08-22T09:28:04.190Z</time></trkpt>
      <trkpt lat="24.452772" lon="111.161716"><time>2026-08-22T09:28:04.206Z</time></trkpt>
      <trkpt lat="24.452772" lon="111.161716"><time>2026-08-22T09:28:04.223Z</time></trkpt>
      <trkpt lat="24.452772" lon="111.161716"><time>2026-08-22T09:28:04.240Z</time></trkpt>
      <trkpt lat="24.452772" lon="111.161716"><time>2026-08-22T09:28:04.257Z</time></trkpt>
      <trkpt lat="24.452772" lon="111.161716"><time>2026-08-22T09:28:04.273Z</time></trkpt>
      <trkpt lat="24.452772" lon="111.16171"><time>2026-08-22T09:28:04.290Z</time></trkpt>
      <trkpt lat="24.452772" lon="111.16171"><time>2026-08-22T09:28:04.307Z</time></trkpt>
      <trkpt lat="24.452772" lon="111.16171"><time>2026-08-22T09:28:04.323Z</time></trkpt>
      <trkpt lat="24.452772" lon="111.16171"><time>2026-08-22T09:28:04.340Z</time></trkpt>
      <trkpt lat="24.452772" lon="111.16171"><time>2026-08-22T09:28:04.357Z</time></trkpt>
      <trkpt lat="24.452772" lon="111.16171"><time>2026-08-22T09:28:04.373Z</time></trkpt>
      <trkpt lat="24.452772" lon="111.161704"><time>2026-08-22T09:28:04.390Z</time></trkpt>
      <trkpt lat="24.452772" lon="111.161704"><time>2026-08-22T09:28:04.407Z</time></trkpt>
      <trkpt lat="24.452772" lon="111.161704"><time>2026-08-22T09:28:04.423Z</time></trkpt>
      <trkpt lat="24.452772" lon="111.161704"><time>2026-08-22T09:28:04.440Z</time></trkpt>
      <trkpt lat="24.452772" lon="111.161704"><time>2026-08-22T09:28:04.457Z</time></trkpt>
      <trkpt lat="24.452772" lon="111.161704"><time>2026-08-22T09:28:04.473Z</time></trkpt>
      <trkpt lat="24.452771" lon="111.161698"><time>2026-08-22T09:28:04.490Z</time></trkpt>
      <trkpt lat="24.452771" lon="111.161698"><time>2026-08-22T09:28:04.507Z</time></trkpt>
      <trkpt lat="24.452771" lon="111.161698"><time>2026-08-22T09:28:04.523Z</time></trkpt>
      <trkpt lat="24.452771" lon="111.161698"><time>2026-08-22T09:28:04.540Z</time></trkpt>
      <trkpt lat="24.452771" lon="111.161698"><time>2026-08-22T09:28:04.557Z</time></trkpt>
      <trkpt lat="24.452771" lon="111.161698"><time>2026-08-22T09:28:04.574Z</time></trkpt>
      <trkpt lat="24.452771" lon="111.161692"><time>2026-08-22T09:28:04.590Z</time></trkpt>
      <trkpt lat="24.452771" lon="111.161692"><time>2026-08-22T09:28:04.607Z</time></trkpt>
      <trkpt lat="24.452771" lon="111.161692"><time>2026-08-22T09:28:04.624Z</time></trkpt>
      <trkpt lat="24.452771" lon="111.161692"><time>2026-08-22T09:28:04.640Z</time></trkpt>
      <trkpt lat="24.452771" lon="111.161692"><time>2026-08-22T09:28:04.657Z</time></trkpt>
      <trkpt lat="24.452771" lon="111.161692"><time>2026-08-22T09:28:04.674Z</time></trkpt>
      <trkpt lat="24.45277" lon="111.161687"><time>2026-08-22T09:28:04.690Z</time></trkpt>
      <trkpt lat="24.45277" lon="111.161687"><time>2026-08-22T09:28:04.707Z</time></trkpt>
      <trkpt lat="24.45277" lon="111.161687"><time>2026-08-22T09:28:04.724Z</time></trkpt>
      <trkpt lat="24.45277" lon="111.161687"><time>2026-08-22T09:28:04.740Z</time></trkpt>
      <trkpt lat="24.45277" lon="111.161687"><time>2026-08-22T09:28:04.757Z</time></trkpt>
      <trkpt lat="24.45277" lon="111.161687"><time>2026-08-22T09:28:04.774Z</time></trkpt>
      <trkpt lat="24.452769" lon="111.161681"><time>2026-08-22T09:28:04.790Z</time></trkpt>
      <trkpt lat="24.452769" lon="111.161681"><time>2026-08-22T09:28:04.807Z</time></trkpt>
      <trkpt lat="24.452769" lon="111.161681"><time>2026-08-22T09:28:04.824Z</time></trkpt>
      <trkpt lat="24.452769" lon="111.161681"><time>2026-08-22T09:28:04.840Z</time></trkpt>
      <trkpt lat="24.452769" lon="111.161681"><time>2026-08-22T09:28:04.857Z</time></trkpt>
      <trkpt lat="24.452769" lon="111.161681"><time>2026-08-22T09:28:04.874Z</time></trkpt>
      <trkpt lat="24.452768" lon="111.161675"><time>2026-08-22T09:28:04.891Z</time></trkpt>
      <trkpt lat="24.452768" lon="111.161675"><time>2026-08-22T09:28:04.907Z</time></trkpt>
      <trkpt lat="24.452768" lon="111.161675"><time>2026-08-22T09:28:04.924Z</time></trkpt>
      <trkpt lat="24.452768" lon="111.161675"><time>2026-08-22T09:28:04.941Z</time></trkpt>
      <trkpt lat="24.452768" lon="111.161675"><time>2026-08-22T09:28:04.957Z</time></trkpt>
      <trkpt lat="24.452768" lon="111.161675"><time>2026-08-22T09:28:04.974Z</time></trkpt>
      <trkpt lat="24.452767" lon="111.16167"><time>2026-08-22T09:28:04.991Z</time></trkpt>
      <trkpt lat="24.452767" lon="111.16167"><time>2026-08-22T09:28:05.007Z</time></trkpt>
      <trkpt lat="24.452767" lon="111.16167"><time>2026-08-22T09:28:05.024Z</time></trkpt>
      <trkpt lat="24.452767" lon="111.16167"><time>2026-08-22T09:28:05.041Z</time></trkpt>
      <trkpt lat="24.452767" lon="111.16167"><time>2026-08-22T09:28:05.057Z</time></trkpt>
      <trkpt lat="24.452767" lon="111.16167"><time>2026-08-22T09:28:05.074Z</time></trkpt>
      <trkpt lat="24.452766" lon="111.161664"><time>2026-08-22T09:28:05.091Z</time></trkpt>
      <trkpt lat="24.452766" lon="111.161664"><time>2026-08-22T09:28:05.107Z</time></trkpt>
      <trkpt lat="24.452766" lon="111.161664"><time>2026-08-22T09:28:05.124Z</time></trkpt>
      <trkpt lat="24.452766" lon="111.161664"><time>2026-08-22T09:28:05.141Z</time></trkpt>
      <trkpt lat="24.452766" lon="111.161664"><time>2026-08-22T09:28:05.157Z</time></trkpt>
      <trkpt lat="24.452766" lon="111.161664"><time>2026-08-22T09:28:05.174Z</time></trkpt>
      <trkpt lat="24.452765" lon="111.161658"><time>2026-08-22T09:28:05.191Z</time></trkpt>
      <trkpt lat="24.452765" lon="111.161658"><time>2026-08-22T09:28:05.208Z</time></trkpt>
      <trkpt lat="24.452765" lon="111.161658"><time>2026-08-22T09:28:05.224Z</time></trkpt>
      <trkpt lat="24.452765" lon="111.161658"><time>2026-08-22T09:28:05.241Z</time></trkpt>
      <trkpt lat="24.452765" lon="111.161658"><time>2026-08-22T09:28:05.258Z</time></trkpt>
      <trkpt lat="24.452765" lon="111.161658"><time>2026-08-22T09:28:05.274Z</time></trkpt>
      <trkpt lat="24.452764" lon="111.161653"><time>2026-08-22T09:28:05.291Z</time></trkpt>
      <trkpt lat="24.452764" lon="111.161653"><time>2026-08-22T09:28:05.308Z</time></trkpt>
      <trkpt lat="24.452764" lon="111.161653"><time>2026-08-22T09:28:05.324Z</time></trkpt>
      <trkpt lat="24.452764" lon="111.161653"><time>2026-08-22T09:28:05.341Z</time></trkpt>
      <trkpt lat="24.452764" lon="111.161653"><time>2026-08-22T09:28:05.358Z</time></trkpt>
      <trkpt lat="24.452764" lon="111.161653"><time>2026-08-22T09:28:05.374Z</time></trkpt>
      <trkpt lat="24.452764" lon="111.161653"><time>2026-08-22T09:28:05.391Z</time></trkpt>
      <trkpt lat="24.452761" lon="111.161646"><time>2026-08-22T09:28:05.408Z</time></trkpt>
      <trkpt lat="24.452761" lon="111.161646"><time>2026-08-22T09:28:05.424Z</time></trkpt>
      <trkpt lat="24.452761" lon="111.161646"><time>2026-08-22T09:28:05.441Z</time></trkpt>
      <trkpt lat="24.452761" lon="111.161646"><time>2026-08-22T09:28:05.458Z</time></trkpt>
      <trkpt lat="24.452761" lon="111.161646"><time>2026-08-22T09:28:05.474Z</time></trkpt>
      <trkpt lat="24.45276" lon="111.161641"><time>2026-08-22T09:28:05.491Z</time></trkpt>
      <trkpt lat="24.45276" lon="111.161641"><time>2026-08-22T09:28:05.508Z</time></trkpt>
      <trkpt lat="24.45276" lon="111.161641"><time>2026-08-22T09:28:05.525Z</time></trkpt>
      <trkpt lat="24.45276" lon="111.161641"><time>2026-08-22T09:28:05.541Z</time></trkpt>
      <trkpt lat="24.45276" lon="111.161641"><time>2026-08-22T09:28:05.558Z</time></trkpt>
      <trkpt lat="24.45276" lon="111.161641"><time>2026-08-22T09:28:05.575Z</time></trkpt>
      <trkpt lat="24.452759" lon="111.161636"><time>2026-08-22T09:28:05.591Z</time></trkpt>
      <trkpt lat="24.452759" lon="111.161636"><time>2026-08-22T09:28:05.608Z</time></trkpt>
      <trkpt lat="24.452759" lon="111.161636"><time>2026-08-22T09:28:05.625Z</time></trkpt>
      <trkpt lat="24.452759" lon="111.161636"><time>2026-08-22T09:28:05.641Z</time></trkpt>
      <trkpt lat="24.452759" lon="111.161636"><time>2026-08-22T09:28:05.658Z</time></trkpt>
      <trkpt lat="24.452759" lon="111.161636"><time>2026-08-22T09:28:05.675Z</time></trkpt>
      <trkpt lat="24.452758" lon="111.161631"><time>2026-08-22T09:28:05.691Z</time></trkpt>
      <trkpt lat="24.452758" lon="111.161631"><time>2026-08-22T09:28:05.708Z</time></trkpt>
      <trkpt lat="24.452758" lon="111.161631"><time>2026-08-22T09:28:05.725Z</time></trkpt>
      <trkpt lat="24.452758" lon="111.161631"><time>2026-08-22T09:28:05.741Z</time></trkpt>
      <trkpt lat="24.452758" lon="111.161631"><time>2026-08-22T09:28:05.758Z</time></trkpt>
      <trkpt lat="24.452758" lon="111.161631"><time>2026-08-22T09:28:05.775Z</time></trkpt>
      <trkpt lat="24.452758" lon="111.161627"><time>2026-08-22T09:28:05.791Z</time></trkpt>
      <trkpt lat="24.452758" lon="111.161627"><time>2026-08-22T09:28:05.808Z</time></trkpt>
      <trkpt lat="24.452758" lon="111.161627"><time>2026-08-22T09:28:05.825Z</time></trkpt>
      <trkpt lat="24.452758" lon="111.161627"><time>2026-08-22T09:28:05.842Z</time></trkpt>
      <trkpt lat="24.452758" lon="111.161627"><time>2026-08-22T09:28:05.858Z</time></trkpt>
      <trkpt lat="24.452758" lon="111.161627"><time>2026-08-22T09:28:05.875Z</time></trkpt>
      <trkpt lat="24.452757" lon="111.161624"><time>2026-08-22T09:28:05.892Z</time></trkpt>
      <trkpt lat="24.452757" lon="111.161624"><time>2026-08-22T09:28:05.908Z</time></trkpt>
      <trkpt lat="24.452757" lon="111.161624"><time>2026-08-22T09:28:05.925Z</time></trkpt>
      <trkpt lat="24.452757" lon="111.161624"><time>2026-08-22T09:28:05.942Z</time></trkpt>
      <trkpt lat="24.452757" lon="111.161624"><time>2026-08-22T09:28:05.958Z</time></trkpt>
      <trkpt lat="24.452757" lon="111.161624"><time>2026-08-22T09:28:05.975Z</time></trkpt>
      <trkpt lat="24.452757" lon="111.161621"><time>2026-08-22T09:28:05.992Z</time></trkpt>
      <trkpt lat="24.452757" lon="111.161621"><time>2026-08-22T09:28:06.008Z</time></trkpt>
      <trkpt lat="24.452757" lon="111.161621"><time>2026-08-22T09:28:06.025Z</time></trkpt>
      <trkpt lat="24.452757" lon="111.161621"><time>2026-08-22T09:28:06.042Z</time></trkpt>
      <trkpt lat="24.452757" lon="111.161621"><time>2026-08-22T09:28:06.058Z</time></trkpt>
      <trkpt lat="24.452757" lon="111.161621"><time>2026-08-22T09:28:06.075Z</time></trkpt>
      <trkpt lat="24.452757" lon="111.161618"><time>2026-08-22T09:28:06.092Z</time></trkpt>
      <trkpt lat="24.452757" lon="111.161618"><time>2026-08-22T09:28:06.108Z</time></trkpt>
      <trkpt lat="24.452757" lon="111.161618"><time>2026-08-22T09:28:06.125Z</time></trkpt>
      <trkpt lat="24.452757" lon="111.161618"><time>2026-08-22T09:28:06.142Z</time></trkpt>
      <trkpt lat="24.452757" lon="111.161618"><time>2026-08-22T09:28:06.158Z</time></trkpt>
      <trkpt lat="24.452757" lon="111.161618"><time>2026-08-22T09:28:06.175Z</time></trkpt>
      <trkpt lat="24.452757" lon="111.161616"><time>2026-08-22T09:28:06.192Z</time></trkpt>
      <trkpt lat="24.452757" lon="111.161616"><time>2026-08-22T09:28:06.209Z</time></trkpt>
      <trkpt lat="24.452757" lon="111.161616"><time>2026-08-22T09:28:06.225Z</time></trkpt>
      <trkpt lat="24.452757" lon="111.161616"><time>2026-08-22T09:28:06.242Z</time></trkpt>
      <trkpt lat="24.452757" lon="111.161616"><time>2026-08-22T09:28:06.259Z</time></trkpt>
      <trkpt lat="24.452757" lon="111.161616"><time>2026-08-22T09:28:06.275Z</time></trkpt>
      <trkpt lat="24.452758" lon="111.161615"><time>2026-08-22T09:28:06.292Z</time></trkpt>
      <trkpt lat="24.452758" lon="111.161615"><time>2026-08-22T09:28:06.309Z</time></trkpt>
      <trkpt lat="24.452758" lon="111.161615"><time>2026-08-22T09:28:06.325Z</time></trkpt>
      <trkpt lat="24.452758" lon="111.161615"><time>2026-08-22T09:28:06.342Z</time></trkpt>
      <trkpt lat="24.452758" lon="111.161615"><time>2026-08-22T09:28:06.359Z</time></trkpt>
      <trkpt lat="24.452758" lon="111.161615"><time>2026-08-22T09:28:06.375Z</time></trkpt>
      <trkpt lat="24.452759" lon="111.161614"><time>2026-08-22T09:28:06.392Z</time></trkpt>
      <trkpt lat="24.452759" lon="111.161614"><time>2026-08-22T09:28:06.409Z</time></trkpt>
      <trkpt lat="24.452759" lon="111.161614"><time>2026-08-22T09:28:06.425Z</time></trkpt>
      <trkpt lat="24.452759" lon="111.161614"><time>2026-08-22T09:28:06.442Z</time></trkpt>
      <trkpt lat="24.452759" lon="111.161614"><time>2026-08-22T09:28:06.459Z</time></trkpt>
      <trkpt lat="24.452759" lon="111.161614"><time>2026-08-22T09:28:06.475Z</time></trkpt>
      <trkpt lat="24.45276" lon="111.161613"><time>2026-08-22T09:28:06.492Z</time></trkpt>
      <trkpt lat="24.45276" lon="111.161613"><time>2026-08-22T09:28:06.509Z</time></trkpt>
      <trkpt lat="24.45276" lon="111.161613"><time>2026-08-22T09:28:06.526Z</time></trkpt>
      <trkpt lat="24.45276" lon="111.161613"><time>2026-08-22T09:28:06.542Z</time></trkpt>
      <trkpt lat="24.45276" lon="111.161613"><time>2026-08-22T09:28:06.559Z</time></trkpt>
      <trkpt lat="24.45276" lon="111.161613"><time>2026-08-22T09:28:06.576Z</time></trkpt>
      <trkpt lat="24.452762" lon="111.161613"><time>2026-08-22T09:28:06.592Z</time></trkpt>
      <trkpt lat="24.452762" lon="111.161613"><time>2026-08-22T09:28:06.609Z</time></trkpt>
      <trkpt lat="24.452762" lon="111.161613"><time>2026-08-22T09:28:06.626Z</time></trkpt>
      <trkpt lat="24.452762" lon="111.161613"><time>2026-08-22T09:28:06.642Z</time></trkpt>
      <trkpt lat="24.452762" lon="111.161613"><time>2026-08-22T09:28:06.659Z</time></trkpt>
      <trkpt lat="24.452762" lon="111.161613"><time>2026-08-22T09:28:06.676Z</time></trkpt>
      <trkpt lat="24.452764" lon="111.161612"><time>2026-08-22T09:28:06.692Z</time></trkpt>
      <trkpt lat="24.452764" lon="111.161612"><time>2026-08-22T09:28:06.709Z</time></trkpt>
      <trkpt lat="24.452764" lon="111.161612"><time>2026-08-22T09:28:06.726Z</time></trkpt>
      <trkpt lat="24.452764" lon="111.161612"><time>2026-08-22T09:28:06.742Z</time></trkpt>
      <trkpt lat="24.452764" lon="111.161612"><time>2026-08-22T09:28:06.759Z</time></trkpt>
      <trkpt lat="24.452764" lon="111.161612"><time>2026-08-22T09:28:06.776Z</time></trkpt>
      <trkpt lat="24.452766" lon="111.161613"><time>2026-08-22T09:28:06.792Z</time></trkpt>
      <trkpt lat="24.452766" lon="111.161613"><time>2026-08-22T09:28:06.809Z</time></trkpt>
      <trkpt lat="24.452766" lon="111.161613"><time>2026-08-22T09:28:06.826Z</time></trkpt>
      <trkpt lat="24.452766" lon="111.161613"><time>2026-08-22T09:28:06.843Z</time></trkpt>
      <trkpt lat="24.452766" lon="111.161613"><time>2026-08-22T09:28:06.859Z</time></trkpt>
      <trkpt lat="24.452766" lon="111.161613"><time>2026-08-22T09:28:06.876Z</time></trkpt>
      <trkpt lat="24.452769" lon="111.161613"><time>2026-08-22T09:28:06.893Z</time></trkpt>
      <trkpt lat="24.452769" lon="111.161613"><time>2026-08-22T09:28:06.909Z</time></trkpt>
      <trkpt lat="24.452769" lon="111.161613"><time>2026-08-22T09:28:06.926Z</time></trkpt>
      <trkpt lat="24.452769" lon="111.161613"><time>2026-08-22T09:28:06.943Z</time></trkpt>
      <trkpt lat="24.452769" lon="111.161613"><time>2026-08-22T09:28:06.959Z</time></trkpt>
      <trkpt lat="24.452769" lon="111.161613"><time>2026-08-22T09:28:06.976Z</time></trkpt>
      <trkpt lat="24.452772" lon="111.161614"><time>2026-08-22T09:28:06.993Z</time></trkpt>
      <trkpt lat="24.452772" lon="111.161614"><time>2026-08-22T09:28:07.009Z</time></trkpt>
      <trkpt lat="24.452772" lon="111.161614"><time>2026-08-22T09:28:07.026Z</time></trkpt>
      <trkpt lat="24.452772" lon="111.161614"><time>2026-08-22T09:28:07.043Z</time></trkpt>
      <trkpt lat="24.452772" lon="111.161614"><time>2026-08-22T09:28:07.059Z</time></trkpt>
      <trkpt lat="24.452772" lon="111.161614"><time>2026-08-22T09:28:07.076Z</time></trkpt>
      <trkpt lat="24.452776" lon="111.161616"><time>2026-08-22T09:28:07.093Z</time></trkpt>
      <trkpt lat="24.452776" lon="111.161616"><time>2026-08-22T09:28:07.109Z</time></trkpt>
      <trkpt lat="24.452776" lon="111.161616"><time>2026-08-22T09:28:07.126Z</time></trkpt>
      <trkpt lat="24.452776" lon="111.161616"><time>2026-08-22T09:28:07.143Z</time></trkpt>
      <trkpt lat="24.452776" lon="111.161616"><time>2026-08-22T09:28:07.160Z</time></trkpt>
      <trkpt lat="24.452776" lon="111.161616"><time>2026-08-22T09:28:07.176Z</time></trkpt>
      <trkpt lat="24.452779" lon="111.161617"><time>2026-08-22T09:28:07.193Z</time></trkpt>
      <trkpt lat="24.452779" lon="111.161617"><time>2026-08-22T09:28:07.210Z</time></trkpt>
      <trkpt lat="24.452779" lon="111.161617"><time>2026-08-22T09:28:07.226Z</time></trkpt>
      <trkpt lat="24.452779" lon="111.161617"><time>2026-08-22T09:28:07.243Z</time></trkpt>
      <trkpt lat="24.452779" lon="111.161617"><time>2026-08-22T09:28:07.260Z</time></trkpt>
      <trkpt lat="24.452779" lon="111.161617"><time>2026-08-22T09:28:07.276Z</time></trkpt>
      <trkpt lat="24.452783" lon="111.16162"><time>2026-08-22T09:28:07.293Z</time></trkpt>
      <trkpt lat="24.452783" lon="111.16162"><time>2026-08-22T09:28:07.310Z</time></trkpt>
      <trkpt lat="24.452783" lon="111.16162"><time>2026-08-22T09:28:07.326Z</time></trkpt>
      <trkpt lat="24.452783" lon="111.16162"><time>2026-08-22T09:28:07.343Z</time></trkpt>
      <trkpt lat="24.452783" lon="111.16162"><time>2026-08-22T09:28:07.360Z</time></trkpt>
      <trkpt lat="24.452783" lon="111.16162"><time>2026-08-22T09:28:07.376Z</time></trkpt>
      <trkpt lat="24.452787" lon="111.161623"><time>2026-08-22T09:28:07.393Z</time></trkpt>
      <trkpt lat="24.452787" lon="111.161623"><time>2026-08-22T09:28:07.410Z</time></trkpt>
      <trkpt lat="24.452787" lon="111.161623"><time>2026-08-22T09:28:07.426Z</time></trkpt>
      <trkpt lat="24.452787" lon="111.161623"><time>2026-08-22T09:28:07.443Z</time></trkpt>
      <trkpt lat="24.452787" lon="111.161623"><time>2026-08-22T09:28:07.460Z</time></trkpt>
      <trkpt lat="24.452787" lon="111.161623"><time>2026-08-22T09:28:07.477Z</time></trkpt>
      <trkpt lat="24.452791" lon="111.161626"><time>2026-08-22T09:28:07.493Z</time></trkpt>
      <trkpt lat="24.452791" lon="111.161626"><time>2026-08-22T09:28:07.510Z</time></trkpt>
      <trkpt lat="24.452791" lon="111.161626"><time>2026-08-22T09:28:07.527Z</time></trkpt>
      <trkpt lat="24.452791" lon="111.161626"><time>2026-08-22T09:28:07.543Z</time></trkpt>
      <trkpt lat="24.452791" lon="111.161626"><time>2026-08-22T09:28:07.560Z</time></trkpt>
      <trkpt lat="24.452791" lon="111.161626"><time>2026-08-22T09:28:07.577Z</time></trkpt>
      <trkpt lat="24.452796" lon="111.16163"><time>2026-08-22T09:28:07.593Z</time></trkpt>
      <trkpt lat="24.452796" lon="111.16163"><time>2026-08-22T09:28:07.610Z</time></trkpt>
      <trkpt lat="24.452796" lon="111.16163"><time>2026-08-22T09:28:07.627Z</time></trkpt>
      <trkpt lat="24.452796" lon="111.16163"><time>2026-08-22T09:28:07.643Z</time></trkpt>
      <trkpt lat="24.452796" lon="111.16163"><time>2026-08-22T09:28:07.660Z</time></trkpt>
      <trkpt lat="24.452796" lon="111.16163"><time>2026-08-22T09:28:07.677Z</time></trkpt>
      <trkpt lat="24.452801" lon="111.161634"><time>2026-08-22T09:28:07.693Z</time></trkpt>
      <trkpt lat="24.452801" lon="111.161634"><time>2026-08-22T09:28:07.710Z</time></trkpt>
      <trkpt lat="24.452801" lon="111.161634"><time>2026-08-22T09:28:07.727Z</time></trkpt>
      <trkpt lat="24.452801" lon="111.161634"><time>2026-08-22T09:28:07.743Z</time></trkpt>
      <trkpt lat="24.452801" lon="111.161634"><time>2026-08-22T09:28:07.760Z</time></trkpt>
      <trkpt lat="24.452801" lon="111.161634"><time>2026-08-22T09:28:07.777Z</time></trkpt>
      <trkpt lat="24.452806" lon="111.161638"><time>2026-08-22T09:28:07.794Z</time></trkpt>
      <trkpt lat="24.452806" lon="111.161638"><time>2026-08-22T09:28:07.810Z</time></trkpt>
      <trkpt lat="24.452806" lon="111.161638"><time>2026-08-22T09:28:07.827Z</time></trkpt>
      <trkpt lat="24.452806" lon="111.161638"><time>2026-08-22T09:28:07.844Z</time></trkpt>
      <trkpt lat="24.452806" lon="111.161638"><time>2026-08-22T09:28:07.860Z</time></trkpt>
      <trkpt lat="24.452806" lon="111.161638"><time>2026-08-22T09:28:07.877Z</time></trkpt>
      <trkpt lat="24.452811" lon="111.161643"><time>2026-08-22T09:28:07.894Z</time></trkpt>
      <trkpt lat="24.452811" lon="111.161643"><time>2026-08-22T09:28:07.910Z</time></trkpt>
      <trkpt lat="24.452811" lon="111.161643"><time>2026-08-22T09:28:07.927Z</time></trkpt>
      <trkpt lat="24.452811" lon="111.161643"><time>2026-08-22T09:28:07.944Z</time></trkpt>
      <trkpt lat="24.452811" lon="111.161643"><time>2026-08-22T09:28:07.960Z</time></trkpt>
      <trkpt lat="24.452811" lon="111.161643"><time>2026-08-22T09:28:07.977Z</time></trkpt>
      <trkpt lat="24.452817" lon="111.161648"><time>2026-08-22T09:28:07.994Z</time></trkpt>
      <trkpt lat="24.452817" lon="111.161648"><time>2026-08-22T09:28:08.010Z</time></trkpt>
      <trkpt lat="24.452817" lon="111.161648"><time>2026-08-22T09:28:08.027Z</time></trkpt>
      <trkpt lat="24.452817" lon="111.161648"><time>2026-08-22T09:28:08.044Z</time></trkpt>
      <trkpt lat="24.452817" lon="111.161648"><time>2026-08-22T09:28:08.060Z</time></trkpt>
      <trkpt lat="24.452817" lon="111.161648"><time>2026-08-22T09:28:08.077Z</time></trkpt>
      <trkpt lat="24.452823" lon="111.161653"><time>2026-08-22T09:28:08.094Z</time></trkpt>
      <trkpt lat="24.452823" lon="111.161653"><time>2026-08-22T09:28:08.111Z</time></trkpt>
      <trkpt lat="24.452823" lon="111.161653"><time>2026-08-22T09:28:08.127Z</time></trkpt>
      <trkpt lat="24.452823" lon="111.161653"><time>2026-08-22T09:28:08.144Z</time></trkpt>
      <trkpt lat="24.452823" lon="111.161653"><time>2026-08-22T09:28:08.161Z</time></trkpt>
      <trkpt lat="24.452823" lon="111.161653"><time>2026-08-22T09:28:08.177Z</time></trkpt>
      <trkpt lat="24.452829" lon="111.161658"><time>2026-08-22T09:28:08.194Z</time></trkpt>
      <trkpt lat="24.452829" lon="111.161658"><time>2026-08-22T09:28:08.211Z</time></trkpt>
      <trkpt lat="24.452829" lon="111.161658"><time>2026-08-22T09:28:08.227Z</time></trkpt>
      <trkpt lat="24.452829" lon="111.161658"><time>2026-08-22T09:28:08.244Z</time></trkpt>
      <trkpt lat="24.452829" lon="111.161658"><time>2026-08-22T09:28:08.261Z</time></trkpt>
      <trkpt lat="24.452829" lon="111.161658"><time>2026-08-22T09:28:08.277Z</time></trkpt>
      <trkpt lat="24.452835" lon="111.161664"><time>2026-08-22T09:28:08.294Z</time></trkpt>
      <trkpt lat="24.452835" lon="111.161664"><time>2026-08-22T09:28:08.311Z</time></trkpt>
      <trkpt lat="24.452835" lon="111.161664"><time>2026-08-22T09:28:08.327Z</time></trkpt>
      <trkpt lat="24.452835" lon="111.161664"><time>2026-08-22T09:28:08.344Z</time></trkpt>
      <trkpt lat="24.452835" lon="111.161664"><time>2026-08-22T09:28:08.361Z</time></trkpt>
      <trkpt lat="24.452835" lon="111.161664"><time>2026-08-22T09:28:08.377Z</time></trkpt>
      <trkpt lat="24.452842" lon="111.16167"><time>2026-08-22T09:28:08.394Z</time></trkpt>
      <trkpt lat="24.452842" lon="111.16167"><time>2026-08-22T09:28:08.411Z</time></trkpt>
      <trkpt lat="24.452842" lon="111.16167"><time>2026-08-22T09:28:08.428Z</time></trkpt>
      <trkpt lat="24.452842" lon="111.16167"><time>2026-08-22T09:28:08.444Z</time></trkpt>
      <trkpt lat="24.452842" lon="111.16167"><time>2026-08-22T09:28:08.461Z</time></trkpt>
      <trkpt lat="24.452842" lon="111.16167"><time>2026-08-22T09:28:08.478Z</time></trkpt>
      <trkpt lat="24.452849" lon="111.161676"><time>2026-08-22T09:28:08.494Z</time></trkpt>
      <trkpt lat="24.452849" lon="111.161676"><time>2026-08-22T09:28:08.511Z</time></trkpt>
      <trkpt lat="24.452849" lon="111.161676"><time>2026-08-22T09:28:08.528Z</time></trkpt>
      <trkpt lat="24.452849" lon="111.161676"><time>2026-08-22T09:28:08.544Z</time></trkpt>
      <trkpt lat="24.452849" lon="111.161676"><time>2026-08-22T09:28:08.561Z</time></trkpt>
      <trkpt lat="24.452849" lon="111.161676"><time>2026-08-22T09:28:08.578Z</time></trkpt>
      <trkpt lat="24.452855" lon="111.161682"><time>2026-08-22T09:28:08.594Z</time></trkpt>
      <trkpt lat="24.452855" lon="111.161682"><time>2026-08-22T09:28:08.611Z</time></trkpt>
      <trkpt lat="24.452855" lon="111.161682"><time>2026-08-22T09:28:08.628Z</time></trkpt>
      <trkpt lat="24.452855" lon="111.161682"><time>2026-08-22T09:28:08.644Z</time></trkpt>
      <trkpt lat="24.452855" lon="111.161682"><time>2026-08-22T09:28:08.661Z</time></trkpt>
      <trkpt lat="24.452855" lon="111.161682"><time>2026-08-22T09:28:08.678Z</time></trkpt>
      <trkpt lat="24.452862" lon="111.161688"><time>2026-08-22T09:28:08.694Z</time></trkpt>
      <trkpt lat="24.452862" lon="111.161688"><time>2026-08-22T09:28:08.711Z</time></trkpt>
      <trkpt lat="24.452862" lon="111.161688"><time>2026-08-22T09:28:08.728Z</time></trkpt>
      <trkpt lat="24.452862" lon="111.161688"><time>2026-08-22T09:28:08.745Z</time></trkpt>
      <trkpt lat="24.452862" lon="111.161688"><time>2026-08-22T09:28:08.761Z</time></trkpt>
      <trkpt lat="24.452862" lon="111.161688"><time>2026-08-22T09:28:08.778Z</time></trkpt>
      <trkpt lat="24.452869" lon="111.161694"><time>2026-08-22T09:28:08.795Z</time></trkpt>
      <trkpt lat="24.452869" lon="111.161694"><time>2026-08-22T09:28:08.811Z</time></trkpt>
      <trkpt lat="24.452869" lon="111.161694"><time>2026-08-22T09:28:08.828Z</time></trkpt>
      <trkpt lat="24.452869" lon="111.161694"><time>2026-08-22T09:28:08.845Z</time></trkpt>
      <trkpt lat="24.452869" lon="111.161694"><time>2026-08-22T09:28:08.861Z</time></trkpt>
      <trkpt lat="24.452869" lon="111.161694"><time>2026-08-22T09:28:08.878Z</time></trkpt>
      <trkpt lat="24.452875" lon="111.1617"><time>2026-08-22T09:28:08.895Z</time></trkpt>
      <trkpt lat="24.452875" lon="111.1617"><time>2026-08-22T09:28:08.911Z</time></trkpt>
      <trkpt lat="24.452875" lon="111.1617"><time>2026-08-22T09:28:08.928Z</time></trkpt>
      <trkpt lat="24.452875" lon="111.1617"><time>2026-08-22T09:28:08.945Z</time></trkpt>
      <trkpt lat="24.452875" lon="111.1617"><time>2026-08-22T09:28:08.961Z</time></trkpt>
      <trkpt lat="24.452875" lon="111.1617"><time>2026-08-22T09:28:08.978Z</time></trkpt>
      <trkpt lat="24.452881" lon="111.161706"><time>2026-08-22T09:28:08.995Z</time></trkpt>
      <trkpt lat="24.452881" lon="111.161706"><time>2026-08-22T09:28:09.011Z</time></trkpt>
      <trkpt lat="24.452881" lon="111.161706"><time>2026-08-22T09:28:09.028Z</time></trkpt>
      <trkpt lat="24.452881" lon="111.161706"><time>2026-08-22T09:28:09.045Z</time></trkpt>
      <trkpt lat="24.452881" lon="111.161706"><time>2026-08-22T09:28:09.062Z</time></trkpt>
      <trkpt lat="24.452881" lon="111.161706"><time>2026-08-22T09:28:09.078Z</time></trkpt>
      <trkpt lat="24.452888" lon="111.161712"><time>2026-08-22T09:28:09.095Z</time></trkpt>
      <trkpt lat="24.452888" lon="111.161712"><time>2026-08-22T09:28:09.112Z</time></trkpt>
      <trkpt lat="24.452888" lon="111.161712"><time>2026-08-22T09:28:09.128Z</time></trkpt>
      <trkpt lat="24.452888" lon="111.161712"><time>2026-08-22T09:28:09.145Z</time></trkpt>
      <trkpt lat="24.452888" lon="111.161712"><time>2026-08-22T09:28:09.162Z</time></trkpt>
      <trkpt lat="24.452888" lon="111.161712"><time>2026-08-22T09:28:09.178Z</time></trkpt>
      <trkpt lat="24.452894" lon="111.161718"><time>2026-08-22T09:28:09.195Z</time></trkpt>
      <trkpt lat="24.452894" lon="111.161718"><time>2026-08-22T09:28:09.212Z</time></trkpt>
      <trkpt lat="24.452894" lon="111.161718"><time>2026-08-22T09:28:09.228Z</time></trkpt>
      <trkpt lat="24.452894" lon="111.161718"><time>2026-08-22T09:28:09.245Z</time></trkpt>
      <trkpt lat="24.452894" lon="111.161718"><time>2026-08-22T09:28:09.262Z</time></trkpt>
      <trkpt lat="24.452894" lon="111.161718"><time>2026-08-22T09:28:09.278Z</time></trkpt>
      <trkpt lat="24.4529" lon="111.161725"><time>2026-08-22T09:28:09.295Z</time></trkpt>
      <trkpt lat="24.4529" lon="111.161725"><time>2026-08-22T09:28:09.312Z</time></trkpt>
      <trkpt lat="24.4529" lon="111.161725"><time>2026-08-22T09:28:09.328Z</time></trkpt>
      <trkpt lat="24.4529" lon="111.161725"><time>2026-08-22T09:28:09.345Z</time></trkpt>
      <trkpt lat="24.4529" lon="111.161725"><time>2026-08-22T09:28:09.362Z</time></trkpt>
      <trkpt lat="24.4529" lon="111.161725"><time>2026-08-22T09:28:09.379Z</time></trkpt>
      <trkpt lat="24.452906" lon="111.161731"><time>2026-08-22T09:28:09.395Z</time></trkpt>
      <trkpt lat="24.452906" lon="111.161731"><time>2026-08-22T09:28:09.412Z</time></trkpt>
      <trkpt lat="24.452906" lon="111.161731"><time>2026-08-22T09:28:09.429Z</time></trkpt>
      <trkpt lat="24.452906" lon="111.161731"><time>2026-08-22T09:28:09.445Z</time></trkpt>
      <trkpt lat="24.452906" lon="111.161731"><time>2026-08-22T09:28:09.462Z</time></trkpt>
      <trkpt lat="24.452906" lon="111.161731"><time>2026-08-22T09:28:09.479Z</time></trkpt>
      <trkpt lat="24.452912" lon="111.161738"><time>2026-08-22T09:28:09.495Z</time></trkpt>
      <trkpt lat="24.452912" lon="111.161738"><time>2026-08-22T09:28:09.512Z</time></trkpt>
      <trkpt lat="24.452912" lon="111.161738"><time>2026-08-22T09:28:09.529Z</time></trkpt>
      <trkpt lat="24.452912" lon="111.161738"><time>2026-08-22T09:28:09.545Z</time></trkpt>
      <trkpt lat="24.452912" lon="111.161738"><time>2026-08-22T09:28:09.562Z</time></trkpt>
      <trkpt lat="24.452912" lon="111.161738"><time>2026-08-22T09:28:09.579Z</time></trkpt>
      <trkpt lat="24.452919" lon="111.161745"><time>2026-08-22T09:28:09.595Z</time></trkpt>
      <trkpt lat="24.452919" lon="111.161745"><time>2026-08-22T09:28:09.612Z</time></trkpt>
      <trkpt lat="24.452919" lon="111.161745"><time>2026-08-22T09:28:09.629Z</time></trkpt>
      <trkpt lat="24.452919" lon="111.161745"><time>2026-08-22T09:28:09.645Z</time></trkpt>
      <trkpt lat="24.452919" lon="111.161745"><time>2026-08-22T09:28:09.662Z</time></trkpt>
      <trkpt lat="24.452919" lon="111.161745"><time>2026-08-22T09:28:09.679Z</time></trkpt>
      <trkpt lat="24.452925" lon="111.161752"><time>2026-08-22T09:28:09.696Z</time></trkpt>
      <trkpt lat="24.452925" lon="111.161752"><time>2026-08-22T09:28:09.712Z</time></trkpt>
      <trkpt lat="24.452925" lon="111.161752"><time>2026-08-22T09:28:09.729Z</time></trkpt>
      <trkpt lat="24.452925" lon="111.161752"><time>2026-08-22T09:28:09.746Z</time></trkpt>
      <trkpt lat="24.452925" lon="111.161752"><time>2026-08-22T09:28:09.762Z</time></trkpt>
      <trkpt lat="24.452925" lon="111.161752"><time>2026-08-22T09:28:09.779Z</time></trkpt>
      <trkpt lat="24.452932" lon="111.161759"><time>2026-08-22T09:28:09.796Z</time></trkpt>
      <trkpt lat="24.452932" lon="111.161759"><time>2026-08-22T09:28:09.812Z</time></trkpt>
      <trkpt lat="24.452932" lon="111.161759"><time>2026-08-22T09:28:09.829Z</time></trkpt>
      <trkpt lat="24.452932" lon="111.161759"><time>2026-08-22T09:28:09.846Z</time></trkpt>
      <trkpt lat="24.452932" lon="111.161759"><time>2026-08-22T09:28:09.862Z</time></trkpt>
      <trkpt lat="24.452932" lon="111.161759"><time>2026-08-22T09:28:09.879Z</time></trkpt>
      <trkpt lat="24.452939" lon="111.161767"><time>2026-08-22T09:28:09.896Z</time></trkpt>
      <trkpt lat="24.452939" lon="111.161767"><time>2026-08-22T09:28:09.912Z</time></trkpt>
      <trkpt lat="24.452939" lon="111.161767"><time>2026-08-22T09:28:09.929Z</time></trkpt>
      <trkpt lat="24.452939" lon="111.161767"><time>2026-08-22T09:28:09.946Z</time></trkpt>
      <trkpt lat="24.452939" lon="111.161767"><time>2026-08-22T09:28:09.962Z</time></trkpt>
      <trkpt lat="24.452939" lon="111.161767"><time>2026-08-22T09:28:09.979Z</time></trkpt>
      <trkpt lat="24.452946" lon="111.161775"><time>2026-08-22T09:28:09.996Z</time></trkpt>
      <trkpt lat="24.452946" lon="111.161775"><time>2026-08-22T09:28:10.013Z</time></trkpt>
      <trkpt lat="24.452946" lon="111.161775"><time>2026-08-22T09:28:10.029Z</time></trkpt>
      <trkpt lat="24.452946" lon="111.161775"><time>2026-08-22T09:28:10.046Z</time></trkpt>
      <trkpt lat="24.452946" lon="111.161775"><time>2026-08-22T09:28:10.063Z</time></trkpt>
      <trkpt lat="24.452946" lon="111.161775"><time>2026-08-22T09:28:10.079Z</time></trkpt>
      <trkpt lat="24.452954" lon="111.161783"><time>2026-08-22T09:28:10.096Z</time></trkpt>
      <trkpt lat="24.452954" lon="111.161783"><time>2026-08-22T09:28:10.113Z</time></trkpt>
      <trkpt lat="24.452954" lon="111.161783"><time>2026-08-22T09:28:10.129Z</time></trkpt>
      <trkpt lat="24.452954" lon="111.161783"><time>2026-08-22T09:28:10.146Z</time></trkpt>
      <trkpt lat="24.452954" lon="111.161783"><time>2026-08-22T09:28:10.163Z</time></trkpt>
      <trkpt lat="24.452954" lon="111.161783"><time>2026-08-22T09:28:10.179Z</time></trkpt>
      <trkpt lat="24.452961" lon="111.161791"><time>2026-08-22T09:28:10.196Z</time></trkpt>
      <trkpt lat="24.452961" lon="111.161791"><time>2026-08-22T09:28:10.213Z</time></trkpt>
      <trkpt lat="24.452961" lon="111.161791"><time>2026-08-22T09:28:10.229Z</time></trkpt>
      <trkpt lat="24.452961" lon="111.161791"><time>2026-08-22T09:28:10.246Z</time></trkpt>
      <trkpt lat="24.452961" lon="111.161791"><time>2026-08-22T09:28:10.263Z</time></trkpt>
      <trkpt lat="24.452961" lon="111.161791"><time>2026-08-22T09:28:10.279Z</time></trkpt>
      <trkpt lat="24.452968" lon="111.161799"><time>2026-08-22T09:28:10.296Z</time></trkpt>
      <trkpt lat="24.452968" lon="111.161799"><time>2026-08-22T09:28:10.313Z</time></trkpt>
      <trkpt lat="24.452968" lon="111.161799"><time>2026-08-22T09:28:10.330Z</time></trkpt>
      <trkpt lat="24.452968" lon="111.161799"><time>2026-08-22T09:28:10.346Z</time></trkpt>
      <trkpt lat="24.452968" lon="111.161799"><time>2026-08-22T09:28:10.363Z</time></trkpt>
      <trkpt lat="24.452968" lon="111.161799"><time>2026-08-22T09:28:10.380Z</time></trkpt>
      <trkpt lat="24.452976" lon="111.161807"><time>2026-08-22T09:28:10.396Z</time></trkpt>
      <trkpt lat="24.452976" lon="111.161807"><time>2026-08-22T09:28:10.413Z</time></trkpt>
      <trkpt lat="24.452976" lon="111.161807"><time>2026-08-22T09:28:10.430Z</time></trkpt>
      <trkpt lat="24.452976" lon="111.161807"><time>2026-08-22T09:28:10.446Z</time></trkpt>
      <trkpt lat="24.452976" lon="111.161807"><time>2026-08-22T09:28:10.463Z</time></trkpt>
      <trkpt lat="24.452976" lon="111.161807"><time>2026-08-22T09:28:10.480Z</time></trkpt>
      <trkpt lat="24.452983" lon="111.161815"><time>2026-08-22T09:28:10.496Z</time></trkpt>
      <trkpt lat="24.452983" lon="111.161815"><time>2026-08-22T09:28:10.513Z</time></trkpt>
      <trkpt lat="24.452983" lon="111.161815"><time>2026-08-22T09:28:10.530Z</time></trkpt>
      <trkpt lat="24.452983" lon="111.161815"><time>2026-08-22T09:28:10.546Z</time></trkpt>
      <trkpt lat="24.452983" lon="111.161815"><time>2026-08-22T09:28:10.563Z</time></trkpt>
      <trkpt lat="24.452983" lon="111.161815"><time>2026-08-22T09:28:10.580Z</time></trkpt>
      <trkpt lat="24.45299" lon="111.161823"><time>2026-08-22T09:28:10.596Z</time></trkpt>
      <trkpt lat="24.45299" lon="111.161823"><time>2026-08-22T09:28:10.613Z</time></trkpt>
      <trkpt lat="24.45299" lon="111.161823"><time>2026-08-22T09:28:10.630Z</time></trkpt>
      <trkpt lat="24.45299" lon="111.161823"><time>2026-08-22T09:28:10.647Z</time></trkpt>
      <trkpt lat="24.45299" lon="111.161823"><time>2026-08-22T09:28:10.663Z</time></trkpt>
      <trkpt lat="24.45299" lon="111.161823"><time>2026-08-22T09:28:10.680Z</time></trkpt>
      <trkpt lat="24.452997" lon="111.161831"><time>2026-08-22T09:28:10.697Z</time></trkpt>
      <trkpt lat="24.452997" lon="111.161831"><time>2026-08-22T09:28:10.713Z</time></trkpt>
      <trkpt lat="24.452997" lon="111.161831"><time>2026-08-22T09:28:10.730Z</time></trkpt>
      <trkpt lat="24.452997" lon="111.161831"><time>2026-08-22T09:28:10.747Z</time></trkpt>
      <trkpt lat="24.452997" lon="111.161831"><time>2026-08-22T09:28:10.763Z</time></trkpt>
      <trkpt lat="24.452997" lon="111.161831"><time>2026-08-22T09:28:10.780Z</time></trkpt>
      <trkpt lat="24.453004" lon="111.161839"><time>2026-08-22T09:28:10.797Z</time></trkpt>
      <trkpt lat="24.453004" lon="111.161839"><time>2026-08-22T09:28:10.813Z</time></trkpt>
      <trkpt lat="24.453004" lon="111.161839"><time>2026-08-22T09:28:10.830Z</time></trkpt>
      <trkpt lat="24.453004" lon="111.161839"><time>2026-08-22T09:28:10.847Z</time></trkpt>
      <trkpt lat="24.453004" lon="111.161839"><time>2026-08-22T09:28:10.863Z</time></trkpt>
      <trkpt lat="24.453004" lon="111.161839"><time>2026-08-22T09:28:10.880Z</time></trkpt>
      <trkpt lat="24.453011" lon="111.161847"><time>2026-08-22T09:28:10.897Z</time></trkpt>
      <trkpt lat="24.453011" lon="111.161847"><time>2026-08-22T09:28:10.913Z</time></trkpt>
      <trkpt lat="24.453011" lon="111.161847"><time>2026-08-22T09:28:10.930Z</time></trkpt>
      <trkpt lat="24.453011" lon="111.161847"><time>2026-08-22T09:28:10.947Z</time></trkpt>
      <trkpt lat="24.453011" lon="111.161847"><time>2026-08-22T09:28:10.964Z</time></trkpt>
      <trkpt lat="24.453011" lon="111.161847"><time>2026-08-22T09:28:10.980Z</time></trkpt>
      <trkpt lat="24.453017" lon="111.161855"><time>2026-08-22T09:28:10.997Z</time></trkpt>
      <trkpt lat="24.453017" lon="111.161855"><time>2026-08-22T09:28:11.014Z</time></trkpt>
      <trkpt lat="24.453017" lon="111.161855"><time>2026-08-22T09:28:11.030Z</time></trkpt>
      <trkpt lat="24.453017" lon="111.161855"><time>2026-08-22T09:28:11.047Z</time></trkpt>
      <trkpt lat="24.453017" lon="111.161855"><time>2026-08-22T09:28:11.064Z</time></trkpt>
      <trkpt lat="24.453017" lon="111.161855"><time>2026-08-22T09:28:11.080Z</time></trkpt>
      <trkpt lat="24.453024" lon="111.161862"><time>2026-08-22T09:28:11.097Z</time></trkpt>
      <trkpt lat="24.453024" lon="111.161862"><time>2026-08-22T09:28:11.114Z</time></trkpt>
      <trkpt lat="24.453024" lon="111.161862"><time>2026-08-22T09:28:11.130Z</time></trkpt>
      <trkpt lat="24.453024" lon="111.161862"><time>2026-08-22T09:28:11.147Z</time></trkpt>
      <trkpt lat="24.453024" lon="111.161862"><time>2026-08-22T09:28:11.164Z</time></trkpt>
      <trkpt lat="24.453024" lon="111.161862"><time>2026-08-22T09:28:11.180Z</time></trkpt>
      <trkpt lat="24.45303" lon="111.16187"><time>2026-08-22T09:28:11.197Z</time></trkpt>
      <trkpt lat="24.45303" lon="111.16187"><time>2026-08-22T09:28:11.214Z</time></trkpt>
      <trkpt lat="24.45303" lon="111.16187"><time>2026-08-22T09:28:11.230Z</time></trkpt>
      <trkpt lat="24.45303" lon="111.16187"><time>2026-08-22T09:28:11.247Z</time></trkpt>
      <trkpt lat="24.45303" lon="111.16187"><time>2026-08-22T09:28:11.264Z</time></trkpt>
      <trkpt lat="24.45303" lon="111.16187"><time>2026-08-22T09:28:11.281Z</time></trkpt>
      <trkpt lat="24.453037" lon="111.161878"><time>2026-08-22T09:28:11.297Z</time></trkpt>
      <trkpt lat="24.453037" lon="111.161878"><time>2026-08-22T09:28:11.314Z</time></trkpt>
      <trkpt lat="24.453037" lon="111.161878"><time>2026-08-22T09:28:11.331Z</time></trkpt>
      <trkpt lat="24.453037" lon="111.161878"><time>2026-08-22T09:28:11.347Z</time></trkpt>
      <trkpt lat="24.453037" lon="111.161878"><time>2026-08-22T09:28:11.364Z</time></trkpt>
      <trkpt lat="24.453037" lon="111.161878"><time>2026-08-22T09:28:11.381Z</time></trkpt>
      <trkpt lat="24.453043" lon="111.161885"><time>2026-08-22T09:28:11.397Z</time></trkpt>
      <trkpt lat="24.453043" lon="111.161885"><time>2026-08-22T09:28:11.414Z</time></trkpt>
      <trkpt lat="24.453043" lon="111.161885"><time>2026-08-22T09:28:11.431Z</time></trkpt>
      <trkpt lat="24.453043" lon="111.161885"><time>2026-08-22T09:28:11.447Z</time></trkpt>
      <trkpt lat="24.453043" lon="111.161885"><time>2026-08-22T09:28:11.464Z</time></trkpt>
      <trkpt lat="24.453043" lon="111.161885"><time>2026-08-22T09:28:11.481Z</time></trkpt>
      <trkpt lat="24.453049" lon="111.161892"><time>2026-08-22T09:28:11.497Z</time></trkpt>
      <trkpt lat="24.453049" lon="111.161892"><time>2026-08-22T09:28:11.514Z</time></trkpt>
      <trkpt lat="24.453049" lon="111.161892"><time>2026-08-22T09:28:11.531Z</time></trkpt>
      <trkpt lat="24.453049" lon="111.161892"><time>2026-08-22T09:28:11.547Z</time></trkpt>
      <trkpt lat="24.453049" lon="111.161892"><time>2026-08-22T09:28:11.564Z</time></trkpt>
      <trkpt lat="24.453049" lon="111.161892"><time>2026-08-22T09:28:11.581Z</time></trkpt>
      <trkpt lat="24.453056" lon="111.1619"><time>2026-08-22T09:28:11.598Z</time></trkpt>
      <trkpt lat="24.453056" lon="111.1619"><time>2026-08-22T09:28:11.614Z</time></trkpt>
      <trkpt lat="24.453056" lon="111.1619"><time>2026-08-22T09:28:11.631Z</time></trkpt>
      <trkpt lat="24.453056" lon="111.1619"><time>2026-08-22T09:28:11.648Z</time></trkpt>
      <trkpt lat="24.453056" lon="111.1619"><time>2026-08-22T09:28:11.664Z</time></trkpt>
      <trkpt lat="24.453056" lon="111.1619"><time>2026-08-22T09:28:11.681Z</time></trkpt>
      <trkpt lat="24.453062" lon="111.161907"><time>2026-08-22T09:28:11.698Z</time></trkpt>
      <trkpt lat="24.453062" lon="111.161907"><time>2026-08-22T09:28:11.714Z</time></trkpt>
      <trkpt lat="24.453062" lon="111.161907"><time>2026-08-22T09:28:11.731Z</time></trkpt>
      <trkpt lat="24.453062" lon="111.161907"><time>2026-08-22T09:28:11.748Z</time></trkpt>
      <trkpt lat="24.453062" lon="111.161907"><time>2026-08-22T09:28:11.764Z</time></trkpt>
      <trkpt lat="24.453062" lon="111.161907"><time>2026-08-22T09:28:11.781Z</time></trkpt>
      <trkpt lat="24.453068" lon="111.161914"><time>2026-08-22T09:28:11.798Z</time></trkpt>
      <trkpt lat="24.453068" lon="111.161914"><time>2026-08-22T09:28:11.814Z</time></trkpt>
      <trkpt lat="24.453068" lon="111.161914"><time>2026-08-22T09:28:11.831Z</time></trkpt>
      <trkpt lat="24.453068" lon="111.161914"><time>2026-08-22T09:28:11.848Z</time></trkpt>
      <trkpt lat="24.453068" lon="111.161914"><time>2026-08-22T09:28:11.864Z</time></trkpt>
      <trkpt lat="24.453068" lon="111.161914"><time>2026-08-22T09:28:11.881Z</time></trkpt>
      <trkpt lat="24.453074" lon="111.16192"><time>2026-08-22T09:28:11.898Z</time></trkpt>
      <trkpt lat="24.453074" lon="111.16192"><time>2026-08-22T09:28:11.915Z</time></trkpt>
      <trkpt lat="24.453074" lon="111.16192"><time>2026-08-22T09:28:11.931Z</time></trkpt>
      <trkpt lat="24.453074" lon="111.16192"><time>2026-08-22T09:28:11.948Z</time></trkpt>
      <trkpt lat="24.453074" lon="111.16192"><time>2026-08-22T09:28:11.965Z</time></trkpt>
      <trkpt lat="24.453074" lon="111.16192"><time>2026-08-22T09:28:11.981Z</time></trkpt>
      <trkpt lat="24.45308" lon="111.161927"><time>2026-08-22T09:28:11.998Z</time></trkpt>
      <trkpt lat="24.45308" lon="111.161927"><time>2026-08-22T09:28:12.015Z</time></trkpt>
      <trkpt lat="24.45308" lon="111.161927"><time>2026-08-22T09:28:12.031Z</time></trkpt>
      <trkpt lat="24.45308" lon="111.161927"><time>2026-08-22T09:28:12.048Z</time></trkpt>
      <trkpt lat="24.45308" lon="111.161927"><time>2026-08-22T09:28:12.065Z</time></trkpt>
      <trkpt lat="24.45308" lon="111.161927"><time>2026-08-22T09:28:12.081Z</time></trkpt>
      <trkpt lat="24.453085" lon="111.161933"><time>2026-08-22T09:28:12.098Z</time></trkpt>
      <trkpt lat="24.453085" lon="111.161933"><time>2026-08-22T09:28:12.115Z</time></trkpt>
      <trkpt lat="24.453085" lon="111.161933"><time>2026-08-22T09:28:12.131Z</time></trkpt>
      <trkpt lat="24.453085" lon="111.161933"><time>2026-08-22T09:28:12.148Z</time></trkpt>
      <trkpt lat="24.453085" lon="111.161933"><time>2026-08-22T09:28:12.165Z</time></trkpt>
      <trkpt lat="24.453085" lon="111.161933"><time>2026-08-22T09:28:12.181Z</time></trkpt>
      <trkpt lat="24.453091" lon="111.16194"><time>2026-08-22T09:28:12.198Z</time></trkpt>
      <trkpt lat="24.453091" lon="111.16194"><time>2026-08-22T09:28:12.215Z</time></trkpt>
      <trkpt lat="24.453091" lon="111.16194"><time>2026-08-22T09:28:12.232Z</time></trkpt>
      <trkpt lat="24.453091" lon="111.16194"><time>2026-08-22T09:28:12.248Z</time></trkpt>
      <trkpt lat="24.453091" lon="111.16194"><time>2026-08-22T09:28:12.265Z</time></trkpt>
      <trkpt lat="24.453091" lon="111.16194"><time>2026-08-22T09:28:12.282Z</time></trkpt>
      <trkpt lat="24.453096" lon="111.161946"><time>2026-08-22T09:28:12.298Z</time></trkpt>
      <trkpt lat="24.453096" lon="111.161946"><time>2026-08-22T09:28:12.315Z</time></trkpt>
      <trkpt lat="24.453096" lon="111.161946"><time>2026-08-22T09:28:12.332Z</time></trkpt>
      <trkpt lat="24.453096" lon="111.161946"><time>2026-08-22T09:28:12.348Z</time></trkpt>
      <trkpt lat="24.453096" lon="111.161946"><time>2026-08-22T09:28:12.365Z</time></trkpt>
      <trkpt lat="24.453096" lon="111.161946"><time>2026-08-22T09:28:12.382Z</time></trkpt>
      <trkpt lat="24.453101" lon="111.161951"><time>2026-08-22T09:28:12.398Z</time></trkpt>
      <trkpt lat="24.453101" lon="111.161951"><time>2026-08-22T09:28:12.415Z</time></trkpt>
      <trkpt lat="24.453101" lon="111.161951"><time>2026-08-22T09:28:12.432Z</time></trkpt>
      <trkpt lat="24.453101" lon="111.161951"><time>2026-08-22T09:28:12.448Z</time></trkpt>
      <trkpt lat="24.453101" lon="111.161951"><time>2026-08-22T09:28:12.465Z</time></trkpt>
      <trkpt lat="24.453101" lon="111.161951"><time>2026-08-22T09:28:12.482Z</time></trkpt>
      <trkpt lat="24.453107" lon="111.161957"><time>2026-08-22T09:28:12.498Z</time></trkpt>
      <trkpt lat="24.453107" lon="111.161957"><time>2026-08-22T09:28:12.515Z</time></trkpt>
      <trkpt lat="24.453107" lon="111.161957"><time>2026-08-22T09:28:12.532Z</time></trkpt>
      <trkpt lat="24.453107" lon="111.161957"><time>2026-08-22T09:28:12.548Z</time></trkpt>
      <trkpt lat="24.453107" lon="111.161957"><time>2026-08-22T09:28:12.565Z</time></trkpt>
      <trkpt lat="24.453107" lon="111.161957"><time>2026-08-22T09:28:12.582Z</time></trkpt>
      <trkpt lat="24.453112" lon="111.161963"><time>2026-08-22T09:28:12.599Z</time></trkpt>
      <trkpt lat="24.453112" lon="111.161963"><time>2026-08-22T09:28:12.615Z</time></trkpt>
      <trkpt lat="24.453112" lon="111.161963"><time>2026-08-22T09:28:12.632Z</time></trkpt>
      <trkpt lat="24.453112" lon="111.161963"><time>2026-08-22T09:28:12.649Z</time></trkpt>
      <trkpt lat="24.453112" lon="111.161963"><time>2026-08-22T09:28:12.665Z</time></trkpt>
      <trkpt lat="24.453112" lon="111.161963"><time>2026-08-22T09:28:12.682Z</time></trkpt>
      <trkpt lat="24.453117" lon="111.161968"><time>2026-08-22T09:28:12.699Z</time></trkpt>
      <trkpt lat="24.453117" lon="111.161968"><time>2026-08-22T09:28:12.715Z</time></trkpt>
      <trkpt lat="24.453117" lon="111.161968"><time>2026-08-22T09:28:12.732Z</time></trkpt>
      <trkpt lat="24.453117" lon="111.161968"><time>2026-08-22T09:28:12.749Z</time></trkpt>
      <trkpt lat="24.453117" lon="111.161968"><time>2026-08-22T09:28:12.765Z</time></trkpt>
      <trkpt lat="24.453117" lon="111.161968"><time>2026-08-22T09:28:12.782Z</time></trkpt>
      <trkpt lat="24.453122" lon="111.161968"><time>2026-08-22T09:28:12.799Z</time></trkpt>
      <trkpt lat="24.453122" lon="111.161968"><time>2026-08-22T09:28:12.815Z</time></trkpt>
      <trkpt lat="24.453122" lon="111.161968"><time>2026-08-22T09:28:12.832Z</time></trkpt>
      <trkpt lat="24.453122" lon="111.161968"><time>2026-08-22T09:28:12.849Z</time></trkpt>
      <trkpt lat="24.453122" lon="111.161968"><time>2026-08-22T09:28:12.865Z</time></trkpt>
      <trkpt lat="24.453122" lon="111.161968"><time>2026-08-22T09:28:12.882Z</time></trkpt>
      <trkpt lat="24.453126" lon="111.161973"><time>2026-08-22T09:28:12.899Z</time></trkpt>
      <trkpt lat="24.453126" lon="111.161973"><time>2026-08-22T09:28:12.916Z</time></trkpt>
      <trkpt lat="24.453126" lon="111.161973"><time>2026-08-22T09:28:12.932Z</time></trkpt>
      <trkpt lat="24.453126" lon="111.161973"><time>2026-08-22T09:28:12.949Z</time></trkpt>
      <trkpt lat="24.453126" lon="111.161973"><time>2026-08-22T09:28:12.966Z</time></trkpt>
      <trkpt lat="24.453126" lon="111.161973"><time>2026-08-22T09:28:12.982Z</time></trkpt>
      <trkpt lat="24.453131" lon="111.161978"><time>2026-08-22T09:28:12.999Z</time></trkpt>
      <trkpt lat="24.453131" lon="111.161978"><time>2026-08-22T09:28:13.016Z</time></trkpt>
      <trkpt lat="24.453131" lon="111.161978"><time>2026-08-22T09:28:13.032Z</time></trkpt>
      <trkpt lat="24.453131" lon="111.161978"><time>2026-08-22T09:28:13.049Z</time></trkpt>
      <trkpt lat="24.453131" lon="111.161978"><time>2026-08-22T09:28:13.066Z</time></trkpt>
      <trkpt lat="24.453131" lon="111.161978"><time>2026-08-22T09:28:13.082Z</time></trkpt>
      <trkpt lat="24.453135" lon="111.161983"><time>2026-08-22T09:28:13.099Z</time></trkpt>
      <trkpt lat="24.453135" lon="111.161983"><time>2026-08-22T09:28:13.116Z</time></trkpt>
      <trkpt lat="24.453135" lon="111.161983"><time>2026-08-22T09:28:13.132Z</time></trkpt>
      <trkpt lat="24.453135" lon="111.161983"><time>2026-08-22T09:28:13.149Z</time></trkpt>
      <trkpt lat="24.453135" lon="111.161983"><time>2026-08-22T09:28:13.166Z</time></trkpt>
      <trkpt lat="24.453135" lon="111.161983"><time>2026-08-22T09:28:13.182Z</time></trkpt>
      <trkpt lat="24.453139" lon="111.161988"><time>2026-08-22T09:28:13.199Z</time></trkpt>
      <trkpt lat="24.453139" lon="111.161988"><time>2026-08-22T09:28:13.216Z</time></trkpt>
      <trkpt lat="24.453139" lon="111.161988"><time>2026-08-22T09:28:13.233Z</time></trkpt>
      <trkpt lat="24.453139" lon="111.161988"><time>2026-08-22T09:28:13.249Z</time></trkpt>
      <trkpt lat="24.453139" lon="111.161988"><time>2026-08-22T09:28:13.266Z</time></trkpt>
      <trkpt lat="24.453139" lon="111.161988"><time>2026-08-22T09:28:13.283Z</time></trkpt>
      <trkpt lat="24.453144" lon="111.161993"><time>2026-08-22T09:28:13.299Z</time></trkpt>
      <trkpt lat="24.453144" lon="111.161993"><time>2026-08-22T09:28:13.316Z</time></trkpt>
      <trkpt lat="24.453144" lon="111.161993"><time>2026-08-22T09:28:13.333Z</time></trkpt>
      <trkpt lat="24.453144" lon="111.161993"><time>2026-08-22T09:28:13.349Z</time></trkpt>
      <trkpt lat="24.453144" lon="111.161993"><time>2026-08-22T09:28:13.366Z</time></trkpt>
      <trkpt lat="24.453144" lon="111.161993"><time>2026-08-22T09:28:13.383Z</time></trkpt>
      <trkpt lat="24.453148" lon="111.161998"><time>2026-08-22T09:28:13.399Z</time></trkpt>
      <trkpt lat="24.453148" lon="111.161998"><time>2026-08-22T09:28:13.416Z</time></trkpt>
      <trkpt lat="24.453148" lon="111.161998"><time>2026-08-22T09:28:13.433Z</time></trkpt>
      <trkpt lat="24.453148" lon="111.161998"><time>2026-08-22T09:28:13.449Z</time></trkpt>
      <trkpt lat="24.453148" lon="111.161998"><time>2026-08-22T09:28:13.466Z</time></trkpt>
      <trkpt lat="24.453148" lon="111.161998"><time>2026-08-22T09:28:13.483Z</time></trkpt>
      <trkpt lat="24.453152" lon="111.162002"><time>2026-08-22T09:28:13.499Z</time></trkpt>
      <trkpt lat="24.453152" lon="111.162002"><time>2026-08-22T09:28:13.516Z</time></trkpt>
      <trkpt lat="24.453152" lon="111.162002"><time>2026-08-22T09:28:13.533Z</time></trkpt>
      <trkpt lat="24.453152" lon="111.162002"><time>2026-08-22T09:28:13.550Z</time></trkpt>
      <trkpt lat="24.453152" lon="111.162002"><time>2026-08-22T09:28:13.566Z</time></trkpt>
      <trkpt lat="24.453152" lon="111.162002"><time>2026-08-22T09:28:13.583Z</time></trkpt>
      <trkpt lat="24.453156" lon="111.162007"><time>2026-08-22T09:28:13.600Z</time></trkpt>
      <trkpt lat="24.453156" lon="111.162007"><time>2026-08-22T09:28:13.616Z</time></trkpt>
      <trkpt lat="24.453156" lon="111.162007"><time>2026-08-22T09:28:13.633Z</time></trkpt>
      <trkpt lat="24.453156" lon="111.162007"><time>2026-08-22T09:28:13.650Z</time></trkpt>
      <trkpt lat="24.453156" lon="111.162007"><time>2026-08-22T09:28:13.666Z</time></trkpt>
      <trkpt lat="24.453156" lon="111.162007"><time>2026-08-22T09:28:13.683Z</time></trkpt>
      <trkpt lat="24.45316" lon="111.162012"><time>2026-08-22T09:28:13.700Z</time></trkpt>
      <trkpt lat="24.45316" lon="111.162012"><time>2026-08-22T09:28:13.716Z</time></trkpt>
      <trkpt lat="24.45316" lon="111.162012"><time>2026-08-22T09:28:13.733Z</time></trkpt>
      <trkpt lat="24.45316" lon="111.162012"><time>2026-08-22T09:28:13.750Z</time></trkpt>
      <trkpt lat="24.45316" lon="111.162012"><time>2026-08-22T09:28:13.766Z</time></trkpt>
      <trkpt lat="24.45316" lon="111.162012"><time>2026-08-22T09:28:13.783Z</time></trkpt>
      <trkpt lat="24.453164" lon="111.162017"><time>2026-08-22T09:28:13.800Z</time></trkpt>
      <trkpt lat="24.453164" lon="111.162017"><time>2026-08-22T09:28:13.816Z</time></trkpt>
      <trkpt lat="24.453164" lon="111.162017"><time>2026-08-22T09:28:13.833Z</time></trkpt>
      <trkpt lat="24.453164" lon="111.162017"><time>2026-08-22T09:28:13.850Z</time></trkpt>
      <trkpt lat="24.453164" lon="111.162017"><time>2026-08-22T09:28:13.867Z</time></trkpt>
      <trkpt lat="24.453164" lon="111.162017"><time>2026-08-22T09:28:13.883Z</time></trkpt>
      <trkpt lat="24.453168" lon="111.162022"><time>2026-08-22T09:28:13.900Z</time></trkpt>
      <trkpt lat="24.453168" lon="111.162022"><time>2026-08-22T09:28:13.917Z</time></trkpt>
      <trkpt lat="24.453168" lon="111.162022"><time>2026-08-22T09:28:13.933Z</time></trkpt>
      <trkpt lat="24.453168" lon="111.162022"><time>2026-08-22T09:28:13.950Z</time></trkpt>
      <trkpt lat="24.453168" lon="111.162022"><time>2026-08-22T09:28:13.967Z</time></trkpt>
      <trkpt lat="24.453168" lon="111.162022"><time>2026-08-22T09:28:13.983Z</time></trkpt>
      <trkpt lat="24.453172" lon="111.162027"><time>2026-08-22T09:28:14.000Z</time></trkpt>
      <trkpt lat="24.453172" lon="111.162027"><time>2026-08-22T09:28:14.017Z</time></trkpt>
      <trkpt lat="24.453172" lon="111.162027"><time>2026-08-22T09:28:14.033Z</time></trkpt>
      <trkpt lat="24.453172" lon="111.162027"><time>2026-08-22T09:28:14.050Z</time></trkpt>
      <trkpt lat="24.453172" lon="111.162027"><time>2026-08-22T09:28:14.067Z</time></trkpt>
      <trkpt lat="24.453172" lon="111.162027"><time>2026-08-22T09:28:14.083Z</time></trkpt>
      <trkpt lat="24.453176" lon="111.162032"><time>2026-08-22T09:28:14.100Z</time></trkpt>
      <trkpt lat="24.453176" lon="111.162032"><time>2026-08-22T09:28:14.117Z</time></trkpt>
      <trkpt lat="24.453176" lon="111.162032"><time>2026-08-22T09:28:14.133Z</time></trkpt>
      <trkpt lat="24.453176" lon="111.162032"><time>2026-08-22T09:28:14.150Z</time></trkpt>
      <trkpt lat="24.453176" lon="111.162032"><time>2026-08-22T09:28:14.167Z</time></trkpt>
      <trkpt lat="24.453176" lon="111.162032"><time>2026-08-22T09:28:14.184Z</time></trkpt>
      <trkpt lat="24.45318" lon="111.162037"><time>2026-08-22T09:28:14.200Z</time></trkpt>
      <trkpt lat="24.45318" lon="111.162037"><time>2026-08-22T09:28:14.217Z</time></trkpt>
      <trkpt lat="24.45318" lon="111.162037"><time>2026-08-22T09:28:14.234Z</time></trkpt>
      <trkpt lat="24.45318" lon="111.162037"><time>2026-08-22T09:28:14.250Z</time></trkpt>
      <trkpt lat="24.45318" lon="111.162037"><time>2026-08-22T09:28:14.267Z</time></trkpt>
      <trkpt lat="24.45318" lon="111.162037"><time>2026-08-22T09:28:14.284Z</time></trkpt>
      <trkpt lat="24.453184" lon="111.162042"><time>2026-08-22T09:28:14.300Z</time></trkpt>
      <trkpt lat="24.453184" lon="111.162042"><time>2026-08-22T09:28:14.317Z</time></trkpt>
      <trkpt lat="24.453184" lon="111.162042"><time>2026-08-22T09:28:14.334Z</time></trkpt>
      <trkpt lat="24.453184" lon="111.162042"><time>2026-08-22T09:28:14.350Z</time></trkpt>
      <trkpt lat="24.453184" lon="111.162042"><time>2026-08-22T09:28:14.367Z</time></trkpt>
      <trkpt lat="24.453184" lon="111.162042"><time>2026-08-22T09:28:14.384Z</time></trkpt>
      <trkpt lat="24.453188" lon="111.162047"><time>2026-08-22T09:28:14.400Z</time></trkpt>
      <trkpt lat="24.453188" lon="111.162047"><time>2026-08-22T09:28:14.417Z</time></trkpt>
      <trkpt lat="24.453188" lon="111.162047"><time>2026-08-22T09:28:14.434Z</time></trkpt>
      <trkpt lat="24.453188" lon="111.162047"><time>2026-08-22T09:28:14.450Z</time></trkpt>
      <trkpt lat="24.453188" lon="111.162047"><time>2026-08-22T09:28:14.467Z</time></trkpt>
      <trkpt lat="24.453188" lon="111.162047"><time>2026-08-22T09:28:14.484Z</time></trkpt>
      <trkpt lat="24.453192" lon="111.162051"><time>2026-08-22T09:28:14.501Z</time></trkpt>
      <trkpt lat="24.453192" lon="111.162051"><time>2026-08-22T09:28:14.517Z</time></trkpt>
      <trkpt lat="24.453192" lon="111.162051"><time>2026-08-22T09:28:14.534Z</time></trkpt>
      <trkpt lat="24.453192" lon="111.162051"><time>2026-08-22T09:28:14.551Z</time></trkpt>
      <trkpt lat="24.453192" lon="111.162051"><time>2026-08-22T09:28:14.567Z</time></trkpt>
      <trkpt lat="24.453192" lon="111.162051"><time>2026-08-22T09:28:14.584Z</time></trkpt>
      <trkpt lat="24.453196" lon="111.162056"><time>2026-08-22T09:28:14.601Z</time></trkpt>
      <trkpt lat="24.453196" lon="111.162056"><time>2026-08-22T09:28:14.617Z</time></trkpt>
      <trkpt lat="24.453196" lon="111.162056"><time>2026-08-22T09:28:14.634Z</time></trkpt>
      <trkpt lat="24.453196" lon="111.162056"><time>2026-08-22T09:28:14.651Z</time></trkpt>
      <trkpt lat="24.453196" lon="111.162056"><time>2026-08-22T09:28:14.667Z</time></trkpt>
      <trkpt lat="24.453196" lon="111.162056"><time>2026-08-22T09:28:14.684Z</time></trkpt>
      <trkpt lat="24.4532" lon="111.16206"><time>2026-08-22T09:28:14.701Z</time></trkpt>
      <trkpt lat="24.4532" lon="111.16206"><time>2026-08-22T09:28:14.717Z</time></trkpt>
      <trkpt lat="24.4532" lon="111.16206"><time>2026-08-22T09:28:14.734Z</time></trkpt>
      <trkpt lat="24.4532" lon="111.16206"><time>2026-08-22T09:28:14.751Z</time></trkpt>
      <trkpt lat="24.4532" lon="111.16206"><time>2026-08-22T09:28:14.767Z</time></trkpt>
      <trkpt lat="24.4532" lon="111.16206"><time>2026-08-22T09:28:14.784Z</time></trkpt>
      <trkpt lat="24.453203" lon="111.162065"><time>2026-08-22T09:28:14.801Z</time></trkpt>
      <trkpt lat="24.453203" lon="111.162065"><time>2026-08-22T09:28:14.818Z</time></trkpt>
      <trkpt lat="24.453203" lon="111.162065"><time>2026-08-22T09:28:14.834Z</time></trkpt>
      <trkpt lat="24.453203" lon="111.162065"><time>2026-08-22T09:28:14.851Z</time></trkpt>
      <trkpt lat="24.453203" lon="111.162065"><time>2026-08-22T09:28:14.868Z</time></trkpt>
      <trkpt lat="24.453203" lon="111.162065"><time>2026-08-22T09:28:14.884Z</time></trkpt>
      <trkpt lat="24.453207" lon="111.162069"><time>2026-08-22T09:28:14.901Z</time></trkpt>
      <trkpt lat="24.453207" lon="111.162069"><time>2026-08-22T09:28:14.918Z</time></trkpt>
      <trkpt lat="24.453207" lon="111.162069"><time>2026-08-22T09:28:14.934Z</time></trkpt>
      <trkpt lat="24.453207" lon="111.162069"><time>2026-08-22T09:28:14.951Z</time></trkpt>
      <trkpt lat="24.453207" lon="111.162069"><time>2026-08-22T09:28:14.968Z</time></trkpt>
      <trkpt lat="24.453207" lon="111.162069"><time>2026-08-22T09:28:14.984Z</time></trkpt>
      <trkpt lat="24.453211" lon="111.162074"><time>2026-08-22T09:28:15.001Z</time></trkpt>
      <trkpt lat="24.453211" lon="111.162074"><time>2026-08-22T09:28:15.018Z</time></trkpt>
      <trkpt lat="24.453211" lon="111.162074"><time>2026-08-22T09:28:15.034Z</time></trkpt>
      <trkpt lat="24.453211" lon="111.162074"><time>2026-08-22T09:28:15.051Z</time></trkpt>
      <trkpt lat="24.453211" lon="111.162074"><time>2026-08-22T09:28:15.068Z</time></trkpt>
      <trkpt lat="24.453211" lon="111.162074"><time>2026-08-22T09:28:15.084Z</time></trkpt>
      <trkpt lat="24.453215" lon="111.162078"><time>2026-08-22T09:28:15.101Z</time></trkpt>
      <trkpt lat="24.453215" lon="111.162078"><time>2026-08-22T09:28:15.118Z</time></trkpt>
      <trkpt lat="24.453215" lon="111.162078"><time>2026-08-22T09:28:15.135Z</time></trkpt>
      <trkpt lat="24.453215" lon="111.162078"><time>2026-08-22T09:28:15.151Z</time></trkpt>
      <trkpt lat="24.453215" lon="111.162078"><time>2026-08-22T09:28:15.168Z</time></trkpt>
      <trkpt lat="24.453215" lon="111.162078"><time>2026-08-22T09:28:15.185Z</time></trkpt>
      <trkpt lat="24.453219" lon="111.162083"><time>2026-08-22T09:28:15.201Z</time></trkpt>
      <trkpt lat="24.453219" lon="111.162083"><time>2026-08-22T09:28:15.218Z</time></trkpt>
      <trkpt lat="24.453219" lon="111.162083"><time>2026-08-22T09:28:15.235Z</time></trkpt>
      <trkpt lat="24.453219" lon="111.162083"><time>2026-08-22T09:28:15.251Z</time></trkpt>
      <trkpt lat="24.453219" lon="111.162083"><time>2026-08-22T09:28:15.268Z</time></trkpt>
      <trkpt lat="24.453219" lon="111.162083"><time>2026-08-22T09:28:15.285Z</time></trkpt>
      <trkpt lat="24.453222" lon="111.162087"><time>2026-08-22T09:28:15.301Z</time></trkpt>
      <trkpt lat="24.453222" lon="111.162087"><time>2026-08-22T09:28:15.318Z</time></trkpt>
      <trkpt lat="24.453222" lon="111.162087"><time>2026-08-22T09:28:15.335Z</time></trkpt>
      <trkpt lat="24.453222" lon="111.162087"><time>2026-08-22T09:28:15.351Z</time></trkpt>
      <trkpt lat="24.453222" lon="111.162087"><time>2026-08-22T09:28:15.368Z</time></trkpt>
      <trkpt lat="24.453222" lon="111.162087"><time>2026-08-22T09:28:15.385Z</time></trkpt>
      <trkpt lat="24.453226" lon="111.162092"><time>2026-08-22T09:28:15.401Z</time></trkpt>
      <trkpt lat="24.453226" lon="111.162092"><time>2026-08-22T09:28:15.418Z</time></trkpt>
      <trkpt lat="24.453226" lon="111.162092"><time>2026-08-22T09:28:15.435Z</time></trkpt>
      <trkpt lat="24.453226" lon="111.162092"><time>2026-08-22T09:28:15.452Z</time></trkpt>
      <trkpt lat="24.453226" lon="111.162092"><time>2026-08-22T09:28:15.468Z</time></trkpt>
      <trkpt lat="24.453226" lon="111.162092"><time>2026-08-22T09:28:15.485Z</time></trkpt>
      <trkpt lat="24.453229" lon="111.162096"><time>2026-08-22T09:28:15.502Z</time></trkpt>
      <trkpt lat="24.453229" lon="111.162096"><time>2026-08-22T09:28:15.518Z</time></trkpt>
      <trkpt lat="24.453229" lon="111.162096"><time>2026-08-22T09:28:15.535Z</time></trkpt>
      <trkpt lat="24.453229" lon="111.162096"><time>2026-08-22T09:28:15.552Z</time></trkpt>
      <trkpt lat="24.453229" lon="111.162096"><time>2026-08-22T09:28:15.568Z</time></trkpt>
      <trkpt lat="24.453229" lon="111.162096"><time>2026-08-22T09:28:15.585Z</time></trkpt>
      <trkpt lat="24.453233" lon="111.1621"><time>2026-08-22T09:28:15.602Z</time></trkpt>
      <trkpt lat="24.453233" lon="111.1621"><time>2026-08-22T09:28:15.618Z</time></trkpt>
      <trkpt lat="24.453233" lon="111.1621"><time>2026-08-22T09:28:15.635Z</time></trkpt>
      <trkpt lat="24.453233" lon="111.1621"><time>2026-08-22T09:28:15.652Z</time></trkpt>
      <trkpt lat="24.453233" lon="111.1621"><time>2026-08-22T09:28:15.668Z</time></trkpt>
      <trkpt lat="24.453233" lon="111.1621"><time>2026-08-22T09:28:15.685Z</time></trkpt>
      <trkpt lat="24.453237" lon="111.162104"><time>2026-08-22T09:28:15.702Z</time></trkpt>
      <trkpt lat="24.453237" lon="111.162104"><time>2026-08-22T09:28:15.718Z</time></trkpt>
      <trkpt lat="24.453237" lon="111.162104"><time>2026-08-22T09:28:15.735Z</time></trkpt>
      <trkpt lat="24.453237" lon="111.162104"><time>2026-08-22T09:28:15.752Z</time></trkpt>
      <trkpt lat="24.453237" lon="111.162104"><time>2026-08-22T09:28:15.769Z</time></trkpt>
      <trkpt lat="24.453237" lon="111.162104"><time>2026-08-22T09:28:15.785Z</time></trkpt>
      <trkpt lat="24.45324" lon="111.162108"><time>2026-08-22T09:28:15.802Z</time></trkpt>
      <trkpt lat="24.45324" lon="111.162108"><time>2026-08-22T09:28:15.819Z</time></trkpt>
      <trkpt lat="24.45324" lon="111.162108"><time>2026-08-22T09:28:15.835Z</time></trkpt>
      <trkpt lat="24.45324" lon="111.162108"><time>2026-08-22T09:28:15.852Z</time></trkpt>
      <trkpt lat="24.45324" lon="111.162108"><time>2026-08-22T09:28:15.869Z</time></trkpt>
      <trkpt lat="24.45324" lon="111.162108"><time>2026-08-22T09:28:15.885Z</time></trkpt>
      <trkpt lat="24.453243" lon="111.162112"><time>2026-08-22T09:28:15.902Z</time></trkpt>
      <trkpt lat="24.453243" lon="111.162112"><time>2026-08-22T09:28:15.919Z</time></trkpt>
      <trkpt lat="24.453243" lon="111.162112"><time>2026-08-22T09:28:15.935Z</time></trkpt>
      <trkpt lat="24.453243" lon="111.162112"><time>2026-08-22T09:28:15.952Z</time></trkpt>
      <trkpt lat="24.453243" lon="111.162112"><time>2026-08-22T09:28:15.969Z</time></trkpt>
      <trkpt lat="24.453243" lon="111.162112"><time>2026-08-22T09:28:15.985Z</time></trkpt>
      <trkpt lat="24.453247" lon="111.162116"><time>2026-08-22T09:28:16.002Z</time></trkpt>
      <trkpt lat="24.453247" lon="111.162116"><time>2026-08-22T09:28:16.019Z</time></trkpt>
      <trkpt lat="24.453247" lon="111.162116"><time>2026-08-22T09:28:16.035Z</time></trkpt>
      <trkpt lat="24.453247" lon="111.162116"><time>2026-08-22T09:28:16.052Z</time></trkpt>
      <trkpt lat="24.453247" lon="111.162116"><time>2026-08-22T09:28:16.069Z</time></trkpt>
      <trkpt lat="24.453247" lon="111.162116"><time>2026-08-22T09:28:16.086Z</time></trkpt>
      <trkpt lat="24.45325" lon="111.16212"><time>2026-08-22T09:28:16.102Z</time></trkpt>
      <trkpt lat="24.45325" lon="111.16212"><time>2026-08-22T09:28:16.119Z</time></trkpt>
      <trkpt lat="24.45325" lon="111.16212"><time>2026-08-22T09:28:16.136Z</time></trkpt>
      <trkpt lat="24.45325" lon="111.16212"><time>2026-08-22T09:28:16.152Z</time></trkpt>
      <trkpt lat="24.45325" lon="111.16212"><time>2026-08-22T09:28:16.169Z</time></trkpt>
      <trkpt lat="24.45325" lon="111.16212"><time>2026-08-22T09:28:16.186Z</time></trkpt>
      <trkpt lat="24.453254" lon="111.162124"><time>2026-08-22T09:28:16.202Z</time></trkpt>
      <trkpt lat="24.453254" lon="111.162124"><time>2026-08-22T09:28:16.219Z</time></trkpt>
      <trkpt lat="24.453254" lon="111.162124"><time>2026-08-22T09:28:16.236Z</time></trkpt>
      <trkpt lat="24.453254" lon="111.162124"><time>2026-08-22T09:28:16.252Z</time></trkpt>
      <trkpt lat="24.453254" lon="111.162124"><time>2026-08-22T09:28:16.269Z</time></trkpt>
      <trkpt lat="24.453254" lon="111.162124"><time>2026-08-22T09:28:16.286Z</time></trkpt>
      <trkpt lat="24.453257" lon="111.162128"><time>2026-08-22T09:28:16.302Z</time></trkpt>
      <trkpt lat="24.453257" lon="111.162128"><time>2026-08-22T09:28:16.319Z</time></trkpt>
      <trkpt lat="24.453257" lon="111.162128"><time>2026-08-22T09:28:16.336Z</time></trkpt>
      <trkpt lat="24.453257" lon="111.162128"><time>2026-08-22T09:28:16.352Z</time></trkpt>
      <trkpt lat="24.453257" lon="111.162128"><time>2026-08-22T09:28:16.369Z</time></trkpt>
      <trkpt lat="24.453257" lon="111.162128"><time>2026-08-22T09:28:16.386Z</time></trkpt>
      <trkpt lat="24.45326" lon="111.162132"><time>2026-08-22T09:28:16.403Z</time></trkpt>
      <trkpt lat="24.45326" lon="111.162132"><time>2026-08-22T09:28:16.419Z</time></trkpt>
      <trkpt lat="24.45326" lon="111.162132"><time>2026-08-22T09:28:16.436Z</time></trkpt>
      <trkpt lat="24.45326" lon="111.162132"><time>2026-08-22T09:28:16.453Z</time></trkpt>
      <trkpt lat="24.45326" lon="111.162132"><time>2026-08-22T09:28:16.469Z</time></trkpt>
      <trkpt lat="24.45326" lon="111.162132"><time>2026-08-22T09:28:16.486Z</time></trkpt>
      <trkpt lat="24.453263" lon="111.162135"><time>2026-08-22T09:28:16.503Z</time></trkpt>
      <trkpt lat="24.453263" lon="111.162135"><time>2026-08-22T09:28:16.519Z</time></trkpt>
      <trkpt lat="24.453263" lon="111.162135"><time>2026-08-22T09:28:16.536Z</time></trkpt>
      <trkpt lat="24.453263" lon="111.162135"><time>2026-08-22T09:28:16.553Z</time></trkpt>
      <trkpt lat="24.453263" lon="111.162135"><time>2026-08-22T09:28:16.569Z</time></trkpt>
      <trkpt lat="24.453263" lon="111.162135"><time>2026-08-22T09:28:16.586Z</time></trkpt>
      <trkpt lat="24.453266" lon="111.162139"><time>2026-08-22T09:28:16.603Z</time></trkpt>
      <trkpt lat="24.453266" lon="111.162139"><time>2026-08-22T09:28:16.619Z</time></trkpt>
      <trkpt lat="24.453266" lon="111.162139"><time>2026-08-22T09:28:16.636Z</time></trkpt>
      <trkpt lat="24.453266" lon="111.162139"><time>2026-08-22T09:28:16.653Z</time></trkpt>
      <trkpt lat="24.453266" lon="111.162139"><time>2026-08-22T09:28:16.669Z</time></trkpt>
      <trkpt lat="24.453266" lon="111.162139"><time>2026-08-22T09:28:16.686Z</time></trkpt>
      <trkpt lat="24.45327" lon="111.162142"><time>2026-08-22T09:28:16.703Z</time></trkpt>
      <trkpt lat="24.45327" lon="111.162142"><time>2026-08-22T09:28:16.720Z</time></trkpt>
      <trkpt lat="24.45327" lon="111.162142"><time>2026-08-22T09:28:16.736Z</time></trkpt>
      <trkpt lat="24.45327" lon="111.162142"><time>2026-08-22T09:28:16.753Z</time></trkpt>
      <trkpt lat="24.45327" lon="111.162142"><time>2026-08-22T09:28:16.770Z</time></trkpt>
      <trkpt lat="24.45327" lon="111.162142"><time>2026-08-22T09:28:16.786Z</time></trkpt>
      <trkpt lat="24.453273" lon="111.162145"><time>2026-08-22T09:28:16.803Z</time></trkpt>
      <trkpt lat="24.453273" lon="111.162145"><time>2026-08-22T09:28:16.820Z</time></trkpt>
      <trkpt lat="24.453273" lon="111.162145"><time>2026-08-22T09:28:16.836Z</time></trkpt>
      <trkpt lat="24.453273" lon="111.162145"><time>2026-08-22T09:28:16.853Z</time></trkpt>
      <trkpt lat="24.453273" lon="111.162145"><time>2026-08-22T09:28:16.870Z</time></trkpt>
      <trkpt lat="24.453273" lon="111.162145"><time>2026-08-22T09:28:16.886Z</time></trkpt>
      <trkpt lat="24.453276" lon="111.162148"><time>2026-08-22T09:28:16.903Z</time></trkpt>
      <trkpt lat="24.453276" lon="111.162148"><time>2026-08-22T09:28:16.920Z</time></trkpt>
      <trkpt lat="24.453276" lon="111.162148"><time>2026-08-22T09:28:16.936Z</time></trkpt>
      <trkpt lat="24.453276" lon="111.162148"><time>2026-08-22T09:28:16.953Z</time></trkpt>
      <trkpt lat="24.453276" lon="111.162148"><time>2026-08-22T09:28:16.970Z</time></trkpt>
      <trkpt lat="24.453276" lon="111.162148"><time>2026-08-22T09:28:16.986Z</time></trkpt>
      <trkpt lat="24.453279" lon="111.162151"><time>2026-08-22T09:28:17.003Z</time></trkpt>
      <trkpt lat="24.453279" lon="111.162151"><time>2026-08-22T09:28:17.020Z</time></trkpt>
      <trkpt lat="24.453279" lon="111.162151"><time>2026-08-22T09:28:17.037Z</time></trkpt>
      <trkpt lat="24.453279" lon="111.162151"><time>2026-08-22T09:28:17.053Z</time></trkpt>
      <trkpt lat="24.453279" lon="111.162151"><time>2026-08-22T09:28:17.070Z</time></trkpt>
      <trkpt lat="24.453279" lon="111.162151"><time>2026-08-22T09:28:17.087Z</time></trkpt>
      <trkpt lat="24.453281" lon="111.162154"><time>2026-08-22T09:28:17.103Z</time></trkpt>
      <trkpt lat="24.453281" lon="111.162154"><time>2026-08-22T09:28:17.120Z</time></trkpt>
      <trkpt lat="24.453281" lon="111.162154"><time>2026-08-22T09:28:17.137Z</time></trkpt>
      <trkpt lat="24.453281" lon="111.162154"><time>2026-08-22T09:28:17.153Z</time></trkpt>
      <trkpt lat="24.453281" lon="111.162154"><time>2026-08-22T09:28:17.170Z</time></trkpt>
      <trkpt lat="24.453281" lon="111.162154"><time>2026-08-22T09:28:17.187Z</time></trkpt>
      <trkpt lat="24.453284" lon="111.162156"><time>2026-08-22T09:28:17.203Z</time></trkpt>
      <trkpt lat="24.453284" lon="111.162156"><time>2026-08-22T09:28:17.220Z</time></trkpt>
      <trkpt lat="24.453284" lon="111.162156"><time>2026-08-22T09:28:17.237Z</time></trkpt>
      <trkpt lat="24.453284" lon="111.162156"><time>2026-08-22T09:28:17.253Z</time></trkpt>
      <trkpt lat="24.453284" lon="111.162156"><time>2026-08-22T09:28:17.270Z</time></trkpt>
      <trkpt lat="24.453284" lon="111.162156"><time>2026-08-22T09:28:17.287Z</time></trkpt>
      <trkpt lat="24.453287" lon="111.162159"><time>2026-08-22T09:28:17.303Z</time></trkpt>
      <trkpt lat="24.453287" lon="111.162159"><time>2026-08-22T09:28:17.320Z</time></trkpt>
      <trkpt lat="24.453287" lon="111.162159"><time>2026-08-22T09:28:17.337Z</time></trkpt>
      <trkpt lat="24.453287" lon="111.162159"><time>2026-08-22T09:28:17.354Z</time></trkpt>
      <trkpt lat="24.453287" lon="111.162159"><time>2026-08-22T09:28:17.370Z</time></trkpt>
      <trkpt lat="24.453287" lon="111.162159"><time>2026-08-22T09:28:17.387Z</time></trkpt>
      <trkpt lat="24.45329" lon="111.162161"><time>2026-08-22T09:28:17.404Z</time></trkpt>
      <trkpt lat="24.45329" lon="111.162161"><time>2026-08-22T09:28:17.420Z</time></trkpt>
      <trkpt lat="24.45329" lon="111.162161"><time>2026-08-22T09:28:17.437Z</time></trkpt>
      <trkpt lat="24.45329" lon="111.162161"><time>2026-08-22T09:28:17.454Z</time></trkpt>
      <trkpt lat="24.45329" lon="111.162161"><time>2026-08-22T09:28:17.470Z</time></trkpt>
      <trkpt lat="24.45329" lon="111.162161"><time>2026-08-22T09:28:17.487Z</time></trkpt>
      <trkpt lat="24.453292" lon="111.162163"><time>2026-08-22T09:28:17.504Z</time></trkpt>
      <trkpt lat="24.453292" lon="111.162163"><time>2026-08-22T09:28:17.520Z</time></trkpt>
      <trkpt lat="24.453292" lon="111.162163"><time>2026-08-22T09:28:17.537Z</time></trkpt>
      <trkpt lat="24.453292" lon="111.162163"><time>2026-08-22T09:28:17.554Z</time></trkpt>
      <trkpt lat="24.453292" lon="111.162163"><time>2026-08-22T09:28:17.570Z</time></trkpt>
      <trkpt lat="24.453292" lon="111.162163"><time>2026-08-22T09:28:17.587Z</time></trkpt>
      <trkpt lat="24.453294" lon="111.162164"><time>2026-08-22T09:28:17.604Z</time></trkpt>
      <trkpt lat="24.453294" lon="111.162164"><time>2026-08-22T09:28:17.620Z</time></trkpt>
      <trkpt lat="24.453294" lon="111.162164"><time>2026-08-22T09:28:17.637Z</time></trkpt>
      <trkpt lat="24.453294" lon="111.162164"><time>2026-08-22T09:28:17.654Z</time></trkpt>
      <trkpt lat="24.453294" lon="111.162164"><time>2026-08-22T09:28:17.671Z</time></trkpt>
      <trkpt lat="24.453294" lon="111.162164"><time>2026-08-22T09:28:17.687Z</time></trkpt>
      <trkpt lat="24.453297" lon="111.162166"><time>2026-08-22T09:28:17.704Z</time></trkpt>
      <trkpt lat="24.453297" lon="111.162166"><time>2026-08-22T09:28:17.721Z</time></trkpt>
      <trkpt lat="24.453297" lon="111.162166"><time>2026-08-22T09:28:17.737Z</time></trkpt>
      <trkpt lat="24.453297" lon="111.162166"><time>2026-08-22T09:28:17.754Z</time></trkpt>
      <trkpt lat="24.453297" lon="111.162166"><time>2026-08-22T09:28:17.771Z</time></trkpt>
      <trkpt lat="24.453297" lon="111.162166"><time>2026-08-22T09:28:17.787Z</time></trkpt>
      <trkpt lat="24.453299" lon="111.162167"><time>2026-08-22T09:28:17.804Z</time></trkpt>
      <trkpt lat="24.453299" lon="111.162167"><time>2026-08-22T09:28:17.821Z</time></trkpt>
      <trkpt lat="24.453299" lon="111.162167"><time>2026-08-22T09:28:17.837Z</time></trkpt>
      <trkpt lat="24.453299" lon="111.162167"><time>2026-08-22T09:28:17.854Z</time></trkpt>
      <trkpt lat="24.453299" lon="111.162167"><time>2026-08-22T09:28:17.871Z</time></trkpt>
      <trkpt lat="24.453299" lon="111.162167"><time>2026-08-22T09:28:17.887Z</time></trkpt>
      <trkpt lat="24.453301" lon="111.162168"><time>2026-08-22T09:28:17.904Z</time></trkpt>
      <trkpt lat="24.453301" lon="111.162168"><time>2026-08-22T09:28:17.921Z</time></trkpt>
      <trkpt lat="24.453301" lon="111.162168"><time>2026-08-22T09:28:17.937Z</time></trkpt>
      <trkpt lat="24.453301" lon="111.162168"><time>2026-08-22T09:28:17.954Z</time></trkpt>
      <trkpt lat="24.453301" lon="111.162168"><time>2026-08-22T09:28:17.971Z</time></trkpt>
      <trkpt lat="24.453301" lon="111.162168"><time>2026-08-22T09:28:17.988Z</time></trkpt>
      <trkpt lat="24.453303" lon="111.162168"><time>2026-08-22T09:28:18.004Z</time></trkpt>
      <trkpt lat="24.453303" lon="111.162168"><time>2026-08-22T09:28:18.021Z</time></trkpt>
      <trkpt lat="24.453303" lon="111.162168"><time>2026-08-22T09:28:18.038Z</time></trkpt>
      <trkpt lat="24.453303" lon="111.162168"><time>2026-08-22T09:28:18.054Z</time></trkpt>
      <trkpt lat="24.453303" lon="111.162168"><time>2026-08-22T09:28:18.071Z</time></trkpt>
      <trkpt lat="24.453303" lon="111.162168"><time>2026-08-22T09:28:18.088Z</time></trkpt>
      <trkpt lat="24.453305" lon="111.162169"><time>2026-08-22T09:28:18.104Z</time></trkpt>
      <trkpt lat="24.453305" lon="111.162169"><time>2026-08-22T09:28:18.121Z</time></trkpt>
      <trkpt lat="24.453305" lon="111.162169"><time>2026-08-22T09:28:18.138Z</time></trkpt>
      <trkpt lat="24.453305" lon="111.162169"><time>2026-08-22T09:28:18.154Z</time></trkpt>
      <trkpt lat="24.453305" lon="111.162169"><time>2026-08-22T09:28:18.171Z</time></trkpt>
      <trkpt lat="24.453305" lon="111.162169"><time>2026-08-22T09:28:18.188Z</time></trkpt>
      <trkpt lat="24.453306" lon="111.162169"><time>2026-08-22T09:28:18.204Z</time></trkpt>
      <trkpt lat="24.453306" lon="111.162169"><time>2026-08-22T09:28:18.221Z</time></trkpt>
      <trkpt lat="24.453306" lon="111.162169"><time>2026-08-22T09:28:18.238Z</time></trkpt>
      <trkpt lat="24.453306" lon="111.162169"><time>2026-08-22T09:28:18.254Z</time></trkpt>
      <trkpt lat="24.453306" lon="111.162169"><time>2026-08-22T09:28:18.271Z</time></trkpt>
      <trkpt lat="24.453306" lon="111.162169"><time>2026-08-22T09:28:18.288Z</time></trkpt>
      <trkpt lat="24.453308" lon="111.16217"><time>2026-08-22T09:28:18.305Z</time></trkpt>
      <trkpt lat="24.453308" lon="111.16217"><time>2026-08-22T09:28:18.321Z</time></trkpt>
      <trkpt lat="24.453308" lon="111.16217"><time>2026-08-22T09:28:18.338Z</time></trkpt>
      <trkpt lat="24.453308" lon="111.16217"><time>2026-08-22T09:28:18.355Z</time></trkpt>
      <trkpt lat="24.453308" lon="111.16217"><time>2026-08-22T09:28:18.371Z</time></trkpt>
      <trkpt lat="24.453308" lon="111.16217"><time>2026-08-22T09:28:18.388Z</time></trkpt>
      <trkpt lat="24.453309" lon="111.16217"><time>2026-08-22T09:28:18.405Z</time></trkpt>
      <trkpt lat="24.453309" lon="111.16217"><time>2026-08-22T09:28:18.421Z</time></trkpt>
      <trkpt lat="24.453309" lon="111.16217"><time>2026-08-22T09:28:18.438Z</time></trkpt>
      <trkpt lat="24.453309" lon="111.16217"><time>2026-08-22T09:28:18.455Z</time></trkpt>
      <trkpt lat="24.453309" lon="111.16217"><time>2026-08-22T09:28:18.471Z</time></trkpt>
      <trkpt lat="24.453309" lon="111.16217"><time>2026-08-22T09:28:18.488Z</time></trkpt>
      <trkpt lat="24.453311" lon="111.16217"><time>2026-08-22T09:28:18.505Z</time></trkpt>
      <trkpt lat="24.453311" lon="111.16217"><time>2026-08-22T09:28:18.521Z</time></trkpt>
      <trkpt lat="24.453311" lon="111.16217"><time>2026-08-22T09:28:18.538Z</time></trkpt>
      <trkpt lat="24.453311" lon="111.16217"><time>2026-08-22T09:28:18.555Z</time></trkpt>
      <trkpt lat="24.453311" lon="111.16217"><time>2026-08-22T09:28:18.571Z</time></trkpt>
      <trkpt lat="24.453312" lon="111.162169"><time>2026-08-22T09:28:18.588Z</time></trkpt>
      <trkpt lat="24.453312" lon="111.162169"><time>2026-08-22T09:28:18.605Z</time></trkpt>
      <trkpt lat="24.453312" lon="111.162169"><time>2026-08-22T09:28:18.622Z</time></trkpt>
      <trkpt lat="24.453312" lon="111.162169"><time>2026-08-22T09:28:18.638Z</time></trkpt>
      <trkpt lat="24.453312" lon="111.162169"><time>2026-08-22T09:28:18.655Z</time></trkpt>
      <trkpt lat="24.453312" lon="111.162169"><time>2026-08-22T09:28:18.672Z</time></trkpt>
      <trkpt lat="24.453313" lon="111.162169"><time>2026-08-22T09:28:18.688Z</time></trkpt>
      <trkpt lat="24.453313" lon="111.162169"><time>2026-08-22T09:28:18.705Z</time></trkpt>
      <trkpt lat="24.453313" lon="111.162169"><time>2026-08-22T09:28:18.722Z</time></trkpt>
      <trkpt lat="24.453313" lon="111.162169"><time>2026-08-22T09:28:18.738Z</time></trkpt>
      <trkpt lat="24.453313" lon="111.162169"><time>2026-08-22T09:28:18.755Z</time></trkpt>
      <trkpt lat="24.453313" lon="111.162169"><time>2026-08-22T09:28:18.772Z</time></trkpt>
      <trkpt lat="24.453314" lon="111.162169"><time>2026-08-22T09:28:18.788Z</time></trkpt>
      <trkpt lat="24.453314" lon="111.162169"><time>2026-08-22T09:28:18.805Z</time></trkpt>
      <trkpt lat="24.453314" lon="111.162169"><time>2026-08-22T09:28:18.822Z</time></trkpt>
      <trkpt lat="24.453314" lon="111.162169"><time>2026-08-22T09:28:18.838Z</time></trkpt>
      <trkpt lat="24.453314" lon="111.162169"><time>2026-08-22T09:28:18.855Z</time></trkpt>
      <trkpt lat="24.453314" lon="111.162169"><time>2026-08-22T09:28:18.872Z</time></trkpt>
      <trkpt lat="24.453316" lon="111.162169"><time>2026-08-22T09:28:18.888Z</time></trkpt>
      <trkpt lat="24.453316" lon="111.162169"><time>2026-08-22T09:28:18.905Z</time></trkpt>
      <trkpt lat="24.453316" lon="111.162169"><time>2026-08-22T09:28:18.922Z</time></trkpt>
      <trkpt lat="24.453316" lon="111.162169"><time>2026-08-22T09:28:18.938Z</time></trkpt>
      <trkpt lat="24.453316" lon="111.162169"><time>2026-08-22T09:28:18.955Z</time></trkpt>
      <trkpt lat="24.453316" lon="111.162169"><time>2026-08-22T09:28:18.972Z</time></trkpt>
      <trkpt lat="24.453316" lon="111.162169"><time>2026-08-22T09:28:18.989Z</time></trkpt>
      <trkpt lat="24.453317" lon="111.162168"><time>2026-08-22T09:28:19.005Z</time></trkpt>
      <trkpt lat="24.453317" lon="111.162168"><time>2026-08-22T09:28:19.022Z</time></trkpt>
      <trkpt lat="24.453317" lon="111.162168"><time>2026-08-22T09:28:19.039Z</time></trkpt>
      <trkpt lat="24.453317" lon="111.162168"><time>2026-08-22T09:28:19.055Z</time></trkpt>
      <trkpt lat="24.453317" lon="111.162168"><time>2026-08-22T09:28:19.072Z</time></trkpt>
      <trkpt lat="24.453318" lon="111.162168"><time>2026-08-22T09:28:19.089Z</time></trkpt>
      <trkpt lat="24.453318" lon="111.162168"><time>2026-08-22T09:28:19.105Z</time></trkpt>
      <trkpt lat="24.453318" lon="111.162168"><time>2026-08-22T09:28:19.122Z</time></trkpt>
      <trkpt lat="24.453318" lon="111.162168"><time>2026-08-22T09:28:19.139Z</time></trkpt>
      <trkpt lat="24.453318" lon="111.162168"><time>2026-08-22T09:28:19.155Z</time></trkpt>
      <trkpt lat="24.453318" lon="111.162168"><time>2026-08-22T09:28:19.172Z</time></trkpt>
      <trkpt lat="24.453319" lon="111.162168"><time>2026-08-22T09:28:19.189Z</time></trkpt>
      <trkpt lat="24.453319" lon="111.162168"><time>2026-08-22T09:28:19.205Z</time></trkpt>
      <trkpt lat="24.453319" lon="111.162168"><time>2026-08-22T09:28:19.222Z</time></trkpt>
      <trkpt lat="24.453319" lon="111.162168"><time>2026-08-22T09:28:19.239Z</time></trkpt>
      <trkpt lat="24.453319" lon="111.162168"><time>2026-08-22T09:28:19.255Z</time></trkpt>
      <trkpt lat="24.453319" lon="111.162168"><time>2026-08-22T09:28:19.272Z</time></trkpt>
      <trkpt lat="24.45332" lon="111.162168"><time>2026-08-22T09:28:19.289Z</time></trkpt>
      <trkpt lat="24.45332" lon="111.162168"><time>2026-08-22T09:28:19.306Z</time></trkpt>
      <trkpt lat="24.45332" lon="111.162168"><time>2026-08-22T09:28:19.322Z</time></trkpt>
      <trkpt lat="24.45332" lon="111.162168"><time>2026-08-22T09:28:19.339Z</time></trkpt>
      <trkpt lat="24.45332" lon="111.162168"><time>2026-08-22T09:28:19.356Z</time></trkpt>
      <trkpt lat="24.45332" lon="111.162168"><time>2026-08-22T09:28:19.372Z</time></trkpt>
      <trkpt lat="24.45332" lon="111.162168"><time>2026-08-22T09:28:19.389Z</time></trkpt>
      <trkpt lat="24.453322" lon="111.162169"><time>2026-08-22T09:28:19.406Z</time></trkpt>
      <trkpt lat="24.453322" lon="111.162169"><time>2026-08-22T09:28:19.422Z</time></trkpt>
      <trkpt lat="24.453322" lon="111.162169"><time>2026-08-22T09:28:19.439Z</time></trkpt>
      <trkpt lat="24.453322" lon="111.162169"><time>2026-08-22T09:28:19.456Z</time></trkpt>
      <trkpt lat="24.453322" lon="111.162169"><time>2026-08-22T09:28:19.472Z</time></trkpt>
      <trkpt lat="24.453323" lon="111.162169"><time>2026-08-22T09:28:19.489Z</time></trkpt>
      <trkpt lat="24.453323" lon="111.162169"><time>2026-08-22T09:28:19.506Z</time></trkpt>
      <trkpt lat="24.453323" lon="111.162169"><time>2026-08-22T09:28:19.522Z</time></trkpt>
      <trkpt lat="24.453323" lon="111.162169"><time>2026-08-22T09:28:19.539Z</time></trkpt>
      <trkpt lat="24.453323" lon="111.162169"><time>2026-08-22T09:28:19.556Z</time></trkpt>
      <trkpt lat="24.453323" lon="111.162169"><time>2026-08-22T09:28:19.572Z</time></trkpt>
      <trkpt lat="24.453324" lon="111.16217"><time>2026-08-22T09:28:19.589Z</time></trkpt>
      <trkpt lat="24.453324" lon="111.16217"><time>2026-08-22T09:28:19.606Z</time></trkpt>
      <trkpt lat="24.453324" lon="111.16217"><time>2026-08-22T09:28:19.623Z</time></trkpt>
      <trkpt lat="24.453324" lon="111.16217"><time>2026-08-22T09:28:19.639Z</time></trkpt>
      <trkpt lat="24.453324" lon="111.16217"><time>2026-08-22T09:28:19.656Z</time></trkpt>
      <trkpt lat="24.453324" lon="111.16217"><time>2026-08-22T09:28:19.673Z</time></trkpt>
      <trkpt lat="24.453326" lon="111.162171"><time>2026-08-22T09:28:19.689Z</time></trkpt>
      <trkpt lat="24.453326" lon="111.162171"><time>2026-08-22T09:28:19.706Z</time></trkpt>
      <trkpt lat="24.453326" lon="111.162171"><time>2026-08-22T09:28:19.723Z</time></trkpt>
      <trkpt lat="24.453326" lon="111.162171"><time>2026-08-22T09:28:19.739Z</time></trkpt>
      <trkpt lat="24.453326" lon="111.162171"><time>2026-08-22T09:28:19.756Z</time></trkpt>
      <trkpt lat="24.453326" lon="111.162171"><time>2026-08-22T09:28:19.773Z</time></trkpt>
      <trkpt lat="24.453327" lon="111.162172"><time>2026-08-22T09:28:19.789Z</time></trkpt>
      <trkpt lat="24.453327" lon="111.162172"><time>2026-08-22T09:28:19.806Z</time></trkpt>
      <trkpt lat="24.453327" lon="111.162172"><time>2026-08-22T09:28:19.823Z</time></trkpt>
      <trkpt lat="24.453327" lon="111.162172"><time>2026-08-22T09:28:19.839Z</time></trkpt>
      <trkpt lat="24.453327" lon="111.162172"><time>2026-08-22T09:28:19.856Z</time></trkpt>
      <trkpt lat="24.453327" lon="111.162172"><time>2026-08-22T09:28:19.873Z</time></trkpt>
      <trkpt lat="24.453329" lon="111.162173"><time>2026-08-22T09:28:19.889Z</time></trkpt>
      <trkpt lat="24.453329" lon="111.162173"><time>2026-08-22T09:28:19.906Z</time></trkpt>
      <trkpt lat="24.453329" lon="111.162173"><time>2026-08-22T09:28:19.923Z</time></trkpt>
      <trkpt lat="24.453329" lon="111.162173"><time>2026-08-22T09:28:19.940Z</time></trkpt>
      <trkpt lat="24.453329" lon="111.162173"><time>2026-08-22T09:28:19.956Z</time></trkpt>
      <trkpt lat="24.453329" lon="111.162173"><time>2026-08-22T09:28:19.973Z</time></trkpt>
      <trkpt lat="24.45333" lon="111.162174"><time>2026-08-22T09:28:19.990Z</time></trkpt>
      <trkpt lat="24.45333" lon="111.162174"><time>2026-08-22T09:28:20.006Z</time></trkpt>
      <trkpt lat="24.45333" lon="111.162174"><time>2026-08-22T09:28:20.023Z</time></trkpt>
      <trkpt lat="24.45333" lon="111.162174"><time>2026-08-22T09:28:20.040Z</time></trkpt>
      <trkpt lat="24.45333" lon="111.162174"><time>2026-08-22T09:28:20.056Z</time></trkpt>
      <trkpt lat="24.45333" lon="111.162174"><time>2026-08-22T09:28:20.073Z</time></trkpt>
      <trkpt lat="24.453332" lon="111.162176"><time>2026-08-22T09:28:20.090Z</time></trkpt>
      <trkpt lat="24.453332" lon="111.162176"><time>2026-08-22T09:28:20.106Z</time></trkpt>
      <trkpt lat="24.453332" lon="111.162176"><time>2026-08-22T09:28:20.123Z</time></trkpt>
      <trkpt lat="24.453332" lon="111.162176"><time>2026-08-22T09:28:20.140Z</time></trkpt>
      <trkpt lat="24.453332" lon="111.162176"><time>2026-08-22T09:28:20.156Z</time></trkpt>
      <trkpt lat="24.453332" lon="111.162176"><time>2026-08-22T09:28:20.173Z</time></trkpt>
      <trkpt lat="24.453334" lon="111.162177"><time>2026-08-22T09:28:20.190Z</time></trkpt>
      <trkpt lat="24.453334" lon="111.162177"><time>2026-08-22T09:28:20.206Z</time></trkpt>
      <trkpt lat="24.453334" lon="111.162177"><time>2026-08-22T09:28:20.223Z</time></trkpt>
      <trkpt lat="24.453334" lon="111.162177"><time>2026-08-22T09:28:20.240Z</time></trkpt>
      <trkpt lat="24.453334" lon="111.162177"><time>2026-08-22T09:28:20.257Z</time></trkpt>
      <trkpt lat="24.453334" lon="111.162177"><time>2026-08-22T09:28:20.273Z</time></trkpt>
      <trkpt lat="24.453335" lon="111.162179"><time>2026-08-22T09:28:20.290Z</time></trkpt>
      <trkpt lat="24.453335" lon="111.162179"><time>2026-08-22T09:28:20.307Z</time></trkpt>
      <trkpt lat="24.453335" lon="111.162179"><time>2026-08-22T09:28:20.323Z</time></trkpt>
      <trkpt lat="24.453335" lon="111.162179"><time>2026-08-22T09:28:20.340Z</time></trkpt>
      <trkpt lat="24.453335" lon="111.162179"><time>2026-08-22T09:28:20.357Z</time></trkpt>
      <trkpt lat="24.453335" lon="111.162179"><time>2026-08-22T09:28:20.373Z</time></trkpt>
      <trkpt lat="24.453337" lon="111.162181"><time>2026-08-22T09:28:20.390Z</time></trkpt>
      <trkpt lat="24.453337" lon="111.162181"><time>2026-08-22T09:28:20.407Z</time></trkpt>
      <trkpt lat="24.453337" lon="111.162181"><time>2026-08-22T09:28:20.423Z</time></trkpt>
      <trkpt lat="24.453337" lon="111.162181"><time>2026-08-22T09:28:20.440Z</time></trkpt>
      <trkpt lat="24.453337" lon="111.162181"><time>2026-08-22T09:28:20.457Z</time></trkpt>
      <trkpt lat="24.453337" lon="111.162181"><time>2026-08-22T09:28:20.473Z</time></trkpt>
      <trkpt lat="24.453338" lon="111.162182"><time>2026-08-22T09:28:20.490Z</time></trkpt>
      <trkpt lat="24.453338" lon="111.162182"><time>2026-08-22T09:28:20.507Z</time></trkpt>
      <trkpt lat="24.453338" lon="111.162182"><time>2026-08-22T09:28:20.523Z</time></trkpt>
      <trkpt lat="24.453338" lon="111.162182"><time>2026-08-22T09:28:20.540Z</time></trkpt>
      <trkpt lat="24.453338" lon="111.162182"><time>2026-08-22T09:28:20.557Z</time></trkpt>
      <trkpt lat="24.453338" lon="111.162182"><time>2026-08-22T09:28:20.574Z</time></trkpt>
      <trkpt lat="24.45334" lon="111.162184"><time>2026-08-22T09:28:20.590Z</time></trkpt>
      <trkpt lat="24.45334" lon="111.162184"><time>2026-08-22T09:28:20.607Z</time></trkpt>
      <trkpt lat="24.45334" lon="111.162184"><time>2026-08-22T09:28:20.624Z</time></trkpt>
      <trkpt lat="24.45334" lon="111.162184"><time>2026-08-22T09:28:20.640Z</time></trkpt>
      <trkpt lat="24.45334" lon="111.162184"><time>2026-08-22T09:28:20.657Z</time></trkpt>
      <trkpt lat="24.45334" lon="111.162184"><time>2026-08-22T09:28:20.674Z</time></trkpt>
      <trkpt lat="24.453342" lon="111.162186"><time>2026-08-22T09:28:20.690Z</time></trkpt>
      <trkpt lat="24.453342" lon="111.162186"><time>2026-08-22T09:28:20.707Z</time></trkpt>
      <trkpt lat="24.453342" lon="111.162186"><time>2026-08-22T09:28:20.724Z</time></trkpt>
      <trkpt lat="24.453342" lon="111.162186"><time>2026-08-22T09:28:20.740Z</time></trkpt>
      <trkpt lat="24.453342" lon="111.162186"><time>2026-08-22T09:28:20.757Z</time></trkpt>
      <trkpt lat="24.453342" lon="111.162186"><time>2026-08-22T09:28:20.774Z</time></trkpt>
      <trkpt lat="24.453343" lon="111.162188"><time>2026-08-22T09:28:20.790Z</time></trkpt>
      <trkpt lat="24.453343" lon="111.162188"><time>2026-08-22T09:28:20.807Z</time></trkpt>
      <trkpt lat="24.453343" lon="111.162188"><time>2026-08-22T09:28:20.824Z</time></trkpt>
      <trkpt lat="24.453343" lon="111.162188"><time>2026-08-22T09:28:20.840Z</time></trkpt>
      <trkpt lat="24.453343" lon="111.162188"><time>2026-08-22T09:28:20.857Z</time></trkpt>
      <trkpt lat="24.453343" lon="111.162188"><time>2026-08-22T09:28:20.874Z</time></trkpt>
      <trkpt lat="24.453345" lon="111.162189"><time>2026-08-22T09:28:20.891Z</time></trkpt>
      <trkpt lat="24.453345" lon="111.162189"><time>2026-08-22T09:28:20.907Z</time></trkpt>
      <trkpt lat="24.453345" lon="111.162189"><time>2026-08-22T09:28:20.924Z</time></trkpt>
      <trkpt lat="24.453345" lon="111.162189"><time>2026-08-22T09:28:20.941Z</time></trkpt>
      <trkpt lat="24.453345" lon="111.162189"><time>2026-08-22T09:28:20.957Z</time></trkpt>
      <trkpt lat="24.453345" lon="111.162189"><time>2026-08-22T09:28:20.974Z</time></trkpt>
      <trkpt lat="24.453346" lon="111.162191"><time>2026-08-22T09:28:20.991Z</time></trkpt>
      <trkpt lat="24.453346" lon="111.162191"><time>2026-08-22T09:28:21.007Z</time></trkpt>
      <trkpt lat="24.453346" lon="111.162191"><time>2026-08-22T09:28:21.024Z</time></trkpt>
      <trkpt lat="24.453346" lon="111.162191"><time>2026-08-22T09:28:21.041Z</time></trkpt>
      <trkpt lat="24.453346" lon="111.162191"><time>2026-08-22T09:28:21.057Z</time></trkpt>
      <trkpt lat="24.453346" lon="111.162191"><time>2026-08-22T09:28:21.074Z</time></trkpt>
      <trkpt lat="24.453347" lon="111.162193"><time>2026-08-22T09:28:21.091Z</time></trkpt>
      <trkpt lat="24.453347" lon="111.162193"><time>2026-08-22T09:28:21.107Z</time></trkpt>
      <trkpt lat="24.453347" lon="111.162193"><time>2026-08-22T09:28:21.124Z</time></trkpt>
      <trkpt lat="24.453347" lon="111.162193"><time>2026-08-22T09:28:21.141Z</time></trkpt>
      <trkpt lat="24.453347" lon="111.162193"><time>2026-08-22T09:28:21.157Z</time></trkpt>
      <trkpt lat="24.453347" lon="111.162193"><time>2026-08-22T09:28:21.174Z</time></trkpt>
      <trkpt lat="24.453349" lon="111.162195"><time>2026-08-22T09:28:21.191Z</time></trkpt>
      <trkpt lat="24.453349" lon="111.162195"><time>2026-08-22T09:28:21.208Z</time></trkpt>
      <trkpt lat="24.453349" lon="111.162195"><time>2026-08-22T09:28:21.224Z</time></trkpt>
      <trkpt lat="24.453349" lon="111.162195"><time>2026-08-22T09:28:21.241Z</time></trkpt>
      <trkpt lat="24.453349" lon="111.162195"><time>2026-08-22T09:28:21.258Z</time></trkpt>
      <trkpt lat="24.453349" lon="111.162195"><time>2026-08-22T09:28:21.274Z</time></trkpt>
      <trkpt lat="24.45335" lon="111.162196"><time>2026-08-22T09:28:21.291Z</time></trkpt>
      <trkpt lat="24.45335" lon="111.162196"><time>2026-08-22T09:28:21.308Z</time></trkpt>
      <trkpt lat="24.45335" lon="111.162196"><time>2026-08-22T09:28:21.324Z</time></trkpt>
      <trkpt lat="24.45335" lon="111.162196"><time>2026-08-22T09:28:21.341Z</time></trkpt>
      <trkpt lat="24.45335" lon="111.162196"><time>2026-08-22T09:28:21.358Z</time></trkpt>
      <trkpt lat="24.45335" lon="111.162196"><time>2026-08-22T09:28:21.374Z</time></trkpt>
      <trkpt lat="24.453351" lon="111.162198"><time>2026-08-22T09:28:21.391Z</time></trkpt>
      <trkpt lat="24.453351" lon="111.162198"><time>2026-08-22T09:28:21.408Z</time></trkpt>
      <trkpt lat="24.453351" lon="111.162198"><time>2026-08-22T09:28:21.424Z</time></trkpt>
      <trkpt lat="24.453351" lon="111.162198"><time>2026-08-22T09:28:21.441Z</time></trkpt>
      <trkpt lat="24.453351" lon="111.162198"><time>2026-08-22T09:28:21.458Z</time></trkpt>
      <trkpt lat="24.453351" lon="111.162198"><time>2026-08-22T09:28:21.474Z</time></trkpt>
      <trkpt lat="24.453353" lon="111.1622"><time>2026-08-22T09:28:21.491Z</time></trkpt>
      <trkpt lat="24.453353" lon="111.1622"><time>2026-08-22T09:28:21.508Z</time></trkpt>
      <trkpt lat="24.453353" lon="111.1622"><time>2026-08-22T09:28:21.525Z</time></trkpt>
      <trkpt lat="24.453353" lon="111.1622"><time>2026-08-22T09:28:21.541Z</time></trkpt>
      <trkpt lat="24.453353" lon="111.1622"><time>2026-08-22T09:28:21.558Z</time></trkpt>
      <trkpt lat="24.453353" lon="111.1622"><time>2026-08-22T09:28:21.575Z</time></trkpt>
      <trkpt lat="24.453354" lon="111.162201"><time>2026-08-22T09:28:21.591Z</time></trkpt>
      <trkpt lat="24.453354" lon="111.162201"><time>2026-08-22T09:28:21.608Z</time></trkpt>
      <trkpt lat="24.453354" lon="111.162201"><time>2026-08-22T09:28:21.625Z</time></trkpt>
      <trkpt lat="24.453354" lon="111.162201"><time>2026-08-22T09:28:21.641Z</time></trkpt>
      <trkpt lat="24.453354" lon="111.162201"><time>2026-08-22T09:28:21.658Z</time></trkpt>
      <trkpt lat="24.453354" lon="111.162201"><time>2026-08-22T09:28:21.675Z</time></trkpt>
      <trkpt lat="24.453356" lon="111.162203"><time>2026-08-22T09:28:21.691Z</time></trkpt>
      <trkpt lat="24.453356" lon="111.162203"><time>2026-08-22T09:28:21.708Z</time></trkpt>
      <trkpt lat="24.453356" lon="111.162203"><time>2026-08-22T09:28:21.725Z</time></trkpt>
      <trkpt lat="24.453356" lon="111.162203"><time>2026-08-22T09:28:21.741Z</time></trkpt>
      <trkpt lat="24.453356" lon="111.162203"><time>2026-08-22T09:28:21.758Z</time></trkpt>
      <trkpt lat="24.453356" lon="111.162203"><time>2026-08-22T09:28:21.775Z</time></trkpt>
      <trkpt lat="24.453357" lon="111.162205"><time>2026-08-22T09:28:21.791Z</time></trkpt>
      <trkpt lat="24.453357" lon="111.162205"><time>2026-08-22T09:28:21.808Z</time></trkpt>
      <trkpt lat="24.453357" lon="111.162205"><time>2026-08-22T09:28:21.825Z</time></trkpt>
      <trkpt lat="24.453357" lon="111.162205"><time>2026-08-22T09:28:21.842Z</time></trkpt>
      <trkpt lat="24.453357" lon="111.162205"><time>2026-08-22T09:28:21.858Z</time></trkpt>
      <trkpt lat="24.453357" lon="111.162205"><time>2026-08-22T09:28:21.875Z</time></trkpt>
      <trkpt lat="24.453359" lon="111.162206"><time>2026-08-22T09:28:21.892Z</time></trkpt>
      <trkpt lat="24.453359" lon="111.162206"><time>2026-08-22T09:28:21.908Z</time></trkpt>
      <trkpt lat="24.453359" lon="111.162206"><time>2026-08-22T09:28:21.925Z</time></trkpt>
      <trkpt lat="24.453359" lon="111.162206"><time>2026-08-22T09:28:21.942Z</time></trkpt>
      <trkpt lat="24.453359" lon="111.162206"><time>2026-08-22T09:28:21.958Z</time></trkpt>
      <trkpt lat="24.453359" lon="111.162206"><time>2026-08-22T09:28:21.975Z</time></trkpt>
      <trkpt lat="24.45336" lon="111.162208"><time>2026-08-22T09:28:21.992Z</time></trkpt>
      <trkpt lat="24.45336" lon="111.162208"><time>2026-08-22T09:28:22.008Z</time></trkpt>
      <trkpt lat="24.45336" lon="111.162208"><time>2026-08-22T09:28:22.025Z</time></trkpt>
      <trkpt lat="24.45336" lon="111.162208"><time>2026-08-22T09:28:22.042Z</time></trkpt>
      <trkpt lat="24.45336" lon="111.162208"><time>2026-08-22T09:28:22.058Z</time></trkpt>
      <trkpt lat="24.45336" lon="111.162208"><time>2026-08-22T09:28:22.075Z</time></trkpt>
      <trkpt lat="24.453362" lon="111.16221"><time>2026-08-22T09:28:22.092Z</time></trkpt>
      <trkpt lat="24.453362" lon="111.16221"><time>2026-08-22T09:28:22.108Z</time></trkpt>
      <trkpt lat="24.453362" lon="111.16221"><time>2026-08-22T09:28:22.125Z</time></trkpt>
      <trkpt lat="24.453362" lon="111.16221"><time>2026-08-22T09:28:22.142Z</time></trkpt>
      <trkpt lat="24.453362" lon="111.16221"><time>2026-08-22T09:28:22.159Z</time></trkpt>
      <trkpt lat="24.453362" lon="111.16221"><time>2026-08-22T09:28:22.175Z</time></trkpt>
      <trkpt lat="24.453364" lon="111.162211"><time>2026-08-22T09:28:22.192Z</time></trkpt>
      <trkpt lat="24.453364" lon="111.162211"><time>2026-08-22T09:28:22.209Z</time></trkpt>
      <trkpt lat="24.453364" lon="111.162211"><time>2026-08-22T09:28:22.225Z</time></trkpt>
      <trkpt lat="24.453364" lon="111.162211"><time>2026-08-22T09:28:22.242Z</time></trkpt>
      <trkpt lat="24.453364" lon="111.162211"><time>2026-08-22T09:28:22.259Z</time></trkpt>
      <trkpt lat="24.453364" lon="111.162211"><time>2026-08-22T09:28:22.275Z</time></trkpt>
      <trkpt lat="24.453365" lon="111.162213"><time>2026-08-22T09:28:22.292Z</time></trkpt>
      <trkpt lat="24.453365" lon="111.162213"><time>2026-08-22T09:28:22.309Z</time></trkpt>
      <trkpt lat="24.453365" lon="111.162213"><time>2026-08-22T09:28:22.325Z</time></trkpt>
      <trkpt lat="24.453365" lon="111.162213"><time>2026-08-22T09:28:22.342Z</time></trkpt>
      <trkpt lat="24.453365" lon="111.162213"><time>2026-08-22T09:28:22.359Z</time></trkpt>
      <trkpt lat="24.453365" lon="111.162213"><time>2026-08-22T09:28:22.375Z</time></trkpt>
      <trkpt lat="24.453367" lon="111.162215"><time>2026-08-22T09:28:22.392Z</time></trkpt>
      <trkpt lat="24.453367" lon="111.162215"><time>2026-08-22T09:28:22.409Z</time></trkpt>
      <trkpt lat="24.453367" lon="111.162215"><time>2026-08-22T09:28:22.425Z</time></trkpt>
      <trkpt lat="24.453367" lon="111.162215"><time>2026-08-22T09:28:22.442Z</time></trkpt>
      <trkpt lat="24.453367" lon="111.162215"><time>2026-08-22T09:28:22.459Z</time></trkpt>
      <trkpt lat="24.453367" lon="111.162215"><time>2026-08-22T09:28:22.476Z</time></trkpt>
      <trkpt lat="24.453368" lon="111.162217"><time>2026-08-22T09:28:22.492Z</time></trkpt>
      <trkpt lat="24.453368" lon="111.162217"><time>2026-08-22T09:28:22.509Z</time></trkpt>
      <trkpt lat="24.453368" lon="111.162217"><time>2026-08-22T09:28:22.526Z</time></trkpt>
      <trkpt lat="24.453368" lon="111.162217"><time>2026-08-22T09:28:22.542Z</time></trkpt>
      <trkpt lat="24.453368" lon="111.162217"><time>2026-08-22T09:28:22.559Z</time></trkpt>
      <trkpt lat="24.453368" lon="111.162217"><time>2026-08-22T09:28:22.576Z</time></trkpt>
      <trkpt lat="24.45337" lon="111.162219"><time>2026-08-22T09:28:22.592Z</time></trkpt>
      <trkpt lat="24.45337" lon="111.162219"><time>2026-08-22T09:28:22.609Z</time></trkpt>
      <trkpt lat="24.45337" lon="111.162219"><time>2026-08-22T09:28:22.626Z</time></trkpt>
      <trkpt lat="24.45337" lon="111.162219"><time>2026-08-22T09:28:22.642Z</time></trkpt>
      <trkpt lat="24.45337" lon="111.162219"><time>2026-08-22T09:28:22.659Z</time></trkpt>
      <trkpt lat="24.45337" lon="111.162219"><time>2026-08-22T09:28:22.676Z</time></trkpt>
      <trkpt lat="24.453372" lon="111.16222"><time>2026-08-22T09:28:22.692Z</time></trkpt>
      <trkpt lat="24.453372" lon="111.16222"><time>2026-08-22T09:28:22.709Z</time></trkpt>
      <trkpt lat="24.453372" lon="111.16222"><time>2026-08-22T09:28:22.726Z</time></trkpt>
      <trkpt lat="24.453372" lon="111.16222"><time>2026-08-22T09:28:22.742Z</time></trkpt>
      <trkpt lat="24.453372" lon="111.16222"><time>2026-08-22T09:28:22.759Z</time></trkpt>
      <trkpt lat="24.453372" lon="111.16222"><time>2026-08-22T09:28:22.776Z</time></trkpt>
      <trkpt lat="24.453373" lon="111.162222"><time>2026-08-22T09:28:22.793Z</time></trkpt>
      <trkpt lat="24.453373" lon="111.162222"><time>2026-08-22T09:28:22.809Z</time></trkpt>
      <trkpt lat="24.453373" lon="111.162222"><time>2026-08-22T09:28:22.826Z</time></trkpt>
      <trkpt lat="24.453373" lon="111.162222"><time>2026-08-22T09:28:22.843Z</time></trkpt>
      <trkpt lat="24.453373" lon="111.162222"><time>2026-08-22T09:28:22.859Z</time></trkpt>
      <trkpt lat="24.453373" lon="111.162222"><time>2026-08-22T09:28:22.876Z</time></trkpt>
      <trkpt lat="24.453375" lon="111.162224"><time>2026-08-22T09:28:22.893Z</time></trkpt>
      <trkpt lat="24.453375" lon="111.162224"><time>2026-08-22T09:28:22.909Z</time></trkpt>
      <trkpt lat="24.453375" lon="111.162224"><time>2026-08-22T09:28:22.926Z</time></trkpt>
      <trkpt lat="24.453375" lon="111.162224"><time>2026-08-22T09:28:22.943Z</time></trkpt>
      <trkpt lat="24.453375" lon="111.162224"><time>2026-08-22T09:28:22.959Z</time></trkpt>
      <trkpt lat="24.453375" lon="111.162224"><time>2026-08-22T09:28:22.976Z</time></trkpt>
      <trkpt lat="24.453377" lon="111.162226"><time>2026-08-22T09:28:22.993Z</time></trkpt>
      <trkpt lat="24.453377" lon="111.162226"><time>2026-08-22T09:28:23.009Z</time></trkpt>
      <trkpt lat="24.453377" lon="111.162226"><time>2026-08-22T09:28:23.026Z</time></trkpt>
      <trkpt lat="24.453377" lon="111.162226"><time>2026-08-22T09:28:23.043Z</time></trkpt>
      <trkpt lat="24.453377" lon="111.162226"><time>2026-08-22T09:28:23.059Z</time></trkpt>
      <trkpt lat="24.453377" lon="111.162226"><time>2026-08-22T09:28:23.076Z</time></trkpt>
      <trkpt lat="24.453378" lon="111.162228"><time>2026-08-22T09:28:23.093Z</time></trkpt>
      <trkpt lat="24.453378" lon="111.162228"><time>2026-08-22T09:28:23.110Z</time></trkpt>
      <trkpt lat="24.453378" lon="111.162228"><time>2026-08-22T09:28:23.126Z</time></trkpt>
      <trkpt lat="24.453378" lon="111.162228"><time>2026-08-22T09:28:23.143Z</time></trkpt>
      <trkpt lat="24.453378" lon="111.162228"><time>2026-08-22T09:28:23.160Z</time></trkpt>
      <trkpt lat="24.453378" lon="111.162228"><time>2026-08-22T09:28:23.176Z</time></trkpt>
      <trkpt lat="24.45338" lon="111.16223"><time>2026-08-22T09:28:23.193Z</time></trkpt>
      <trkpt lat="24.45338" lon="111.16223"><time>2026-08-22T09:28:23.210Z</time></trkpt>
      <trkpt lat="24.45338" lon="111.16223"><time>2026-08-22T09:28:23.226Z</time></trkpt>
      <trkpt lat="24.45338" lon="111.16223"><time>2026-08-22T09:28:23.243Z</time></trkpt>
      <trkpt lat="24.45338" lon="111.16223"><time>2026-08-22T09:28:23.260Z</time></trkpt>
      <trkpt lat="24.45338" lon="111.16223"><time>2026-08-22T09:28:23.276Z</time></trkpt>
      <trkpt lat="24.453382" lon="111.162232"><time>2026-08-22T09:28:23.293Z</time></trkpt>
      <trkpt lat="24.453382" lon="111.162232"><time>2026-08-22T09:28:23.310Z</time></trkpt>
      <trkpt lat="24.453382" lon="111.162232"><time>2026-08-22T09:28:23.326Z</time></trkpt>
      <trkpt lat="24.453382" lon="111.162232"><time>2026-08-22T09:28:23.343Z</time></trkpt>
      <trkpt lat="24.453382" lon="111.162232"><time>2026-08-22T09:28:23.360Z</time></trkpt>
      <trkpt lat="24.453382" lon="111.162232"><time>2026-08-22T09:28:23.376Z</time></trkpt>
      <trkpt lat="24.453384" lon="111.162233"><time>2026-08-22T09:28:23.393Z</time></trkpt>
      <trkpt lat="24.453384" lon="111.162233"><time>2026-08-22T09:28:23.410Z</time></trkpt>
      <trkpt lat="24.453384" lon="111.162233"><time>2026-08-22T09:28:23.427Z</time></trkpt>
      <trkpt lat="24.453384" lon="111.162233"><time>2026-08-22T09:28:23.443Z</time></trkpt>
      <trkpt lat="24.453384" lon="111.162233"><time>2026-08-22T09:28:23.460Z</time></trkpt>
      <trkpt lat="24.453384" lon="111.162233"><time>2026-08-22T09:28:23.477Z</time></trkpt>
      <trkpt lat="24.453384" lon="111.162233"><time>2026-08-22T09:28:23.493Z</time></trkpt>
      <trkpt lat="24.453385" lon="111.162235"><time>2026-08-22T09:28:23.510Z</time></trkpt>
      <trkpt lat="24.453385" lon="111.162235"><time>2026-08-22T09:28:23.527Z</time></trkpt>
      <trkpt lat="24.453385" lon="111.162235"><time>2026-08-22T09:28:23.543Z</time></trkpt>
      <trkpt lat="24.453385" lon="111.162235"><time>2026-08-22T09:28:23.560Z</time></trkpt>
      <trkpt lat="24.453385" lon="111.162235"><time>2026-08-22T09:28:23.577Z</time></trkpt>
      <trkpt lat="24.453387" lon="111.162237"><time>2026-08-22T09:28:23.593Z</time></trkpt>
      <trkpt lat="24.453387" lon="111.162237"><time>2026-08-22T09:28:23.610Z</time></trkpt>
      <trkpt lat="24.453387" lon="111.162237"><time>2026-08-22T09:28:23.627Z</time></trkpt>
      <trkpt lat="24.453387" lon="111.162237"><time>2026-08-22T09:28:23.643Z</time></trkpt>
      <trkpt lat="24.453387" lon="111.162237"><time>2026-08-22T09:28:23.660Z</time></trkpt>
      <trkpt lat="24.453387" lon="111.162237"><time>2026-08-22T09:28:23.677Z</time></trkpt>
      <trkpt lat="24.453385" lon="111.162241"><time>2026-08-22T09:28:23.693Z</time></trkpt>
      <trkpt lat="24.453385" lon="111.162241"><time>2026-08-22T09:28:23.710Z</time></trkpt>
      <trkpt lat="24.453385" lon="111.162241"><time>2026-08-22T09:28:23.727Z</time></trkpt>
      <trkpt lat="24.453385" lon="111.162241"><time>2026-08-22T09:28:23.744Z</time></trkpt>
      <trkpt lat="24.453385" lon="111.162241"><time>2026-08-22T09:28:23.760Z</time></trkpt>
      <trkpt lat="24.453385" lon="111.162241"><time>2026-08-22T09:28:23.777Z</time></trkpt>
      <trkpt lat="24.453387" lon="111.162243"><time>2026-08-22T09:28:23.794Z</time></trkpt>
      <trkpt lat="24.453387" lon="111.162243"><time>2026-08-22T09:28:23.810Z</time></trkpt>
      <trkpt lat="24.453387" lon="111.162243"><time>2026-08-22T09:28:23.827Z</time></trkpt>
      <trkpt lat="24.453387" lon="111.162243"><time>2026-08-22T09:28:23.844Z</time></trkpt>
      <trkpt lat="24.453387" lon="111.162243"><time>2026-08-22T09:28:23.860Z</time></trkpt>
      <trkpt lat="24.453387" lon="111.162243"><time>2026-08-22T09:28:23.877Z</time></trkpt>
      <trkpt lat="24.453388" lon="111.162244"><time>2026-08-22T09:28:23.894Z</time></trkpt>
      <trkpt lat="24.453388" lon="111.162244"><time>2026-08-22T09:28:23.910Z</time></trkpt>
      <trkpt lat="24.453388" lon="111.162244"><time>2026-08-22T09:28:23.927Z</time></trkpt>
      <trkpt lat="24.453388" lon="111.162244"><time>2026-08-22T09:28:23.944Z</time></trkpt>
      <trkpt lat="24.453388" lon="111.162244"><time>2026-08-22T09:28:23.960Z</time></trkpt>
      <trkpt lat="24.453388" lon="111.162244"><time>2026-08-22T09:28:23.977Z</time></trkpt>
      <trkpt lat="24.453389" lon="111.162246"><time>2026-08-22T09:28:23.994Z</time></trkpt>
      <trkpt lat="24.453389" lon="111.162246"><time>2026-08-22T09:28:24.010Z</time></trkpt>
      <trkpt lat="24.453389" lon="111.162246"><time>2026-08-22T09:28:24.027Z</time></trkpt>
      <trkpt lat="24.453389" lon="111.162246"><time>2026-08-22T09:28:24.044Z</time></trkpt>
      <trkpt lat="24.453389" lon="111.162246"><time>2026-08-22T09:28:24.061Z</time></trkpt>
      <trkpt lat="24.453389" lon="111.162246"><time>2026-08-22T09:28:24.077Z</time></trkpt>
      <trkpt lat="24.453391" lon="111.162247"><time>2026-08-22T09:28:24.094Z</time></trkpt>
      <trkpt lat="24.453391" lon="111.162247"><time>2026-08-22T09:28:24.111Z</time></trkpt>
      <trkpt lat="24.453391" lon="111.162247"><time>2026-08-22T09:28:24.127Z</time></trkpt>
      <trkpt lat="24.453391" lon="111.162247"><time>2026-08-22T09:28:24.144Z</time></trkpt>
      <trkpt lat="24.453391" lon="111.162247"><time>2026-08-22T09:28:24.161Z</time></trkpt>
      <trkpt lat="24.453391" lon="111.162247"><time>2026-08-22T09:28:24.177Z</time></trkpt>
      <trkpt lat="24.453392" lon="111.162249"><time>2026-08-22T09:28:24.194Z</time></trkpt>
      <trkpt lat="24.453392" lon="111.162249"><time>2026-08-22T09:28:24.211Z</time></trkpt>
      <trkpt lat="24.453392" lon="111.162249"><time>2026-08-22T09:28:24.227Z</time></trkpt>
      <trkpt lat="24.453392" lon="111.162249"><time>2026-08-22T09:28:24.244Z</time></trkpt>
      <trkpt lat="24.453392" lon="111.162249"><time>2026-08-22T09:28:24.261Z</time></trkpt>
      <trkpt lat="24.453392" lon="111.162249"><time>2026-08-22T09:28:24.277Z</time></trkpt>
      <trkpt lat="24.453394" lon="111.16225"><time>2026-08-22T09:28:24.294Z</time></trkpt>
      <trkpt lat="24.453394" lon="111.16225"><time>2026-08-22T09:28:24.311Z</time></trkpt>
      <trkpt lat="24.453394" lon="111.16225"><time>2026-08-22T09:28:24.327Z</time></trkpt>
      <trkpt lat="24.453394" lon="111.16225"><time>2026-08-22T09:28:24.344Z</time></trkpt>
      <trkpt lat="24.453394" lon="111.16225"><time>2026-08-22T09:28:24.361Z</time></trkpt>
      <trkpt lat="24.453394" lon="111.16225"><time>2026-08-22T09:28:24.378Z</time></trkpt>
      <trkpt lat="24.453395" lon="111.162252"><time>2026-08-22T09:28:24.394Z</time></trkpt>
      <trkpt lat="24.453395" lon="111.162252"><time>2026-08-22T09:28:24.411Z</time></trkpt>
      <trkpt lat="24.453395" lon="111.162252"><time>2026-08-22T09:28:24.428Z</time></trkpt>
      <trkpt lat="24.453395" lon="111.162252"><time>2026-08-22T09:28:24.444Z</time></trkpt>
      <trkpt lat="24.453395" lon="111.162252"><time>2026-08-22T09:28:24.461Z</time></trkpt>
      <trkpt lat="24.453395" lon="111.162252"><time>2026-08-22T09:28:24.478Z</time></trkpt>
      <trkpt lat="24.453396" lon="111.162253"><time>2026-08-22T09:28:24.494Z</time></trkpt>
      <trkpt lat="24.453396" lon="111.162253"><time>2026-08-22T09:28:24.511Z</time></trkpt>
      <trkpt lat="24.453396" lon="111.162253"><time>2026-08-22T09:28:24.528Z</time></trkpt>
      <trkpt lat="24.453396" lon="111.162253"><time>2026-08-22T09:28:24.544Z</time></trkpt>
      <trkpt lat="24.453396" lon="111.162253"><time>2026-08-22T09:28:24.561Z</time></trkpt>
      <trkpt lat="24.453396" lon="111.162253"><time>2026-08-22T09:28:24.578Z</time></trkpt>
      <trkpt lat="24.453398" lon="111.162255"><time>2026-08-22T09:28:24.594Z</time></trkpt>
      <trkpt lat="24.453398" lon="111.162255"><time>2026-08-22T09:28:24.611Z</time></trkpt>
      <trkpt lat="24.453398" lon="111.162255"><time>2026-08-22T09:28:24.628Z</time></trkpt>
      <trkpt lat="24.453398" lon="111.162255"><time>2026-08-22T09:28:24.644Z</time></trkpt>
      <trkpt lat="24.453398" lon="111.162255"><time>2026-08-22T09:28:24.661Z</time></trkpt>
      <trkpt lat="24.453398" lon="111.162255"><time>2026-08-22T09:28:24.678Z</time></trkpt>
      <trkpt lat="24.453399" lon="111.162256"><time>2026-08-22T09:28:24.695Z</time></trkpt>
      <trkpt lat="24.453399" lon="111.162256"><time>2026-08-22T09:28:24.711Z</time></trkpt>
      <trkpt lat="24.453399" lon="111.162256"><time>2026-08-22T09:28:24.728Z</time></trkpt>
      <trkpt lat="24.453399" lon="111.162256"><time>2026-08-22T09:28:24.745Z</time></trkpt>
      <trkpt lat="24.453399" lon="111.162256"><time>2026-08-22T09:28:24.761Z</time></trkpt>
      <trkpt lat="24.453399" lon="111.162256"><time>2026-08-22T09:28:24.778Z</time></trkpt>
      <trkpt lat="24.4534" lon="111.162258"><time>2026-08-22T09:28:24.795Z</time></trkpt>
      <trkpt lat="24.4534" lon="111.162258"><time>2026-08-22T09:28:24.811Z</time></trkpt>
      <trkpt lat="24.4534" lon="111.162258"><time>2026-08-22T09:28:24.828Z</time></trkpt>
      <trkpt lat="24.4534" lon="111.162258"><time>2026-08-22T09:28:24.845Z</time></trkpt>
      <trkpt lat="24.4534" lon="111.162258"><time>2026-08-22T09:28:24.861Z</time></trkpt>
      <trkpt lat="24.4534" lon="111.162258"><time>2026-08-22T09:28:24.878Z</time></trkpt>
      <trkpt lat="24.453401" lon="111.16226"><time>2026-08-22T09:28:24.895Z</time></trkpt>
      <trkpt lat="24.453401" lon="111.16226"><time>2026-08-22T09:28:24.911Z</time></trkpt>
      <trkpt lat="24.453401" lon="111.16226"><time>2026-08-22T09:28:24.928Z</time></trkpt>
      <trkpt lat="24.453401" lon="111.16226"><time>2026-08-22T09:28:24.945Z</time></trkpt>
      <trkpt lat="24.453401" lon="111.16226"><time>2026-08-22T09:28:24.961Z</time></trkpt>
      <trkpt lat="24.453401" lon="111.16226"><time>2026-08-22T09:28:24.978Z</time></trkpt>
      <trkpt lat="24.453402" lon="111.162261"><time>2026-08-22T09:28:24.995Z</time></trkpt>
      <trkpt lat="24.453402" lon="111.162261"><time>2026-08-22T09:28:25.012Z</time></trkpt>
      <trkpt lat="24.453402" lon="111.162261"><time>2026-08-22T09:28:25.028Z</time></trkpt>
      <trkpt lat="24.453402" lon="111.162261"><time>2026-08-22T09:28:25.045Z</time></trkpt>
      <trkpt lat="24.453402" lon="111.162261"><time>2026-08-22T09:28:25.062Z</time></trkpt>
      <trkpt lat="24.453402" lon="111.162261"><time>2026-08-22T09:28:25.078Z</time></trkpt>
      <trkpt lat="24.453404" lon="111.162263"><time>2026-08-22T09:28:25.095Z</time></trkpt>
      <trkpt lat="24.453404" lon="111.162263"><time>2026-08-22T09:28:25.112Z</time></trkpt>
      <trkpt lat="24.453404" lon="111.162263"><time>2026-08-22T09:28:25.128Z</time></trkpt>
      <trkpt lat="24.453404" lon="111.162263"><time>2026-08-22T09:28:25.145Z</time></trkpt>
      <trkpt lat="24.453404" lon="111.162263"><time>2026-08-22T09:28:25.162Z</time></trkpt>
      <trkpt lat="24.453404" lon="111.162263"><time>2026-08-22T09:28:25.178Z</time></trkpt>
      <trkpt lat="24.453405" lon="111.162265"><time>2026-08-22T09:28:25.195Z</time></trkpt>
      <trkpt lat="24.453405" lon="111.162265"><time>2026-08-22T09:28:25.212Z</time></trkpt>
      <trkpt lat="24.453405" lon="111.162265"><time>2026-08-22T09:28:25.228Z</time></trkpt>
      <trkpt lat="24.453405" lon="111.162265"><time>2026-08-22T09:28:25.245Z</time></trkpt>
      <trkpt lat="24.453405" lon="111.162265"><time>2026-08-22T09:28:25.262Z</time></trkpt>
      <trkpt lat="24.453405" lon="111.162265"><time>2026-08-22T09:28:25.278Z</time></trkpt>
      <trkpt lat="24.453407" lon="111.162267"><time>2026-08-22T09:28:25.295Z</time></trkpt>
      <trkpt lat="24.453407" lon="111.162267"><time>2026-08-22T09:28:25.312Z</time></trkpt>
      <trkpt lat="24.453407" lon="111.162267"><time>2026-08-22T09:28:25.329Z</time></trkpt>
      <trkpt lat="24.453407" lon="111.162267"><time>2026-08-22T09:28:25.345Z</time></trkpt>
      <trkpt lat="24.453407" lon="111.162267"><time>2026-08-22T09:28:25.362Z</time></trkpt>
      <trkpt lat="24.453407" lon="111.162267"><time>2026-08-22T09:28:25.379Z</time></trkpt>
      <trkpt lat="24.453408" lon="111.162269"><time>2026-08-22T09:28:25.395Z</time></trkpt>
      <trkpt lat="24.453408" lon="111.162269"><time>2026-08-22T09:28:25.412Z</time></trkpt>
      <trkpt lat="24.453408" lon="111.162269"><time>2026-08-22T09:28:25.429Z</time></trkpt>
      <trkpt lat="24.453408" lon="111.162269"><time>2026-08-22T09:28:25.445Z</time></trkpt>
      <trkpt lat="24.453408" lon="111.162269"><time>2026-08-22T09:28:25.462Z</time></trkpt>
      <trkpt lat="24.453408" lon="111.162269"><time>2026-08-22T09:28:25.479Z</time></trkpt>
      <trkpt lat="24.45341" lon="111.162272"><time>2026-08-22T09:28:25.495Z</time></trkpt>
      <trkpt lat="24.45341" lon="111.162272"><time>2026-08-22T09:28:25.512Z</time></trkpt>
      <trkpt lat="24.45341" lon="111.162272"><time>2026-08-22T09:28:25.529Z</time></trkpt>
      <trkpt lat="24.45341" lon="111.162272"><time>2026-08-22T09:28:25.545Z</time></trkpt>
      <trkpt lat="24.45341" lon="111.162272"><time>2026-08-22T09:28:25.562Z</time></trkpt>
      <trkpt lat="24.45341" lon="111.162272"><time>2026-08-22T09:28:25.579Z</time></trkpt>
      <trkpt lat="24.453411" lon="111.162274"><time>2026-08-22T09:28:25.595Z</time></trkpt>
      <trkpt lat="24.453411" lon="111.162274"><time>2026-08-22T09:28:25.612Z</time></trkpt>
      <trkpt lat="24.453411" lon="111.162274"><time>2026-08-22T09:28:25.629Z</time></trkpt>
      <trkpt lat="24.453411" lon="111.162274"><time>2026-08-22T09:28:25.645Z</time></trkpt>
      <trkpt lat="24.453411" lon="111.162274"><time>2026-08-22T09:28:25.662Z</time></trkpt>
      <trkpt lat="24.453411" lon="111.162274"><time>2026-08-22T09:28:25.679Z</time></trkpt>
      <trkpt lat="24.453413" lon="111.162277"><time>2026-08-22T09:28:25.696Z</time></trkpt>
      <trkpt lat="24.453413" lon="111.162277"><time>2026-08-22T09:28:25.712Z</time></trkpt>
      <trkpt lat="24.453413" lon="111.162277"><time>2026-08-22T09:28:25.729Z</time></trkpt>
      <trkpt lat="24.453413" lon="111.162277"><time>2026-08-22T09:28:25.746Z</time></trkpt>
      <trkpt lat="24.453413" lon="111.162277"><time>2026-08-22T09:28:25.762Z</time></trkpt>
      <trkpt lat="24.453413" lon="111.162277"><time>2026-08-22T09:28:25.779Z</time></trkpt>
      <trkpt lat="24.453414" lon="111.16228"><time>2026-08-22T09:28:25.796Z</time></trkpt>
      <trkpt lat="24.453414" lon="111.16228"><time>2026-08-22T09:28:25.812Z</time></trkpt>
      <trkpt lat="24.453414" lon="111.16228"><time>2026-08-22T09:28:25.829Z</time></trkpt>
      <trkpt lat="24.453414" lon="111.16228"><time>2026-08-22T09:28:25.846Z</time></trkpt>
      <trkpt lat="24.453414" lon="111.16228"><time>2026-08-22T09:28:25.862Z</time></trkpt>
      <trkpt lat="24.453414" lon="111.16228"><time>2026-08-22T09:28:25.879Z</time></trkpt>
      <trkpt lat="24.453416" lon="111.162282"><time>2026-08-22T09:28:25.896Z</time></trkpt>
      <trkpt lat="24.453416" lon="111.162282"><time>2026-08-22T09:28:25.912Z</time></trkpt>
      <trkpt lat="24.453416" lon="111.162282"><time>2026-08-22T09:28:25.929Z</time></trkpt>
      <trkpt lat="24.453416" lon="111.162282"><time>2026-08-22T09:28:25.946Z</time></trkpt>
      <trkpt lat="24.453416" lon="111.162282"><time>2026-08-22T09:28:25.962Z</time></trkpt>
      <trkpt lat="24.453416" lon="111.162282"><time>2026-08-22T09:28:25.979Z</time></trkpt>
      <trkpt lat="24.453417" lon="111.162285"><time>2026-08-22T09:28:25.996Z</time></trkpt>
      <trkpt lat="24.453417" lon="111.162285"><time>2026-08-22T09:28:26.013Z</time></trkpt>
      <trkpt lat="24.453417" lon="111.162285"><time>2026-08-22T09:28:26.029Z</time></trkpt>
      <trkpt lat="24.453417" lon="111.162285"><time>2026-08-22T09:28:26.046Z</time></trkpt>
      <trkpt lat="24.453417" lon="111.162285"><time>2026-08-22T09:28:26.063Z</time></trkpt>
      <trkpt lat="24.453417" lon="111.162285"><time>2026-08-22T09:28:26.079Z</time></trkpt>
      <trkpt lat="24.453418" lon="111.162288"><time>2026-08-22T09:28:26.096Z</time></trkpt>
      <trkpt lat="24.453418" lon="111.162288"><time>2026-08-22T09:28:26.113Z</time></trkpt>
      <trkpt lat="24.453418" lon="111.162288"><time>2026-08-22T09:28:26.129Z</time></trkpt>
      <trkpt lat="24.453418" lon="111.162288"><time>2026-08-22T09:28:26.146Z</time></trkpt>
      <trkpt lat="24.453418" lon="111.162288"><time>2026-08-22T09:28:26.163Z</time></trkpt>
      <trkpt lat="24.453418" lon="111.162288"><time>2026-08-22T09:28:26.179Z</time></trkpt>
      <trkpt lat="24.45342" lon="111.16229"><time>2026-08-22T09:28:26.196Z</time></trkpt>
      <trkpt lat="24.45342" lon="111.16229"><time>2026-08-22T09:28:26.213Z</time></trkpt>
      <trkpt lat="24.45342" lon="111.16229"><time>2026-08-22T09:28:26.229Z</time></trkpt>
      <trkpt lat="24.45342" lon="111.16229"><time>2026-08-22T09:28:26.246Z</time></trkpt>
      <trkpt lat="24.45342" lon="111.16229"><time>2026-08-22T09:28:26.263Z</time></trkpt>
      <trkpt lat="24.45342" lon="111.16229"><time>2026-08-22T09:28:26.279Z</time></trkpt>
      <trkpt lat="24.453421" lon="111.162293"><time>2026-08-22T09:28:26.296Z</time></trkpt>
      <trkpt lat="24.453421" lon="111.162293"><time>2026-08-22T09:28:26.313Z</time></trkpt>
      <trkpt lat="24.453421" lon="111.162293"><time>2026-08-22T09:28:26.330Z</time></trkpt>
      <trkpt lat="24.453421" lon="111.162293"><time>2026-08-22T09:28:26.346Z</time></trkpt>
      <trkpt lat="24.453421" lon="111.162293"><time>2026-08-22T09:28:26.363Z</time></trkpt>
      <trkpt lat="24.453421" lon="111.162293"><time>2026-08-22T09:28:26.380Z</time></trkpt>
      <trkpt lat="24.453422" lon="111.162296"><time>2026-08-22T09:28:26.396Z</time></trkpt>
      <trkpt lat="24.453422" lon="111.162296"><time>2026-08-22T09:28:26.413Z</time></trkpt>
      <trkpt lat="24.453422" lon="111.162296"><time>2026-08-22T09:28:26.430Z</time></trkpt>
      <trkpt lat="24.453422" lon="111.162296"><time>2026-08-22T09:28:26.446Z</time></trkpt>
      <trkpt lat="24.453422" lon="111.162296"><time>2026-08-22T09:28:26.463Z</time></trkpt>
      <trkpt lat="24.453422" lon="111.162296"><time>2026-08-22T09:28:26.480Z</time></trkpt>
      <trkpt lat="24.453424" lon="111.162298"><time>2026-08-22T09:28:26.496Z</time></trkpt>
      <trkpt lat="24.453424" lon="111.162298"><time>2026-08-22T09:28:26.513Z</time></trkpt>
      <trkpt lat="24.453424" lon="111.162298"><time>2026-08-22T09:28:26.530Z</time></trkpt>
      <trkpt lat="24.453424" lon="111.162298"><time>2026-08-22T09:28:26.546Z</time></trkpt>
      <trkpt lat="24.453424" lon="111.162298"><time>2026-08-22T09:28:26.563Z</time></trkpt>
      <trkpt lat="24.453424" lon="111.162298"><time>2026-08-22T09:28:26.580Z</time></trkpt>
      <trkpt lat="24.453425" lon="111.162301"><time>2026-08-22T09:28:26.596Z</time></trkpt>
      <trkpt lat="24.453425" lon="111.162301"><time>2026-08-22T09:28:26.613Z</time></trkpt>
      <trkpt lat="24.453425" lon="111.162301"><time>2026-08-22T09:28:26.630Z</time></trkpt>
      <trkpt lat="24.453425" lon="111.162301"><time>2026-08-22T09:28:26.647Z</time></trkpt>
      <trkpt lat="24.453425" lon="111.162301"><time>2026-08-22T09:28:26.663Z</time></trkpt>
      <trkpt lat="24.453425" lon="111.162301"><time>2026-08-22T09:28:26.680Z</time></trkpt>
      <trkpt lat="24.453426" lon="111.162303"><time>2026-08-22T09:28:26.697Z</time></trkpt>
      <trkpt lat="24.453426" lon="111.162303"><time>2026-08-22T09:28:26.713Z</time></trkpt>
      <trkpt lat="24.453426" lon="111.162303"><time>2026-08-22T09:28:26.730Z</time></trkpt>
      <trkpt lat="24.453426" lon="111.162303"><time>2026-08-22T09:28:26.747Z</time></trkpt>
      <trkpt lat="24.453426" lon="111.162303"><time>2026-08-22T09:28:26.763Z</time></trkpt>
      <trkpt lat="24.453426" lon="111.162303"><time>2026-08-22T09:28:26.780Z</time></trkpt>
      <trkpt lat="24.453427" lon="111.162306"><time>2026-08-22T09:28:26.797Z</time></trkpt>
      <trkpt lat="24.453427" lon="111.162306"><time>2026-08-22T09:28:26.813Z</time></trkpt>
      <trkpt lat="24.453427" lon="111.162306"><time>2026-08-22T09:28:26.830Z</time></trkpt>
      <trkpt lat="24.453427" lon="111.162306"><time>2026-08-22T09:28:26.847Z</time></trkpt>
      <trkpt lat="24.453427" lon="111.162306"><time>2026-08-22T09:28:26.863Z</time></trkpt>
      <trkpt lat="24.453427" lon="111.162306"><time>2026-08-22T09:28:26.880Z</time></trkpt>
      <trkpt lat="24.453428" lon="111.162308"><time>2026-08-22T09:28:26.897Z</time></trkpt>
      <trkpt lat="24.453428" lon="111.162308"><time>2026-08-22T09:28:26.913Z</time></trkpt>
      <trkpt lat="24.453428" lon="111.162308"><time>2026-08-22T09:28:26.930Z</time></trkpt>
      <trkpt lat="24.453428" lon="111.162308"><time>2026-08-22T09:28:26.947Z</time></trkpt>
      <trkpt lat="24.453428" lon="111.162308"><time>2026-08-22T09:28:26.964Z</time></trkpt>
      <trkpt lat="24.453428" lon="111.162308"><time>2026-08-22T09:28:26.980Z</time></trkpt>
      <trkpt lat="24.453429" lon="111.16231"><time>2026-08-22T09:28:26.997Z</time></trkpt>
      <trkpt lat="24.453429" lon="111.16231"><time>2026-08-22T09:28:27.014Z</time></trkpt>
      <trkpt lat="24.453429" lon="111.16231"><time>2026-08-22T09:28:27.030Z</time></trkpt>
      <trkpt lat="24.453429" lon="111.16231"><time>2026-08-22T09:28:27.047Z</time></trkpt>
      <trkpt lat="24.453429" lon="111.16231"><time>2026-08-22T09:28:27.064Z</time></trkpt>
      <trkpt lat="24.453429" lon="111.16231"><time>2026-08-22T09:28:27.080Z</time></trkpt>
      <trkpt lat="24.45343" lon="111.162312"><time>2026-08-22T09:28:27.097Z</time></trkpt>
      <trkpt lat="24.45343" lon="111.162312"><time>2026-08-22T09:28:27.114Z</time></trkpt>
      <trkpt lat="24.45343" lon="111.162312"><time>2026-08-22T09:28:27.130Z</time></trkpt>
      <trkpt lat="24.45343" lon="111.162312"><time>2026-08-22T09:28:27.147Z</time></trkpt>
      <trkpt lat="24.45343" lon="111.162312"><time>2026-08-22T09:28:27.164Z</time></trkpt>
      <trkpt lat="24.45343" lon="111.162312"><time>2026-08-22T09:28:27.180Z</time></trkpt>
      <trkpt lat="24.453431" lon="111.162315"><time>2026-08-22T09:28:27.197Z</time></trkpt>
      <trkpt lat="24.453431" lon="111.162315"><time>2026-08-22T09:28:27.214Z</time></trkpt>
      <trkpt lat="24.453431" lon="111.162315"><time>2026-08-22T09:28:27.230Z</time></trkpt>
      <trkpt lat="24.453431" lon="111.162315"><time>2026-08-22T09:28:27.247Z</time></trkpt>
      <trkpt lat="24.453431" lon="111.162315"><time>2026-08-22T09:28:27.264Z</time></trkpt>
      <trkpt lat="24.453431" lon="111.162315"><time>2026-08-22T09:28:27.281Z</time></trkpt>
      <trkpt lat="24.453433" lon="111.162317"><time>2026-08-22T09:28:27.297Z</time></trkpt>
      <trkpt lat="24.453433" lon="111.162317"><time>2026-08-22T09:28:27.314Z</time></trkpt>
      <trkpt lat="24.453433" lon="111.162317"><time>2026-08-22T09:28:27.331Z</time></trkpt>
      <trkpt lat="24.453433" lon="111.162317"><time>2026-08-22T09:28:27.347Z</time></trkpt>
      <trkpt lat="24.453433" lon="111.162317"><time>2026-08-22T09:28:27.364Z</time></trkpt>
      <trkpt lat="24.453433" lon="111.162317"><time>2026-08-22T09:28:27.381Z</time></trkpt>
      <trkpt lat="24.453434" lon="111.162319"><time>2026-08-22T09:28:27.397Z</time></trkpt>
      <trkpt lat="24.453434" lon="111.162319"><time>2026-08-22T09:28:27.414Z</time></trkpt>
      <trkpt lat="24.453434" lon="111.162319"><time>2026-08-22T09:28:27.431Z</time></trkpt>
      <trkpt lat="24.453434" lon="111.162319"><time>2026-08-22T09:28:27.447Z</time></trkpt>
      <trkpt lat="24.453434" lon="111.162319"><time>2026-08-22T09:28:27.464Z</time></trkpt>
      <trkpt lat="24.453434" lon="111.162319"><time>2026-08-22T09:28:27.481Z</time></trkpt>
      <trkpt lat="24.453435" lon="111.16232"><time>2026-08-22T09:28:27.497Z</time></trkpt>
      <trkpt lat="24.453435" lon="111.16232"><time>2026-08-22T09:28:27.514Z</time></trkpt>
      <trkpt lat="24.453435" lon="111.16232"><time>2026-08-22T09:28:27.531Z</time></trkpt>
      <trkpt lat="24.453435" lon="111.16232"><time>2026-08-22T09:28:27.547Z</time></trkpt>
      <trkpt lat="24.453435" lon="111.16232"><time>2026-08-22T09:28:27.564Z</time></trkpt>
      <trkpt lat="24.453435" lon="111.16232"><time>2026-08-22T09:28:27.581Z</time></trkpt>
      <trkpt lat="24.453436" lon="111.162322"><time>2026-08-22T09:28:27.598Z</time></trkpt>
      <trkpt lat="24.453436" lon="111.162322"><time>2026-08-22T09:28:27.614Z</time></trkpt>
      <trkpt lat="24.453436" lon="111.162322"><time>2026-08-22T09:28:27.631Z</time></trkpt>
      <trkpt lat="24.453436" lon="111.162322"><time>2026-08-22T09:28:27.648Z</time></trkpt>
      <trkpt lat="24.453436" lon="111.162322"><time>2026-08-22T09:28:27.664Z</time></trkpt>
      <trkpt lat="24.453436" lon="111.162322"><time>2026-08-22T09:28:27.681Z</time></trkpt>
      <trkpt lat="24.453437" lon="111.162324"><time>2026-08-22T09:28:27.698Z</time></trkpt>
      <trkpt lat="24.453437" lon="111.162324"><time>2026-08-22T09:28:27.714Z</time></trkpt>
      <trkpt lat="24.453437" lon="111.162324"><time>2026-08-22T09:28:27.731Z</time></trkpt>
      <trkpt lat="24.453437" lon="111.162324"><time>2026-08-22T09:28:27.748Z</time></trkpt>
      <trkpt lat="24.453437" lon="111.162324"><time>2026-08-22T09:28:27.764Z</time></trkpt>
      <trkpt lat="24.453437" lon="111.162324"><time>2026-08-22T09:28:27.781Z</time></trkpt>
      <trkpt lat="24.453438" lon="111.162325"><time>2026-08-22T09:28:27.798Z</time></trkpt>
      <trkpt lat="24.453438" lon="111.162325"><time>2026-08-22T09:28:27.814Z</time></trkpt>
      <trkpt lat="24.453438" lon="111.162325"><time>2026-08-22T09:28:27.831Z</time></trkpt>
      <trkpt lat="24.453438" lon="111.162325"><time>2026-08-22T09:28:27.848Z</time></trkpt>
      <trkpt lat="24.453438" lon="111.162325"><time>2026-08-22T09:28:27.864Z</time></trkpt>
      <trkpt lat="24.453438" lon="111.162325"><time>2026-08-22T09:28:27.881Z</time></trkpt>
      <trkpt lat="24.453439" lon="111.162327"><time>2026-08-22T09:28:27.898Z</time></trkpt>
      <trkpt lat="24.453439" lon="111.162327"><time>2026-08-22T09:28:27.915Z</time></trkpt>
      <trkpt lat="24.453439" lon="111.162327"><time>2026-08-22T09:28:27.931Z</time></trkpt>
      <trkpt lat="24.453439" lon="111.162327"><time>2026-08-22T09:28:27.948Z</time></trkpt>
      <trkpt lat="24.453439" lon="111.162327"><time>2026-08-22T09:28:27.965Z</time></trkpt>
      <trkpt lat="24.453439" lon="111.162327"><time>2026-08-22T09:28:27.981Z</time></trkpt>
      <trkpt lat="24.453441" lon="111.162328"><time>2026-08-22T09:28:27.998Z</time></trkpt>
      <trkpt lat="24.453441" lon="111.162328"><time>2026-08-22T09:28:28.015Z</time></trkpt>
      <trkpt lat="24.453441" lon="111.162328"><time>2026-08-22T09:28:28.031Z</time></trkpt>
      <trkpt lat="24.453441" lon="111.162328"><time>2026-08-22T09:28:28.048Z</time></trkpt>
      <trkpt lat="24.453441" lon="111.162328"><time>2026-08-22T09:28:28.065Z</time></trkpt>
      <trkpt lat="24.453441" lon="111.162328"><time>2026-08-22T09:28:28.081Z</time></trkpt>
      <trkpt lat="24.453442" lon="111.162329"><time>2026-08-22T09:28:28.098Z</time></trkpt>
      <trkpt lat="24.453442" lon="111.162329"><time>2026-08-22T09:28:28.115Z</time></trkpt>
      <trkpt lat="24.453442" lon="111.162329"><time>2026-08-22T09:28:28.131Z</time></trkpt>
      <trkpt lat="24.453442" lon="111.162329"><time>2026-08-22T09:28:28.148Z</time></trkpt>
      <trkpt lat="24.453442" lon="111.162329"><time>2026-08-22T09:28:28.165Z</time></trkpt>
      <trkpt lat="24.453442" lon="111.162329"><time>2026-08-22T09:28:28.181Z</time></trkpt>
      <trkpt lat="24.453443" lon="111.16233"><time>2026-08-22T09:28:28.198Z</time></trkpt>
      <trkpt lat="24.453443" lon="111.16233"><time>2026-08-22T09:28:28.215Z</time></trkpt>
      <trkpt lat="24.453443" lon="111.16233"><time>2026-08-22T09:28:28.232Z</time></trkpt>
      <trkpt lat="24.453443" lon="111.16233"><time>2026-08-22T09:28:28.248Z</time></trkpt>
      <trkpt lat="24.453443" lon="111.16233"><time>2026-08-22T09:28:28.265Z</time></trkpt>
      <trkpt lat="24.453443" lon="111.16233"><time>2026-08-22T09:28:28.282Z</time></trkpt>
      <trkpt lat="24.453444" lon="111.162332"><time>2026-08-22T09:28:28.298Z</time></trkpt>
      <trkpt lat="24.453444" lon="111.162332"><time>2026-08-22T09:28:28.315Z</time></trkpt>
      <trkpt lat="24.453444" lon="111.162332"><time>2026-08-22T09:28:28.332Z</time></trkpt>
      <trkpt lat="24.453444" lon="111.162332"><time>2026-08-22T09:28:28.348Z</time></trkpt>
      <trkpt lat="24.453444" lon="111.162332"><time>2026-08-22T09:28:28.365Z</time></trkpt>
      <trkpt lat="24.453444" lon="111.162332"><time>2026-08-22T09:28:28.382Z</time></trkpt>
      <trkpt lat="24.453446" lon="111.162332"><time>2026-08-22T09:28:28.398Z</time></trkpt>
      <trkpt lat="24.453446" lon="111.162332"><time>2026-08-22T09:28:28.415Z</time></trkpt>
      <trkpt lat="24.453446" lon="111.162332"><time>2026-08-22T09:28:28.432Z</time></trkpt>
      <trkpt lat="24.453446" lon="111.162332"><time>2026-08-22T09:28:28.448Z</time></trkpt>
      <trkpt lat="24.453446" lon="111.162332"><time>2026-08-22T09:28:28.465Z</time></trkpt>
      <trkpt lat="24.453446" lon="111.162332"><time>2026-08-22T09:28:28.482Z</time></trkpt>
      <trkpt lat="24.453447" lon="111.162333"><time>2026-08-22T09:28:28.498Z</time></trkpt>
      <trkpt lat="24.453447" lon="111.162333"><time>2026-08-22T09:28:28.515Z</time></trkpt>
      <trkpt lat="24.453447" lon="111.162333"><time>2026-08-22T09:28:28.532Z</time></trkpt>
      <trkpt lat="24.453447" lon="111.162333"><time>2026-08-22T09:28:28.549Z</time></trkpt>
      <trkpt lat="24.453447" lon="111.162333"><time>2026-08-22T09:28:28.565Z</time></trkpt>
      <trkpt lat="24.453447" lon="111.162333"><time>2026-08-22T09:28:28.582Z</time></trkpt>
      <trkpt lat="24.453449" lon="111.162334"><time>2026-08-22T09:28:28.599Z</time></trkpt>
      <trkpt lat="24.453449" lon="111.162334"><time>2026-08-22T09:28:28.615Z</time></trkpt>
      <trkpt lat="24.453449" lon="111.162334"><time>2026-08-22T09:28:28.632Z</time></trkpt>
      <trkpt lat="24.453449" lon="111.162334"><time>2026-08-22T09:28:28.649Z</time></trkpt>
      <trkpt lat="24.453449" lon="111.162334"><time>2026-08-22T09:28:28.665Z</time></trkpt>
      <trkpt lat="24.453449" lon="111.162334"><time>2026-08-22T09:28:28.682Z</time></trkpt>
      <trkpt lat="24.45345" lon="111.162335"><time>2026-08-22T09:28:28.699Z</time></trkpt>
      <trkpt lat="24.45345" lon="111.162335"><time>2026-08-22T09:28:28.715Z</time></trkpt>
      <trkpt lat="24.45345" lon="111.162335"><time>2026-08-22T09:28:28.732Z</time></trkpt>
      <trkpt lat="24.45345" lon="111.162335"><time>2026-08-22T09:28:28.749Z</time></trkpt>
      <trkpt lat="24.45345" lon="111.162335"><time>2026-08-22T09:28:28.765Z</time></trkpt>
      <trkpt lat="24.45345" lon="111.162335"><time>2026-08-22T09:28:28.782Z</time></trkpt>
      <trkpt lat="24.453452" lon="111.162335"><time>2026-08-22T09:28:28.799Z</time></trkpt>
      <trkpt lat="24.453452" lon="111.162335"><time>2026-08-22T09:28:28.815Z</time></trkpt>
      <trkpt lat="24.453452" lon="111.162335"><time>2026-08-22T09:28:28.832Z</time></trkpt>
      <trkpt lat="24.453452" lon="111.162335"><time>2026-08-22T09:28:28.849Z</time></trkpt>
      <trkpt lat="24.453452" lon="111.162335"><time>2026-08-22T09:28:28.866Z</time></trkpt>
      <trkpt lat="24.453452" lon="111.162335"><time>2026-08-22T09:28:28.882Z</time></trkpt>
      <trkpt lat="24.453453" lon="111.162336"><time>2026-08-22T09:28:28.899Z</time></trkpt>
      <trkpt lat="24.453453" lon="111.162336"><time>2026-08-22T09:28:28.916Z</time></trkpt>
      <trkpt lat="24.453453" lon="111.162336"><time>2026-08-22T09:28:28.932Z</time></trkpt>
      <trkpt lat="24.453453" lon="111.162336"><time>2026-08-22T09:28:28.949Z</time></trkpt>
      <trkpt lat="24.453453" lon="111.162336"><time>2026-08-22T09:28:28.966Z</time></trkpt>
      <trkpt lat="24.453453" lon="111.162336"><time>2026-08-22T09:28:28.982Z</time></trkpt>
      <trkpt lat="24.453455" lon="111.162336"><time>2026-08-22T09:28:28.999Z</time></trkpt>
      <trkpt lat="24.453455" lon="111.162336"><time>2026-08-22T09:28:29.016Z</time></trkpt>
      <trkpt lat="24.453455" lon="111.162336"><time>2026-08-22T09:28:29.032Z</time></trkpt>
      <trkpt lat="24.453455" lon="111.162336"><time>2026-08-22T09:28:29.049Z</time></trkpt>
      <trkpt lat="24.453455" lon="111.162336"><time>2026-08-22T09:28:29.066Z</time></trkpt>
      <trkpt lat="24.453455" lon="111.162336"><time>2026-08-22T09:28:29.082Z</time></trkpt>
      <trkpt lat="24.453456" lon="111.162337"><time>2026-08-22T09:28:29.099Z</time></trkpt>
      <trkpt lat="24.453456" lon="111.162337"><time>2026-08-22T09:28:29.116Z</time></trkpt>
      <trkpt lat="24.453456" lon="111.162337"><time>2026-08-22T09:28:29.132Z</time></trkpt>
      <trkpt lat="24.453456" lon="111.162337"><time>2026-08-22T09:28:29.149Z</time></trkpt>
      <trkpt lat="24.453456" lon="111.162337"><time>2026-08-22T09:28:29.166Z</time></trkpt>
      <trkpt lat="24.453456" lon="111.162337"><time>2026-08-22T09:28:29.183Z</time></trkpt>
      <trkpt lat="24.453458" lon="111.162337"><time>2026-08-22T09:28:29.199Z</time></trkpt>
      <trkpt lat="24.453458" lon="111.162337"><time>2026-08-22T09:28:29.216Z</time></trkpt>
      <trkpt lat="24.453458" lon="111.162337"><time>2026-08-22T09:28:29.233Z</time></trkpt>
      <trkpt lat="24.453458" lon="111.162337"><time>2026-08-22T09:28:29.249Z</time></trkpt>
      <trkpt lat="24.453458" lon="111.162337"><time>2026-08-22T09:28:29.266Z</time></trkpt>
      <trkpt lat="24.453458" lon="111.162337"><time>2026-08-22T09:28:29.283Z</time></trkpt>
      <trkpt lat="24.45346" lon="111.162337"><time>2026-08-22T09:28:29.299Z</time></trkpt>
      <trkpt lat="24.45346" lon="111.162337"><time>2026-08-22T09:28:29.316Z</time></trkpt>
      <trkpt lat="24.45346" lon="111.162337"><time>2026-08-22T09:28:29.333Z</time></trkpt>
      <trkpt lat="24.45346" lon="111.162337"><time>2026-08-22T09:28:29.349Z</time></trkpt>
      <trkpt lat="24.45346" lon="111.162337"><time>2026-08-22T09:28:29.366Z</time></trkpt>
      <trkpt lat="24.45346" lon="111.162337"><time>2026-08-22T09:28:29.383Z</time></trkpt>
      <trkpt lat="24.453461" lon="111.162338"><time>2026-08-22T09:28:29.399Z</time></trkpt>
      <trkpt lat="24.453461" lon="111.162338"><time>2026-08-22T09:28:29.416Z</time></trkpt>
      <trkpt lat="24.453461" lon="111.162338"><time>2026-08-22T09:28:29.433Z</time></trkpt>
      <trkpt lat="24.453461" lon="111.162338"><time>2026-08-22T09:28:29.449Z</time></trkpt>
      <trkpt lat="24.453461" lon="111.162338"><time>2026-08-22T09:28:29.466Z</time></trkpt>
      <trkpt lat="24.453461" lon="111.162338"><time>2026-08-22T09:28:29.483Z</time></trkpt>
      <trkpt lat="24.453463" lon="111.162338"><time>2026-08-22T09:28:29.500Z</time></trkpt>
      <trkpt lat="24.453463" lon="111.162338"><time>2026-08-22T09:28:29.516Z</time></trkpt>
      <trkpt lat="24.453463" lon="111.162338"><time>2026-08-22T09:28:29.533Z</time></trkpt>
      <trkpt lat="24.453463" lon="111.162338"><time>2026-08-22T09:28:29.550Z</time></trkpt>
      <trkpt lat="24.453463" lon="111.162338"><time>2026-08-22T09:28:29.566Z</time></trkpt>
      <trkpt lat="24.453463" lon="111.162338"><time>2026-08-22T09:28:29.583Z</time></trkpt>
      <trkpt lat="24.453465" lon="111.162338"><time>2026-08-22T09:28:29.600Z</time></trkpt>
      <trkpt lat="24.453465" lon="111.162338"><time>2026-08-22T09:28:29.616Z</time></trkpt>
      <trkpt lat="24.453465" lon="111.162338"><time>2026-08-22T09:28:29.633Z</time></trkpt>
      <trkpt lat="24.453465" lon="111.162338"><time>2026-08-22T09:28:29.650Z</time></trkpt>
      <trkpt lat="24.453465" lon="111.162338"><time>2026-08-22T09:28:29.666Z</time></trkpt>
      <trkpt lat="24.453465" lon="111.162338"><time>2026-08-22T09:28:29.683Z</time></trkpt>
      <trkpt lat="24.453466" lon="111.162338"><time>2026-08-22T09:28:29.700Z</time></trkpt>
      <trkpt lat="24.453466" lon="111.162338"><time>2026-08-22T09:28:29.716Z</time></trkpt>
      <trkpt lat="24.453466" lon="111.162338"><time>2026-08-22T09:28:29.733Z</time></trkpt>
      <trkpt lat="24.453466" lon="111.162338"><time>2026-08-22T09:28:29.750Z</time></trkpt>
      <trkpt lat="24.453466" lon="111.162338"><time>2026-08-22T09:28:29.766Z</time></trkpt>
      <trkpt lat="24.453466" lon="111.162338"><time>2026-08-22T09:28:29.783Z</time></trkpt>
      <trkpt lat="24.453468" lon="111.162338"><time>2026-08-22T09:28:29.800Z</time></trkpt>
      <trkpt lat="24.453468" lon="111.162338"><time>2026-08-22T09:28:29.817Z</time></trkpt>
      <trkpt lat="24.453468" lon="111.162338"><time>2026-08-22T09:28:29.833Z</time></trkpt>
      <trkpt lat="24.453468" lon="111.162338"><time>2026-08-22T09:28:29.850Z</time></trkpt>
      <trkpt lat="24.453468" lon="111.162338"><time>2026-08-22T09:28:29.867Z</time></trkpt>
      <trkpt lat="24.453468" lon="111.162338"><time>2026-08-22T09:28:29.883Z</time></trkpt>
      <trkpt lat="24.45347" lon="111.162338"><time>2026-08-22T09:28:29.900Z</time></trkpt>
      <trkpt lat="24.45347" lon="111.162338"><time>2026-08-22T09:28:29.917Z</time></trkpt>
      <trkpt lat="24.45347" lon="111.162338"><time>2026-08-22T09:28:29.933Z</time></trkpt>
      <trkpt lat="24.45347" lon="111.162338"><time>2026-08-22T09:28:29.950Z</time></trkpt>
      <trkpt lat="24.45347" lon="111.162338"><time>2026-08-22T09:28:29.967Z</time></trkpt>
      <trkpt lat="24.45347" lon="111.162338"><time>2026-08-22T09:28:29.983Z</time></trkpt>
      <trkpt lat="24.453472" lon="111.162338"><time>2026-08-22T09:28:30.000Z</time></trkpt>
      <trkpt lat="24.453472" lon="111.162338"><time>2026-08-22T09:28:30.017Z</time></trkpt>
      <trkpt lat="24.453472" lon="111.162338"><time>2026-08-22T09:28:30.033Z</time></trkpt>
      <trkpt lat="24.453472" lon="111.162338"><time>2026-08-22T09:28:30.050Z</time></trkpt>
      <trkpt lat="24.453472" lon="111.162338"><time>2026-08-22T09:28:30.067Z</time></trkpt>
      <trkpt lat="24.453472" lon="111.162338"><time>2026-08-22T09:28:30.083Z</time></trkpt>
      <trkpt lat="24.453474" lon="111.162338"><time>2026-08-22T09:28:30.100Z</time></trkpt>
      <trkpt lat="24.453474" lon="111.162338"><time>2026-08-22T09:28:30.117Z</time></trkpt>
      <trkpt lat="24.453474" lon="111.162338"><time>2026-08-22T09:28:30.134Z</time></trkpt>
      <trkpt lat="24.453474" lon="111.162338"><time>2026-08-22T09:28:30.150Z</time></trkpt>
      <trkpt lat="24.453474" lon="111.162338"><time>2026-08-22T09:28:30.167Z</time></trkpt>
      <trkpt lat="24.453474" lon="111.162338"><time>2026-08-22T09:28:30.184Z</time></trkpt>
      <trkpt lat="24.453476" lon="111.162337"><time>2026-08-22T09:28:30.200Z</time></trkpt>
      <trkpt lat="24.453476" lon="111.162337"><time>2026-08-22T09:28:30.217Z</time></trkpt>
      <trkpt lat="24.453476" lon="111.162337"><time>2026-08-22T09:28:30.234Z</time></trkpt>
      <trkpt lat="24.453476" lon="111.162337"><time>2026-08-22T09:28:30.250Z</time></trkpt>
      <trkpt lat="24.453476" lon="111.162337"><time>2026-08-22T09:28:30.267Z</time></trkpt>
      <trkpt lat="24.453476" lon="111.162337"><time>2026-08-22T09:28:30.284Z</time></trkpt>
      <trkpt lat="24.453479" lon="111.162337"><time>2026-08-22T09:28:30.300Z</time></trkpt>
      <trkpt lat="24.453479" lon="111.162337"><time>2026-08-22T09:28:30.317Z</time></trkpt>
      <trkpt lat="24.453479" lon="111.162337"><time>2026-08-22T09:28:30.334Z</time></trkpt>
      <trkpt lat="24.453479" lon="111.162337"><time>2026-08-22T09:28:30.350Z</time></trkpt>
      <trkpt lat="24.453479" lon="111.162337"><time>2026-08-22T09:28:30.367Z</time></trkpt>
      <trkpt lat="24.453479" lon="111.162337"><time>2026-08-22T09:28:30.384Z</time></trkpt>
      <trkpt lat="24.453481" lon="111.162337"><time>2026-08-22T09:28:30.400Z</time></trkpt>
      <trkpt lat="24.453481" lon="111.162337"><time>2026-08-22T09:28:30.417Z</time></trkpt>
      <trkpt lat="24.453481" lon="111.162337"><time>2026-08-22T09:28:30.434Z</time></trkpt>
      <trkpt lat="24.453481" lon="111.162337"><time>2026-08-22T09:28:30.451Z</time></trkpt>
      <trkpt lat="24.453481" lon="111.162337"><time>2026-08-22T09:28:30.467Z</time></trkpt>
      <trkpt lat="24.453481" lon="111.162337"><time>2026-08-22T09:28:30.484Z</time></trkpt>
      <trkpt lat="24.453483" lon="111.162336"><time>2026-08-22T09:28:30.501Z</time></trkpt>
      <trkpt lat="24.453483" lon="111.162336"><time>2026-08-22T09:28:30.517Z</time></trkpt>
      <trkpt lat="24.453483" lon="111.162336"><time>2026-08-22T09:28:30.534Z</time></trkpt>
      <trkpt lat="24.453483" lon="111.162336"><time>2026-08-22T09:28:30.551Z</time></trkpt>
      <trkpt lat="24.453483" lon="111.162336"><time>2026-08-22T09:28:30.567Z</time></trkpt>
      <trkpt lat="24.453483" lon="111.162336"><time>2026-08-22T09:28:30.584Z</time></trkpt>
      <trkpt lat="24.453486" lon="111.162336"><time>2026-08-22T09:28:30.601Z</time></trkpt>
      <trkpt lat="24.453486" lon="111.162336"><time>2026-08-22T09:28:30.617Z</time></trkpt>
      <trkpt lat="24.453486" lon="111.162336"><time>2026-08-22T09:28:30.634Z</time></trkpt>
      <trkpt lat="24.453486" lon="111.162336"><time>2026-08-22T09:28:30.651Z</time></trkpt>
      <trkpt lat="24.453486" lon="111.162336"><time>2026-08-22T09:28:30.667Z</time></trkpt>
      <trkpt lat="24.453486" lon="111.162336"><time>2026-08-22T09:28:30.684Z</time></trkpt>
      <trkpt lat="24.453488" lon="111.162335"><time>2026-08-22T09:28:30.701Z</time></trkpt>
      <trkpt lat="24.453488" lon="111.162335"><time>2026-08-22T09:28:30.717Z</time></trkpt>
      <trkpt lat="24.453488" lon="111.162335"><time>2026-08-22T09:28:30.734Z</time></trkpt>
      <trkpt lat="24.453488" lon="111.162335"><time>2026-08-22T09:28:30.751Z</time></trkpt>
      <trkpt lat="24.453488" lon="111.162335"><time>2026-08-22T09:28:30.768Z</time></trkpt>
      <trkpt lat="24.453488" lon="111.162335"><time>2026-08-22T09:28:30.784Z</time></trkpt>
      <trkpt lat="24.453491" lon="111.162334"><time>2026-08-22T09:28:30.801Z</time></trkpt>
      <trkpt lat="24.453491" lon="111.162334"><time>2026-08-22T09:28:30.818Z</time></trkpt>
      <trkpt lat="24.453491" lon="111.162334"><time>2026-08-22T09:28:30.834Z</time></trkpt>
      <trkpt lat="24.453491" lon="111.162334"><time>2026-08-22T09:28:30.851Z</time></trkpt>
      <trkpt lat="24.453491" lon="111.162334"><time>2026-08-22T09:28:30.868Z</time></trkpt>
      <trkpt lat="24.453491" lon="111.162334"><time>2026-08-22T09:28:30.884Z</time></trkpt>
      <trkpt lat="24.453493" lon="111.162333"><time>2026-08-22T09:28:30.901Z</time></trkpt>
      <trkpt lat="24.453493" lon="111.162333"><time>2026-08-22T09:28:30.918Z</time></trkpt>
      <trkpt lat="24.453493" lon="111.162333"><time>2026-08-22T09:28:30.934Z</time></trkpt>
      <trkpt lat="24.453493" lon="111.162333"><time>2026-08-22T09:28:30.951Z</time></trkpt>
      <trkpt lat="24.453493" lon="111.162333"><time>2026-08-22T09:28:30.968Z</time></trkpt>
      <trkpt lat="24.453493" lon="111.162333"><time>2026-08-22T09:28:30.984Z</time></trkpt>
      <trkpt lat="24.453496" lon="111.162332"><time>2026-08-22T09:28:31.001Z</time></trkpt>
      <trkpt lat="24.453496" lon="111.162332"><time>2026-08-22T09:28:31.018Z</time></trkpt>
      <trkpt lat="24.453496" lon="111.162332"><time>2026-08-22T09:28:31.034Z</time></trkpt>
      <trkpt lat="24.453496" lon="111.162332"><time>2026-08-22T09:28:31.051Z</time></trkpt>
      <trkpt lat="24.453496" lon="111.162332"><time>2026-08-22T09:28:31.068Z</time></trkpt>
      <trkpt lat="24.453496" lon="111.162332"><time>2026-08-22T09:28:31.085Z</time></trkpt>
      <trkpt lat="24.453498" lon="111.162331"><time>2026-08-22T09:28:31.101Z</time></trkpt>
      <trkpt lat="24.453498" lon="111.162331"><time>2026-08-22T09:28:31.118Z</time></trkpt>
      <trkpt lat="24.453498" lon="111.162331"><time>2026-08-22T09:28:31.135Z</time></trkpt>
      <trkpt lat="24.453498" lon="111.162331"><time>2026-08-22T09:28:31.151Z</time></trkpt>
      <trkpt lat="24.453498" lon="111.162331"><time>2026-08-22T09:28:31.168Z</time></trkpt>
      <trkpt lat="24.453498" lon="111.162331"><time>2026-08-22T09:28:31.185Z</time></trkpt>
      <trkpt lat="24.4535" lon="111.162329"><time>2026-08-22T09:28:31.201Z</time></trkpt>
      <trkpt lat="24.4535" lon="111.162329"><time>2026-08-22T09:28:31.218Z</time></trkpt>
      <trkpt lat="24.4535" lon="111.162329"><time>2026-08-22T09:28:31.235Z</time></trkpt>
      <trkpt lat="24.4535" lon="111.162329"><time>2026-08-22T09:28:31.251Z</time></trkpt>
      <trkpt lat="24.4535" lon="111.162329"><time>2026-08-22T09:28:31.268Z</time></trkpt>
      <trkpt lat="24.4535" lon="111.162329"><time>2026-08-22T09:28:31.285Z</time></trkpt>
      <trkpt lat="24.453502" lon="111.162328"><time>2026-08-22T09:28:31.301Z</time></trkpt>
      <trkpt lat="24.453502" lon="111.162328"><time>2026-08-22T09:28:31.318Z</time></trkpt>
      <trkpt lat="24.453502" lon="111.162328"><time>2026-08-22T09:28:31.335Z</time></trkpt>
      <trkpt lat="24.453502" lon="111.162328"><time>2026-08-22T09:28:31.351Z</time></trkpt>
      <trkpt lat="24.453502" lon="111.162328"><time>2026-08-22T09:28:31.368Z</time></trkpt>
      <trkpt lat="24.453502" lon="111.162328"><time>2026-08-22T09:28:31.385Z</time></trkpt>
      <trkpt lat="24.453504" lon="111.162326"><time>2026-08-22T09:28:31.402Z</time></trkpt>
      <trkpt lat="24.453504" lon="111.162326"><time>2026-08-22T09:28:31.418Z</time></trkpt>
      <trkpt lat="24.453504" lon="111.162326"><time>2026-08-22T09:28:31.435Z</time></trkpt>
      <trkpt lat="24.453504" lon="111.162326"><time>2026-08-22T09:28:31.452Z</time></trkpt>
      <trkpt lat="24.453504" lon="111.162326"><time>2026-08-22T09:28:31.468Z</time></trkpt>
      <trkpt lat="24.453504" lon="111.162326"><time>2026-08-22T09:28:31.485Z</time></trkpt>
      <trkpt lat="24.453506" lon="111.162324"><time>2026-08-22T09:28:31.502Z</time></trkpt>
      <trkpt lat="24.453506" lon="111.162324"><time>2026-08-22T09:28:31.518Z</time></trkpt>
      <trkpt lat="24.453506" lon="111.162324"><time>2026-08-22T09:28:31.535Z</time></trkpt>
      <trkpt lat="24.453506" lon="111.162324"><time>2026-08-22T09:28:31.552Z</time></trkpt>
      <trkpt lat="24.453506" lon="111.162324"><time>2026-08-22T09:28:31.568Z</time></trkpt>
      <trkpt lat="24.453506" lon="111.162324"><time>2026-08-22T09:28:31.585Z</time></trkpt>
      <trkpt lat="24.453508" lon="111.162322"><time>2026-08-22T09:28:31.602Z</time></trkpt>
      <trkpt lat="24.453508" lon="111.162322"><time>2026-08-22T09:28:31.618Z</time></trkpt>
      <trkpt lat="24.453508" lon="111.162322"><time>2026-08-22T09:28:31.635Z</time></trkpt>
      <trkpt lat="24.453508" lon="111.162322"><time>2026-08-22T09:28:31.652Z</time></trkpt>
      <trkpt lat="24.453508" lon="111.162322"><time>2026-08-22T09:28:31.668Z</time></trkpt>
      <trkpt lat="24.453508" lon="111.162322"><time>2026-08-22T09:28:31.685Z</time></trkpt>
      <trkpt lat="24.453509" lon="111.162319"><time>2026-08-22T09:28:31.702Z</time></trkpt>
      <trkpt lat="24.453509" lon="111.162319"><time>2026-08-22T09:28:31.719Z</time></trkpt>
      <trkpt lat="24.453509" lon="111.162319"><time>2026-08-22T09:28:31.735Z</time></trkpt>
      <trkpt lat="24.453509" lon="111.162319"><time>2026-08-22T09:28:31.752Z</time></trkpt>
      <trkpt lat="24.453509" lon="111.162319"><time>2026-08-22T09:28:31.769Z</time></trkpt>
      <trkpt lat="24.453509" lon="111.162319"><time>2026-08-22T09:28:31.785Z</time></trkpt>
      <trkpt lat="24.45351" lon="111.162317"><time>2026-08-22T09:28:31.802Z</time></trkpt>
      <trkpt lat="24.45351" lon="111.162317"><time>2026-08-22T09:28:31.819Z</time></trkpt>
      <trkpt lat="24.45351" lon="111.162317"><time>2026-08-22T09:28:31.835Z</time></trkpt>
      <trkpt lat="24.45351" lon="111.162317"><time>2026-08-22T09:28:31.852Z</time></trkpt>
      <trkpt lat="24.45351" lon="111.162317"><time>2026-08-22T09:28:31.869Z</time></trkpt>
      <trkpt lat="24.45351" lon="111.162317"><time>2026-08-22T09:28:31.885Z</time></trkpt>
      <trkpt lat="24.453512" lon="111.162315"><time>2026-08-22T09:28:31.902Z</time></trkpt>
      <trkpt lat="24.453512" lon="111.162315"><time>2026-08-22T09:28:31.919Z</time></trkpt>
      <trkpt lat="24.453512" lon="111.162315"><time>2026-08-22T09:28:31.935Z</time></trkpt>
      <trkpt lat="24.453512" lon="111.162315"><time>2026-08-22T09:28:31.952Z</time></trkpt>
      <trkpt lat="24.453512" lon="111.162315"><time>2026-08-22T09:28:31.969Z</time></trkpt>
      <trkpt lat="24.453512" lon="111.162315"><time>2026-08-22T09:28:31.985Z</time></trkpt>
      <trkpt lat="24.453513" lon="111.162312"><time>2026-08-22T09:28:32.002Z</time></trkpt>
      <trkpt lat="24.453513" lon="111.162312"><time>2026-08-22T09:28:32.019Z</time></trkpt>
      <trkpt lat="24.453513" lon="111.162312"><time>2026-08-22T09:28:32.035Z</time></trkpt>
      <trkpt lat="24.453513" lon="111.162312"><time>2026-08-22T09:28:32.052Z</time></trkpt>
      <trkpt lat="24.453513" lon="111.162312"><time>2026-08-22T09:28:32.069Z</time></trkpt>
      <trkpt lat="24.453513" lon="111.162312"><time>2026-08-22T09:28:32.086Z</time></trkpt>
      <trkpt lat="24.453514" lon="111.162309"><time>2026-08-22T09:28:32.102Z</time></trkpt>
      <trkpt lat="24.453514" lon="111.162309"><time>2026-08-22T09:28:32.119Z</time></trkpt>
      <trkpt lat="24.453514" lon="111.162309"><time>2026-08-22T09:28:32.136Z</time></trkpt>
      <trkpt lat="24.453514" lon="111.162309"><time>2026-08-22T09:28:32.152Z</time></trkpt>
      <trkpt lat="24.453514" lon="111.162309"><time>2026-08-22T09:28:32.169Z</time></trkpt>
      <trkpt lat="24.453514" lon="111.162309"><time>2026-08-22T09:28:32.186Z</time></trkpt>
      <trkpt lat="24.453515" lon="111.162307"><time>2026-08-22T09:28:32.202Z</time></trkpt>
      <trkpt lat="24.453515" lon="111.162307"><time>2026-08-22T09:28:32.219Z</time></trkpt>
      <trkpt lat="24.453515" lon="111.162307"><time>2026-08-22T09:28:32.236Z</time></trkpt>
      <trkpt lat="24.453515" lon="111.162307"><time>2026-08-22T09:28:32.252Z</time></trkpt>
      <trkpt lat="24.453515" lon="111.162307"><time>2026-08-22T09:28:32.269Z</time></trkpt>
      <trkpt lat="24.453515" lon="111.162307"><time>2026-08-22T09:28:32.286Z</time></trkpt>
      <trkpt lat="24.453516" lon="111.162304"><time>2026-08-22T09:28:32.302Z</time></trkpt>
      <trkpt lat="24.453516" lon="111.162304"><time>2026-08-22T09:28:32.319Z</time></trkpt>
      <trkpt lat="24.453516" lon="111.162304"><time>2026-08-22T09:28:32.336Z</time></trkpt>
      <trkpt lat="24.453516" lon="111.162304"><time>2026-08-22T09:28:32.352Z</time></trkpt>
      <trkpt lat="24.453516" lon="111.162304"><time>2026-08-22T09:28:32.369Z</time></trkpt>
      <trkpt lat="24.453516" lon="111.162304"><time>2026-08-22T09:28:32.386Z</time></trkpt>
      <trkpt lat="24.453517" lon="111.162302"><time>2026-08-22T09:28:32.403Z</time></trkpt>
      <trkpt lat="24.453517" lon="111.162302"><time>2026-08-22T09:28:32.419Z</time></trkpt>
      <trkpt lat="24.453517" lon="111.162302"><time>2026-08-22T09:28:32.436Z</time></trkpt>
      <trkpt lat="24.453517" lon="111.162302"><time>2026-08-22T09:28:32.453Z</time></trkpt>
      <trkpt lat="24.453517" lon="111.162302"><time>2026-08-22T09:28:32.469Z</time></trkpt>
      <trkpt lat="24.453517" lon="111.162302"><time>2026-08-22T09:28:32.486Z</time></trkpt>
      <trkpt lat="24.453519" lon="111.162299"><time>2026-08-22T09:28:32.503Z</time></trkpt>
      <trkpt lat="24.453519" lon="111.162299"><time>2026-08-22T09:28:32.519Z</time></trkpt>
      <trkpt lat="24.453519" lon="111.162299"><time>2026-08-22T09:28:32.536Z</time></trkpt>
      <trkpt lat="24.453519" lon="111.162299"><time>2026-08-22T09:28:32.553Z</time></trkpt>
      <trkpt lat="24.453519" lon="111.162299"><time>2026-08-22T09:28:32.569Z</time></trkpt>
      <trkpt lat="24.453519" lon="111.162299"><time>2026-08-22T09:28:32.586Z</time></trkpt>
      <trkpt lat="24.45352" lon="111.162296"><time>2026-08-22T09:28:32.603Z</time></trkpt>
      <trkpt lat="24.45352" lon="111.162296"><time>2026-08-22T09:28:32.619Z</time></trkpt>
      <trkpt lat="24.45352" lon="111.162296"><time>2026-08-22T09:28:32.636Z</time></trkpt>
      <trkpt lat="24.45352" lon="111.162296"><time>2026-08-22T09:28:32.653Z</time></trkpt>
      <trkpt lat="24.45352" lon="111.162296"><time>2026-08-22T09:28:32.669Z</time></trkpt>
      <trkpt lat="24.45352" lon="111.162296"><time>2026-08-22T09:28:32.686Z</time></trkpt>
      <trkpt lat="24.453522" lon="111.162294"><time>2026-08-22T09:28:32.703Z</time></trkpt>
      <trkpt lat="24.453522" lon="111.162294"><time>2026-08-22T09:28:32.720Z</time></trkpt>
      <trkpt lat="24.453522" lon="111.162294"><time>2026-08-22T09:28:32.736Z</time></trkpt>
      <trkpt lat="24.453522" lon="111.162294"><time>2026-08-22T09:28:32.753Z</time></trkpt>
      <trkpt lat="24.453522" lon="111.162294"><time>2026-08-22T09:28:32.770Z</time></trkpt>
      <trkpt lat="24.453522" lon="111.162294"><time>2026-08-22T09:28:32.786Z</time></trkpt>
      <trkpt lat="24.453524" lon="111.162292"><time>2026-08-22T09:28:32.803Z</time></trkpt>
      <trkpt lat="24.453524" lon="111.162292"><time>2026-08-22T09:28:32.820Z</time></trkpt>
      <trkpt lat="24.453524" lon="111.162292"><time>2026-08-22T09:28:32.836Z</time></trkpt>
      <trkpt lat="24.453524" lon="111.162292"><time>2026-08-22T09:28:32.853Z</time></trkpt>
      <trkpt lat="24.453524" lon="111.162292"><time>2026-08-22T09:28:32.870Z</time></trkpt>
      <trkpt lat="24.453524" lon="111.162292"><time>2026-08-22T09:28:32.886Z</time></trkpt>
      <trkpt lat="24.453527" lon="111.162289"><time>2026-08-22T09:28:32.903Z</time></trkpt>
      <trkpt lat="24.453527" lon="111.162289"><time>2026-08-22T09:28:32.920Z</time></trkpt>
      <trkpt lat="24.453527" lon="111.162289"><time>2026-08-22T09:28:32.936Z</time></trkpt>
      <trkpt lat="24.453527" lon="111.162289"><time>2026-08-22T09:28:32.953Z</time></trkpt>
      <trkpt lat="24.453527" lon="111.162289"><time>2026-08-22T09:28:32.970Z</time></trkpt>
      <trkpt lat="24.453527" lon="111.162289"><time>2026-08-22T09:28:32.986Z</time></trkpt>
      <trkpt lat="24.453529" lon="111.162287"><time>2026-08-22T09:28:33.003Z</time></trkpt>
      <trkpt lat="24.453529" lon="111.162287"><time>2026-08-22T09:28:33.020Z</time></trkpt>
      <trkpt lat="24.453529" lon="111.162287"><time>2026-08-22T09:28:33.037Z</time></trkpt>
      <trkpt lat="24.453529" lon="111.162287"><time>2026-08-22T09:28:33.053Z</time></trkpt>
      <trkpt lat="24.453529" lon="111.162287"><time>2026-08-22T09:28:33.070Z</time></trkpt>
      <trkpt lat="24.453529" lon="111.162287"><time>2026-08-22T09:28:33.087Z</time></trkpt>
      <trkpt lat="24.453532" lon="111.162285"><time>2026-08-22T09:28:33.103Z</time></trkpt>
      <trkpt lat="24.453532" lon="111.162285"><time>2026-08-22T09:28:33.120Z</time></trkpt>
      <trkpt lat="24.453532" lon="111.162285"><time>2026-08-22T09:28:33.137Z</time></trkpt>
      <trkpt lat="24.453532" lon="111.162285"><time>2026-08-22T09:28:33.153Z</time></trkpt>
      <trkpt lat="24.453532" lon="111.162285"><time>2026-08-22T09:28:33.170Z</time></trkpt>
      <trkpt lat="24.453532" lon="111.162285"><time>2026-08-22T09:28:33.187Z</time></trkpt>
      <trkpt lat="24.453535" lon="111.162283"><time>2026-08-22T09:28:33.203Z</time></trkpt>
      <trkpt lat="24.453535" lon="111.162283"><time>2026-08-22T09:28:33.220Z</time></trkpt>
      <trkpt lat="24.453535" lon="111.162283"><time>2026-08-22T09:28:33.237Z</time></trkpt>
      <trkpt lat="24.453535" lon="111.162283"><time>2026-08-22T09:28:33.253Z</time></trkpt>
      <trkpt lat="24.453535" lon="111.162283"><time>2026-08-22T09:28:33.270Z</time></trkpt>
      <trkpt lat="24.453535" lon="111.162283"><time>2026-08-22T09:28:33.287Z</time></trkpt>
      <trkpt lat="24.453538" lon="111.162281"><time>2026-08-22T09:28:33.303Z</time></trkpt>
      <trkpt lat="24.453538" lon="111.162281"><time>2026-08-22T09:28:33.320Z</time></trkpt>
      <trkpt lat="24.453538" lon="111.162281"><time>2026-08-22T09:28:33.337Z</time></trkpt>
      <trkpt lat="24.453538" lon="111.162281"><time>2026-08-22T09:28:33.354Z</time></trkpt>
      <trkpt lat="24.453538" lon="111.162281"><time>2026-08-22T09:28:33.370Z</time></trkpt>
      <trkpt lat="24.453538" lon="111.162281"><time>2026-08-22T09:28:33.387Z</time></trkpt>
      <trkpt lat="24.453541" lon="111.162279"><time>2026-08-22T09:28:33.404Z</time></trkpt>
      <trkpt lat="24.453541" lon="111.162279"><time>2026-08-22T09:28:33.420Z</time></trkpt>
      <trkpt lat="24.453541" lon="111.162279"><time>2026-08-22T09:28:33.437Z</time></trkpt>
      <trkpt lat="24.453541" lon="111.162279"><time>2026-08-22T09:28:33.454Z</time></trkpt>
      <trkpt lat="24.453541" lon="111.162279"><time>2026-08-22T09:28:33.470Z</time></trkpt>
      <trkpt lat="24.453541" lon="111.162279"><time>2026-08-22T09:28:33.487Z</time></trkpt>
      <trkpt lat="24.453544" lon="111.162277"><time>2026-08-22T09:28:33.504Z</time></trkpt>
      <trkpt lat="24.453544" lon="111.162277"><time>2026-08-22T09:28:33.520Z</time></trkpt>
      <trkpt lat="24.453544" lon="111.162277"><time>2026-08-22T09:28:33.537Z</time></trkpt>
      <trkpt lat="24.453544" lon="111.162277"><time>2026-08-22T09:28:33.554Z</time></trkpt>
      <trkpt lat="24.453544" lon="111.162277"><time>2026-08-22T09:28:33.570Z</time></trkpt>
      <trkpt lat="24.453544" lon="111.162277"><time>2026-08-22T09:28:33.587Z</time></trkpt>
      <trkpt lat="24.453548" lon="111.162275"><time>2026-08-22T09:28:33.604Z</time></trkpt>
      <trkpt lat="24.453548" lon="111.162275"><time>2026-08-22T09:28:33.620Z</time></trkpt>
      <trkpt lat="24.453548" lon="111.162275"><time>2026-08-22T09:28:33.637Z</time></trkpt>
      <trkpt lat="24.453548" lon="111.162275"><time>2026-08-22T09:28:33.654Z</time></trkpt>
      <trkpt lat="24.453548" lon="111.162275"><time>2026-08-22T09:28:33.671Z</time></trkpt>
      <trkpt lat="24.453548" lon="111.162275"><time>2026-08-22T09:28:33.687Z</time></trkpt>
      <trkpt lat="24.453551" lon="111.162273"><time>2026-08-22T09:28:33.704Z</time></trkpt>
      <trkpt lat="24.453551" lon="111.162273"><time>2026-08-22T09:28:33.721Z</time></trkpt>
      <trkpt lat="24.453551" lon="111.162273"><time>2026-08-22T09:28:33.737Z</time></trkpt>
      <trkpt lat="24.453551" lon="111.162273"><time>2026-08-22T09:28:33.754Z</time></trkpt>
      <trkpt lat="24.453551" lon="111.162273"><time>2026-08-22T09:28:33.771Z</time></trkpt>
      <trkpt lat="24.453551" lon="111.162273"><time>2026-08-22T09:28:33.787Z</time></trkpt>
      <trkpt lat="24.453554" lon="111.162271"><time>2026-08-22T09:28:33.804Z</time></trkpt>
      <trkpt lat="24.453554" lon="111.162271"><time>2026-08-22T09:28:33.821Z</time></trkpt>
      <trkpt lat="24.453554" lon="111.162271"><time>2026-08-22T09:28:33.837Z</time></trkpt>
      <trkpt lat="24.453554" lon="111.162271"><time>2026-08-22T09:28:33.854Z</time></trkpt>
      <trkpt lat="24.453554" lon="111.162271"><time>2026-08-22T09:28:33.871Z</time></trkpt>
      <trkpt lat="24.453554" lon="111.162271"><time>2026-08-22T09:28:33.887Z</time></trkpt>
      <trkpt lat="24.453557" lon="111.162269"><time>2026-08-22T09:28:33.904Z</time></trkpt>
      <trkpt lat="24.453557" lon="111.162269"><time>2026-08-22T09:28:33.921Z</time></trkpt>
      <trkpt lat="24.453557" lon="111.162269"><time>2026-08-22T09:28:33.937Z</time></trkpt>
      <trkpt lat="24.453557" lon="111.162269"><time>2026-08-22T09:28:33.954Z</time></trkpt>
      <trkpt lat="24.453557" lon="111.162269"><time>2026-08-22T09:28:33.971Z</time></trkpt>
      <trkpt lat="24.453557" lon="111.162269"><time>2026-08-22T09:28:33.988Z</time></trkpt>
      <trkpt lat="24.453559" lon="111.162267"><time>2026-08-22T09:28:34.004Z</time></trkpt>
      <trkpt lat="24.453559" lon="111.162267"><time>2026-08-22T09:28:34.021Z</time></trkpt>
      <trkpt lat="24.453559" lon="111.162267"><time>2026-08-22T09:28:34.038Z</time></trkpt>
      <trkpt lat="24.453559" lon="111.162267"><time>2026-08-22T09:28:34.054Z</time></trkpt>
      <trkpt lat="24.453559" lon="111.162267"><time>2026-08-22T09:28:34.071Z</time></trkpt>
      <trkpt lat="24.453559" lon="111.162267"><time>2026-08-22T09:28:34.088Z</time></trkpt>
      <trkpt lat="24.453562" lon="111.162266"><time>2026-08-22T09:28:34.104Z</time></trkpt>
      <trkpt lat="24.453562" lon="111.162266"><time>2026-08-22T09:28:34.121Z</time></trkpt>
      <trkpt lat="24.453562" lon="111.162266"><time>2026-08-22T09:28:34.138Z</time></trkpt>
      <trkpt lat="24.453562" lon="111.162266"><time>2026-08-22T09:28:34.154Z</time></trkpt>
      <trkpt lat="24.453562" lon="111.162266"><time>2026-08-22T09:28:34.171Z</time></trkpt>
      <trkpt lat="24.453562" lon="111.162266"><time>2026-08-22T09:28:34.188Z</time></trkpt>
      <trkpt lat="24.453565" lon="111.162264"><time>2026-08-22T09:28:34.204Z</time></trkpt>
      <trkpt lat="24.453565" lon="111.162264"><time>2026-08-22T09:28:34.221Z</time></trkpt>
      <trkpt lat="24.453565" lon="111.162264"><time>2026-08-22T09:28:34.238Z</time></trkpt>
      <trkpt lat="24.453565" lon="111.162264"><time>2026-08-22T09:28:34.254Z</time></trkpt>
      <trkpt lat="24.453565" lon="111.162264"><time>2026-08-22T09:28:34.271Z</time></trkpt>
      <trkpt lat="24.453567" lon="111.162262"><time>2026-08-22T09:28:34.288Z</time></trkpt>
      <trkpt lat="24.453567" lon="111.162262"><time>2026-08-22T09:28:34.305Z</time></trkpt>
      <trkpt lat="24.453567" lon="111.162262"><time>2026-08-22T09:28:34.321Z</time></trkpt>
      <trkpt lat="24.453567" lon="111.162262"><time>2026-08-22T09:28:34.338Z</time></trkpt>
      <trkpt lat="24.453567" lon="111.162262"><time>2026-08-22T09:28:34.355Z</time></trkpt>
      <trkpt lat="24.453567" lon="111.162262"><time>2026-08-22T09:28:34.371Z</time></trkpt>
      <trkpt lat="24.453567" lon="111.162262"><time>2026-08-22T09:28:34.388Z</time></trkpt>
      <trkpt lat="24.45357" lon="111.162261"><time>2026-08-22T09:28:34.405Z</time></trkpt>
      <trkpt lat="24.45357" lon="111.162261"><time>2026-08-22T09:28:34.421Z</time></trkpt>
      <trkpt lat="24.45357" lon="111.162261"><time>2026-08-22T09:28:34.438Z</time></trkpt>
      <trkpt lat="24.45357" lon="111.162261"><time>2026-08-22T09:28:34.455Z</time></trkpt>
      <trkpt lat="24.45357" lon="111.162261"><time>2026-08-22T09:28:34.471Z</time></trkpt>
      <trkpt lat="24.45357" lon="111.162261"><time>2026-08-22T09:28:34.488Z</time></trkpt>
      <trkpt lat="24.453572" lon="111.16226"><time>2026-08-22T09:28:34.505Z</time></trkpt>
      <trkpt lat="24.453572" lon="111.16226"><time>2026-08-22T09:28:34.521Z</time></trkpt>
      <trkpt lat="24.453572" lon="111.16226"><time>2026-08-22T09:28:34.538Z</time></trkpt>
      <trkpt lat="24.453572" lon="111.16226"><time>2026-08-22T09:28:34.555Z</time></trkpt>
      <trkpt lat="24.453572" lon="111.16226"><time>2026-08-22T09:28:34.571Z</time></trkpt>
      <trkpt lat="24.453572" lon="111.16226"><time>2026-08-22T09:28:34.588Z</time></trkpt>
      <trkpt lat="24.453574" lon="111.162258"><time>2026-08-22T09:28:34.605Z</time></trkpt>
      <trkpt lat="24.453574" lon="111.162258"><time>2026-08-22T09:28:34.622Z</time></trkpt>
      <trkpt lat="24.453574" lon="111.162258"><time>2026-08-22T09:28:34.638Z</time></trkpt>
      <trkpt lat="24.453574" lon="111.162258"><time>2026-08-22T09:28:34.655Z</time></trkpt>
      <trkpt lat="24.453574" lon="111.162258"><time>2026-08-22T09:28:34.672Z</time></trkpt>
      <trkpt lat="24.453576" lon="111.162257"><time>2026-08-22T09:28:34.688Z</time></trkpt>
      <trkpt lat="24.453576" lon="111.162257"><time>2026-08-22T09:28:34.705Z</time></trkpt>
      <trkpt lat="24.453576" lon="111.162257"><time>2026-08-22T09:28:34.722Z</time></trkpt>
      <trkpt lat="24.453576" lon="111.162257"><time>2026-08-22T09:28:34.738Z</time></trkpt>
      <trkpt lat="24.453576" lon="111.162257"><time>2026-08-22T09:28:34.755Z</time></trkpt>
      <trkpt lat="24.453576" lon="111.162257"><time>2026-08-22T09:28:34.772Z</time></trkpt>
      <trkpt lat="24.453579" lon="111.162256"><time>2026-08-22T09:28:34.788Z</time></trkpt>
      <trkpt lat="24.453579" lon="111.162256"><time>2026-08-22T09:28:34.805Z</time></trkpt>
      <trkpt lat="24.453579" lon="111.162256"><time>2026-08-22T09:28:34.822Z</time></trkpt>
      <trkpt lat="24.453579" lon="111.162256"><time>2026-08-22T09:28:34.838Z</time></trkpt>
      <trkpt lat="24.453579" lon="111.162256"><time>2026-08-22T09:28:34.855Z</time></trkpt>
      <trkpt lat="24.453579" lon="111.162256"><time>2026-08-22T09:28:34.872Z</time></trkpt>
      <trkpt lat="24.453581" lon="111.162255"><time>2026-08-22T09:28:34.888Z</time></trkpt>
      <trkpt lat="24.453581" lon="111.162255"><time>2026-08-22T09:28:34.905Z</time></trkpt>
      <trkpt lat="24.453581" lon="111.162255"><time>2026-08-22T09:28:34.922Z</time></trkpt>
      <trkpt lat="24.453581" lon="111.162255"><time>2026-08-22T09:28:34.939Z</time></trkpt>
      <trkpt lat="24.453581" lon="111.162255"><time>2026-08-22T09:28:34.955Z</time></trkpt>
      <trkpt lat="24.453581" lon="111.162255"><time>2026-08-22T09:28:34.972Z</time></trkpt>
      <trkpt lat="24.453581" lon="111.162255"><time>2026-08-22T09:28:34.989Z</time></trkpt>
      <trkpt lat="24.453583" lon="111.162253"><time>2026-08-22T09:28:35.005Z</time></trkpt>
      <trkpt lat="24.453583" lon="111.162253"><time>2026-08-22T09:28:35.022Z</time></trkpt>
      <trkpt lat="24.453583" lon="111.162253"><time>2026-08-22T09:28:35.039Z</time></trkpt>
      <trkpt lat="24.453583" lon="111.162253"><time>2026-08-22T09:28:35.055Z</time></trkpt>
      <trkpt lat="24.453583" lon="111.162253"><time>2026-08-22T09:28:35.072Z</time></trkpt>
      <trkpt lat="24.453584" lon="111.162252"><time>2026-08-22T09:28:35.089Z</time></trkpt>
      <trkpt lat="24.453584" lon="111.162252"><time>2026-08-22T09:28:35.105Z</time></trkpt>
      <trkpt lat="24.453584" lon="111.162252"><time>2026-08-22T09:28:35.122Z</time></trkpt>
      <trkpt lat="24.453584" lon="111.162252"><time>2026-08-22T09:28:35.139Z</time></trkpt>
      <trkpt lat="24.453584" lon="111.162252"><time>2026-08-22T09:28:35.155Z</time></trkpt>
    </trkseg>
  </trk>
</gpx>
