<?xml version="1.0" encoding="UTF-8"?>
<gpx version="1.1" creator="Kairos" xmlns="http://www.topografix.com/GPX/1/1">
  <trk>
    <name>sidecar-srt-c6632ee38c98a8f2</name>
    <trkseg>
      <trkpt lat="24.462063" lon="111.155888"><time>2026-08-22T09:19:31.000Z</time></trkpt>
      <trkpt lat="24.462063" lon="111.155888"><time>2026-08-22T09:19:31.016Z</time></trkpt>
      <trkpt lat="24.462063" lon="111.155888"><time>2026-08-22T09:19:31.032Z</time></trkpt>
      <trkpt lat="24.462063" lon="111.155888"><time>2026-08-22T09:19:31.049Z</time></trkpt>
      <trkpt lat="24.462063" lon="111.155888"><time>2026-08-22T09:19:31.066Z</time></trkpt>
      <trkpt lat="24.462063" lon="111.155888"><time>2026-08-22T09:19:31.082Z</time></trkpt>
      <trkpt lat="24.462063" lon="111.155888"><time>2026-08-22T09:19:31.099Z</time></trkpt>
      <trkpt lat="24.462063" lon="111.155888"><time>2026-08-22T09:19:31.116Z</time></trkpt>
      <trkpt lat="24.462063" lon="111.155888"><time>2026-08-22T09:19:31.132Z</time></trkpt>
      <trkpt lat="24.462063" lon="111.155888"><time>2026-08-22T09:19:31.149Z</time></trkpt>
      <trkpt lat="24.462063" lon="111.155888"><time>2026-08-22T09:19:31.166Z</time></trkpt>
      <trkpt lat="24.462063" lon="111.155888"><time>2026-08-22T09:19:31.182Z</time></trkpt>
      <trkpt lat="24.462063" lon="111.155888"><time>2026-08-22T09:19:31.199Z</time></trkpt>
      <trkpt lat="24.462063" lon="111.155888"><time>2026-08-22T09:19:31.216Z</time></trkpt>
      <trkpt lat="24.462063" lon="111.155888"><time>2026-08-22T09:19:31.232Z</time></trkpt>
      <trkpt lat="24.462063" lon="111.155888"><time>2026-08-22T09:19:31.249Z</time></trkpt>
      <trkpt lat="24.462063" lon="111.155888"><time>2026-08-22T09:19:31.266Z</time></trkpt>
      <trkpt lat="24.462063" lon="111.155888"><time>2026-08-22T09:19:31.282Z</time></trkpt>
      <trkpt lat="24.462063" lon="111.155888"><time>2026-08-22T09:19:31.299Z</time></trkpt>
      <trkpt lat="24.462063" lon="111.155888"><time>2026-08-22T09:19:31.316Z</time></trkpt>
      <trkpt lat="24.462063" lon="111.155888"><time>2026-08-22T09:19:31.333Z</time></trkpt>
      <trkpt lat="24.462063" lon="111.155888"><time>2026-08-22T09:19:31.349Z</time></trkpt>
      <trkpt lat="24.462063" lon="111.155888"><time>2026-08-22T09:19:31.366Z</time></trkpt>
      <trkpt lat="24.462063" lon="111.155888"><time>2026-08-22T09:19:31.383Z</time></trkpt>
      <trkpt lat="24.462063" lon="111.155888"><time>2026-08-22T09:19:31.399Z</time></trkpt>
      <trkpt lat="24.462063" lon="111.155888"><time>2026-08-22T09:19:31.416Z</time></trkpt>
      <trkpt lat="24.462063" lon="111.155888"><time>2026-08-22T09:19:31.433Z</time></trkpt>
      <trkpt lat="24.462063" lon="111.155888"><time>2026-08-22T09:19:31.449Z</time></trkpt>
      <trkpt lat="24.462063" lon="111.155888"><time>2026-08-22T09:19:31.466Z</time></trkpt>
      <trkpt lat="24.462063" lon="111.155888"><time>2026-08-22T09:19:31.483Z</time></trkpt>
      <trkpt lat="24.462063" lon="111.155888"><time>2026-08-22T09:19:31.499Z</time></trkpt>
      <trkpt lat="24.462063" lon="111.155888"><time>2026-08-22T09:19:31.516Z</time></trkpt>
      <trkpt lat="24.462063" lon="111.155888"><time>2026-08-22T09:19:31.533Z</time></trkpt>
      <trkpt lat="24.462063" lon="111.155888"><time>2026-08-22T09:19:31.549Z</time></trkpt>
      <trkpt lat="24.462063" lon="111.155888"><time>2026-08-22T09:19:31.566Z</time></trkpt>
      <trkpt lat="24.462063" lon="111.155888"><time>2026-08-22T09:19:31.583Z</time></trkpt>
      <trkpt lat="24.462063" lon="111.155888"><time>2026-08-22T09:19:31.599Z</time></trkpt>
      <trkpt lat="24.462063" lon="111.155888"><time>2026-08-22T09:19:31.616Z</time></trkpt>
      <trkpt lat="24.462063" lon="111.155888"><time>2026-08-22T09:19:31.633Z</time></trkpt>
      <trkpt lat="24.462063" lon="111.155888"><time>2026-08-22T09:19:31.650Z</time></trkpt>
      <trkpt lat="24.462063" lon="111.155888"><time>2026-08-22T09:19:31.666Z</time></trkpt>
      <trkpt lat="24.462063" lon="111.155888"><time>2026-08-22T09:19:31.683Z</time></trkpt>
      <trkpt lat="24.462063" lon="111.155888"><time>2026-08-22T09:19:31.700Z</time></trkpt>
      <trkpt lat="24.462063" lon="111.155888"><time>2026-08-22T09:19:31.716Z</time></trkpt>
      <trkpt lat="24.462063" lon="111.155888"><time>2026-08-22T09:19:31.733Z</time></trkpt>
      <trkpt lat="24.462063" lon="111.155888"><time>2026-08-22T09:19:31.750Z</time></trkpt>
      <trkpt lat="24.462063" lon="111.155888"><time>2026-08-22T09:19:31.766Z</time></trkpt>
      <trkpt lat="24.462063" lon="111.155888"><time>2026-08-22T09:19:31.783Z</time></trkpt>
      <trkpt lat="24.462063" lon="111.155888"><time>2026-08-22T09:19:31.800Z</time></trkpt>
      <trkpt lat="24.462063" lon="111.155888"><time>2026-08-22T09:19:31.816Z</time></trkpt>
      <trkpt lat="24.462063" lon="111.155888"><time>2026-08-22T09:19:31.833Z</time></trkpt>
      <trkpt lat="24.462063" lon="111.155888"><time>2026-08-22T09:19:31.850Z</time></trkpt>
      <trkpt lat="24.462063" lon="111.155888"><time>2026-08-22T09:19:31.866Z</time></trkpt>
      <trkpt lat="24.462063" lon="111.155888"><time>2026-08-22T09:19:31.883Z</time></trkpt>
      <trkpt lat="24.462063" lon="111.155888"><time>2026-08-22T09:19:31.900Z</time></trkpt>
      <trkpt lat="24.462063" lon="111.155888"><time>2026-08-22T09:19:31.916Z</time></trkpt>
      <trkpt lat="24.462063" lon="111.155888"><time>2026-08-22T09:19:31.933Z</time></trkpt>
      <trkpt lat="24.462063" lon="111.155888"><time>2026-08-22T09:19:31.950Z</time></trkpt>
      <trkpt lat="24.462063" lon="111.155888"><time>2026-08-22T09:19:31.966Z</time></trkpt>
      <trkpt lat="24.462063" lon="111.155888"><time>2026-08-22T09:19:31.983Z</time></trkpt>
      <trkpt lat="24.462063" lon="111.155888"><time>2026-08-22T09:19:32.000Z</time></trkpt>
      <trkpt lat="24.462063" lon="111.155888"><time>2026-08-22T09:19:32.017Z</time></trkpt>
      <trkpt lat="24.462063" lon="111.155888"><time>2026-08-22T09:19:32.033Z</time></trkpt>
      <trkpt lat="24.462063" lon="111.155888"><time>2026-08-22T09:19:32.050Z</time></trkpt>
      <trkpt lat="24.462063" lon="111.155888"><time>2026-08-22T09:19:32.067Z</time></trkpt>
      <trkpt lat="24.462063" lon="111.155888"><time>2026-08-22T09:19:32.083Z</time></trkpt>
      <trkpt lat="24.462063" lon="111.155888"><time>2026-08-22T09:19:32.100Z</time></trkpt>
      <trkpt lat="24.462063" lon="111.155888"><time>2026-08-22T09:19:32.117Z</time></trkpt>
      <trkpt lat="24.462063" lon="111.155888"><time>2026-08-22T09:19:32.133Z</time></trkpt>
      <trkpt lat="24.462063" lon="111.155888"><time>2026-08-22T09:19:32.150Z</time></trkpt>
      <trkpt lat="24.462063" lon="111.155888"><time>2026-08-22T09:19:32.167Z</time></trkpt>
      <trkpt lat="24.462063" lon="111.155888"><time>2026-08-22T09:19:32.183Z</time></trkpt>
      <trkpt lat="24.462063" lon="111.155888"><time>2026-08-22T09:19:32.200Z</time></trkpt>
      <trkpt lat="24.462063" lon="111.155888"><time>2026-08-22T09:19:32.217Z</time></trkpt>
      <trkpt lat="24.462063" lon="111.155888"><time>2026-08-22T09:19:32.233Z</time></trkpt>
      <trkpt lat="24.462063" lon="111.155888"><time>2026-08-22T09:19:32.250Z</time></trkpt>
      <trkpt lat="24.462063" lon="111.155888"><time>2026-08-22T09:19:32.267Z</time></trkpt>
      <trkpt lat="24.462063" lon="111.155888"><time>2026-08-22T09:19:32.283Z</time></trkpt>
      <trkpt lat="24.462063" lon="111.155888"><time>2026-08-22T09:19:32.300Z</time></trkpt>
      <trkpt lat="24.462063" lon="111.155888"><time>2026-08-22T09:19:32.317Z</time></trkpt>
      <trkpt lat="24.462063" lon="111.155888"><time>2026-08-22T09:19:32.334Z</time></trkpt>
      <trkpt lat="24.462063" lon="111.155888"><time>2026-08-22T09:19:32.350Z</time></trkpt>
      <trkpt lat="24.462063" lon="111.155888"><time>2026-08-22T09:19:32.367Z</time></trkpt>
      <trkpt lat="24.462063" lon="111.155888"><time>2026-08-22T09:19:32.384Z</time></trkpt>
      <trkpt lat="24.462063" lon="111.155888"><time>2026-08-22T09:19:32.400Z</time></trkpt>
      <trkpt lat="24.462063" lon="111.155888"><time>2026-08-22T09:19:32.417Z</time></trkpt>
      <trkpt lat="24.462063" lon="111.155888"><time>2026-08-22T09:19:32.434Z</time></trkpt>
      <trkpt lat="24.462063" lon="111.155888"><time>2026-08-22T09:19:32.450Z</time></trkpt>
      <trkpt lat="24.462063" lon="111.155888"><time>2026-08-22T09:19:32.467Z</time></trkpt>
      <trkpt lat="24.462063" lon="111.155888"><time>2026-08-22T09:19:32.484Z</time></trkpt>
      <trkpt lat="24.462063" lon="111.155888"><time>2026-08-22T09:19:32.500Z</time></trkpt>
      <trkpt lat="24.462063" lon="111.155888"><time>2026-08-22T09:19:32.517Z</time></trkpt>
      <trkpt lat="24.462063" lon="111.155888"><time>2026-08-22T09:19:32.534Z</time></trkpt>
      <trkpt lat="24.462063" lon="111.155888"><time>2026-08-22T09:19:32.550Z</time></trkpt>
      <trkpt lat="24.462063" lon="111.155888"><time>2026-08-22T09:19:32.567Z</time></trkpt>
      <trkpt lat="24.462063" lon="111.155888"><time>2026-08-22T09:19:32.584Z</time></trkpt>
      <trkpt lat="24.462063" lon="111.155888"><time>2026-08-22T09:19:32.600Z</time></trkpt>
      <trkpt lat="24.462063" lon="111.155888"><time>2026-08-22T09:19:32.617Z</time></trkpt>
      <trkpt lat="24.462063" lon="111.155888"><time>2026-08-22T09:19:32.634Z</time></trkpt>
      <trkpt lat="24.462063" lon="111.155888"><time>2026-08-22T09:19:32.651Z</time></trkpt>
      <trkpt lat="24.462063" lon="111.155888"><time>2026-08-22T09:19:32.667Z</time></trkpt>
      <trkpt lat="24.462063" lon="111.155888"><time>2026-08-22T09:19:32.684Z</time></trkpt>
      <trkpt lat="24.462063" lon="111.155888"><time>2026-08-22T09:19:32.701Z</time></trkpt>
      <trkpt lat="24.462063" lon="111.155888"><time>2026-08-22T09:19:32.717Z</time></trkpt>
      <trkpt lat="24.462063" lon="111.155888"><time>2026-08-22T09:19:32.734Z</time></trkpt>
      <trkpt lat="24.462063" lon="111.155888"><time>2026-08-22T09:19:32.751Z</time></trkpt>
      <trkpt lat="24.462063" lon="111.155888"><time>2026-08-22T09:19:32.767Z</time></trkpt>
      <trkpt lat="24.462063" lon="111.155888"><time>2026-08-22T09:19:32.784Z</time></trkpt>
      <trkpt lat="24.462063" lon="111.155888"><time>2026-08-22T09:19:32.801Z</time></trkpt>
      <trkpt lat="24.462063" lon="111.155888"><time>2026-08-22T09:19:32.817Z</time></trkpt>
      <trkpt lat="24.462063" lon="111.155888"><time>2026-08-22T09:19:32.834Z</time></trkpt>
      <trkpt lat="24.462063" lon="111.155888"><time>2026-08-22T09:19:32.851Z</time></trkpt>
      <trkpt lat="24.462063" lon="111.155888"><time>2026-08-22T09:19:32.867Z</time></trkpt>
      <trkpt lat="24.462063" lon="111.155888"><time>2026-08-22T09:19:32.884Z</time></trkpt>
      <trkpt lat="24.462063" lon="111.155888"><time>2026-08-22T09:19:32.901Z</time></trkpt>
      <trkpt lat="24.462063" lon="111.155888"><time>2026-08-22T09:19:32.917Z</time></trkpt>
      <trkpt lat="24.462063" lon="111.155888"><time>2026-08-22T09:19:32.934Z</time></trkpt>
      <trkpt lat="24.462063" lon="111.155888"><time>2026-08-22T09:19:32.951Z</time></trkpt>
      <trkpt lat="24.462063" lon="111.155888"><time>2026-08-22T09:19:32.968Z</time></trkpt>
      <trkpt lat="24.462063" lon="111.155888"><time>2026-08-22T09:19:32.984Z</time></trkpt>
      <trkpt lat="24.462063" lon="111.155888"><time>2026-08-22T09:19:33.001Z</time></trkpt>
      <trkpt lat="24.462063" lon="111.155888"><time>2026-08-22T09:19:33.018Z</time></trkpt>
      <trkpt lat="24.462063" lon="111.155888"><time>2026-08-22T09:19:33.034Z</time></trkpt>
      <trkpt lat="24.462063" lon="111.155888"><time>2026-08-22T09:19:33.051Z</time></trkpt>
      <trkpt lat="24.462063" lon="111.155888"><time>2026-08-22T09:19:33.068Z</time></trkpt>
      <trkpt lat="24.462063" lon="111.155888"><time>2026-08-22T09:19:33.084Z</time></trkpt>
      <trkpt lat="24.462063" lon="111.155888"><time>2026-08-22T09:19:33.101Z</time></trkpt>
      <trkpt lat="24.462063" lon="111.155888"><time>2026-08-22T09:19:33.118Z</time></trkpt>
      <trkpt lat="24.462063" lon="111.155888"><time>2026-08-22T09:19:33.134Z</time></trkpt>
      <trkpt lat="24.462063" lon="111.155888"><time>2026-08-22T09:19:33.151Z</time></trkpt>
      <trkpt lat="24.462063" lon="111.155888"><time>2026-08-22T09:19:33.168Z</time></trkpt>
      <trkpt lat="24.462063" lon="111.155888"><time>2026-08-22T09:19:33.184Z</time></trkpt>
      <trkpt lat="24.462063" lon="111.155888"><time>2026-08-22T09:19:33.201Z</time></trkpt>
      <trkpt lat="24.462063" lon="111.155888"><time>2026-08-22T09:19:33.218Z</time></trkpt>
      <trkpt lat="24.462063" lon="111.155888"><time>2026-08-22T09:19:33.234Z</time></trkpt>
      <trkpt lat="24.462063" lon="111.155888"><time>2026-08-22T09:19:33.251Z</time></trkpt>
      <trkpt lat="24.462063" lon="111.155888"><time>2026-08-22T09:19:33.268Z</time></trkpt>
      <trkpt lat="24.462063" lon="111.155888"><time>2026-08-22T09:19:33.285Z</time></trkpt>
      <trkpt lat="24.462063" lon="111.155888"><time>2026-08-22T09:19:33.301Z</time></trkpt>
      <trkpt lat="24.462063" lon="111.155888"><time>2026-08-22T09:19:33.318Z</time></trkpt>
      <trkpt lat="24.462063" lon="111.155888"><time>2026-08-22T09:19:33.335Z</time></trkpt>
      <trkpt lat="24.462063" lon="111.155888"><time>2026-08-22T09:19:33.351Z</time></trkpt>
      <trkpt lat="24.462063" lon="111.155888"><time>2026-08-22T09:19:33.368Z</time></trkpt>
      <trkpt lat="24.462063" lon="111.155888"><time>2026-08-22T09:19:33.385Z</time></trkpt>
      <trkpt lat="24.462063" lon="111.155888"><time>2026-08-22T09:19:33.401Z</time></trkpt>
      <trkpt lat="24.462063" lon="111.155888"><time>2026-08-22T09:19:33.418Z</time></trkpt>
      <trkpt lat="24.462063" lon="111.155888"><time>2026-08-22T09:19:33.435Z</time></trkpt>
      <trkpt lat="24.462063" lon="111.155888"><time>2026-08-22T09:19:33.451Z</time></trkpt>
      <trkpt lat="24.462063" lon="111.155888"><time>2026-08-22T09:19:33.468Z</time></trkpt>
      <trkpt lat="24.462063" lon="111.155888"><time>2026-08-22T09:19:33.485Z</time></trkpt>
      <trkpt lat="24.462063" lon="111.155888"><time>2026-08-22T09:19:33.501Z</time></trkpt>
      <trkpt lat="24.462063" lon="111.155888"><time>2026-08-22T09:19:33.518Z</time></trkpt>
      <trkpt lat="24.462063" lon="111.155888"><time>2026-08-22T09:19:33.535Z</time></trkpt>
      <trkpt lat="24.462063" lon="111.155888"><time>2026-08-22T09:19:33.551Z</time></trkpt>
      <trkpt lat="24.462063" lon="111.155888"><time>2026-08-22T09:19:33.568Z</time></trkpt>
      <trkpt lat="24.462063" lon="111.155888"><time>2026-08-22T09:19:33.585Z</time></trkpt>
      <trkpt lat="24.462063" lon="111.155888"><time>2026-08-22T09:19:33.602Z</time></trkpt>
      <trkpt lat="24.462063" lon="111.155888"><time>2026-08-22T09:19:33.618Z</time></trkpt>
      <trkpt lat="24.462063" lon="111.155888"><time>2026-08-22T09:19:33.635Z</time></trkpt>
      <trkpt lat="24.462063" lon="111.155888"><time>2026-08-22T09:19:33.652Z</time></trkpt>
      <trkpt lat="24.462063" lon="111.155888"><time>2026-08-22T09:19:33.668Z</time></trkpt>
      <trkpt lat="24.462063" lon="111.155888"><time>2026-08-22T09:19:33.685Z</time></trkpt>
      <trkpt lat="24.462063" lon="111.155888"><time>2026-08-22T09:19:33.702Z</time></trkpt>
      <trkpt lat="24.462063" lon="111.155888"><time>2026-08-22T09:19:33.718Z</time></trkpt>
      <trkpt lat="24.462063" lon="111.155888"><time>2026-08-22T09:19:33.735Z</time></trkpt>
      <trkpt lat="24.462063" lon="111.155888"><time>2026-08-22T09:19:33.752Z</time></trkpt>
      <trkpt lat="24.462063" lon="111.155888"><time>2026-08-22T09:19:33.768Z</time></trkpt>
      <trkpt lat="24.462063" lon="111.155888"><time>2026-08-22T09:19:33.785Z</time></trkpt>
      <trkpt lat="24.462063" lon="111.155888"><time>2026-08-22T09:19:33.802Z</time></trkpt>
      <trkpt lat="24.462063" lon="111.155888"><time>2026-08-22T09:19:33.818Z</time></trkpt>
      <trkpt lat="24.462063" lon="111.155888"><time>2026-08-22T09:19:33.835Z</time></trkpt>
      <trkpt lat="24.462063" lon="111.155888"><time>2026-08-22T09:19:33.852Z</time></trkpt>
      <trkpt lat="24.462063" lon="111.155888"><time>2026-08-22T09:19:33.868Z</time></trkpt>
      <trkpt lat="24.462063" lon="111.155888"><time>2026-08-22T09:19:33.885Z</time></trkpt>
      <trkpt lat="24.462063" lon="111.155888"><time>2026-08-22T09:19:33.902Z</time></trkpt>
      <trkpt lat="24.462063" lon="111.155888"><time>2026-08-22T09:19:33.919Z</time></trkpt>
      <trkpt lat="24.462063" lon="111.155888"><time>2026-08-22T09:19:33.935Z</time></trkpt>
      <trkpt lat="24.462063" lon="111.155888"><time>2026-08-22T09:19:33.952Z</time></trkpt>
      <trkpt lat="24.462063" lon="111.155888"><time>2026-08-22T09:19:33.969Z</time></trkpt>
      <trkpt lat="24.462063" lon="111.155888"><time>2026-08-22T09:19:33.985Z</time></trkpt>
      <trkpt lat="24.462063" lon="111.155888"><time>2026-08-22T09:19:34.002Z</time></trkpt>
      <trkpt lat="24.462063" lon="111.155888"><time>2026-08-22T09:19:34.019Z</time></trkpt>
      <trkpt lat="24.462063" lon="111.155888"><time>2026-08-22T09:19:34.035Z</time></trkpt>
      <trkpt lat="24.462063" lon="111.155888"><time>2026-08-22T09:19:34.052Z</time></trkpt>
      <trkpt lat="24.462063" lon="111.155888"><time>2026-08-22T09:19:34.069Z</time></trkpt>
      <trkpt lat="24.462063" lon="111.155888"><time>2026-08-22T09:19:34.085Z</time></trkpt>
      <trkpt lat="24.462063" lon="111.155888"><time>2026-08-22T09:19:34.102Z</time></trkpt>
      <trkpt lat="24.462063" lon="111.155888"><time>2026-08-22T09:19:34.119Z</time></trkpt>
      <trkpt lat="24.462063" lon="111.155888"><time>2026-08-22T09:19:34.135Z</time></trkpt>
      <trkpt lat="24.462063" lon="111.155888"><time>2026-08-22T09:19:34.152Z</time></trkpt>
      <trkpt lat="24.462063" lon="111.155888"><time>2026-08-22T09:19:34.169Z</time></trkpt>
      <trkpt lat="24.462063" lon="111.155888"><time>2026-08-22T09:19:34.185Z</time></trkpt>
      <trkpt lat="24.462063" lon="111.155888"><time>2026-08-22T09:19:34.202Z</time></trkpt>
      <trkpt lat="24.462063" lon="111.155888"><time>2026-08-22T09:19:34.219Z</time></trkpt>
      <trkpt lat="24.462063" lon="111.155888"><time>2026-08-22T09:19:34.236Z</time></trkpt>
      <trkpt lat="24.462063" lon="111.155888"><time>2026-08-22T09:19:34.252Z</time></trkpt>
      <trkpt lat="24.462063" lon="111.155888"><time>2026-08-22T09:19:34.269Z</time></trkpt>
      <trkpt lat="24.462063" lon="111.155888"><time>2026-08-22T09:19:34.286Z</time></trkpt>
      <trkpt lat="24.462063" lon="111.155888"><time>2026-08-22T09:19:34.302Z</time></trkpt>
      <trkpt lat="24.462063" lon="111.155888"><time>2026-08-22T09:19:34.319Z</time></trkpt>
      <trkpt lat="24.462063" lon="111.155888"><time>2026-08-22T09:19:34.336Z</time></trkpt>
      <trkpt lat="24.462063" lon="111.155888"><time>2026-08-22T09:19:34.352Z</time></trkpt>
      <trkpt lat="24.462063" lon="111.155888"><time>2026-08-22T09:19:34.369Z</time></trkpt>
      <trkpt lat="24.462063" lon="111.155888"><time>2026-08-22T09:19:34.386Z</time></trkpt>
      <trkpt lat="24.462063" lon="111.155888"><time>2026-08-22T09:19:34.402Z</time></trkpt>
      <trkpt lat="24.462063" lon="111.155888"><time>2026-08-22T09:19:34.419Z</time></trkpt>
      <trkpt lat="24.462063" lon="111.155888"><time>2026-08-22T09:19:34.436Z</time></trkpt>
      <trkpt lat="24.462063" lon="111.155888"><time>2026-08-22T09:19:34.452Z</time></trkpt>
      <trkpt lat="24.462063" lon="111.155888"><time>2026-08-22T09:19:34.469Z</time></trkpt>
      <trkpt lat="24.462063" lon="111.155888"><time>2026-08-22T09:19:34.486Z</time></trkpt>
      <trkpt lat="24.462063" lon="111.155888"><time>2026-08-22T09:19:34.502Z</time></trkpt>
      <trkpt lat="24.462063" lon="111.155888"><time>2026-08-22T09:19:34.519Z</time></trkpt>
      <trkpt lat="24.462063" lon="111.155888"><time>2026-08-22T09:19:34.536Z</time></trkpt>
      <trkpt lat="24.462063" lon="111.155888"><time>2026-08-22T09:19:34.553Z</time></trkpt>
      <trkpt lat="24.462063" lon="111.155888"><time>2026-08-22T09:19:34.569Z</time></trkpt>
      <trkpt lat="24.462063" lon="111.155888"><time>2026-08-22T09:19:34.586Z</time></trkpt>
      <trkpt lat="24.462063" lon="111.155888"><time>2026-08-22T09:19:34.603Z</time></trkpt>
      <trkpt lat="24.462063" lon="111.155888"><time>2026-08-22T09:19:34.619Z</time></trkpt>
      <trkpt lat="24.462063" lon="111.155888"><time>2026-08-22T09:19:34.636Z</time></trkpt>
      <trkpt lat="24.462063" lon="111.155888"><time>2026-08-22T09:19:34.653Z</time></trkpt>
      <trkpt lat="24.462063" lon="111.155888"><time>2026-08-22T09:19:34.669Z</time></trkpt>
      <trkpt lat="24.462063" lon="111.155888"><time>2026-08-22T09:19:34.686Z</time></trkpt>
      <trkpt lat="24.462063" lon="111.155888"><time>2026-08-22T09:19:34.703Z</time></trkpt>
      <trkpt lat="24.462063" lon="111.155888"><time>2026-08-22T09:19:34.719Z</time></trkpt>
      <trkpt lat="24.462063" lon="111.155888"><time>2026-08-22T09:19:34.736Z</time></trkpt>
      <trkpt lat="24.462063" lon="111.155888"><time>2026-08-22T09:19:34.753Z</time></trkpt>
      <trkpt lat="24.462063" lon="111.155888"><time>2026-08-22T09:19:34.769Z</time></trkpt>
      <trkpt lat="24.462063" lon="111.155888"><time>2026-08-22T09:19:34.786Z</time></trkpt>
      <trkpt lat="24.462063" lon="111.155888"><time>2026-08-22T09:19:34.803Z</time></trkpt>
      <trkpt lat="24.462063" lon="111.155888"><time>2026-08-22T09:19:34.819Z</time></trkpt>
      <trkpt lat="24.462063" lon="111.155888"><time>2026-08-22T09:19:34.836Z</time></trkpt>
      <trkpt lat="24.462063" lon="111.155888"><time>2026-08-22T09:19:34.853Z</time></trkpt>
      <trkpt lat="24.462063" lon="111.155888"><time>2026-08-22T09:19:34.870Z</time></trkpt>
      <trkpt lat="24.462063" lon="111.155888"><time>2026-08-22T09:19:34.886Z</time></trkpt>
      <trkpt lat="24.462063" lon="111.155888"><time>2026-08-22T09:19:34.903Z</time></trkpt>
      <trkpt lat="24.462063" lon="111.155888"><time>2026-08-22T09:19:34.920Z</time></trkpt>
      <trkpt lat="24.462063" lon="111.155888"><time>2026-08-22T09:19:34.936Z</time></trkpt>
      <trkpt lat="24.462063" lon="111.155888"><time>2026-08-22T09:19:34.953Z</time></trkpt>
      <trkpt lat="24.462063" lon="111.155888"><time>2026-08-22T09:19:34.970Z</time></trkpt>
      <trkpt lat="24.462064" lon="111.155888"><time>2026-08-22T09:19:34.986Z</time></trkpt>
      <trkpt lat="24.462064" lon="111.155888"><time>2026-08-22T09:19:35.003Z</time></trkpt>
      <trkpt lat="24.462064" lon="111.155888"><time>2026-08-22T09:19:35.020Z</time></trkpt>
      <trkpt lat="24.462064" lon="111.155888"><time>2026-08-22T09:19:35.036Z</time></trkpt>
      <trkpt lat="24.462064" lon="111.155888"><time>2026-08-22T09:19:35.053Z</time></trkpt>
      <trkpt lat="24.462064" lon="111.155888"><time>2026-08-22T09:19:35.070Z</time></trkpt>
      <trkpt lat="24.462064" lon="111.155888"><time>2026-08-22T09:19:35.086Z</time></trkpt>
      <trkpt lat="24.462064" lon="111.155888"><time>2026-08-22T09:19:35.103Z</time></trkpt>
      <trkpt lat="24.462064" lon="111.155888"><time>2026-08-22T09:19:35.120Z</time></trkpt>
      <trkpt lat="24.462064" lon="111.155888"><time>2026-08-22T09:19:35.136Z</time></trkpt>
      <trkpt lat="24.462064" lon="111.155888"><time>2026-08-22T09:19:35.153Z</time></trkpt>
      <trkpt lat="24.462064" lon="111.155888"><time>2026-08-22T09:19:35.170Z</time></trkpt>
      <trkpt lat="24.462064" lon="111.155888"><time>2026-08-22T09:19:35.187Z</time></trkpt>
      <trkpt lat="24.462064" lon="111.155888"><time>2026-08-22T09:19:35.203Z</time></trkpt>
      <trkpt lat="24.462064" lon="111.155888"><time>2026-08-22T09:19:35.220Z</time></trkpt>
      <trkpt lat="24.462064" lon="111.155888"><time>2026-08-22T09:19:35.237Z</time></trkpt>
      <trkpt lat="24.462064" lon="111.155888"><time>2026-08-22T09:19:35.253Z</time></trkpt>
      <trkpt lat="24.462064" lon="111.155888"><time>2026-08-22T09:19:35.270Z</time></trkpt>
      <trkpt lat="24.462064" lon="111.155888"><time>2026-08-22T09:19:35.287Z</time></trkpt>
      <trkpt lat="24.462064" lon="111.155888"><time>2026-08-22T09:19:35.303Z</time></trkpt>
      <trkpt lat="24.462064" lon="111.155888"><time>2026-08-22T09:19:35.320Z</time></trkpt>
      <trkpt lat="24.462064" lon="111.155888"><time>2026-08-22T09:19:35.337Z</time></trkpt>
      <trkpt lat="24.462064" lon="111.155888"><time>2026-08-22T09:19:35.353Z</time></trkpt>
      <trkpt lat="24.462064" lon="111.155888"><time>2026-08-22T09:19:35.370Z</time></trkpt>
      <trkpt lat="24.462064" lon="111.155888"><time>2026-08-22T09:19:35.387Z</time></trkpt>
      <trkpt lat="24.462064" lon="111.155888"><time>2026-08-22T09:19:35.403Z</time></trkpt>
      <trkpt lat="24.462064" lon="111.155888"><time>2026-08-22T09:19:35.420Z</time></trkpt>
      <trkpt lat="24.462064" lon="111.155888"><time>2026-08-22T09:19:35.437Z</time></trkpt>
      <trkpt lat="24.462064" lon="111.155888"><time>2026-08-22T09:19:35.453Z</time></trkpt>
      <trkpt lat="24.462064" lon="111.155888"><time>2026-08-22T09:19:35.470Z</time></trkpt>
      <trkpt lat="24.462064" lon="111.155888"><time>2026-08-22T09:19:35.487Z</time></trkpt>
      <trkpt lat="24.462064" lon="111.155888"><time>2026-08-22T09:19:35.504Z</time></trkpt>
      <trkpt lat="24.462064" lon="111.155888"><time>2026-08-22T09:19:35.520Z</time></trkpt>
      <trkpt lat="24.462064" lon="111.155888"><time>2026-08-22T09:19:35.537Z</time></trkpt>
      <trkpt lat="24.462064" lon="111.155888"><time>2026-08-22T09:19:35.554Z</time></trkpt>
      <trkpt lat="24.462064" lon="111.155888"><time>2026-08-22T09:19:35.570Z</time></trkpt>
      <trkpt lat="24.462064" lon="111.155888"><time>2026-08-22T09:19:35.587Z</time></trkpt>
      <trkpt lat="24.462064" lon="111.155888"><time>2026-08-22T09:19:35.604Z</time></trkpt>
      <trkpt lat="24.462064" lon="111.155888"><time>2026-08-22T09:19:35.620Z</time></trkpt>
      <trkpt lat="24.462064" lon="111.155888"><time>2026-08-22T09:19:35.637Z</time></trkpt>
      <trkpt lat="24.462064" lon="111.155888"><time>2026-08-22T09:19:35.654Z</time></trkpt>
      <trkpt lat="24.462064" lon="111.155888"><time>2026-08-22T09:19:35.670Z</time></trkpt>
      <trkpt lat="24.462064" lon="111.155888"><time>2026-08-22T09:19:35.687Z</time></trkpt>
      <trkpt lat="24.462064" lon="111.155888"><time>2026-08-22T09:19:35.704Z</time></trkpt>
      <trkpt lat="24.462064" lon="111.155888"><time>2026-08-22T09:19:35.720Z</time></trkpt>
      <trkpt lat="24.462064" lon="111.155888"><time>2026-08-22T09:19:35.737Z</time></trkpt>
      <trkpt lat="24.462064" lon="111.155888"><time>2026-08-22T09:19:35.754Z</time></trkpt>
      <trkpt lat="24.462064" lon="111.155888"><time>2026-08-22T09:19:35.770Z</time></trkpt>
      <trkpt lat="24.462064" lon="111.155888"><time>2026-08-22T09:19:35.787Z</time></trkpt>
      <trkpt lat="24.462064" lon="111.155888"><time>2026-08-22T09:19:35.804Z</time></trkpt>
      <trkpt lat="24.462064" lon="111.155888"><time>2026-08-22T09:19:35.821Z</time></trkpt>
      <trkpt lat="24.462064" lon="111.155888"><time>2026-08-22T09:19:35.837Z</time></trkpt>
      <trkpt lat="24.462064" lon="111.155888"><time>2026-08-22T09:19:35.854Z</time></trkpt>
      <trkpt lat="24.462064" lon="111.155888"><time>2026-08-22T09:19:35.871Z</time></trkpt>
      <trkpt lat="24.462064" lon="111.155888"><time>2026-08-22T09:19:35.887Z</time></trkpt>
      <trkpt lat="24.462064" lon="111.155888"><time>2026-08-22T09:19:35.904Z</time></trkpt>
      <trkpt lat="24.462064" lon="111.155888"><time>2026-08-22T09:19:35.921Z</time></trkpt>
      <trkpt lat="24.462064" lon="111.155888"><time>2026-08-22T09:19:35.937Z</time></trkpt>
      <trkpt lat="24.462064" lon="111.155888"><time>2026-08-22T09:19:35.954Z</time></trkpt>
      <trkpt lat="24.462064" lon="111.155888"><time>2026-08-22T09:19:35.971Z</time></trkpt>
      <trkpt lat="24.462064" lon="111.155888"><time>2026-08-22T09:19:35.987Z</time></trkpt>
      <trkpt lat="24.462064" lon="111.155888"><time>2026-08-22T09:19:36.004Z</time></trkpt>
      <trkpt lat="24.462064" lon="111.155888"><time>2026-08-22T09:19:36.021Z</time></trkpt>
      <trkpt lat="24.462064" lon="111.155888"><time>2026-08-22T09:19:36.037Z</time></trkpt>
      <trkpt lat="24.462064" lon="111.155888"><time>2026-08-22T09:19:36.054Z</time></trkpt>
      <trkpt lat="24.462064" lon="111.155888"><time>2026-08-22T09:19:36.071Z</time></trkpt>
      <trkpt lat="24.462064" lon="111.155888"><time>2026-08-22T09:19:36.087Z</time></trkpt>
      <trkpt lat="24.462064" lon="111.155888"><time>2026-08-22T09:19:36.104Z</time></trkpt>
      <trkpt lat="24.462064" lon="111.155888"><time>2026-08-22T09:19:36.121Z</time></trkpt>
      <trkpt lat="24.462064" lon="111.155888"><time>2026-08-22T09:19:36.138Z</time></trkpt>
      <trkpt lat="24.462064" lon="111.155888"><time>2026-08-22T09:19:36.154Z</time></trkpt>
      <trkpt lat="24.462064" lon="111.155888"><time>2026-08-22T09:19:36.171Z</time></trkpt>
      <trkpt lat="24.462064" lon="111.155888"><time>2026-08-22T09:19:36.188Z</time></trkpt>
      <trkpt lat="24.462064" lon="111.155888"><time>2026-08-22T09:19:36.204Z</time></trkpt>
      <trkpt lat="24.462064" lon="111.155888"><time>2026-08-22T09:19:36.221Z</time></trkpt>
      <trkpt lat="24.462064" lon="111.155888"><time>2026-08-22T09:19:36.238Z</time></trkpt>
      <trkpt lat="24.462064" lon="111.155888"><time>2026-08-22T09:19:36.254Z</time></trkpt>
      <trkpt lat="24.462064" lon="111.155888"><time>2026-08-22T09:19:36.271Z</time></trkpt>
      <trkpt lat="24.462064" lon="111.155888"><time>2026-08-22T09:19:36.288Z</time></trkpt>
      <trkpt lat="24.462064" lon="111.155888"><time>2026-08-22T09:19:36.304Z</time></trkpt>
      <trkpt lat="24.462064" lon="111.155888"><time>2026-08-22T09:19:36.321Z</time></trkpt>
      <trkpt lat="24.462064" lon="111.155888"><time>2026-08-22T09:19:36.338Z</time></trkpt>
      <trkpt lat="24.462064" lon="111.155888"><time>2026-08-22T09:19:36.354Z</time></trkpt>
      <trkpt lat="24.462064" lon="111.155888"><time>2026-08-22T09:19:36.371Z</time></trkpt>
      <trkpt lat="24.462064" lon="111.155888"><time>2026-08-22T09:19:36.388Z</time></trkpt>
      <trkpt lat="24.462064" lon="111.155888"><time>2026-08-22T09:19:36.404Z</time></trkpt>
      <trkpt lat="24.462064" lon="111.155888"><time>2026-08-22T09:19:36.421Z</time></trkpt>
      <trkpt lat="24.462064" lon="111.155888"><time>2026-08-22T09:19:36.438Z</time></trkpt>
      <trkpt lat="24.462064" lon="111.155888"><time>2026-08-22T09:19:36.455Z</time></trkpt>
      <trkpt lat="24.462064" lon="111.155888"><time>2026-08-22T09:19:36.471Z</time></trkpt>
      <trkpt lat="24.462063" lon="111.155887"><time>2026-08-22T09:19:36.488Z</time></trkpt>
      <trkpt lat="24.462063" lon="111.155887"><time>2026-08-22T09:19:36.505Z</time></trkpt>
      <trkpt lat="24.462063" lon="111.155887"><time>2026-08-22T09:19:36.521Z</time></trkpt>
      <trkpt lat="24.462063" lon="111.155887"><time>2026-08-22T09:19:36.538Z</time></trkpt>
      <trkpt lat="24.462063" lon="111.155887"><time>2026-08-22T09:19:36.555Z</time></trkpt>
      <trkpt lat="24.462063" lon="111.155887"><time>2026-08-22T09:19:36.571Z</time></trkpt>
      <trkpt lat="24.462063" lon="111.155885"><time>2026-08-22T09:19:36.588Z</time></trkpt>
      <trkpt lat="24.462063" lon="111.155885"><time>2026-08-22T09:19:36.605Z</time></trkpt>
      <trkpt lat="24.462063" lon="111.155885"><time>2026-08-22T09:19:36.621Z</time></trkpt>
      <trkpt lat="24.462063" lon="111.155885"><time>2026-08-22T09:19:36.638Z</time></trkpt>
      <trkpt lat="24.462063" lon="111.155885"><time>2026-08-22T09:19:36.655Z</time></trkpt>
      <trkpt lat="24.462063" lon="111.155885"><time>2026-08-22T09:19:36.671Z</time></trkpt>
      <trkpt lat="24.462062" lon="111.155884"><time>2026-08-22T09:19:36.688Z</time></trkpt>
      <trkpt lat="24.462062" lon="111.155884"><time>2026-08-22T09:19:36.705Z</time></trkpt>
      <trkpt lat="24.462062" lon="111.155884"><time>2026-08-22T09:19:36.721Z</time></trkpt>
      <trkpt lat="24.462062" lon="111.155884"><time>2026-08-22T09:19:36.738Z</time></trkpt>
      <trkpt lat="24.462062" lon="111.155884"><time>2026-08-22T09:19:36.755Z</time></trkpt>
      <trkpt lat="24.462062" lon="111.155884"><time>2026-08-22T09:19:36.772Z</time></trkpt>
      <trkpt lat="24.462062" lon="111.155882"><time>2026-08-22T09:19:36.788Z</time></trkpt>
      <trkpt lat="24.462062" lon="111.155882"><time>2026-08-22T09:19:36.805Z</time></trkpt>
      <trkpt lat="24.462062" lon="111.155882"><time>2026-08-22T09:19:36.822Z</time></trkpt>
      <trkpt lat="24.462062" lon="111.155882"><time>2026-08-22T09:19:36.838Z</time></trkpt>
      <trkpt lat="24.462062" lon="111.155882"><time>2026-08-22T09:19:36.855Z</time></trkpt>
      <trkpt lat="24.462062" lon="111.155882"><time>2026-08-22T09:19:36.872Z</time></trkpt>
      <trkpt lat="24.462061" lon="111.155879"><time>2026-08-22T09:19:36.888Z</time></trkpt>
      <trkpt lat="24.462061" lon="111.155879"><time>2026-08-22T09:19:36.905Z</time></trkpt>
      <trkpt lat="24.462061" lon="111.155879"><time>2026-08-22T09:19:36.922Z</time></trkpt>
      <trkpt lat="24.462061" lon="111.155879"><time>2026-08-22T09:19:36.938Z</time></trkpt>
      <trkpt lat="24.462061" lon="111.155879"><time>2026-08-22T09:19:36.955Z</time></trkpt>
      <trkpt lat="24.462061" lon="111.155879"><time>2026-08-22T09:19:36.972Z</time></trkpt>
      <trkpt lat="24.46206" lon="111.155877"><time>2026-08-22T09:19:36.988Z</time></trkpt>
      <trkpt lat="24.46206" lon="111.155877"><time>2026-08-22T09:19:37.005Z</time></trkpt>
      <trkpt lat="24.46206" lon="111.155877"><time>2026-08-22T09:19:37.022Z</time></trkpt>
      <trkpt lat="24.46206" lon="111.155877"><time>2026-08-22T09:19:37.038Z</time></trkpt>
      <trkpt lat="24.46206" lon="111.155877"><time>2026-08-22T09:19:37.055Z</time></trkpt>
      <trkpt lat="24.46206" lon="111.155877"><time>2026-08-22T09:19:37.072Z</time></trkpt>
      <trkpt lat="24.462059" lon="111.155874"><time>2026-08-22T09:19:37.089Z</time></trkpt>
      <trkpt lat="24.462059" lon="111.155874"><time>2026-08-22T09:19:37.105Z</time></trkpt>
      <trkpt lat="24.462059" lon="111.155874"><time>2026-08-22T09:19:37.122Z</time></trkpt>
      <trkpt lat="24.462059" lon="111.155874"><time>2026-08-22T09:19:37.139Z</time></trkpt>
      <trkpt lat="24.462059" lon="111.155874"><time>2026-08-22T09:19:37.155Z</time></trkpt>
      <trkpt lat="24.462059" lon="111.155874"><time>2026-08-22T09:19:37.172Z</time></trkpt>
      <trkpt lat="24.462058" lon="111.155871"><time>2026-08-22T09:19:37.189Z</time></trkpt>
      <trkpt lat="24.462058" lon="111.155871"><time>2026-08-22T09:19:37.205Z</time></trkpt>
      <trkpt lat="24.462058" lon="111.155871"><time>2026-08-22T09:19:37.222Z</time></trkpt>
      <trkpt lat="24.462058" lon="111.155871"><time>2026-08-22T09:19:37.239Z</time></trkpt>
      <trkpt lat="24.462058" lon="111.155871"><time>2026-08-22T09:19:37.255Z</time></trkpt>
      <trkpt lat="24.462058" lon="111.155871"><time>2026-08-22T09:19:37.272Z</time></trkpt>
      <trkpt lat="24.462057" lon="111.155868"><time>2026-08-22T09:19:37.289Z</time></trkpt>
      <trkpt lat="24.462057" lon="111.155868"><time>2026-08-22T09:19:37.305Z</time></trkpt>
      <trkpt lat="24.462057" lon="111.155868"><time>2026-08-22T09:19:37.322Z</time></trkpt>
      <trkpt lat="24.462057" lon="111.155868"><time>2026-08-22T09:19:37.339Z</time></trkpt>
      <trkpt lat="24.462057" lon="111.155868"><time>2026-08-22T09:19:37.355Z</time></trkpt>
      <trkpt lat="24.462057" lon="111.155868"><time>2026-08-22T09:19:37.372Z</time></trkpt>
      <trkpt lat="24.462056" lon="111.155864"><time>2026-08-22T09:19:37.389Z</time></trkpt>
      <trkpt lat="24.462056" lon="111.155864"><time>2026-08-22T09:19:37.406Z</time></trkpt>
      <trkpt lat="24.462056" lon="111.155864"><time>2026-08-22T09:19:37.422Z</time></trkpt>
      <trkpt lat="24.462056" lon="111.155864"><time>2026-08-22T09:19:37.439Z</time></trkpt>
      <trkpt lat="24.462056" lon="111.155864"><time>2026-08-22T09:19:37.456Z</time></trkpt>
      <trkpt lat="24.462056" lon="111.155864"><time>2026-08-22T09:19:37.472Z</time></trkpt>
      <trkpt lat="24.462054" lon="111.155861"><time>2026-08-22T09:19:37.489Z</time></trkpt>
      <trkpt lat="24.462054" lon="111.155861"><time>2026-08-22T09:19:37.506Z</time></trkpt>
      <trkpt lat="24.462054" lon="111.155861"><time>2026-08-22T09:19:37.522Z</time></trkpt>
      <trkpt lat="24.462054" lon="111.155861"><time>2026-08-22T09:19:37.539Z</time></trkpt>
      <trkpt lat="24.462054" lon="111.155861"><time>2026-08-22T09:19:37.556Z</time></trkpt>
      <trkpt lat="24.462054" lon="111.155861"><time>2026-08-22T09:19:37.572Z</time></trkpt>
      <trkpt lat="24.462052" lon="111.155858"><time>2026-08-22T09:19:37.589Z</time></trkpt>
      <trkpt lat="24.462052" lon="111.155858"><time>2026-08-22T09:19:37.606Z</time></trkpt>
      <trkpt lat="24.462052" lon="111.155858"><time>2026-08-22T09:19:37.622Z</time></trkpt>
      <trkpt lat="24.462052" lon="111.155858"><time>2026-08-22T09:19:37.639Z</time></trkpt>
      <trkpt lat="24.462052" lon="111.155858"><time>2026-08-22T09:19:37.656Z</time></trkpt>
      <trkpt lat="24.462052" lon="111.155858"><time>2026-08-22T09:19:37.672Z</time></trkpt>
      <trkpt lat="24.462051" lon="111.155854"><time>2026-08-22T09:19:37.689Z</time></trkpt>
      <trkpt lat="24.462051" lon="111.155854"><time>2026-08-22T09:19:37.706Z</time></trkpt>
      <trkpt lat="24.462051" lon="111.155854"><time>2026-08-22T09:19:37.723Z</time></trkpt>
      <trkpt lat="24.462051" lon="111.155854"><time>2026-08-22T09:19:37.739Z</time></trkpt>
      <trkpt lat="24.462051" lon="111.155854"><time>2026-08-22T09:19:37.756Z</time></trkpt>
      <trkpt lat="24.462051" lon="111.155854"><time>2026-08-22T09:19:37.773Z</time></trkpt>
      <trkpt lat="24.462049" lon="111.155851"><time>2026-08-22T09:19:37.789Z</time></trkpt>
      <trkpt lat="24.462049" lon="111.155851"><time>2026-08-22T09:19:37.806Z</time></trkpt>
      <trkpt lat="24.462049" lon="111.155851"><time>2026-08-22T09:19:37.823Z</time></trkpt>
      <trkpt lat="24.462049" lon="111.155851"><time>2026-08-22T09:19:37.839Z</time></trkpt>
      <trkpt lat="24.462049" lon="111.155851"><time>2026-08-22T09:19:37.856Z</time></trkpt>
      <trkpt lat="24.462049" lon="111.155851"><time>2026-08-22T09:19:37.873Z</time></trkpt>
      <trkpt lat="24.462046" lon="111.155847"><time>2026-08-22T09:19:37.889Z</time></trkpt>
      <trkpt lat="24.462046" lon="111.155847"><time>2026-08-22T09:19:37.906Z</time></trkpt>
      <trkpt lat="24.462046" lon="111.155847"><time>2026-08-22T09:19:37.923Z</time></trkpt>
      <trkpt lat="24.462046" lon="111.155847"><time>2026-08-22T09:19:37.939Z</time></trkpt>
      <trkpt lat="24.462046" lon="111.155847"><time>2026-08-22T09:19:37.956Z</time></trkpt>
      <trkpt lat="24.462046" lon="111.155847"><time>2026-08-22T09:19:37.973Z</time></trkpt>
      <trkpt lat="24.462044" lon="111.155844"><time>2026-08-22T09:19:37.989Z</time></trkpt>
      <trkpt lat="24.462044" lon="111.155844"><time>2026-08-22T09:19:38.006Z</time></trkpt>
      <trkpt lat="24.462044" lon="111.155844"><time>2026-08-22T09:19:38.023Z</time></trkpt>
      <trkpt lat="24.462044" lon="111.155844"><time>2026-08-22T09:19:38.040Z</time></trkpt>
      <trkpt lat="24.462044" lon="111.155844"><time>2026-08-22T09:19:38.056Z</time></trkpt>
      <trkpt lat="24.462044" lon="111.155844"><time>2026-08-22T09:19:38.073Z</time></trkpt>
      <trkpt lat="24.462042" lon="111.15584"><time>2026-08-22T09:19:38.090Z</time></trkpt>
      <trkpt lat="24.462042" lon="111.15584"><time>2026-08-22T09:19:38.106Z</time></trkpt>
      <trkpt lat="24.462042" lon="111.15584"><time>2026-08-22T09:19:38.123Z</time></trkpt>
      <trkpt lat="24.462042" lon="111.15584"><time>2026-08-22T09:19:38.140Z</time></trkpt>
      <trkpt lat="24.462042" lon="111.15584"><time>2026-08-22T09:19:38.156Z</time></trkpt>
      <trkpt lat="24.462042" lon="111.15584"><time>2026-08-22T09:19:38.173Z</time></trkpt>
      <trkpt lat="24.462039" lon="111.155837"><time>2026-08-22T09:19:38.190Z</time></trkpt>
      <trkpt lat="24.462039" lon="111.155837"><time>2026-08-22T09:19:38.206Z</time></trkpt>
      <trkpt lat="24.462039" lon="111.155837"><time>2026-08-22T09:19:38.223Z</time></trkpt>
      <trkpt lat="24.462039" lon="111.155837"><time>2026-08-22T09:19:38.240Z</time></trkpt>
      <trkpt lat="24.462039" lon="111.155837"><time>2026-08-22T09:19:38.256Z</time></trkpt>
      <trkpt lat="24.462039" lon="111.155837"><time>2026-08-22T09:19:38.273Z</time></trkpt>
      <trkpt lat="24.462035" lon="111.155833"><time>2026-08-22T09:19:38.290Z</time></trkpt>
      <trkpt lat="24.462035" lon="111.155833"><time>2026-08-22T09:19:38.306Z</time></trkpt>
      <trkpt lat="24.462035" lon="111.155833"><time>2026-08-22T09:19:38.323Z</time></trkpt>
      <trkpt lat="24.462035" lon="111.155833"><time>2026-08-22T09:19:38.340Z</time></trkpt>
      <trkpt lat="24.462035" lon="111.155833"><time>2026-08-22T09:19:38.356Z</time></trkpt>
      <trkpt lat="24.462035" lon="111.155833"><time>2026-08-22T09:19:38.373Z</time></trkpt>
      <trkpt lat="24.462032" lon="111.15583"><time>2026-08-22T09:19:38.390Z</time></trkpt>
      <trkpt lat="24.462032" lon="111.15583"><time>2026-08-22T09:19:38.407Z</time></trkpt>
      <trkpt lat="24.462032" lon="111.15583"><time>2026-08-22T09:19:38.423Z</time></trkpt>
      <trkpt lat="24.462032" lon="111.15583"><time>2026-08-22T09:19:38.440Z</time></trkpt>
      <trkpt lat="24.462032" lon="111.15583"><time>2026-08-22T09:19:38.457Z</time></trkpt>
      <trkpt lat="24.462032" lon="111.15583"><time>2026-08-22T09:19:38.473Z</time></trkpt>
      <trkpt lat="24.462028" lon="111.155826"><time>2026-08-22T09:19:38.490Z</time></trkpt>
      <trkpt lat="24.462028" lon="111.155826"><time>2026-08-22T09:19:38.507Z</time></trkpt>
      <trkpt lat="24.462028" lon="111.155826"><time>2026-08-22T09:19:38.523Z</time></trkpt>
      <trkpt lat="24.462028" lon="111.155826"><time>2026-08-22T09:19:38.540Z</time></trkpt>
      <trkpt lat="24.462028" lon="111.155826"><time>2026-08-22T09:19:38.557Z</time></trkpt>
      <trkpt lat="24.462028" lon="111.155826"><time>2026-08-22T09:19:38.573Z</time></trkpt>
      <trkpt lat="24.462025" lon="111.155823"><time>2026-08-22T09:19:38.590Z</time></trkpt>
      <trkpt lat="24.462025" lon="111.155823"><time>2026-08-22T09:19:38.607Z</time></trkpt>
      <trkpt lat="24.462025" lon="111.155823"><time>2026-08-22T09:19:38.623Z</time></trkpt>
      <trkpt lat="24.462025" lon="111.155823"><time>2026-08-22T09:19:38.640Z</time></trkpt>
      <trkpt lat="24.462025" lon="111.155823"><time>2026-08-22T09:19:38.657Z</time></trkpt>
      <trkpt lat="24.462025" lon="111.155823"><time>2026-08-22T09:19:38.673Z</time></trkpt>
      <trkpt lat="24.462021" lon="111.155819"><time>2026-08-22T09:19:38.690Z</time></trkpt>
      <trkpt lat="24.462021" lon="111.155819"><time>2026-08-22T09:19:38.707Z</time></trkpt>
      <trkpt lat="24.462021" lon="111.155819"><time>2026-08-22T09:19:38.724Z</time></trkpt>
      <trkpt lat="24.462021" lon="111.155819"><time>2026-08-22T09:19:38.740Z</time></trkpt>
      <trkpt lat="24.462021" lon="111.155819"><time>2026-08-22T09:19:38.757Z</time></trkpt>
      <trkpt lat="24.462021" lon="111.155819"><time>2026-08-22T09:19:38.774Z</time></trkpt>
      <trkpt lat="24.462017" lon="111.155815"><time>2026-08-22T09:19:38.790Z</time></trkpt>
      <trkpt lat="24.462017" lon="111.155815"><time>2026-08-22T09:19:38.807Z</time></trkpt>
      <trkpt lat="24.462017" lon="111.155815"><time>2026-08-22T09:19:38.824Z</time></trkpt>
      <trkpt lat="24.462017" lon="111.155815"><time>2026-08-22T09:19:38.840Z</time></trkpt>
      <trkpt lat="24.462017" lon="111.155815"><time>2026-08-22T09:19:38.857Z</time></trkpt>
      <trkpt lat="24.462017" lon="111.155815"><time>2026-08-22T09:19:38.874Z</time></trkpt>
      <trkpt lat="24.462013" lon="111.155811"><time>2026-08-22T09:19:38.890Z</time></trkpt>
      <trkpt lat="24.462013" lon="111.155811"><time>2026-08-22T09:19:38.907Z</time></trkpt>
      <trkpt lat="24.462013" lon="111.155811"><time>2026-08-22T09:19:38.924Z</time></trkpt>
      <trkpt lat="24.462013" lon="111.155811"><time>2026-08-22T09:19:38.940Z</time></trkpt>
      <trkpt lat="24.462013" lon="111.155811"><time>2026-08-22T09:19:38.957Z</time></trkpt>
      <trkpt lat="24.462013" lon="111.155811"><time>2026-08-22T09:19:38.974Z</time></trkpt>
      <trkpt lat="24.462008" lon="111.155806"><time>2026-08-22T09:19:38.990Z</time></trkpt>
      <trkpt lat="24.462008" lon="111.155806"><time>2026-08-22T09:19:39.007Z</time></trkpt>
      <trkpt lat="24.462008" lon="111.155806"><time>2026-08-22T09:19:39.024Z</time></trkpt>
      <trkpt lat="24.462008" lon="111.155806"><time>2026-08-22T09:19:39.041Z</time></trkpt>
      <trkpt lat="24.462008" lon="111.155806"><time>2026-08-22T09:19:39.057Z</time></trkpt>
      <trkpt lat="24.462008" lon="111.155806"><time>2026-08-22T09:19:39.074Z</time></trkpt>
      <trkpt lat="24.462004" lon="111.155802"><time>2026-08-22T09:19:39.091Z</time></trkpt>
      <trkpt lat="24.462004" lon="111.155802"><time>2026-08-22T09:19:39.107Z</time></trkpt>
      <trkpt lat="24.462004" lon="111.155802"><time>2026-08-22T09:19:39.124Z</time></trkpt>
      <trkpt lat="24.462004" lon="111.155802"><time>2026-08-22T09:19:39.141Z</time></trkpt>
      <trkpt lat="24.462004" lon="111.155802"><time>2026-08-22T09:19:39.157Z</time></trkpt>
      <trkpt lat="24.462004" lon="111.155802"><time>2026-08-22T09:19:39.174Z</time></trkpt>
      <trkpt lat="24.462" lon="111.155797"><time>2026-08-22T09:19:39.191Z</time></trkpt>
      <trkpt lat="24.462" lon="111.155797"><time>2026-08-22T09:19:39.207Z</time></trkpt>
      <trkpt lat="24.462" lon="111.155797"><time>2026-08-22T09:19:39.224Z</time></trkpt>
      <trkpt lat="24.462" lon="111.155797"><time>2026-08-22T09:19:39.241Z</time></trkpt>
      <trkpt lat="24.462" lon="111.155797"><time>2026-08-22T09:19:39.257Z</time></trkpt>
      <trkpt lat="24.462" lon="111.155797"><time>2026-08-22T09:19:39.274Z</time></trkpt>
      <trkpt lat="24.461995" lon="111.155792"><time>2026-08-22T09:19:39.291Z</time></trkpt>
      <trkpt lat="24.461995" lon="111.155792"><time>2026-08-22T09:19:39.307Z</time></trkpt>
      <trkpt lat="24.461995" lon="111.155792"><time>2026-08-22T09:19:39.324Z</time></trkpt>
      <trkpt lat="24.461995" lon="111.155792"><time>2026-08-22T09:19:39.341Z</time></trkpt>
      <trkpt lat="24.461995" lon="111.155792"><time>2026-08-22T09:19:39.358Z</time></trkpt>
      <trkpt lat="24.461995" lon="111.155792"><time>2026-08-22T09:19:39.374Z</time></trkpt>
      <trkpt lat="24.461991" lon="111.155788"><time>2026-08-22T09:19:39.391Z</time></trkpt>
      <trkpt lat="24.461991" lon="111.155788"><time>2026-08-22T09:19:39.408Z</time></trkpt>
      <trkpt lat="24.461991" lon="111.155788"><time>2026-08-22T09:19:39.424Z</time></trkpt>
      <trkpt lat="24.461991" lon="111.155788"><time>2026-08-22T09:19:39.441Z</time></trkpt>
      <trkpt lat="24.461991" lon="111.155788"><time>2026-08-22T09:19:39.458Z</time></trkpt>
      <trkpt lat="24.461991" lon="111.155788"><time>2026-08-22T09:19:39.474Z</time></trkpt>
      <trkpt lat="24.461986" lon="111.155782"><time>2026-08-22T09:19:39.491Z</time></trkpt>
      <trkpt lat="24.461986" lon="111.155782"><time>2026-08-22T09:19:39.508Z</time></trkpt>
      <trkpt lat="24.461986" lon="111.155782"><time>2026-08-22T09:19:39.524Z</time></trkpt>
      <trkpt lat="24.461986" lon="111.155782"><time>2026-08-22T09:19:39.541Z</time></trkpt>
      <trkpt lat="24.461986" lon="111.155782"><time>2026-08-22T09:19:39.558Z</time></trkpt>
      <trkpt lat="24.461986" lon="111.155782"><time>2026-08-22T09:19:39.574Z</time></trkpt>
      <trkpt lat="24.461981" lon="111.155777"><time>2026-08-22T09:19:39.591Z</time></trkpt>
      <trkpt lat="24.461981" lon="111.155777"><time>2026-08-22T09:19:39.608Z</time></trkpt>
      <trkpt lat="24.461981" lon="111.155777"><time>2026-08-22T09:19:39.624Z</time></trkpt>
      <trkpt lat="24.461981" lon="111.155777"><time>2026-08-22T09:19:39.641Z</time></trkpt>
      <trkpt lat="24.461981" lon="111.155777"><time>2026-08-22T09:19:39.658Z</time></trkpt>
      <trkpt lat="24.461981" lon="111.155777"><time>2026-08-22T09:19:39.675Z</time></trkpt>
      <trkpt lat="24.461976" lon="111.155771"><time>2026-08-22T09:19:39.691Z</time></trkpt>
      <trkpt lat="24.461976" lon="111.155771"><time>2026-08-22T09:19:39.708Z</time></trkpt>
      <trkpt lat="24.461976" lon="111.155771"><time>2026-08-22T09:19:39.725Z</time></trkpt>
      <trkpt lat="24.461976" lon="111.155771"><time>2026-08-22T09:19:39.741Z</time></trkpt>
      <trkpt lat="24.461976" lon="111.155771"><time>2026-08-22T09:19:39.758Z</time></trkpt>
      <trkpt lat="24.461976" lon="111.155771"><time>2026-08-22T09:19:39.775Z</time></trkpt>
      <trkpt lat="24.461971" lon="111.155766"><time>2026-08-22T09:19:39.791Z</time></trkpt>
      <trkpt lat="24.461971" lon="111.155766"><time>2026-08-22T09:19:39.808Z</time></trkpt>
      <trkpt lat="24.461971" lon="111.155766"><time>2026-08-22T09:19:39.825Z</time></trkpt>
      <trkpt lat="24.461971" lon="111.155766"><time>2026-08-22T09:19:39.841Z</time></trkpt>
      <trkpt lat="24.461971" lon="111.155766"><time>2026-08-22T09:19:39.858Z</time></trkpt>
      <trkpt lat="24.461971" lon="111.155766"><time>2026-08-22T09:19:39.875Z</time></trkpt>
      <trkpt lat="24.461966" lon="111.15576"><time>2026-08-22T09:19:39.891Z</time></trkpt>
      <trkpt lat="24.461966" lon="111.15576"><time>2026-08-22T09:19:39.908Z</time></trkpt>
      <trkpt lat="24.461966" lon="111.15576"><time>2026-08-22T09:19:39.925Z</time></trkpt>
      <trkpt lat="24.461966" lon="111.15576"><time>2026-08-22T09:19:39.941Z</time></trkpt>
      <trkpt lat="24.461966" lon="111.15576"><time>2026-08-22T09:19:39.958Z</time></trkpt>
      <trkpt lat="24.461966" lon="111.15576"><time>2026-08-22T09:19:39.975Z</time></trkpt>
      <trkpt lat="24.461961" lon="111.155754"><time>2026-08-22T09:19:39.992Z</time></trkpt>
      <trkpt lat="24.461961" lon="111.155754"><time>2026-08-22T09:19:40.008Z</time></trkpt>
      <trkpt lat="24.461961" lon="111.155754"><time>2026-08-22T09:19:40.025Z</time></trkpt>
      <trkpt lat="24.461961" lon="111.155754"><time>2026-08-22T09:19:40.042Z</time></trkpt>
      <trkpt lat="24.461961" lon="111.155754"><time>2026-08-22T09:19:40.058Z</time></trkpt>
      <trkpt lat="24.461961" lon="111.155754"><time>2026-08-22T09:19:40.075Z</time></trkpt>
      <trkpt lat="24.461956" lon="111.155747"><time>2026-08-22T09:19:40.092Z</time></trkpt>
      <trkpt lat="24.461956" lon="111.155747"><time>2026-08-22T09:19:40.108Z</time></trkpt>
      <trkpt lat="24.461956" lon="111.155747"><time>2026-08-22T09:19:40.125Z</time></trkpt>
      <trkpt lat="24.461956" lon="111.155747"><time>2026-08-22T09:19:40.142Z</time></trkpt>
      <trkpt lat="24.461956" lon="111.155747"><time>2026-08-22T09:19:40.158Z</time></trkpt>
      <trkpt lat="24.461956" lon="111.155747"><time>2026-08-22T09:19:40.175Z</time></trkpt>
      <trkpt lat="24.461951" lon="111.155741"><time>2026-08-22T09:19:40.192Z</time></trkpt>
      <trkpt lat="24.461951" lon="111.155741"><time>2026-08-22T09:19:40.208Z</time></trkpt>
      <trkpt lat="24.461951" lon="111.155741"><time>2026-08-22T09:19:40.225Z</time></trkpt>
      <trkpt lat="24.461951" lon="111.155741"><time>2026-08-22T09:19:40.242Z</time></trkpt>
      <trkpt lat="24.461951" lon="111.155741"><time>2026-08-22T09:19:40.258Z</time></trkpt>
      <trkpt lat="24.461951" lon="111.155741"><time>2026-08-22T09:19:40.275Z</time></trkpt>
      <trkpt lat="24.461946" lon="111.155733"><time>2026-08-22T09:19:40.292Z</time></trkpt>
      <trkpt lat="24.461946" lon="111.155733"><time>2026-08-22T09:19:40.309Z</time></trkpt>
      <trkpt lat="24.461946" lon="111.155733"><time>2026-08-22T09:19:40.325Z</time></trkpt>
      <trkpt lat="24.461946" lon="111.155733"><time>2026-08-22T09:19:40.342Z</time></trkpt>
      <trkpt lat="24.461946" lon="111.155733"><time>2026-08-22T09:19:40.359Z</time></trkpt>
      <trkpt lat="24.461946" lon="111.155733"><time>2026-08-22T09:19:40.375Z</time></trkpt>
      <trkpt lat="24.461941" lon="111.155726"><time>2026-08-22T09:19:40.392Z</time></trkpt>
      <trkpt lat="24.461941" lon="111.155726"><time>2026-08-22T09:19:40.409Z</time></trkpt>
      <trkpt lat="24.461941" lon="111.155726"><time>2026-08-22T09:19:40.425Z</time></trkpt>
      <trkpt lat="24.461941" lon="111.155726"><time>2026-08-22T09:19:40.442Z</time></trkpt>
      <trkpt lat="24.461941" lon="111.155726"><time>2026-08-22T09:19:40.459Z</time></trkpt>
      <trkpt lat="24.461941" lon="111.155726"><time>2026-08-22T09:19:40.475Z</time></trkpt>
      <trkpt lat="24.461935" lon="111.155718"><time>2026-08-22T09:19:40.492Z</time></trkpt>
      <trkpt lat="24.461935" lon="111.155718"><time>2026-08-22T09:19:40.509Z</time></trkpt>
      <trkpt lat="24.461935" lon="111.155718"><time>2026-08-22T09:19:40.525Z</time></trkpt>
      <trkpt lat="24.461935" lon="111.155718"><time>2026-08-22T09:19:40.542Z</time></trkpt>
      <trkpt lat="24.461935" lon="111.155718"><time>2026-08-22T09:19:40.559Z</time></trkpt>
      <trkpt lat="24.461935" lon="111.155718"><time>2026-08-22T09:19:40.575Z</time></trkpt>
      <trkpt lat="24.46193" lon="111.155711"><time>2026-08-22T09:19:40.592Z</time></trkpt>
      <trkpt lat="24.46193" lon="111.155711"><time>2026-08-22T09:19:40.609Z</time></trkpt>
      <trkpt lat="24.46193" lon="111.155711"><time>2026-08-22T09:19:40.626Z</time></trkpt>
      <trkpt lat="24.46193" lon="111.155711"><time>2026-08-22T09:19:40.642Z</time></trkpt>
      <trkpt lat="24.46193" lon="111.155711"><time>2026-08-22T09:19:40.659Z</time></trkpt>
      <trkpt lat="24.46193" lon="111.155711"><time>2026-08-22T09:19:40.676Z</time></trkpt>
      <trkpt lat="24.461924" lon="111.155702"><time>2026-08-22T09:19:40.692Z</time></trkpt>
      <trkpt lat="24.461924" lon="111.155702"><time>2026-08-22T09:19:40.709Z</time></trkpt>
      <trkpt lat="24.461924" lon="111.155702"><time>2026-08-22T09:19:40.726Z</time></trkpt>
      <trkpt lat="24.461924" lon="111.155702"><time>2026-08-22T09:19:40.742Z</time></trkpt>
      <trkpt lat="24.461924" lon="111.155702"><time>2026-08-22T09:19:40.759Z</time></trkpt>
      <trkpt lat="24.461924" lon="111.155702"><time>2026-08-22T09:19:40.776Z</time></trkpt>
      <trkpt lat="24.461919" lon="111.155694"><time>2026-08-22T09:19:40.792Z</time></trkpt>
      <trkpt lat="24.461919" lon="111.155694"><time>2026-08-22T09:19:40.809Z</time></trkpt>
      <trkpt lat="24.461919" lon="111.155694"><time>2026-08-22T09:19:40.826Z</time></trkpt>
      <trkpt lat="24.461919" lon="111.155694"><time>2026-08-22T09:19:40.842Z</time></trkpt>
      <trkpt lat="24.461919" lon="111.155694"><time>2026-08-22T09:19:40.859Z</time></trkpt>
      <trkpt lat="24.461919" lon="111.155694"><time>2026-08-22T09:19:40.876Z</time></trkpt>
      <trkpt lat="24.461914" lon="111.155685"><time>2026-08-22T09:19:40.892Z</time></trkpt>
      <trkpt lat="24.461914" lon="111.155685"><time>2026-08-22T09:19:40.909Z</time></trkpt>
      <trkpt lat="24.461914" lon="111.155685"><time>2026-08-22T09:19:40.926Z</time></trkpt>
      <trkpt lat="24.461914" lon="111.155685"><time>2026-08-22T09:19:40.943Z</time></trkpt>
      <trkpt lat="24.461914" lon="111.155685"><time>2026-08-22T09:19:40.959Z</time></trkpt>
      <trkpt lat="24.461914" lon="111.155685"><time>2026-08-22T09:19:40.976Z</time></trkpt>
      <trkpt lat="24.461909" lon="111.155677"><time>2026-08-22T09:19:40.993Z</time></trkpt>
      <trkpt lat="24.461909" lon="111.155677"><time>2026-08-22T09:19:41.009Z</time></trkpt>
      <trkpt lat="24.461909" lon="111.155677"><time>2026-08-22T09:19:41.026Z</time></trkpt>
      <trkpt lat="24.461909" lon="111.155677"><time>2026-08-22T09:19:41.043Z</time></trkpt>
      <trkpt lat="24.461909" lon="111.155677"><time>2026-08-22T09:19:41.059Z</time></trkpt>
      <trkpt lat="24.461909" lon="111.155677"><time>2026-08-22T09:19:41.076Z</time></trkpt>
      <trkpt lat="24.461903" lon="111.155668"><time>2026-08-22T09:19:41.093Z</time></trkpt>
      <trkpt lat="24.461903" lon="111.155668"><time>2026-08-22T09:19:41.109Z</time></trkpt>
      <trkpt lat="24.461903" lon="111.155668"><time>2026-08-22T09:19:41.126Z</time></trkpt>
      <trkpt lat="24.461903" lon="111.155668"><time>2026-08-22T09:19:41.143Z</time></trkpt>
      <trkpt lat="24.461903" lon="111.155668"><time>2026-08-22T09:19:41.159Z</time></trkpt>
      <trkpt lat="24.461903" lon="111.155668"><time>2026-08-22T09:19:41.176Z</time></trkpt>
      <trkpt lat="24.461898" lon="111.155659"><time>2026-08-22T09:19:41.193Z</time></trkpt>
      <trkpt lat="24.461898" lon="111.155659"><time>2026-08-22T09:19:41.209Z</time></trkpt>
      <trkpt lat="24.461898" lon="111.155659"><time>2026-08-22T09:19:41.226Z</time></trkpt>
      <trkpt lat="24.461898" lon="111.155659"><time>2026-08-22T09:19:41.243Z</time></trkpt>
      <trkpt lat="24.461898" lon="111.155659"><time>2026-08-22T09:19:41.260Z</time></trkpt>
      <trkpt lat="24.461898" lon="111.155659"><time>2026-08-22T09:19:41.276Z</time></trkpt>
      <trkpt lat="24.461893" lon="111.155649"><time>2026-08-22T09:19:41.293Z</time></trkpt>
      <trkpt lat="24.461893" lon="111.155649"><time>2026-08-22T09:19:41.310Z</time></trkpt>
      <trkpt lat="24.461893" lon="111.155649"><time>2026-08-22T09:19:41.326Z</time></trkpt>
      <trkpt lat="24.461893" lon="111.155649"><time>2026-08-22T09:19:41.343Z</time></trkpt>
      <trkpt lat="24.461893" lon="111.155649"><time>2026-08-22T09:19:41.360Z</time></trkpt>
      <trkpt lat="24.461893" lon="111.155649"><time>2026-08-22T09:19:41.376Z</time></trkpt>
      <trkpt lat="24.461888" lon="111.15564"><time>2026-08-22T09:19:41.393Z</time></trkpt>
      <trkpt lat="24.461888" lon="111.15564"><time>2026-08-22T09:19:41.410Z</time></trkpt>
      <trkpt lat="24.461888" lon="111.15564"><time>2026-08-22T09:19:41.426Z</time></trkpt>
      <trkpt lat="24.461888" lon="111.15564"><time>2026-08-22T09:19:41.443Z</time></trkpt>
      <trkpt lat="24.461888" lon="111.15564"><time>2026-08-22T09:19:41.460Z</time></trkpt>
      <trkpt lat="24.461888" lon="111.15564"><time>2026-08-22T09:19:41.476Z</time></trkpt>
      <trkpt lat="24.461883" lon="111.155631"><time>2026-08-22T09:19:41.493Z</time></trkpt>
      <trkpt lat="24.461883" lon="111.155631"><time>2026-08-22T09:19:41.510Z</time></trkpt>
      <trkpt lat="24.461883" lon="111.155631"><time>2026-08-22T09:19:41.526Z</time></trkpt>
      <trkpt lat="24.461883" lon="111.155631"><time>2026-08-22T09:19:41.543Z</time></trkpt>
      <trkpt lat="24.461883" lon="111.155631"><time>2026-08-22T09:19:41.560Z</time></trkpt>
      <trkpt lat="24.461883" lon="111.155631"><time>2026-08-22T09:19:41.577Z</time></trkpt>
      <trkpt lat="24.461878" lon="111.155621"><time>2026-08-22T09:19:41.593Z</time></trkpt>
      <trkpt lat="24.461878" lon="111.155621"><time>2026-08-22T09:19:41.610Z</time></trkpt>
      <trkpt lat="24.461878" lon="111.155621"><time>2026-08-22T09:19:41.627Z</time></trkpt>
      <trkpt lat="24.461878" lon="111.155621"><time>2026-08-22T09:19:41.643Z</time></trkpt>
      <trkpt lat="24.461878" lon="111.155621"><time>2026-08-22T09:19:41.660Z</time></trkpt>
      <trkpt lat="24.461878" lon="111.155621"><time>2026-08-22T09:19:41.677Z</time></trkpt>
      <trkpt lat="24.461873" lon="111.155612"><time>2026-08-22T09:19:41.693Z</time></trkpt>
      <trkpt lat="24.461873" lon="111.155612"><time>2026-08-22T09:19:41.710Z</time></trkpt>
      <trkpt lat="24.461873" lon="111.155612"><time>2026-08-22T09:19:41.727Z</time></trkpt>
      <trkpt lat="24.461873" lon="111.155612"><time>2026-08-22T09:19:41.743Z</time></trkpt>
      <trkpt lat="24.461873" lon="111.155612"><time>2026-08-22T09:19:41.760Z</time></trkpt>
      <trkpt lat="24.461873" lon="111.155612"><time>2026-08-22T09:19:41.777Z</time></trkpt>
      <trkpt lat="24.461869" lon="111.155603"><time>2026-08-22T09:19:41.793Z</time></trkpt>
      <trkpt lat="24.461869" lon="111.155603"><time>2026-08-22T09:19:41.810Z</time></trkpt>
      <trkpt lat="24.461869" lon="111.155603"><time>2026-08-22T09:19:41.827Z</time></trkpt>
      <trkpt lat="24.461869" lon="111.155603"><time>2026-08-22T09:19:41.843Z</time></trkpt>
      <trkpt lat="24.461869" lon="111.155603"><time>2026-08-22T09:19:41.860Z</time></trkpt>
      <trkpt lat="24.461869" lon="111.155603"><time>2026-08-22T09:19:41.877Z</time></trkpt>
      <trkpt lat="24.461864" lon="111.155592"><time>2026-08-22T09:19:41.894Z</time></trkpt>
      <trkpt lat="24.461864" lon="111.155592"><time>2026-08-22T09:19:41.910Z</time></trkpt>
      <trkpt lat="24.461864" lon="111.155592"><time>2026-08-22T09:19:41.927Z</time></trkpt>
      <trkpt lat="24.461864" lon="111.155592"><time>2026-08-22T09:19:41.944Z</time></trkpt>
      <trkpt lat="24.461864" lon="111.155592"><time>2026-08-22T09:19:41.960Z</time></trkpt>
      <trkpt lat="24.461864" lon="111.155592"><time>2026-08-22T09:19:41.977Z</time></trkpt>
      <trkpt lat="24.46186" lon="111.155584"><time>2026-08-22T09:19:41.994Z</time></trkpt>
      <trkpt lat="24.46186" lon="111.155584"><time>2026-08-22T09:19:42.010Z</time></trkpt>
      <trkpt lat="24.46186" lon="111.155584"><time>2026-08-22T09:19:42.027Z</time></trkpt>
      <trkpt lat="24.46186" lon="111.155584"><time>2026-08-22T09:19:42.044Z</time></trkpt>
      <trkpt lat="24.46186" lon="111.155584"><time>2026-08-22T09:19:42.060Z</time></trkpt>
      <trkpt lat="24.46186" lon="111.155584"><time>2026-08-22T09:19:42.077Z</time></trkpt>
      <trkpt lat="24.461855" lon="111.155573"><time>2026-08-22T09:19:42.094Z</time></trkpt>
      <trkpt lat="24.461855" lon="111.155573"><time>2026-08-22T09:19:42.110Z</time></trkpt>
      <trkpt lat="24.461855" lon="111.155573"><time>2026-08-22T09:19:42.127Z</time></trkpt>
      <trkpt lat="24.461855" lon="111.155573"><time>2026-08-22T09:19:42.144Z</time></trkpt>
      <trkpt lat="24.461855" lon="111.155573"><time>2026-08-22T09:19:42.160Z</time></trkpt>
      <trkpt lat="24.461855" lon="111.155573"><time>2026-08-22T09:19:42.177Z</time></trkpt>
      <trkpt lat="24.461851" lon="111.155563"><time>2026-08-22T09:19:42.194Z</time></trkpt>
      <trkpt lat="24.461851" lon="111.155563"><time>2026-08-22T09:19:42.211Z</time></trkpt>
      <trkpt lat="24.461851" lon="111.155563"><time>2026-08-22T09:19:42.227Z</time></trkpt>
      <trkpt lat="24.461851" lon="111.155563"><time>2026-08-22T09:19:42.244Z</time></trkpt>
      <trkpt lat="24.461851" lon="111.155563"><time>2026-08-22T09:19:42.261Z</time></trkpt>
      <trkpt lat="24.461851" lon="111.155563"><time>2026-08-22T09:19:42.277Z</time></trkpt>
      <trkpt lat="24.461846" lon="111.155554"><time>2026-08-22T09:19:42.294Z</time></trkpt>
      <trkpt lat="24.461846" lon="111.155554"><time>2026-08-22T09:19:42.311Z</time></trkpt>
      <trkpt lat="24.461846" lon="111.155554"><time>2026-08-22T09:19:42.327Z</time></trkpt>
      <trkpt lat="24.461846" lon="111.155554"><time>2026-08-22T09:19:42.344Z</time></trkpt>
      <trkpt lat="24.461846" lon="111.155554"><time>2026-08-22T09:19:42.361Z</time></trkpt>
      <trkpt lat="24.461846" lon="111.155554"><time>2026-08-22T09:19:42.377Z</time></trkpt>
      <trkpt lat="24.461843" lon="111.155544"><time>2026-08-22T09:19:42.394Z</time></trkpt>
      <trkpt lat="24.461843" lon="111.155544"><time>2026-08-22T09:19:42.411Z</time></trkpt>
      <trkpt lat="24.461843" lon="111.155544"><time>2026-08-22T09:19:42.427Z</time></trkpt>
      <trkpt lat="24.461843" lon="111.155544"><time>2026-08-22T09:19:42.444Z</time></trkpt>
      <trkpt lat="24.461843" lon="111.155544"><time>2026-08-22T09:19:42.461Z</time></trkpt>
      <trkpt lat="24.461843" lon="111.155544"><time>2026-08-22T09:19:42.477Z</time></trkpt>
      <trkpt lat="24.461839" lon="111.155535"><time>2026-08-22T09:19:42.494Z</time></trkpt>
      <trkpt lat="24.461839" lon="111.155535"><time>2026-08-22T09:19:42.511Z</time></trkpt>
      <trkpt lat="24.461839" lon="111.155535"><time>2026-08-22T09:19:42.528Z</time></trkpt>
      <trkpt lat="24.461839" lon="111.155535"><time>2026-08-22T09:19:42.544Z</time></trkpt>
      <trkpt lat="24.461839" lon="111.155535"><time>2026-08-22T09:19:42.561Z</time></trkpt>
      <trkpt lat="24.461839" lon="111.155535"><time>2026-08-22T09:19:42.578Z</time></trkpt>
      <trkpt lat="24.461835" lon="111.155525"><time>2026-08-22T09:19:42.594Z</time></trkpt>
      <trkpt lat="24.461835" lon="111.155525"><time>2026-08-22T09:19:42.611Z</time></trkpt>
      <trkpt lat="24.461835" lon="111.155525"><time>2026-08-22T09:19:42.628Z</time></trkpt>
      <trkpt lat="24.461835" lon="111.155525"><time>2026-08-22T09:19:42.644Z</time></trkpt>
      <trkpt lat="24.461835" lon="111.155525"><time>2026-08-22T09:19:42.661Z</time></trkpt>
      <trkpt lat="24.461835" lon="111.155525"><time>2026-08-22T09:19:42.678Z</time></trkpt>
      <trkpt lat="24.461832" lon="111.155516"><time>2026-08-22T09:19:42.694Z</time></trkpt>
      <trkpt lat="24.461832" lon="111.155516"><time>2026-08-22T09:19:42.711Z</time></trkpt>
      <trkpt lat="24.461832" lon="111.155516"><time>2026-08-22T09:19:42.728Z</time></trkpt>
      <trkpt lat="24.461832" lon="111.155516"><time>2026-08-22T09:19:42.744Z</time></trkpt>
      <trkpt lat="24.461832" lon="111.155516"><time>2026-08-22T09:19:42.761Z</time></trkpt>
      <trkpt lat="24.461832" lon="111.155516"><time>2026-08-22T09:19:42.778Z</time></trkpt>
      <trkpt lat="24.461829" lon="111.155508"><time>2026-08-22T09:19:42.794Z</time></trkpt>
      <trkpt lat="24.461829" lon="111.155508"><time>2026-08-22T09:19:42.811Z</time></trkpt>
      <trkpt lat="24.461829" lon="111.155508"><time>2026-08-22T09:19:42.828Z</time></trkpt>
      <trkpt lat="24.461829" lon="111.155508"><time>2026-08-22T09:19:42.845Z</time></trkpt>
      <trkpt lat="24.461829" lon="111.155508"><time>2026-08-22T09:19:42.861Z</time></trkpt>
      <trkpt lat="24.461825" lon="111.155498"><time>2026-08-22T09:19:42.878Z</time></trkpt>
      <trkpt lat="24.461825" lon="111.155498"><time>2026-08-22T09:19:42.895Z</time></trkpt>
      <trkpt lat="24.461825" lon="111.155498"><time>2026-08-22T09:19:42.911Z</time></trkpt>
      <trkpt lat="24.461825" lon="111.155498"><time>2026-08-22T09:19:42.928Z</time></trkpt>
      <trkpt lat="24.461825" lon="111.155498"><time>2026-08-22T09:19:42.945Z</time></trkpt>
      <trkpt lat="24.461825" lon="111.155498"><time>2026-08-22T09:19:42.961Z</time></trkpt>
      <trkpt lat="24.461825" lon="111.155498"><time>2026-08-22T09:19:42.978Z</time></trkpt>
      <trkpt lat="24.461822" lon="111.155489"><time>2026-08-22T09:19:42.995Z</time></trkpt>
      <trkpt lat="24.461822" lon="111.155489"><time>2026-08-22T09:19:43.011Z</time></trkpt>
      <trkpt lat="24.461822" lon="111.155489"><time>2026-08-22T09:19:43.028Z</time></trkpt>
      <trkpt lat="24.461822" lon="111.155489"><time>2026-08-22T09:19:43.045Z</time></trkpt>
      <trkpt lat="24.461822" lon="111.155489"><time>2026-08-22T09:19:43.061Z</time></trkpt>
      <trkpt lat="24.461822" lon="111.155489"><time>2026-08-22T09:19:43.078Z</time></trkpt>
      <trkpt lat="24.461819" lon="111.15548"><time>2026-08-22T09:19:43.095Z</time></trkpt>
      <trkpt lat="24.461819" lon="111.15548"><time>2026-08-22T09:19:43.111Z</time></trkpt>
      <trkpt lat="24.461819" lon="111.15548"><time>2026-08-22T09:19:43.128Z</time></trkpt>
      <trkpt lat="24.461819" lon="111.15548"><time>2026-08-22T09:19:43.145Z</time></trkpt>
      <trkpt lat="24.461819" lon="111.15548"><time>2026-08-22T09:19:43.162Z</time></trkpt>
      <trkpt lat="24.461819" lon="111.15548"><time>2026-08-22T09:19:43.178Z</time></trkpt>
      <trkpt lat="24.461816" lon="111.155471"><time>2026-08-22T09:19:43.195Z</time></trkpt>
      <trkpt lat="24.461816" lon="111.155471"><time>2026-08-22T09:19:43.212Z</time></trkpt>
      <trkpt lat="24.461816" lon="111.155471"><time>2026-08-22T09:19:43.228Z</time></trkpt>
      <trkpt lat="24.461816" lon="111.155471"><time>2026-08-22T09:19:43.245Z</time></trkpt>
      <trkpt lat="24.461816" lon="111.155471"><time>2026-08-22T09:19:43.262Z</time></trkpt>
      <trkpt lat="24.461816" lon="111.155471"><time>2026-08-22T09:19:43.278Z</time></trkpt>
      <trkpt lat="24.461813" lon="111.155462"><time>2026-08-22T09:19:43.295Z</time></trkpt>
      <trkpt lat="24.461813" lon="111.155462"><time>2026-08-22T09:19:43.312Z</time></trkpt>
      <trkpt lat="24.461813" lon="111.155462"><time>2026-08-22T09:19:43.328Z</time></trkpt>
      <trkpt lat="24.461813" lon="111.155462"><time>2026-08-22T09:19:43.345Z</time></trkpt>
      <trkpt lat="24.461813" lon="111.155462"><time>2026-08-22T09:19:43.362Z</time></trkpt>
      <trkpt lat="24.461813" lon="111.155462"><time>2026-08-22T09:19:43.378Z</time></trkpt>
      <trkpt lat="24.461811" lon="111.155453"><time>2026-08-22T09:19:43.395Z</time></trkpt>
      <trkpt lat="24.461811" lon="111.155453"><time>2026-08-22T09:19:43.412Z</time></trkpt>
      <trkpt lat="24.461811" lon="111.155453"><time>2026-08-22T09:19:43.428Z</time></trkpt>
      <trkpt lat="24.461811" lon="111.155453"><time>2026-08-22T09:19:43.445Z</time></trkpt>
      <trkpt lat="24.461811" lon="111.155453"><time>2026-08-22T09:19:43.462Z</time></trkpt>
      <trkpt lat="24.461808" lon="111.155443"><time>2026-08-22T09:19:43.479Z</time></trkpt>
      <trkpt lat="24.461808" lon="111.155443"><time>2026-08-22T09:19:43.495Z</time></trkpt>
      <trkpt lat="24.461808" lon="111.155443"><time>2026-08-22T09:19:43.512Z</time></trkpt>
      <trkpt lat="24.461808" lon="111.155443"><time>2026-08-22T09:19:43.529Z</time></trkpt>
      <trkpt lat="24.461808" lon="111.155443"><time>2026-08-22T09:19:43.545Z</time></trkpt>
      <trkpt lat="24.461808" lon="111.155443"><time>2026-08-22T09:19:43.562Z</time></trkpt>
      <trkpt lat="24.461808" lon="111.155443"><time>2026-08-22T09:19:43.579Z</time></trkpt>
      <trkpt lat="24.461805" lon="111.155435"><time>2026-08-22T09:19:43.595Z</time></trkpt>
      <trkpt lat="24.461805" lon="111.155435"><time>2026-08-22T09:19:43.612Z</time></trkpt>
      <trkpt lat="24.461805" lon="111.155435"><time>2026-08-22T09:19:43.629Z</time></trkpt>
      <trkpt lat="24.461805" lon="111.155435"><time>2026-08-22T09:19:43.645Z</time></trkpt>
      <trkpt lat="24.461805" lon="111.155435"><time>2026-08-22T09:19:43.662Z</time></trkpt>
      <trkpt lat="24.461803" lon="111.155426"><time>2026-08-22T09:19:43.679Z</time></trkpt>
      <trkpt lat="24.461803" lon="111.155426"><time>2026-08-22T09:19:43.695Z</time></trkpt>
      <trkpt lat="24.461803" lon="111.155426"><time>2026-08-22T09:19:43.712Z</time></trkpt>
      <trkpt lat="24.461803" lon="111.155426"><time>2026-08-22T09:19:43.729Z</time></trkpt>
      <trkpt lat="24.461803" lon="111.155426"><time>2026-08-22T09:19:43.745Z</time></trkpt>
      <trkpt lat="24.461803" lon="111.155426"><time>2026-08-22T09:19:43.762Z</time></trkpt>
      <trkpt lat="24.461803" lon="111.155426"><time>2026-08-22T09:19:43.779Z</time></trkpt>
      <trkpt lat="24.4618" lon="111.155417"><time>2026-08-22T09:19:43.796Z</time></trkpt>
      <trkpt lat="24.4618" lon="111.155417"><time>2026-08-22T09:19:43.812Z</time></trkpt>
      <trkpt lat="24.4618" lon="111.155417"><time>2026-08-22T09:19:43.829Z</time></trkpt>
      <trkpt lat="24.4618" lon="111.155417"><time>2026-08-22T09:19:43.846Z</time></trkpt>
      <trkpt lat="24.4618" lon="111.155417"><time>2026-08-22T09:19:43.862Z</time></trkpt>
      <trkpt lat="24.4618" lon="111.155417"><time>2026-08-22T09:19:43.879Z</time></trkpt>
      <trkpt lat="24.461798" lon="111.155409"><time>2026-08-22T09:19:43.896Z</time></trkpt>
      <trkpt lat="24.461798" lon="111.155409"><time>2026-08-22T09:19:43.912Z</time></trkpt>
      <trkpt lat="24.461798" lon="111.155409"><time>2026-08-22T09:19:43.929Z</time></trkpt>
      <trkpt lat="24.461798" lon="111.155409"><time>2026-08-22T09:19:43.946Z</time></trkpt>
      <trkpt lat="24.461798" lon="111.155409"><time>2026-08-22T09:19:43.962Z</time></trkpt>
      <trkpt lat="24.461798" lon="111.155409"><time>2026-08-22T09:19:43.979Z</time></trkpt>
      <trkpt lat="24.461795" lon="111.1554"><time>2026-08-22T09:19:43.996Z</time></trkpt>
      <trkpt lat="24.461795" lon="111.1554"><time>2026-08-22T09:19:44.012Z</time></trkpt>
      <trkpt lat="24.461795" lon="111.1554"><time>2026-08-22T09:19:44.029Z</time></trkpt>
      <trkpt lat="24.461795" lon="111.1554"><time>2026-08-22T09:19:44.046Z</time></trkpt>
      <trkpt lat="24.461795" lon="111.1554"><time>2026-08-22T09:19:44.062Z</time></trkpt>
      <trkpt lat="24.461795" lon="111.1554"><time>2026-08-22T09:19:44.079Z</time></trkpt>
      <trkpt lat="24.461793" lon="111.155392"><time>2026-08-22T09:19:44.096Z</time></trkpt>
      <trkpt lat="24.461793" lon="111.155392"><time>2026-08-22T09:19:44.113Z</time></trkpt>
      <trkpt lat="24.461793" lon="111.155392"><time>2026-08-22T09:19:44.129Z</time></trkpt>
      <trkpt lat="24.461793" lon="111.155392"><time>2026-08-22T09:19:44.146Z</time></trkpt>
      <trkpt lat="24.461793" lon="111.155392"><time>2026-08-22T09:19:44.163Z</time></trkpt>
      <trkpt lat="24.461791" lon="111.155385"><time>2026-08-22T09:19:44.179Z</time></trkpt>
      <trkpt lat="24.461791" lon="111.155385"><time>2026-08-22T09:19:44.196Z</time></trkpt>
      <trkpt lat="24.461791" lon="111.155385"><time>2026-08-22T09:19:44.213Z</time></trkpt>
      <trkpt lat="24.461791" lon="111.155385"><time>2026-08-22T09:19:44.229Z</time></trkpt>
      <trkpt lat="24.461791" lon="111.155385"><time>2026-08-22T09:19:44.246Z</time></trkpt>
      <trkpt lat="24.461791" lon="111.155385"><time>2026-08-22T09:19:44.263Z</time></trkpt>
      <trkpt lat="24.461791" lon="111.155385"><time>2026-08-22T09:19:44.279Z</time></trkpt>
      <trkpt lat="24.461789" lon="111.155377"><time>2026-08-22T09:19:44.296Z</time></trkpt>
      <trkpt lat="24.461789" lon="111.155377"><time>2026-08-22T09:19:44.313Z</time></trkpt>
      <trkpt lat="24.461789" lon="111.155377"><time>2026-08-22T09:19:44.329Z</time></trkpt>
      <trkpt lat="24.461789" lon="111.155377"><time>2026-08-22T09:19:44.346Z</time></trkpt>
      <trkpt lat="24.461789" lon="111.155377"><time>2026-08-22T09:19:44.363Z</time></trkpt>
      <trkpt lat="24.461787" lon="111.15537"><time>2026-08-22T09:19:44.379Z</time></trkpt>
      <trkpt lat="24.461787" lon="111.15537"><time>2026-08-22T09:19:44.396Z</time></trkpt>
      <trkpt lat="24.461787" lon="111.15537"><time>2026-08-22T09:19:44.413Z</time></trkpt>
      <trkpt lat="24.461787" lon="111.15537"><time>2026-08-22T09:19:44.430Z</time></trkpt>
      <trkpt lat="24.461787" lon="111.15537"><time>2026-08-22T09:19:44.446Z</time></trkpt>
      <trkpt lat="24.461787" lon="111.15537"><time>2026-08-22T09:19:44.463Z</time></trkpt>
      <trkpt lat="24.461784" lon="111.155362"><time>2026-08-22T09:19:44.480Z</time></trkpt>
      <trkpt lat="24.461784" lon="111.155362"><time>2026-08-22T09:19:44.496Z</time></trkpt>
      <trkpt lat="24.461784" lon="111.155362"><time>2026-08-22T09:19:44.513Z</time></trkpt>
      <trkpt lat="24.461784" lon="111.155362"><time>2026-08-22T09:19:44.530Z</time></trkpt>
      <trkpt lat="24.461784" lon="111.155362"><time>2026-08-22T09:19:44.546Z</time></trkpt>
      <trkpt lat="24.461784" lon="111.155362"><time>2026-08-22T09:19:44.563Z</time></trkpt>
      <trkpt lat="24.461782" lon="111.155355"><time>2026-08-22T09:19:44.580Z</time></trkpt>
      <trkpt lat="24.461782" lon="111.155355"><time>2026-08-22T09:19:44.596Z</time></trkpt>
      <trkpt lat="24.461782" lon="111.155355"><time>2026-08-22T09:19:44.613Z</time></trkpt>
      <trkpt lat="24.461782" lon="111.155355"><time>2026-08-22T09:19:44.630Z</time></trkpt>
      <trkpt lat="24.461782" lon="111.155355"><time>2026-08-22T09:19:44.646Z</time></trkpt>
      <trkpt lat="24.461782" lon="111.155355"><time>2026-08-22T09:19:44.663Z</time></trkpt>
      <trkpt lat="24.46178" lon="111.155348"><time>2026-08-22T09:19:44.680Z</time></trkpt>
      <trkpt lat="24.46178" lon="111.155348"><time>2026-08-22T09:19:44.696Z</time></trkpt>
      <trkpt lat="24.46178" lon="111.155348"><time>2026-08-22T09:19:44.713Z</time></trkpt>
      <trkpt lat="24.46178" lon="111.155348"><time>2026-08-22T09:19:44.730Z</time></trkpt>
      <trkpt lat="24.46178" lon="111.155348"><time>2026-08-22T09:19:44.747Z</time></trkpt>
      <trkpt lat="24.46178" lon="111.155348"><time>2026-08-22T09:19:44.763Z</time></trkpt>
      <trkpt lat="24.461778" lon="111.155341"><time>2026-08-22T09:19:44.780Z</time></trkpt>
      <trkpt lat="24.461778" lon="111.155341"><time>2026-08-22T09:19:44.797Z</time></trkpt>
      <trkpt lat="24.461778" lon="111.155341"><time>2026-08-22T09:19:44.813Z</time></trkpt>
      <trkpt lat="24.461778" lon="111.155341"><time>2026-08-22T09:19:44.830Z</time></trkpt>
      <trkpt lat="24.461778" lon="111.155341"><time>2026-08-22T09:19:44.847Z</time></trkpt>
      <trkpt lat="24.461778" lon="111.155341"><time>2026-08-22T09:19:44.863Z</time></trkpt>
      <trkpt lat="24.461776" lon="111.155334"><time>2026-08-22T09:19:44.880Z</time></trkpt>
      <trkpt lat="24.461776" lon="111.155334"><time>2026-08-22T09:19:44.897Z</time></trkpt>
      <trkpt lat="24.461776" lon="111.155334"><time>2026-08-22T09:19:44.913Z</time></trkpt>
      <trkpt lat="24.461776" lon="111.155334"><time>2026-08-22T09:19:44.930Z</time></trkpt>
      <trkpt lat="24.461776" lon="111.155334"><time>2026-08-22T09:19:44.947Z</time></trkpt>
      <trkpt lat="24.461776" lon="111.155334"><time>2026-08-22T09:19:44.963Z</time></trkpt>
      <trkpt lat="24.461774" lon="111.155328"><time>2026-08-22T09:19:44.980Z</time></trkpt>
      <trkpt lat="24.461774" lon="111.155328"><time>2026-08-22T09:19:44.997Z</time></trkpt>
      <trkpt lat="24.461774" lon="111.155328"><time>2026-08-22T09:19:45.013Z</time></trkpt>
      <trkpt lat="24.461774" lon="111.155328"><time>2026-08-22T09:19:45.030Z</time></trkpt>
      <trkpt lat="24.461774" lon="111.155328"><time>2026-08-22T09:19:45.047Z</time></trkpt>
      <trkpt lat="24.461774" lon="111.155328"><time>2026-08-22T09:19:45.063Z</time></trkpt>
      <trkpt lat="24.461772" lon="111.155322"><time>2026-08-22T09:19:45.080Z</time></trkpt>
      <trkpt lat="24.461772" lon="111.155322"><time>2026-08-22T09:19:45.097Z</time></trkpt>
      <trkpt lat="24.461772" lon="111.155322"><time>2026-08-22T09:19:45.114Z</time></trkpt>
      <trkpt lat="24.461772" lon="111.155322"><time>2026-08-22T09:19:45.130Z</time></trkpt>
      <trkpt lat="24.461772" lon="111.155322"><time>2026-08-22T09:19:45.147Z</time></trkpt>
      <trkpt lat="24.461772" lon="111.155322"><time>2026-08-22T09:19:45.164Z</time></trkpt>
      <trkpt lat="24.46177" lon="111.155315"><time>2026-08-22T09:19:45.180Z</time></trkpt>
      <trkpt lat="24.46177" lon="111.155315"><time>2026-08-22T09:19:45.197Z</time></trkpt>
      <trkpt lat="24.46177" lon="111.155315"><time>2026-08-22T09:19:45.214Z</time></trkpt>
      <trkpt lat="24.46177" lon="111.155315"><time>2026-08-22T09:19:45.230Z</time></trkpt>
      <trkpt lat="24.46177" lon="111.155315"><time>2026-08-22T09:19:45.247Z</time></trkpt>
      <trkpt lat="24.46177" lon="111.155315"><time>2026-08-22T09:19:45.264Z</time></trkpt>
      <trkpt lat="24.461768" lon="111.155309"><time>2026-08-22T09:19:45.280Z</time></trkpt>
      <trkpt lat="24.461768" lon="111.155309"><time>2026-08-22T09:19:45.297Z</time></trkpt>
      <trkpt lat="24.461768" lon="111.155309"><time>2026-08-22T09:19:45.314Z</time></trkpt>
      <trkpt lat="24.461768" lon="111.155309"><time>2026-08-22T09:19:45.330Z</time></trkpt>
      <trkpt lat="24.461768" lon="111.155309"><time>2026-08-22T09:19:45.347Z</time></trkpt>
      <trkpt lat="24.461768" lon="111.155309"><time>2026-08-22T09:19:45.364Z</time></trkpt>
      <trkpt lat="24.461766" lon="111.155304"><time>2026-08-22T09:19:45.380Z</time></trkpt>
      <trkpt lat="24.461766" lon="111.155304"><time>2026-08-22T09:19:45.397Z</time></trkpt>
      <trkpt lat="24.461766" lon="111.155304"><time>2026-08-22T09:19:45.414Z</time></trkpt>
      <trkpt lat="24.461766" lon="111.155304"><time>2026-08-22T09:19:45.431Z</time></trkpt>
      <trkpt lat="24.461766" lon="111.155304"><time>2026-08-22T09:19:45.447Z</time></trkpt>
      <trkpt lat="24.461766" lon="111.155304"><time>2026-08-22T09:19:45.464Z</time></trkpt>
      <trkpt lat="24.461764" lon="111.155298"><time>2026-08-22T09:19:45.481Z</time></trkpt>
      <trkpt lat="24.461764" lon="111.155298"><time>2026-08-22T09:19:45.497Z</time></trkpt>
      <trkpt lat="24.461764" lon="111.155298"><time>2026-08-22T09:19:45.514Z</time></trkpt>
      <trkpt lat="24.461764" lon="111.155298"><time>2026-08-22T09:19:45.531Z</time></trkpt>
      <trkpt lat="24.461764" lon="111.155298"><time>2026-08-22T09:19:45.547Z</time></trkpt>
      <trkpt lat="24.461764" lon="111.155298"><time>2026-08-22T09:19:45.564Z</time></trkpt>
      <trkpt lat="24.461762" lon="111.155293"><time>2026-08-22T09:19:45.581Z</time></trkpt>
      <trkpt lat="24.461762" lon="111.155293"><time>2026-08-22T09:19:45.597Z</time></trkpt>
      <trkpt lat="24.461762" lon="111.155293"><time>2026-08-22T09:19:45.614Z</time></trkpt>
      <trkpt lat="24.461762" lon="111.155293"><time>2026-08-22T09:19:45.631Z</time></trkpt>
      <trkpt lat="24.461762" lon="111.155293"><time>2026-08-22T09:19:45.647Z</time></trkpt>
      <trkpt lat="24.461762" lon="111.155293"><time>2026-08-22T09:19:45.664Z</time></trkpt>
      <trkpt lat="24.46176" lon="111.155288"><time>2026-08-22T09:19:45.681Z</time></trkpt>
      <trkpt lat="24.46176" lon="111.155288"><time>2026-08-22T09:19:45.697Z</time></trkpt>
      <trkpt lat="24.46176" lon="111.155288"><time>2026-08-22T09:19:45.714Z</time></trkpt>
      <trkpt lat="24.46176" lon="111.155288"><time>2026-08-22T09:19:45.731Z</time></trkpt>
      <trkpt lat="24.46176" lon="111.155288"><time>2026-08-22T09:19:45.748Z</time></trkpt>
      <trkpt lat="24.46176" lon="111.155288"><time>2026-08-22T09:19:45.764Z</time></trkpt>
      <trkpt lat="24.461758" lon="111.155283"><time>2026-08-22T09:19:45.781Z</time></trkpt>
      <trkpt lat="24.461758" lon="111.155283"><time>2026-08-22T09:19:45.798Z</time></trkpt>
      <trkpt lat="24.461758" lon="111.155283"><time>2026-08-22T09:19:45.814Z</time></trkpt>
      <trkpt lat="24.461758" lon="111.155283"><time>2026-08-22T09:19:45.831Z</time></trkpt>
      <trkpt lat="24.461758" lon="111.155283"><time>2026-08-22T09:19:45.848Z</time></trkpt>
      <trkpt lat="24.461758" lon="111.155283"><time>2026-08-22T09:19:45.864Z</time></trkpt>
      <trkpt lat="24.461756" lon="111.155278"><time>2026-08-22T09:19:45.881Z</time></trkpt>
      <trkpt lat="24.461756" lon="111.155278"><time>2026-08-22T09:19:45.898Z</time></trkpt>
      <trkpt lat="24.461756" lon="111.155278"><time>2026-08-22T09:19:45.914Z</time></trkpt>
      <trkpt lat="24.461756" lon="111.155278"><time>2026-08-22T09:19:45.931Z</time></trkpt>
      <trkpt lat="24.461756" lon="111.155278"><time>2026-08-22T09:19:45.948Z</time></trkpt>
      <trkpt lat="24.461756" lon="111.155278"><time>2026-08-22T09:19:45.964Z</time></trkpt>
      <trkpt lat="24.461754" lon="111.155273"><time>2026-08-22T09:19:45.981Z</time></trkpt>
      <trkpt lat="24.461754" lon="111.155273"><time>2026-08-22T09:19:45.998Z</time></trkpt>
      <trkpt lat="24.461754" lon="111.155273"><time>2026-08-22T09:19:46.014Z</time></trkpt>
      <trkpt lat="24.461754" lon="111.155273"><time>2026-08-22T09:19:46.031Z</time></trkpt>
      <trkpt lat="24.461754" lon="111.155273"><time>2026-08-22T09:19:46.048Z</time></trkpt>
      <trkpt lat="24.461754" lon="111.155273"><time>2026-08-22T09:19:46.065Z</time></trkpt>
      <trkpt lat="24.461753" lon="111.155272"><time>2026-08-22T09:19:46.081Z</time></trkpt>
      <trkpt lat="24.461753" lon="111.155272"><time>2026-08-22T09:19:46.098Z</time></trkpt>
      <trkpt lat="24.461753" lon="111.155272"><time>2026-08-22T09:19:46.115Z</time></trkpt>
      <trkpt lat="24.461753" lon="111.155272"><time>2026-08-22T09:19:46.131Z</time></trkpt>
      <trkpt lat="24.461753" lon="111.155272"><time>2026-08-22T09:19:46.148Z</time></trkpt>
      <trkpt lat="24.461753" lon="111.155272"><time>2026-08-22T09:19:46.165Z</time></trkpt>
      <trkpt lat="24.461751" lon="111.155268"><time>2026-08-22T09:19:46.181Z</time></trkpt>
      <trkpt lat="24.461751" lon="111.155268"><time>2026-08-22T09:19:46.198Z</time></trkpt>
      <trkpt lat="24.461751" lon="111.155268"><time>2026-08-22T09:19:46.215Z</time></trkpt>
      <trkpt lat="24.461751" lon="111.155268"><time>2026-08-22T09:19:46.231Z</time></trkpt>
      <trkpt lat="24.461751" lon="111.155268"><time>2026-08-22T09:19:46.248Z</time></trkpt>
      <trkpt lat="24.461751" lon="111.155268"><time>2026-08-22T09:19:46.265Z</time></trkpt>
      <trkpt lat="24.461749" lon="111.155263"><time>2026-08-22T09:19:46.281Z</time></trkpt>
      <trkpt lat="24.461749" lon="111.155263"><time>2026-08-22T09:19:46.298Z</time></trkpt>
      <trkpt lat="24.461749" lon="111.155263"><time>2026-08-22T09:19:46.315Z</time></trkpt>
      <trkpt lat="24.461749" lon="111.155263"><time>2026-08-22T09:19:46.331Z</time></trkpt>
      <trkpt lat="24.461749" lon="111.155263"><time>2026-08-22T09:19:46.348Z</time></trkpt>
      <trkpt lat="24.461749" lon="111.155263"><time>2026-08-22T09:19:46.365Z</time></trkpt>
      <trkpt lat="24.461748" lon="111.155259"><time>2026-08-22T09:19:46.382Z</time></trkpt>
      <trkpt lat="24.461748" lon="111.155259"><time>2026-08-22T09:19:46.398Z</time></trkpt>
      <trkpt lat="24.461748" lon="111.155259"><time>2026-08-22T09:19:46.415Z</time></trkpt>
      <trkpt lat="24.461748" lon="111.155259"><time>2026-08-22T09:19:46.432Z</time></trkpt>
      <trkpt lat="24.461748" lon="111.155259"><time>2026-08-22T09:19:46.448Z</time></trkpt>
      <trkpt lat="24.461748" lon="111.155259"><time>2026-08-22T09:19:46.465Z</time></trkpt>
      <trkpt lat="24.461746" lon="111.155255"><time>2026-08-22T09:19:46.482Z</time></trkpt>
      <trkpt lat="24.461746" lon="111.155255"><time>2026-08-22T09:19:46.498Z</time></trkpt>
      <trkpt lat="24.461746" lon="111.155255"><time>2026-08-22T09:19:46.515Z</time></trkpt>
      <trkpt lat="24.461746" lon="111.155255"><time>2026-08-22T09:19:46.532Z</time></trkpt>
      <trkpt lat="24.461746" lon="111.155255"><time>2026-08-22T09:19:46.548Z</time></trkpt>
      <trkpt lat="24.461746" lon="111.155255"><time>2026-08-22T09:19:46.565Z</time></trkpt>
      <trkpt lat="24.461744" lon="111.155251"><time>2026-08-22T09:19:46.582Z</time></trkpt>
      <trkpt lat="24.461744" lon="111.155251"><time>2026-08-22T09:19:46.598Z</time></trkpt>
      <trkpt lat="24.461744" lon="111.155251"><time>2026-08-22T09:19:46.615Z</time></trkpt>
      <trkpt lat="24.461744" lon="111.155251"><time>2026-08-22T09:19:46.632Z</time></trkpt>
      <trkpt lat="24.461744" lon="111.155251"><time>2026-08-22T09:19:46.648Z</time></trkpt>
      <trkpt lat="24.461744" lon="111.155251"><time>2026-08-22T09:19:46.665Z</time></trkpt>
      <trkpt lat="24.461742" lon="111.155246"><time>2026-08-22T09:19:46.682Z</time></trkpt>
      <trkpt lat="24.461742" lon="111.155246"><time>2026-08-22T09:19:46.699Z</time></trkpt>
      <trkpt lat="24.461742" lon="111.155246"><time>2026-08-22T09:19:46.715Z</time></trkpt>
      <trkpt lat="24.461742" lon="111.155246"><time>2026-08-22T09:19:46.732Z</time></trkpt>
      <trkpt lat="24.461742" lon="111.155246"><time>2026-08-22T09:19:46.749Z</time></trkpt>
      <trkpt lat="24.461742" lon="111.155246"><time>2026-08-22T09:19:46.765Z</time></trkpt>
      <trkpt lat="24.46174" lon="111.155242"><time>2026-08-22T09:19:46.782Z</time></trkpt>
      <trkpt lat="24.46174" lon="111.155242"><time>2026-08-22T09:19:46.799Z</time></trkpt>
      <trkpt lat="24.46174" lon="111.155242"><time>2026-08-22T09:19:46.815Z</time></trkpt>
      <trkpt lat="24.46174" lon="111.155242"><time>2026-08-22T09:19:46.832Z</time></trkpt>
      <trkpt lat="24.46174" lon="111.155242"><time>2026-08-22T09:19:46.849Z</time></trkpt>
      <trkpt lat="24.46174" lon="111.155242"><time>2026-08-22T09:19:46.865Z</time></trkpt>
      <trkpt lat="24.461739" lon="111.155238"><time>2026-08-22T09:19:46.882Z</time></trkpt>
      <trkpt lat="24.461739" lon="111.155238"><time>2026-08-22T09:19:46.899Z</time></trkpt>
      <trkpt lat="24.461739" lon="111.155238"><time>2026-08-22T09:19:46.915Z</time></trkpt>
      <trkpt lat="24.461739" lon="111.155238"><time>2026-08-22T09:19:46.932Z</time></trkpt>
      <trkpt lat="24.461739" lon="111.155238"><time>2026-08-22T09:19:46.949Z</time></trkpt>
      <trkpt lat="24.461739" lon="111.155238"><time>2026-08-22T09:19:46.965Z</time></trkpt>
      <trkpt lat="24.461737" lon="111.155234"><time>2026-08-22T09:19:46.982Z</time></trkpt>
      <trkpt lat="24.461737" lon="111.155234"><time>2026-08-22T09:19:46.999Z</time></trkpt>
      <trkpt lat="24.461737" lon="111.155234"><time>2026-08-22T09:19:47.016Z</time></trkpt>
      <trkpt lat="24.461737" lon="111.155234"><time>2026-08-22T09:19:47.032Z</time></trkpt>
      <trkpt lat="24.461737" lon="111.155234"><time>2026-08-22T09:19:47.049Z</time></trkpt>
      <trkpt lat="24.461737" lon="111.155234"><time>2026-08-22T09:19:47.066Z</time></trkpt>
      <trkpt lat="24.461735" lon="111.15523"><time>2026-08-22T09:19:47.082Z</time></trkpt>
      <trkpt lat="24.461735" lon="111.15523"><time>2026-08-22T09:19:47.099Z</time></trkpt>
      <trkpt lat="24.461735" lon="111.15523"><time>2026-08-22T09:19:47.116Z</time></trkpt>
      <trkpt lat="24.461735" lon="111.15523"><time>2026-08-22T09:19:47.132Z</time></trkpt>
      <trkpt lat="24.461735" lon="111.15523"><time>2026-08-22T09:19:47.149Z</time></trkpt>
      <trkpt lat="24.461735" lon="111.15523"><time>2026-08-22T09:19:47.166Z</time></trkpt>
      <trkpt lat="24.461733" lon="111.155226"><time>2026-08-22T09:19:47.182Z</time></trkpt>
      <trkpt lat="24.461733" lon="111.155226"><time>2026-08-22T09:19:47.199Z</time></trkpt>
      <trkpt lat="24.461733" lon="111.155226"><time>2026-08-22T09:19:47.216Z</time></trkpt>
      <trkpt lat="24.461733" lon="111.155226"><time>2026-08-22T09:19:47.232Z</time></trkpt>
      <trkpt lat="24.461733" lon="111.155226"><time>2026-08-22T09:19:47.249Z</time></trkpt>
      <trkpt lat="24.461733" lon="111.155226"><time>2026-08-22T09:19:47.266Z</time></trkpt>
      <trkpt lat="24.461731" lon="111.155221"><time>2026-08-22T09:19:47.282Z</time></trkpt>
      <trkpt lat="24.461731" lon="111.155221"><time>2026-08-22T09:19:47.299Z</time></trkpt>
      <trkpt lat="24.461731" lon="111.155221"><time>2026-08-22T09:19:47.316Z</time></trkpt>
      <trkpt lat="24.461731" lon="111.155221"><time>2026-08-22T09:19:47.333Z</time></trkpt>
      <trkpt lat="24.461731" lon="111.155221"><time>2026-08-22T09:19:47.349Z</time></trkpt>
      <trkpt lat="24.461731" lon="111.155221"><time>2026-08-22T09:19:47.366Z</time></trkpt>
      <trkpt lat="24.461729" lon="111.155217"><time>2026-08-22T09:19:47.383Z</time></trkpt>
      <trkpt lat="24.461729" lon="111.155217"><time>2026-08-22T09:19:47.399Z</time></trkpt>
      <trkpt lat="24.461729" lon="111.155217"><time>2026-08-22T09:19:47.416Z</time></trkpt>
      <trkpt lat="24.461729" lon="111.155217"><time>2026-08-22T09:19:47.433Z</time></trkpt>
      <trkpt lat="24.461729" lon="111.155217"><time>2026-08-22T09:19:47.449Z</time></trkpt>
      <trkpt lat="24.461729" lon="111.155217"><time>2026-08-22T09:19:47.466Z</time></trkpt>
      <trkpt lat="24.461727" lon="111.155213"><time>2026-08-22T09:19:47.483Z</time></trkpt>
      <trkpt lat="24.461727" lon="111.155213"><time>2026-08-22T09:19:47.499Z</time></trkpt>
      <trkpt lat="24.461727" lon="111.155213"><time>2026-08-22T09:19:47.516Z</time></trkpt>
      <trkpt lat="24.461727" lon="111.155213"><time>2026-08-22T09:19:47.533Z</time></trkpt>
      <trkpt lat="24.461727" lon="111.155213"><time>2026-08-22T09:19:47.549Z</time></trkpt>
      <trkpt lat="24.461727" lon="111.155213"><time>2026-08-22T09:19:47.566Z</time></trkpt>
      <trkpt lat="24.461726" lon="111.155209"><time>2026-08-22T09:19:47.583Z</time></trkpt>
      <trkpt lat="24.461726" lon="111.155209"><time>2026-08-22T09:19:47.599Z</time></trkpt>
      <trkpt lat="24.461726" lon="111.155209"><time>2026-08-22T09:19:47.616Z</time></trkpt>
      <trkpt lat="24.461726" lon="111.155209"><time>2026-08-22T09:19:47.633Z</time></trkpt>
      <trkpt lat="24.461726" lon="111.155209"><time>2026-08-22T09:19:47.650Z</time></trkpt>
      <trkpt lat="24.461726" lon="111.155209"><time>2026-08-22T09:19:47.666Z</time></trkpt>
      <trkpt lat="24.461724" lon="111.155205"><time>2026-08-22T09:19:47.683Z</time></trkpt>
      <trkpt lat="24.461724" lon="111.155205"><time>2026-08-22T09:19:47.700Z</time></trkpt>
      <trkpt lat="24.461724" lon="111.155205"><time>2026-08-22T09:19:47.716Z</time></trkpt>
      <trkpt lat="24.461724" lon="111.155205"><time>2026-08-22T09:19:47.733Z</time></trkpt>
      <trkpt lat="24.461724" lon="111.155205"><time>2026-08-22T09:19:47.750Z</time></trkpt>
      <trkpt lat="24.461724" lon="111.155205"><time>2026-08-22T09:19:47.766Z</time></trkpt>
      <trkpt lat="24.461722" lon="111.155201"><time>2026-08-22T09:19:47.783Z</time></trkpt>
      <trkpt lat="24.461722" lon="111.155201"><time>2026-08-22T09:19:47.800Z</time></trkpt>
      <trkpt lat="24.461722" lon="111.155201"><time>2026-08-22T09:19:47.816Z</time></trkpt>
      <trkpt lat="24.461722" lon="111.155201"><time>2026-08-22T09:19:47.833Z</time></trkpt>
      <trkpt lat="24.461722" lon="111.155201"><time>2026-08-22T09:19:47.850Z</time></trkpt>
      <trkpt lat="24.461722" lon="111.155201"><time>2026-08-22T09:19:47.866Z</time></trkpt>
      <trkpt lat="24.46172" lon="111.155196"><time>2026-08-22T09:19:47.883Z</time></trkpt>
      <trkpt lat="24.46172" lon="111.155196"><time>2026-08-22T09:19:47.900Z</time></trkpt>
      <trkpt lat="24.46172" lon="111.155196"><time>2026-08-22T09:19:47.916Z</time></trkpt>
      <trkpt lat="24.46172" lon="111.155196"><time>2026-08-22T09:19:47.933Z</time></trkpt>
      <trkpt lat="24.46172" lon="111.155196"><time>2026-08-22T09:19:47.950Z</time></trkpt>
      <trkpt lat="24.46172" lon="111.155196"><time>2026-08-22T09:19:47.967Z</time></trkpt>
      <trkpt lat="24.461719" lon="111.155192"><time>2026-08-22T09:19:47.983Z</time></trkpt>
      <trkpt lat="24.461719" lon="111.155192"><time>2026-08-22T09:19:48.000Z</time></trkpt>
      <trkpt lat="24.461719" lon="111.155192"><time>2026-08-22T09:19:48.017Z</time></trkpt>
      <trkpt lat="24.461719" lon="111.155192"><time>2026-08-22T09:19:48.033Z</time></trkpt>
      <trkpt lat="24.461719" lon="111.155192"><time>2026-08-22T09:19:48.050Z</time></trkpt>
      <trkpt lat="24.461719" lon="111.155192"><time>2026-08-22T09:19:48.067Z</time></trkpt>
      <trkpt lat="24.461717" lon="111.155188"><time>2026-08-22T09:19:48.083Z</time></trkpt>
      <trkpt lat="24.461717" lon="111.155188"><time>2026-08-22T09:19:48.100Z</time></trkpt>
      <trkpt lat="24.461717" lon="111.155188"><time>2026-08-22T09:19:48.117Z</time></trkpt>
      <trkpt lat="24.461717" lon="111.155188"><time>2026-08-22T09:19:48.133Z</time></trkpt>
      <trkpt lat="24.461717" lon="111.155188"><time>2026-08-22T09:19:48.150Z</time></trkpt>
      <trkpt lat="24.461717" lon="111.155188"><time>2026-08-22T09:19:48.167Z</time></trkpt>
      <trkpt lat="24.461715" lon="111.155184"><time>2026-08-22T09:19:48.183Z</time></trkpt>
      <trkpt lat="24.461715" lon="111.155184"><time>2026-08-22T09:19:48.200Z</time></trkpt>
      <trkpt lat="24.461715" lon="111.155184"><time>2026-08-22T09:19:48.217Z</time></trkpt>
      <trkpt lat="24.461715" lon="111.155184"><time>2026-08-22T09:19:48.233Z</time></trkpt>
      <trkpt lat="24.461715" lon="111.155184"><time>2026-08-22T09:19:48.250Z</time></trkpt>
      <trkpt lat="24.461715" lon="111.155184"><time>2026-08-22T09:19:48.267Z</time></trkpt>
      <trkpt lat="24.461713" lon="111.155179"><time>2026-08-22T09:19:48.284Z</time></trkpt>
      <trkpt lat="24.461713" lon="111.155179"><time>2026-08-22T09:19:48.300Z</time></trkpt>
      <trkpt lat="24.461713" lon="111.155179"><time>2026-08-22T09:19:48.317Z</time></trkpt>
      <trkpt lat="24.461713" lon="111.155179"><time>2026-08-22T09:19:48.334Z</time></trkpt>
      <trkpt lat="24.461713" lon="111.155179"><time>2026-08-22T09:19:48.350Z</time></trkpt>
      <trkpt lat="24.461713" lon="111.155179"><time>2026-08-22T09:19:48.367Z</time></trkpt>
      <trkpt lat="24.461711" lon="111.155175"><time>2026-08-22T09:19:48.384Z</time></trkpt>
      <trkpt lat="24.461711" lon="111.155175"><time>2026-08-22T09:19:48.400Z</time></trkpt>
      <trkpt lat="24.461711" lon="111.155175"><time>2026-08-22T09:19:48.417Z</time></trkpt>
      <trkpt lat="24.461711" lon="111.155175"><time>2026-08-22T09:19:48.434Z</time></trkpt>
      <trkpt lat="24.461711" lon="111.155175"><time>2026-08-22T09:19:48.450Z</time></trkpt>
      <trkpt lat="24.461711" lon="111.155175"><time>2026-08-22T09:19:48.467Z</time></trkpt>
      <trkpt lat="24.461709" lon="111.155171"><time>2026-08-22T09:19:48.484Z</time></trkpt>
      <trkpt lat="24.461709" lon="111.155171"><time>2026-08-22T09:19:48.500Z</time></trkpt>
      <trkpt lat="24.461709" lon="111.155171"><time>2026-08-22T09:19:48.517Z</time></trkpt>
      <trkpt lat="24.461709" lon="111.155171"><time>2026-08-22T09:19:48.534Z</time></trkpt>
      <trkpt lat="24.461709" lon="111.155171"><time>2026-08-22T09:19:48.550Z</time></trkpt>
      <trkpt lat="24.461709" lon="111.155171"><time>2026-08-22T09:19:48.567Z</time></trkpt>
      <trkpt lat="24.461708" lon="111.155167"><time>2026-08-22T09:19:48.584Z</time></trkpt>
      <trkpt lat="24.461708" lon="111.155167"><time>2026-08-22T09:19:48.601Z</time></trkpt>
      <trkpt lat="24.461708" lon="111.155167"><time>2026-08-22T09:19:48.617Z</time></trkpt>
      <trkpt lat="24.461708" lon="111.155167"><time>2026-08-22T09:19:48.634Z</time></trkpt>
      <trkpt lat="24.461708" lon="111.155167"><time>2026-08-22T09:19:48.651Z</time></trkpt>
      <trkpt lat="24.461708" lon="111.155167"><time>2026-08-22T09:19:48.667Z</time></trkpt>
      <trkpt lat="24.461706" lon="111.155162"><time>2026-08-22T09:19:48.684Z</time></trkpt>
      <trkpt lat="24.461706" lon="111.155162"><time>2026-08-22T09:19:48.701Z</time></trkpt>
      <trkpt lat="24.461706" lon="111.155162"><time>2026-08-22T09:19:48.717Z</time></trkpt>
      <trkpt lat="24.461706" lon="111.155162"><time>2026-08-22T09:19:48.734Z</time></trkpt>
      <trkpt lat="24.461706" lon="111.155162"><time>2026-08-22T09:19:48.751Z</time></trkpt>
      <trkpt lat="24.461706" lon="111.155162"><time>2026-08-22T09:19:48.767Z</time></trkpt>
      <trkpt lat="24.461704" lon="111.155158"><time>2026-08-22T09:19:48.784Z</time></trkpt>
      <trkpt lat="24.461704" lon="111.155158"><time>2026-08-22T09:19:48.801Z</time></trkpt>
      <trkpt lat="24.461704" lon="111.155158"><time>2026-08-22T09:19:48.817Z</time></trkpt>
      <trkpt lat="24.461704" lon="111.155158"><time>2026-08-22T09:19:48.834Z</time></trkpt>
      <trkpt lat="24.461704" lon="111.155158"><time>2026-08-22T09:19:48.851Z</time></trkpt>
      <trkpt lat="24.461704" lon="111.155158"><time>2026-08-22T09:19:48.867Z</time></trkpt>
      <trkpt lat="24.461702" lon="111.155153"><time>2026-08-22T09:19:48.884Z</time></trkpt>
      <trkpt lat="24.461702" lon="111.155153"><time>2026-08-22T09:19:48.901Z</time></trkpt>
      <trkpt lat="24.461702" lon="111.155153"><time>2026-08-22T09:19:48.918Z</time></trkpt>
      <trkpt lat="24.461702" lon="111.155153"><time>2026-08-22T09:19:48.934Z</time></trkpt>
      <trkpt lat="24.461702" lon="111.155153"><time>2026-08-22T09:19:48.951Z</time></trkpt>
      <trkpt lat="24.461702" lon="111.155153"><time>2026-08-22T09:19:48.968Z</time></trkpt>
      <trkpt lat="24.461701" lon="111.155149"><time>2026-08-22T09:19:48.984Z</time></trkpt>
      <trkpt lat="24.461701" lon="111.155149"><time>2026-08-22T09:19:49.001Z</time></trkpt>
      <trkpt lat="24.461701" lon="111.155149"><time>2026-08-22T09:19:49.018Z</time></trkpt>
      <trkpt lat="24.461701" lon="111.155149"><time>2026-08-22T09:19:49.034Z</time></trkpt>
      <trkpt lat="24.461701" lon="111.155149"><time>2026-08-22T09:19:49.051Z</time></trkpt>
      <trkpt lat="24.461701" lon="111.155149"><time>2026-08-22T09:19:49.068Z</time></trkpt>
      <trkpt lat="24.461699" lon="111.155145"><time>2026-08-22T09:19:49.084Z</time></trkpt>
      <trkpt lat="24.461699" lon="111.155145"><time>2026-08-22T09:19:49.101Z</time></trkpt>
      <trkpt lat="24.461699" lon="111.155145"><time>2026-08-22T09:19:49.118Z</time></trkpt>
      <trkpt lat="24.461699" lon="111.155145"><time>2026-08-22T09:19:49.134Z</time></trkpt>
      <trkpt lat="24.461699" lon="111.155145"><time>2026-08-22T09:19:49.151Z</time></trkpt>
      <trkpt lat="24.461699" lon="111.155145"><time>2026-08-22T09:19:49.168Z</time></trkpt>
      <trkpt lat="24.461697" lon="111.155141"><time>2026-08-22T09:19:49.184Z</time></trkpt>
      <trkpt lat="24.461697" lon="111.155141"><time>2026-08-22T09:19:49.201Z</time></trkpt>
      <trkpt lat="24.461697" lon="111.155141"><time>2026-08-22T09:19:49.218Z</time></trkpt>
      <trkpt lat="24.461697" lon="111.155141"><time>2026-08-22T09:19:49.235Z</time></trkpt>
      <trkpt lat="24.461697" lon="111.155141"><time>2026-08-22T09:19:49.251Z</time></trkpt>
      <trkpt lat="24.461697" lon="111.155141"><time>2026-08-22T09:19:49.268Z</time></trkpt>
      <trkpt lat="24.461695" lon="111.155137"><time>2026-08-22T09:19:49.285Z</time></trkpt>
      <trkpt lat="24.461695" lon="111.155137"><time>2026-08-22T09:19:49.301Z</time></trkpt>
      <trkpt lat="24.461695" lon="111.155137"><time>2026-08-22T09:19:49.318Z</time></trkpt>
      <trkpt lat="24.461695" lon="111.155137"><time>2026-08-22T09:19:49.335Z</time></trkpt>
      <trkpt lat="24.461695" lon="111.155137"><time>2026-08-22T09:19:49.351Z</time></trkpt>
      <trkpt lat="24.461695" lon="111.155137"><time>2026-08-22T09:19:49.368Z</time></trkpt>
      <trkpt lat="24.461693" lon="111.155133"><time>2026-08-22T09:19:49.385Z</time></trkpt>
      <trkpt lat="24.461693" lon="111.155133"><time>2026-08-22T09:19:49.401Z</time></trkpt>
      <trkpt lat="24.461693" lon="111.155133"><time>2026-08-22T09:19:49.418Z</time></trkpt>
      <trkpt lat="24.461693" lon="111.155133"><time>2026-08-22T09:19:49.435Z</time></trkpt>
      <trkpt lat="24.461693" lon="111.155133"><time>2026-08-22T09:19:49.451Z</time></trkpt>
      <trkpt lat="24.461693" lon="111.155133"><time>2026-08-22T09:19:49.468Z</time></trkpt>
      <trkpt lat="24.461691" lon="111.155129"><time>2026-08-22T09:19:49.485Z</time></trkpt>
      <trkpt lat="24.461691" lon="111.155129"><time>2026-08-22T09:19:49.501Z</time></trkpt>
      <trkpt lat="24.461691" lon="111.155129"><time>2026-08-22T09:19:49.518Z</time></trkpt>
      <trkpt lat="24.461691" lon="111.155129"><time>2026-08-22T09:19:49.535Z</time></trkpt>
      <trkpt lat="24.461691" lon="111.155129"><time>2026-08-22T09:19:49.552Z</time></trkpt>
      <trkpt lat="24.461691" lon="111.155129"><time>2026-08-22T09:19:49.568Z</time></trkpt>
      <trkpt lat="24.46169" lon="111.155125"><time>2026-08-22T09:19:49.585Z</time></trkpt>
      <trkpt lat="24.46169" lon="111.155125"><time>2026-08-22T09:19:49.602Z</time></trkpt>
      <trkpt lat="24.46169" lon="111.155125"><time>2026-08-22T09:19:49.618Z</time></trkpt>
      <trkpt lat="24.46169" lon="111.155125"><time>2026-08-22T09:19:49.635Z</time></trkpt>
      <trkpt lat="24.46169" lon="111.155125"><time>2026-08-22T09:19:49.652Z</time></trkpt>
      <trkpt lat="24.46169" lon="111.155125"><time>2026-08-22T09:19:49.668Z</time></trkpt>
      <trkpt lat="24.461688" lon="111.155121"><time>2026-08-22T09:19:49.685Z</time></trkpt>
      <trkpt lat="24.461688" lon="111.155121"><time>2026-08-22T09:19:49.702Z</time></trkpt>
      <trkpt lat="24.461688" lon="111.155121"><time>2026-08-22T09:19:49.718Z</time></trkpt>
      <trkpt lat="24.461688" lon="111.155121"><time>2026-08-22T09:19:49.735Z</time></trkpt>
      <trkpt lat="24.461688" lon="111.155121"><time>2026-08-22T09:19:49.752Z</time></trkpt>
      <trkpt lat="24.461688" lon="111.155121"><time>2026-08-22T09:19:49.768Z</time></trkpt>
      <trkpt lat="24.461686" lon="111.155118"><time>2026-08-22T09:19:49.785Z</time></trkpt>
      <trkpt lat="24.461686" lon="111.155118"><time>2026-08-22T09:19:49.802Z</time></trkpt>
      <trkpt lat="24.461686" lon="111.155118"><time>2026-08-22T09:19:49.818Z</time></trkpt>
      <trkpt lat="24.461686" lon="111.155118"><time>2026-08-22T09:19:49.835Z</time></trkpt>
      <trkpt lat="24.461686" lon="111.155118"><time>2026-08-22T09:19:49.852Z</time></trkpt>
      <trkpt lat="24.461686" lon="111.155118"><time>2026-08-22T09:19:49.869Z</time></trkpt>
      <trkpt lat="24.461684" lon="111.155114"><time>2026-08-22T09:19:49.885Z</time></trkpt>
      <trkpt lat="24.461684" lon="111.155114"><time>2026-08-22T09:19:49.902Z</time></trkpt>
      <trkpt lat="24.461684" lon="111.155114"><time>2026-08-22T09:19:49.919Z</time></trkpt>
      <trkpt lat="24.461684" lon="111.155114"><time>2026-08-22T09:19:49.935Z</time></trkpt>
      <trkpt lat="24.461684" lon="111.155114"><time>2026-08-22T09:19:49.952Z</time></trkpt>
      <trkpt lat="24.461684" lon="111.155114"><time>2026-08-22T09:19:49.969Z</time></trkpt>
      <trkpt lat="24.461682" lon="111.155111"><time>2026-08-22T09:19:49.985Z</time></trkpt>
      <trkpt lat="24.461682" lon="111.155111"><time>2026-08-22T09:19:50.002Z</time></trkpt>
      <trkpt lat="24.461682" lon="111.155111"><time>2026-08-22T09:19:50.019Z</time></trkpt>
      <trkpt lat="24.461682" lon="111.155111"><time>2026-08-22T09:19:50.035Z</time></trkpt>
      <trkpt lat="24.461682" lon="111.155111"><time>2026-08-22T09:19:50.052Z</time></trkpt>
      <trkpt lat="24.461682" lon="111.155111"><time>2026-08-22T09:19:50.069Z</time></trkpt>
      <trkpt lat="24.461681" lon="111.155107"><time>2026-08-22T09:19:50.085Z</time></trkpt>
      <trkpt lat="24.461681" lon="111.155107"><time>2026-08-22T09:19:50.102Z</time></trkpt>
      <trkpt lat="24.461681" lon="111.155107"><time>2026-08-22T09:19:50.119Z</time></trkpt>
      <trkpt lat="24.461681" lon="111.155107"><time>2026-08-22T09:19:50.135Z</time></trkpt>
      <trkpt lat="24.461681" lon="111.155107"><time>2026-08-22T09:19:50.152Z</time></trkpt>
      <trkpt lat="24.461681" lon="111.155107"><time>2026-08-22T09:19:50.169Z</time></trkpt>
      <trkpt lat="24.461679" lon="111.155104"><time>2026-08-22T09:19:50.186Z</time></trkpt>
      <trkpt lat="24.461679" lon="111.155104"><time>2026-08-22T09:19:50.202Z</time></trkpt>
      <trkpt lat="24.461679" lon="111.155104"><time>2026-08-22T09:19:50.219Z</time></trkpt>
      <trkpt lat="24.461679" lon="111.155104"><time>2026-08-22T09:19:50.236Z</time></trkpt>
      <trkpt lat="24.461679" lon="111.155104"><time>2026-08-22T09:19:50.252Z</time></trkpt>
      <trkpt lat="24.461679" lon="111.155104"><time>2026-08-22T09:19:50.269Z</time></trkpt>
      <trkpt lat="24.461677" lon="111.155101"><time>2026-08-22T09:19:50.286Z</time></trkpt>
      <trkpt lat="24.461677" lon="111.155101"><time>2026-08-22T09:19:50.302Z</time></trkpt>
      <trkpt lat="24.461677" lon="111.155101"><time>2026-08-22T09:19:50.319Z</time></trkpt>
      <trkpt lat="24.461677" lon="111.155101"><time>2026-08-22T09:19:50.336Z</time></trkpt>
      <trkpt lat="24.461677" lon="111.155101"><time>2026-08-22T09:19:50.352Z</time></trkpt>
      <trkpt lat="24.461677" lon="111.155101"><time>2026-08-22T09:19:50.369Z</time></trkpt>
      <trkpt lat="24.461675" lon="111.155098"><time>2026-08-22T09:19:50.386Z</time></trkpt>
      <trkpt lat="24.461675" lon="111.155098"><time>2026-08-22T09:19:50.402Z</time></trkpt>
      <trkpt lat="24.461675" lon="111.155098"><time>2026-08-22T09:19:50.419Z</time></trkpt>
      <trkpt lat="24.461675" lon="111.155098"><time>2026-08-22T09:19:50.436Z</time></trkpt>
      <trkpt lat="24.461675" lon="111.155098"><time>2026-08-22T09:19:50.452Z</time></trkpt>
      <trkpt lat="24.461675" lon="111.155098"><time>2026-08-22T09:19:50.469Z</time></trkpt>
      <trkpt lat="24.461674" lon="111.155095"><time>2026-08-22T09:19:50.486Z</time></trkpt>
      <trkpt lat="24.461674" lon="111.155095"><time>2026-08-22T09:19:50.503Z</time></trkpt>
      <trkpt lat="24.461674" lon="111.155095"><time>2026-08-22T09:19:50.519Z</time></trkpt>
      <trkpt lat="24.461674" lon="111.155095"><time>2026-08-22T09:19:50.536Z</time></trkpt>
      <trkpt lat="24.461674" lon="111.155095"><time>2026-08-22T09:19:50.553Z</time></trkpt>
      <trkpt lat="24.461674" lon="111.155095"><time>2026-08-22T09:19:50.569Z</time></trkpt>
      <trkpt lat="24.461672" lon="111.155092"><time>2026-08-22T09:19:50.586Z</time></trkpt>
      <trkpt lat="24.461672" lon="111.155092"><time>2026-08-22T09:19:50.603Z</time></trkpt>
      <trkpt lat="24.461672" lon="111.155092"><time>2026-08-22T09:19:50.619Z</time></trkpt>
      <trkpt lat="24.461672" lon="111.155092"><time>2026-08-22T09:19:50.636Z</time></trkpt>
      <trkpt lat="24.461672" lon="111.155092"><time>2026-08-22T09:19:50.653Z</time></trkpt>
      <trkpt lat="24.461672" lon="111.155092"><time>2026-08-22T09:19:50.669Z</time></trkpt>
      <trkpt lat="24.461671" lon="111.155089"><time>2026-08-22T09:19:50.686Z</time></trkpt>
      <trkpt lat="24.461671" lon="111.155089"><time>2026-08-22T09:19:50.703Z</time></trkpt>
      <trkpt lat="24.461671" lon="111.155089"><time>2026-08-22T09:19:50.719Z</time></trkpt>
      <trkpt lat="24.461671" lon="111.155089"><time>2026-08-22T09:19:50.736Z</time></trkpt>
      <trkpt lat="24.461671" lon="111.155089"><time>2026-08-22T09:19:50.753Z</time></trkpt>
      <trkpt lat="24.461671" lon="111.155089"><time>2026-08-22T09:19:50.769Z</time></trkpt>
      <trkpt lat="24.461669" lon="111.155087"><time>2026-08-22T09:19:50.786Z</time></trkpt>
      <trkpt lat="24.461669" lon="111.155087"><time>2026-08-22T09:19:50.803Z</time></trkpt>
      <trkpt lat="24.461669" lon="111.155087"><time>2026-08-22T09:19:50.820Z</time></trkpt>
      <trkpt lat="24.461669" lon="111.155087"><time>2026-08-22T09:19:50.836Z</time></trkpt>
      <trkpt lat="24.461669" lon="111.155087"><time>2026-08-22T09:19:50.853Z</time></trkpt>
      <trkpt lat="24.461669" lon="111.155087"><time>2026-08-22T09:19:50.870Z</time></trkpt>
      <trkpt lat="24.461668" lon="111.155085"><time>2026-08-22T09:19:50.886Z</time></trkpt>
      <trkpt lat="24.461668" lon="111.155085"><time>2026-08-22T09:19:50.903Z</time></trkpt>
      <trkpt lat="24.461668" lon="111.155085"><time>2026-08-22T09:19:50.920Z</time></trkpt>
      <trkpt lat="24.461668" lon="111.155085"><time>2026-08-22T09:19:50.936Z</time></trkpt>
      <trkpt lat="24.461668" lon="111.155085"><time>2026-08-22T09:19:50.953Z</time></trkpt>
      <trkpt lat="24.461668" lon="111.155085"><time>2026-08-22T09:19:50.970Z</time></trkpt>
      <trkpt lat="24.461667" lon="111.155084"><time>2026-08-22T09:19:50.986Z</time></trkpt>
      <trkpt lat="24.461667" lon="111.155084"><time>2026-08-22T09:19:51.003Z</time></trkpt>
      <trkpt lat="24.461667" lon="111.155084"><time>2026-08-22T09:19:51.020Z</time></trkpt>
      <trkpt lat="24.461667" lon="111.155084"><time>2026-08-22T09:19:51.036Z</time></trkpt>
      <trkpt lat="24.461667" lon="111.155084"><time>2026-08-22T09:19:51.053Z</time></trkpt>
      <trkpt lat="24.461667" lon="111.155084"><time>2026-08-22T09:19:51.070Z</time></trkpt>
      <trkpt lat="24.461666" lon="111.155082"><time>2026-08-22T09:19:51.086Z</time></trkpt>
      <trkpt lat="24.461666" lon="111.155082"><time>2026-08-22T09:19:51.103Z</time></trkpt>
      <trkpt lat="24.461666" lon="111.155082"><time>2026-08-22T09:19:51.120Z</time></trkpt>
      <trkpt lat="24.461666" lon="111.155082"><time>2026-08-22T09:19:51.137Z</time></trkpt>
      <trkpt lat="24.461666" lon="111.155082"><time>2026-08-22T09:19:51.153Z</time></trkpt>
      <trkpt lat="24.461666" lon="111.155082"><time>2026-08-22T09:19:51.170Z</time></trkpt>
      <trkpt lat="24.461665" lon="111.155082"><time>2026-08-22T09:19:51.187Z</time></trkpt>
      <trkpt lat="24.461665" lon="111.155082"><time>2026-08-22T09:19:51.203Z</time></trkpt>
      <trkpt lat="24.461665" lon="111.155082"><time>2026-08-22T09:19:51.220Z</time></trkpt>
      <trkpt lat="24.461665" lon="111.155082"><time>2026-08-22T09:19:51.237Z</time></trkpt>
      <trkpt lat="24.461665" lon="111.155082"><time>2026-08-22T09:19:51.253Z</time></trkpt>
      <trkpt lat="24.461665" lon="111.155082"><time>2026-08-22T09:19:51.270Z</time></trkpt>
      <trkpt lat="24.461665" lon="111.155081"><time>2026-08-22T09:19:51.287Z</time></trkpt>
      <trkpt lat="24.461665" lon="111.155081"><time>2026-08-22T09:19:51.303Z</time></trkpt>
      <trkpt lat="24.461665" lon="111.155081"><time>2026-08-22T09:19:51.320Z</time></trkpt>
      <trkpt lat="24.461665" lon="111.155081"><time>2026-08-22T09:19:51.337Z</time></trkpt>
      <trkpt lat="24.461665" lon="111.155081"><time>2026-08-22T09:19:51.353Z</time></trkpt>
      <trkpt lat="24.461665" lon="111.155081"><time>2026-08-22T09:19:51.370Z</time></trkpt>
      <trkpt lat="24.461664" lon="111.155081"><time>2026-08-22T09:19:51.387Z</time></trkpt>
      <trkpt lat="24.461664" lon="111.155081"><time>2026-08-22T09:19:51.403Z</time></trkpt>
      <trkpt lat="24.461664" lon="111.155081"><time>2026-08-22T09:19:51.420Z</time></trkpt>
      <trkpt lat="24.461664" lon="111.155081"><time>2026-08-22T09:19:51.437Z</time></trkpt>
      <trkpt lat="24.461664" lon="111.155081"><time>2026-08-22T09:19:51.453Z</time></trkpt>
      <trkpt lat="24.461664" lon="111.155081"><time>2026-08-22T09:19:51.470Z</time></trkpt>
      <trkpt lat="24.461664" lon="111.155081"><time>2026-08-22T09:19:51.487Z</time></trkpt>
      <trkpt lat="24.461664" lon="111.155081"><time>2026-08-22T09:19:51.504Z</time></trkpt>
      <trkpt lat="24.461664" lon="111.155081"><time>2026-08-22T09:19:51.520Z</time></trkpt>
      <trkpt lat="24.461664" lon="111.155081"><time>2026-08-22T09:19:51.537Z</time></trkpt>
      <trkpt lat="24.461664" lon="111.155081"><time>2026-08-22T09:19:51.554Z</time></trkpt>
      <trkpt lat="24.461664" lon="111.155081"><time>2026-08-22T09:19:51.570Z</time></trkpt>
      <trkpt lat="24.461664" lon="111.155082"><time>2026-08-22T09:19:51.587Z</time></trkpt>
      <trkpt lat="24.461664" lon="111.155082"><time>2026-08-22T09:19:51.604Z</time></trkpt>
      <trkpt lat="24.461664" lon="111.155082"><time>2026-08-22T09:19:51.620Z</time></trkpt>
      <trkpt lat="24.461664" lon="111.155082"><time>2026-08-22T09:19:51.637Z</time></trkpt>
      <trkpt lat="24.461664" lon="111.155082"><time>2026-08-22T09:19:51.654Z</time></trkpt>
      <trkpt lat="24.461664" lon="111.155082"><time>2026-08-22T09:19:51.670Z</time></trkpt>
      <trkpt lat="24.461664" lon="111.155082"><time>2026-08-22T09:19:51.687Z</time></trkpt>
      <trkpt lat="24.461664" lon="111.155082"><time>2026-08-22T09:19:51.704Z</time></trkpt>
      <trkpt lat="24.461664" lon="111.155082"><time>2026-08-22T09:19:51.720Z</time></trkpt>
      <trkpt lat="24.461664" lon="111.155082"><time>2026-08-22T09:19:51.737Z</time></trkpt>
      <trkpt lat="24.461664" lon="111.155082"><time>2026-08-22T09:19:51.754Z</time></trkpt>
      <trkpt lat="24.461664" lon="111.155082"><time>2026-08-22T09:19:51.770Z</time></trkpt>
      <trkpt lat="24.461664" lon="111.155083"><time>2026-08-22T09:19:51.787Z</time></trkpt>
      <trkpt lat="24.461664" lon="111.155083"><time>2026-08-22T09:19:51.804Z</time></trkpt>
      <trkpt lat="24.461664" lon="111.155083"><time>2026-08-22T09:19:51.821Z</time></trkpt>
      <trkpt lat="24.461664" lon="111.155083"><time>2026-08-22T09:19:51.837Z</time></trkpt>
      <trkpt lat="24.461664" lon="111.155083"><time>2026-08-22T09:19:51.854Z</time></trkpt>
      <trkpt lat="24.461664" lon="111.155083"><time>2026-08-22T09:19:51.871Z</time></trkpt>
      <trkpt lat="24.461664" lon="111.155084"><time>2026-08-22T09:19:51.887Z</time></trkpt>
      <trkpt lat="24.461664" lon="111.155084"><time>2026-08-22T09:19:51.904Z</time></trkpt>
      <trkpt lat="24.461664" lon="111.155084"><time>2026-08-22T09:19:51.921Z</time></trkpt>
      <trkpt lat="24.461664" lon="111.155084"><time>2026-08-22T09:19:51.937Z</time></trkpt>
      <trkpt lat="24.461664" lon="111.155084"><time>2026-08-22T09:19:51.954Z</time></trkpt>
      <trkpt lat="24.461664" lon="111.155084"><time>2026-08-22T09:19:51.971Z</time></trkpt>
      <trkpt lat="24.461664" lon="111.155085"><time>2026-08-22T09:19:51.987Z</time></trkpt>
      <trkpt lat="24.461664" lon="111.155085"><time>2026-08-22T09:19:52.004Z</time></trkpt>
      <trkpt lat="24.461664" lon="111.155085"><time>2026-08-22T09:19:52.021Z</time></trkpt>
      <trkpt lat="24.461664" lon="111.155085"><time>2026-08-22T09:19:52.037Z</time></trkpt>
      <trkpt lat="24.461664" lon="111.155085"><time>2026-08-22T09:19:52.054Z</time></trkpt>
      <trkpt lat="24.461664" lon="111.155085"><time>2026-08-22T09:19:52.071Z</time></trkpt>
      <trkpt lat="24.461665" lon="111.155086"><time>2026-08-22T09:19:52.087Z</time></trkpt>
      <trkpt lat="24.461665" lon="111.155086"><time>2026-08-22T09:19:52.104Z</time></trkpt>
      <trkpt lat="24.461665" lon="111.155086"><time>2026-08-22T09:19:52.121Z</time></trkpt>
      <trkpt lat="24.461665" lon="111.155086"><time>2026-08-22T09:19:52.138Z</time></trkpt>
      <trkpt lat="24.461665" lon="111.155086"><time>2026-08-22T09:19:52.154Z</time></trkpt>
      <trkpt lat="24.461665" lon="111.155086"><time>2026-08-22T09:19:52.171Z</time></trkpt>
      <trkpt lat="24.461666" lon="111.155088"><time>2026-08-22T09:19:52.188Z</time></trkpt>
      <trkpt lat="24.461666" lon="111.155088"><time>2026-08-22T09:19:52.204Z</time></trkpt>
      <trkpt lat="24.461666" lon="111.155088"><time>2026-08-22T09:19:52.221Z</time></trkpt>
      <trkpt lat="24.461666" lon="111.155088"><time>2026-08-22T09:19:52.238Z</time></trkpt>
      <trkpt lat="24.461666" lon="111.155088"><time>2026-08-22T09:19:52.254Z</time></trkpt>
      <trkpt lat="24.461666" lon="111.155088"><time>2026-08-22T09:19:52.271Z</time></trkpt>
      <trkpt lat="24.461667" lon="111.155089"><time>2026-08-22T09:19:52.288Z</time></trkpt>
      <trkpt lat="24.461667" lon="111.155089"><time>2026-08-22T09:19:52.304Z</time></trkpt>
      <trkpt lat="24.461667" lon="111.155089"><time>2026-08-22T09:19:52.321Z</time></trkpt>
      <trkpt lat="24.461667" lon="111.155089"><time>2026-08-22T09:19:52.338Z</time></trkpt>
      <trkpt lat="24.461667" lon="111.155089"><time>2026-08-22T09:19:52.354Z</time></trkpt>
      <trkpt lat="24.461667" lon="111.155089"><time>2026-08-22T09:19:52.371Z</time></trkpt>
      <trkpt lat="24.461668" lon="111.155091"><time>2026-08-22T09:19:52.388Z</time></trkpt>
      <trkpt lat="24.461668" lon="111.155091"><time>2026-08-22T09:19:52.404Z</time></trkpt>
      <trkpt lat="24.461668" lon="111.155091"><time>2026-08-22T09:19:52.421Z</time></trkpt>
      <trkpt lat="24.461668" lon="111.155091"><time>2026-08-22T09:19:52.438Z</time></trkpt>
      <trkpt lat="24.461668" lon="111.155091"><time>2026-08-22T09:19:52.455Z</time></trkpt>
      <trkpt lat="24.461668" lon="111.155091"><time>2026-08-22T09:19:52.471Z</time></trkpt>
      <trkpt lat="24.461669" lon="111.155093"><time>2026-08-22T09:19:52.488Z</time></trkpt>
      <trkpt lat="24.461669" lon="111.155093"><time>2026-08-22T09:19:52.505Z</time></trkpt>
      <trkpt lat="24.461669" lon="111.155093"><time>2026-08-22T09:19:52.521Z</time></trkpt>
      <trkpt lat="24.461669" lon="111.155093"><time>2026-08-22T09:19:52.538Z</time></trkpt>
      <trkpt lat="24.461669" lon="111.155093"><time>2026-08-22T09:19:52.555Z</time></trkpt>
      <trkpt lat="24.461669" lon="111.155093"><time>2026-08-22T09:19:52.571Z</time></trkpt>
      <trkpt lat="24.461671" lon="111.155094"><time>2026-08-22T09:19:52.588Z</time></trkpt>
      <trkpt lat="24.461671" lon="111.155094"><time>2026-08-22T09:19:52.605Z</time></trkpt>
      <trkpt lat="24.461671" lon="111.155094"><time>2026-08-22T09:19:52.621Z</time></trkpt>
      <trkpt lat="24.461671" lon="111.155094"><time>2026-08-22T09:19:52.638Z</time></trkpt>
      <trkpt lat="24.461671" lon="111.155094"><time>2026-08-22T09:19:52.655Z</time></trkpt>
      <trkpt lat="24.461671" lon="111.155094"><time>2026-08-22T09:19:52.671Z</time></trkpt>
      <trkpt lat="24.461672" lon="111.155096"><time>2026-08-22T09:19:52.688Z</time></trkpt>
      <trkpt lat="24.461672" lon="111.155096"><time>2026-08-22T09:19:52.705Z</time></trkpt>
      <trkpt lat="24.461672" lon="111.155096"><time>2026-08-22T09:19:52.721Z</time></trkpt>
      <trkpt lat="24.461672" lon="111.155096"><time>2026-08-22T09:19:52.738Z</time></trkpt>
      <trkpt lat="24.461672" lon="111.155096"><time>2026-08-22T09:19:52.755Z</time></trkpt>
      <trkpt lat="24.461672" lon="111.155096"><time>2026-08-22T09:19:52.772Z</time></trkpt>
      <trkpt lat="24.461674" lon="111.155098"><time>2026-08-22T09:19:52.788Z</time></trkpt>
      <trkpt lat="24.461674" lon="111.155098"><time>2026-08-22T09:19:52.805Z</time></trkpt>
      <trkpt lat="24.461674" lon="111.155098"><time>2026-08-22T09:19:52.822Z</time></trkpt>
      <trkpt lat="24.461674" lon="111.155098"><time>2026-08-22T09:19:52.838Z</time></trkpt>
      <trkpt lat="24.461674" lon="111.155098"><time>2026-08-22T09:19:52.855Z</time></trkpt>
      <trkpt lat="24.461674" lon="111.155098"><time>2026-08-22T09:19:52.872Z</time></trkpt>
      <trkpt lat="24.461676" lon="111.1551"><time>2026-08-22T09:19:52.888Z</time></trkpt>
      <trkpt lat="24.461676" lon="111.1551"><time>2026-08-22T09:19:52.905Z</time></trkpt>
      <trkpt lat="24.461676" lon="111.1551"><time>2026-08-22T09:19:52.922Z</time></trkpt>
      <trkpt lat="24.461676" lon="111.1551"><time>2026-08-22T09:19:52.938Z</time></trkpt>
      <trkpt lat="24.461676" lon="111.1551"><time>2026-08-22T09:19:52.955Z</time></trkpt>
      <trkpt lat="24.461676" lon="111.1551"><time>2026-08-22T09:19:52.972Z</time></trkpt>
      <trkpt lat="24.461679" lon="111.155101"><time>2026-08-22T09:19:52.988Z</time></trkpt>
      <trkpt lat="24.461679" lon="111.155101"><time>2026-08-22T09:19:53.005Z</time></trkpt>
      <trkpt lat="24.461679" lon="111.155101"><time>2026-08-22T09:19:53.022Z</time></trkpt>
      <trkpt lat="24.461679" lon="111.155101"><time>2026-08-22T09:19:53.038Z</time></trkpt>
      <trkpt lat="24.461679" lon="111.155101"><time>2026-08-22T09:19:53.055Z</time></trkpt>
      <trkpt lat="24.461679" lon="111.155101"><time>2026-08-22T09:19:53.072Z</time></trkpt>
      <trkpt lat="24.461681" lon="111.155103"><time>2026-08-22T09:19:53.089Z</time></trkpt>
      <trkpt lat="24.461681" lon="111.155103"><time>2026-08-22T09:19:53.105Z</time></trkpt>
      <trkpt lat="24.461681" lon="111.155103"><time>2026-08-22T09:19:53.122Z</time></trkpt>
      <trkpt lat="24.461681" lon="111.155103"><time>2026-08-22T09:19:53.139Z</time></trkpt>
      <trkpt lat="24.461681" lon="111.155103"><time>2026-08-22T09:19:53.155Z</time></trkpt>
      <trkpt lat="24.461681" lon="111.155103"><time>2026-08-22T09:19:53.172Z</time></trkpt>
      <trkpt lat="24.461684" lon="111.155105"><time>2026-08-22T09:19:53.189Z</time></trkpt>
      <trkpt lat="24.461684" lon="111.155105"><time>2026-08-22T09:19:53.205Z</time></trkpt>
      <trkpt lat="24.461684" lon="111.155105"><time>2026-08-22T09:19:53.222Z</time></trkpt>
      <trkpt lat="24.461684" lon="111.155105"><time>2026-08-22T09:19:53.239Z</time></trkpt>
      <trkpt lat="24.461684" lon="111.155105"><time>2026-08-22T09:19:53.255Z</time></trkpt>
      <trkpt lat="24.461684" lon="111.155105"><time>2026-08-22T09:19:53.272Z</time></trkpt>
      <trkpt lat="24.461687" lon="111.155106"><time>2026-08-22T09:19:53.289Z</time></trkpt>
      <trkpt lat="24.461687" lon="111.155106"><time>2026-08-22T09:19:53.305Z</time></trkpt>
      <trkpt lat="24.461687" lon="111.155106"><time>2026-08-22T09:19:53.322Z</time></trkpt>
      <trkpt lat="24.461687" lon="111.155106"><time>2026-08-22T09:19:53.339Z</time></trkpt>
      <trkpt lat="24.461687" lon="111.155106"><time>2026-08-22T09:19:53.355Z</time></trkpt>
      <trkpt lat="24.461687" lon="111.155106"><time>2026-08-22T09:19:53.372Z</time></trkpt>
      <trkpt lat="24.46169" lon="111.155108"><time>2026-08-22T09:19:53.389Z</time></trkpt>
      <trkpt lat="24.46169" lon="111.155108"><time>2026-08-22T09:19:53.406Z</time></trkpt>
      <trkpt lat="24.46169" lon="111.155108"><time>2026-08-22T09:19:53.422Z</time></trkpt>
      <trkpt lat="24.46169" lon="111.155108"><time>2026-08-22T09:19:53.439Z</time></trkpt>
      <trkpt lat="24.46169" lon="111.155108"><time>2026-08-22T09:19:53.456Z</time></trkpt>
      <trkpt lat="24.46169" lon="111.155108"><time>2026-08-22T09:19:53.472Z</time></trkpt>
      <trkpt lat="24.461693" lon="111.155109"><time>2026-08-22T09:19:53.489Z</time></trkpt>
      <trkpt lat="24.461693" lon="111.155109"><time>2026-08-22T09:19:53.506Z</time></trkpt>
      <trkpt lat="24.461693" lon="111.155109"><time>2026-08-22T09:19:53.522Z</time></trkpt>
      <trkpt lat="24.461693" lon="111.155109"><time>2026-08-22T09:19:53.539Z</time></trkpt>
      <trkpt lat="24.461693" lon="111.155109"><time>2026-08-22T09:19:53.556Z</time></trkpt>
      <trkpt lat="24.461693" lon="111.155109"><time>2026-08-22T09:19:53.572Z</time></trkpt>
      <trkpt lat="24.461696" lon="111.155111"><time>2026-08-22T09:19:53.589Z</time></trkpt>
      <trkpt lat="24.461696" lon="111.155111"><time>2026-08-22T09:19:53.606Z</time></trkpt>
      <trkpt lat="24.461696" lon="111.155111"><time>2026-08-22T09:19:53.622Z</time></trkpt>
      <trkpt lat="24.461696" lon="111.155111"><time>2026-08-22T09:19:53.639Z</time></trkpt>
      <trkpt lat="24.461696" lon="111.155111"><time>2026-08-22T09:19:53.656Z</time></trkpt>
      <trkpt lat="24.461696" lon="111.155111"><time>2026-08-22T09:19:53.672Z</time></trkpt>
      <trkpt lat="24.4617" lon="111.155112"><time>2026-08-22T09:19:53.689Z</time></trkpt>
      <trkpt lat="24.4617" lon="111.155112"><time>2026-08-22T09:19:53.706Z</time></trkpt>
      <trkpt lat="24.4617" lon="111.155112"><time>2026-08-22T09:19:53.723Z</time></trkpt>
      <trkpt lat="24.4617" lon="111.155112"><time>2026-08-22T09:19:53.739Z</time></trkpt>
      <trkpt lat="24.4617" lon="111.155112"><time>2026-08-22T09:19:53.756Z</time></trkpt>
      <trkpt lat="24.4617" lon="111.155112"><time>2026-08-22T09:19:53.773Z</time></trkpt>
      <trkpt lat="24.461704" lon="111.155113"><time>2026-08-22T09:19:53.789Z</time></trkpt>
      <trkpt lat="24.461704" lon="111.155113"><time>2026-08-22T09:19:53.806Z</time></trkpt>
      <trkpt lat="24.461704" lon="111.155113"><time>2026-08-22T09:19:53.823Z</time></trkpt>
      <trkpt lat="24.461704" lon="111.155113"><time>2026-08-22T09:19:53.839Z</time></trkpt>
      <trkpt lat="24.461704" lon="111.155113"><time>2026-08-22T09:19:53.856Z</time></trkpt>
      <trkpt lat="24.461704" lon="111.155113"><time>2026-08-22T09:19:53.873Z</time></trkpt>
      <trkpt lat="24.461708" lon="111.155114"><time>2026-08-22T09:19:53.889Z</time></trkpt>
      <trkpt lat="24.461708" lon="111.155114"><time>2026-08-22T09:19:53.906Z</time></trkpt>
      <trkpt lat="24.461708" lon="111.155114"><time>2026-08-22T09:19:53.923Z</time></trkpt>
      <trkpt lat="24.461708" lon="111.155114"><time>2026-08-22T09:19:53.939Z</time></trkpt>
      <trkpt lat="24.461708" lon="111.155114"><time>2026-08-22T09:19:53.956Z</time></trkpt>
      <trkpt lat="24.461708" lon="111.155114"><time>2026-08-22T09:19:53.973Z</time></trkpt>
      <trkpt lat="24.461712" lon="111.155115"><time>2026-08-22T09:19:53.989Z</time></trkpt>
      <trkpt lat="24.461712" lon="111.155115"><time>2026-08-22T09:19:54.006Z</time></trkpt>
      <trkpt lat="24.461712" lon="111.155115"><time>2026-08-22T09:19:54.023Z</time></trkpt>
      <trkpt lat="24.461712" lon="111.155115"><time>2026-08-22T09:19:54.040Z</time></trkpt>
      <trkpt lat="24.461712" lon="111.155115"><time>2026-08-22T09:19:54.056Z</time></trkpt>
      <trkpt lat="24.461712" lon="111.155115"><time>2026-08-22T09:19:54.073Z</time></trkpt>
      <trkpt lat="24.461717" lon="111.155116"><time>2026-08-22T09:19:54.090Z</time></trkpt>
      <trkpt lat="24.461717" lon="111.155116"><time>2026-08-22T09:19:54.106Z</time></trkpt>
      <trkpt lat="24.461717" lon="111.155116"><time>2026-08-22T09:19:54.123Z</time></trkpt>
      <trkpt lat="24.461717" lon="111.155116"><time>2026-08-22T09:19:54.140Z</time></trkpt>
      <trkpt lat="24.461717" lon="111.155116"><time>2026-08-22T09:19:54.156Z</time></trkpt>
      <trkpt lat="24.461717" lon="111.155116"><time>2026-08-22T09:19:54.173Z</time></trkpt>
      <trkpt lat="24.461721" lon="111.155116"><time>2026-08-22T09:19:54.190Z</time></trkpt>
      <trkpt lat="24.461721" lon="111.155116"><time>2026-08-22T09:19:54.206Z</time></trkpt>
      <trkpt lat="24.461721" lon="111.155116"><time>2026-08-22T09:19:54.223Z</time></trkpt>
      <trkpt lat="24.461721" lon="111.155116"><time>2026-08-22T09:19:54.240Z</time></trkpt>
      <trkpt lat="24.461721" lon="111.155116"><time>2026-08-22T09:19:54.256Z</time></trkpt>
      <trkpt lat="24.461721" lon="111.155116"><time>2026-08-22T09:19:54.273Z</time></trkpt>
      <trkpt lat="24.461726" lon="111.155117"><time>2026-08-22T09:19:54.290Z</time></trkpt>
      <trkpt lat="24.461726" lon="111.155117"><time>2026-08-22T09:19:54.306Z</time></trkpt>
      <trkpt lat="24.461726" lon="111.155117"><time>2026-08-22T09:19:54.323Z</time></trkpt>
      <trkpt lat="24.461726" lon="111.155117"><time>2026-08-22T09:19:54.340Z</time></trkpt>
      <trkpt lat="24.461726" lon="111.155117"><time>2026-08-22T09:19:54.357Z</time></trkpt>
      <trkpt lat="24.461726" lon="111.155117"><time>2026-08-22T09:19:54.373Z</time></trkpt>
      <trkpt lat="24.461731" lon="111.155117"><time>2026-08-22T09:19:54.390Z</time></trkpt>
      <trkpt lat="24.461731" lon="111.155117"><time>2026-08-22T09:19:54.407Z</time></trkpt>
      <trkpt lat="24.461731" lon="111.155117"><time>2026-08-22T09:19:54.423Z</time></trkpt>
      <trkpt lat="24.461731" lon="111.155117"><time>2026-08-22T09:19:54.440Z</time></trkpt>
      <trkpt lat="24.461731" lon="111.155117"><time>2026-08-22T09:19:54.457Z</time></trkpt>
      <trkpt lat="24.461731" lon="111.155117"><time>2026-08-22T09:19:54.473Z</time></trkpt>
      <trkpt lat="24.461737" lon="111.155116"><time>2026-08-22T09:19:54.490Z</time></trkpt>
      <trkpt lat="24.461737" lon="111.155116"><time>2026-08-22T09:19:54.507Z</time></trkpt>
      <trkpt lat="24.461737" lon="111.155116"><time>2026-08-22T09:19:54.523Z</time></trkpt>
      <trkpt lat="24.461737" lon="111.155116"><time>2026-08-22T09:19:54.540Z</time></trkpt>
      <trkpt lat="24.461737" lon="111.155116"><time>2026-08-22T09:19:54.557Z</time></trkpt>
      <trkpt lat="24.461737" lon="111.155116"><time>2026-08-22T09:19:54.573Z</time></trkpt>
      <trkpt lat="24.461742" lon="111.155116"><time>2026-08-22T09:19:54.590Z</time></trkpt>
      <trkpt lat="24.461742" lon="111.155116"><time>2026-08-22T09:19:54.607Z</time></trkpt>
      <trkpt lat="24.461742" lon="111.155116"><time>2026-08-22T09:19:54.623Z</time></trkpt>
      <trkpt lat="24.461742" lon="111.155116"><time>2026-08-22T09:19:54.640Z</time></trkpt>
      <trkpt lat="24.461742" lon="111.155116"><time>2026-08-22T09:19:54.657Z</time></trkpt>
      <trkpt lat="24.461742" lon="111.155116"><time>2026-08-22T09:19:54.674Z</time></trkpt>
      <trkpt lat="24.461748" lon="111.155115"><time>2026-08-22T09:19:54.690Z</time></trkpt>
      <trkpt lat="24.461748" lon="111.155115"><time>2026-08-22T09:19:54.707Z</time></trkpt>
      <trkpt lat="24.461748" lon="111.155115"><time>2026-08-22T09:19:54.724Z</time></trkpt>
      <trkpt lat="24.461748" lon="111.155115"><time>2026-08-22T09:19:54.740Z</time></trkpt>
      <trkpt lat="24.461748" lon="111.155115"><time>2026-08-22T09:19:54.757Z</time></trkpt>
      <trkpt lat="24.461748" lon="111.155115"><time>2026-08-22T09:19:54.774Z</time></trkpt>
      <trkpt lat="24.461753" lon="111.155114"><time>2026-08-22T09:19:54.790Z</time></trkpt>
      <trkpt lat="24.461753" lon="111.155114"><time>2026-08-22T09:19:54.807Z</time></trkpt>
      <trkpt lat="24.461753" lon="111.155114"><time>2026-08-22T09:19:54.824Z</time></trkpt>
      <trkpt lat="24.461753" lon="111.155114"><time>2026-08-22T09:19:54.840Z</time></trkpt>
      <trkpt lat="24.461753" lon="111.155114"><time>2026-08-22T09:19:54.857Z</time></trkpt>
      <trkpt lat="24.461753" lon="111.155114"><time>2026-08-22T09:19:54.874Z</time></trkpt>
      <trkpt lat="24.461759" lon="111.155113"><time>2026-08-22T09:19:54.890Z</time></trkpt>
      <trkpt lat="24.461759" lon="111.155113"><time>2026-08-22T09:19:54.907Z</time></trkpt>
      <trkpt lat="24.461759" lon="111.155113"><time>2026-08-22T09:19:54.924Z</time></trkpt>
      <trkpt lat="24.461759" lon="111.155113"><time>2026-08-22T09:19:54.940Z</time></trkpt>
      <trkpt lat="24.461759" lon="111.155113"><time>2026-08-22T09:19:54.957Z</time></trkpt>
      <trkpt lat="24.461759" lon="111.155113"><time>2026-08-22T09:19:54.974Z</time></trkpt>
      <trkpt lat="24.461765" lon="111.155111"><time>2026-08-22T09:19:54.991Z</time></trkpt>
      <trkpt lat="24.461765" lon="111.155111"><time>2026-08-22T09:19:55.007Z</time></trkpt>
      <trkpt lat="24.461765" lon="111.155111"><time>2026-08-22T09:19:55.024Z</time></trkpt>
      <trkpt lat="24.461765" lon="111.155111"><time>2026-08-22T09:19:55.041Z</time></trkpt>
      <trkpt lat="24.461765" lon="111.155111"><time>2026-08-22T09:19:55.057Z</time></trkpt>
      <trkpt lat="24.461765" lon="111.155111"><time>2026-08-22T09:19:55.074Z</time></trkpt>
      <trkpt lat="24.461771" lon="111.155109"><time>2026-08-22T09:19:55.091Z</time></trkpt>
      <trkpt lat="24.461771" lon="111.155109"><time>2026-08-22T09:19:55.107Z</time></trkpt>
      <trkpt lat="24.461771" lon="111.155109"><time>2026-08-22T09:19:55.124Z</time></trkpt>
      <trkpt lat="24.461771" lon="111.155109"><time>2026-08-22T09:19:55.141Z</time></trkpt>
      <trkpt lat="24.461771" lon="111.155109"><time>2026-08-22T09:19:55.157Z</time></trkpt>
      <trkpt lat="24.461771" lon="111.155109"><time>2026-08-22T09:19:55.174Z</time></trkpt>
      <trkpt lat="24.461777" lon="111.155107"><time>2026-08-22T09:19:55.191Z</time></trkpt>
      <trkpt lat="24.461777" lon="111.155107"><time>2026-08-22T09:19:55.207Z</time></trkpt>
      <trkpt lat="24.461777" lon="111.155107"><time>2026-08-22T09:19:55.224Z</time></trkpt>
      <trkpt lat="24.461777" lon="111.155107"><time>2026-08-22T09:19:55.241Z</time></trkpt>
      <trkpt lat="24.461777" lon="111.155107"><time>2026-08-22T09:19:55.257Z</time></trkpt>
      <trkpt lat="24.461777" lon="111.155107"><time>2026-08-22T09:19:55.274Z</time></trkpt>
      <trkpt lat="24.461784" lon="111.155104"><time>2026-08-22T09:19:55.291Z</time></trkpt>
      <trkpt lat="24.461784" lon="111.155104"><time>2026-08-22T09:19:55.308Z</time></trkpt>
      <trkpt lat="24.461784" lon="111.155104"><time>2026-08-22T09:19:55.324Z</time></trkpt>
      <trkpt lat="24.461784" lon="111.155104"><time>2026-08-22T09:19:55.341Z</time></trkpt>
      <trkpt lat="24.461784" lon="111.155104"><time>2026-08-22T09:19:55.358Z</time></trkpt>
      <trkpt lat="24.461784" lon="111.155104"><time>2026-08-22T09:19:55.374Z</time></trkpt>
      <trkpt lat="24.461789" lon="111.155101"><time>2026-08-22T09:19:55.391Z</time></trkpt>
      <trkpt lat="24.461789" lon="111.155101"><time>2026-08-22T09:19:55.408Z</time></trkpt>
      <trkpt lat="24.461789" lon="111.155101"><time>2026-08-22T09:19:55.424Z</time></trkpt>
      <trkpt lat="24.461789" lon="111.155101"><time>2026-08-22T09:19:55.441Z</time></trkpt>
      <trkpt lat="24.461789" lon="111.155101"><time>2026-08-22T09:19:55.458Z</time></trkpt>
      <trkpt lat="24.461789" lon="111.155101"><time>2026-08-22T09:19:55.474Z</time></trkpt>
      <trkpt lat="24.461796" lon="111.155097"><time>2026-08-22T09:19:55.491Z</time></trkpt>
      <trkpt lat="24.461796" lon="111.155097"><time>2026-08-22T09:19:55.508Z</time></trkpt>
      <trkpt lat="24.461796" lon="111.155097"><time>2026-08-22T09:19:55.524Z</time></trkpt>
      <trkpt lat="24.461796" lon="111.155097"><time>2026-08-22T09:19:55.541Z</time></trkpt>
      <trkpt lat="24.461796" lon="111.155097"><time>2026-08-22T09:19:55.558Z</time></trkpt>
      <trkpt lat="24.461796" lon="111.155097"><time>2026-08-22T09:19:55.574Z</time></trkpt>
      <trkpt lat="24.461802" lon="111.155094"><time>2026-08-22T09:19:55.591Z</time></trkpt>
      <trkpt lat="24.461802" lon="111.155094"><time>2026-08-22T09:19:55.608Z</time></trkpt>
      <trkpt lat="24.461802" lon="111.155094"><time>2026-08-22T09:19:55.625Z</time></trkpt>
      <trkpt lat="24.461802" lon="111.155094"><time>2026-08-22T09:19:55.641Z</time></trkpt>
      <trkpt lat="24.461802" lon="111.155094"><time>2026-08-22T09:19:55.658Z</time></trkpt>
      <trkpt lat="24.461802" lon="111.155094"><time>2026-08-22T09:19:55.675Z</time></trkpt>
      <trkpt lat="24.461808" lon="111.15509"><time>2026-08-22T09:19:55.691Z</time></trkpt>
      <trkpt lat="24.461808" lon="111.15509"><time>2026-08-22T09:19:55.708Z</time></trkpt>
      <trkpt lat="24.461808" lon="111.15509"><time>2026-08-22T09:19:55.725Z</time></trkpt>
      <trkpt lat="24.461808" lon="111.15509"><time>2026-08-22T09:19:55.741Z</time></trkpt>
      <trkpt lat="24.461808" lon="111.15509"><time>2026-08-22T09:19:55.758Z</time></trkpt>
      <trkpt lat="24.461808" lon="111.15509"><time>2026-08-22T09:19:55.775Z</time></trkpt>
      <trkpt lat="24.461814" lon="111.155086"><time>2026-08-22T09:19:55.791Z</time></trkpt>
      <trkpt lat="24.461814" lon="111.155086"><time>2026-08-22T09:19:55.808Z</time></trkpt>
      <trkpt lat="24.461814" lon="111.155086"><time>2026-08-22T09:19:55.825Z</time></trkpt>
      <trkpt lat="24.461814" lon="111.155086"><time>2026-08-22T09:19:55.841Z</time></trkpt>
      <trkpt lat="24.461814" lon="111.155086"><time>2026-08-22T09:19:55.858Z</time></trkpt>
      <trkpt lat="24.461814" lon="111.155086"><time>2026-08-22T09:19:55.875Z</time></trkpt>
      <trkpt lat="24.461819" lon="111.155081"><time>2026-08-22T09:19:55.891Z</time></trkpt>
      <trkpt lat="24.461819" lon="111.155081"><time>2026-08-22T09:19:55.908Z</time></trkpt>
      <trkpt lat="24.461819" lon="111.155081"><time>2026-08-22T09:19:55.925Z</time></trkpt>
      <trkpt lat="24.461819" lon="111.155081"><time>2026-08-22T09:19:55.942Z</time></trkpt>
      <trkpt lat="24.461819" lon="111.155081"><time>2026-08-22T09:19:55.958Z</time></trkpt>
      <trkpt lat="24.461819" lon="111.155081"><time>2026-08-22T09:19:55.975Z</time></trkpt>
      <trkpt lat="24.461824" lon="111.155077"><time>2026-08-22T09:19:55.992Z</time></trkpt>
      <trkpt lat="24.461824" lon="111.155077"><time>2026-08-22T09:19:56.008Z</time></trkpt>
      <trkpt lat="24.461824" lon="111.155077"><time>2026-08-22T09:19:56.025Z</time></trkpt>
      <trkpt lat="24.461824" lon="111.155077"><time>2026-08-22T09:19:56.042Z</time></trkpt>
      <trkpt lat="24.461824" lon="111.155077"><time>2026-08-22T09:19:56.058Z</time></trkpt>
      <trkpt lat="24.461824" lon="111.155077"><time>2026-08-22T09:19:56.075Z</time></trkpt>
      <trkpt lat="24.461829" lon="111.155072"><time>2026-08-22T09:19:56.092Z</time></trkpt>
      <trkpt lat="24.461829" lon="111.155072"><time>2026-08-22T09:19:56.108Z</time></trkpt>
      <trkpt lat="24.461829" lon="111.155072"><time>2026-08-22T09:19:56.125Z</time></trkpt>
      <trkpt lat="24.461829" lon="111.155072"><time>2026-08-22T09:19:56.142Z</time></trkpt>
      <trkpt lat="24.461829" lon="111.155072"><time>2026-08-22T09:19:56.158Z</time></trkpt>
      <trkpt lat="24.461829" lon="111.155072"><time>2026-08-22T09:19:56.175Z</time></trkpt>
      <trkpt lat="24.461833" lon="111.155067"><time>2026-08-22T09:19:56.192Z</time></trkpt>
      <trkpt lat="24.461833" lon="111.155067"><time>2026-08-22T09:19:56.208Z</time></trkpt>
      <trkpt lat="24.461833" lon="111.155067"><time>2026-08-22T09:19:56.225Z</time></trkpt>
      <trkpt lat="24.461833" lon="111.155067"><time>2026-08-22T09:19:56.242Z</time></trkpt>
      <trkpt lat="24.461833" lon="111.155067"><time>2026-08-22T09:19:56.259Z</time></trkpt>
      <trkpt lat="24.461833" lon="111.155067"><time>2026-08-22T09:19:56.275Z</time></trkpt>
      <trkpt lat="24.461838" lon="111.155062"><time>2026-08-22T09:19:56.292Z</time></trkpt>
      <trkpt lat="24.461838" lon="111.155062"><time>2026-08-22T09:19:56.309Z</time></trkpt>
      <trkpt lat="24.461838" lon="111.155062"><time>2026-08-22T09:19:56.325Z</time></trkpt>
      <trkpt lat="24.461838" lon="111.155062"><time>2026-08-22T09:19:56.342Z</time></trkpt>
      <trkpt lat="24.461838" lon="111.155062"><time>2026-08-22T09:19:56.359Z</time></trkpt>
      <trkpt lat="24.461838" lon="111.155062"><time>2026-08-22T09:19:56.375Z</time></trkpt>
      <trkpt lat="24.461842" lon="111.155057"><time>2026-08-22T09:19:56.392Z</time></trkpt>
      <trkpt lat="24.461842" lon="111.155057"><time>2026-08-22T09:19:56.409Z</time></trkpt>
      <trkpt lat="24.461842" lon="111.155057"><time>2026-08-22T09:19:56.425Z</time></trkpt>
      <trkpt lat="24.461842" lon="111.155057"><time>2026-08-22T09:19:56.442Z</time></trkpt>
      <trkpt lat="24.461842" lon="111.155057"><time>2026-08-22T09:19:56.459Z</time></trkpt>
      <trkpt lat="24.461842" lon="111.155057"><time>2026-08-22T09:19:56.475Z</time></trkpt>
      <trkpt lat="24.461845" lon="111.155052"><time>2026-08-22T09:19:56.492Z</time></trkpt>
      <trkpt lat="24.461845" lon="111.155052"><time>2026-08-22T09:19:56.509Z</time></trkpt>
      <trkpt lat="24.461845" lon="111.155052"><time>2026-08-22T09:19:56.525Z</time></trkpt>
      <trkpt lat="24.461845" lon="111.155052"><time>2026-08-22T09:19:56.542Z</time></trkpt>
      <trkpt lat="24.461845" lon="111.155052"><time>2026-08-22T09:19:56.559Z</time></trkpt>
      <trkpt lat="24.461845" lon="111.155052"><time>2026-08-22T09:19:56.576Z</time></trkpt>
      <trkpt lat="24.461848" lon="111.155047"><time>2026-08-22T09:19:56.592Z</time></trkpt>
      <trkpt lat="24.461848" lon="111.155047"><time>2026-08-22T09:19:56.609Z</time></trkpt>
      <trkpt lat="24.461848" lon="111.155047"><time>2026-08-22T09:19:56.626Z</time></trkpt>
      <trkpt lat="24.461848" lon="111.155047"><time>2026-08-22T09:19:56.642Z</time></trkpt>
      <trkpt lat="24.461848" lon="111.155047"><time>2026-08-22T09:19:56.659Z</time></trkpt>
      <trkpt lat="24.461848" lon="111.155047"><time>2026-08-22T09:19:56.676Z</time></trkpt>
      <trkpt lat="24.461849" lon="111.15504"><time>2026-08-22T09:19:56.692Z</time></trkpt>
      <trkpt lat="24.461849" lon="111.15504"><time>2026-08-22T09:19:56.709Z</time></trkpt>
      <trkpt lat="24.461849" lon="111.15504"><time>2026-08-22T09:19:56.726Z</time></trkpt>
      <trkpt lat="24.461849" lon="111.15504"><time>2026-08-22T09:19:56.742Z</time></trkpt>
      <trkpt lat="24.461849" lon="111.15504"><time>2026-08-22T09:19:56.759Z</time></trkpt>
      <trkpt lat="24.461849" lon="111.15504"><time>2026-08-22T09:19:56.776Z</time></trkpt>
      <trkpt lat="24.461851" lon="111.155035"><time>2026-08-22T09:19:56.792Z</time></trkpt>
      <trkpt lat="24.461851" lon="111.155035"><time>2026-08-22T09:19:56.809Z</time></trkpt>
      <trkpt lat="24.461851" lon="111.155035"><time>2026-08-22T09:19:56.826Z</time></trkpt>
      <trkpt lat="24.461851" lon="111.155035"><time>2026-08-22T09:19:56.842Z</time></trkpt>
      <trkpt lat="24.461851" lon="111.155035"><time>2026-08-22T09:19:56.859Z</time></trkpt>
      <trkpt lat="24.461851" lon="111.155035"><time>2026-08-22T09:19:56.876Z</time></trkpt>
      <trkpt lat="24.461853" lon="111.155029"><time>2026-08-22T09:19:56.893Z</time></trkpt>
      <trkpt lat="24.461853" lon="111.155029"><time>2026-08-22T09:19:56.909Z</time></trkpt>
      <trkpt lat="24.461853" lon="111.155029"><time>2026-08-22T09:19:56.926Z</time></trkpt>
      <trkpt lat="24.461853" lon="111.155029"><time>2026-08-22T09:19:56.943Z</time></trkpt>
      <trkpt lat="24.461853" lon="111.155029"><time>2026-08-22T09:19:56.959Z</time></trkpt>
      <trkpt lat="24.461853" lon="111.155029"><time>2026-08-22T09:19:56.976Z</time></trkpt>
      <trkpt lat="24.461854" lon="111.155025"><time>2026-08-22T09:19:56.993Z</time></trkpt>
      <trkpt lat="24.461854" lon="111.155025"><time>2026-08-22T09:19:57.009Z</time></trkpt>
      <trkpt lat="24.461854" lon="111.155025"><time>2026-08-22T09:19:57.026Z</time></trkpt>
      <trkpt lat="24.461854" lon="111.155025"><time>2026-08-22T09:19:57.043Z</time></trkpt>
      <trkpt lat="24.461854" lon="111.155025"><time>2026-08-22T09:19:57.059Z</time></trkpt>
      <trkpt lat="24.461854" lon="111.155025"><time>2026-08-22T09:19:57.076Z</time></trkpt>
      <trkpt lat="24.461855" lon="111.155019"><time>2026-08-22T09:19:57.093Z</time></trkpt>
      <trkpt lat="24.461855" lon="111.155019"><time>2026-08-22T09:19:57.109Z</time></trkpt>
      <trkpt lat="24.461855" lon="111.155019"><time>2026-08-22T09:19:57.126Z</time></trkpt>
      <trkpt lat="24.461855" lon="111.155019"><time>2026-08-22T09:19:57.143Z</time></trkpt>
      <trkpt lat="24.461855" lon="111.155019"><time>2026-08-22T09:19:57.159Z</time></trkpt>
      <trkpt lat="24.461855" lon="111.155019"><time>2026-08-22T09:19:57.176Z</time></trkpt>
      <trkpt lat="24.461855" lon="111.155014"><time>2026-08-22T09:19:57.193Z</time></trkpt>
      <trkpt lat="24.461855" lon="111.155014"><time>2026-08-22T09:19:57.210Z</time></trkpt>
      <trkpt lat="24.461855" lon="111.155014"><time>2026-08-22T09:19:57.226Z</time></trkpt>
      <trkpt lat="24.461855" lon="111.155014"><time>2026-08-22T09:19:57.243Z</time></trkpt>
      <trkpt lat="24.461855" lon="111.155014"><time>2026-08-22T09:19:57.260Z</time></trkpt>
      <trkpt lat="24.461855" lon="111.155014"><time>2026-08-22T09:19:57.276Z</time></trkpt>
      <trkpt lat="24.461855" lon="111.15501"><time>2026-08-22T09:19:57.293Z</time></trkpt>
      <trkpt lat="24.461855" lon="111.15501"><time>2026-08-22T09:19:57.310Z</time></trkpt>
      <trkpt lat="24.461855" lon="111.15501"><time>2026-08-22T09:19:57.326Z</time></trkpt>
      <trkpt lat="24.461855" lon="111.15501"><time>2026-08-22T09:19:57.343Z</time></trkpt>
      <trkpt lat="24.461855" lon="111.15501"><time>2026-08-22T09:19:57.360Z</time></trkpt>
      <trkpt lat="24.461855" lon="111.15501"><time>2026-08-22T09:19:57.376Z</time></trkpt>
      <trkpt lat="24.461855" lon="111.155005"><time>2026-08-22T09:19:57.393Z</time></trkpt>
      <trkpt lat="24.461855" lon="111.155005"><time>2026-08-22T09:19:57.410Z</time></trkpt>
      <trkpt lat="24.461855" lon="111.155005"><time>2026-08-22T09:19:57.426Z</time></trkpt>
      <trkpt lat="24.461855" lon="111.155005"><time>2026-08-22T09:19:57.443Z</time></trkpt>
      <trkpt lat="24.461855" lon="111.155005"><time>2026-08-22T09:19:57.460Z</time></trkpt>
      <trkpt lat="24.461855" lon="111.155005"><time>2026-08-22T09:19:57.476Z</time></trkpt>
      <trkpt lat="24.461855" lon="111.155"><time>2026-08-22T09:19:57.493Z</time></trkpt>
      <trkpt lat="24.461855" lon="111.155"><time>2026-08-22T09:19:57.510Z</time></trkpt>
      <trkpt lat="24.461855" lon="111.155"><time>2026-08-22T09:19:57.527Z</time></trkpt>
      <trkpt lat="24.461855" lon="111.155"><time>2026-08-22T09:19:57.543Z</time></trkpt>
      <trkpt lat="24.461855" lon="111.155"><time>2026-08-22T09:19:57.560Z</time></trkpt>
      <trkpt lat="24.461855" lon="111.155"><time>2026-08-22T09:19:57.577Z</time></trkpt>
      <trkpt lat="24.461855" lon="111.154996"><time>2026-08-22T09:19:57.593Z</time></trkpt>
      <trkpt lat="24.461855" lon="111.154996"><time>2026-08-22T09:19:57.610Z</time></trkpt>
      <trkpt lat="24.461855" lon="111.154996"><time>2026-08-22T09:19:57.627Z</time></trkpt>
      <trkpt lat="24.461855" lon="111.154996"><time>2026-08-22T09:19:57.643Z</time></trkpt>
      <trkpt lat="24.461855" lon="111.154996"><time>2026-08-22T09:19:57.660Z</time></trkpt>
      <trkpt lat="24.461855" lon="111.154996"><time>2026-08-22T09:19:57.677Z</time></trkpt>
      <trkpt lat="24.461855" lon="111.154992"><time>2026-08-22T09:19:57.693Z</time></trkpt>
      <trkpt lat="24.461855" lon="111.154992"><time>2026-08-22T09:19:57.710Z</time></trkpt>
      <trkpt lat="24.461855" lon="111.154992"><time>2026-08-22T09:19:57.727Z</time></trkpt>
      <trkpt lat="24.461855" lon="111.154992"><time>2026-08-22T09:19:57.743Z</time></trkpt>
      <trkpt lat="24.461855" lon="111.154992"><time>2026-08-22T09:19:57.760Z</time></trkpt>
      <trkpt lat="24.461855" lon="111.154992"><time>2026-08-22T09:19:57.777Z</time></trkpt>
      <trkpt lat="24.461854" lon="111.154988"><time>2026-08-22T09:19:57.793Z</time></trkpt>
      <trkpt lat="24.461854" lon="111.154988"><time>2026-08-22T09:19:57.810Z</time></trkpt>
      <trkpt lat="24.461854" lon="111.154988"><time>2026-08-22T09:19:57.827Z</time></trkpt>
      <trkpt lat="24.461854" lon="111.154988"><time>2026-08-22T09:19:57.844Z</time></trkpt>
      <trkpt lat="24.461854" lon="111.154988"><time>2026-08-22T09:19:57.860Z</time></trkpt>
      <trkpt lat="24.461854" lon="111.154988"><time>2026-08-22T09:19:57.877Z</time></trkpt>
      <trkpt lat="24.461854" lon="111.154984"><time>2026-08-22T09:19:57.894Z</time></trkpt>
      <trkpt lat="24.461854" lon="111.154984"><time>2026-08-22T09:19:57.910Z</time></trkpt>
      <trkpt lat="24.461854" lon="111.154984"><time>2026-08-22T09:19:57.927Z</time></trkpt>
      <trkpt lat="24.461854" lon="111.154984"><time>2026-08-22T09:19:57.944Z</time></trkpt>
      <trkpt lat="24.461854" lon="111.154984"><time>2026-08-22T09:19:57.960Z</time></trkpt>
      <trkpt lat="24.461854" lon="111.154984"><time>2026-08-22T09:19:57.977Z</time></trkpt>
      <trkpt lat="24.461853" lon="111.154981"><time>2026-08-22T09:19:57.994Z</time></trkpt>
      <trkpt lat="24.461853" lon="111.154981"><time>2026-08-22T09:19:58.010Z</time></trkpt>
      <trkpt lat="24.461853" lon="111.154981"><time>2026-08-22T09:19:58.027Z</time></trkpt>
      <trkpt lat="24.461853" lon="111.154981"><time>2026-08-22T09:19:58.044Z</time></trkpt>
      <trkpt lat="24.461853" lon="111.154981"><time>2026-08-22T09:19:58.060Z</time></trkpt>
      <trkpt lat="24.461853" lon="111.154981"><time>2026-08-22T09:19:58.077Z</time></trkpt>
      <trkpt lat="24.461852" lon="111.154977"><time>2026-08-22T09:19:58.094Z</time></trkpt>
      <trkpt lat="24.461852" lon="111.154977"><time>2026-08-22T09:19:58.110Z</time></trkpt>
      <trkpt lat="24.461852" lon="111.154977"><time>2026-08-22T09:19:58.127Z</time></trkpt>
      <trkpt lat="24.461852" lon="111.154977"><time>2026-08-22T09:19:58.144Z</time></trkpt>
      <trkpt lat="24.461852" lon="111.154977"><time>2026-08-22T09:19:58.160Z</time></trkpt>
      <trkpt lat="24.461852" lon="111.154977"><time>2026-08-22T09:19:58.177Z</time></trkpt>
      <trkpt lat="24.461852" lon="111.154974"><time>2026-08-22T09:19:58.194Z</time></trkpt>
      <trkpt lat="24.461852" lon="111.154974"><time>2026-08-22T09:19:58.211Z</time></trkpt>
      <trkpt lat="24.461852" lon="111.154974"><time>2026-08-22T09:19:58.227Z</time></trkpt>
      <trkpt lat="24.461852" lon="111.154974"><time>2026-08-22T09:19:58.244Z</time></trkpt>
      <trkpt lat="24.461852" lon="111.154974"><time>2026-08-22T09:19:58.261Z</time></trkpt>
      <trkpt lat="24.461852" lon="111.154974"><time>2026-08-22T09:19:58.277Z</time></trkpt>
      <trkpt lat="24.46185" lon="111.154971"><time>2026-08-22T09:19:58.294Z</time></trkpt>
      <trkpt lat="24.46185" lon="111.154971"><time>2026-08-22T09:19:58.311Z</time></trkpt>
      <trkpt lat="24.46185" lon="111.154971"><time>2026-08-22T09:19:58.327Z</time></trkpt>
      <trkpt lat="24.46185" lon="111.154971"><time>2026-08-22T09:19:58.344Z</time></trkpt>
      <trkpt lat="24.46185" lon="111.154971"><time>2026-08-22T09:19:58.361Z</time></trkpt>
      <trkpt lat="24.46185" lon="111.154971"><time>2026-08-22T09:19:58.377Z</time></trkpt>
      <trkpt lat="24.461849" lon="111.154968"><time>2026-08-22T09:19:58.394Z</time></trkpt>
      <trkpt lat="24.461849" lon="111.154968"><time>2026-08-22T09:19:58.411Z</time></trkpt>
      <trkpt lat="24.461849" lon="111.154968"><time>2026-08-22T09:19:58.427Z</time></trkpt>
      <trkpt lat="24.461849" lon="111.154968"><time>2026-08-22T09:19:58.444Z</time></trkpt>
      <trkpt lat="24.461849" lon="111.154968"><time>2026-08-22T09:19:58.461Z</time></trkpt>
      <trkpt lat="24.461849" lon="111.154968"><time>2026-08-22T09:19:58.477Z</time></trkpt>
      <trkpt lat="24.461848" lon="111.154964"><time>2026-08-22T09:19:58.494Z</time></trkpt>
      <trkpt lat="24.461848" lon="111.154964"><time>2026-08-22T09:19:58.511Z</time></trkpt>
      <trkpt lat="24.461848" lon="111.154964"><time>2026-08-22T09:19:58.528Z</time></trkpt>
      <trkpt lat="24.461848" lon="111.154964"><time>2026-08-22T09:19:58.544Z</time></trkpt>
      <trkpt lat="24.461848" lon="111.154964"><time>2026-08-22T09:19:58.561Z</time></trkpt>
      <trkpt lat="24.461848" lon="111.154964"><time>2026-08-22T09:19:58.578Z</time></trkpt>
      <trkpt lat="24.461846" lon="111.154961"><time>2026-08-22T09:19:58.594Z</time></trkpt>
      <trkpt lat="24.461846" lon="111.154961"><time>2026-08-22T09:19:58.611Z</time></trkpt>
      <trkpt lat="24.461846" lon="111.154961"><time>2026-08-22T09:19:58.628Z</time></trkpt>
      <trkpt lat="24.461846" lon="111.154961"><time>2026-08-22T09:19:58.644Z</time></trkpt>
      <trkpt lat="24.461846" lon="111.154961"><time>2026-08-22T09:19:58.661Z</time></trkpt>
      <trkpt lat="24.461846" lon="111.154961"><time>2026-08-22T09:19:58.678Z</time></trkpt>
      <trkpt lat="24.461844" lon="111.154958"><time>2026-08-22T09:19:58.694Z</time></trkpt>
      <trkpt lat="24.461844" lon="111.154958"><time>2026-08-22T09:19:58.711Z</time></trkpt>
      <trkpt lat="24.461844" lon="111.154958"><time>2026-08-22T09:19:58.728Z</time></trkpt>
      <trkpt lat="24.461844" lon="111.154958"><time>2026-08-22T09:19:58.744Z</time></trkpt>
      <trkpt lat="24.461844" lon="111.154958"><time>2026-08-22T09:19:58.761Z</time></trkpt>
      <trkpt lat="24.461844" lon="111.154958"><time>2026-08-22T09:19:58.778Z</time></trkpt>
      <trkpt lat="24.461842" lon="111.154954"><time>2026-08-22T09:19:58.794Z</time></trkpt>
      <trkpt lat="24.461842" lon="111.154954"><time>2026-08-22T09:19:58.811Z</time></trkpt>
      <trkpt lat="24.461842" lon="111.154954"><time>2026-08-22T09:19:58.828Z</time></trkpt>
      <trkpt lat="24.461842" lon="111.154954"><time>2026-08-22T09:19:58.845Z</time></trkpt>
      <trkpt lat="24.461842" lon="111.154954"><time>2026-08-22T09:19:58.861Z</time></trkpt>
      <trkpt lat="24.461842" lon="111.154954"><time>2026-08-22T09:19:58.878Z</time></trkpt>
      <trkpt lat="24.46184" lon="111.154951"><time>2026-08-22T09:19:58.895Z</time></trkpt>
      <trkpt lat="24.46184" lon="111.154951"><time>2026-08-22T09:19:58.911Z</time></trkpt>
      <trkpt lat="24.46184" lon="111.154951"><time>2026-08-22T09:19:58.928Z</time></trkpt>
      <trkpt lat="24.46184" lon="111.154951"><time>2026-08-22T09:19:58.945Z</time></trkpt>
      <trkpt lat="24.46184" lon="111.154951"><time>2026-08-22T09:19:58.961Z</time></trkpt>
      <trkpt lat="24.46184" lon="111.154951"><time>2026-08-22T09:19:58.978Z</time></trkpt>
      <trkpt lat="24.461838" lon="111.154947"><time>2026-08-22T09:19:58.995Z</time></trkpt>
      <trkpt lat="24.461838" lon="111.154947"><time>2026-08-22T09:19:59.011Z</time></trkpt>
      <trkpt lat="24.461838" lon="111.154947"><time>2026-08-22T09:19:59.028Z</time></trkpt>
      <trkpt lat="24.461838" lon="111.154947"><time>2026-08-22T09:19:59.045Z</time></trkpt>
      <trkpt lat="24.461838" lon="111.154947"><time>2026-08-22T09:19:59.061Z</time></trkpt>
      <trkpt lat="24.461838" lon="111.154947"><time>2026-08-22T09:19:59.078Z</time></trkpt>
      <trkpt lat="24.461835" lon="111.154943"><time>2026-08-22T09:19:59.095Z</time></trkpt>
      <trkpt lat="24.461835" lon="111.154943"><time>2026-08-22T09:19:59.111Z</time></trkpt>
      <trkpt lat="24.461835" lon="111.154943"><time>2026-08-22T09:19:59.128Z</time></trkpt>
      <trkpt lat="24.461835" lon="111.154943"><time>2026-08-22T09:19:59.145Z</time></trkpt>
      <trkpt lat="24.461835" lon="111.154943"><time>2026-08-22T09:19:59.162Z</time></trkpt>
      <trkpt lat="24.461835" lon="111.154943"><time>2026-08-22T09:19:59.178Z</time></trkpt>
      <trkpt lat="24.461833" lon="111.154939"><time>2026-08-22T09:19:59.195Z</time></trkpt>
      <trkpt lat="24.461833" lon="111.154939"><time>2026-08-22T09:19:59.212Z</time></trkpt>
      <trkpt lat="24.461833" lon="111.154939"><time>2026-08-22T09:19:59.228Z</time></trkpt>
      <trkpt lat="24.461833" lon="111.154939"><time>2026-08-22T09:19:59.245Z</time></trkpt>
      <trkpt lat="24.461833" lon="111.154939"><time>2026-08-22T09:19:59.262Z</time></trkpt>
      <trkpt lat="24.461833" lon="111.154939"><time>2026-08-22T09:19:59.278Z</time></trkpt>
      <trkpt lat="24.46183" lon="111.154935"><time>2026-08-22T09:19:59.295Z</time></trkpt>
      <trkpt lat="24.46183" lon="111.154935"><time>2026-08-22T09:19:59.312Z</time></trkpt>
      <trkpt lat="24.46183" lon="111.154935"><time>2026-08-22T09:19:59.328Z</time></trkpt>
      <trkpt lat="24.46183" lon="111.154935"><time>2026-08-22T09:19:59.345Z</time></trkpt>
      <trkpt lat="24.46183" lon="111.154935"><time>2026-08-22T09:19:59.362Z</time></trkpt>
      <trkpt lat="24.46183" lon="111.154935"><time>2026-08-22T09:19:59.378Z</time></trkpt>
      <trkpt lat="24.461827" lon="111.154931"><time>2026-08-22T09:19:59.395Z</time></trkpt>
      <trkpt lat="24.461827" lon="111.154931"><time>2026-08-22T09:19:59.412Z</time></trkpt>
      <trkpt lat="24.461827" lon="111.154931"><time>2026-08-22T09:19:59.428Z</time></trkpt>
      <trkpt lat="24.461827" lon="111.154931"><time>2026-08-22T09:19:59.445Z</time></trkpt>
      <trkpt lat="24.461827" lon="111.154931"><time>2026-08-22T09:19:59.462Z</time></trkpt>
      <trkpt lat="24.461827" lon="111.154931"><time>2026-08-22T09:19:59.479Z</time></trkpt>
      <trkpt lat="24.461824" lon="111.154926"><time>2026-08-22T09:19:59.495Z</time></trkpt>
      <trkpt lat="24.461824" lon="111.154926"><time>2026-08-22T09:19:59.512Z</time></trkpt>
      <trkpt lat="24.461824" lon="111.154926"><time>2026-08-22T09:19:59.529Z</time></trkpt>
      <trkpt lat="24.461824" lon="111.154926"><time>2026-08-22T09:19:59.545Z</time></trkpt>
      <trkpt lat="24.461824" lon="111.154926"><time>2026-08-22T09:19:59.562Z</time></trkpt>
      <trkpt lat="24.461824" lon="111.154926"><time>2026-08-22T09:19:59.579Z</time></trkpt>
      <trkpt lat="24.461821" lon="111.154921"><time>2026-08-22T09:19:59.595Z</time></trkpt>
      <trkpt lat="24.461821" lon="111.154921"><time>2026-08-22T09:19:59.612Z</time></trkpt>
      <trkpt lat="24.461821" lon="111.154921"><time>2026-08-22T09:19:59.629Z</time></trkpt>
      <trkpt lat="24.461821" lon="111.154921"><time>2026-08-22T09:19:59.645Z</time></trkpt>
      <trkpt lat="24.461821" lon="111.154921"><time>2026-08-22T09:19:59.662Z</time></trkpt>
      <trkpt lat="24.461818" lon="111.154916"><time>2026-08-22T09:19:59.679Z</time></trkpt>
      <trkpt lat="24.461818" lon="111.154916"><time>2026-08-22T09:19:59.695Z</time></trkpt>
      <trkpt lat="24.461818" lon="111.154916"><time>2026-08-22T09:19:59.712Z</time></trkpt>
      <trkpt lat="24.461818" lon="111.154916"><time>2026-08-22T09:19:59.729Z</time></trkpt>
      <trkpt lat="24.461818" lon="111.154916"><time>2026-08-22T09:19:59.745Z</time></trkpt>
      <trkpt lat="24.461818" lon="111.154916"><time>2026-08-22T09:19:59.762Z</time></trkpt>
      <trkpt lat="24.461815" lon="111.154911"><time>2026-08-22T09:19:59.779Z</time></trkpt>
      <trkpt lat="24.461815" lon="111.154911"><time>2026-08-22T09:19:59.796Z</time></trkpt>
      <trkpt lat="24.461815" lon="111.154911"><time>2026-08-22T09:19:59.812Z</time></trkpt>
      <trkpt lat="24.461815" lon="111.154911"><time>2026-08-22T09:19:59.829Z</time></trkpt>
      <trkpt lat="24.461815" lon="111.154911"><time>2026-08-22T09:19:59.846Z</time></trkpt>
      <trkpt lat="24.461815" lon="111.154911"><time>2026-08-22T09:19:59.862Z</time></trkpt>
      <trkpt lat="24.461811" lon="111.154906"><time>2026-08-22T09:19:59.879Z</time></trkpt>
      <trkpt lat="24.461811" lon="111.154906"><time>2026-08-22T09:19:59.896Z</time></trkpt>
      <trkpt lat="24.461811" lon="111.154906"><time>2026-08-22T09:19:59.912Z</time></trkpt>
      <trkpt lat="24.461811" lon="111.154906"><time>2026-08-22T09:19:59.929Z</time></trkpt>
      <trkpt lat="24.461811" lon="111.154906"><time>2026-08-22T09:19:59.946Z</time></trkpt>
      <trkpt lat="24.461811" lon="111.154906"><time>2026-08-22T09:19:59.962Z</time></trkpt>
      <trkpt lat="24.461811" lon="111.154906"><time>2026-08-22T09:19:59.979Z</time></trkpt>
      <trkpt lat="24.461807" lon="111.1549"><time>2026-08-22T09:19:59.996Z</time></trkpt>
      <trkpt lat="24.461807" lon="111.1549"><time>2026-08-22T09:20:00.012Z</time></trkpt>
      <trkpt lat="24.461807" lon="111.1549"><time>2026-08-22T09:20:00.029Z</time></trkpt>
      <trkpt lat="24.461807" lon="111.1549"><time>2026-08-22T09:20:00.046Z</time></trkpt>
      <trkpt lat="24.461807" lon="111.1549"><time>2026-08-22T09:20:00.062Z</time></trkpt>
      <trkpt lat="24.461804" lon="111.154895"><time>2026-08-22T09:20:00.079Z</time></trkpt>
      <trkpt lat="24.461804" lon="111.154895"><time>2026-08-22T09:20:00.096Z</time></trkpt>
      <trkpt lat="24.461804" lon="111.154895"><time>2026-08-22T09:20:00.113Z</time></trkpt>
      <trkpt lat="24.461804" lon="111.154895"><time>2026-08-22T09:20:00.129Z</time></trkpt>
      <trkpt lat="24.461804" lon="111.154895"><time>2026-08-22T09:20:00.146Z</time></trkpt>
      <trkpt lat="24.461804" lon="111.154895"><time>2026-08-22T09:20:00.163Z</time></trkpt>
      <trkpt lat="24.4618" lon="111.154889"><time>2026-08-22T09:20:00.179Z</time></trkpt>
      <trkpt lat="24.4618" lon="111.154889"><time>2026-08-22T09:20:00.196Z</time></trkpt>
      <trkpt lat="24.4618" lon="111.154889"><time>2026-08-22T09:20:00.213Z</time></trkpt>
      <trkpt lat="24.4618" lon="111.154889"><time>2026-08-22T09:20:00.229Z</time></trkpt>
      <trkpt lat="24.4618" lon="111.154889"><time>2026-08-22T09:20:00.246Z</time></trkpt>
      <trkpt lat="24.4618" lon="111.154889"><time>2026-08-22T09:20:00.263Z</time></trkpt>
      <trkpt lat="24.4618" lon="111.154889"><time>2026-08-22T09:20:00.279Z</time></trkpt>
      <trkpt lat="24.461796" lon="111.154884"><time>2026-08-22T09:20:00.296Z</time></trkpt>
      <trkpt lat="24.461796" lon="111.154884"><time>2026-08-22T09:20:00.313Z</time></trkpt>
      <trkpt lat="24.461796" lon="111.154884"><time>2026-08-22T09:20:00.329Z</time></trkpt>
      <trkpt lat="24.461796" lon="111.154884"><time>2026-08-22T09:20:00.346Z</time></trkpt>
      <trkpt lat="24.461796" lon="111.154884"><time>2026-08-22T09:20:00.363Z</time></trkpt>
      <trkpt lat="24.461792" lon="111.154878"><time>2026-08-22T09:20:00.379Z</time></trkpt>
      <trkpt lat="24.461792" lon="111.154878"><time>2026-08-22T09:20:00.396Z</time></trkpt>
      <trkpt lat="24.461792" lon="111.154878"><time>2026-08-22T09:20:00.413Z</time></trkpt>
      <trkpt lat="24.461792" lon="111.154878"><time>2026-08-22T09:20:00.430Z</time></trkpt>
      <trkpt lat="24.461792" lon="111.154878"><time>2026-08-22T09:20:00.446Z</time></trkpt>
      <trkpt lat="24.461792" lon="111.154878"><time>2026-08-22T09:20:00.463Z</time></trkpt>
      <trkpt lat="24.461788" lon="111.154872"><time>2026-08-22T09:20:00.480Z</time></trkpt>
      <trkpt lat="24.461788" lon="111.154872"><time>2026-08-22T09:20:00.496Z</time></trkpt>
      <trkpt lat="24.461788" lon="111.154872"><time>2026-08-22T09:20:00.513Z</time></trkpt>
      <trkpt lat="24.461788" lon="111.154872"><time>2026-08-22T09:20:00.530Z</time></trkpt>
      <trkpt lat="24.461788" lon="111.154872"><time>2026-08-22T09:20:00.546Z</time></trkpt>
      <trkpt lat="24.461788" lon="111.154872"><time>2026-08-22T09:20:00.563Z</time></trkpt>
      <trkpt lat="24.461784" lon="111.154867"><time>2026-08-22T09:20:00.580Z</time></trkpt>
      <trkpt lat="24.461784" lon="111.154867"><time>2026-08-22T09:20:00.596Z</time></trkpt>
      <trkpt lat="24.461784" lon="111.154867"><time>2026-08-22T09:20:00.613Z</time></trkpt>
      <trkpt lat="24.461784" lon="111.154867"><time>2026-08-22T09:20:00.630Z</time></trkpt>
      <trkpt lat="24.461784" lon="111.154867"><time>2026-08-22T09:20:00.646Z</time></trkpt>
      <trkpt lat="24.461784" lon="111.154867"><time>2026-08-22T09:20:00.663Z</time></trkpt>
      <trkpt lat="24.46178" lon="111.154861"><time>2026-08-22T09:20:00.680Z</time></trkpt>
      <trkpt lat="24.46178" lon="111.154861"><time>2026-08-22T09:20:00.696Z</time></trkpt>
      <trkpt lat="24.46178" lon="111.154861"><time>2026-08-22T09:20:00.713Z</time></trkpt>
      <trkpt lat="24.46178" lon="111.154861"><time>2026-08-22T09:20:00.730Z</time></trkpt>
      <trkpt lat="24.46178" lon="111.154861"><time>2026-08-22T09:20:00.747Z</time></trkpt>
      <trkpt lat="24.46178" lon="111.154861"><time>2026-08-22T09:20:00.763Z</time></trkpt>
      <trkpt lat="24.461776" lon="111.154855"><time>2026-08-22T09:20:00.780Z</time></trkpt>
      <trkpt lat="24.461776" lon="111.154855"><time>2026-08-22T09:20:00.797Z</time></trkpt>
      <trkpt lat="24.461776" lon="111.154855"><time>2026-08-22T09:20:00.813Z</time></trkpt>
      <trkpt lat="24.461776" lon="111.154855"><time>2026-08-22T09:20:00.830Z</time></trkpt>
      <trkpt lat="24.461776" lon="111.154855"><time>2026-08-22T09:20:00.847Z</time></trkpt>
      <trkpt lat="24.461776" lon="111.154855"><time>2026-08-22T09:20:00.863Z</time></trkpt>
      <trkpt lat="24.461772" lon="111.154849"><time>2026-08-22T09:20:00.880Z</time></trkpt>
      <trkpt lat="24.461772" lon="111.154849"><time>2026-08-22T09:20:00.897Z</time></trkpt>
      <trkpt lat="24.461772" lon="111.154849"><time>2026-08-22T09:20:00.913Z</time></trkpt>
      <trkpt lat="24.461772" lon="111.154849"><time>2026-08-22T09:20:00.930Z</time></trkpt>
      <trkpt lat="24.461772" lon="111.154849"><time>2026-08-22T09:20:00.947Z</time></trkpt>
      <trkpt lat="24.461772" lon="111.154849"><time>2026-08-22T09:20:00.963Z</time></trkpt>
      <trkpt lat="24.461768" lon="111.154843"><time>2026-08-22T09:20:00.980Z</time></trkpt>
      <trkpt lat="24.461768" lon="111.154843"><time>2026-08-22T09:20:00.997Z</time></trkpt>
      <trkpt lat="24.461768" lon="111.154843"><time>2026-08-22T09:20:01.013Z</time></trkpt>
      <trkpt lat="24.461768" lon="111.154843"><time>2026-08-22T09:20:01.030Z</time></trkpt>
      <trkpt lat="24.461768" lon="111.154843"><time>2026-08-22T09:20:01.047Z</time></trkpt>
      <trkpt lat="24.461768" lon="111.154843"><time>2026-08-22T09:20:01.064Z</time></trkpt>
      <trkpt lat="24.461763" lon="111.154837"><time>2026-08-22T09:20:01.080Z</time></trkpt>
      <trkpt lat="24.461763" lon="111.154837"><time>2026-08-22T09:20:01.097Z</time></trkpt>
      <trkpt lat="24.461763" lon="111.154837"><time>2026-08-22T09:20:01.114Z</time></trkpt>
      <trkpt lat="24.461763" lon="111.154837"><time>2026-08-22T09:20:01.130Z</time></trkpt>
      <trkpt lat="24.461763" lon="111.154837"><time>2026-08-22T09:20:01.147Z</time></trkpt>
      <trkpt lat="24.461763" lon="111.154837"><time>2026-08-22T09:20:01.164Z</time></trkpt>
      <trkpt lat="24.461759" lon="111.154832"><time>2026-08-22T09:20:01.180Z</time></trkpt>
      <trkpt lat="24.461759" lon="111.154832"><time>2026-08-22T09:20:01.197Z</time></trkpt>
      <trkpt lat="24.461759" lon="111.154832"><time>2026-08-22T09:20:01.214Z</time></trkpt>
      <trkpt lat="24.461759" lon="111.154832"><time>2026-08-22T09:20:01.230Z</time></trkpt>
      <trkpt lat="24.461759" lon="111.154832"><time>2026-08-22T09:20:01.247Z</time></trkpt>
      <trkpt lat="24.461759" lon="111.154832"><time>2026-08-22T09:20:01.264Z</time></trkpt>
      <trkpt lat="24.461754" lon="111.154826"><time>2026-08-22T09:20:01.280Z</time></trkpt>
      <trkpt lat="24.461754" lon="111.154826"><time>2026-08-22T09:20:01.297Z</time></trkpt>
      <trkpt lat="24.461754" lon="111.154826"><time>2026-08-22T09:20:01.314Z</time></trkpt>
      <trkpt lat="24.461754" lon="111.154826"><time>2026-08-22T09:20:01.330Z</time></trkpt>
      <trkpt lat="24.461754" lon="111.154826"><time>2026-08-22T09:20:01.347Z</time></trkpt>
      <trkpt lat="24.461754" lon="111.154826"><time>2026-08-22T09:20:01.364Z</time></trkpt>
      <trkpt lat="24.46175" lon="111.15482"><time>2026-08-22T09:20:01.381Z</time></trkpt>
      <trkpt lat="24.46175" lon="111.15482"><time>2026-08-22T09:20:01.397Z</time></trkpt>
      <trkpt lat="24.46175" lon="111.15482"><time>2026-08-22T09:20:01.414Z</time></trkpt>
      <trkpt lat="24.46175" lon="111.15482"><time>2026-08-22T09:20:01.431Z</time></trkpt>
      <trkpt lat="24.46175" lon="111.15482"><time>2026-08-22T09:20:01.447Z</time></trkpt>
      <trkpt lat="24.46175" lon="111.15482"><time>2026-08-22T09:20:01.464Z</time></trkpt>
      <trkpt lat="24.461745" lon="111.154814"><time>2026-08-22T09:20:01.481Z</time></trkpt>
      <trkpt lat="24.461745" lon="111.154814"><time>2026-08-22T09:20:01.497Z</time></trkpt>
      <trkpt lat="24.461745" lon="111.154814"><time>2026-08-22T09:20:01.514Z</time></trkpt>
      <trkpt lat="24.461745" lon="111.154814"><time>2026-08-22T09:20:01.531Z</time></trkpt>
      <trkpt lat="24.461745" lon="111.154814"><time>2026-08-22T09:20:01.547Z</time></trkpt>
      <trkpt lat="24.461745" lon="111.154814"><time>2026-08-22T09:20:01.564Z</time></trkpt>
      <trkpt lat="24.461741" lon="111.154808"><time>2026-08-22T09:20:01.581Z</time></trkpt>
      <trkpt lat="24.461741" lon="111.154808"><time>2026-08-22T09:20:01.597Z</time></trkpt>
      <trkpt lat="24.461741" lon="111.154808"><time>2026-08-22T09:20:01.614Z</time></trkpt>
      <trkpt lat="24.461741" lon="111.154808"><time>2026-08-22T09:20:01.631Z</time></trkpt>
      <trkpt lat="24.461741" lon="111.154808"><time>2026-08-22T09:20:01.647Z</time></trkpt>
      <trkpt lat="24.461741" lon="111.154808"><time>2026-08-22T09:20:01.664Z</time></trkpt>
      <trkpt lat="24.461736" lon="111.154802"><time>2026-08-22T09:20:01.681Z</time></trkpt>
      <trkpt lat="24.461736" lon="111.154802"><time>2026-08-22T09:20:01.698Z</time></trkpt>
      <trkpt lat="24.461736" lon="111.154802"><time>2026-08-22T09:20:01.714Z</time></trkpt>
      <trkpt lat="24.461736" lon="111.154802"><time>2026-08-22T09:20:01.731Z</time></trkpt>
      <trkpt lat="24.461736" lon="111.154802"><time>2026-08-22T09:20:01.748Z</time></trkpt>
      <trkpt lat="24.461736" lon="111.154802"><time>2026-08-22T09:20:01.764Z</time></trkpt>
      <trkpt lat="24.461732" lon="111.154796"><time>2026-08-22T09:20:01.781Z</time></trkpt>
      <trkpt lat="24.461732" lon="111.154796"><time>2026-08-22T09:20:01.798Z</time></trkpt>
      <trkpt lat="24.461732" lon="111.154796"><time>2026-08-22T09:20:01.814Z</time></trkpt>
      <trkpt lat="24.461732" lon="111.154796"><time>2026-08-22T09:20:01.831Z</time></trkpt>
      <trkpt lat="24.461732" lon="111.154796"><time>2026-08-22T09:20:01.848Z</time></trkpt>
      <trkpt lat="24.461732" lon="111.154796"><time>2026-08-22T09:20:01.864Z</time></trkpt>
      <trkpt lat="24.461727" lon="111.15479"><time>2026-08-22T09:20:01.881Z</time></trkpt>
      <trkpt lat="24.461727" lon="111.15479"><time>2026-08-22T09:20:01.898Z</time></trkpt>
      <trkpt lat="24.461727" lon="111.15479"><time>2026-08-22T09:20:01.914Z</time></trkpt>
      <trkpt lat="24.461727" lon="111.15479"><time>2026-08-22T09:20:01.931Z</time></trkpt>
      <trkpt lat="24.461727" lon="111.15479"><time>2026-08-22T09:20:01.948Z</time></trkpt>
      <trkpt lat="24.461727" lon="111.15479"><time>2026-08-22T09:20:01.964Z</time></trkpt>
      <trkpt lat="24.461723" lon="111.154784"><time>2026-08-22T09:20:01.981Z</time></trkpt>
      <trkpt lat="24.461723" lon="111.154784"><time>2026-08-22T09:20:01.998Z</time></trkpt>
      <trkpt lat="24.461723" lon="111.154784"><time>2026-08-22T09:20:02.015Z</time></trkpt>
      <trkpt lat="24.461723" lon="111.154784"><time>2026-08-22T09:20:02.031Z</time></trkpt>
      <trkpt lat="24.461723" lon="111.154784"><time>2026-08-22T09:20:02.048Z</time></trkpt>
      <trkpt lat="24.461723" lon="111.154784"><time>2026-08-22T09:20:02.065Z</time></trkpt>
      <trkpt lat="24.461718" lon="111.154778"><time>2026-08-22T09:20:02.081Z</time></trkpt>
      <trkpt lat="24.461718" lon="111.154778"><time>2026-08-22T09:20:02.098Z</time></trkpt>
      <trkpt lat="24.461718" lon="111.154778"><time>2026-08-22T09:20:02.115Z</time></trkpt>
      <trkpt lat="24.461718" lon="111.154778"><time>2026-08-22T09:20:02.131Z</time></trkpt>
      <trkpt lat="24.461718" lon="111.154778"><time>2026-08-22T09:20:02.148Z</time></trkpt>
      <trkpt lat="24.461718" lon="111.154778"><time>2026-08-22T09:20:02.165Z</time></trkpt>
      <trkpt lat="24.461714" lon="111.154772"><time>2026-08-22T09:20:02.181Z</time></trkpt>
      <trkpt lat="24.461714" lon="111.154772"><time>2026-08-22T09:20:02.198Z</time></trkpt>
      <trkpt lat="24.461714" lon="111.154772"><time>2026-08-22T09:20:02.215Z</time></trkpt>
      <trkpt lat="24.461714" lon="111.154772"><time>2026-08-22T09:20:02.231Z</time></trkpt>
      <trkpt lat="24.461714" lon="111.154772"><time>2026-08-22T09:20:02.248Z</time></trkpt>
      <trkpt lat="24.461714" lon="111.154772"><time>2026-08-22T09:20:02.265Z</time></trkpt>
      <trkpt lat="24.461709" lon="111.154765"><time>2026-08-22T09:20:02.281Z</time></trkpt>
      <trkpt lat="24.461709" lon="111.154765"><time>2026-08-22T09:20:02.298Z</time></trkpt>
      <trkpt lat="24.461709" lon="111.154765"><time>2026-08-22T09:20:02.315Z</time></trkpt>
      <trkpt lat="24.461709" lon="111.154765"><time>2026-08-22T09:20:02.332Z</time></trkpt>
      <trkpt lat="24.461709" lon="111.154765"><time>2026-08-22T09:20:02.348Z</time></trkpt>
      <trkpt lat="24.461709" lon="111.154765"><time>2026-08-22T09:20:02.365Z</time></trkpt>
      <trkpt lat="24.461704" lon="111.154759"><time>2026-08-22T09:20:02.382Z</time></trkpt>
      <trkpt lat="24.461704" lon="111.154759"><time>2026-08-22T09:20:02.398Z</time></trkpt>
      <trkpt lat="24.461704" lon="111.154759"><time>2026-08-22T09:20:02.415Z</time></trkpt>
      <trkpt lat="24.461704" lon="111.154759"><time>2026-08-22T09:20:02.432Z</time></trkpt>
      <trkpt lat="24.461704" lon="111.154759"><time>2026-08-22T09:20:02.448Z</time></trkpt>
      <trkpt lat="24.461704" lon="111.154759"><time>2026-08-22T09:20:02.465Z</time></trkpt>
      <trkpt lat="24.461699" lon="111.154753"><time>2026-08-22T09:20:02.482Z</time></trkpt>
      <trkpt lat="24.461699" lon="111.154753"><time>2026-08-22T09:20:02.498Z</time></trkpt>
      <trkpt lat="24.461699" lon="111.154753"><time>2026-08-22T09:20:02.515Z</time></trkpt>
      <trkpt lat="24.461699" lon="111.154753"><time>2026-08-22T09:20:02.532Z</time></trkpt>
      <trkpt lat="24.461699" lon="111.154753"><time>2026-08-22T09:20:02.548Z</time></trkpt>
      <trkpt lat="24.461699" lon="111.154753"><time>2026-08-22T09:20:02.565Z</time></trkpt>
      <trkpt lat="24.461694" lon="111.154747"><time>2026-08-22T09:20:02.582Z</time></trkpt>
      <trkpt lat="24.461694" lon="111.154747"><time>2026-08-22T09:20:02.598Z</time></trkpt>
      <trkpt lat="24.461694" lon="111.154747"><time>2026-08-22T09:20:02.615Z</time></trkpt>
      <trkpt lat="24.461694" lon="111.154747"><time>2026-08-22T09:20:02.632Z</time></trkpt>
      <trkpt lat="24.461694" lon="111.154747"><time>2026-08-22T09:20:02.649Z</time></trkpt>
      <trkpt lat="24.461694" lon="111.154747"><time>2026-08-22T09:20:02.665Z</time></trkpt>
      <trkpt lat="24.461689" lon="111.154741"><time>2026-08-22T09:20:02.682Z</time></trkpt>
      <trkpt lat="24.461689" lon="111.154741"><time>2026-08-22T09:20:02.699Z</time></trkpt>
      <trkpt lat="24.461689" lon="111.154741"><time>2026-08-22T09:20:02.715Z</time></trkpt>
      <trkpt lat="24.461689" lon="111.154741"><time>2026-08-22T09:20:02.732Z</time></trkpt>
      <trkpt lat="24.461689" lon="111.154741"><time>2026-08-22T09:20:02.749Z</time></trkpt>
      <trkpt lat="24.461689" lon="111.154741"><time>2026-08-22T09:20:02.765Z</time></trkpt>
      <trkpt lat="24.461685" lon="111.154735"><time>2026-08-22T09:20:02.782Z</time></trkpt>
      <trkpt lat="24.461685" lon="111.154735"><time>2026-08-22T09:20:02.799Z</time></trkpt>
      <trkpt lat="24.461685" lon="111.154735"><time>2026-08-22T09:20:02.815Z</time></trkpt>
      <trkpt lat="24.461685" lon="111.154735"><time>2026-08-22T09:20:02.832Z</time></trkpt>
      <trkpt lat="24.461685" lon="111.154735"><time>2026-08-22T09:20:02.849Z</time></trkpt>
      <trkpt lat="24.461685" lon="111.154735"><time>2026-08-22T09:20:02.865Z</time></trkpt>
      <trkpt lat="24.46168" lon="111.154729"><time>2026-08-22T09:20:02.882Z</time></trkpt>
      <trkpt lat="24.46168" lon="111.154729"><time>2026-08-22T09:20:02.899Z</time></trkpt>
      <trkpt lat="24.46168" lon="111.154729"><time>2026-08-22T09:20:02.915Z</time></trkpt>
      <trkpt lat="24.46168" lon="111.154729"><time>2026-08-22T09:20:02.932Z</time></trkpt>
      <trkpt lat="24.46168" lon="111.154729"><time>2026-08-22T09:20:02.949Z</time></trkpt>
      <trkpt lat="24.46168" lon="111.154729"><time>2026-08-22T09:20:02.966Z</time></trkpt>
      <trkpt lat="24.461676" lon="111.154722"><time>2026-08-22T09:20:02.982Z</time></trkpt>
      <trkpt lat="24.461676" lon="111.154722"><time>2026-08-22T09:20:02.999Z</time></trkpt>
      <trkpt lat="24.461676" lon="111.154722"><time>2026-08-22T09:20:03.016Z</time></trkpt>
      <trkpt lat="24.461676" lon="111.154722"><time>2026-08-22T09:20:03.032Z</time></trkpt>
      <trkpt lat="24.461676" lon="111.154722"><time>2026-08-22T09:20:03.049Z</time></trkpt>
      <trkpt lat="24.461676" lon="111.154722"><time>2026-08-22T09:20:03.066Z</time></trkpt>
      <trkpt lat="24.461671" lon="111.154716"><time>2026-08-22T09:20:03.082Z</time></trkpt>
      <trkpt lat="24.461671" lon="111.154716"><time>2026-08-22T09:20:03.099Z</time></trkpt>
      <trkpt lat="24.461671" lon="111.154716"><time>2026-08-22T09:20:03.116Z</time></trkpt>
      <trkpt lat="24.461671" lon="111.154716"><time>2026-08-22T09:20:03.132Z</time></trkpt>
      <trkpt lat="24.461671" lon="111.154716"><time>2026-08-22T09:20:03.149Z</time></trkpt>
      <trkpt lat="24.461671" lon="111.154716"><time>2026-08-22T09:20:03.166Z</time></trkpt>
      <trkpt lat="24.461667" lon="111.15471"><time>2026-08-22T09:20:03.182Z</time></trkpt>
      <trkpt lat="24.461667" lon="111.15471"><time>2026-08-22T09:20:03.199Z</time></trkpt>
      <trkpt lat="24.461667" lon="111.15471"><time>2026-08-22T09:20:03.216Z</time></trkpt>
      <trkpt lat="24.461667" lon="111.15471"><time>2026-08-22T09:20:03.232Z</time></trkpt>
      <trkpt lat="24.461667" lon="111.15471"><time>2026-08-22T09:20:03.249Z</time></trkpt>
      <trkpt lat="24.461667" lon="111.15471"><time>2026-08-22T09:20:03.266Z</time></trkpt>
      <trkpt lat="24.461663" lon="111.154704"><time>2026-08-22T09:20:03.283Z</time></trkpt>
      <trkpt lat="24.461663" lon="111.154704"><time>2026-08-22T09:20:03.299Z</time></trkpt>
      <trkpt lat="24.461663" lon="111.154704"><time>2026-08-22T09:20:03.316Z</time></trkpt>
      <trkpt lat="24.461663" lon="111.154704"><time>2026-08-22T09:20:03.333Z</time></trkpt>
      <trkpt lat="24.461663" lon="111.154704"><time>2026-08-22T09:20:03.349Z</time></trkpt>
      <trkpt lat="24.461663" lon="111.154704"><time>2026-08-22T09:20:03.366Z</time></trkpt>
      <trkpt lat="24.46166" lon="111.154698"><time>2026-08-22T09:20:03.383Z</time></trkpt>
      <trkpt lat="24.46166" lon="111.154698"><time>2026-08-22T09:20:03.399Z</time></trkpt>
      <trkpt lat="24.46166" lon="111.154698"><time>2026-08-22T09:20:03.416Z</time></trkpt>
      <trkpt lat="24.46166" lon="111.154698"><time>2026-08-22T09:20:03.433Z</time></trkpt>
      <trkpt lat="24.46166" lon="111.154698"><time>2026-08-22T09:20:03.449Z</time></trkpt>
      <trkpt lat="24.46166" lon="111.154698"><time>2026-08-22T09:20:03.466Z</time></trkpt>
      <trkpt lat="24.461657" lon="111.154693"><time>2026-08-22T09:20:03.483Z</time></trkpt>
      <trkpt lat="24.461657" lon="111.154693"><time>2026-08-22T09:20:03.499Z</time></trkpt>
      <trkpt lat="24.461657" lon="111.154693"><time>2026-08-22T09:20:03.516Z</time></trkpt>
      <trkpt lat="24.461657" lon="111.154693"><time>2026-08-22T09:20:03.533Z</time></trkpt>
      <trkpt lat="24.461657" lon="111.154693"><time>2026-08-22T09:20:03.549Z</time></trkpt>
      <trkpt lat="24.461657" lon="111.154693"><time>2026-08-22T09:20:03.566Z</time></trkpt>
      <trkpt lat="24.461654" lon="111.154687"><time>2026-08-22T09:20:03.583Z</time></trkpt>
      <trkpt lat="24.461654" lon="111.154687"><time>2026-08-22T09:20:03.600Z</time></trkpt>
      <trkpt lat="24.461654" lon="111.154687"><time>2026-08-22T09:20:03.616Z</time></trkpt>
      <trkpt lat="24.461654" lon="111.154687"><time>2026-08-22T09:20:03.633Z</time></trkpt>
      <trkpt lat="24.461654" lon="111.154687"><time>2026-08-22T09:20:03.650Z</time></trkpt>
      <trkpt lat="24.461654" lon="111.154687"><time>2026-08-22T09:20:03.666Z</time></trkpt>
      <trkpt lat="24.461651" lon="111.154681"><time>2026-08-22T09:20:03.683Z</time></trkpt>
      <trkpt lat="24.461651" lon="111.154681"><time>2026-08-22T09:20:03.700Z</time></trkpt>
      <trkpt lat="24.461651" lon="111.154681"><time>2026-08-22T09:20:03.716Z</time></trkpt>
      <trkpt lat="24.461651" lon="111.154681"><time>2026-08-22T09:20:03.733Z</time></trkpt>
      <trkpt lat="24.461651" lon="111.154681"><time>2026-08-22T09:20:03.750Z</time></trkpt>
      <trkpt lat="24.461651" lon="111.154681"><time>2026-08-22T09:20:03.766Z</time></trkpt>
      <trkpt lat="24.461648" lon="111.154676"><time>2026-08-22T09:20:03.783Z</time></trkpt>
      <trkpt lat="24.461648" lon="111.154676"><time>2026-08-22T09:20:03.800Z</time></trkpt>
      <trkpt lat="24.461648" lon="111.154676"><time>2026-08-22T09:20:03.816Z</time></trkpt>
      <trkpt lat="24.461648" lon="111.154676"><time>2026-08-22T09:20:03.833Z</time></trkpt>
      <trkpt lat="24.461648" lon="111.154676"><time>2026-08-22T09:20:03.850Z</time></trkpt>
      <trkpt lat="24.461648" lon="111.154676"><time>2026-08-22T09:20:03.866Z</time></trkpt>
      <trkpt lat="24.461646" lon="111.154671"><time>2026-08-22T09:20:03.883Z</time></trkpt>
      <trkpt lat="24.461646" lon="111.154671"><time>2026-08-22T09:20:03.900Z</time></trkpt>
      <trkpt lat="24.461646" lon="111.154671"><time>2026-08-22T09:20:03.917Z</time></trkpt>
      <trkpt lat="24.461646" lon="111.154671"><time>2026-08-22T09:20:03.933Z</time></trkpt>
      <trkpt lat="24.461646" lon="111.154671"><time>2026-08-22T09:20:03.950Z</time></trkpt>
      <trkpt lat="24.461646" lon="111.154671"><time>2026-08-22T09:20:03.967Z</time></trkpt>
      <trkpt lat="24.461643" lon="111.154666"><time>2026-08-22T09:20:03.983Z</time></trkpt>
      <trkpt lat="24.461643" lon="111.154666"><time>2026-08-22T09:20:04.000Z</time></trkpt>
      <trkpt lat="24.461643" lon="111.154666"><time>2026-08-22T09:20:04.017Z</time></trkpt>
      <trkpt lat="24.461643" lon="111.154666"><time>2026-08-22T09:20:04.033Z</time></trkpt>
      <trkpt lat="24.461643" lon="111.154666"><time>2026-08-22T09:20:04.050Z</time></trkpt>
      <trkpt lat="24.461643" lon="111.154666"><time>2026-08-22T09:20:04.067Z</time></trkpt>
      <trkpt lat="24.461641" lon="111.15466"><time>2026-08-22T09:20:04.083Z</time></trkpt>
      <trkpt lat="24.461641" lon="111.15466"><time>2026-08-22T09:20:04.100Z</time></trkpt>
      <trkpt lat="24.461641" lon="111.15466"><time>2026-08-22T09:20:04.117Z</time></trkpt>
      <trkpt lat="24.461641" lon="111.15466"><time>2026-08-22T09:20:04.133Z</time></trkpt>
      <trkpt lat="24.461641" lon="111.15466"><time>2026-08-22T09:20:04.150Z</time></trkpt>
      <trkpt lat="24.461641" lon="111.15466"><time>2026-08-22T09:20:04.167Z</time></trkpt>
      <trkpt lat="24.461639" lon="111.154655"><time>2026-08-22T09:20:04.183Z</time></trkpt>
      <trkpt lat="24.461639" lon="111.154655"><time>2026-08-22T09:20:04.200Z</time></trkpt>
      <trkpt lat="24.461639" lon="111.154655"><time>2026-08-22T09:20:04.217Z</time></trkpt>
      <trkpt lat="24.461639" lon="111.154655"><time>2026-08-22T09:20:04.234Z</time></trkpt>
      <trkpt lat="24.461639" lon="111.154655"><time>2026-08-22T09:20:04.250Z</time></trkpt>
      <trkpt lat="24.461639" lon="111.154655"><time>2026-08-22T09:20:04.267Z</time></trkpt>
      <trkpt lat="24.461639" lon="111.154655"><time>2026-08-22T09:20:04.284Z</time></trkpt>
      <trkpt lat="24.461638" lon="111.15465"><time>2026-08-22T09:20:04.300Z</time></trkpt>
      <trkpt lat="24.461638" lon="111.15465"><time>2026-08-22T09:20:04.317Z</time></trkpt>
      <trkpt lat="24.461638" lon="111.15465"><time>2026-08-22T09:20:04.334Z</time></trkpt>
      <trkpt lat="24.461638" lon="111.15465"><time>2026-08-22T09:20:04.350Z</time></trkpt>
      <trkpt lat="24.461638" lon="111.15465"><time>2026-08-22T09:20:04.367Z</time></trkpt>
      <trkpt lat="24.461636" lon="111.154646"><time>2026-08-22T09:20:04.384Z</time></trkpt>
      <trkpt lat="24.461636" lon="111.154646"><time>2026-08-22T09:20:04.400Z</time></trkpt>
      <trkpt lat="24.461636" lon="111.154646"><time>2026-08-22T09:20:04.417Z</time></trkpt>
      <trkpt lat="24.461636" lon="111.154646"><time>2026-08-22T09:20:04.434Z</time></trkpt>
      <trkpt lat="24.461636" lon="111.154646"><time>2026-08-22T09:20:04.450Z</time></trkpt>
      <trkpt lat="24.461636" lon="111.154646"><time>2026-08-22T09:20:04.467Z</time></trkpt>
      <trkpt lat="24.461634" lon="111.154641"><time>2026-08-22T09:20:04.484Z</time></trkpt>
      <trkpt lat="24.461634" lon="111.154641"><time>2026-08-22T09:20:04.500Z</time></trkpt>
      <trkpt lat="24.461634" lon="111.154641"><time>2026-08-22T09:20:04.517Z</time></trkpt>
      <trkpt lat="24.461634" lon="111.154641"><time>2026-08-22T09:20:04.534Z</time></trkpt>
      <trkpt lat="24.461634" lon="111.154641"><time>2026-08-22T09:20:04.550Z</time></trkpt>
      <trkpt lat="24.461634" lon="111.154641"><time>2026-08-22T09:20:04.567Z</time></trkpt>
      <trkpt lat="24.461632" lon="111.154637"><time>2026-08-22T09:20:04.584Z</time></trkpt>
      <trkpt lat="24.461632" lon="111.154637"><time>2026-08-22T09:20:04.601Z</time></trkpt>
      <trkpt lat="24.461632" lon="111.154637"><time>2026-08-22T09:20:04.617Z</time></trkpt>
      <trkpt lat="24.461632" lon="111.154637"><time>2026-08-22T09:20:04.634Z</time></trkpt>
      <trkpt lat="24.461632" lon="111.154637"><time>2026-08-22T09:20:04.651Z</time></trkpt>
      <trkpt lat="24.461632" lon="111.154637"><time>2026-08-22T09:20:04.667Z</time></trkpt>
      <trkpt lat="24.461631" lon="111.154632"><time>2026-08-22T09:20:04.684Z</time></trkpt>
      <trkpt lat="24.461631" lon="111.154632"><time>2026-08-22T09:20:04.701Z</time></trkpt>
      <trkpt lat="24.461631" lon="111.154632"><time>2026-08-22T09:20:04.717Z</time></trkpt>
      <trkpt lat="24.461631" lon="111.154632"><time>2026-08-22T09:20:04.734Z</time></trkpt>
      <trkpt lat="24.461631" lon="111.154632"><time>2026-08-22T09:20:04.751Z</time></trkpt>
      <trkpt lat="24.461631" lon="111.154632"><time>2026-08-22T09:20:04.767Z</time></trkpt>
      <trkpt lat="24.461629" lon="111.154627"><time>2026-08-22T09:20:04.784Z</time></trkpt>
      <trkpt lat="24.461629" lon="111.154627"><time>2026-08-22T09:20:04.801Z</time></trkpt>
      <trkpt lat="24.461629" lon="111.154627"><time>2026-08-22T09:20:04.817Z</time></trkpt>
      <trkpt lat="24.461629" lon="111.154627"><time>2026-08-22T09:20:04.834Z</time></trkpt>
      <trkpt lat="24.461629" lon="111.154627"><time>2026-08-22T09:20:04.851Z</time></trkpt>
      <trkpt lat="24.461629" lon="111.154627"><time>2026-08-22T09:20:04.867Z</time></trkpt>
      <trkpt lat="24.461627" lon="111.154623"><time>2026-08-22T09:20:04.884Z</time></trkpt>
      <trkpt lat="24.461627" lon="111.154623"><time>2026-08-22T09:20:04.901Z</time></trkpt>
      <trkpt lat="24.461627" lon="111.154623"><time>2026-08-22T09:20:04.918Z</time></trkpt>
      <trkpt lat="24.461627" lon="111.154623"><time>2026-08-22T09:20:04.934Z</time></trkpt>
      <trkpt lat="24.461627" lon="111.154623"><time>2026-08-22T09:20:04.951Z</time></trkpt>
      <trkpt lat="24.461627" lon="111.154623"><time>2026-08-22T09:20:04.968Z</time></trkpt>
      <trkpt lat="24.461625" lon="111.154618"><time>2026-08-22T09:20:04.984Z</time></trkpt>
      <trkpt lat="24.461625" lon="111.154618"><time>2026-08-22T09:20:05.001Z</time></trkpt>
      <trkpt lat="24.461625" lon="111.154618"><time>2026-08-22T09:20:05.018Z</time></trkpt>
      <trkpt lat="24.461625" lon="111.154618"><time>2026-08-22T09:20:05.034Z</time></trkpt>
      <trkpt lat="24.461625" lon="111.154618"><time>2026-08-22T09:20:05.051Z</time></trkpt>
      <trkpt lat="24.461625" lon="111.154618"><time>2026-08-22T09:20:05.068Z</time></trkpt>
      <trkpt lat="24.461623" lon="111.154614"><time>2026-08-22T09:20:05.084Z</time></trkpt>
      <trkpt lat="24.461623" lon="111.154614"><time>2026-08-22T09:20:05.101Z</time></trkpt>
      <trkpt lat="24.461623" lon="111.154614"><time>2026-08-22T09:20:05.118Z</time></trkpt>
      <trkpt lat="24.461623" lon="111.154614"><time>2026-08-22T09:20:05.134Z</time></trkpt>
      <trkpt lat="24.461623" lon="111.154614"><time>2026-08-22T09:20:05.151Z</time></trkpt>
      <trkpt lat="24.461623" lon="111.154614"><time>2026-08-22T09:20:05.168Z</time></trkpt>
      <trkpt lat="24.461621" lon="111.154609"><time>2026-08-22T09:20:05.184Z</time></trkpt>
      <trkpt lat="24.461621" lon="111.154609"><time>2026-08-22T09:20:05.201Z</time></trkpt>
      <trkpt lat="24.461621" lon="111.154609"><time>2026-08-22T09:20:05.218Z</time></trkpt>
      <trkpt lat="24.461621" lon="111.154609"><time>2026-08-22T09:20:05.235Z</time></trkpt>
      <trkpt lat="24.461621" lon="111.154609"><time>2026-08-22T09:20:05.251Z</time></trkpt>
      <trkpt lat="24.461621" lon="111.154609"><time>2026-08-22T09:20:05.268Z</time></trkpt>
      <trkpt lat="24.461619" lon="111.154605"><time>2026-08-22T09:20:05.285Z</time></trkpt>
      <trkpt lat="24.461619" lon="111.154605"><time>2026-08-22T09:20:05.301Z</time></trkpt>
      <trkpt lat="24.461619" lon="111.154605"><time>2026-08-22T09:20:05.318Z</time></trkpt>
      <trkpt lat="24.461619" lon="111.154605"><time>2026-08-22T09:20:05.335Z</time></trkpt>
      <trkpt lat="24.461619" lon="111.154605"><time>2026-08-22T09:20:05.351Z</time></trkpt>
      <trkpt lat="24.461619" lon="111.154605"><time>2026-08-22T09:20:05.368Z</time></trkpt>
      <trkpt lat="24.46162" lon="111.154599"><time>2026-08-22T09:20:05.385Z</time></trkpt>
      <trkpt lat="24.46162" lon="111.154599"><time>2026-08-22T09:20:05.401Z</time></trkpt>
      <trkpt lat="24.46162" lon="111.154599"><time>2026-08-22T09:20:05.418Z</time></trkpt>
      <trkpt lat="24.46162" lon="111.154599"><time>2026-08-22T09:20:05.435Z</time></trkpt>
      <trkpt lat="24.46162" lon="111.154599"><time>2026-08-22T09:20:05.451Z</time></trkpt>
      <trkpt lat="24.46162" lon="111.154599"><time>2026-08-22T09:20:05.468Z</time></trkpt>
      <trkpt lat="24.461618" lon="111.154595"><time>2026-08-22T09:20:05.485Z</time></trkpt>
      <trkpt lat="24.461618" lon="111.154595"><time>2026-08-22T09:20:05.501Z</time></trkpt>
      <trkpt lat="24.461618" lon="111.154595"><time>2026-08-22T09:20:05.518Z</time></trkpt>
      <trkpt lat="24.461618" lon="111.154595"><time>2026-08-22T09:20:05.535Z</time></trkpt>
      <trkpt lat="24.461618" lon="111.154595"><time>2026-08-22T09:20:05.552Z</time></trkpt>
      <trkpt lat="24.461618" lon="111.154595"><time>2026-08-22T09:20:05.568Z</time></trkpt>
      <trkpt lat="24.461615" lon="111.15459"><time>2026-08-22T09:20:05.585Z</time></trkpt>
      <trkpt lat="24.461615" lon="111.15459"><time>2026-08-22T09:20:05.602Z</time></trkpt>
      <trkpt lat="24.461615" lon="111.15459"><time>2026-08-22T09:20:05.618Z</time></trkpt>
      <trkpt lat="24.461615" lon="111.15459"><time>2026-08-22T09:20:05.635Z</time></trkpt>
      <trkpt lat="24.461615" lon="111.15459"><time>2026-08-22T09:20:05.652Z</time></trkpt>
      <trkpt lat="24.461615" lon="111.15459"><time>2026-08-22T09:20:05.668Z</time></trkpt>
      <trkpt lat="24.461613" lon="111.154586"><time>2026-08-22T09:20:05.685Z</time></trkpt>
      <trkpt lat="24.461613" lon="111.154586"><time>2026-08-22T09:20:05.702Z</time></trkpt>
      <trkpt lat="24.461613" lon="111.154586"><time>2026-08-22T09:20:05.718Z</time></trkpt>
      <trkpt lat="24.461613" lon="111.154586"><time>2026-08-22T09:20:05.735Z</time></trkpt>
      <trkpt lat="24.461613" lon="111.154586"><time>2026-08-22T09:20:05.752Z</time></trkpt>
      <trkpt lat="24.461613" lon="111.154586"><time>2026-08-22T09:20:05.768Z</time></trkpt>
      <trkpt lat="24.461611" lon="111.154582"><time>2026-08-22T09:20:05.785Z</time></trkpt>
      <trkpt lat="24.461611" lon="111.154582"><time>2026-08-22T09:20:05.802Z</time></trkpt>
      <trkpt lat="24.461611" lon="111.154582"><time>2026-08-22T09:20:05.818Z</time></trkpt>
      <trkpt lat="24.461611" lon="111.154582"><time>2026-08-22T09:20:05.835Z</time></trkpt>
      <trkpt lat="24.461611" lon="111.154582"><time>2026-08-22T09:20:05.852Z</time></trkpt>
      <trkpt lat="24.461611" lon="111.154582"><time>2026-08-22T09:20:05.869Z</time></trkpt>
      <trkpt lat="24.461608" lon="111.154578"><time>2026-08-22T09:20:05.885Z</time></trkpt>
      <trkpt lat="24.461608" lon="111.154578"><time>2026-08-22T09:20:05.902Z</time></trkpt>
      <trkpt lat="24.461608" lon="111.154578"><time>2026-08-22T09:20:05.919Z</time></trkpt>
      <trkpt lat="24.461608" lon="111.154578"><time>2026-08-22T09:20:05.935Z</time></trkpt>
      <trkpt lat="24.461608" lon="111.154578"><time>2026-08-22T09:20:05.952Z</time></trkpt>
      <trkpt lat="24.461608" lon="111.154578"><time>2026-08-22T09:20:05.969Z</time></trkpt>
      <trkpt lat="24.461606" lon="111.154574"><time>2026-08-22T09:20:05.985Z</time></trkpt>
      <trkpt lat="24.461606" lon="111.154574"><time>2026-08-22T09:20:06.002Z</time></trkpt>
      <trkpt lat="24.461606" lon="111.154574"><time>2026-08-22T09:20:06.019Z</time></trkpt>
      <trkpt lat="24.461606" lon="111.154574"><time>2026-08-22T09:20:06.035Z</time></trkpt>
      <trkpt lat="24.461606" lon="111.154574"><time>2026-08-22T09:20:06.052Z</time></trkpt>
      <trkpt lat="24.461606" lon="111.154574"><time>2026-08-22T09:20:06.069Z</time></trkpt>
      <trkpt lat="24.461603" lon="111.15457"><time>2026-08-22T09:20:06.085Z</time></trkpt>
      <trkpt lat="24.461603" lon="111.15457"><time>2026-08-22T09:20:06.102Z</time></trkpt>
      <trkpt lat="24.461603" lon="111.15457"><time>2026-08-22T09:20:06.119Z</time></trkpt>
      <trkpt lat="24.461603" lon="111.15457"><time>2026-08-22T09:20:06.135Z</time></trkpt>
      <trkpt lat="24.461603" lon="111.15457"><time>2026-08-22T09:20:06.152Z</time></trkpt>
      <trkpt lat="24.461603" lon="111.15457"><time>2026-08-22T09:20:06.169Z</time></trkpt>
      <trkpt lat="24.461601" lon="111.154566"><time>2026-08-22T09:20:06.186Z</time></trkpt>
      <trkpt lat="24.461601" lon="111.154566"><time>2026-08-22T09:20:06.202Z</time></trkpt>
      <trkpt lat="24.461601" lon="111.154566"><time>2026-08-22T09:20:06.219Z</time></trkpt>
      <trkpt lat="24.461601" lon="111.154566"><time>2026-08-22T09:20:06.236Z</time></trkpt>
      <trkpt lat="24.461601" lon="111.154566"><time>2026-08-22T09:20:06.252Z</time></trkpt>
      <trkpt lat="24.461601" lon="111.154566"><time>2026-08-22T09:20:06.269Z</time></trkpt>
      <trkpt lat="24.461598" lon="111.154562"><time>2026-08-22T09:20:06.286Z</time></trkpt>
      <trkpt lat="24.461598" lon="111.154562"><time>2026-08-22T09:20:06.302Z</time></trkpt>
      <trkpt lat="24.461598" lon="111.154562"><time>2026-08-22T09:20:06.319Z</time></trkpt>
      <trkpt lat="24.461598" lon="111.154562"><time>2026-08-22T09:20:06.336Z</time></trkpt>
      <trkpt lat="24.461598" lon="111.154562"><time>2026-08-22T09:20:06.352Z</time></trkpt>
      <trkpt lat="24.461598" lon="111.154562"><time>2026-08-22T09:20:06.369Z</time></trkpt>
      <trkpt lat="24.461595" lon="111.154558"><time>2026-08-22T09:20:06.386Z</time></trkpt>
      <trkpt lat="24.461595" lon="111.154558"><time>2026-08-22T09:20:06.402Z</time></trkpt>
      <trkpt lat="24.461595" lon="111.154558"><time>2026-08-22T09:20:06.419Z</time></trkpt>
      <trkpt lat="24.461595" lon="111.154558"><time>2026-08-22T09:20:06.436Z</time></trkpt>
      <trkpt lat="24.461595" lon="111.154558"><time>2026-08-22T09:20:06.452Z</time></trkpt>
      <trkpt lat="24.461595" lon="111.154558"><time>2026-08-22T09:20:06.469Z</time></trkpt>
      <trkpt lat="24.461593" lon="111.154554"><time>2026-08-22T09:20:06.486Z</time></trkpt>
      <trkpt lat="24.461593" lon="111.154554"><time>2026-08-22T09:20:06.503Z</time></trkpt>
      <trkpt lat="24.461593" lon="111.154554"><time>2026-08-22T09:20:06.519Z</time></trkpt>
      <trkpt lat="24.461593" lon="111.154554"><time>2026-08-22T09:20:06.536Z</time></trkpt>
      <trkpt lat="24.461593" lon="111.154554"><time>2026-08-22T09:20:06.553Z</time></trkpt>
      <trkpt lat="24.461593" lon="111.154554"><time>2026-08-22T09:20:06.569Z</time></trkpt>
      <trkpt lat="24.461591" lon="111.15455"><time>2026-08-22T09:20:06.586Z</time></trkpt>
      <trkpt lat="24.461591" lon="111.15455"><time>2026-08-22T09:20:06.603Z</time></trkpt>
      <trkpt lat="24.461591" lon="111.15455"><time>2026-08-22T09:20:06.619Z</time></trkpt>
      <trkpt lat="24.461591" lon="111.15455"><time>2026-08-22T09:20:06.636Z</time></trkpt>
      <trkpt lat="24.461591" lon="111.15455"><time>2026-08-22T09:20:06.653Z</time></trkpt>
      <trkpt lat="24.461591" lon="111.15455"><time>2026-08-22T09:20:06.669Z</time></trkpt>
      <trkpt lat="24.461588" lon="111.154545"><time>2026-08-22T09:20:06.686Z</time></trkpt>
      <trkpt lat="24.461588" lon="111.154545"><time>2026-08-22T09:20:06.703Z</time></trkpt>
      <trkpt lat="24.461588" lon="111.154545"><time>2026-08-22T09:20:06.719Z</time></trkpt>
      <trkpt lat="24.461588" lon="111.154545"><time>2026-08-22T09:20:06.736Z</time></trkpt>
      <trkpt lat="24.461588" lon="111.154545"><time>2026-08-22T09:20:06.753Z</time></trkpt>
      <trkpt lat="24.461588" lon="111.154545"><time>2026-08-22T09:20:06.769Z</time></trkpt>
      <trkpt lat="24.461586" lon="111.154541"><time>2026-08-22T09:20:06.786Z</time></trkpt>
      <trkpt lat="24.461586" lon="111.154541"><time>2026-08-22T09:20:06.803Z</time></trkpt>
      <trkpt lat="24.461586" lon="111.154541"><time>2026-08-22T09:20:06.820Z</time></trkpt>
      <trkpt lat="24.461586" lon="111.154541"><time>2026-08-22T09:20:06.836Z</time></trkpt>
      <trkpt lat="24.461586" lon="111.154541"><time>2026-08-22T09:20:06.853Z</time></trkpt>
      <trkpt lat="24.461586" lon="111.154541"><time>2026-08-22T09:20:06.870Z</time></trkpt>
      <trkpt lat="24.461583" lon="111.154536"><time>2026-08-22T09:20:06.886Z</time></trkpt>
      <trkpt lat="24.461583" lon="111.154536"><time>2026-08-22T09:20:06.903Z</time></trkpt>
      <trkpt lat="24.461583" lon="111.154536"><time>2026-08-22T09:20:06.920Z</time></trkpt>
      <trkpt lat="24.461583" lon="111.154536"><time>2026-08-22T09:20:06.936Z</time></trkpt>
      <trkpt lat="24.461583" lon="111.154536"><time>2026-08-22T09:20:06.953Z</time></trkpt>
      <trkpt lat="24.461583" lon="111.154536"><time>2026-08-22T09:20:06.970Z</time></trkpt>
      <trkpt lat="24.461581" lon="111.154532"><time>2026-08-22T09:20:06.986Z</time></trkpt>
      <trkpt lat="24.461581" lon="111.154532"><time>2026-08-22T09:20:07.003Z</time></trkpt>
      <trkpt lat="24.461581" lon="111.154532"><time>2026-08-22T09:20:07.020Z</time></trkpt>
      <trkpt lat="24.461581" lon="111.154532"><time>2026-08-22T09:20:07.036Z</time></trkpt>
      <trkpt lat="24.461581" lon="111.154532"><time>2026-08-22T09:20:07.053Z</time></trkpt>
      <trkpt lat="24.461581" lon="111.154532"><time>2026-08-22T09:20:07.070Z</time></trkpt>
      <trkpt lat="24.461578" lon="111.154527"><time>2026-08-22T09:20:07.086Z</time></trkpt>
      <trkpt lat="24.461578" lon="111.154527"><time>2026-08-22T09:20:07.103Z</time></trkpt>
      <trkpt lat="24.461578" lon="111.154527"><time>2026-08-22T09:20:07.120Z</time></trkpt>
      <trkpt lat="24.461578" lon="111.154527"><time>2026-08-22T09:20:07.137Z</time></trkpt>
      <trkpt lat="24.461578" lon="111.154527"><time>2026-08-22T09:20:07.153Z</time></trkpt>
      <trkpt lat="24.461578" lon="111.154527"><time>2026-08-22T09:20:07.170Z</time></trkpt>
      <trkpt lat="24.461576" lon="111.154523"><time>2026-08-22T09:20:07.187Z</time></trkpt>
      <trkpt lat="24.461576" lon="111.154523"><time>2026-08-22T09:20:07.203Z</time></trkpt>
      <trkpt lat="24.461576" lon="111.154523"><time>2026-08-22T09:20:07.220Z</time></trkpt>
      <trkpt lat="24.461576" lon="111.154523"><time>2026-08-22T09:20:07.237Z</time></trkpt>
      <trkpt lat="24.461576" lon="111.154523"><time>2026-08-22T09:20:07.253Z</time></trkpt>
      <trkpt lat="24.461576" lon="111.154523"><time>2026-08-22T09:20:07.270Z</time></trkpt>
      <trkpt lat="24.461573" lon="111.154518"><time>2026-08-22T09:20:07.287Z</time></trkpt>
      <trkpt lat="24.461573" lon="111.154518"><time>2026-08-22T09:20:07.303Z</time></trkpt>
      <trkpt lat="24.461573" lon="111.154518"><time>2026-08-22T09:20:07.320Z</time></trkpt>
      <trkpt lat="24.461573" lon="111.154518"><time>2026-08-22T09:20:07.337Z</time></trkpt>
      <trkpt lat="24.461573" lon="111.154518"><time>2026-08-22T09:20:07.353Z</time></trkpt>
      <trkpt lat="24.461573" lon="111.154518"><time>2026-08-22T09:20:07.370Z</time></trkpt>
      <trkpt lat="24.461571" lon="111.154513"><time>2026-08-22T09:20:07.387Z</time></trkpt>
      <trkpt lat="24.461571" lon="111.154513"><time>2026-08-22T09:20:07.403Z</time></trkpt>
      <trkpt lat="24.461571" lon="111.154513"><time>2026-08-22T09:20:07.420Z</time></trkpt>
      <trkpt lat="24.461571" lon="111.154513"><time>2026-08-22T09:20:07.437Z</time></trkpt>
      <trkpt lat="24.461571" lon="111.154513"><time>2026-08-22T09:20:07.454Z</time></trkpt>
      <trkpt lat="24.461571" lon="111.154513"><time>2026-08-22T09:20:07.470Z</time></trkpt>
      <trkpt lat="24.461568" lon="111.154508"><time>2026-08-22T09:20:07.487Z</time></trkpt>
      <trkpt lat="24.461568" lon="111.154508"><time>2026-08-22T09:20:07.504Z</time></trkpt>
      <trkpt lat="24.461568" lon="111.154508"><time>2026-08-22T09:20:07.520Z</time></trkpt>
      <trkpt lat="24.461568" lon="111.154508"><time>2026-08-22T09:20:07.537Z</time></trkpt>
      <trkpt lat="24.461568" lon="111.154508"><time>2026-08-22T09:20:07.554Z</time></trkpt>
      <trkpt lat="24.461568" lon="111.154508"><time>2026-08-22T09:20:07.570Z</time></trkpt>
      <trkpt lat="24.461566" lon="111.154504"><time>2026-08-22T09:20:07.587Z</time></trkpt>
      <trkpt lat="24.461566" lon="111.154504"><time>2026-08-22T09:20:07.604Z</time></trkpt>
      <trkpt lat="24.461566" lon="111.154504"><time>2026-08-22T09:20:07.620Z</time></trkpt>
      <trkpt lat="24.461566" lon="111.154504"><time>2026-08-22T09:20:07.637Z</time></trkpt>
      <trkpt lat="24.461566" lon="111.154504"><time>2026-08-22T09:20:07.654Z</time></trkpt>
      <trkpt lat="24.461566" lon="111.154504"><time>2026-08-22T09:20:07.670Z</time></trkpt>
      <trkpt lat="24.461563" lon="111.154498"><time>2026-08-22T09:20:07.687Z</time></trkpt>
      <trkpt lat="24.461563" lon="111.154498"><time>2026-08-22T09:20:07.704Z</time></trkpt>
      <trkpt lat="24.461563" lon="111.154498"><time>2026-08-22T09:20:07.720Z</time></trkpt>
      <trkpt lat="24.461563" lon="111.154498"><time>2026-08-22T09:20:07.737Z</time></trkpt>
      <trkpt lat="24.461563" lon="111.154498"><time>2026-08-22T09:20:07.754Z</time></trkpt>
      <trkpt lat="24.461563" lon="111.154498"><time>2026-08-22T09:20:07.771Z</time></trkpt>
      <trkpt lat="24.461561" lon="111.154494"><time>2026-08-22T09:20:07.787Z</time></trkpt>
      <trkpt lat="24.461561" lon="111.154494"><time>2026-08-22T09:20:07.804Z</time></trkpt>
      <trkpt lat="24.461561" lon="111.154494"><time>2026-08-22T09:20:07.821Z</time></trkpt>
      <trkpt lat="24.461561" lon="111.154494"><time>2026-08-22T09:20:07.837Z</time></trkpt>
      <trkpt lat="24.461561" lon="111.154494"><time>2026-08-22T09:20:07.854Z</time></trkpt>
      <trkpt lat="24.461561" lon="111.154494"><time>2026-08-22T09:20:07.871Z</time></trkpt>
      <trkpt lat="24.461558" lon="111.154489"><time>2026-08-22T09:20:07.887Z</time></trkpt>
      <trkpt lat="24.461558" lon="111.154489"><time>2026-08-22T09:20:07.904Z</time></trkpt>
      <trkpt lat="24.461558" lon="111.154489"><time>2026-08-22T09:20:07.921Z</time></trkpt>
      <trkpt lat="24.461558" lon="111.154489"><time>2026-08-22T09:20:07.937Z</time></trkpt>
      <trkpt lat="24.461558" lon="111.154489"><time>2026-08-22T09:20:07.954Z</time></trkpt>
      <trkpt lat="24.461558" lon="111.154489"><time>2026-08-22T09:20:07.971Z</time></trkpt>
      <trkpt lat="24.461556" lon="111.154484"><time>2026-08-22T09:20:07.987Z</time></trkpt>
      <trkpt lat="24.461556" lon="111.154484"><time>2026-08-22T09:20:08.004Z</time></trkpt>
      <trkpt lat="24.461556" lon="111.154484"><time>2026-08-22T09:20:08.021Z</time></trkpt>
      <trkpt lat="24.461556" lon="111.154484"><time>2026-08-22T09:20:08.037Z</time></trkpt>
      <trkpt lat="24.461556" lon="111.154484"><time>2026-08-22T09:20:08.054Z</time></trkpt>
      <trkpt lat="24.461556" lon="111.154484"><time>2026-08-22T09:20:08.071Z</time></trkpt>
      <trkpt lat="24.461553" lon="111.154479"><time>2026-08-22T09:20:08.088Z</time></trkpt>
      <trkpt lat="24.461553" lon="111.154479"><time>2026-08-22T09:20:08.104Z</time></trkpt>
      <trkpt lat="24.461553" lon="111.154479"><time>2026-08-22T09:20:08.121Z</time></trkpt>
      <trkpt lat="24.461553" lon="111.154479"><time>2026-08-22T09:20:08.138Z</time></trkpt>
      <trkpt lat="24.461553" lon="111.154479"><time>2026-08-22T09:20:08.154Z</time></trkpt>
      <trkpt lat="24.461553" lon="111.154479"><time>2026-08-22T09:20:08.171Z</time></trkpt>
      <trkpt lat="24.461551" lon="111.154475"><time>2026-08-22T09:20:08.188Z</time></trkpt>
      <trkpt lat="24.461551" lon="111.154475"><time>2026-08-22T09:20:08.204Z</time></trkpt>
      <trkpt lat="24.461551" lon="111.154475"><time>2026-08-22T09:20:08.221Z</time></trkpt>
      <trkpt lat="24.461551" lon="111.154475"><time>2026-08-22T09:20:08.238Z</time></trkpt>
      <trkpt lat="24.461551" lon="111.154475"><time>2026-08-22T09:20:08.254Z</time></trkpt>
      <trkpt lat="24.461551" lon="111.154475"><time>2026-08-22T09:20:08.271Z</time></trkpt>
      <trkpt lat="24.461548" lon="111.15447"><time>2026-08-22T09:20:08.288Z</time></trkpt>
      <trkpt lat="24.461548" lon="111.15447"><time>2026-08-22T09:20:08.304Z</time></trkpt>
      <trkpt lat="24.461548" lon="111.15447"><time>2026-08-22T09:20:08.321Z</time></trkpt>
      <trkpt lat="24.461548" lon="111.15447"><time>2026-08-22T09:20:08.338Z</time></trkpt>
      <trkpt lat="24.461548" lon="111.15447"><time>2026-08-22T09:20:08.354Z</time></trkpt>
      <trkpt lat="24.461548" lon="111.15447"><time>2026-08-22T09:20:08.371Z</time></trkpt>
      <trkpt lat="24.461546" lon="111.154466"><time>2026-08-22T09:20:08.388Z</time></trkpt>
      <trkpt lat="24.461546" lon="111.154466"><time>2026-08-22T09:20:08.405Z</time></trkpt>
      <trkpt lat="24.461546" lon="111.154466"><time>2026-08-22T09:20:08.421Z</time></trkpt>
      <trkpt lat="24.461546" lon="111.154466"><time>2026-08-22T09:20:08.438Z</time></trkpt>
      <trkpt lat="24.461546" lon="111.154466"><time>2026-08-22T09:20:08.455Z</time></trkpt>
      <trkpt lat="24.461546" lon="111.154466"><time>2026-08-22T09:20:08.471Z</time></trkpt>
      <trkpt lat="24.461543" lon="111.154462"><time>2026-08-22T09:20:08.488Z</time></trkpt>
      <trkpt lat="24.461543" lon="111.154462"><time>2026-08-22T09:20:08.505Z</time></trkpt>
      <trkpt lat="24.461543" lon="111.154462"><time>2026-08-22T09:20:08.521Z</time></trkpt>
      <trkpt lat="24.461543" lon="111.154462"><time>2026-08-22T09:20:08.538Z</time></trkpt>
      <trkpt lat="24.461543" lon="111.154462"><time>2026-08-22T09:20:08.555Z</time></trkpt>
      <trkpt lat="24.461543" lon="111.154462"><time>2026-08-22T09:20:08.571Z</time></trkpt>
      <trkpt lat="24.46154" lon="111.154457"><time>2026-08-22T09:20:08.588Z</time></trkpt>
      <trkpt lat="24.46154" lon="111.154457"><time>2026-08-22T09:20:08.605Z</time></trkpt>
      <trkpt lat="24.46154" lon="111.154457"><time>2026-08-22T09:20:08.621Z</time></trkpt>
      <trkpt lat="24.46154" lon="111.154457"><time>2026-08-22T09:20:08.638Z</time></trkpt>
      <trkpt lat="24.46154" lon="111.154457"><time>2026-08-22T09:20:08.655Z</time></trkpt>
      <trkpt lat="24.46154" lon="111.154457"><time>2026-08-22T09:20:08.671Z</time></trkpt>
      <trkpt lat="24.461538" lon="111.154453"><time>2026-08-22T09:20:08.688Z</time></trkpt>
      <trkpt lat="24.461538" lon="111.154453"><time>2026-08-22T09:20:08.705Z</time></trkpt>
      <trkpt lat="24.461538" lon="111.154453"><time>2026-08-22T09:20:08.722Z</time></trkpt>
      <trkpt lat="24.461538" lon="111.154453"><time>2026-08-22T09:20:08.738Z</time></trkpt>
      <trkpt lat="24.461538" lon="111.154453"><time>2026-08-22T09:20:08.755Z</time></trkpt>
      <trkpt lat="24.461538" lon="111.154453"><time>2026-08-22T09:20:08.772Z</time></trkpt>
      <trkpt lat="24.461535" lon="111.154449"><time>2026-08-22T09:20:08.788Z</time></trkpt>
      <trkpt lat="24.461535" lon="111.154449"><time>2026-08-22T09:20:08.805Z</time></trkpt>
      <trkpt lat="24.461535" lon="111.154449"><time>2026-08-22T09:20:08.822Z</time></trkpt>
      <trkpt lat="24.461535" lon="111.154449"><time>2026-08-22T09:20:08.838Z</time></trkpt>
      <trkpt lat="24.461535" lon="111.154449"><time>2026-08-22T09:20:08.855Z</time></trkpt>
      <trkpt lat="24.461535" lon="111.154449"><time>2026-08-22T09:20:08.872Z</time></trkpt>
      <trkpt lat="24.461532" lon="111.154444"><time>2026-08-22T09:20:08.888Z</time></trkpt>
      <trkpt lat="24.461532" lon="111.154444"><time>2026-08-22T09:20:08.905Z</time></trkpt>
      <trkpt lat="24.461532" lon="111.154444"><time>2026-08-22T09:20:08.922Z</time></trkpt>
      <trkpt lat="24.461532" lon="111.154444"><time>2026-08-22T09:20:08.938Z</time></trkpt>
      <trkpt lat="24.461532" lon="111.154444"><time>2026-08-22T09:20:08.955Z</time></trkpt>
      <trkpt lat="24.461532" lon="111.154444"><time>2026-08-22T09:20:08.972Z</time></trkpt>
      <trkpt lat="24.461529" lon="111.15444"><time>2026-08-22T09:20:08.988Z</time></trkpt>
      <trkpt lat="24.461529" lon="111.15444"><time>2026-08-22T09:20:09.005Z</time></trkpt>
      <trkpt lat="24.461529" lon="111.15444"><time>2026-08-22T09:20:09.022Z</time></trkpt>
      <trkpt lat="24.461529" lon="111.15444"><time>2026-08-22T09:20:09.039Z</time></trkpt>
      <trkpt lat="24.461529" lon="111.15444"><time>2026-08-22T09:20:09.055Z</time></trkpt>
      <trkpt lat="24.461529" lon="111.15444"><time>2026-08-22T09:20:09.072Z</time></trkpt>
      <trkpt lat="24.461527" lon="111.154436"><time>2026-08-22T09:20:09.089Z</time></trkpt>
      <trkpt lat="24.461527" lon="111.154436"><time>2026-08-22T09:20:09.105Z</time></trkpt>
      <trkpt lat="24.461527" lon="111.154436"><time>2026-08-22T09:20:09.122Z</time></trkpt>
      <trkpt lat="24.461527" lon="111.154436"><time>2026-08-22T09:20:09.139Z</time></trkpt>
      <trkpt lat="24.461527" lon="111.154436"><time>2026-08-22T09:20:09.155Z</time></trkpt>
      <trkpt lat="24.461527" lon="111.154436"><time>2026-08-22T09:20:09.172Z</time></trkpt>
      <trkpt lat="24.461524" lon="111.154432"><time>2026-08-22T09:20:09.189Z</time></trkpt>
      <trkpt lat="24.461524" lon="111.154432"><time>2026-08-22T09:20:09.205Z</time></trkpt>
      <trkpt lat="24.461524" lon="111.154432"><time>2026-08-22T09:20:09.222Z</time></trkpt>
      <trkpt lat="24.461524" lon="111.154432"><time>2026-08-22T09:20:09.239Z</time></trkpt>
      <trkpt lat="24.461524" lon="111.154432"><time>2026-08-22T09:20:09.255Z</time></trkpt>
      <trkpt lat="24.461524" lon="111.154432"><time>2026-08-22T09:20:09.272Z</time></trkpt>
      <trkpt lat="24.461521" lon="111.154427"><time>2026-08-22T09:20:09.289Z</time></trkpt>
      <trkpt lat="24.461521" lon="111.154427"><time>2026-08-22T09:20:09.305Z</time></trkpt>
      <trkpt lat="24.461521" lon="111.154427"><time>2026-08-22T09:20:09.322Z</time></trkpt>
      <trkpt lat="24.461521" lon="111.154427"><time>2026-08-22T09:20:09.339Z</time></trkpt>
      <trkpt lat="24.461521" lon="111.154427"><time>2026-08-22T09:20:09.356Z</time></trkpt>
      <trkpt lat="24.461521" lon="111.154427"><time>2026-08-22T09:20:09.372Z</time></trkpt>
      <trkpt lat="24.461518" lon="111.154423"><time>2026-08-22T09:20:09.389Z</time></trkpt>
      <trkpt lat="24.461518" lon="111.154423"><time>2026-08-22T09:20:09.406Z</time></trkpt>
      <trkpt lat="24.461518" lon="111.154423"><time>2026-08-22T09:20:09.422Z</time></trkpt>
      <trkpt lat="24.461518" lon="111.154423"><time>2026-08-22T09:20:09.439Z</time></trkpt>
      <trkpt lat="24.461518" lon="111.154423"><time>2026-08-22T09:20:09.456Z</time></trkpt>
      <trkpt lat="24.461518" lon="111.154423"><time>2026-08-22T09:20:09.472Z</time></trkpt>
      <trkpt lat="24.461515" lon="111.154419"><time>2026-08-22T09:20:09.489Z</time></trkpt>
      <trkpt lat="24.461515" lon="111.154419"><time>2026-08-22T09:20:09.506Z</time></trkpt>
      <trkpt lat="24.461515" lon="111.154419"><time>2026-08-22T09:20:09.522Z</time></trkpt>
      <trkpt lat="24.461515" lon="111.154419"><time>2026-08-22T09:20:09.539Z</time></trkpt>
      <trkpt lat="24.461515" lon="111.154419"><time>2026-08-22T09:20:09.556Z</time></trkpt>
      <trkpt lat="24.461515" lon="111.154419"><time>2026-08-22T09:20:09.572Z</time></trkpt>
      <trkpt lat="24.461513" lon="111.154415"><time>2026-08-22T09:20:09.589Z</time></trkpt>
      <trkpt lat="24.461513" lon="111.154415"><time>2026-08-22T09:20:09.606Z</time></trkpt>
      <trkpt lat="24.461513" lon="111.154415"><time>2026-08-22T09:20:09.622Z</time></trkpt>
      <trkpt lat="24.461513" lon="111.154415"><time>2026-08-22T09:20:09.639Z</time></trkpt>
      <trkpt lat="24.461513" lon="111.154415"><time>2026-08-22T09:20:09.656Z</time></trkpt>
      <trkpt lat="24.461513" lon="111.154415"><time>2026-08-22T09:20:09.673Z</time></trkpt>
      <trkpt lat="24.46151" lon="111.154411"><time>2026-08-22T09:20:09.689Z</time></trkpt>
      <trkpt lat="24.46151" lon="111.154411"><time>2026-08-22T09:20:09.706Z</time></trkpt>
      <trkpt lat="24.46151" lon="111.154411"><time>2026-08-22T09:20:09.723Z</time></trkpt>
      <trkpt lat="24.46151" lon="111.154411"><time>2026-08-22T09:20:09.739Z</time></trkpt>
      <trkpt lat="24.46151" lon="111.154411"><time>2026-08-22T09:20:09.756Z</time></trkpt>
      <trkpt lat="24.46151" lon="111.154411"><time>2026-08-22T09:20:09.773Z</time></trkpt>
      <trkpt lat="24.461507" lon="111.154407"><time>2026-08-22T09:20:09.789Z</time></trkpt>
      <trkpt lat="24.461507" lon="111.154407"><time>2026-08-22T09:20:09.806Z</time></trkpt>
      <trkpt lat="24.461507" lon="111.154407"><time>2026-08-22T09:20:09.823Z</time></trkpt>
      <trkpt lat="24.461507" lon="111.154407"><time>2026-08-22T09:20:09.839Z</time></trkpt>
      <trkpt lat="24.461507" lon="111.154407"><time>2026-08-22T09:20:09.856Z</time></trkpt>
      <trkpt lat="24.461507" lon="111.154407"><time>2026-08-22T09:20:09.873Z</time></trkpt>
      <trkpt lat="24.461504" lon="111.154403"><time>2026-08-22T09:20:09.889Z</time></trkpt>
      <trkpt lat="24.461504" lon="111.154403"><time>2026-08-22T09:20:09.906Z</time></trkpt>
      <trkpt lat="24.461504" lon="111.154403"><time>2026-08-22T09:20:09.923Z</time></trkpt>
      <trkpt lat="24.461504" lon="111.154403"><time>2026-08-22T09:20:09.939Z</time></trkpt>
      <trkpt lat="24.461504" lon="111.154403"><time>2026-08-22T09:20:09.956Z</time></trkpt>
      <trkpt lat="24.461504" lon="111.154403"><time>2026-08-22T09:20:09.973Z</time></trkpt>
      <trkpt lat="24.461501" lon="111.154398"><time>2026-08-22T09:20:09.990Z</time></trkpt>
      <trkpt lat="24.461501" lon="111.154398"><time>2026-08-22T09:20:10.006Z</time></trkpt>
      <trkpt lat="24.461501" lon="111.154398"><time>2026-08-22T09:20:10.023Z</time></trkpt>
      <trkpt lat="24.461501" lon="111.154398"><time>2026-08-22T09:20:10.040Z</time></trkpt>
      <trkpt lat="24.461501" lon="111.154398"><time>2026-08-22T09:20:10.056Z</time></trkpt>
      <trkpt lat="24.461501" lon="111.154398"><time>2026-08-22T09:20:10.073Z</time></trkpt>
      <trkpt lat="24.461498" lon="111.154394"><time>2026-08-22T09:20:10.090Z</time></trkpt>
      <trkpt lat="24.461498" lon="111.154394"><time>2026-08-22T09:20:10.106Z</time></trkpt>
      <trkpt lat="24.461498" lon="111.154394"><time>2026-08-22T09:20:10.123Z</time></trkpt>
      <trkpt lat="24.461498" lon="111.154394"><time>2026-08-22T09:20:10.140Z</time></trkpt>
      <trkpt lat="24.461498" lon="111.154394"><time>2026-08-22T09:20:10.156Z</time></trkpt>
      <trkpt lat="24.461498" lon="111.154394"><time>2026-08-22T09:20:10.173Z</time></trkpt>
      <trkpt lat="24.461495" lon="111.15439"><time>2026-08-22T09:20:10.190Z</time></trkpt>
      <trkpt lat="24.461495" lon="111.15439"><time>2026-08-22T09:20:10.206Z</time></trkpt>
      <trkpt lat="24.461495" lon="111.15439"><time>2026-08-22T09:20:10.223Z</time></trkpt>
      <trkpt lat="24.461495" lon="111.15439"><time>2026-08-22T09:20:10.240Z</time></trkpt>
      <trkpt lat="24.461495" lon="111.15439"><time>2026-08-22T09:20:10.256Z</time></trkpt>
      <trkpt lat="24.461495" lon="111.15439"><time>2026-08-22T09:20:10.273Z</time></trkpt>
      <trkpt lat="24.461492" lon="111.154385"><time>2026-08-22T09:20:10.290Z</time></trkpt>
      <trkpt lat="24.461492" lon="111.154385"><time>2026-08-22T09:20:10.307Z</time></trkpt>
      <trkpt lat="24.461492" lon="111.154385"><time>2026-08-22T09:20:10.323Z</time></trkpt>
      <trkpt lat="24.461492" lon="111.154385"><time>2026-08-22T09:20:10.340Z</time></trkpt>
      <trkpt lat="24.461492" lon="111.154385"><time>2026-08-22T09:20:10.357Z</time></trkpt>
      <trkpt lat="24.461492" lon="111.154385"><time>2026-08-22T09:20:10.373Z</time></trkpt>
      <trkpt lat="24.461489" lon="111.154381"><time>2026-08-22T09:20:10.390Z</time></trkpt>
      <trkpt lat="24.461489" lon="111.154381"><time>2026-08-22T09:20:10.407Z</time></trkpt>
      <trkpt lat="24.461489" lon="111.154381"><time>2026-08-22T09:20:10.423Z</time></trkpt>
      <trkpt lat="24.461489" lon="111.154381"><time>2026-08-22T09:20:10.440Z</time></trkpt>
      <trkpt lat="24.461489" lon="111.154381"><time>2026-08-22T09:20:10.457Z</time></trkpt>
      <trkpt lat="24.461489" lon="111.154381"><time>2026-08-22T09:20:10.473Z</time></trkpt>
      <trkpt lat="24.461486" lon="111.154377"><time>2026-08-22T09:20:10.490Z</time></trkpt>
      <trkpt lat="24.461486" lon="111.154377"><time>2026-08-22T09:20:10.507Z</time></trkpt>
      <trkpt lat="24.461486" lon="111.154377"><time>2026-08-22T09:20:10.523Z</time></trkpt>
      <trkpt lat="24.461486" lon="111.154377"><time>2026-08-22T09:20:10.540Z</time></trkpt>
      <trkpt lat="24.461486" lon="111.154377"><time>2026-08-22T09:20:10.557Z</time></trkpt>
      <trkpt lat="24.461486" lon="111.154377"><time>2026-08-22T09:20:10.573Z</time></trkpt>
      <trkpt lat="24.461483" lon="111.154372"><time>2026-08-22T09:20:10.590Z</time></trkpt>
      <trkpt lat="24.461483" lon="111.154372"><time>2026-08-22T09:20:10.607Z</time></trkpt>
      <trkpt lat="24.461483" lon="111.154372"><time>2026-08-22T09:20:10.624Z</time></trkpt>
      <trkpt lat="24.461483" lon="111.154372"><time>2026-08-22T09:20:10.640Z</time></trkpt>
      <trkpt lat="24.461483" lon="111.154372"><time>2026-08-22T09:20:10.657Z</time></trkpt>
      <trkpt lat="24.461483" lon="111.154372"><time>2026-08-22T09:20:10.674Z</time></trkpt>
      <trkpt lat="24.46148" lon="111.154368"><time>2026-08-22T09:20:10.690Z</time></trkpt>
      <trkpt lat="24.46148" lon="111.154368"><time>2026-08-22T09:20:10.707Z</time></trkpt>
      <trkpt lat="24.46148" lon="111.154368"><time>2026-08-22T09:20:10.724Z</time></trkpt>
      <trkpt lat="24.46148" lon="111.154368"><time>2026-08-22T09:20:10.740Z</time></trkpt>
      <trkpt lat="24.46148" lon="111.154368"><time>2026-08-22T09:20:10.757Z</time></trkpt>
      <trkpt lat="24.46148" lon="111.154368"><time>2026-08-22T09:20:10.774Z</time></trkpt>
      <trkpt lat="24.461477" lon="111.154363"><time>2026-08-22T09:20:10.790Z</time></trkpt>
      <trkpt lat="24.461477" lon="111.154363"><time>2026-08-22T09:20:10.807Z</time></trkpt>
      <trkpt lat="24.461477" lon="111.154363"><time>2026-08-22T09:20:10.824Z</time></trkpt>
      <trkpt lat="24.461477" lon="111.154363"><time>2026-08-22T09:20:10.840Z</time></trkpt>
      <trkpt lat="24.461477" lon="111.154363"><time>2026-08-22T09:20:10.857Z</time></trkpt>
      <trkpt lat="24.461477" lon="111.154363"><time>2026-08-22T09:20:10.874Z</time></trkpt>
      <trkpt lat="24.461474" lon="111.154358"><time>2026-08-22T09:20:10.890Z</time></trkpt>
      <trkpt lat="24.461474" lon="111.154358"><time>2026-08-22T09:20:10.907Z</time></trkpt>
      <trkpt lat="24.461474" lon="111.154358"><time>2026-08-22T09:20:10.924Z</time></trkpt>
      <trkpt lat="24.461474" lon="111.154358"><time>2026-08-22T09:20:10.940Z</time></trkpt>
      <trkpt lat="24.461474" lon="111.154358"><time>2026-08-22T09:20:10.957Z</time></trkpt>
      <trkpt lat="24.461474" lon="111.154358"><time>2026-08-22T09:20:10.974Z</time></trkpt>
      <trkpt lat="24.46147" lon="111.154354"><time>2026-08-22T09:20:10.991Z</time></trkpt>
      <trkpt lat="24.46147" lon="111.154354"><time>2026-08-22T09:20:11.007Z</time></trkpt>
      <trkpt lat="24.46147" lon="111.154354"><time>2026-08-22T09:20:11.024Z</time></trkpt>
      <trkpt lat="24.46147" lon="111.154354"><time>2026-08-22T09:20:11.041Z</time></trkpt>
      <trkpt lat="24.46147" lon="111.154354"><time>2026-08-22T09:20:11.057Z</time></trkpt>
      <trkpt lat="24.46147" lon="111.154354"><time>2026-08-22T09:20:11.074Z</time></trkpt>
      <trkpt lat="24.461467" lon="111.154349"><time>2026-08-22T09:20:11.091Z</time></trkpt>
      <trkpt lat="24.461467" lon="111.154349"><time>2026-08-22T09:20:11.107Z</time></trkpt>
      <trkpt lat="24.461467" lon="111.154349"><time>2026-08-22T09:20:11.124Z</time></trkpt>
      <trkpt lat="24.461467" lon="111.154349"><time>2026-08-22T09:20:11.141Z</time></trkpt>
      <trkpt lat="24.461467" lon="111.154349"><time>2026-08-22T09:20:11.157Z</time></trkpt>
      <trkpt lat="24.461467" lon="111.154349"><time>2026-08-22T09:20:11.174Z</time></trkpt>
      <trkpt lat="24.461464" lon="111.154345"><time>2026-08-22T09:20:11.191Z</time></trkpt>
      <trkpt lat="24.461464" lon="111.154345"><time>2026-08-22T09:20:11.207Z</time></trkpt>
      <trkpt lat="24.461464" lon="111.154345"><time>2026-08-22T09:20:11.224Z</time></trkpt>
      <trkpt lat="24.461464" lon="111.154345"><time>2026-08-22T09:20:11.241Z</time></trkpt>
      <trkpt lat="24.461464" lon="111.154345"><time>2026-08-22T09:20:11.257Z</time></trkpt>
      <trkpt lat="24.461464" lon="111.154345"><time>2026-08-22T09:20:11.274Z</time></trkpt>
      <trkpt lat="24.461461" lon="111.15434"><time>2026-08-22T09:20:11.291Z</time></trkpt>
      <trkpt lat="24.461461" lon="111.15434"><time>2026-08-22T09:20:11.308Z</time></trkpt>
      <trkpt lat="24.461461" lon="111.15434"><time>2026-08-22T09:20:11.324Z</time></trkpt>
      <trkpt lat="24.461461" lon="111.15434"><time>2026-08-22T09:20:11.341Z</time></trkpt>
      <trkpt lat="24.461461" lon="111.15434"><time>2026-08-22T09:20:11.358Z</time></trkpt>
      <trkpt lat="24.461461" lon="111.15434"><time>2026-08-22T09:20:11.374Z</time></trkpt>
      <trkpt lat="24.461458" lon="111.154336"><time>2026-08-22T09:20:11.391Z</time></trkpt>
      <trkpt lat="24.461458" lon="111.154336"><time>2026-08-22T09:20:11.408Z</time></trkpt>
      <trkpt lat="24.461458" lon="111.154336"><time>2026-08-22T09:20:11.424Z</time></trkpt>
      <trkpt lat="24.461458" lon="111.154336"><time>2026-08-22T09:20:11.441Z</time></trkpt>
      <trkpt lat="24.461458" lon="111.154336"><time>2026-08-22T09:20:11.458Z</time></trkpt>
      <trkpt lat="24.461458" lon="111.154336"><time>2026-08-22T09:20:11.474Z</time></trkpt>
      <trkpt lat="24.461455" lon="111.154332"><time>2026-08-22T09:20:11.491Z</time></trkpt>
      <trkpt lat="24.461455" lon="111.154332"><time>2026-08-22T09:20:11.508Z</time></trkpt>
      <trkpt lat="24.461455" lon="111.154332"><time>2026-08-22T09:20:11.524Z</time></trkpt>
      <trkpt lat="24.461455" lon="111.154332"><time>2026-08-22T09:20:11.541Z</time></trkpt>
      <trkpt lat="24.461455" lon="111.154332"><time>2026-08-22T09:20:11.558Z</time></trkpt>
      <trkpt lat="24.461455" lon="111.154332"><time>2026-08-22T09:20:11.574Z</time></trkpt>
      <trkpt lat="24.461452" lon="111.154328"><time>2026-08-22T09:20:11.591Z</time></trkpt>
      <trkpt lat="24.461452" lon="111.154328"><time>2026-08-22T09:20:11.608Z</time></trkpt>
      <trkpt lat="24.461452" lon="111.154328"><time>2026-08-22T09:20:11.625Z</time></trkpt>
      <trkpt lat="24.461452" lon="111.154328"><time>2026-08-22T09:20:11.641Z</time></trkpt>
      <trkpt lat="24.461452" lon="111.154328"><time>2026-08-22T09:20:11.658Z</time></trkpt>
      <trkpt lat="24.461452" lon="111.154328"><time>2026-08-22T09:20:11.675Z</time></trkpt>
      <trkpt lat="24.461449" lon="111.154324"><time>2026-08-22T09:20:11.691Z</time></trkpt>
      <trkpt lat="24.461449" lon="111.154324"><time>2026-08-22T09:20:11.708Z</time></trkpt>
      <trkpt lat="24.461449" lon="111.154324"><time>2026-08-22T09:20:11.725Z</time></trkpt>
      <trkpt lat="24.461449" lon="111.154324"><time>2026-08-22T09:20:11.741Z</time></trkpt>
      <trkpt lat="24.461449" lon="111.154324"><time>2026-08-22T09:20:11.758Z</time></trkpt>
      <trkpt lat="24.461449" lon="111.154324"><time>2026-08-22T09:20:11.775Z</time></trkpt>
      <trkpt lat="24.461446" lon="111.15432"><time>2026-08-22T09:20:11.791Z</time></trkpt>
      <trkpt lat="24.461446" lon="111.15432"><time>2026-08-22T09:20:11.808Z</time></trkpt>
      <trkpt lat="24.461446" lon="111.15432"><time>2026-08-22T09:20:11.825Z</time></trkpt>
      <trkpt lat="24.461446" lon="111.15432"><time>2026-08-22T09:20:11.841Z</time></trkpt>
      <trkpt lat="24.461446" lon="111.15432"><time>2026-08-22T09:20:11.858Z</time></trkpt>
      <trkpt lat="24.461446" lon="111.15432"><time>2026-08-22T09:20:11.875Z</time></trkpt>
      <trkpt lat="24.461443" lon="111.154317"><time>2026-08-22T09:20:11.891Z</time></trkpt>
      <trkpt lat="24.461443" lon="111.154317"><time>2026-08-22T09:20:11.908Z</time></trkpt>
      <trkpt lat="24.461443" lon="111.154317"><time>2026-08-22T09:20:11.925Z</time></trkpt>
      <trkpt lat="24.461443" lon="111.154317"><time>2026-08-22T09:20:11.942Z</time></trkpt>
      <trkpt lat="24.461443" lon="111.154317"><time>2026-08-22T09:20:11.958Z</time></trkpt>
      <trkpt lat="24.461443" lon="111.154317"><time>2026-08-22T09:20:11.975Z</time></trkpt>
      <trkpt lat="24.461439" lon="111.154313"><time>2026-08-22T09:20:11.992Z</time></trkpt>
      <trkpt lat="24.461439" lon="111.154313"><time>2026-08-22T09:20:12.008Z</time></trkpt>
      <trkpt lat="24.461439" lon="111.154313"><time>2026-08-22T09:20:12.025Z</time></trkpt>
      <trkpt lat="24.461439" lon="111.154313"><time>2026-08-22T09:20:12.042Z</time></trkpt>
      <trkpt lat="24.461439" lon="111.154313"><time>2026-08-22T09:20:12.058Z</time></trkpt>
      <trkpt lat="24.461439" lon="111.154313"><time>2026-08-22T09:20:12.075Z</time></trkpt>
      <trkpt lat="24.461436" lon="111.154309"><time>2026-08-22T09:20:12.092Z</time></trkpt>
      <trkpt lat="24.461436" lon="111.154309"><time>2026-08-22T09:20:12.108Z</time></trkpt>
      <trkpt lat="24.461436" lon="111.154309"><time>2026-08-22T09:20:12.125Z</time></trkpt>
      <trkpt lat="24.461436" lon="111.154309"><time>2026-08-22T09:20:12.142Z</time></trkpt>
      <trkpt lat="24.461436" lon="111.154309"><time>2026-08-22T09:20:12.158Z</time></trkpt>
      <trkpt lat="24.461436" lon="111.154309"><time>2026-08-22T09:20:12.175Z</time></trkpt>
      <trkpt lat="24.461434" lon="111.154306"><time>2026-08-22T09:20:12.192Z</time></trkpt>
      <trkpt lat="24.461434" lon="111.154306"><time>2026-08-22T09:20:12.208Z</time></trkpt>
      <trkpt lat="24.461434" lon="111.154306"><time>2026-08-22T09:20:12.225Z</time></trkpt>
      <trkpt lat="24.461434" lon="111.154306"><time>2026-08-22T09:20:12.242Z</time></trkpt>
      <trkpt lat="24.461434" lon="111.154306"><time>2026-08-22T09:20:12.259Z</time></trkpt>
      <trkpt lat="24.461434" lon="111.154306"><time>2026-08-22T09:20:12.275Z</time></trkpt>
      <trkpt lat="24.461431" lon="111.154303"><time>2026-08-22T09:20:12.292Z</time></trkpt>
      <trkpt lat="24.461431" lon="111.154303"><time>2026-08-22T09:20:12.309Z</time></trkpt>
      <trkpt lat="24.461431" lon="111.154303"><time>2026-08-22T09:20:12.325Z</time></trkpt>
      <trkpt lat="24.461431" lon="111.154303"><time>2026-08-22T09:20:12.342Z</time></trkpt>
      <trkpt lat="24.461431" lon="111.154303"><time>2026-08-22T09:20:12.359Z</time></trkpt>
      <trkpt lat="24.461431" lon="111.154303"><time>2026-08-22T09:20:12.375Z</time></trkpt>
      <trkpt lat="24.461428" lon="111.1543"><time>2026-08-22T09:20:12.392Z</time></trkpt>
      <trkpt lat="24.461428" lon="111.1543"><time>2026-08-22T09:20:12.409Z</time></trkpt>
      <trkpt lat="24.461428" lon="111.1543"><time>2026-08-22T09:20:12.425Z</time></trkpt>
      <trkpt lat="24.461428" lon="111.1543"><time>2026-08-22T09:20:12.442Z</time></trkpt>
      <trkpt lat="24.461428" lon="111.1543"><time>2026-08-22T09:20:12.459Z</time></trkpt>
      <trkpt lat="24.461428" lon="111.1543"><time>2026-08-22T09:20:12.475Z</time></trkpt>
      <trkpt lat="24.461425" lon="111.154297"><time>2026-08-22T09:20:12.492Z</time></trkpt>
      <trkpt lat="24.461425" lon="111.154297"><time>2026-08-22T09:20:12.509Z</time></trkpt>
      <trkpt lat="24.461425" lon="111.154297"><time>2026-08-22T09:20:12.525Z</time></trkpt>
      <trkpt lat="24.461425" lon="111.154297"><time>2026-08-22T09:20:12.542Z</time></trkpt>
      <trkpt lat="24.461425" lon="111.154297"><time>2026-08-22T09:20:12.559Z</time></trkpt>
      <trkpt lat="24.461425" lon="111.154297"><time>2026-08-22T09:20:12.576Z</time></trkpt>
      <trkpt lat="24.461423" lon="111.154294"><time>2026-08-22T09:20:12.592Z</time></trkpt>
      <trkpt lat="24.461423" lon="111.154294"><time>2026-08-22T09:20:12.609Z</time></trkpt>
      <trkpt lat="24.461423" lon="111.154294"><time>2026-08-22T09:20:12.626Z</time></trkpt>
      <trkpt lat="24.461423" lon="111.154294"><time>2026-08-22T09:20:12.642Z</time></trkpt>
      <trkpt lat="24.461423" lon="111.154294"><time>2026-08-22T09:20:12.659Z</time></trkpt>
      <trkpt lat="24.461423" lon="111.154294"><time>2026-08-22T09:20:12.676Z</time></trkpt>
      <trkpt lat="24.46142" lon="111.154292"><time>2026-08-22T09:20:12.692Z</time></trkpt>
      <trkpt lat="24.46142" lon="111.154292"><time>2026-08-22T09:20:12.709Z</time></trkpt>
      <trkpt lat="24.46142" lon="111.154292"><time>2026-08-22T09:20:12.726Z</time></trkpt>
      <trkpt lat="24.46142" lon="111.154292"><time>2026-08-22T09:20:12.742Z</time></trkpt>
      <trkpt lat="24.46142" lon="111.154292"><time>2026-08-22T09:20:12.759Z</time></trkpt>
      <trkpt lat="24.46142" lon="111.154292"><time>2026-08-22T09:20:12.776Z</time></trkpt>
      <trkpt lat="24.461417" lon="111.154289"><time>2026-08-22T09:20:12.792Z</time></trkpt>
      <trkpt lat="24.461417" lon="111.154289"><time>2026-08-22T09:20:12.809Z</time></trkpt>
      <trkpt lat="24.461417" lon="111.154289"><time>2026-08-22T09:20:12.826Z</time></trkpt>
      <trkpt lat="24.461417" lon="111.154289"><time>2026-08-22T09:20:12.842Z</time></trkpt>
      <trkpt lat="24.461417" lon="111.154289"><time>2026-08-22T09:20:12.859Z</time></trkpt>
      <trkpt lat="24.461417" lon="111.154289"><time>2026-08-22T09:20:12.876Z</time></trkpt>
      <trkpt lat="24.461415" lon="111.154287"><time>2026-08-22T09:20:12.893Z</time></trkpt>
      <trkpt lat="24.461415" lon="111.154287"><time>2026-08-22T09:20:12.909Z</time></trkpt>
      <trkpt lat="24.461415" lon="111.154287"><time>2026-08-22T09:20:12.926Z</time></trkpt>
      <trkpt lat="24.461415" lon="111.154287"><time>2026-08-22T09:20:12.943Z</time></trkpt>
      <trkpt lat="24.461415" lon="111.154287"><time>2026-08-22T09:20:12.959Z</time></trkpt>
      <trkpt lat="24.461415" lon="111.154287"><time>2026-08-22T09:20:12.976Z</time></trkpt>
      <trkpt lat="24.461413" lon="111.154285"><time>2026-08-22T09:20:12.993Z</time></trkpt>
      <trkpt lat="24.461413" lon="111.154285"><time>2026-08-22T09:20:13.009Z</time></trkpt>
      <trkpt lat="24.461413" lon="111.154285"><time>2026-08-22T09:20:13.026Z</time></trkpt>
      <trkpt lat="24.461413" lon="111.154285"><time>2026-08-22T09:20:13.043Z</time></trkpt>
      <trkpt lat="24.461413" lon="111.154285"><time>2026-08-22T09:20:13.059Z</time></trkpt>
      <trkpt lat="24.461413" lon="111.154285"><time>2026-08-22T09:20:13.076Z</time></trkpt>
      <trkpt lat="24.46141" lon="111.154284"><time>2026-08-22T09:20:13.093Z</time></trkpt>
      <trkpt lat="24.46141" lon="111.154284"><time>2026-08-22T09:20:13.109Z</time></trkpt>
      <trkpt lat="24.46141" lon="111.154284"><time>2026-08-22T09:20:13.126Z</time></trkpt>
      <trkpt lat="24.46141" lon="111.154284"><time>2026-08-22T09:20:13.143Z</time></trkpt>
      <trkpt lat="24.46141" lon="111.154284"><time>2026-08-22T09:20:13.159Z</time></trkpt>
      <trkpt lat="24.46141" lon="111.154284"><time>2026-08-22T09:20:13.176Z</time></trkpt>
      <trkpt lat="24.461408" lon="111.154282"><time>2026-08-22T09:20:13.193Z</time></trkpt>
      <trkpt lat="24.461408" lon="111.154282"><time>2026-08-22T09:20:13.210Z</time></trkpt>
      <trkpt lat="24.461408" lon="111.154282"><time>2026-08-22T09:20:13.226Z</time></trkpt>
      <trkpt lat="24.461408" lon="111.154282"><time>2026-08-22T09:20:13.243Z</time></trkpt>
      <trkpt lat="24.461408" lon="111.154282"><time>2026-08-22T09:20:13.260Z</time></trkpt>
      <trkpt lat="24.461408" lon="111.154282"><time>2026-08-22T09:20:13.276Z</time></trkpt>
      <trkpt lat="24.461405" lon="111.154282"><time>2026-08-22T09:20:13.293Z</time></trkpt>
      <trkpt lat="24.461405" lon="111.154282"><time>2026-08-22T09:20:13.310Z</time></trkpt>
      <trkpt lat="24.461405" lon="111.154282"><time>2026-08-22T09:20:13.326Z</time></trkpt>
      <trkpt lat="24.461405" lon="111.154282"><time>2026-08-22T09:20:13.343Z</time></trkpt>
      <trkpt lat="24.461405" lon="111.154282"><time>2026-08-22T09:20:13.360Z</time></trkpt>
      <trkpt lat="24.461405" lon="111.154282"><time>2026-08-22T09:20:13.376Z</time></trkpt>
      <trkpt lat="24.461402" lon="111.154281"><time>2026-08-22T09:20:13.393Z</time></trkpt>
      <trkpt lat="24.461402" lon="111.154281"><time>2026-08-22T09:20:13.410Z</time></trkpt>
      <trkpt lat="24.461402" lon="111.154281"><time>2026-08-22T09:20:13.426Z</time></trkpt>
      <trkpt lat="24.461402" lon="111.154281"><time>2026-08-22T09:20:13.443Z</time></trkpt>
      <trkpt lat="24.461402" lon="111.154281"><time>2026-08-22T09:20:13.460Z</time></trkpt>
      <trkpt lat="24.461402" lon="111.154281"><time>2026-08-22T09:20:13.476Z</time></trkpt>
      <trkpt lat="24.461399" lon="111.154281"><time>2026-08-22T09:20:13.493Z</time></trkpt>
      <trkpt lat="24.461399" lon="111.154281"><time>2026-08-22T09:20:13.510Z</time></trkpt>
      <trkpt lat="24.461399" lon="111.154281"><time>2026-08-22T09:20:13.527Z</time></trkpt>
      <trkpt lat="24.461399" lon="111.154281"><time>2026-08-22T09:20:13.543Z</time></trkpt>
      <trkpt lat="24.461399" lon="111.154281"><time>2026-08-22T09:20:13.560Z</time></trkpt>
      <trkpt lat="24.461399" lon="111.154281"><time>2026-08-22T09:20:13.577Z</time></trkpt>
      <trkpt lat="24.461396" lon="111.154281"><time>2026-08-22T09:20:13.593Z</time></trkpt>
      <trkpt lat="24.461396" lon="111.154281"><time>2026-08-22T09:20:13.610Z</time></trkpt>
      <trkpt lat="24.461396" lon="111.154281"><time>2026-08-22T09:20:13.627Z</time></trkpt>
      <trkpt lat="24.461396" lon="111.154281"><time>2026-08-22T09:20:13.643Z</time></trkpt>
      <trkpt lat="24.461396" lon="111.154281"><time>2026-08-22T09:20:13.660Z</time></trkpt>
      <trkpt lat="24.461396" lon="111.154281"><time>2026-08-22T09:20:13.677Z</time></trkpt>
      <trkpt lat="24.461392" lon="111.154281"><time>2026-08-22T09:20:13.693Z</time></trkpt>
      <trkpt lat="24.461392" lon="111.154281"><time>2026-08-22T09:20:13.710Z</time></trkpt>
      <trkpt lat="24.461392" lon="111.154281"><time>2026-08-22T09:20:13.727Z</time></trkpt>
      <trkpt lat="24.461392" lon="111.154281"><time>2026-08-22T09:20:13.743Z</time></trkpt>
      <trkpt lat="24.461392" lon="111.154281"><time>2026-08-22T09:20:13.760Z</time></trkpt>
      <trkpt lat="24.461392" lon="111.154281"><time>2026-08-22T09:20:13.777Z</time></trkpt>
      <trkpt lat="24.461389" lon="111.154281"><time>2026-08-22T09:20:13.793Z</time></trkpt>
      <trkpt lat="24.461389" lon="111.154281"><time>2026-08-22T09:20:13.810Z</time></trkpt>
      <trkpt lat="24.461389" lon="111.154281"><time>2026-08-22T09:20:13.827Z</time></trkpt>
      <trkpt lat="24.461389" lon="111.154281"><time>2026-08-22T09:20:13.844Z</time></trkpt>
      <trkpt lat="24.461389" lon="111.154281"><time>2026-08-22T09:20:13.860Z</time></trkpt>
      <trkpt lat="24.461389" lon="111.154281"><time>2026-08-22T09:20:13.877Z</time></trkpt>
      <trkpt lat="24.461384" lon="111.154282"><time>2026-08-22T09:20:13.894Z</time></trkpt>
      <trkpt lat="24.461384" lon="111.154282"><time>2026-08-22T09:20:13.910Z</time></trkpt>
      <trkpt lat="24.461384" lon="111.154282"><time>2026-08-22T09:20:13.927Z</time></trkpt>
      <trkpt lat="24.461384" lon="111.154282"><time>2026-08-22T09:20:13.944Z</time></trkpt>
      <trkpt lat="24.461384" lon="111.154282"><time>2026-08-22T09:20:13.960Z</time></trkpt>
      <trkpt lat="24.461384" lon="111.154282"><time>2026-08-22T09:20:13.977Z</time></trkpt>
      <trkpt lat="24.461379" lon="111.154282"><time>2026-08-22T09:20:13.994Z</time></trkpt>
      <trkpt lat="24.461379" lon="111.154282"><time>2026-08-22T09:20:14.010Z</time></trkpt>
      <trkpt lat="24.461379" lon="111.154282"><time>2026-08-22T09:20:14.027Z</time></trkpt>
      <trkpt lat="24.461379" lon="111.154282"><time>2026-08-22T09:20:14.044Z</time></trkpt>
      <trkpt lat="24.461379" lon="111.154282"><time>2026-08-22T09:20:14.060Z</time></trkpt>
      <trkpt lat="24.461379" lon="111.154282"><time>2026-08-22T09:20:14.077Z</time></trkpt>
      <trkpt lat="24.461374" lon="111.154283"><time>2026-08-22T09:20:14.094Z</time></trkpt>
      <trkpt lat="24.461374" lon="111.154283"><time>2026-08-22T09:20:14.110Z</time></trkpt>
      <trkpt lat="24.461374" lon="111.154283"><time>2026-08-22T09:20:14.127Z</time></trkpt>
      <trkpt lat="24.461374" lon="111.154283"><time>2026-08-22T09:20:14.144Z</time></trkpt>
      <trkpt lat="24.461374" lon="111.154283"><time>2026-08-22T09:20:14.161Z</time></trkpt>
      <trkpt lat="24.461374" lon="111.154283"><time>2026-08-22T09:20:14.177Z</time></trkpt>
      <trkpt lat="24.461368" lon="111.154284"><time>2026-08-22T09:20:14.194Z</time></trkpt>
      <trkpt lat="24.461368" lon="111.154284"><time>2026-08-22T09:20:14.211Z</time></trkpt>
      <trkpt lat="24.461368" lon="111.154284"><time>2026-08-22T09:20:14.227Z</time></trkpt>
      <trkpt lat="24.461368" lon="111.154284"><time>2026-08-22T09:20:14.244Z</time></trkpt>
      <trkpt lat="24.461368" lon="111.154284"><time>2026-08-22T09:20:14.261Z</time></trkpt>
      <trkpt lat="24.461368" lon="111.154284"><time>2026-08-22T09:20:14.277Z</time></trkpt>
      <trkpt lat="24.461362" lon="111.154285"><time>2026-08-22T09:20:14.294Z</time></trkpt>
      <trkpt lat="24.461362" lon="111.154285"><time>2026-08-22T09:20:14.311Z</time></trkpt>
      <trkpt lat="24.461362" lon="111.154285"><time>2026-08-22T09:20:14.327Z</time></trkpt>
      <trkpt lat="24.461362" lon="111.154285"><time>2026-08-22T09:20:14.344Z</time></trkpt>
      <trkpt lat="24.461362" lon="111.154285"><time>2026-08-22T09:20:14.361Z</time></trkpt>
      <trkpt lat="24.461362" lon="111.154285"><time>2026-08-22T09:20:14.377Z</time></trkpt>
      <trkpt lat="24.461356" lon="111.154286"><time>2026-08-22T09:20:14.394Z</time></trkpt>
      <trkpt lat="24.461356" lon="111.154286"><time>2026-08-22T09:20:14.411Z</time></trkpt>
      <trkpt lat="24.461356" lon="111.154286"><time>2026-08-22T09:20:14.427Z</time></trkpt>
      <trkpt lat="24.461356" lon="111.154286"><time>2026-08-22T09:20:14.444Z</time></trkpt>
      <trkpt lat="24.461356" lon="111.154286"><time>2026-08-22T09:20:14.461Z</time></trkpt>
      <trkpt lat="24.461356" lon="111.154286"><time>2026-08-22T09:20:14.478Z</time></trkpt>
      <trkpt lat="24.461348" lon="111.154287"><time>2026-08-22T09:20:14.494Z</time></trkpt>
      <trkpt lat="24.461348" lon="111.154287"><time>2026-08-22T09:20:14.511Z</time></trkpt>
      <trkpt lat="24.461348" lon="111.154287"><time>2026-08-22T09:20:14.528Z</time></trkpt>
      <trkpt lat="24.461348" lon="111.154287"><time>2026-08-22T09:20:14.544Z</time></trkpt>
      <trkpt lat="24.461348" lon="111.154287"><time>2026-08-22T09:20:14.561Z</time></trkpt>
      <trkpt lat="24.461348" lon="111.154287"><time>2026-08-22T09:20:14.578Z</time></trkpt>
      <trkpt lat="24.461342" lon="111.154288"><time>2026-08-22T09:20:14.594Z</time></trkpt>
      <trkpt lat="24.461342" lon="111.154288"><time>2026-08-22T09:20:14.611Z</time></trkpt>
      <trkpt lat="24.461342" lon="111.154288"><time>2026-08-22T09:20:14.628Z</time></trkpt>
      <trkpt lat="24.461342" lon="111.154288"><time>2026-08-22T09:20:14.644Z</time></trkpt>
      <trkpt lat="24.461342" lon="111.154288"><time>2026-08-22T09:20:14.661Z</time></trkpt>
      <trkpt lat="24.461342" lon="111.154288"><time>2026-08-22T09:20:14.678Z</time></trkpt>
      <trkpt lat="24.461334" lon="111.15429"><time>2026-08-22T09:20:14.694Z</time></trkpt>
      <trkpt lat="24.461334" lon="111.15429"><time>2026-08-22T09:20:14.711Z</time></trkpt>
      <trkpt lat="24.461334" lon="111.15429"><time>2026-08-22T09:20:14.728Z</time></trkpt>
      <trkpt lat="24.461334" lon="111.15429"><time>2026-08-22T09:20:14.744Z</time></trkpt>
      <trkpt lat="24.461334" lon="111.15429"><time>2026-08-22T09:20:14.761Z</time></trkpt>
      <trkpt lat="24.461334" lon="111.15429"><time>2026-08-22T09:20:14.778Z</time></trkpt>
      <trkpt lat="24.461326" lon="111.154291"><time>2026-08-22T09:20:14.795Z</time></trkpt>
      <trkpt lat="24.461326" lon="111.154291"><time>2026-08-22T09:20:14.811Z</time></trkpt>
      <trkpt lat="24.461326" lon="111.154291"><time>2026-08-22T09:20:14.828Z</time></trkpt>
      <trkpt lat="24.461326" lon="111.154291"><time>2026-08-22T09:20:14.845Z</time></trkpt>
      <trkpt lat="24.461326" lon="111.154291"><time>2026-08-22T09:20:14.861Z</time></trkpt>
      <trkpt lat="24.461326" lon="111.154291"><time>2026-08-22T09:20:14.878Z</time></trkpt>
      <trkpt lat="24.461318" lon="111.154292"><time>2026-08-22T09:20:14.895Z</time></trkpt>
      <trkpt lat="24.461318" lon="111.154292"><time>2026-08-22T09:20:14.911Z</time></trkpt>
      <trkpt lat="24.461318" lon="111.154292"><time>2026-08-22T09:20:14.928Z</time></trkpt>
      <trkpt lat="24.461318" lon="111.154292"><time>2026-08-22T09:20:14.945Z</time></trkpt>
      <trkpt lat="24.461318" lon="111.154292"><time>2026-08-22T09:20:14.961Z</time></trkpt>
      <trkpt lat="24.461318" lon="111.154292"><time>2026-08-22T09:20:14.978Z</time></trkpt>
      <trkpt lat="24.461309" lon="111.154294"><time>2026-08-22T09:20:14.995Z</time></trkpt>
      <trkpt lat="24.461309" lon="111.154294"><time>2026-08-22T09:20:15.011Z</time></trkpt>
      <trkpt lat="24.461309" lon="111.154294"><time>2026-08-22T09:20:15.028Z</time></trkpt>
      <trkpt lat="24.461309" lon="111.154294"><time>2026-08-22T09:20:15.045Z</time></trkpt>
      <trkpt lat="24.461309" lon="111.154294"><time>2026-08-22T09:20:15.061Z</time></trkpt>
      <trkpt lat="24.461309" lon="111.154294"><time>2026-08-22T09:20:15.078Z</time></trkpt>
      <trkpt lat="24.4613" lon="111.154295"><time>2026-08-22T09:20:15.095Z</time></trkpt>
      <trkpt lat="24.4613" lon="111.154295"><time>2026-08-22T09:20:15.112Z</time></trkpt>
      <trkpt lat="24.4613" lon="111.154295"><time>2026-08-22T09:20:15.128Z</time></trkpt>
      <trkpt lat="24.4613" lon="111.154295"><time>2026-08-22T09:20:15.145Z</time></trkpt>
      <trkpt lat="24.4613" lon="111.154295"><time>2026-08-22T09:20:15.162Z</time></trkpt>
      <trkpt lat="24.4613" lon="111.154295"><time>2026-08-22T09:20:15.178Z</time></trkpt>
      <trkpt lat="24.461292" lon="111.154296"><time>2026-08-22T09:20:15.195Z</time></trkpt>
      <trkpt lat="24.461292" lon="111.154296"><time>2026-08-22T09:20:15.212Z</time></trkpt>
      <trkpt lat="24.461292" lon="111.154296"><time>2026-08-22T09:20:15.228Z</time></trkpt>
      <trkpt lat="24.461292" lon="111.154296"><time>2026-08-22T09:20:15.245Z</time></trkpt>
      <trkpt lat="24.461292" lon="111.154296"><time>2026-08-22T09:20:15.262Z</time></trkpt>
      <trkpt lat="24.461292" lon="111.154296"><time>2026-08-22T09:20:15.278Z</time></trkpt>
      <trkpt lat="24.461283" lon="111.154296"><time>2026-08-22T09:20:15.295Z</time></trkpt>
      <trkpt lat="24.461283" lon="111.154296"><time>2026-08-22T09:20:15.312Z</time></trkpt>
      <trkpt lat="24.461283" lon="111.154296"><time>2026-08-22T09:20:15.328Z</time></trkpt>
      <trkpt lat="24.461283" lon="111.154296"><time>2026-08-22T09:20:15.345Z</time></trkpt>
      <trkpt lat="24.461283" lon="111.154296"><time>2026-08-22T09:20:15.362Z</time></trkpt>
      <trkpt lat="24.461283" lon="111.154296"><time>2026-08-22T09:20:15.378Z</time></trkpt>
      <trkpt lat="24.461275" lon="111.154296"><time>2026-08-22T09:20:15.395Z</time></trkpt>
      <trkpt lat="24.461275" lon="111.154296"><time>2026-08-22T09:20:15.412Z</time></trkpt>
      <trkpt lat="24.461275" lon="111.154296"><time>2026-08-22T09:20:15.429Z</time></trkpt>
      <trkpt lat="24.461275" lon="111.154296"><time>2026-08-22T09:20:15.445Z</time></trkpt>
      <trkpt lat="24.461275" lon="111.154296"><time>2026-08-22T09:20:15.462Z</time></trkpt>
      <trkpt lat="24.461266" lon="111.154297"><time>2026-08-22T09:20:15.479Z</time></trkpt>
      <trkpt lat="24.461266" lon="111.154297"><time>2026-08-22T09:20:15.495Z</time></trkpt>
      <trkpt lat="24.461266" lon="111.154297"><time>2026-08-22T09:20:15.512Z</time></trkpt>
      <trkpt lat="24.461266" lon="111.154297"><time>2026-08-22T09:20:15.529Z</time></trkpt>
      <trkpt lat="24.461266" lon="111.154297"><time>2026-08-22T09:20:15.545Z</time></trkpt>
      <trkpt lat="24.461266" lon="111.154297"><time>2026-08-22T09:20:15.562Z</time></trkpt>
      <trkpt lat="24.461266" lon="111.154297"><time>2026-08-22T09:20:15.579Z</time></trkpt>
      <trkpt lat="24.461258" lon="111.154297"><time>2026-08-22T09:20:15.595Z</time></trkpt>
      <trkpt lat="24.461258" lon="111.154297"><time>2026-08-22T09:20:15.612Z</time></trkpt>
      <trkpt lat="24.461258" lon="111.154297"><time>2026-08-22T09:20:15.629Z</time></trkpt>
      <trkpt lat="24.461258" lon="111.154297"><time>2026-08-22T09:20:15.645Z</time></trkpt>
      <trkpt lat="24.461258" lon="111.154297"><time>2026-08-22T09:20:15.662Z</time></trkpt>
      <trkpt lat="24.461248" lon="111.154296"><time>2026-08-22T09:20:15.679Z</time></trkpt>
      <trkpt lat="24.461248" lon="111.154296"><time>2026-08-22T09:20:15.695Z</time></trkpt>
      <trkpt lat="24.461248" lon="111.154296"><time>2026-08-22T09:20:15.712Z</time></trkpt>
      <trkpt lat="24.461248" lon="111.154296"><time>2026-08-22T09:20:15.729Z</time></trkpt>
      <trkpt lat="24.461248" lon="111.154296"><time>2026-08-22T09:20:15.746Z</time></trkpt>
      <trkpt lat="24.461248" lon="111.154296"><time>2026-08-22T09:20:15.762Z</time></trkpt>
      <trkpt lat="24.461248" lon="111.154296"><time>2026-08-22T09:20:15.779Z</time></trkpt>
      <trkpt lat="24.461238" lon="111.154296"><time>2026-08-22T09:20:15.796Z</time></trkpt>
      <trkpt lat="24.461238" lon="111.154296"><time>2026-08-22T09:20:15.812Z</time></trkpt>
      <trkpt lat="24.461238" lon="111.154296"><time>2026-08-22T09:20:15.829Z</time></trkpt>
      <trkpt lat="24.461238" lon="111.154296"><time>2026-08-22T09:20:15.846Z</time></trkpt>
      <trkpt lat="24.461238" lon="111.154296"><time>2026-08-22T09:20:15.862Z</time></trkpt>
      <trkpt lat="24.461238" lon="111.154296"><time>2026-08-22T09:20:15.879Z</time></trkpt>
      <trkpt lat="24.461229" lon="111.154295"><time>2026-08-22T09:20:15.896Z</time></trkpt>
      <trkpt lat="24.461229" lon="111.154295"><time>2026-08-22T09:20:15.912Z</time></trkpt>
      <trkpt lat="24.461229" lon="111.154295"><time>2026-08-22T09:20:15.929Z</time></trkpt>
      <trkpt lat="24.461229" lon="111.154295"><time>2026-08-22T09:20:15.946Z</time></trkpt>
      <trkpt lat="24.461229" lon="111.154295"><time>2026-08-22T09:20:15.962Z</time></trkpt>
      <trkpt lat="24.461229" lon="111.154295"><time>2026-08-22T09:20:15.979Z</time></trkpt>
      <trkpt lat="24.46122" lon="111.154294"><time>2026-08-22T09:20:15.996Z</time></trkpt>
      <trkpt lat="24.46122" lon="111.154294"><time>2026-08-22T09:20:16.012Z</time></trkpt>
      <trkpt lat="24.46122" lon="111.154294"><time>2026-08-22T09:20:16.029Z</time></trkpt>
      <trkpt lat="24.46122" lon="111.154294"><time>2026-08-22T09:20:16.046Z</time></trkpt>
      <trkpt lat="24.46122" lon="111.154294"><time>2026-08-22T09:20:16.063Z</time></trkpt>
      <trkpt lat="24.46122" lon="111.154294"><time>2026-08-22T09:20:16.079Z</time></trkpt>
      <trkpt lat="24.461209" lon="111.154293"><time>2026-08-22T09:20:16.096Z</time></trkpt>
      <trkpt lat="24.461209" lon="111.154293"><time>2026-08-22T09:20:16.113Z</time></trkpt>
      <trkpt lat="24.461209" lon="111.154293"><time>2026-08-22T09:20:16.129Z</time></trkpt>
      <trkpt lat="24.461209" lon="111.154293"><time>2026-08-22T09:20:16.146Z</time></trkpt>
      <trkpt lat="24.461209" lon="111.154293"><time>2026-08-22T09:20:16.163Z</time></trkpt>
      <trkpt lat="24.461209" lon="111.154293"><time>2026-08-22T09:20:16.179Z</time></trkpt>
      <trkpt lat="24.4612" lon="111.154292"><time>2026-08-22T09:20:16.196Z</time></trkpt>
      <trkpt lat="24.4612" lon="111.154292"><time>2026-08-22T09:20:16.213Z</time></trkpt>
      <trkpt lat="24.4612" lon="111.154292"><time>2026-08-22T09:20:16.229Z</time></trkpt>
      <trkpt lat="24.4612" lon="111.154292"><time>2026-08-22T09:20:16.246Z</time></trkpt>
      <trkpt lat="24.4612" lon="111.154292"><time>2026-08-22T09:20:16.263Z</time></trkpt>
      <trkpt lat="24.4612" lon="111.154292"><time>2026-08-22T09:20:16.279Z</time></trkpt>
      <trkpt lat="24.461189" lon="111.15429"><time>2026-08-22T09:20:16.296Z</time></trkpt>
      <trkpt lat="24.461189" lon="111.15429"><time>2026-08-22T09:20:16.313Z</time></trkpt>
      <trkpt lat="24.461189" lon="111.15429"><time>2026-08-22T09:20:16.329Z</time></trkpt>
      <trkpt lat="24.461189" lon="111.15429"><time>2026-08-22T09:20:16.346Z</time></trkpt>
      <trkpt lat="24.461189" lon="111.15429"><time>2026-08-22T09:20:16.363Z</time></trkpt>
      <trkpt lat="24.461179" lon="111.154289"><time>2026-08-22T09:20:16.380Z</time></trkpt>
      <trkpt lat="24.461179" lon="111.154289"><time>2026-08-22T09:20:16.396Z</time></trkpt>
      <trkpt lat="24.461179" lon="111.154289"><time>2026-08-22T09:20:16.413Z</time></trkpt>
      <trkpt lat="24.461179" lon="111.154289"><time>2026-08-22T09:20:16.430Z</time></trkpt>
      <trkpt lat="24.461179" lon="111.154289"><time>2026-08-22T09:20:16.446Z</time></trkpt>
      <trkpt lat="24.461179" lon="111.154289"><time>2026-08-22T09:20:16.463Z</time></trkpt>
      <trkpt lat="24.461169" lon="111.154287"><time>2026-08-22T09:20:16.480Z</time></trkpt>
      <trkpt lat="24.461169" lon="111.154287"><time>2026-08-22T09:20:16.496Z</time></trkpt>
      <trkpt lat="24.461169" lon="111.154287"><time>2026-08-22T09:20:16.513Z</time></trkpt>
      <trkpt lat="24.461169" lon="111.154287"><time>2026-08-22T09:20:16.530Z</time></trkpt>
      <trkpt lat="24.461169" lon="111.154287"><time>2026-08-22T09:20:16.546Z</time></trkpt>
      <trkpt lat="24.461169" lon="111.154287"><time>2026-08-22T09:20:16.563Z</time></trkpt>
      <trkpt lat="24.461159" lon="111.154285"><time>2026-08-22T09:20:16.580Z</time></trkpt>
      <trkpt lat="24.461159" lon="111.154285"><time>2026-08-22T09:20:16.596Z</time></trkpt>
      <trkpt lat="24.461159" lon="111.154285"><time>2026-08-22T09:20:16.613Z</time></trkpt>
      <trkpt lat="24.461159" lon="111.154285"><time>2026-08-22T09:20:16.630Z</time></trkpt>
      <trkpt lat="24.461159" lon="111.154285"><time>2026-08-22T09:20:16.646Z</time></trkpt>
      <trkpt lat="24.461159" lon="111.154285"><time>2026-08-22T09:20:16.663Z</time></trkpt>
      <trkpt lat="24.461148" lon="111.154283"><time>2026-08-22T09:20:16.680Z</time></trkpt>
      <trkpt lat="24.461148" lon="111.154283"><time>2026-08-22T09:20:16.697Z</time></trkpt>
      <trkpt lat="24.461148" lon="111.154283"><time>2026-08-22T09:20:16.713Z</time></trkpt>
      <trkpt lat="24.461148" lon="111.154283"><time>2026-08-22T09:20:16.730Z</time></trkpt>
      <trkpt lat="24.461148" lon="111.154283"><time>2026-08-22T09:20:16.747Z</time></trkpt>
      <trkpt lat="24.461148" lon="111.154283"><time>2026-08-22T09:20:16.763Z</time></trkpt>
      <trkpt lat="24.461138" lon="111.154281"><time>2026-08-22T09:20:16.780Z</time></trkpt>
      <trkpt lat="24.461138" lon="111.154281"><time>2026-08-22T09:20:16.797Z</time></trkpt>
      <trkpt lat="24.461138" lon="111.154281"><time>2026-08-22T09:20:16.813Z</time></trkpt>
      <trkpt lat="24.461138" lon="111.154281"><time>2026-08-22T09:20:16.830Z</time></trkpt>
      <trkpt lat="24.461138" lon="111.154281"><time>2026-08-22T09:20:16.847Z</time></trkpt>
      <trkpt lat="24.461138" lon="111.154281"><time>2026-08-22T09:20:16.863Z</time></trkpt>
      <trkpt lat="24.461128" lon="111.154279"><time>2026-08-22T09:20:16.880Z</time></trkpt>
      <trkpt lat="24.461128" lon="111.154279"><time>2026-08-22T09:20:16.897Z</time></trkpt>
      <trkpt lat="24.461128" lon="111.154279"><time>2026-08-22T09:20:16.913Z</time></trkpt>
      <trkpt lat="24.461128" lon="111.154279"><time>2026-08-22T09:20:16.930Z</time></trkpt>
      <trkpt lat="24.461128" lon="111.154279"><time>2026-08-22T09:20:16.947Z</time></trkpt>
      <trkpt lat="24.461128" lon="111.154279"><time>2026-08-22T09:20:16.963Z</time></trkpt>
      <trkpt lat="24.461118" lon="111.154277"><time>2026-08-22T09:20:16.980Z</time></trkpt>
      <trkpt lat="24.461118" lon="111.154277"><time>2026-08-22T09:20:16.997Z</time></trkpt>
      <trkpt lat="24.461118" lon="111.154277"><time>2026-08-22T09:20:17.014Z</time></trkpt>
      <trkpt lat="24.461118" lon="111.154277"><time>2026-08-22T09:20:17.030Z</time></trkpt>
      <trkpt lat="24.461118" lon="111.154277"><time>2026-08-22T09:20:17.047Z</time></trkpt>
      <trkpt lat="24.461118" lon="111.154277"><time>2026-08-22T09:20:17.064Z</time></trkpt>
      <trkpt lat="24.461107" lon="111.154274"><time>2026-08-22T09:20:17.080Z</time></trkpt>
      <trkpt lat="24.461107" lon="111.154274"><time>2026-08-22T09:20:17.097Z</time></trkpt>
      <trkpt lat="24.461107" lon="111.154274"><time>2026-08-22T09:20:17.114Z</time></trkpt>
      <trkpt lat="24.461107" lon="111.154274"><time>2026-08-22T09:20:17.130Z</time></trkpt>
      <trkpt lat="24.461107" lon="111.154274"><time>2026-08-22T09:20:17.147Z</time></trkpt>
      <trkpt lat="24.461107" lon="111.154274"><time>2026-08-22T09:20:17.164Z</time></trkpt>
      <trkpt lat="24.461097" lon="111.154271"><time>2026-08-22T09:20:17.180Z</time></trkpt>
      <trkpt lat="24.461097" lon="111.154271"><time>2026-08-22T09:20:17.197Z</time></trkpt>
      <trkpt lat="24.461097" lon="111.154271"><time>2026-08-22T09:20:17.214Z</time></trkpt>
      <trkpt lat="24.461097" lon="111.154271"><time>2026-08-22T09:20:17.230Z</time></trkpt>
      <trkpt lat="24.461097" lon="111.154271"><time>2026-08-22T09:20:17.247Z</time></trkpt>
      <trkpt lat="24.461097" lon="111.154271"><time>2026-08-22T09:20:17.264Z</time></trkpt>
      <trkpt lat="24.461087" lon="111.154269"><time>2026-08-22T09:20:17.280Z</time></trkpt>
      <trkpt lat="24.461087" lon="111.154269"><time>2026-08-22T09:20:17.297Z</time></trkpt>
      <trkpt lat="24.461087" lon="111.154269"><time>2026-08-22T09:20:17.314Z</time></trkpt>
      <trkpt lat="24.461087" lon="111.154269"><time>2026-08-22T09:20:17.331Z</time></trkpt>
      <trkpt lat="24.461087" lon="111.154269"><time>2026-08-22T09:20:17.347Z</time></trkpt>
      <trkpt lat="24.461087" lon="111.154269"><time>2026-08-22T09:20:17.364Z</time></trkpt>
      <trkpt lat="24.461077" lon="111.154266"><time>2026-08-22T09:20:17.381Z</time></trkpt>
      <trkpt lat="24.461077" lon="111.154266"><time>2026-08-22T09:20:17.397Z</time></trkpt>
      <trkpt lat="24.461077" lon="111.154266"><time>2026-08-22T09:20:17.414Z</time></trkpt>
      <trkpt lat="24.461077" lon="111.154266"><time>2026-08-22T09:20:17.431Z</time></trkpt>
      <trkpt lat="24.461077" lon="111.154266"><time>2026-08-22T09:20:17.447Z</time></trkpt>
      <trkpt lat="24.461077" lon="111.154266"><time>2026-08-22T09:20:17.464Z</time></trkpt>
      <trkpt lat="24.461067" lon="111.154263"><time>2026-08-22T09:20:17.481Z</time></trkpt>
      <trkpt lat="24.461067" lon="111.154263"><time>2026-08-22T09:20:17.497Z</time></trkpt>
      <trkpt lat="24.461067" lon="111.154263"><time>2026-08-22T09:20:17.514Z</time></trkpt>
      <trkpt lat="24.461067" lon="111.154263"><time>2026-08-22T09:20:17.531Z</time></trkpt>
      <trkpt lat="24.461067" lon="111.154263"><time>2026-08-22T09:20:17.547Z</time></trkpt>
      <trkpt lat="24.461067" lon="111.154263"><time>2026-08-22T09:20:17.564Z</time></trkpt>
      <trkpt lat="24.461057" lon="111.15426"><time>2026-08-22T09:20:17.581Z</time></trkpt>
      <trkpt lat="24.461057" lon="111.15426"><time>2026-08-22T09:20:17.597Z</time></trkpt>
      <trkpt lat="24.461057" lon="111.15426"><time>2026-08-22T09:20:17.614Z</time></trkpt>
      <trkpt lat="24.461057" lon="111.15426"><time>2026-08-22T09:20:17.631Z</time></trkpt>
      <trkpt lat="24.461057" lon="111.15426"><time>2026-08-22T09:20:17.647Z</time></trkpt>
      <trkpt lat="24.461057" lon="111.15426"><time>2026-08-22T09:20:17.664Z</time></trkpt>
      <trkpt lat="24.461048" lon="111.154256"><time>2026-08-22T09:20:17.681Z</time></trkpt>
      <trkpt lat="24.461048" lon="111.154256"><time>2026-08-22T09:20:17.698Z</time></trkpt>
      <trkpt lat="24.461048" lon="111.154256"><time>2026-08-22T09:20:17.714Z</time></trkpt>
      <trkpt lat="24.461048" lon="111.154256"><time>2026-08-22T09:20:17.731Z</time></trkpt>
      <trkpt lat="24.461048" lon="111.154256"><time>2026-08-22T09:20:17.748Z</time></trkpt>
      <trkpt lat="24.461048" lon="111.154256"><time>2026-08-22T09:20:17.764Z</time></trkpt>
      <trkpt lat="24.461039" lon="111.154254"><time>2026-08-22T09:20:17.781Z</time></trkpt>
      <trkpt lat="24.461039" lon="111.154254"><time>2026-08-22T09:20:17.798Z</time></trkpt>
      <trkpt lat="24.461039" lon="111.154254"><time>2026-08-22T09:20:17.814Z</time></trkpt>
      <trkpt lat="24.461039" lon="111.154254"><time>2026-08-22T09:20:17.831Z</time></trkpt>
      <trkpt lat="24.461039" lon="111.154254"><time>2026-08-22T09:20:17.848Z</time></trkpt>
      <trkpt lat="24.461039" lon="111.154254"><time>2026-08-22T09:20:17.864Z</time></trkpt>
      <trkpt lat="24.46103" lon="111.154251"><time>2026-08-22T09:20:17.881Z</time></trkpt>
      <trkpt lat="24.46103" lon="111.154251"><time>2026-08-22T09:20:17.898Z</time></trkpt>
      <trkpt lat="24.46103" lon="111.154251"><time>2026-08-22T09:20:17.914Z</time></trkpt>
      <trkpt lat="24.46103" lon="111.154251"><time>2026-08-22T09:20:17.931Z</time></trkpt>
      <trkpt lat="24.46103" lon="111.154251"><time>2026-08-22T09:20:17.948Z</time></trkpt>
      <trkpt lat="24.46103" lon="111.154251"><time>2026-08-22T09:20:17.964Z</time></trkpt>
      <trkpt lat="24.461021" lon="111.154248"><time>2026-08-22T09:20:17.981Z</time></trkpt>
      <trkpt lat="24.461021" lon="111.154248"><time>2026-08-22T09:20:17.998Z</time></trkpt>
      <trkpt lat="24.461021" lon="111.154248"><time>2026-08-22T09:20:18.015Z</time></trkpt>
      <trkpt lat="24.461021" lon="111.154248"><time>2026-08-22T09:20:18.031Z</time></trkpt>
      <trkpt lat="24.461021" lon="111.154248"><time>2026-08-22T09:20:18.048Z</time></trkpt>
      <trkpt lat="24.461021" lon="111.154248"><time>2026-08-22T09:20:18.065Z</time></trkpt>
      <trkpt lat="24.461012" lon="111.154245"><time>2026-08-22T09:20:18.081Z</time></trkpt>
      <trkpt lat="24.461012" lon="111.154245"><time>2026-08-22T09:20:18.098Z</time></trkpt>
      <trkpt lat="24.461012" lon="111.154245"><time>2026-08-22T09:20:18.115Z</time></trkpt>
      <trkpt lat="24.461012" lon="111.154245"><time>2026-08-22T09:20:18.131Z</time></trkpt>
      <trkpt lat="24.461012" lon="111.154245"><time>2026-08-22T09:20:18.148Z</time></trkpt>
      <trkpt lat="24.461012" lon="111.154245"><time>2026-08-22T09:20:18.165Z</time></trkpt>
      <trkpt lat="24.461004" lon="111.154243"><time>2026-08-22T09:20:18.181Z</time></trkpt>
      <trkpt lat="24.461004" lon="111.154243"><time>2026-08-22T09:20:18.198Z</time></trkpt>
      <trkpt lat="24.461004" lon="111.154243"><time>2026-08-22T09:20:18.215Z</time></trkpt>
      <trkpt lat="24.461004" lon="111.154243"><time>2026-08-22T09:20:18.231Z</time></trkpt>
      <trkpt lat="24.461004" lon="111.154243"><time>2026-08-22T09:20:18.248Z</time></trkpt>
      <trkpt lat="24.461004" lon="111.154243"><time>2026-08-22T09:20:18.265Z</time></trkpt>
      <trkpt lat="24.460996" lon="111.154241"><time>2026-08-22T09:20:18.281Z</time></trkpt>
      <trkpt lat="24.460996" lon="111.154241"><time>2026-08-22T09:20:18.298Z</time></trkpt>
      <trkpt lat="24.460996" lon="111.154241"><time>2026-08-22T09:20:18.315Z</time></trkpt>
      <trkpt lat="24.460996" lon="111.154241"><time>2026-08-22T09:20:18.332Z</time></trkpt>
      <trkpt lat="24.460996" lon="111.154241"><time>2026-08-22T09:20:18.348Z</time></trkpt>
      <trkpt lat="24.460996" lon="111.154241"><time>2026-08-22T09:20:18.365Z</time></trkpt>
      <trkpt lat="24.460988" lon="111.154239"><time>2026-08-22T09:20:18.382Z</time></trkpt>
      <trkpt lat="24.460988" lon="111.154239"><time>2026-08-22T09:20:18.398Z</time></trkpt>
      <trkpt lat="24.460988" lon="111.154239"><time>2026-08-22T09:20:18.415Z</time></trkpt>
      <trkpt lat="24.460988" lon="111.154239"><time>2026-08-22T09:20:18.432Z</time></trkpt>
      <trkpt lat="24.460988" lon="111.154239"><time>2026-08-22T09:20:18.448Z</time></trkpt>
      <trkpt lat="24.460988" lon="111.154239"><time>2026-08-22T09:20:18.465Z</time></trkpt>
      <trkpt lat="24.46098" lon="111.154237"><time>2026-08-22T09:20:18.482Z</time></trkpt>
      <trkpt lat="24.46098" lon="111.154237"><time>2026-08-22T09:20:18.498Z</time></trkpt>
      <trkpt lat="24.46098" lon="111.154237"><time>2026-08-22T09:20:18.515Z</time></trkpt>
      <trkpt lat="24.46098" lon="111.154237"><time>2026-08-22T09:20:18.532Z</time></trkpt>
      <trkpt lat="24.46098" lon="111.154237"><time>2026-08-22T09:20:18.548Z</time></trkpt>
      <trkpt lat="24.46098" lon="111.154237"><time>2026-08-22T09:20:18.565Z</time></trkpt>
      <trkpt lat="24.460973" lon="111.154236"><time>2026-08-22T09:20:18.582Z</time></trkpt>
      <trkpt lat="24.460973" lon="111.154236"><time>2026-08-22T09:20:18.598Z</time></trkpt>
      <trkpt lat="24.460973" lon="111.154236"><time>2026-08-22T09:20:18.615Z</time></trkpt>
      <trkpt lat="24.460973" lon="111.154236"><time>2026-08-22T09:20:18.632Z</time></trkpt>
      <trkpt lat="24.460973" lon="111.154236"><time>2026-08-22T09:20:18.649Z</time></trkpt>
      <trkpt lat="24.460973" lon="111.154236"><time>2026-08-22T09:20:18.665Z</time></trkpt>
      <trkpt lat="24.460966" lon="111.154235"><time>2026-08-22T09:20:18.682Z</time></trkpt>
      <trkpt lat="24.460966" lon="111.154235"><time>2026-08-22T09:20:18.699Z</time></trkpt>
      <trkpt lat="24.460966" lon="111.154235"><time>2026-08-22T09:20:18.715Z</time></trkpt>
      <trkpt lat="24.460966" lon="111.154235"><time>2026-08-22T09:20:18.732Z</time></trkpt>
      <trkpt lat="24.460966" lon="111.154235"><time>2026-08-22T09:20:18.749Z</time></trkpt>
      <trkpt lat="24.460966" lon="111.154235"><time>2026-08-22T09:20:18.765Z</time></trkpt>
      <trkpt lat="24.46096" lon="111.154234"><time>2026-08-22T09:20:18.782Z</time></trkpt>
      <trkpt lat="24.46096" lon="111.154234"><time>2026-08-22T09:20:18.799Z</time></trkpt>
      <trkpt lat="24.46096" lon="111.154234"><time>2026-08-22T09:20:18.815Z</time></trkpt>
      <trkpt lat="24.46096" lon="111.154234"><time>2026-08-22T09:20:18.832Z</time></trkpt>
      <trkpt lat="24.46096" lon="111.154234"><time>2026-08-22T09:20:18.849Z</time></trkpt>
      <trkpt lat="24.46096" lon="111.154234"><time>2026-08-22T09:20:18.865Z</time></trkpt>
      <trkpt lat="24.460953" lon="111.154234"><time>2026-08-22T09:20:18.882Z</time></trkpt>
      <trkpt lat="24.460953" lon="111.154234"><time>2026-08-22T09:20:18.899Z</time></trkpt>
      <trkpt lat="24.460953" lon="111.154234"><time>2026-08-22T09:20:18.915Z</time></trkpt>
      <trkpt lat="24.460953" lon="111.154234"><time>2026-08-22T09:20:18.932Z</time></trkpt>
      <trkpt lat="24.460953" lon="111.154234"><time>2026-08-22T09:20:18.949Z</time></trkpt>
      <trkpt lat="24.460953" lon="111.154234"><time>2026-08-22T09:20:18.966Z</time></trkpt>
      <trkpt lat="24.460948" lon="111.154234"><time>2026-08-22T09:20:18.982Z</time></trkpt>
      <trkpt lat="24.460948" lon="111.154234"><time>2026-08-22T09:20:18.999Z</time></trkpt>
      <trkpt lat="24.460948" lon="111.154234"><time>2026-08-22T09:20:19.016Z</time></trkpt>
      <trkpt lat="24.460948" lon="111.154234"><time>2026-08-22T09:20:19.032Z</time></trkpt>
      <trkpt lat="24.460948" lon="111.154234"><time>2026-08-22T09:20:19.049Z</time></trkpt>
      <trkpt lat="24.460948" lon="111.154234"><time>2026-08-22T09:20:19.066Z</time></trkpt>
      <trkpt lat="24.460942" lon="111.154234"><time>2026-08-22T09:20:19.082Z</time></trkpt>
      <trkpt lat="24.460942" lon="111.154234"><time>2026-08-22T09:20:19.099Z</time></trkpt>
      <trkpt lat="24.460942" lon="111.154234"><time>2026-08-22T09:20:19.116Z</time></trkpt>
      <trkpt lat="24.460942" lon="111.154234"><time>2026-08-22T09:20:19.132Z</time></trkpt>
      <trkpt lat="24.460942" lon="111.154234"><time>2026-08-22T09:20:19.149Z</time></trkpt>
      <trkpt lat="24.460942" lon="111.154234"><time>2026-08-22T09:20:19.166Z</time></trkpt>
      <trkpt lat="24.460938" lon="111.154235"><time>2026-08-22T09:20:19.182Z</time></trkpt>
      <trkpt lat="24.460938" lon="111.154235"><time>2026-08-22T09:20:19.199Z</time></trkpt>
      <trkpt lat="24.460938" lon="111.154235"><time>2026-08-22T09:20:19.216Z</time></trkpt>
      <trkpt lat="24.460938" lon="111.154235"><time>2026-08-22T09:20:19.232Z</time></trkpt>
      <trkpt lat="24.460938" lon="111.154235"><time>2026-08-22T09:20:19.249Z</time></trkpt>
      <trkpt lat="24.460938" lon="111.154235"><time>2026-08-22T09:20:19.266Z</time></trkpt>
      <trkpt lat="24.460934" lon="111.154235"><time>2026-08-22T09:20:19.283Z</time></trkpt>
      <trkpt lat="24.460934" lon="111.154235"><time>2026-08-22T09:20:19.299Z</time></trkpt>
      <trkpt lat="24.460934" lon="111.154235"><time>2026-08-22T09:20:19.316Z</time></trkpt>
      <trkpt lat="24.460934" lon="111.154235"><time>2026-08-22T09:20:19.333Z</time></trkpt>
      <trkpt lat="24.460934" lon="111.154235"><time>2026-08-22T09:20:19.349Z</time></trkpt>
      <trkpt lat="24.460934" lon="111.154235"><time>2026-08-22T09:20:19.366Z</time></trkpt>
      <trkpt lat="24.46093" lon="111.154236"><time>2026-08-22T09:20:19.383Z</time></trkpt>
      <trkpt lat="24.46093" lon="111.154236"><time>2026-08-22T09:20:19.399Z</time></trkpt>
      <trkpt lat="24.46093" lon="111.154236"><time>2026-08-22T09:20:19.416Z</time></trkpt>
      <trkpt lat="24.46093" lon="111.154236"><time>2026-08-22T09:20:19.433Z</time></trkpt>
      <trkpt lat="24.46093" lon="111.154236"><time>2026-08-22T09:20:19.449Z</time></trkpt>
      <trkpt lat="24.46093" lon="111.154236"><time>2026-08-22T09:20:19.466Z</time></trkpt>
      <trkpt lat="24.460927" lon="111.154237"><time>2026-08-22T09:20:19.483Z</time></trkpt>
      <trkpt lat="24.460927" lon="111.154237"><time>2026-08-22T09:20:19.499Z</time></trkpt>
      <trkpt lat="24.460927" lon="111.154237"><time>2026-08-22T09:20:19.516Z</time></trkpt>
      <trkpt lat="24.460927" lon="111.154237"><time>2026-08-22T09:20:19.533Z</time></trkpt>
      <trkpt lat="24.460927" lon="111.154237"><time>2026-08-22T09:20:19.549Z</time></trkpt>
      <trkpt lat="24.460927" lon="111.154237"><time>2026-08-22T09:20:19.566Z</time></trkpt>
      <trkpt lat="24.460924" lon="111.154239"><time>2026-08-22T09:20:19.583Z</time></trkpt>
      <trkpt lat="24.460924" lon="111.154239"><time>2026-08-22T09:20:19.600Z</time></trkpt>
      <trkpt lat="24.460924" lon="111.154239"><time>2026-08-22T09:20:19.616Z</time></trkpt>
      <trkpt lat="24.460924" lon="111.154239"><time>2026-08-22T09:20:19.633Z</time></trkpt>
      <trkpt lat="24.460924" lon="111.154239"><time>2026-08-22T09:20:19.650Z</time></trkpt>
      <trkpt lat="24.460924" lon="111.154239"><time>2026-08-22T09:20:19.666Z</time></trkpt>
      <trkpt lat="24.460922" lon="111.15424"><time>2026-08-22T09:20:19.683Z</time></trkpt>
      <trkpt lat="24.460922" lon="111.15424"><time>2026-08-22T09:20:19.700Z</time></trkpt>
      <trkpt lat="24.460922" lon="111.15424"><time>2026-08-22T09:20:19.716Z</time></trkpt>
      <trkpt lat="24.460922" lon="111.15424"><time>2026-08-22T09:20:19.733Z</time></trkpt>
      <trkpt lat="24.460922" lon="111.15424"><time>2026-08-22T09:20:19.750Z</time></trkpt>
      <trkpt lat="24.460922" lon="111.15424"><time>2026-08-22T09:20:19.766Z</time></trkpt>
      <trkpt lat="24.46092" lon="111.154242"><time>2026-08-22T09:20:19.783Z</time></trkpt>
      <trkpt lat="24.46092" lon="111.154242"><time>2026-08-22T09:20:19.800Z</time></trkpt>
      <trkpt lat="24.46092" lon="111.154242"><time>2026-08-22T09:20:19.816Z</time></trkpt>
      <trkpt lat="24.46092" lon="111.154242"><time>2026-08-22T09:20:19.833Z</time></trkpt>
      <trkpt lat="24.46092" lon="111.154242"><time>2026-08-22T09:20:19.850Z</time></trkpt>
      <trkpt lat="24.46092" lon="111.154242"><time>2026-08-22T09:20:19.866Z</time></trkpt>
      <trkpt lat="24.460919" lon="111.154244"><time>2026-08-22T09:20:19.883Z</time></trkpt>
      <trkpt lat="24.460919" lon="111.154244"><time>2026-08-22T09:20:19.900Z</time></trkpt>
      <trkpt lat="24.460919" lon="111.154244"><time>2026-08-22T09:20:19.917Z</time></trkpt>
      <trkpt lat="24.460919" lon="111.154244"><time>2026-08-22T09:20:19.933Z</time></trkpt>
      <trkpt lat="24.460919" lon="111.154244"><time>2026-08-22T09:20:19.950Z</time></trkpt>
      <trkpt lat="24.460919" lon="111.154244"><time>2026-08-22T09:20:19.967Z</time></trkpt>
      <trkpt lat="24.460918" lon="111.154246"><time>2026-08-22T09:20:19.983Z</time></trkpt>
      <trkpt lat="24.460918" lon="111.154246"><time>2026-08-22T09:20:20.000Z</time></trkpt>
      <trkpt lat="24.460918" lon="111.154246"><time>2026-08-22T09:20:20.017Z</time></trkpt>
      <trkpt lat="24.460918" lon="111.154246"><time>2026-08-22T09:20:20.033Z</time></trkpt>
      <trkpt lat="24.460918" lon="111.154246"><time>2026-08-22T09:20:20.050Z</time></trkpt>
      <trkpt lat="24.460918" lon="111.154246"><time>2026-08-22T09:20:20.067Z</time></trkpt>
      <trkpt lat="24.460917" lon="111.154249"><time>2026-08-22T09:20:20.083Z</time></trkpt>
      <trkpt lat="24.460917" lon="111.154249"><time>2026-08-22T09:20:20.100Z</time></trkpt>
      <trkpt lat="24.460917" lon="111.154249"><time>2026-08-22T09:20:20.117Z</time></trkpt>
      <trkpt lat="24.460917" lon="111.154249"><time>2026-08-22T09:20:20.133Z</time></trkpt>
      <trkpt lat="24.460917" lon="111.154249"><time>2026-08-22T09:20:20.150Z</time></trkpt>
      <trkpt lat="24.460917" lon="111.154249"><time>2026-08-22T09:20:20.167Z</time></trkpt>
      <trkpt lat="24.460916" lon="111.154251"><time>2026-08-22T09:20:20.183Z</time></trkpt>
      <trkpt lat="24.460916" lon="111.154251"><time>2026-08-22T09:20:20.200Z</time></trkpt>
      <trkpt lat="24.460916" lon="111.154251"><time>2026-08-22T09:20:20.217Z</time></trkpt>
      <trkpt lat="24.460916" lon="111.154251"><time>2026-08-22T09:20:20.234Z</time></trkpt>
      <trkpt lat="24.460916" lon="111.154251"><time>2026-08-22T09:20:20.250Z</time></trkpt>
      <trkpt lat="24.460916" lon="111.154251"><time>2026-08-22T09:20:20.267Z</time></trkpt>
      <trkpt lat="24.460915" lon="111.154254"><time>2026-08-22T09:20:20.284Z</time></trkpt>
      <trkpt lat="24.460915" lon="111.154254"><time>2026-08-22T09:20:20.300Z</time></trkpt>
      <trkpt lat="24.460915" lon="111.154254"><time>2026-08-22T09:20:20.317Z</time></trkpt>
      <trkpt lat="24.460915" lon="111.154254"><time>2026-08-22T09:20:20.334Z</time></trkpt>
      <trkpt lat="24.460915" lon="111.154254"><time>2026-08-22T09:20:20.350Z</time></trkpt>
      <trkpt lat="24.460915" lon="111.154254"><time>2026-08-22T09:20:20.367Z</time></trkpt>
      <trkpt lat="24.460914" lon="111.154257"><time>2026-08-22T09:20:20.384Z</time></trkpt>
      <trkpt lat="24.460914" lon="111.154257"><time>2026-08-22T09:20:20.400Z</time></trkpt>
      <trkpt lat="24.460914" lon="111.154257"><time>2026-08-22T09:20:20.417Z</time></trkpt>
      <trkpt lat="24.460914" lon="111.154257"><time>2026-08-22T09:20:20.434Z</time></trkpt>
      <trkpt lat="24.460914" lon="111.154257"><time>2026-08-22T09:20:20.450Z</time></trkpt>
      <trkpt lat="24.460914" lon="111.154257"><time>2026-08-22T09:20:20.467Z</time></trkpt>
      <trkpt lat="24.460913" lon="111.154259"><time>2026-08-22T09:20:20.484Z</time></trkpt>
      <trkpt lat="24.460913" lon="111.154259"><time>2026-08-22T09:20:20.500Z</time></trkpt>
      <trkpt lat="24.460913" lon="111.154259"><time>2026-08-22T09:20:20.517Z</time></trkpt>
      <trkpt lat="24.460913" lon="111.154259"><time>2026-08-22T09:20:20.534Z</time></trkpt>
      <trkpt lat="24.460913" lon="111.154259"><time>2026-08-22T09:20:20.551Z</time></trkpt>
      <trkpt lat="24.460913" lon="111.154259"><time>2026-08-22T09:20:20.567Z</time></trkpt>
      <trkpt lat="24.460913" lon="111.154262"><time>2026-08-22T09:20:20.584Z</time></trkpt>
      <trkpt lat="24.460913" lon="111.154262"><time>2026-08-22T09:20:20.601Z</time></trkpt>
      <trkpt lat="24.460913" lon="111.154262"><time>2026-08-22T09:20:20.617Z</time></trkpt>
      <trkpt lat="24.460913" lon="111.154262"><time>2026-08-22T09:20:20.634Z</time></trkpt>
      <trkpt lat="24.460913" lon="111.154262"><time>2026-08-22T09:20:20.651Z</time></trkpt>
      <trkpt lat="24.460913" lon="111.154262"><time>2026-08-22T09:20:20.667Z</time></trkpt>
      <trkpt lat="24.460913" lon="111.154264"><time>2026-08-22T09:20:20.684Z</time></trkpt>
      <trkpt lat="24.460913" lon="111.154264"><time>2026-08-22T09:20:20.701Z</time></trkpt>
      <trkpt lat="24.460913" lon="111.154264"><time>2026-08-22T09:20:20.717Z</time></trkpt>
      <trkpt lat="24.460913" lon="111.154264"><time>2026-08-22T09:20:20.734Z</time></trkpt>
      <trkpt lat="24.460913" lon="111.154264"><time>2026-08-22T09:20:20.751Z</time></trkpt>
      <trkpt lat="24.460913" lon="111.154264"><time>2026-08-22T09:20:20.767Z</time></trkpt>
      <trkpt lat="24.460912" lon="111.154267"><time>2026-08-22T09:20:20.784Z</time></trkpt>
      <trkpt lat="24.460912" lon="111.154267"><time>2026-08-22T09:20:20.801Z</time></trkpt>
      <trkpt lat="24.460912" lon="111.154267"><time>2026-08-22T09:20:20.817Z</time></trkpt>
      <trkpt lat="24.460912" lon="111.154267"><time>2026-08-22T09:20:20.834Z</time></trkpt>
      <trkpt lat="24.460912" lon="111.154267"><time>2026-08-22T09:20:20.851Z</time></trkpt>
      <trkpt lat="24.460912" lon="111.154267"><time>2026-08-22T09:20:20.868Z</time></trkpt>
      <trkpt lat="24.460912" lon="111.15427"><time>2026-08-22T09:20:20.884Z</time></trkpt>
      <trkpt lat="24.460912" lon="111.15427"><time>2026-08-22T09:20:20.901Z</time></trkpt>
      <trkpt lat="24.460912" lon="111.15427"><time>2026-08-22T09:20:20.918Z</time></trkpt>
      <trkpt lat="24.460912" lon="111.15427"><time>2026-08-22T09:20:20.934Z</time></trkpt>
      <trkpt lat="24.460912" lon="111.15427"><time>2026-08-22T09:20:20.951Z</time></trkpt>
      <trkpt lat="24.460912" lon="111.15427"><time>2026-08-22T09:20:20.968Z</time></trkpt>
      <trkpt lat="24.460912" lon="111.154272"><time>2026-08-22T09:20:20.984Z</time></trkpt>
      <trkpt lat="24.460912" lon="111.154272"><time>2026-08-22T09:20:21.001Z</time></trkpt>
      <trkpt lat="24.460912" lon="111.154272"><time>2026-08-22T09:20:21.018Z</time></trkpt>
      <trkpt lat="24.460912" lon="111.154272"><time>2026-08-22T09:20:21.034Z</time></trkpt>
      <trkpt lat="24.460912" lon="111.154272"><time>2026-08-22T09:20:21.051Z</time></trkpt>
      <trkpt lat="24.460912" lon="111.154272"><time>2026-08-22T09:20:21.068Z</time></trkpt>
      <trkpt lat="24.460912" lon="111.154275"><time>2026-08-22T09:20:21.084Z</time></trkpt>
      <trkpt lat="24.460912" lon="111.154275"><time>2026-08-22T09:20:21.101Z</time></trkpt>
      <trkpt lat="24.460912" lon="111.154275"><time>2026-08-22T09:20:21.118Z</time></trkpt>
      <trkpt lat="24.460912" lon="111.154275"><time>2026-08-22T09:20:21.134Z</time></trkpt>
      <trkpt lat="24.460912" lon="111.154275"><time>2026-08-22T09:20:21.151Z</time></trkpt>
      <trkpt lat="24.460912" lon="111.154275"><time>2026-08-22T09:20:21.168Z</time></trkpt>
      <trkpt lat="24.460912" lon="111.154278"><time>2026-08-22T09:20:21.185Z</time></trkpt>
      <trkpt lat="24.460912" lon="111.154278"><time>2026-08-22T09:20:21.201Z</time></trkpt>
      <trkpt lat="24.460912" lon="111.154278"><time>2026-08-22T09:20:21.218Z</time></trkpt>
      <trkpt lat="24.460912" lon="111.154278"><time>2026-08-22T09:20:21.235Z</time></trkpt>
      <trkpt lat="24.460912" lon="111.154278"><time>2026-08-22T09:20:21.251Z</time></trkpt>
      <trkpt lat="24.460912" lon="111.154278"><time>2026-08-22T09:20:21.268Z</time></trkpt>
      <trkpt lat="24.460912" lon="111.154281"><time>2026-08-22T09:20:21.285Z</time></trkpt>
      <trkpt lat="24.460912" lon="111.154281"><time>2026-08-22T09:20:21.301Z</time></trkpt>
      <trkpt lat="24.460912" lon="111.154281"><time>2026-08-22T09:20:21.318Z</time></trkpt>
      <trkpt lat="24.460912" lon="111.154281"><time>2026-08-22T09:20:21.335Z</time></trkpt>
      <trkpt lat="24.460912" lon="111.154281"><time>2026-08-22T09:20:21.351Z</time></trkpt>
      <trkpt lat="24.460912" lon="111.154281"><time>2026-08-22T09:20:21.368Z</time></trkpt>
      <trkpt lat="24.460912" lon="111.154286"><time>2026-08-22T09:20:21.385Z</time></trkpt>
      <trkpt lat="24.460912" lon="111.154286"><time>2026-08-22T09:20:21.401Z</time></trkpt>
      <trkpt lat="24.460912" lon="111.154286"><time>2026-08-22T09:20:21.418Z</time></trkpt>
      <trkpt lat="24.460912" lon="111.154286"><time>2026-08-22T09:20:21.435Z</time></trkpt>
      <trkpt lat="24.460912" lon="111.154286"><time>2026-08-22T09:20:21.451Z</time></trkpt>
      <trkpt lat="24.460912" lon="111.154286"><time>2026-08-22T09:20:21.468Z</time></trkpt>
      <trkpt lat="24.460912" lon="111.15429"><time>2026-08-22T09:20:21.485Z</time></trkpt>
      <trkpt lat="24.460912" lon="111.15429"><time>2026-08-22T09:20:21.502Z</time></trkpt>
      <trkpt lat="24.460912" lon="111.15429"><time>2026-08-22T09:20:21.518Z</time></trkpt>
      <trkpt lat="24.460912" lon="111.15429"><time>2026-08-22T09:20:21.535Z</time></trkpt>
      <trkpt lat="24.460912" lon="111.15429"><time>2026-08-22T09:20:21.552Z</time></trkpt>
      <trkpt lat="24.460912" lon="111.15429"><time>2026-08-22T09:20:21.568Z</time></trkpt>
      <trkpt lat="24.460912" lon="111.154293"><time>2026-08-22T09:20:21.585Z</time></trkpt>
      <trkpt lat="24.460912" lon="111.154293"><time>2026-08-22T09:20:21.602Z</time></trkpt>
      <trkpt lat="24.460912" lon="111.154293"><time>2026-08-22T09:20:21.618Z</time></trkpt>
      <trkpt lat="24.460912" lon="111.154293"><time>2026-08-22T09:20:21.635Z</time></trkpt>
      <trkpt lat="24.460912" lon="111.154293"><time>2026-08-22T09:20:21.652Z</time></trkpt>
      <trkpt lat="24.460912" lon="111.154293"><time>2026-08-22T09:20:21.668Z</time></trkpt>
      <trkpt lat="24.460911" lon="111.154297"><time>2026-08-22T09:20:21.685Z</time></trkpt>
      <trkpt lat="24.460911" lon="111.154297"><time>2026-08-22T09:20:21.702Z</time></trkpt>
      <trkpt lat="24.460911" lon="111.154297"><time>2026-08-22T09:20:21.718Z</time></trkpt>
      <trkpt lat="24.460911" lon="111.154297"><time>2026-08-22T09:20:21.735Z</time></trkpt>
      <trkpt lat="24.460911" lon="111.154297"><time>2026-08-22T09:20:21.752Z</time></trkpt>
      <trkpt lat="24.460911" lon="111.154297"><time>2026-08-22T09:20:21.768Z</time></trkpt>
      <trkpt lat="24.460912" lon="111.1543"><time>2026-08-22T09:20:21.785Z</time></trkpt>
      <trkpt lat="24.460912" lon="111.1543"><time>2026-08-22T09:20:21.802Z</time></trkpt>
      <trkpt lat="24.460912" lon="111.1543"><time>2026-08-22T09:20:21.819Z</time></trkpt>
      <trkpt lat="24.460912" lon="111.1543"><time>2026-08-22T09:20:21.835Z</time></trkpt>
      <trkpt lat="24.460912" lon="111.1543"><time>2026-08-22T09:20:21.852Z</time></trkpt>
      <trkpt lat="24.460912" lon="111.1543"><time>2026-08-22T09:20:21.869Z</time></trkpt>
      <trkpt lat="24.460912" lon="111.154305"><time>2026-08-22T09:20:21.885Z</time></trkpt>
      <trkpt lat="24.460912" lon="111.154305"><time>2026-08-22T09:20:21.902Z</time></trkpt>
      <trkpt lat="24.460912" lon="111.154305"><time>2026-08-22T09:20:21.919Z</time></trkpt>
      <trkpt lat="24.460912" lon="111.154305"><time>2026-08-22T09:20:21.935Z</time></trkpt>
      <trkpt lat="24.460912" lon="111.154305"><time>2026-08-22T09:20:21.952Z</time></trkpt>
      <trkpt lat="24.460912" lon="111.154305"><time>2026-08-22T09:20:21.969Z</time></trkpt>
      <trkpt lat="24.460912" lon="111.154308"><time>2026-08-22T09:20:21.985Z</time></trkpt>
      <trkpt lat="24.460912" lon="111.154308"><time>2026-08-22T09:20:22.002Z</time></trkpt>
      <trkpt lat="24.460912" lon="111.154308"><time>2026-08-22T09:20:22.019Z</time></trkpt>
      <trkpt lat="24.460912" lon="111.154308"><time>2026-08-22T09:20:22.035Z</time></trkpt>
      <trkpt lat="24.460912" lon="111.154308"><time>2026-08-22T09:20:22.052Z</time></trkpt>
      <trkpt lat="24.460912" lon="111.154308"><time>2026-08-22T09:20:22.069Z</time></trkpt>
      <trkpt lat="24.460912" lon="111.154313"><time>2026-08-22T09:20:22.085Z</time></trkpt>
      <trkpt lat="24.460912" lon="111.154313"><time>2026-08-22T09:20:22.102Z</time></trkpt>
      <trkpt lat="24.460912" lon="111.154313"><time>2026-08-22T09:20:22.119Z</time></trkpt>
      <trkpt lat="24.460912" lon="111.154313"><time>2026-08-22T09:20:22.136Z</time></trkpt>
      <trkpt lat="24.460912" lon="111.154313"><time>2026-08-22T09:20:22.152Z</time></trkpt>
      <trkpt lat="24.460912" lon="111.154313"><time>2026-08-22T09:20:22.169Z</time></trkpt>
      <trkpt lat="24.460912" lon="111.154317"><time>2026-08-22T09:20:22.186Z</time></trkpt>
      <trkpt lat="24.460912" lon="111.154317"><time>2026-08-22T09:20:22.202Z</time></trkpt>
      <trkpt lat="24.460912" lon="111.154317"><time>2026-08-22T09:20:22.219Z</time></trkpt>
      <trkpt lat="24.460912" lon="111.154317"><time>2026-08-22T09:20:22.236Z</time></trkpt>
      <trkpt lat="24.460912" lon="111.154317"><time>2026-08-22T09:20:22.252Z</time></trkpt>
      <trkpt lat="24.460912" lon="111.154317"><time>2026-08-22T09:20:22.269Z</time></trkpt>
      <trkpt lat="24.460912" lon="111.154321"><time>2026-08-22T09:20:22.286Z</time></trkpt>
      <trkpt lat="24.460912" lon="111.154321"><time>2026-08-22T09:20:22.302Z</time></trkpt>
      <trkpt lat="24.460912" lon="111.154321"><time>2026-08-22T09:20:22.319Z</time></trkpt>
      <trkpt lat="24.460912" lon="111.154321"><time>2026-08-22T09:20:22.336Z</time></trkpt>
      <trkpt lat="24.460912" lon="111.154321"><time>2026-08-22T09:20:22.352Z</time></trkpt>
      <trkpt lat="24.460912" lon="111.154321"><time>2026-08-22T09:20:22.369Z</time></trkpt>
      <trkpt lat="24.460913" lon="111.154325"><time>2026-08-22T09:20:22.386Z</time></trkpt>
      <trkpt lat="24.460913" lon="111.154325"><time>2026-08-22T09:20:22.402Z</time></trkpt>
      <trkpt lat="24.460913" lon="111.154325"><time>2026-08-22T09:20:22.419Z</time></trkpt>
      <trkpt lat="24.460913" lon="111.154325"><time>2026-08-22T09:20:22.436Z</time></trkpt>
      <trkpt lat="24.460913" lon="111.154325"><time>2026-08-22T09:20:22.453Z</time></trkpt>
      <trkpt lat="24.460913" lon="111.154325"><time>2026-08-22T09:20:22.469Z</time></trkpt>
      <trkpt lat="24.460913" lon="111.15433"><time>2026-08-22T09:20:22.486Z</time></trkpt>
      <trkpt lat="24.460913" lon="111.15433"><time>2026-08-22T09:20:22.503Z</time></trkpt>
      <trkpt lat="24.460913" lon="111.15433"><time>2026-08-22T09:20:22.519Z</time></trkpt>
      <trkpt lat="24.460913" lon="111.15433"><time>2026-08-22T09:20:22.536Z</time></trkpt>
      <trkpt lat="24.460913" lon="111.15433"><time>2026-08-22T09:20:22.553Z</time></trkpt>
      <trkpt lat="24.460913" lon="111.15433"><time>2026-08-22T09:20:22.569Z</time></trkpt>
      <trkpt lat="24.460914" lon="111.154334"><time>2026-08-22T09:20:22.586Z</time></trkpt>
      <trkpt lat="24.460914" lon="111.154334"><time>2026-08-22T09:20:22.603Z</time></trkpt>
      <trkpt lat="24.460914" lon="111.154334"><time>2026-08-22T09:20:22.619Z</time></trkpt>
      <trkpt lat="24.460914" lon="111.154334"><time>2026-08-22T09:20:22.636Z</time></trkpt>
      <trkpt lat="24.460914" lon="111.154334"><time>2026-08-22T09:20:22.653Z</time></trkpt>
      <trkpt lat="24.460914" lon="111.154334"><time>2026-08-22T09:20:22.669Z</time></trkpt>
      <trkpt lat="24.460914" lon="111.154338"><time>2026-08-22T09:20:22.686Z</time></trkpt>
      <trkpt lat="24.460914" lon="111.154338"><time>2026-08-22T09:20:22.703Z</time></trkpt>
      <trkpt lat="24.460914" lon="111.154338"><time>2026-08-22T09:20:22.719Z</time></trkpt>
      <trkpt lat="24.460914" lon="111.154338"><time>2026-08-22T09:20:22.736Z</time></trkpt>
      <trkpt lat="24.460914" lon="111.154338"><time>2026-08-22T09:20:22.753Z</time></trkpt>
      <trkpt lat="24.460914" lon="111.154338"><time>2026-08-22T09:20:22.770Z</time></trkpt>
      <trkpt lat="24.460915" lon="111.154342"><time>2026-08-22T09:20:22.786Z</time></trkpt>
      <trkpt lat="24.460915" lon="111.154342"><time>2026-08-22T09:20:22.803Z</time></trkpt>
      <trkpt lat="24.460915" lon="111.154342"><time>2026-08-22T09:20:22.820Z</time></trkpt>
      <trkpt lat="24.460915" lon="111.154342"><time>2026-08-22T09:20:22.836Z</time></trkpt>
      <trkpt lat="24.460915" lon="111.154342"><time>2026-08-22T09:20:22.853Z</time></trkpt>
      <trkpt lat="24.460915" lon="111.154342"><time>2026-08-22T09:20:22.870Z</time></trkpt>
      <trkpt lat="24.460915" lon="111.154347"><time>2026-08-22T09:20:22.886Z</time></trkpt>
      <trkpt lat="24.460915" lon="111.154347"><time>2026-08-22T09:20:22.903Z</time></trkpt>
      <trkpt lat="24.460915" lon="111.154347"><time>2026-08-22T09:20:22.920Z</time></trkpt>
      <trkpt lat="24.460915" lon="111.154347"><time>2026-08-22T09:20:22.936Z</time></trkpt>
      <trkpt lat="24.460915" lon="111.154347"><time>2026-08-22T09:20:22.953Z</time></trkpt>
      <trkpt lat="24.460915" lon="111.154347"><time>2026-08-22T09:20:22.970Z</time></trkpt>
      <trkpt lat="24.460916" lon="111.154351"><time>2026-08-22T09:20:22.986Z</time></trkpt>
      <trkpt lat="24.460916" lon="111.154351"><time>2026-08-22T09:20:23.003Z</time></trkpt>
      <trkpt lat="24.460916" lon="111.154351"><time>2026-08-22T09:20:23.020Z</time></trkpt>
      <trkpt lat="24.460916" lon="111.154351"><time>2026-08-22T09:20:23.036Z</time></trkpt>
      <trkpt lat="24.460916" lon="111.154351"><time>2026-08-22T09:20:23.053Z</time></trkpt>
      <trkpt lat="24.460916" lon="111.154351"><time>2026-08-22T09:20:23.070Z</time></trkpt>
      <trkpt lat="24.460917" lon="111.154355"><time>2026-08-22T09:20:23.087Z</time></trkpt>
      <trkpt lat="24.460917" lon="111.154355"><time>2026-08-22T09:20:23.103Z</time></trkpt>
      <trkpt lat="24.460917" lon="111.154355"><time>2026-08-22T09:20:23.120Z</time></trkpt>
      <trkpt lat="24.460917" lon="111.154355"><time>2026-08-22T09:20:23.137Z</time></trkpt>
      <trkpt lat="24.460917" lon="111.154355"><time>2026-08-22T09:20:23.153Z</time></trkpt>
      <trkpt lat="24.460917" lon="111.154355"><time>2026-08-22T09:20:23.170Z</time></trkpt>
      <trkpt lat="24.460918" lon="111.154359"><time>2026-08-22T09:20:23.187Z</time></trkpt>
      <trkpt lat="24.460918" lon="111.154359"><time>2026-08-22T09:20:23.203Z</time></trkpt>
      <trkpt lat="24.460918" lon="111.154359"><time>2026-08-22T09:20:23.220Z</time></trkpt>
      <trkpt lat="24.460918" lon="111.154359"><time>2026-08-22T09:20:23.237Z</time></trkpt>
      <trkpt lat="24.460918" lon="111.154359"><time>2026-08-22T09:20:23.253Z</time></trkpt>
      <trkpt lat="24.460918" lon="111.154359"><time>2026-08-22T09:20:23.270Z</time></trkpt>
      <trkpt lat="24.460918" lon="111.154363"><time>2026-08-22T09:20:23.287Z</time></trkpt>
      <trkpt lat="24.460918" lon="111.154363"><time>2026-08-22T09:20:23.303Z</time></trkpt>
      <trkpt lat="24.460918" lon="111.154363"><time>2026-08-22T09:20:23.320Z</time></trkpt>
      <trkpt lat="24.460918" lon="111.154363"><time>2026-08-22T09:20:23.337Z</time></trkpt>
      <trkpt lat="24.460918" lon="111.154363"><time>2026-08-22T09:20:23.353Z</time></trkpt>
      <trkpt lat="24.460918" lon="111.154363"><time>2026-08-22T09:20:23.370Z</time></trkpt>
      <trkpt lat="24.460919" lon="111.154366"><time>2026-08-22T09:20:23.387Z</time></trkpt>
      <trkpt lat="24.460919" lon="111.154366"><time>2026-08-22T09:20:23.404Z</time></trkpt>
      <trkpt lat="24.460919" lon="111.154366"><time>2026-08-22T09:20:23.420Z</time></trkpt>
      <trkpt lat="24.460919" lon="111.154366"><time>2026-08-22T09:20:23.437Z</time></trkpt>
      <trkpt lat="24.460919" lon="111.154366"><time>2026-08-22T09:20:23.454Z</time></trkpt>
      <trkpt lat="24.460919" lon="111.154366"><time>2026-08-22T09:20:23.470Z</time></trkpt>
      <trkpt lat="24.46092" lon="111.15437"><time>2026-08-22T09:20:23.487Z</time></trkpt>
      <trkpt lat="24.46092" lon="111.15437"><time>2026-08-22T09:20:23.504Z</time></trkpt>
      <trkpt lat="24.46092" lon="111.15437"><time>2026-08-22T09:20:23.520Z</time></trkpt>
      <trkpt lat="24.46092" lon="111.15437"><time>2026-08-22T09:20:23.537Z</time></trkpt>
      <trkpt lat="24.46092" lon="111.15437"><time>2026-08-22T09:20:23.554Z</time></trkpt>
      <trkpt lat="24.46092" lon="111.15437"><time>2026-08-22T09:20:23.570Z</time></trkpt>
      <trkpt lat="24.46092" lon="111.154374"><time>2026-08-22T09:20:23.587Z</time></trkpt>
      <trkpt lat="24.46092" lon="111.154374"><time>2026-08-22T09:20:23.604Z</time></trkpt>
      <trkpt lat="24.46092" lon="111.154374"><time>2026-08-22T09:20:23.620Z</time></trkpt>
      <trkpt lat="24.46092" lon="111.154374"><time>2026-08-22T09:20:23.637Z</time></trkpt>
      <trkpt lat="24.46092" lon="111.154374"><time>2026-08-22T09:20:23.654Z</time></trkpt>
      <trkpt lat="24.46092" lon="111.154374"><time>2026-08-22T09:20:23.670Z</time></trkpt>
      <trkpt lat="24.460921" lon="111.154377"><time>2026-08-22T09:20:23.687Z</time></trkpt>
      <trkpt lat="24.460921" lon="111.154377"><time>2026-08-22T09:20:23.704Z</time></trkpt>
      <trkpt lat="24.460921" lon="111.154377"><time>2026-08-22T09:20:23.721Z</time></trkpt>
      <trkpt lat="24.460921" lon="111.154377"><time>2026-08-22T09:20:23.737Z</time></trkpt>
      <trkpt lat="24.460921" lon="111.154377"><time>2026-08-22T09:20:23.754Z</time></trkpt>
      <trkpt lat="24.460921" lon="111.154377"><time>2026-08-22T09:20:23.771Z</time></trkpt>
      <trkpt lat="24.460921" lon="111.154381"><time>2026-08-22T09:20:23.787Z</time></trkpt>
      <trkpt lat="24.460921" lon="111.154381"><time>2026-08-22T09:20:23.804Z</time></trkpt>
      <trkpt lat="24.460921" lon="111.154381"><time>2026-08-22T09:20:23.821Z</time></trkpt>
      <trkpt lat="24.460921" lon="111.154381"><time>2026-08-22T09:20:23.837Z</time></trkpt>
      <trkpt lat="24.460921" lon="111.154381"><time>2026-08-22T09:20:23.854Z</time></trkpt>
      <trkpt lat="24.460921" lon="111.154381"><time>2026-08-22T09:20:23.871Z</time></trkpt>
      <trkpt lat="24.460922" lon="111.154384"><time>2026-08-22T09:20:23.887Z</time></trkpt>
      <trkpt lat="24.460922" lon="111.154384"><time>2026-08-22T09:20:23.904Z</time></trkpt>
      <trkpt lat="24.460922" lon="111.154384"><time>2026-08-22T09:20:23.921Z</time></trkpt>
      <trkpt lat="24.460922" lon="111.154384"><time>2026-08-22T09:20:23.937Z</time></trkpt>
      <trkpt lat="24.460922" lon="111.154384"><time>2026-08-22T09:20:23.954Z</time></trkpt>
      <trkpt lat="24.460922" lon="111.154384"><time>2026-08-22T09:20:23.971Z</time></trkpt>
      <trkpt lat="24.460923" lon="111.154388"><time>2026-08-22T09:20:23.987Z</time></trkpt>
      <trkpt lat="24.460923" lon="111.154388"><time>2026-08-22T09:20:24.004Z</time></trkpt>
      <trkpt lat="24.460923" lon="111.154388"><time>2026-08-22T09:20:24.021Z</time></trkpt>
      <trkpt lat="24.460923" lon="111.154388"><time>2026-08-22T09:20:24.037Z</time></trkpt>
      <trkpt lat="24.460923" lon="111.154388"><time>2026-08-22T09:20:24.054Z</time></trkpt>
      <trkpt lat="24.460923" lon="111.154388"><time>2026-08-22T09:20:24.071Z</time></trkpt>
      <trkpt lat="24.460924" lon="111.154391"><time>2026-08-22T09:20:24.088Z</time></trkpt>
      <trkpt lat="24.460924" lon="111.154391"><time>2026-08-22T09:20:24.104Z</time></trkpt>
      <trkpt lat="24.460924" lon="111.154391"><time>2026-08-22T09:20:24.121Z</time></trkpt>
      <trkpt lat="24.460924" lon="111.154391"><time>2026-08-22T09:20:24.138Z</time></trkpt>
      <trkpt lat="24.460924" lon="111.154391"><time>2026-08-22T09:20:24.154Z</time></trkpt>
      <trkpt lat="24.460924" lon="111.154391"><time>2026-08-22T09:20:24.171Z</time></trkpt>
      <trkpt lat="24.460924" lon="111.154394"><time>2026-08-22T09:20:24.188Z</time></trkpt>
      <trkpt lat="24.460924" lon="111.154394"><time>2026-08-22T09:20:24.204Z</time></trkpt>
      <trkpt lat="24.460924" lon="111.154394"><time>2026-08-22T09:20:24.221Z</time></trkpt>
      <trkpt lat="24.460924" lon="111.154394"><time>2026-08-22T09:20:24.238Z</time></trkpt>
      <trkpt lat="24.460924" lon="111.154394"><time>2026-08-22T09:20:24.254Z</time></trkpt>
      <trkpt lat="24.460924" lon="111.154394"><time>2026-08-22T09:20:24.271Z</time></trkpt>
      <trkpt lat="24.460925" lon="111.154397"><time>2026-08-22T09:20:24.288Z</time></trkpt>
      <trkpt lat="24.460925" lon="111.154397"><time>2026-08-22T09:20:24.304Z</time></trkpt>
      <trkpt lat="24.460925" lon="111.154397"><time>2026-08-22T09:20:24.321Z</time></trkpt>
      <trkpt lat="24.460925" lon="111.154397"><time>2026-08-22T09:20:24.338Z</time></trkpt>
      <trkpt lat="24.460925" lon="111.154397"><time>2026-08-22T09:20:24.354Z</time></trkpt>
      <trkpt lat="24.460925" lon="111.154397"><time>2026-08-22T09:20:24.371Z</time></trkpt>
      <trkpt lat="24.460926" lon="111.1544"><time>2026-08-22T09:20:24.388Z</time></trkpt>
      <trkpt lat="24.460926" lon="111.1544"><time>2026-08-22T09:20:24.405Z</time></trkpt>
      <trkpt lat="24.460926" lon="111.1544"><time>2026-08-22T09:20:24.421Z</time></trkpt>
      <trkpt lat="24.460926" lon="111.1544"><time>2026-08-22T09:20:24.438Z</time></trkpt>
      <trkpt lat="24.460926" lon="111.1544"><time>2026-08-22T09:20:24.455Z</time></trkpt>
      <trkpt lat="24.460926" lon="111.1544"><time>2026-08-22T09:20:24.471Z</time></trkpt>
      <trkpt lat="24.460927" lon="111.154403"><time>2026-08-22T09:20:24.488Z</time></trkpt>
      <trkpt lat="24.460927" lon="111.154403"><time>2026-08-22T09:20:24.505Z</time></trkpt>
      <trkpt lat="24.460927" lon="111.154403"><time>2026-08-22T09:20:24.521Z</time></trkpt>
      <trkpt lat="24.460927" lon="111.154403"><time>2026-08-22T09:20:24.538Z</time></trkpt>
      <trkpt lat="24.460927" lon="111.154403"><time>2026-08-22T09:20:24.555Z</time></trkpt>
      <trkpt lat="24.460927" lon="111.154403"><time>2026-08-22T09:20:24.571Z</time></trkpt>
      <trkpt lat="24.460927" lon="111.154406"><time>2026-08-22T09:20:24.588Z</time></trkpt>
      <trkpt lat="24.460927" lon="111.154406"><time>2026-08-22T09:20:24.605Z</time></trkpt>
      <trkpt lat="24.460927" lon="111.154406"><time>2026-08-22T09:20:24.621Z</time></trkpt>
      <trkpt lat="24.460927" lon="111.154406"><time>2026-08-22T09:20:24.638Z</time></trkpt>
      <trkpt lat="24.460927" lon="111.154406"><time>2026-08-22T09:20:24.655Z</time></trkpt>
      <trkpt lat="24.460927" lon="111.154406"><time>2026-08-22T09:20:24.671Z</time></trkpt>
      <trkpt lat="24.460928" lon="111.154409"><time>2026-08-22T09:20:24.688Z</time></trkpt>
      <trkpt lat="24.460928" lon="111.154409"><time>2026-08-22T09:20:24.705Z</time></trkpt>
      <trkpt lat="24.460928" lon="111.154409"><time>2026-08-22T09:20:24.722Z</time></trkpt>
      <trkpt lat="24.460928" lon="111.154409"><time>2026-08-22T09:20:24.738Z</time></trkpt>
      <trkpt lat="24.460928" lon="111.154409"><time>2026-08-22T09:20:24.755Z</time></trkpt>
      <trkpt lat="24.460928" lon="111.154409"><time>2026-08-22T09:20:24.772Z</time></trkpt>
      <trkpt lat="24.460929" lon="111.154412"><time>2026-08-22T09:20:24.788Z</time></trkpt>
      <trkpt lat="24.460929" lon="111.154412"><time>2026-08-22T09:20:24.805Z</time></trkpt>
      <trkpt lat="24.460929" lon="111.154412"><time>2026-08-22T09:20:24.822Z</time></trkpt>
      <trkpt lat="24.460929" lon="111.154412"><time>2026-08-22T09:20:24.838Z</time></trkpt>
      <trkpt lat="24.460929" lon="111.154412"><time>2026-08-22T09:20:24.855Z</time></trkpt>
      <trkpt lat="24.460929" lon="111.154412"><time>2026-08-22T09:20:24.872Z</time></trkpt>
      <trkpt lat="24.46093" lon="111.154415"><time>2026-08-22T09:20:24.888Z</time></trkpt>
      <trkpt lat="24.46093" lon="111.154415"><time>2026-08-22T09:20:24.905Z</time></trkpt>
      <trkpt lat="24.46093" lon="111.154415"><time>2026-08-22T09:20:24.922Z</time></trkpt>
      <trkpt lat="24.46093" lon="111.154415"><time>2026-08-22T09:20:24.938Z</time></trkpt>
      <trkpt lat="24.46093" lon="111.154415"><time>2026-08-22T09:20:24.955Z</time></trkpt>
      <trkpt lat="24.46093" lon="111.154415"><time>2026-08-22T09:20:24.972Z</time></trkpt>
      <trkpt lat="24.46093" lon="111.154418"><time>2026-08-22T09:20:24.988Z</time></trkpt>
      <trkpt lat="24.46093" lon="111.154418"><time>2026-08-22T09:20:25.005Z</time></trkpt>
      <trkpt lat="24.46093" lon="111.154418"><time>2026-08-22T09:20:25.022Z</time></trkpt>
      <trkpt lat="24.46093" lon="111.154418"><time>2026-08-22T09:20:25.039Z</time></trkpt>
      <trkpt lat="24.46093" lon="111.154418"><time>2026-08-22T09:20:25.055Z</time></trkpt>
      <trkpt lat="24.46093" lon="111.154418"><time>2026-08-22T09:20:25.072Z</time></trkpt>
      <trkpt lat="24.460931" lon="111.15442"><time>2026-08-22T09:20:25.089Z</time></trkpt>
      <trkpt lat="24.460931" lon="111.15442"><time>2026-08-22T09:20:25.105Z</time></trkpt>
      <trkpt lat="24.460931" lon="111.15442"><time>2026-08-22T09:20:25.122Z</time></trkpt>
      <trkpt lat="24.460931" lon="111.15442"><time>2026-08-22T09:20:25.139Z</time></trkpt>
      <trkpt lat="24.460931" lon="111.15442"><time>2026-08-22T09:20:25.155Z</time></trkpt>
      <trkpt lat="24.460931" lon="111.15442"><time>2026-08-22T09:20:25.172Z</time></trkpt>
      <trkpt lat="24.460931" lon="111.154423"><time>2026-08-22T09:20:25.189Z</time></trkpt>
      <trkpt lat="24.460931" lon="111.154423"><time>2026-08-22T09:20:25.205Z</time></trkpt>
      <trkpt lat="24.460931" lon="111.154423"><time>2026-08-22T09:20:25.222Z</time></trkpt>
      <trkpt lat="24.460931" lon="111.154423"><time>2026-08-22T09:20:25.239Z</time></trkpt>
      <trkpt lat="24.460931" lon="111.154423"><time>2026-08-22T09:20:25.255Z</time></trkpt>
      <trkpt lat="24.460931" lon="111.154423"><time>2026-08-22T09:20:25.272Z</time></trkpt>
      <trkpt lat="24.460932" lon="111.154425"><time>2026-08-22T09:20:25.289Z</time></trkpt>
      <trkpt lat="24.460932" lon="111.154425"><time>2026-08-22T09:20:25.305Z</time></trkpt>
      <trkpt lat="24.460932" lon="111.154425"><time>2026-08-22T09:20:25.322Z</time></trkpt>
      <trkpt lat="24.460932" lon="111.154425"><time>2026-08-22T09:20:25.339Z</time></trkpt>
      <trkpt lat="24.460932" lon="111.154425"><time>2026-08-22T09:20:25.356Z</time></trkpt>
      <trkpt lat="24.460932" lon="111.154425"><time>2026-08-22T09:20:25.372Z</time></trkpt>
      <trkpt lat="24.460932" lon="111.154428"><time>2026-08-22T09:20:25.389Z</time></trkpt>
      <trkpt lat="24.460932" lon="111.154428"><time>2026-08-22T09:20:25.406Z</time></trkpt>
      <trkpt lat="24.460932" lon="111.154428"><time>2026-08-22T09:20:25.422Z</time></trkpt>
      <trkpt lat="24.460932" lon="111.154428"><time>2026-08-22T09:20:25.439Z</time></trkpt>
      <trkpt lat="24.460932" lon="111.154428"><time>2026-08-22T09:20:25.456Z</time></trkpt>
      <trkpt lat="24.460932" lon="111.154428"><time>2026-08-22T09:20:25.472Z</time></trkpt>
      <trkpt lat="24.460933" lon="111.15443"><time>2026-08-22T09:20:25.489Z</time></trkpt>
      <trkpt lat="24.460933" lon="111.15443"><time>2026-08-22T09:20:25.506Z</time></trkpt>
      <trkpt lat="24.460933" lon="111.15443"><time>2026-08-22T09:20:25.522Z</time></trkpt>
      <trkpt lat="24.460933" lon="111.15443"><time>2026-08-22T09:20:25.539Z</time></trkpt>
      <trkpt lat="24.460933" lon="111.15443"><time>2026-08-22T09:20:25.556Z</time></trkpt>
      <trkpt lat="24.460933" lon="111.15443"><time>2026-08-22T09:20:25.572Z</time></trkpt>
      <trkpt lat="24.460933" lon="111.154433"><time>2026-08-22T09:20:25.589Z</time></trkpt>
      <trkpt lat="24.460933" lon="111.154433"><time>2026-08-22T09:20:25.606Z</time></trkpt>
      <trkpt lat="24.460933" lon="111.154433"><time>2026-08-22T09:20:25.622Z</time></trkpt>
      <trkpt lat="24.460933" lon="111.154433"><time>2026-08-22T09:20:25.639Z</time></trkpt>
      <trkpt lat="24.460933" lon="111.154433"><time>2026-08-22T09:20:25.656Z</time></trkpt>
      <trkpt lat="24.460933" lon="111.154433"><time>2026-08-22T09:20:25.673Z</time></trkpt>
      <trkpt lat="24.460933" lon="111.154435"><time>2026-08-22T09:20:25.689Z</time></trkpt>
      <trkpt lat="24.460933" lon="111.154435"><time>2026-08-22T09:20:25.706Z</time></trkpt>
      <trkpt lat="24.460933" lon="111.154435"><time>2026-08-22T09:20:25.723Z</time></trkpt>
      <trkpt lat="24.460933" lon="111.154435"><time>2026-08-22T09:20:25.739Z</time></trkpt>
      <trkpt lat="24.460933" lon="111.154435"><time>2026-08-22T09:20:25.756Z</time></trkpt>
      <trkpt lat="24.460933" lon="111.154435"><time>2026-08-22T09:20:25.773Z</time></trkpt>
      <trkpt lat="24.460934" lon="111.154437"><time>2026-08-22T09:20:25.789Z</time></trkpt>
      <trkpt lat="24.460934" lon="111.154437"><time>2026-08-22T09:20:25.806Z</time></trkpt>
      <trkpt lat="24.460934" lon="111.154437"><time>2026-08-22T09:20:25.823Z</time></trkpt>
      <trkpt lat="24.460934" lon="111.154437"><time>2026-08-22T09:20:25.839Z</time></trkpt>
      <trkpt lat="24.460934" lon="111.154437"><time>2026-08-22T09:20:25.856Z</time></trkpt>
      <trkpt lat="24.460934" lon="111.154437"><time>2026-08-22T09:20:25.873Z</time></trkpt>
      <trkpt lat="24.460934" lon="111.15444"><time>2026-08-22T09:20:25.889Z</time></trkpt>
      <trkpt lat="24.460934" lon="111.15444"><time>2026-08-22T09:20:25.906Z</time></trkpt>
      <trkpt lat="24.460934" lon="111.15444"><time>2026-08-22T09:20:25.923Z</time></trkpt>
      <trkpt lat="24.460934" lon="111.15444"><time>2026-08-22T09:20:25.939Z</time></trkpt>
      <trkpt lat="24.460934" lon="111.15444"><time>2026-08-22T09:20:25.956Z</time></trkpt>
      <trkpt lat="24.460934" lon="111.15444"><time>2026-08-22T09:20:25.973Z</time></trkpt>
      <trkpt lat="24.460934" lon="111.154442"><time>2026-08-22T09:20:25.990Z</time></trkpt>
      <trkpt lat="24.460934" lon="111.154442"><time>2026-08-22T09:20:26.006Z</time></trkpt>
      <trkpt lat="24.460934" lon="111.154442"><time>2026-08-22T09:20:26.023Z</time></trkpt>
      <trkpt lat="24.460934" lon="111.154442"><time>2026-08-22T09:20:26.040Z</time></trkpt>
      <trkpt lat="24.460934" lon="111.154442"><time>2026-08-22T09:20:26.056Z</time></trkpt>
      <trkpt lat="24.460934" lon="111.154442"><time>2026-08-22T09:20:26.073Z</time></trkpt>
      <trkpt lat="24.460934" lon="111.154445"><time>2026-08-22T09:20:26.090Z</time></trkpt>
      <trkpt lat="24.460934" lon="111.154445"><time>2026-08-22T09:20:26.106Z</time></trkpt>
      <trkpt lat="24.460934" lon="111.154445"><time>2026-08-22T09:20:26.123Z</time></trkpt>
      <trkpt lat="24.460934" lon="111.154445"><time>2026-08-22T09:20:26.140Z</time></trkpt>
      <trkpt lat="24.460934" lon="111.154445"><time>2026-08-22T09:20:26.156Z</time></trkpt>
      <trkpt lat="24.460934" lon="111.154445"><time>2026-08-22T09:20:26.173Z</time></trkpt>
      <trkpt lat="24.460934" lon="111.154447"><time>2026-08-22T09:20:26.190Z</time></trkpt>
      <trkpt lat="24.460934" lon="111.154447"><time>2026-08-22T09:20:26.206Z</time></trkpt>
      <trkpt lat="24.460934" lon="111.154447"><time>2026-08-22T09:20:26.223Z</time></trkpt>
      <trkpt lat="24.460934" lon="111.154447"><time>2026-08-22T09:20:26.240Z</time></trkpt>
      <trkpt lat="24.460934" lon="111.154447"><time>2026-08-22T09:20:26.256Z</time></trkpt>
      <trkpt lat="24.460934" lon="111.154447"><time>2026-08-22T09:20:26.273Z</time></trkpt>
      <trkpt lat="24.460934" lon="111.154449"><time>2026-08-22T09:20:26.290Z</time></trkpt>
      <trkpt lat="24.460934" lon="111.154449"><time>2026-08-22T09:20:26.307Z</time></trkpt>
      <trkpt lat="24.460934" lon="111.154449"><time>2026-08-22T09:20:26.323Z</time></trkpt>
      <trkpt lat="24.460934" lon="111.154449"><time>2026-08-22T09:20:26.340Z</time></trkpt>
      <trkpt lat="24.460934" lon="111.154449"><time>2026-08-22T09:20:26.357Z</time></trkpt>
      <trkpt lat="24.460934" lon="111.154449"><time>2026-08-22T09:20:26.373Z</time></trkpt>
      <trkpt lat="24.460934" lon="111.154451"><time>2026-08-22T09:20:26.390Z</time></trkpt>
      <trkpt lat="24.460934" lon="111.154451"><time>2026-08-22T09:20:26.407Z</time></trkpt>
      <trkpt lat="24.460934" lon="111.154451"><time>2026-08-22T09:20:26.423Z</time></trkpt>
      <trkpt lat="24.460934" lon="111.154451"><time>2026-08-22T09:20:26.440Z</time></trkpt>
      <trkpt lat="24.460934" lon="111.154451"><time>2026-08-22T09:20:26.457Z</time></trkpt>
      <trkpt lat="24.460934" lon="111.154451"><time>2026-08-22T09:20:26.473Z</time></trkpt>
      <trkpt lat="24.460934" lon="111.154454"><time>2026-08-22T09:20:26.490Z</time></trkpt>
      <trkpt lat="24.460934" lon="111.154454"><time>2026-08-22T09:20:26.507Z</time></trkpt>
      <trkpt lat="24.460934" lon="111.154454"><time>2026-08-22T09:20:26.523Z</time></trkpt>
      <trkpt lat="24.460934" lon="111.154454"><time>2026-08-22T09:20:26.540Z</time></trkpt>
      <trkpt lat="24.460934" lon="111.154454"><time>2026-08-22T09:20:26.557Z</time></trkpt>
      <trkpt lat="24.460934" lon="111.154454"><time>2026-08-22T09:20:26.573Z</time></trkpt>
      <trkpt lat="24.460934" lon="111.154456"><time>2026-08-22T09:20:26.590Z</time></trkpt>
      <trkpt lat="24.460934" lon="111.154456"><time>2026-08-22T09:20:26.607Z</time></trkpt>
      <trkpt lat="24.460934" lon="111.154456"><time>2026-08-22T09:20:26.624Z</time></trkpt>
      <trkpt lat="24.460934" lon="111.154456"><time>2026-08-22T09:20:26.640Z</time></trkpt>
      <trkpt lat="24.460934" lon="111.154456"><time>2026-08-22T09:20:26.657Z</time></trkpt>
      <trkpt lat="24.460934" lon="111.154456"><time>2026-08-22T09:20:26.674Z</time></trkpt>
      <trkpt lat="24.460935" lon="111.154458"><time>2026-08-22T09:20:26.690Z</time></trkpt>
      <trkpt lat="24.460935" lon="111.154458"><time>2026-08-22T09:20:26.707Z</time></trkpt>
      <trkpt lat="24.460935" lon="111.154458"><time>2026-08-22T09:20:26.724Z</time></trkpt>
      <trkpt lat="24.460935" lon="111.154458"><time>2026-08-22T09:20:26.740Z</time></trkpt>
      <trkpt lat="24.460935" lon="111.154458"><time>2026-08-22T09:20:26.757Z</time></trkpt>
      <trkpt lat="24.460935" lon="111.154458"><time>2026-08-22T09:20:26.774Z</time></trkpt>
      <trkpt lat="24.460935" lon="111.15446"><time>2026-08-22T09:20:26.790Z</time></trkpt>
      <trkpt lat="24.460935" lon="111.15446"><time>2026-08-22T09:20:26.807Z</time></trkpt>
      <trkpt lat="24.460935" lon="111.15446"><time>2026-08-22T09:20:26.824Z</time></trkpt>
      <trkpt lat="24.460935" lon="111.15446"><time>2026-08-22T09:20:26.840Z</time></trkpt>
      <trkpt lat="24.460935" lon="111.15446"><time>2026-08-22T09:20:26.857Z</time></trkpt>
      <trkpt lat="24.460935" lon="111.15446"><time>2026-08-22T09:20:26.874Z</time></trkpt>
      <trkpt lat="24.460935" lon="111.154462"><time>2026-08-22T09:20:26.890Z</time></trkpt>
      <trkpt lat="24.460935" lon="111.154462"><time>2026-08-22T09:20:26.907Z</time></trkpt>
      <trkpt lat="24.460935" lon="111.154462"><time>2026-08-22T09:20:26.924Z</time></trkpt>
      <trkpt lat="24.460935" lon="111.154462"><time>2026-08-22T09:20:26.941Z</time></trkpt>
      <trkpt lat="24.460935" lon="111.154462"><time>2026-08-22T09:20:26.957Z</time></trkpt>
      <trkpt lat="24.460935" lon="111.154462"><time>2026-08-22T09:20:26.974Z</time></trkpt>
      <trkpt lat="24.460935" lon="111.154464"><time>2026-08-22T09:20:26.991Z</time></trkpt>
      <trkpt lat="24.460935" lon="111.154464"><time>2026-08-22T09:20:27.007Z</time></trkpt>
      <trkpt lat="24.460935" lon="111.154464"><time>2026-08-22T09:20:27.024Z</time></trkpt>
      <trkpt lat="24.460935" lon="111.154464"><time>2026-08-22T09:20:27.041Z</time></trkpt>
      <trkpt lat="24.460935" lon="111.154464"><time>2026-08-22T09:20:27.057Z</time></trkpt>
      <trkpt lat="24.460935" lon="111.154464"><time>2026-08-22T09:20:27.074Z</time></trkpt>
      <trkpt lat="24.460935" lon="111.154466"><time>2026-08-22T09:20:27.091Z</time></trkpt>
      <trkpt lat="24.460935" lon="111.154466"><time>2026-08-22T09:20:27.107Z</time></trkpt>
      <trkpt lat="24.460935" lon="111.154466"><time>2026-08-22T09:20:27.124Z</time></trkpt>
      <trkpt lat="24.460935" lon="111.154466"><time>2026-08-22T09:20:27.141Z</time></trkpt>
      <trkpt lat="24.460935" lon="111.154466"><time>2026-08-22T09:20:27.157Z</time></trkpt>
      <trkpt lat="24.460935" lon="111.154466"><time>2026-08-22T09:20:27.174Z</time></trkpt>
      <trkpt lat="24.460935" lon="111.154468"><time>2026-08-22T09:20:27.191Z</time></trkpt>
      <trkpt lat="24.460935" lon="111.154468"><time>2026-08-22T09:20:27.207Z</time></trkpt>
      <trkpt lat="24.460935" lon="111.154468"><time>2026-08-22T09:20:27.224Z</time></trkpt>
      <trkpt lat="24.460935" lon="111.154468"><time>2026-08-22T09:20:27.241Z</time></trkpt>
      <trkpt lat="24.460935" lon="111.154468"><time>2026-08-22T09:20:27.258Z</time></trkpt>
      <trkpt lat="24.460935" lon="111.154468"><time>2026-08-22T09:20:27.274Z</time></trkpt>
      <trkpt lat="24.460935" lon="111.154469"><time>2026-08-22T09:20:27.291Z</time></trkpt>
      <trkpt lat="24.460935" lon="111.154469"><time>2026-08-22T09:20:27.308Z</time></trkpt>
      <trkpt lat="24.460935" lon="111.154469"><time>2026-08-22T09:20:27.324Z</time></trkpt>
      <trkpt lat="24.460935" lon="111.154469"><time>2026-08-22T09:20:27.341Z</time></trkpt>
      <trkpt lat="24.460935" lon="111.154469"><time>2026-08-22T09:20:27.358Z</time></trkpt>
      <trkpt lat="24.460935" lon="111.154469"><time>2026-08-22T09:20:27.374Z</time></trkpt>
      <trkpt lat="24.460935" lon="111.154471"><time>2026-08-22T09:20:27.391Z</time></trkpt>
      <trkpt lat="24.460935" lon="111.154471"><time>2026-08-22T09:20:27.408Z</time></trkpt>
      <trkpt lat="24.460935" lon="111.154471"><time>2026-08-22T09:20:27.424Z</time></trkpt>
      <trkpt lat="24.460935" lon="111.154471"><time>2026-08-22T09:20:27.441Z</time></trkpt>
      <trkpt lat="24.460935" lon="111.154471"><time>2026-08-22T09:20:27.458Z</time></trkpt>
      <trkpt lat="24.460935" lon="111.154471"><time>2026-08-22T09:20:27.474Z</time></trkpt>
      <trkpt lat="24.460935" lon="111.154473"><time>2026-08-22T09:20:27.491Z</time></trkpt>
      <trkpt lat="24.460935" lon="111.154473"><time>2026-08-22T09:20:27.508Z</time></trkpt>
      <trkpt lat="24.460935" lon="111.154473"><time>2026-08-22T09:20:27.524Z</time></trkpt>
      <trkpt lat="24.460935" lon="111.154473"><time>2026-08-22T09:20:27.541Z</time></trkpt>
      <trkpt lat="24.460935" lon="111.154473"><time>2026-08-22T09:20:27.558Z</time></trkpt>
      <trkpt lat="24.460935" lon="111.154473"><time>2026-08-22T09:20:27.575Z</time></trkpt>
      <trkpt lat="24.460936" lon="111.154475"><time>2026-08-22T09:20:27.591Z</time></trkpt>
      <trkpt lat="24.460936" lon="111.154475"><time>2026-08-22T09:20:27.608Z</time></trkpt>
      <trkpt lat="24.460936" lon="111.154475"><time>2026-08-22T09:20:27.625Z</time></trkpt>
      <trkpt lat="24.460936" lon="111.154475"><time>2026-08-22T09:20:27.641Z</time></trkpt>
      <trkpt lat="24.460936" lon="111.154475"><time>2026-08-22T09:20:27.658Z</time></trkpt>
      <trkpt lat="24.460936" lon="111.154475"><time>2026-08-22T09:20:27.675Z</time></trkpt>
      <trkpt lat="24.460936" lon="111.154476"><time>2026-08-22T09:20:27.691Z</time></trkpt>
      <trkpt lat="24.460936" lon="111.154476"><time>2026-08-22T09:20:27.708Z</time></trkpt>
      <trkpt lat="24.460936" lon="111.154476"><time>2026-08-22T09:20:27.725Z</time></trkpt>
      <trkpt lat="24.460936" lon="111.154476"><time>2026-08-22T09:20:27.741Z</time></trkpt>
      <trkpt lat="24.460936" lon="111.154476"><time>2026-08-22T09:20:27.758Z</time></trkpt>
      <trkpt lat="24.460936" lon="111.154476"><time>2026-08-22T09:20:27.775Z</time></trkpt>
      <trkpt lat="24.460935" lon="111.154478"><time>2026-08-22T09:20:27.791Z</time></trkpt>
      <trkpt lat="24.460935" lon="111.154478"><time>2026-08-22T09:20:27.808Z</time></trkpt>
      <trkpt lat="24.460935" lon="111.154478"><time>2026-08-22T09:20:27.825Z</time></trkpt>
      <trkpt lat="24.460935" lon="111.154478"><time>2026-08-22T09:20:27.841Z</time></trkpt>
      <trkpt lat="24.460935" lon="111.154478"><time>2026-08-22T09:20:27.858Z</time></trkpt>
      <trkpt lat="24.460935" lon="111.154478"><time>2026-08-22T09:20:27.875Z</time></trkpt>
      <trkpt lat="24.460935" lon="111.15448"><time>2026-08-22T09:20:27.892Z</time></trkpt>
      <trkpt lat="24.460935" lon="111.15448"><time>2026-08-22T09:20:27.908Z</time></trkpt>
      <trkpt lat="24.460935" lon="111.15448"><time>2026-08-22T09:20:27.925Z</time></trkpt>
      <trkpt lat="24.460935" lon="111.15448"><time>2026-08-22T09:20:27.942Z</time></trkpt>
      <trkpt lat="24.460935" lon="111.15448"><time>2026-08-22T09:20:27.958Z</time></trkpt>
      <trkpt lat="24.460935" lon="111.15448"><time>2026-08-22T09:20:27.975Z</time></trkpt>
      <trkpt lat="24.460935" lon="111.154481"><time>2026-08-22T09:20:27.992Z</time></trkpt>
      <trkpt lat="24.460935" lon="111.154481"><time>2026-08-22T09:20:28.008Z</time></trkpt>
      <trkpt lat="24.460935" lon="111.154481"><time>2026-08-22T09:20:28.025Z</time></trkpt>
      <trkpt lat="24.460935" lon="111.154481"><time>2026-08-22T09:20:28.042Z</time></trkpt>
      <trkpt lat="24.460935" lon="111.154481"><time>2026-08-22T09:20:28.058Z</time></trkpt>
      <trkpt lat="24.460935" lon="111.154481"><time>2026-08-22T09:20:28.075Z</time></trkpt>
      <trkpt lat="24.460934" lon="111.154483"><time>2026-08-22T09:20:28.092Z</time></trkpt>
      <trkpt lat="24.460934" lon="111.154483"><time>2026-08-22T09:20:28.108Z</time></trkpt>
      <trkpt lat="24.460934" lon="111.154483"><time>2026-08-22T09:20:28.125Z</time></trkpt>
      <trkpt lat="24.460934" lon="111.154483"><time>2026-08-22T09:20:28.142Z</time></trkpt>
      <trkpt lat="24.460934" lon="111.154483"><time>2026-08-22T09:20:28.158Z</time></trkpt>
      <trkpt lat="24.460934" lon="111.154483"><time>2026-08-22T09:20:28.175Z</time></trkpt>
      <trkpt lat="24.460933" lon="111.154484"><time>2026-08-22T09:20:28.192Z</time></trkpt>
      <trkpt lat="24.460933" lon="111.154484"><time>2026-08-22T09:20:28.209Z</time></trkpt>
      <trkpt lat="24.460933" lon="111.154484"><time>2026-08-22T09:20:28.225Z</time></trkpt>
      <trkpt lat="24.460933" lon="111.154484"><time>2026-08-22T09:20:28.242Z</time></trkpt>
      <trkpt lat="24.460933" lon="111.154484"><time>2026-08-22T09:20:28.259Z</time></trkpt>
      <trkpt lat="24.460933" lon="111.154484"><time>2026-08-22T09:20:28.275Z</time></trkpt>
      <trkpt lat="24.460932" lon="111.154486"><time>2026-08-22T09:20:28.292Z</time></trkpt>
      <trkpt lat="24.460932" lon="111.154486"><time>2026-08-22T09:20:28.309Z</time></trkpt>
      <trkpt lat="24.460932" lon="111.154486"><time>2026-08-22T09:20:28.325Z</time></trkpt>
      <trkpt lat="24.460932" lon="111.154486"><time>2026-08-22T09:20:28.342Z</time></trkpt>
      <trkpt lat="24.460932" lon="111.154486"><time>2026-08-22T09:20:28.359Z</time></trkpt>
      <trkpt lat="24.460932" lon="111.154486"><time>2026-08-22T09:20:28.375Z</time></trkpt>
      <trkpt lat="24.460931" lon="111.154487"><time>2026-08-22T09:20:28.392Z</time></trkpt>
      <trkpt lat="24.460931" lon="111.154487"><time>2026-08-22T09:20:28.409Z</time></trkpt>
      <trkpt lat="24.460931" lon="111.154487"><time>2026-08-22T09:20:28.425Z</time></trkpt>
      <trkpt lat="24.460931" lon="111.154487"><time>2026-08-22T09:20:28.442Z</time></trkpt>
      <trkpt lat="24.460931" lon="111.154487"><time>2026-08-22T09:20:28.459Z</time></trkpt>
      <trkpt lat="24.460931" lon="111.154487"><time>2026-08-22T09:20:28.475Z</time></trkpt>
      <trkpt lat="24.46093" lon="111.154488"><time>2026-08-22T09:20:28.492Z</time></trkpt>
      <trkpt lat="24.46093" lon="111.154488"><time>2026-08-22T09:20:28.509Z</time></trkpt>
      <trkpt lat="24.46093" lon="111.154488"><time>2026-08-22T09:20:28.526Z</time></trkpt>
      <trkpt lat="24.46093" lon="111.154488"><time>2026-08-22T09:20:28.542Z</time></trkpt>
      <trkpt lat="24.46093" lon="111.154488"><time>2026-08-22T09:20:28.559Z</time></trkpt>
      <trkpt lat="24.46093" lon="111.154488"><time>2026-08-22T09:20:28.576Z</time></trkpt>
      <trkpt lat="24.460929" lon="111.15449"><time>2026-08-22T09:20:28.592Z</time></trkpt>
      <trkpt lat="24.460929" lon="111.15449"><time>2026-08-22T09:20:28.609Z</time></trkpt>
      <trkpt lat="24.460929" lon="111.15449"><time>2026-08-22T09:20:28.626Z</time></trkpt>
      <trkpt lat="24.460929" lon="111.15449"><time>2026-08-22T09:20:28.642Z</time></trkpt>
      <trkpt lat="24.460929" lon="111.15449"><time>2026-08-22T09:20:28.659Z</time></trkpt>
      <trkpt lat="24.460929" lon="111.15449"><time>2026-08-22T09:20:28.676Z</time></trkpt>
      <trkpt lat="24.460928" lon="111.154491"><time>2026-08-22T09:20:28.692Z</time></trkpt>
      <trkpt lat="24.460928" lon="111.154491"><time>2026-08-22T09:20:28.709Z</time></trkpt>
      <trkpt lat="24.460928" lon="111.154491"><time>2026-08-22T09:20:28.726Z</time></trkpt>
      <trkpt lat="24.460928" lon="111.154491"><time>2026-08-22T09:20:28.742Z</time></trkpt>
      <trkpt lat="24.460928" lon="111.154491"><time>2026-08-22T09:20:28.759Z</time></trkpt>
      <trkpt lat="24.460928" lon="111.154491"><time>2026-08-22T09:20:28.776Z</time></trkpt>
      <trkpt lat="24.460927" lon="111.154493"><time>2026-08-22T09:20:28.792Z</time></trkpt>
      <trkpt lat="24.460927" lon="111.154493"><time>2026-08-22T09:20:28.809Z</time></trkpt>
      <trkpt lat="24.460927" lon="111.154493"><time>2026-08-22T09:20:28.826Z</time></trkpt>
      <trkpt lat="24.460927" lon="111.154493"><time>2026-08-22T09:20:28.843Z</time></trkpt>
      <trkpt lat="24.460927" lon="111.154493"><time>2026-08-22T09:20:28.859Z</time></trkpt>
      <trkpt lat="24.460927" lon="111.154493"><time>2026-08-22T09:20:28.876Z</time></trkpt>
      <trkpt lat="24.460926" lon="111.154495"><time>2026-08-22T09:20:28.893Z</time></trkpt>
      <trkpt lat="24.460926" lon="111.154495"><time>2026-08-22T09:20:28.909Z</time></trkpt>
      <trkpt lat="24.460926" lon="111.154495"><time>2026-08-22T09:20:28.926Z</time></trkpt>
      <trkpt lat="24.460926" lon="111.154495"><time>2026-08-22T09:20:28.943Z</time></trkpt>
      <trkpt lat="24.460926" lon="111.154495"><time>2026-08-22T09:20:28.959Z</time></trkpt>
      <trkpt lat="24.460926" lon="111.154495"><time>2026-08-22T09:20:28.976Z</time></trkpt>
      <trkpt lat="24.460924" lon="111.154496"><time>2026-08-22T09:20:28.993Z</time></trkpt>
      <trkpt lat="24.460924" lon="111.154496"><time>2026-08-22T09:20:29.009Z</time></trkpt>
      <trkpt lat="24.460924" lon="111.154496"><time>2026-08-22T09:20:29.026Z</time></trkpt>
      <trkpt lat="24.460924" lon="111.154496"><time>2026-08-22T09:20:29.043Z</time></trkpt>
      <trkpt lat="24.460924" lon="111.154496"><time>2026-08-22T09:20:29.059Z</time></trkpt>
      <trkpt lat="24.460924" lon="111.154496"><time>2026-08-22T09:20:29.076Z</time></trkpt>
      <trkpt lat="24.460923" lon="111.154498"><time>2026-08-22T09:20:29.093Z</time></trkpt>
      <trkpt lat="24.460923" lon="111.154498"><time>2026-08-22T09:20:29.109Z</time></trkpt>
      <trkpt lat="24.460923" lon="111.154498"><time>2026-08-22T09:20:29.126Z</time></trkpt>
      <trkpt lat="24.460923" lon="111.154498"><time>2026-08-22T09:20:29.143Z</time></trkpt>
      <trkpt lat="24.460923" lon="111.154498"><time>2026-08-22T09:20:29.160Z</time></trkpt>
      <trkpt lat="24.460923" lon="111.154498"><time>2026-08-22T09:20:29.176Z</time></trkpt>
      <trkpt lat="24.460921" lon="111.154499"><time>2026-08-22T09:20:29.193Z</time></trkpt>
      <trkpt lat="24.460921" lon="111.154499"><time>2026-08-22T09:20:29.210Z</time></trkpt>
      <trkpt lat="24.460921" lon="111.154499"><time>2026-08-22T09:20:29.226Z</time></trkpt>
      <trkpt lat="24.460921" lon="111.154499"><time>2026-08-22T09:20:29.243Z</time></trkpt>
      <trkpt lat="24.460921" lon="111.154499"><time>2026-08-22T09:20:29.260Z</time></trkpt>
      <trkpt lat="24.460921" lon="111.154499"><time>2026-08-22T09:20:29.276Z</time></trkpt>
      <trkpt lat="24.46092" lon="111.154501"><time>2026-08-22T09:20:29.293Z</time></trkpt>
      <trkpt lat="24.46092" lon="111.154501"><time>2026-08-22T09:20:29.310Z</time></trkpt>
      <trkpt lat="24.46092" lon="111.154501"><time>2026-08-22T09:20:29.326Z</time></trkpt>
      <trkpt lat="24.46092" lon="111.154501"><time>2026-08-22T09:20:29.343Z</time></trkpt>
      <trkpt lat="24.46092" lon="111.154501"><time>2026-08-22T09:20:29.360Z</time></trkpt>
      <trkpt lat="24.46092" lon="111.154501"><time>2026-08-22T09:20:29.376Z</time></trkpt>
      <trkpt lat="24.460918" lon="111.154503"><time>2026-08-22T09:20:29.393Z</time></trkpt>
      <trkpt lat="24.460918" lon="111.154503"><time>2026-08-22T09:20:29.410Z</time></trkpt>
      <trkpt lat="24.460918" lon="111.154503"><time>2026-08-22T09:20:29.426Z</time></trkpt>
      <trkpt lat="24.460918" lon="111.154503"><time>2026-08-22T09:20:29.443Z</time></trkpt>
      <trkpt lat="24.460918" lon="111.154503"><time>2026-08-22T09:20:29.460Z</time></trkpt>
      <trkpt lat="24.460918" lon="111.154503"><time>2026-08-22T09:20:29.477Z</time></trkpt>
      <trkpt lat="24.460917" lon="111.154505"><time>2026-08-22T09:20:29.493Z</time></trkpt>
      <trkpt lat="24.460917" lon="111.154505"><time>2026-08-22T09:20:29.510Z</time></trkpt>
      <trkpt lat="24.460917" lon="111.154505"><time>2026-08-22T09:20:29.527Z</time></trkpt>
      <trkpt lat="24.460917" lon="111.154505"><time>2026-08-22T09:20:29.543Z</time></trkpt>
      <trkpt lat="24.460917" lon="111.154505"><time>2026-08-22T09:20:29.560Z</time></trkpt>
      <trkpt lat="24.460917" lon="111.154505"><time>2026-08-22T09:20:29.577Z</time></trkpt>
      <trkpt lat="24.460915" lon="111.154507"><time>2026-08-22T09:20:29.593Z</time></trkpt>
      <trkpt lat="24.460915" lon="111.154507"><time>2026-08-22T09:20:29.610Z</time></trkpt>
      <trkpt lat="24.460915" lon="111.154507"><time>2026-08-22T09:20:29.627Z</time></trkpt>
      <trkpt lat="24.460915" lon="111.154507"><time>2026-08-22T09:20:29.643Z</time></trkpt>
      <trkpt lat="24.460915" lon="111.154507"><time>2026-08-22T09:20:29.660Z</time></trkpt>
      <trkpt lat="24.460915" lon="111.154507"><time>2026-08-22T09:20:29.677Z</time></trkpt>
      <trkpt lat="24.460913" lon="111.154509"><time>2026-08-22T09:20:29.693Z</time></trkpt>
      <trkpt lat="24.460913" lon="111.154509"><time>2026-08-22T09:20:29.710Z</time></trkpt>
      <trkpt lat="24.460913" lon="111.154509"><time>2026-08-22T09:20:29.727Z</time></trkpt>
      <trkpt lat="24.460913" lon="111.154509"><time>2026-08-22T09:20:29.743Z</time></trkpt>
      <trkpt lat="24.460913" lon="111.154509"><time>2026-08-22T09:20:29.760Z</time></trkpt>
      <trkpt lat="24.460913" lon="111.154509"><time>2026-08-22T09:20:29.777Z</time></trkpt>
      <trkpt lat="24.460911" lon="111.154512"><time>2026-08-22T09:20:29.794Z</time></trkpt>
      <trkpt lat="24.460911" lon="111.154512"><time>2026-08-22T09:20:29.810Z</time></trkpt>
      <trkpt lat="24.460911" lon="111.154512"><time>2026-08-22T09:20:29.827Z</time></trkpt>
      <trkpt lat="24.460911" lon="111.154512"><time>2026-08-22T09:20:29.844Z</time></trkpt>
      <trkpt lat="24.460911" lon="111.154512"><time>2026-08-22T09:20:29.860Z</time></trkpt>
      <trkpt lat="24.460911" lon="111.154512"><time>2026-08-22T09:20:29.877Z</time></trkpt>
      <trkpt lat="24.460909" lon="111.154515"><time>2026-08-22T09:20:29.894Z</time></trkpt>
      <trkpt lat="24.460909" lon="111.154515"><time>2026-08-22T09:20:29.910Z</time></trkpt>
      <trkpt lat="24.460909" lon="111.154515"><time>2026-08-22T09:20:29.927Z</time></trkpt>
      <trkpt lat="24.460909" lon="111.154515"><time>2026-08-22T09:20:29.944Z</time></trkpt>
      <trkpt lat="24.460909" lon="111.154515"><time>2026-08-22T09:20:29.960Z</time></trkpt>
      <trkpt lat="24.460909" lon="111.154515"><time>2026-08-22T09:20:29.977Z</time></trkpt>
      <trkpt lat="24.460907" lon="111.154518"><time>2026-08-22T09:20:29.994Z</time></trkpt>
      <trkpt lat="24.460907" lon="111.154518"><time>2026-08-22T09:20:30.010Z</time></trkpt>
      <trkpt lat="24.460907" lon="111.154518"><time>2026-08-22T09:20:30.027Z</time></trkpt>
      <trkpt lat="24.460907" lon="111.154518"><time>2026-08-22T09:20:30.044Z</time></trkpt>
      <trkpt lat="24.460907" lon="111.154518"><time>2026-08-22T09:20:30.060Z</time></trkpt>
      <trkpt lat="24.460907" lon="111.154518"><time>2026-08-22T09:20:30.077Z</time></trkpt>
      <trkpt lat="24.460905" lon="111.154521"><time>2026-08-22T09:20:30.094Z</time></trkpt>
      <trkpt lat="24.460905" lon="111.154521"><time>2026-08-22T09:20:30.111Z</time></trkpt>
      <trkpt lat="24.460905" lon="111.154521"><time>2026-08-22T09:20:30.127Z</time></trkpt>
      <trkpt lat="24.460905" lon="111.154521"><time>2026-08-22T09:20:30.144Z</time></trkpt>
      <trkpt lat="24.460905" lon="111.154521"><time>2026-08-22T09:20:30.161Z</time></trkpt>
      <trkpt lat="24.460905" lon="111.154521"><time>2026-08-22T09:20:30.177Z</time></trkpt>
      <trkpt lat="24.460903" lon="111.154524"><time>2026-08-22T09:20:30.194Z</time></trkpt>
      <trkpt lat="24.460903" lon="111.154524"><time>2026-08-22T09:20:30.211Z</time></trkpt>
      <trkpt lat="24.460903" lon="111.154524"><time>2026-08-22T09:20:30.227Z</time></trkpt>
      <trkpt lat="24.460903" lon="111.154524"><time>2026-08-22T09:20:30.244Z</time></trkpt>
      <trkpt lat="24.460903" lon="111.154524"><time>2026-08-22T09:20:30.261Z</time></trkpt>
      <trkpt lat="24.460903" lon="111.154524"><time>2026-08-22T09:20:30.277Z</time></trkpt>
      <trkpt lat="24.460901" lon="111.154527"><time>2026-08-22T09:20:30.294Z</time></trkpt>
      <trkpt lat="24.460901" lon="111.154527"><time>2026-08-22T09:20:30.311Z</time></trkpt>
      <trkpt lat="24.460901" lon="111.154527"><time>2026-08-22T09:20:30.327Z</time></trkpt>
      <trkpt lat="24.460901" lon="111.154527"><time>2026-08-22T09:20:30.344Z</time></trkpt>
      <trkpt lat="24.460901" lon="111.154527"><time>2026-08-22T09:20:30.361Z</time></trkpt>
      <trkpt lat="24.460901" lon="111.154527"><time>2026-08-22T09:20:30.377Z</time></trkpt>
      <trkpt lat="24.460898" lon="111.15453"><time>2026-08-22T09:20:30.394Z</time></trkpt>
      <trkpt lat="24.460898" lon="111.15453"><time>2026-08-22T09:20:30.411Z</time></trkpt>
      <trkpt lat="24.460898" lon="111.15453"><time>2026-08-22T09:20:30.427Z</time></trkpt>
      <trkpt lat="24.460898" lon="111.15453"><time>2026-08-22T09:20:30.444Z</time></trkpt>
      <trkpt lat="24.460898" lon="111.15453"><time>2026-08-22T09:20:30.461Z</time></trkpt>
      <trkpt lat="24.460898" lon="111.15453"><time>2026-08-22T09:20:30.478Z</time></trkpt>
      <trkpt lat="24.460896" lon="111.154534"><time>2026-08-22T09:20:30.494Z</time></trkpt>
      <trkpt lat="24.460896" lon="111.154534"><time>2026-08-22T09:20:30.511Z</time></trkpt>
      <trkpt lat="24.460896" lon="111.154534"><time>2026-08-22T09:20:30.528Z</time></trkpt>
      <trkpt lat="24.460896" lon="111.154534"><time>2026-08-22T09:20:30.544Z</time></trkpt>
      <trkpt lat="24.460896" lon="111.154534"><time>2026-08-22T09:20:30.561Z</time></trkpt>
      <trkpt lat="24.460896" lon="111.154534"><time>2026-08-22T09:20:30.578Z</time></trkpt>
      <trkpt lat="24.460894" lon="111.154537"><time>2026-08-22T09:20:30.594Z</time></trkpt>
      <trkpt lat="24.460894" lon="111.154537"><time>2026-08-22T09:20:30.611Z</time></trkpt>
      <trkpt lat="24.460894" lon="111.154537"><time>2026-08-22T09:20:30.628Z</time></trkpt>
      <trkpt lat="24.460894" lon="111.154537"><time>2026-08-22T09:20:30.644Z</time></trkpt>
      <trkpt lat="24.460894" lon="111.154537"><time>2026-08-22T09:20:30.661Z</time></trkpt>
      <trkpt lat="24.460894" lon="111.154537"><time>2026-08-22T09:20:30.678Z</time></trkpt>
      <trkpt lat="24.460892" lon="111.154541"><time>2026-08-22T09:20:30.694Z</time></trkpt>
      <trkpt lat="24.460892" lon="111.154541"><time>2026-08-22T09:20:30.711Z</time></trkpt>
      <trkpt lat="24.460892" lon="111.154541"><time>2026-08-22T09:20:30.728Z</time></trkpt>
      <trkpt lat="24.460892" lon="111.154541"><time>2026-08-22T09:20:30.744Z</time></trkpt>
      <trkpt lat="24.460892" lon="111.154541"><time>2026-08-22T09:20:30.761Z</time></trkpt>
      <trkpt lat="24.460892" lon="111.154541"><time>2026-08-22T09:20:30.778Z</time></trkpt>
      <trkpt lat="24.46089" lon="111.154544"><time>2026-08-22T09:20:30.795Z</time></trkpt>
      <trkpt lat="24.46089" lon="111.154544"><time>2026-08-22T09:20:30.811Z</time></trkpt>
      <trkpt lat="24.46089" lon="111.154544"><time>2026-08-22T09:20:30.828Z</time></trkpt>
      <trkpt lat="24.46089" lon="111.154544"><time>2026-08-22T09:20:30.845Z</time></trkpt>
      <trkpt lat="24.46089" lon="111.154544"><time>2026-08-22T09:20:30.861Z</time></trkpt>
      <trkpt lat="24.46089" lon="111.154544"><time>2026-08-22T09:20:30.878Z</time></trkpt>
      <trkpt lat="24.460888" lon="111.154548"><time>2026-08-22T09:20:30.895Z</time></trkpt>
      <trkpt lat="24.460888" lon="111.154548"><time>2026-08-22T09:20:30.911Z</time></trkpt>
      <trkpt lat="24.460888" lon="111.154548"><time>2026-08-22T09:20:30.928Z</time></trkpt>
      <trkpt lat="24.460888" lon="111.154548"><time>2026-08-22T09:20:30.945Z</time></trkpt>
      <trkpt lat="24.460888" lon="111.154548"><time>2026-08-22T09:20:30.961Z</time></trkpt>
      <trkpt lat="24.460888" lon="111.154548"><time>2026-08-22T09:20:30.978Z</time></trkpt>
      <trkpt lat="24.460885" lon="111.154552"><time>2026-08-22T09:20:30.995Z</time></trkpt>
      <trkpt lat="24.460885" lon="111.154552"><time>2026-08-22T09:20:31.011Z</time></trkpt>
      <trkpt lat="24.460885" lon="111.154552"><time>2026-08-22T09:20:31.028Z</time></trkpt>
      <trkpt lat="24.460885" lon="111.154552"><time>2026-08-22T09:20:31.045Z</time></trkpt>
      <trkpt lat="24.460885" lon="111.154552"><time>2026-08-22T09:20:31.061Z</time></trkpt>
      <trkpt lat="24.460885" lon="111.154552"><time>2026-08-22T09:20:31.078Z</time></trkpt>
      <trkpt lat="24.460883" lon="111.154556"><time>2026-08-22T09:20:31.095Z</time></trkpt>
      <trkpt lat="24.460883" lon="111.154556"><time>2026-08-22T09:20:31.112Z</time></trkpt>
      <trkpt lat="24.460883" lon="111.154556"><time>2026-08-22T09:20:31.128Z</time></trkpt>
      <trkpt lat="24.460883" lon="111.154556"><time>2026-08-22T09:20:31.145Z</time></trkpt>
      <trkpt lat="24.460883" lon="111.154556"><time>2026-08-22T09:20:31.162Z</time></trkpt>
      <trkpt lat="24.460883" lon="111.154556"><time>2026-08-22T09:20:31.178Z</time></trkpt>
      <trkpt lat="24.460881" lon="111.15456"><time>2026-08-22T09:20:31.195Z</time></trkpt>
      <trkpt lat="24.460881" lon="111.15456"><time>2026-08-22T09:20:31.212Z</time></trkpt>
      <trkpt lat="24.460881" lon="111.15456"><time>2026-08-22T09:20:31.228Z</time></trkpt>
      <trkpt lat="24.460881" lon="111.15456"><time>2026-08-22T09:20:31.245Z</time></trkpt>
      <trkpt lat="24.460881" lon="111.15456"><time>2026-08-22T09:20:31.262Z</time></trkpt>
      <trkpt lat="24.460881" lon="111.15456"><time>2026-08-22T09:20:31.278Z</time></trkpt>
      <trkpt lat="24.460878" lon="111.154564"><time>2026-08-22T09:20:31.295Z</time></trkpt>
      <trkpt lat="24.460878" lon="111.154564"><time>2026-08-22T09:20:31.312Z</time></trkpt>
      <trkpt lat="24.460878" lon="111.154564"><time>2026-08-22T09:20:31.328Z</time></trkpt>
      <trkpt lat="24.460878" lon="111.154564"><time>2026-08-22T09:20:31.345Z</time></trkpt>
      <trkpt lat="24.460878" lon="111.154564"><time>2026-08-22T09:20:31.362Z</time></trkpt>
      <trkpt lat="24.460878" lon="111.154564"><time>2026-08-22T09:20:31.378Z</time></trkpt>
      <trkpt lat="24.460876" lon="111.154569"><time>2026-08-22T09:20:31.395Z</time></trkpt>
      <trkpt lat="24.460876" lon="111.154569"><time>2026-08-22T09:20:31.412Z</time></trkpt>
      <trkpt lat="24.460876" lon="111.154569"><time>2026-08-22T09:20:31.429Z</time></trkpt>
      <trkpt lat="24.460876" lon="111.154569"><time>2026-08-22T09:20:31.445Z</time></trkpt>
      <trkpt lat="24.460876" lon="111.154569"><time>2026-08-22T09:20:31.462Z</time></trkpt>
      <trkpt lat="24.460876" lon="111.154569"><time>2026-08-22T09:20:31.479Z</time></trkpt>
      <trkpt lat="24.460873" lon="111.154573"><time>2026-08-22T09:20:31.495Z</time></trkpt>
      <trkpt lat="24.460873" lon="111.154573"><time>2026-08-22T09:20:31.512Z</time></trkpt>
      <trkpt lat="24.460873" lon="111.154573"><time>2026-08-22T09:20:31.529Z</time></trkpt>
      <trkpt lat="24.460873" lon="111.154573"><time>2026-08-22T09:20:31.545Z</time></trkpt>
      <trkpt lat="24.460873" lon="111.154573"><time>2026-08-22T09:20:31.562Z</time></trkpt>
      <trkpt lat="24.460873" lon="111.154573"><time>2026-08-22T09:20:31.579Z</time></trkpt>
      <trkpt lat="24.460871" lon="111.154577"><time>2026-08-22T09:20:31.595Z</time></trkpt>
      <trkpt lat="24.460871" lon="111.154577"><time>2026-08-22T09:20:31.612Z</time></trkpt>
      <trkpt lat="24.460871" lon="111.154577"><time>2026-08-22T09:20:31.629Z</time></trkpt>
      <trkpt lat="24.460871" lon="111.154577"><time>2026-08-22T09:20:31.645Z</time></trkpt>
      <trkpt lat="24.460871" lon="111.154577"><time>2026-08-22T09:20:31.662Z</time></trkpt>
      <trkpt lat="24.460871" lon="111.154577"><time>2026-08-22T09:20:31.679Z</time></trkpt>
      <trkpt lat="24.460868" lon="111.154581"><time>2026-08-22T09:20:31.695Z</time></trkpt>
      <trkpt lat="24.460868" lon="111.154581"><time>2026-08-22T09:20:31.712Z</time></trkpt>
      <trkpt lat="24.460868" lon="111.154581"><time>2026-08-22T09:20:31.729Z</time></trkpt>
      <trkpt lat="24.460868" lon="111.154581"><time>2026-08-22T09:20:31.746Z</time></trkpt>
      <trkpt lat="24.460868" lon="111.154581"><time>2026-08-22T09:20:31.762Z</time></trkpt>
      <trkpt lat="24.460868" lon="111.154581"><time>2026-08-22T09:20:31.779Z</time></trkpt>
      <trkpt lat="24.460865" lon="111.154585"><time>2026-08-22T09:20:31.796Z</time></trkpt>
      <trkpt lat="24.460865" lon="111.154585"><time>2026-08-22T09:20:31.812Z</time></trkpt>
      <trkpt lat="24.460865" lon="111.154585"><time>2026-08-22T09:20:31.829Z</time></trkpt>
      <trkpt lat="24.460865" lon="111.154585"><time>2026-08-22T09:20:31.846Z</time></trkpt>
      <trkpt lat="24.460865" lon="111.154585"><time>2026-08-22T09:20:31.862Z</time></trkpt>
      <trkpt lat="24.460865" lon="111.154585"><time>2026-08-22T09:20:31.879Z</time></trkpt>
      <trkpt lat="24.460862" lon="111.154589"><time>2026-08-22T09:20:31.896Z</time></trkpt>
      <trkpt lat="24.460862" lon="111.154589"><time>2026-08-22T09:20:31.912Z</time></trkpt>
      <trkpt lat="24.460862" lon="111.154589"><time>2026-08-22T09:20:31.929Z</time></trkpt>
      <trkpt lat="24.460862" lon="111.154589"><time>2026-08-22T09:20:31.946Z</time></trkpt>
      <trkpt lat="24.460862" lon="111.154589"><time>2026-08-22T09:20:31.962Z</time></trkpt>
      <trkpt lat="24.46086" lon="111.154592"><time>2026-08-22T09:20:31.979Z</time></trkpt>
      <trkpt lat="24.46086" lon="111.154592"><time>2026-08-22T09:20:31.996Z</time></trkpt>
      <trkpt lat="24.46086" lon="111.154592"><time>2026-08-22T09:20:32.012Z</time></trkpt>
      <trkpt lat="24.46086" lon="111.154592"><time>2026-08-22T09:20:32.029Z</time></trkpt>
      <trkpt lat="24.46086" lon="111.154592"><time>2026-08-22T09:20:32.046Z</time></trkpt>
      <trkpt lat="24.46086" lon="111.154592"><time>2026-08-22T09:20:32.063Z</time></trkpt>
      <trkpt lat="24.46086" lon="111.154592"><time>2026-08-22T09:20:32.079Z</time></trkpt>
      <trkpt lat="24.460857" lon="111.154597"><time>2026-08-22T09:20:32.096Z</time></trkpt>
      <trkpt lat="24.460857" lon="111.154597"><time>2026-08-22T09:20:32.113Z</time></trkpt>
      <trkpt lat="24.460857" lon="111.154597"><time>2026-08-22T09:20:32.129Z</time></trkpt>
      <trkpt lat="24.460857" lon="111.154597"><time>2026-08-22T09:20:32.146Z</time></trkpt>
      <trkpt lat="24.460857" lon="111.154597"><time>2026-08-22T09:20:32.163Z</time></trkpt>
      <trkpt lat="24.460855" lon="111.1546"><time>2026-08-22T09:20:32.179Z</time></trkpt>
      <trkpt lat="24.460855" lon="111.1546"><time>2026-08-22T09:20:32.196Z</time></trkpt>
      <trkpt lat="24.460855" lon="111.1546"><time>2026-08-22T09:20:32.213Z</time></trkpt>
      <trkpt lat="24.460855" lon="111.1546"><time>2026-08-22T09:20:32.229Z</time></trkpt>
      <trkpt lat="24.460855" lon="111.1546"><time>2026-08-22T09:20:32.246Z</time></trkpt>
      <trkpt lat="24.460855" lon="111.1546"><time>2026-08-22T09:20:32.263Z</time></trkpt>
      <trkpt lat="24.460855" lon="111.1546"><time>2026-08-22T09:20:32.279Z</time></trkpt>
      <trkpt lat="24.460852" lon="111.154604"><time>2026-08-22T09:20:32.296Z</time></trkpt>
      <trkpt lat="24.460852" lon="111.154604"><time>2026-08-22T09:20:32.313Z</time></trkpt>
      <trkpt lat="24.460852" lon="111.154604"><time>2026-08-22T09:20:32.329Z</time></trkpt>
      <trkpt lat="24.460852" lon="111.154604"><time>2026-08-22T09:20:32.346Z</time></trkpt>
      <trkpt lat="24.460852" lon="111.154604"><time>2026-08-22T09:20:32.363Z</time></trkpt>
      <trkpt lat="24.460852" lon="111.154604"><time>2026-08-22T09:20:32.380Z</time></trkpt>
      <trkpt lat="24.46085" lon="111.154608"><time>2026-08-22T09:20:32.396Z</time></trkpt>
      <trkpt lat="24.46085" lon="111.154608"><time>2026-08-22T09:20:32.413Z</time></trkpt>
      <trkpt lat="24.46085" lon="111.154608"><time>2026-08-22T09:20:32.430Z</time></trkpt>
      <trkpt lat="24.46085" lon="111.154608"><time>2026-08-22T09:20:32.446Z</time></trkpt>
      <trkpt lat="24.46085" lon="111.154608"><time>2026-08-22T09:20:32.463Z</time></trkpt>
      <trkpt lat="24.460848" lon="111.154612"><time>2026-08-22T09:20:32.480Z</time></trkpt>
      <trkpt lat="24.460848" lon="111.154612"><time>2026-08-22T09:20:32.496Z</time></trkpt>
      <trkpt lat="24.460848" lon="111.154612"><time>2026-08-22T09:20:32.513Z</time></trkpt>
      <trkpt lat="24.460848" lon="111.154612"><time>2026-08-22T09:20:32.530Z</time></trkpt>
      <trkpt lat="24.460848" lon="111.154612"><time>2026-08-22T09:20:32.546Z</time></trkpt>
      <trkpt lat="24.460848" lon="111.154612"><time>2026-08-22T09:20:32.563Z</time></trkpt>
      <trkpt lat="24.460848" lon="111.154612"><time>2026-08-22T09:20:32.580Z</time></trkpt>
      <trkpt lat="24.460846" lon="111.154616"><time>2026-08-22T09:20:32.596Z</time></trkpt>
      <trkpt lat="24.460846" lon="111.154616"><time>2026-08-22T09:20:32.613Z</time></trkpt>
      <trkpt lat="24.460846" lon="111.154616"><time>2026-08-22T09:20:32.630Z</time></trkpt>
      <trkpt lat="24.460846" lon="111.154616"><time>2026-08-22T09:20:32.646Z</time></trkpt>
      <trkpt lat="24.460846" lon="111.154616"><time>2026-08-22T09:20:32.663Z</time></trkpt>
      <trkpt lat="24.460843" lon="111.154621"><time>2026-08-22T09:20:32.680Z</time></trkpt>
      <trkpt lat="24.460843" lon="111.154621"><time>2026-08-22T09:20:32.697Z</time></trkpt>
      <trkpt lat="24.460843" lon="111.154621"><time>2026-08-22T09:20:32.713Z</time></trkpt>
      <trkpt lat="24.460843" lon="111.154621"><time>2026-08-22T09:20:32.730Z</time></trkpt>
      <trkpt lat="24.460843" lon="111.154621"><time>2026-08-22T09:20:32.747Z</time></trkpt>
      <trkpt lat="24.460843" lon="111.154621"><time>2026-08-22T09:20:32.763Z</time></trkpt>
      <trkpt lat="24.460843" lon="111.154621"><time>2026-08-22T09:20:32.780Z</time></trkpt>
      <trkpt lat="24.460841" lon="111.154625"><time>2026-08-22T09:20:32.797Z</time></trkpt>
      <trkpt lat="24.460841" lon="111.154625"><time>2026-08-22T09:20:32.813Z</time></trkpt>
      <trkpt lat="24.460841" lon="111.154625"><time>2026-08-22T09:20:32.830Z</time></trkpt>
      <trkpt lat="24.460841" lon="111.154625"><time>2026-08-22T09:20:32.847Z</time></trkpt>
      <trkpt lat="24.460841" lon="111.154625"><time>2026-08-22T09:20:32.863Z</time></trkpt>
      <trkpt lat="24.460838" lon="111.154628"><time>2026-08-22T09:20:32.880Z</time></trkpt>
      <trkpt lat="24.460838" lon="111.154628"><time>2026-08-22T09:20:32.897Z</time></trkpt>
      <trkpt lat="24.460838" lon="111.154628"><time>2026-08-22T09:20:32.913Z</time></trkpt>
      <trkpt lat="24.460838" lon="111.154628"><time>2026-08-22T09:20:32.930Z</time></trkpt>
      <trkpt lat="24.460838" lon="111.154628"><time>2026-08-22T09:20:32.947Z</time></trkpt>
      <trkpt lat="24.460838" lon="111.154628"><time>2026-08-22T09:20:32.963Z</time></trkpt>
      <trkpt lat="24.460836" lon="111.154632"><time>2026-08-22T09:20:32.980Z</time></trkpt>
      <trkpt lat="24.460836" lon="111.154632"><time>2026-08-22T09:20:32.997Z</time></trkpt>
      <trkpt lat="24.460836" lon="111.154632"><time>2026-08-22T09:20:33.014Z</time></trkpt>
      <trkpt lat="24.460836" lon="111.154632"><time>2026-08-22T09:20:33.030Z</time></trkpt>
      <trkpt lat="24.460836" lon="111.154632"><time>2026-08-22T09:20:33.047Z</time></trkpt>
      <trkpt lat="24.460836" lon="111.154632"><time>2026-08-22T09:20:33.064Z</time></trkpt>
      <trkpt lat="24.460834" lon="111.154636"><time>2026-08-22T09:20:33.080Z</time></trkpt>
      <trkpt lat="24.460834" lon="111.154636"><time>2026-08-22T09:20:33.097Z</time></trkpt>
      <trkpt lat="24.460834" lon="111.154636"><time>2026-08-22T09:20:33.114Z</time></trkpt>
      <trkpt lat="24.460834" lon="111.154636"><time>2026-08-22T09:20:33.130Z</time></trkpt>
      <trkpt lat="24.460834" lon="111.154636"><time>2026-08-22T09:20:33.147Z</time></trkpt>
      <trkpt lat="24.460834" lon="111.154636"><time>2026-08-22T09:20:33.164Z</time></trkpt>
      <trkpt lat="24.460831" lon="111.15464"><time>2026-08-22T09:20:33.180Z</time></trkpt>
      <trkpt lat="24.460831" lon="111.15464"><time>2026-08-22T09:20:33.197Z</time></trkpt>
      <trkpt lat="24.460831" lon="111.15464"><time>2026-08-22T09:20:33.214Z</time></trkpt>
      <trkpt lat="24.460831" lon="111.15464"><time>2026-08-22T09:20:33.230Z</time></trkpt>
      <trkpt lat="24.460831" lon="111.15464"><time>2026-08-22T09:20:33.247Z</time></trkpt>
      <trkpt lat="24.460831" lon="111.15464"><time>2026-08-22T09:20:33.264Z</time></trkpt>
      <trkpt lat="24.460829" lon="111.154643"><time>2026-08-22T09:20:33.280Z</time></trkpt>
      <trkpt lat="24.460829" lon="111.154643"><time>2026-08-22T09:20:33.297Z</time></trkpt>
      <trkpt lat="24.460829" lon="111.154643"><time>2026-08-22T09:20:33.314Z</time></trkpt>
      <trkpt lat="24.460829" lon="111.154643"><time>2026-08-22T09:20:33.331Z</time></trkpt>
      <trkpt lat="24.460829" lon="111.154643"><time>2026-08-22T09:20:33.347Z</time></trkpt>
      <trkpt lat="24.460829" lon="111.154643"><time>2026-08-22T09:20:33.364Z</time></trkpt>
      <trkpt lat="24.460826" lon="111.154647"><time>2026-08-22T09:20:33.381Z</time></trkpt>
      <trkpt lat="24.460826" lon="111.154647"><time>2026-08-22T09:20:33.397Z</time></trkpt>
      <trkpt lat="24.460826" lon="111.154647"><time>2026-08-22T09:20:33.414Z</time></trkpt>
      <trkpt lat="24.460826" lon="111.154647"><time>2026-08-22T09:20:33.431Z</time></trkpt>
      <trkpt lat="24.460826" lon="111.154647"><time>2026-08-22T09:20:33.447Z</time></trkpt>
      <trkpt lat="24.460826" lon="111.154647"><time>2026-08-22T09:20:33.464Z</time></trkpt>
      <trkpt lat="24.460824" lon="111.154651"><time>2026-08-22T09:20:33.481Z</time></trkpt>
      <trkpt lat="24.460824" lon="111.154651"><time>2026-08-22T09:20:33.497Z</time></trkpt>
      <trkpt lat="24.460824" lon="111.154651"><time>2026-08-22T09:20:33.514Z</time></trkpt>
      <trkpt lat="24.460824" lon="111.154651"><time>2026-08-22T09:20:33.531Z</time></trkpt>
      <trkpt lat="24.460824" lon="111.154651"><time>2026-08-22T09:20:33.547Z</time></trkpt>
      <trkpt lat="24.460824" lon="111.154651"><time>2026-08-22T09:20:33.564Z</time></trkpt>
      <trkpt lat="24.460821" lon="111.154654"><time>2026-08-22T09:20:33.581Z</time></trkpt>
      <trkpt lat="24.460821" lon="111.154654"><time>2026-08-22T09:20:33.597Z</time></trkpt>
      <trkpt lat="24.460821" lon="111.154654"><time>2026-08-22T09:20:33.614Z</time></trkpt>
      <trkpt lat="24.460821" lon="111.154654"><time>2026-08-22T09:20:33.631Z</time></trkpt>
      <trkpt lat="24.460821" lon="111.154654"><time>2026-08-22T09:20:33.648Z</time></trkpt>
      <trkpt lat="24.460821" lon="111.154654"><time>2026-08-22T09:20:33.664Z</time></trkpt>
      <trkpt lat="24.460819" lon="111.154658"><time>2026-08-22T09:20:33.681Z</time></trkpt>
      <trkpt lat="24.460819" lon="111.154658"><time>2026-08-22T09:20:33.698Z</time></trkpt>
      <trkpt lat="24.460819" lon="111.154658"><time>2026-08-22T09:20:33.714Z</time></trkpt>
      <trkpt lat="24.460819" lon="111.154658"><time>2026-08-22T09:20:33.731Z</time></trkpt>
      <trkpt lat="24.460819" lon="111.154658"><time>2026-08-22T09:20:33.748Z</time></trkpt>
      <trkpt lat="24.460819" lon="111.154658"><time>2026-08-22T09:20:33.764Z</time></trkpt>
      <trkpt lat="24.460816" lon="111.154662"><time>2026-08-22T09:20:33.781Z</time></trkpt>
      <trkpt lat="24.460816" lon="111.154662"><time>2026-08-22T09:20:33.798Z</time></trkpt>
      <trkpt lat="24.460816" lon="111.154662"><time>2026-08-22T09:20:33.814Z</time></trkpt>
      <trkpt lat="24.460816" lon="111.154662"><time>2026-08-22T09:20:33.831Z</time></trkpt>
      <trkpt lat="24.460816" lon="111.154662"><time>2026-08-22T09:20:33.848Z</time></trkpt>
      <trkpt lat="24.460816" lon="111.154662"><time>2026-08-22T09:20:33.864Z</time></trkpt>
      <trkpt lat="24.460814" lon="111.154665"><time>2026-08-22T09:20:33.881Z</time></trkpt>
      <trkpt lat="24.460814" lon="111.154665"><time>2026-08-22T09:20:33.898Z</time></trkpt>
      <trkpt lat="24.460814" lon="111.154665"><time>2026-08-22T09:20:33.914Z</time></trkpt>
      <trkpt lat="24.460814" lon="111.154665"><time>2026-08-22T09:20:33.931Z</time></trkpt>
      <trkpt lat="24.460814" lon="111.154665"><time>2026-08-22T09:20:33.948Z</time></trkpt>
      <trkpt lat="24.460814" lon="111.154665"><time>2026-08-22T09:20:33.965Z</time></trkpt>
      <trkpt lat="24.460812" lon="111.154668"><time>2026-08-22T09:20:33.981Z</time></trkpt>
      <trkpt lat="24.460812" lon="111.154668"><time>2026-08-22T09:20:33.998Z</time></trkpt>
      <trkpt lat="24.460812" lon="111.154668"><time>2026-08-22T09:20:34.015Z</time></trkpt>
      <trkpt lat="24.460812" lon="111.154668"><time>2026-08-22T09:20:34.031Z</time></trkpt>
      <trkpt lat="24.460812" lon="111.154668"><time>2026-08-22T09:20:34.048Z</time></trkpt>
      <trkpt lat="24.460812" lon="111.154668"><time>2026-08-22T09:20:34.065Z</time></trkpt>
      <trkpt lat="24.460809" lon="111.154672"><time>2026-08-22T09:20:34.081Z</time></trkpt>
      <trkpt lat="24.460809" lon="111.154672"><time>2026-08-22T09:20:34.098Z</time></trkpt>
      <trkpt lat="24.460809" lon="111.154672"><time>2026-08-22T09:20:34.115Z</time></trkpt>
      <trkpt lat="24.460809" lon="111.154672"><time>2026-08-22T09:20:34.131Z</time></trkpt>
      <trkpt lat="24.460809" lon="111.154672"><time>2026-08-22T09:20:34.148Z</time></trkpt>
      <trkpt lat="24.460809" lon="111.154672"><time>2026-08-22T09:20:34.165Z</time></trkpt>
      <trkpt lat="24.460806" lon="111.154675"><time>2026-08-22T09:20:34.181Z</time></trkpt>
      <trkpt lat="24.460806" lon="111.154675"><time>2026-08-22T09:20:34.198Z</time></trkpt>
      <trkpt lat="24.460806" lon="111.154675"><time>2026-08-22T09:20:34.215Z</time></trkpt>
      <trkpt lat="24.460806" lon="111.154675"><time>2026-08-22T09:20:34.231Z</time></trkpt>
      <trkpt lat="24.460806" lon="111.154675"><time>2026-08-22T09:20:34.248Z</time></trkpt>
      <trkpt lat="24.460806" lon="111.154675"><time>2026-08-22T09:20:34.265Z</time></trkpt>
      <trkpt lat="24.460804" lon="111.154679"><time>2026-08-22T09:20:34.282Z</time></trkpt>
      <trkpt lat="24.460804" lon="111.154679"><time>2026-08-22T09:20:34.298Z</time></trkpt>
      <trkpt lat="24.460804" lon="111.154679"><time>2026-08-22T09:20:34.315Z</time></trkpt>
      <trkpt lat="24.460804" lon="111.154679"><time>2026-08-22T09:20:34.332Z</time></trkpt>
      <trkpt lat="24.460804" lon="111.154679"><time>2026-08-22T09:20:34.348Z</time></trkpt>
      <trkpt lat="24.460804" lon="111.154679"><time>2026-08-22T09:20:34.365Z</time></trkpt>
      <trkpt lat="24.460801" lon="111.154682"><time>2026-08-22T09:20:34.382Z</time></trkpt>
      <trkpt lat="24.460801" lon="111.154682"><time>2026-08-22T09:20:34.398Z</time></trkpt>
      <trkpt lat="24.460801" lon="111.154682"><time>2026-08-22T09:20:34.415Z</time></trkpt>
      <trkpt lat="24.460801" lon="111.154682"><time>2026-08-22T09:20:34.432Z</time></trkpt>
      <trkpt lat="24.460801" lon="111.154682"><time>2026-08-22T09:20:34.448Z</time></trkpt>
      <trkpt lat="24.460801" lon="111.154682"><time>2026-08-22T09:20:34.465Z</time></trkpt>
      <trkpt lat="24.460798" lon="111.154686"><time>2026-08-22T09:20:34.482Z</time></trkpt>
      <trkpt lat="24.460798" lon="111.154686"><time>2026-08-22T09:20:34.498Z</time></trkpt>
      <trkpt lat="24.460798" lon="111.154686"><time>2026-08-22T09:20:34.515Z</time></trkpt>
      <trkpt lat="24.460798" lon="111.154686"><time>2026-08-22T09:20:34.532Z</time></trkpt>
      <trkpt lat="24.460798" lon="111.154686"><time>2026-08-22T09:20:34.548Z</time></trkpt>
      <trkpt lat="24.460798" lon="111.154686"><time>2026-08-22T09:20:34.565Z</time></trkpt>
      <trkpt lat="24.460795" lon="111.154689"><time>2026-08-22T09:20:34.582Z</time></trkpt>
      <trkpt lat="24.460795" lon="111.154689"><time>2026-08-22T09:20:34.599Z</time></trkpt>
      <trkpt lat="24.460795" lon="111.154689"><time>2026-08-22T09:20:34.615Z</time></trkpt>
      <trkpt lat="24.460795" lon="111.154689"><time>2026-08-22T09:20:34.632Z</time></trkpt>
      <trkpt lat="24.460795" lon="111.154689"><time>2026-08-22T09:20:34.649Z</time></trkpt>
      <trkpt lat="24.460795" lon="111.154689"><time>2026-08-22T09:20:34.665Z</time></trkpt>
      <trkpt lat="24.460793" lon="111.154693"><time>2026-08-22T09:20:34.682Z</time></trkpt>
      <trkpt lat="24.460793" lon="111.154693"><time>2026-08-22T09:20:34.699Z</time></trkpt>
      <trkpt lat="24.460793" lon="111.154693"><time>2026-08-22T09:20:34.715Z</time></trkpt>
      <trkpt lat="24.460793" lon="111.154693"><time>2026-08-22T09:20:34.732Z</time></trkpt>
      <trkpt lat="24.460793" lon="111.154693"><time>2026-08-22T09:20:34.749Z</time></trkpt>
      <trkpt lat="24.460793" lon="111.154693"><time>2026-08-22T09:20:34.765Z</time></trkpt>
      <trkpt lat="24.46079" lon="111.154696"><time>2026-08-22T09:20:34.782Z</time></trkpt>
      <trkpt lat="24.46079" lon="111.154696"><time>2026-08-22T09:20:34.799Z</time></trkpt>
      <trkpt lat="24.46079" lon="111.154696"><time>2026-08-22T09:20:34.815Z</time></trkpt>
      <trkpt lat="24.46079" lon="111.154696"><time>2026-08-22T09:20:34.832Z</time></trkpt>
      <trkpt lat="24.46079" lon="111.154696"><time>2026-08-22T09:20:34.849Z</time></trkpt>
      <trkpt lat="24.46079" lon="111.154696"><time>2026-08-22T09:20:34.865Z</time></trkpt>
      <trkpt lat="24.460786" lon="111.1547"><time>2026-08-22T09:20:34.882Z</time></trkpt>
      <trkpt lat="24.460786" lon="111.1547"><time>2026-08-22T09:20:34.899Z</time></trkpt>
      <trkpt lat="24.460786" lon="111.1547"><time>2026-08-22T09:20:34.916Z</time></trkpt>
      <trkpt lat="24.460786" lon="111.1547"><time>2026-08-22T09:20:34.932Z</time></trkpt>
      <trkpt lat="24.460786" lon="111.1547"><time>2026-08-22T09:20:34.949Z</time></trkpt>
      <trkpt lat="24.460786" lon="111.1547"><time>2026-08-22T09:20:34.966Z</time></trkpt>
      <trkpt lat="24.460783" lon="111.154703"><time>2026-08-22T09:20:34.982Z</time></trkpt>
      <trkpt lat="24.460783" lon="111.154703"><time>2026-08-22T09:20:34.999Z</time></trkpt>
      <trkpt lat="24.460783" lon="111.154703"><time>2026-08-22T09:20:35.016Z</time></trkpt>
      <trkpt lat="24.460783" lon="111.154703"><time>2026-08-22T09:20:35.032Z</time></trkpt>
      <trkpt lat="24.460783" lon="111.154703"><time>2026-08-22T09:20:35.049Z</time></trkpt>
      <trkpt lat="24.460783" lon="111.154703"><time>2026-08-22T09:20:35.066Z</time></trkpt>
      <trkpt lat="24.46078" lon="111.154707"><time>2026-08-22T09:20:35.082Z</time></trkpt>
      <trkpt lat="24.46078" lon="111.154707"><time>2026-08-22T09:20:35.099Z</time></trkpt>
      <trkpt lat="24.46078" lon="111.154707"><time>2026-08-22T09:20:35.116Z</time></trkpt>
      <trkpt lat="24.46078" lon="111.154707"><time>2026-08-22T09:20:35.132Z</time></trkpt>
      <trkpt lat="24.46078" lon="111.154707"><time>2026-08-22T09:20:35.149Z</time></trkpt>
      <trkpt lat="24.46078" lon="111.154707"><time>2026-08-22T09:20:35.166Z</time></trkpt>
      <trkpt lat="24.460776" lon="111.154711"><time>2026-08-22T09:20:35.182Z</time></trkpt>
      <trkpt lat="24.460776" lon="111.154711"><time>2026-08-22T09:20:35.199Z</time></trkpt>
      <trkpt lat="24.460776" lon="111.154711"><time>2026-08-22T09:20:35.216Z</time></trkpt>
      <trkpt lat="24.460776" lon="111.154711"><time>2026-08-22T09:20:35.233Z</time></trkpt>
      <trkpt lat="24.460776" lon="111.154711"><time>2026-08-22T09:20:35.249Z</time></trkpt>
      <trkpt lat="24.460776" lon="111.154711"><time>2026-08-22T09:20:35.266Z</time></trkpt>
      <trkpt lat="24.460773" lon="111.154715"><time>2026-08-22T09:20:35.283Z</time></trkpt>
      <trkpt lat="24.460773" lon="111.154715"><time>2026-08-22T09:20:35.299Z</time></trkpt>
      <trkpt lat="24.460773" lon="111.154715"><time>2026-08-22T09:20:35.316Z</time></trkpt>
      <trkpt lat="24.460773" lon="111.154715"><time>2026-08-22T09:20:35.333Z</time></trkpt>
      <trkpt lat="24.460773" lon="111.154715"><time>2026-08-22T09:20:35.349Z</time></trkpt>
      <trkpt lat="24.460773" lon="111.154715"><time>2026-08-22T09:20:35.366Z</time></trkpt>
      <trkpt lat="24.460769" lon="111.154719"><time>2026-08-22T09:20:35.383Z</time></trkpt>
      <trkpt lat="24.460769" lon="111.154719"><time>2026-08-22T09:20:35.399Z</time></trkpt>
      <trkpt lat="24.460769" lon="111.154719"><time>2026-08-22T09:20:35.416Z</time></trkpt>
      <trkpt lat="24.460769" lon="111.154719"><time>2026-08-22T09:20:35.433Z</time></trkpt>
      <trkpt lat="24.460769" lon="111.154719"><time>2026-08-22T09:20:35.449Z</time></trkpt>
      <trkpt lat="24.460769" lon="111.154719"><time>2026-08-22T09:20:35.466Z</time></trkpt>
      <trkpt lat="24.460765" lon="111.154724"><time>2026-08-22T09:20:35.483Z</time></trkpt>
      <trkpt lat="24.460765" lon="111.154724"><time>2026-08-22T09:20:35.499Z</time></trkpt>
      <trkpt lat="24.460765" lon="111.154724"><time>2026-08-22T09:20:35.516Z</time></trkpt>
      <trkpt lat="24.460765" lon="111.154724"><time>2026-08-22T09:20:35.533Z</time></trkpt>
      <trkpt lat="24.460765" lon="111.154724"><time>2026-08-22T09:20:35.550Z</time></trkpt>
      <trkpt lat="24.460765" lon="111.154724"><time>2026-08-22T09:20:35.566Z</time></trkpt>
      <trkpt lat="24.460761" lon="111.154728"><time>2026-08-22T09:20:35.583Z</time></trkpt>
      <trkpt lat="24.460761" lon="111.154728"><time>2026-08-22T09:20:35.600Z</time></trkpt>
      <trkpt lat="24.460761" lon="111.154728"><time>2026-08-22T09:20:35.616Z</time></trkpt>
      <trkpt lat="24.460761" lon="111.154728"><time>2026-08-22T09:20:35.633Z</time></trkpt>
      <trkpt lat="24.460761" lon="111.154728"><time>2026-08-22T09:20:35.650Z</time></trkpt>
      <trkpt lat="24.460761" lon="111.154728"><time>2026-08-22T09:20:35.666Z</time></trkpt>
      <trkpt lat="24.460757" lon="111.154733"><time>2026-08-22T09:20:35.683Z</time></trkpt>
      <trkpt lat="24.460757" lon="111.154733"><time>2026-08-22T09:20:35.700Z</time></trkpt>
      <trkpt lat="24.460757" lon="111.154733"><time>2026-08-22T09:20:35.716Z</time></trkpt>
      <trkpt lat="24.460757" lon="111.154733"><time>2026-08-22T09:20:35.733Z</time></trkpt>
      <trkpt lat="24.460757" lon="111.154733"><time>2026-08-22T09:20:35.750Z</time></trkpt>
      <trkpt lat="24.460757" lon="111.154733"><time>2026-08-22T09:20:35.766Z</time></trkpt>
      <trkpt lat="24.460752" lon="111.154738"><time>2026-08-22T09:20:35.783Z</time></trkpt>
      <trkpt lat="24.460752" lon="111.154738"><time>2026-08-22T09:20:35.800Z</time></trkpt>
      <trkpt lat="24.460752" lon="111.154738"><time>2026-08-22T09:20:35.816Z</time></trkpt>
      <trkpt lat="24.460752" lon="111.154738"><time>2026-08-22T09:20:35.833Z</time></trkpt>
      <trkpt lat="24.460752" lon="111.154738"><time>2026-08-22T09:20:35.850Z</time></trkpt>
      <trkpt lat="24.460752" lon="111.154738"><time>2026-08-22T09:20:35.867Z</time></trkpt>
      <trkpt lat="24.460748" lon="111.154743"><time>2026-08-22T09:20:35.883Z</time></trkpt>
      <trkpt lat="24.460748" lon="111.154743"><time>2026-08-22T09:20:35.900Z</time></trkpt>
      <trkpt lat="24.460748" lon="111.154743"><time>2026-08-22T09:20:35.917Z</time></trkpt>
      <trkpt lat="24.460748" lon="111.154743"><time>2026-08-22T09:20:35.933Z</time></trkpt>
      <trkpt lat="24.460748" lon="111.154743"><time>2026-08-22T09:20:35.950Z</time></trkpt>
      <trkpt lat="24.460748" lon="111.154743"><time>2026-08-22T09:20:35.967Z</time></trkpt>
      <trkpt lat="24.460743" lon="111.154747"><time>2026-08-22T09:20:35.983Z</time></trkpt>
      <trkpt lat="24.460743" lon="111.154747"><time>2026-08-22T09:20:36.000Z</time></trkpt>
      <trkpt lat="24.460743" lon="111.154747"><time>2026-08-22T09:20:36.017Z</time></trkpt>
      <trkpt lat="24.460743" lon="111.154747"><time>2026-08-22T09:20:36.033Z</time></trkpt>
      <trkpt lat="24.460743" lon="111.154747"><time>2026-08-22T09:20:36.050Z</time></trkpt>
      <trkpt lat="24.460743" lon="111.154747"><time>2026-08-22T09:20:36.067Z</time></trkpt>
      <trkpt lat="24.460738" lon="111.154752"><time>2026-08-22T09:20:36.083Z</time></trkpt>
      <trkpt lat="24.460738" lon="111.154752"><time>2026-08-22T09:20:36.100Z</time></trkpt>
      <trkpt lat="24.460738" lon="111.154752"><time>2026-08-22T09:20:36.117Z</time></trkpt>
      <trkpt lat="24.460738" lon="111.154752"><time>2026-08-22T09:20:36.133Z</time></trkpt>
      <trkpt lat="24.460738" lon="111.154752"><time>2026-08-22T09:20:36.150Z</time></trkpt>
      <trkpt lat="24.460738" lon="111.154752"><time>2026-08-22T09:20:36.167Z</time></trkpt>
      <trkpt lat="24.460733" lon="111.154757"><time>2026-08-22T09:20:36.184Z</time></trkpt>
      <trkpt lat="24.460733" lon="111.154757"><time>2026-08-22T09:20:36.200Z</time></trkpt>
      <trkpt lat="24.460733" lon="111.154757"><time>2026-08-22T09:20:36.217Z</time></trkpt>
      <trkpt lat="24.460733" lon="111.154757"><time>2026-08-22T09:20:36.234Z</time></trkpt>
      <trkpt lat="24.460733" lon="111.154757"><time>2026-08-22T09:20:36.250Z</time></trkpt>
      <trkpt lat="24.460733" lon="111.154757"><time>2026-08-22T09:20:36.267Z</time></trkpt>
      <trkpt lat="24.460728" lon="111.154761"><time>2026-08-22T09:20:36.284Z</time></trkpt>
      <trkpt lat="24.460728" lon="111.154761"><time>2026-08-22T09:20:36.300Z</time></trkpt>
      <trkpt lat="24.460728" lon="111.154761"><time>2026-08-22T09:20:36.317Z</time></trkpt>
      <trkpt lat="24.460728" lon="111.154761"><time>2026-08-22T09:20:36.334Z</time></trkpt>
      <trkpt lat="24.460728" lon="111.154761"><time>2026-08-22T09:20:36.350Z</time></trkpt>
      <trkpt lat="24.460728" lon="111.154761"><time>2026-08-22T09:20:36.367Z</time></trkpt>
      <trkpt lat="24.460723" lon="111.154766"><time>2026-08-22T09:20:36.384Z</time></trkpt>
      <trkpt lat="24.460723" lon="111.154766"><time>2026-08-22T09:20:36.400Z</time></trkpt>
      <trkpt lat="24.460723" lon="111.154766"><time>2026-08-22T09:20:36.417Z</time></trkpt>
      <trkpt lat="24.460723" lon="111.154766"><time>2026-08-22T09:20:36.434Z</time></trkpt>
      <trkpt lat="24.460723" lon="111.154766"><time>2026-08-22T09:20:36.450Z</time></trkpt>
      <trkpt lat="24.460723" lon="111.154766"><time>2026-08-22T09:20:36.467Z</time></trkpt>
      <trkpt lat="24.460718" lon="111.15477"><time>2026-08-22T09:20:36.484Z</time></trkpt>
      <trkpt lat="24.460718" lon="111.15477"><time>2026-08-22T09:20:36.501Z</time></trkpt>
      <trkpt lat="24.460718" lon="111.15477"><time>2026-08-22T09:20:36.517Z</time></trkpt>
      <trkpt lat="24.460718" lon="111.15477"><time>2026-08-22T09:20:36.534Z</time></trkpt>
      <trkpt lat="24.460718" lon="111.15477"><time>2026-08-22T09:20:36.551Z</time></trkpt>
      <trkpt lat="24.460718" lon="111.15477"><time>2026-08-22T09:20:36.567Z</time></trkpt>
      <trkpt lat="24.460714" lon="111.154774"><time>2026-08-22T09:20:36.584Z</time></trkpt>
      <trkpt lat="24.460714" lon="111.154774"><time>2026-08-22T09:20:36.601Z</time></trkpt>
      <trkpt lat="24.460714" lon="111.154774"><time>2026-08-22T09:20:36.617Z</time></trkpt>
      <trkpt lat="24.460714" lon="111.154774"><time>2026-08-22T09:20:36.634Z</time></trkpt>
      <trkpt lat="24.460714" lon="111.154774"><time>2026-08-22T09:20:36.651Z</time></trkpt>
      <trkpt lat="24.460714" lon="111.154774"><time>2026-08-22T09:20:36.667Z</time></trkpt>
      <trkpt lat="24.460709" lon="111.154778"><time>2026-08-22T09:20:36.684Z</time></trkpt>
      <trkpt lat="24.460709" lon="111.154778"><time>2026-08-22T09:20:36.701Z</time></trkpt>
      <trkpt lat="24.460709" lon="111.154778"><time>2026-08-22T09:20:36.717Z</time></trkpt>
      <trkpt lat="24.460709" lon="111.154778"><time>2026-08-22T09:20:36.734Z</time></trkpt>
      <trkpt lat="24.460709" lon="111.154778"><time>2026-08-22T09:20:36.751Z</time></trkpt>
      <trkpt lat="24.460709" lon="111.154778"><time>2026-08-22T09:20:36.767Z</time></trkpt>
      <trkpt lat="24.460706" lon="111.154782"><time>2026-08-22T09:20:36.784Z</time></trkpt>
      <trkpt lat="24.460706" lon="111.154782"><time>2026-08-22T09:20:36.801Z</time></trkpt>
      <trkpt lat="24.460706" lon="111.154782"><time>2026-08-22T09:20:36.818Z</time></trkpt>
      <trkpt lat="24.460706" lon="111.154782"><time>2026-08-22T09:20:36.834Z</time></trkpt>
      <trkpt lat="24.460706" lon="111.154782"><time>2026-08-22T09:20:36.851Z</time></trkpt>
      <trkpt lat="24.460706" lon="111.154782"><time>2026-08-22T09:20:36.868Z</time></trkpt>
      <trkpt lat="24.460702" lon="111.154786"><time>2026-08-22T09:20:36.884Z</time></trkpt>
      <trkpt lat="24.460702" lon="111.154786"><time>2026-08-22T09:20:36.901Z</time></trkpt>
      <trkpt lat="24.460702" lon="111.154786"><time>2026-08-22T09:20:36.918Z</time></trkpt>
      <trkpt lat="24.460702" lon="111.154786"><time>2026-08-22T09:20:36.934Z</time></trkpt>
      <trkpt lat="24.460702" lon="111.154786"><time>2026-08-22T09:20:36.951Z</time></trkpt>
      <trkpt lat="24.460702" lon="111.154786"><time>2026-08-22T09:20:36.968Z</time></trkpt>
      <trkpt lat="24.460699" lon="111.15479"><time>2026-08-22T09:20:36.984Z</time></trkpt>
      <trkpt lat="24.460699" lon="111.15479"><time>2026-08-22T09:20:37.001Z</time></trkpt>
      <trkpt lat="24.460699" lon="111.15479"><time>2026-08-22T09:20:37.018Z</time></trkpt>
      <trkpt lat="24.460699" lon="111.15479"><time>2026-08-22T09:20:37.034Z</time></trkpt>
      <trkpt lat="24.460699" lon="111.15479"><time>2026-08-22T09:20:37.051Z</time></trkpt>
      <trkpt lat="24.460699" lon="111.15479"><time>2026-08-22T09:20:37.068Z</time></trkpt>
      <trkpt lat="24.460696" lon="111.154794"><time>2026-08-22T09:20:37.084Z</time></trkpt>
      <trkpt lat="24.460696" lon="111.154794"><time>2026-08-22T09:20:37.101Z</time></trkpt>
      <trkpt lat="24.460696" lon="111.154794"><time>2026-08-22T09:20:37.118Z</time></trkpt>
      <trkpt lat="24.460696" lon="111.154794"><time>2026-08-22T09:20:37.134Z</time></trkpt>
      <trkpt lat="24.460696" lon="111.154794"><time>2026-08-22T09:20:37.151Z</time></trkpt>
      <trkpt lat="24.460696" lon="111.154794"><time>2026-08-22T09:20:37.168Z</time></trkpt>
      <trkpt lat="24.460694" lon="111.154799"><time>2026-08-22T09:20:37.185Z</time></trkpt>
      <trkpt lat="24.460694" lon="111.154799"><time>2026-08-22T09:20:37.201Z</time></trkpt>
      <trkpt lat="24.460694" lon="111.154799"><time>2026-08-22T09:20:37.218Z</time></trkpt>
      <trkpt lat="24.460694" lon="111.154799"><time>2026-08-22T09:20:37.235Z</time></trkpt>
      <trkpt lat="24.460694" lon="111.154799"><time>2026-08-22T09:20:37.251Z</time></trkpt>
      <trkpt lat="24.460694" lon="111.154799"><time>2026-08-22T09:20:37.268Z</time></trkpt>
      <trkpt lat="24.460692" lon="111.154803"><time>2026-08-22T09:20:37.285Z</time></trkpt>
      <trkpt lat="24.460692" lon="111.154803"><time>2026-08-22T09:20:37.301Z</time></trkpt>
      <trkpt lat="24.460692" lon="111.154803"><time>2026-08-22T09:20:37.318Z</time></trkpt>
      <trkpt lat="24.460692" lon="111.154803"><time>2026-08-22T09:20:37.335Z</time></trkpt>
      <trkpt lat="24.460692" lon="111.154803"><time>2026-08-22T09:20:37.351Z</time></trkpt>
      <trkpt lat="24.460692" lon="111.154803"><time>2026-08-22T09:20:37.368Z</time></trkpt>
      <trkpt lat="24.460691" lon="111.154807"><time>2026-08-22T09:20:37.385Z</time></trkpt>
      <trkpt lat="24.460691" lon="111.154807"><time>2026-08-22T09:20:37.401Z</time></trkpt>
      <trkpt lat="24.460691" lon="111.154807"><time>2026-08-22T09:20:37.418Z</time></trkpt>
      <trkpt lat="24.460691" lon="111.154807"><time>2026-08-22T09:20:37.435Z</time></trkpt>
      <trkpt lat="24.460691" lon="111.154807"><time>2026-08-22T09:20:37.451Z</time></trkpt>
      <trkpt lat="24.460691" lon="111.154807"><time>2026-08-22T09:20:37.468Z</time></trkpt>
      <trkpt lat="24.460689" lon="111.154812"><time>2026-08-22T09:20:37.485Z</time></trkpt>
      <trkpt lat="24.460689" lon="111.154812"><time>2026-08-22T09:20:37.502Z</time></trkpt>
      <trkpt lat="24.460689" lon="111.154812"><time>2026-08-22T09:20:37.518Z</time></trkpt>
      <trkpt lat="24.460689" lon="111.154812"><time>2026-08-22T09:20:37.535Z</time></trkpt>
      <trkpt lat="24.460689" lon="111.154812"><time>2026-08-22T09:20:37.552Z</time></trkpt>
      <trkpt lat="24.460689" lon="111.154812"><time>2026-08-22T09:20:37.568Z</time></trkpt>
      <trkpt lat="24.460688" lon="111.154816"><time>2026-08-22T09:20:37.585Z</time></trkpt>
      <trkpt lat="24.460688" lon="111.154816"><time>2026-08-22T09:20:37.602Z</time></trkpt>
      <trkpt lat="24.460688" lon="111.154816"><time>2026-08-22T09:20:37.618Z</time></trkpt>
      <trkpt lat="24.460688" lon="111.154816"><time>2026-08-22T09:20:37.635Z</time></trkpt>
      <trkpt lat="24.460688" lon="111.154816"><time>2026-08-22T09:20:37.652Z</time></trkpt>
      <trkpt lat="24.460688" lon="111.154816"><time>2026-08-22T09:20:37.668Z</time></trkpt>
      <trkpt lat="24.460687" lon="111.154821"><time>2026-08-22T09:20:37.685Z</time></trkpt>
      <trkpt lat="24.460687" lon="111.154821"><time>2026-08-22T09:20:37.702Z</time></trkpt>
      <trkpt lat="24.460687" lon="111.154821"><time>2026-08-22T09:20:37.718Z</time></trkpt>
      <trkpt lat="24.460687" lon="111.154821"><time>2026-08-22T09:20:37.735Z</time></trkpt>
      <trkpt lat="24.460687" lon="111.154821"><time>2026-08-22T09:20:37.752Z</time></trkpt>
      <trkpt lat="24.460687" lon="111.154821"><time>2026-08-22T09:20:37.768Z</time></trkpt>
      <trkpt lat="24.460685" lon="111.154826"><time>2026-08-22T09:20:37.785Z</time></trkpt>
      <trkpt lat="24.460685" lon="111.154826"><time>2026-08-22T09:20:37.802Z</time></trkpt>
      <trkpt lat="24.460685" lon="111.154826"><time>2026-08-22T09:20:37.819Z</time></trkpt>
      <trkpt lat="24.460685" lon="111.154826"><time>2026-08-22T09:20:37.835Z</time></trkpt>
      <trkpt lat="24.460685" lon="111.154826"><time>2026-08-22T09:20:37.852Z</time></trkpt>
      <trkpt lat="24.460685" lon="111.154826"><time>2026-08-22T09:20:37.869Z</time></trkpt>
      <trkpt lat="24.460683" lon="111.15483"><time>2026-08-22T09:20:37.885Z</time></trkpt>
      <trkpt lat="24.460683" lon="111.15483"><time>2026-08-22T09:20:37.902Z</time></trkpt>
      <trkpt lat="24.460683" lon="111.15483"><time>2026-08-22T09:20:37.919Z</time></trkpt>
      <trkpt lat="24.460683" lon="111.15483"><time>2026-08-22T09:20:37.935Z</time></trkpt>
      <trkpt lat="24.460683" lon="111.15483"><time>2026-08-22T09:20:37.952Z</time></trkpt>
      <trkpt lat="24.460683" lon="111.15483"><time>2026-08-22T09:20:37.969Z</time></trkpt>
      <trkpt lat="24.460681" lon="111.154834"><time>2026-08-22T09:20:37.985Z</time></trkpt>
      <trkpt lat="24.460681" lon="111.154834"><time>2026-08-22T09:20:38.002Z</time></trkpt>
      <trkpt lat="24.460681" lon="111.154834"><time>2026-08-22T09:20:38.019Z</time></trkpt>
      <trkpt lat="24.460681" lon="111.154834"><time>2026-08-22T09:20:38.035Z</time></trkpt>
      <trkpt lat="24.460681" lon="111.154834"><time>2026-08-22T09:20:38.052Z</time></trkpt>
      <trkpt lat="24.460681" lon="111.154834"><time>2026-08-22T09:20:38.069Z</time></trkpt>
      <trkpt lat="24.460678" lon="111.154838"><time>2026-08-22T09:20:38.085Z</time></trkpt>
      <trkpt lat="24.460678" lon="111.154838"><time>2026-08-22T09:20:38.102Z</time></trkpt>
      <trkpt lat="24.460678" lon="111.154838"><time>2026-08-22T09:20:38.119Z</time></trkpt>
      <trkpt lat="24.460678" lon="111.154838"><time>2026-08-22T09:20:38.136Z</time></trkpt>
      <trkpt lat="24.460678" lon="111.154838"><time>2026-08-22T09:20:38.152Z</time></trkpt>
      <trkpt lat="24.460678" lon="111.154838"><time>2026-08-22T09:20:38.169Z</time></trkpt>
      <trkpt lat="24.460675" lon="111.154841"><time>2026-08-22T09:20:38.186Z</time></trkpt>
      <trkpt lat="24.460675" lon="111.154841"><time>2026-08-22T09:20:38.202Z</time></trkpt>
      <trkpt lat="24.460675" lon="111.154841"><time>2026-08-22T09:20:38.219Z</time></trkpt>
      <trkpt lat="24.460675" lon="111.154841"><time>2026-08-22T09:20:38.236Z</time></trkpt>
      <trkpt lat="24.460675" lon="111.154841"><time>2026-08-22T09:20:38.252Z</time></trkpt>
      <trkpt lat="24.460675" lon="111.154841"><time>2026-08-22T09:20:38.269Z</time></trkpt>
      <trkpt lat="24.460672" lon="111.154844"><time>2026-08-22T09:20:38.286Z</time></trkpt>
      <trkpt lat="24.460672" lon="111.154844"><time>2026-08-22T09:20:38.302Z</time></trkpt>
      <trkpt lat="24.460672" lon="111.154844"><time>2026-08-22T09:20:38.319Z</time></trkpt>
      <trkpt lat="24.460672" lon="111.154844"><time>2026-08-22T09:20:38.336Z</time></trkpt>
      <trkpt lat="24.460672" lon="111.154844"><time>2026-08-22T09:20:38.352Z</time></trkpt>
      <trkpt lat="24.460672" lon="111.154844"><time>2026-08-22T09:20:38.369Z</time></trkpt>
      <trkpt lat="24.460669" lon="111.154846"><time>2026-08-22T09:20:38.386Z</time></trkpt>
      <trkpt lat="24.460669" lon="111.154846"><time>2026-08-22T09:20:38.402Z</time></trkpt>
      <trkpt lat="24.460669" lon="111.154846"><time>2026-08-22T09:20:38.419Z</time></trkpt>
      <trkpt lat="24.460669" lon="111.154846"><time>2026-08-22T09:20:38.436Z</time></trkpt>
      <trkpt lat="24.460669" lon="111.154846"><time>2026-08-22T09:20:38.453Z</time></trkpt>
      <trkpt lat="24.460669" lon="111.154846"><time>2026-08-22T09:20:38.469Z</time></trkpt>
      <trkpt lat="24.460666" lon="111.154848"><time>2026-08-22T09:20:38.486Z</time></trkpt>
      <trkpt lat="24.460666" lon="111.154848"><time>2026-08-22T09:20:38.503Z</time></trkpt>
      <trkpt lat="24.460666" lon="111.154848"><time>2026-08-22T09:20:38.519Z</time></trkpt>
      <trkpt lat="24.460666" lon="111.154848"><time>2026-08-22T09:20:38.536Z</time></trkpt>
      <trkpt lat="24.460666" lon="111.154848"><time>2026-08-22T09:20:38.553Z</time></trkpt>
      <trkpt lat="24.460666" lon="111.154848"><time>2026-08-22T09:20:38.569Z</time></trkpt>
      <trkpt lat="24.460662" lon="111.15485"><time>2026-08-22T09:20:38.586Z</time></trkpt>
      <trkpt lat="24.460662" lon="111.15485"><time>2026-08-22T09:20:38.603Z</time></trkpt>
      <trkpt lat="24.460662" lon="111.15485"><time>2026-08-22T09:20:38.619Z</time></trkpt>
      <trkpt lat="24.460662" lon="111.15485"><time>2026-08-22T09:20:38.636Z</time></trkpt>
      <trkpt lat="24.460662" lon="111.15485"><time>2026-08-22T09:20:38.653Z</time></trkpt>
      <trkpt lat="24.460662" lon="111.15485"><time>2026-08-22T09:20:38.669Z</time></trkpt>
      <trkpt lat="24.460659" lon="111.154852"><time>2026-08-22T09:20:38.686Z</time></trkpt>
      <trkpt lat="24.460659" lon="111.154852"><time>2026-08-22T09:20:38.703Z</time></trkpt>
      <trkpt lat="24.460659" lon="111.154852"><time>2026-08-22T09:20:38.719Z</time></trkpt>
      <trkpt lat="24.460659" lon="111.154852"><time>2026-08-22T09:20:38.736Z</time></trkpt>
      <trkpt lat="24.460659" lon="111.154852"><time>2026-08-22T09:20:38.753Z</time></trkpt>
      <trkpt lat="24.460659" lon="111.154852"><time>2026-08-22T09:20:38.770Z</time></trkpt>
      <trkpt lat="24.460655" lon="111.154853"><time>2026-08-22T09:20:38.786Z</time></trkpt>
      <trkpt lat="24.460655" lon="111.154853"><time>2026-08-22T09:20:38.803Z</time></trkpt>
      <trkpt lat="24.460655" lon="111.154853"><time>2026-08-22T09:20:38.820Z</time></trkpt>
      <trkpt lat="24.460655" lon="111.154853"><time>2026-08-22T09:20:38.836Z</time></trkpt>
      <trkpt lat="24.460655" lon="111.154853"><time>2026-08-22T09:20:38.853Z</time></trkpt>
      <trkpt lat="24.460655" lon="111.154853"><time>2026-08-22T09:20:38.870Z</time></trkpt>
      <trkpt lat="24.460652" lon="111.154855"><time>2026-08-22T09:20:38.886Z</time></trkpt>
      <trkpt lat="24.460652" lon="111.154855"><time>2026-08-22T09:20:38.903Z</time></trkpt>
      <trkpt lat="24.460652" lon="111.154855"><time>2026-08-22T09:20:38.920Z</time></trkpt>
      <trkpt lat="24.460652" lon="111.154855"><time>2026-08-22T09:20:38.936Z</time></trkpt>
      <trkpt lat="24.460652" lon="111.154855"><time>2026-08-22T09:20:38.953Z</time></trkpt>
      <trkpt lat="24.460652" lon="111.154855"><time>2026-08-22T09:20:38.970Z</time></trkpt>
      <trkpt lat="24.460648" lon="111.154856"><time>2026-08-22T09:20:38.986Z</time></trkpt>
      <trkpt lat="24.460648" lon="111.154856"><time>2026-08-22T09:20:39.003Z</time></trkpt>
      <trkpt lat="24.460648" lon="111.154856"><time>2026-08-22T09:20:39.020Z</time></trkpt>
      <trkpt lat="24.460648" lon="111.154856"><time>2026-08-22T09:20:39.036Z</time></trkpt>
      <trkpt lat="24.460648" lon="111.154856"><time>2026-08-22T09:20:39.053Z</time></trkpt>
      <trkpt lat="24.460648" lon="111.154856"><time>2026-08-22T09:20:39.070Z</time></trkpt>
      <trkpt lat="24.460645" lon="111.154857"><time>2026-08-22T09:20:39.087Z</time></trkpt>
      <trkpt lat="24.460645" lon="111.154857"><time>2026-08-22T09:20:39.103Z</time></trkpt>
      <trkpt lat="24.460645" lon="111.154857"><time>2026-08-22T09:20:39.120Z</time></trkpt>
      <trkpt lat="24.460645" lon="111.154857"><time>2026-08-22T09:20:39.137Z</time></trkpt>
      <trkpt lat="24.460645" lon="111.154857"><time>2026-08-22T09:20:39.153Z</time></trkpt>
      <trkpt lat="24.460645" lon="111.154857"><time>2026-08-22T09:20:39.170Z</time></trkpt>
      <trkpt lat="24.460641" lon="111.154858"><time>2026-08-22T09:20:39.187Z</time></trkpt>
      <trkpt lat="24.460641" lon="111.154858"><time>2026-08-22T09:20:39.203Z</time></trkpt>
      <trkpt lat="24.460641" lon="111.154858"><time>2026-08-22T09:20:39.220Z</time></trkpt>
      <trkpt lat="24.460641" lon="111.154858"><time>2026-08-22T09:20:39.237Z</time></trkpt>
      <trkpt lat="24.460641" lon="111.154858"><time>2026-08-22T09:20:39.253Z</time></trkpt>
      <trkpt lat="24.460641" lon="111.154858"><time>2026-08-22T09:20:39.270Z</time></trkpt>
      <trkpt lat="24.460638" lon="111.15486"><time>2026-08-22T09:20:39.287Z</time></trkpt>
      <trkpt lat="24.460638" lon="111.15486"><time>2026-08-22T09:20:39.303Z</time></trkpt>
      <trkpt lat="24.460638" lon="111.15486"><time>2026-08-22T09:20:39.320Z</time></trkpt>
      <trkpt lat="24.460638" lon="111.15486"><time>2026-08-22T09:20:39.337Z</time></trkpt>
      <trkpt lat="24.460638" lon="111.15486"><time>2026-08-22T09:20:39.353Z</time></trkpt>
      <trkpt lat="24.460638" lon="111.15486"><time>2026-08-22T09:20:39.370Z</time></trkpt>
      <trkpt lat="24.460635" lon="111.15486"><time>2026-08-22T09:20:39.387Z</time></trkpt>
      <trkpt lat="24.460635" lon="111.15486"><time>2026-08-22T09:20:39.404Z</time></trkpt>
      <trkpt lat="24.460635" lon="111.15486"><time>2026-08-22T09:20:39.420Z</time></trkpt>
      <trkpt lat="24.460635" lon="111.15486"><time>2026-08-22T09:20:39.437Z</time></trkpt>
      <trkpt lat="24.460635" lon="111.15486"><time>2026-08-22T09:20:39.454Z</time></trkpt>
      <trkpt lat="24.460635" lon="111.15486"><time>2026-08-22T09:20:39.470Z</time></trkpt>
      <trkpt lat="24.460631" lon="111.154862"><time>2026-08-22T09:20:39.487Z</time></trkpt>
      <trkpt lat="24.460631" lon="111.154862"><time>2026-08-22T09:20:39.504Z</time></trkpt>
      <trkpt lat="24.460631" lon="111.154862"><time>2026-08-22T09:20:39.520Z</time></trkpt>
      <trkpt lat="24.460631" lon="111.154862"><time>2026-08-22T09:20:39.537Z</time></trkpt>
      <trkpt lat="24.460631" lon="111.154862"><time>2026-08-22T09:20:39.554Z</time></trkpt>
      <trkpt lat="24.460631" lon="111.154862"><time>2026-08-22T09:20:39.570Z</time></trkpt>
      <trkpt lat="24.460628" lon="111.154863"><time>2026-08-22T09:20:39.587Z</time></trkpt>
      <trkpt lat="24.460628" lon="111.154863"><time>2026-08-22T09:20:39.604Z</time></trkpt>
      <trkpt lat="24.460628" lon="111.154863"><time>2026-08-22T09:20:39.620Z</time></trkpt>
      <trkpt lat="24.460628" lon="111.154863"><time>2026-08-22T09:20:39.637Z</time></trkpt>
      <trkpt lat="24.460628" lon="111.154863"><time>2026-08-22T09:20:39.654Z</time></trkpt>
      <trkpt lat="24.460628" lon="111.154863"><time>2026-08-22T09:20:39.670Z</time></trkpt>
      <trkpt lat="24.460625" lon="111.154864"><time>2026-08-22T09:20:39.687Z</time></trkpt>
      <trkpt lat="24.460625" lon="111.154864"><time>2026-08-22T09:20:39.704Z</time></trkpt>
      <trkpt lat="24.460625" lon="111.154864"><time>2026-08-22T09:20:39.721Z</time></trkpt>
      <trkpt lat="24.460625" lon="111.154864"><time>2026-08-22T09:20:39.737Z</time></trkpt>
      <trkpt lat="24.460625" lon="111.154864"><time>2026-08-22T09:20:39.754Z</time></trkpt>
      <trkpt lat="24.460625" lon="111.154864"><time>2026-08-22T09:20:39.771Z</time></trkpt>
      <trkpt lat="24.460622" lon="111.154865"><time>2026-08-22T09:20:39.787Z</time></trkpt>
      <trkpt lat="24.460622" lon="111.154865"><time>2026-08-22T09:20:39.804Z</time></trkpt>
      <trkpt lat="24.460622" lon="111.154865"><time>2026-08-22T09:20:39.821Z</time></trkpt>
      <trkpt lat="24.460622" lon="111.154865"><time>2026-08-22T09:20:39.837Z</time></trkpt>
      <trkpt lat="24.460622" lon="111.154865"><time>2026-08-22T09:20:39.854Z</time></trkpt>
      <trkpt lat="24.460622" lon="111.154865"><time>2026-08-22T09:20:39.871Z</time></trkpt>
      <trkpt lat="24.460619" lon="111.154866"><time>2026-08-22T09:20:39.887Z</time></trkpt>
      <trkpt lat="24.460619" lon="111.154866"><time>2026-08-22T09:20:39.904Z</time></trkpt>
      <trkpt lat="24.460619" lon="111.154866"><time>2026-08-22T09:20:39.921Z</time></trkpt>
      <trkpt lat="24.460619" lon="111.154866"><time>2026-08-22T09:20:39.937Z</time></trkpt>
      <trkpt lat="24.460619" lon="111.154866"><time>2026-08-22T09:20:39.954Z</time></trkpt>
      <trkpt lat="24.460619" lon="111.154866"><time>2026-08-22T09:20:39.971Z</time></trkpt>
      <trkpt lat="24.460616" lon="111.154867"><time>2026-08-22T09:20:39.987Z</time></trkpt>
      <trkpt lat="24.460616" lon="111.154867"><time>2026-08-22T09:20:40.004Z</time></trkpt>
      <trkpt lat="24.460616" lon="111.154867"><time>2026-08-22T09:20:40.021Z</time></trkpt>
      <trkpt lat="24.460616" lon="111.154867"><time>2026-08-22T09:20:40.038Z</time></trkpt>
      <trkpt lat="24.460616" lon="111.154867"><time>2026-08-22T09:20:40.054Z</time></trkpt>
      <trkpt lat="24.460616" lon="111.154867"><time>2026-08-22T09:20:40.071Z</time></trkpt>
      <trkpt lat="24.460614" lon="111.154868"><time>2026-08-22T09:20:40.088Z</time></trkpt>
      <trkpt lat="24.460614" lon="111.154868"><time>2026-08-22T09:20:40.104Z</time></trkpt>
      <trkpt lat="24.460614" lon="111.154868"><time>2026-08-22T09:20:40.121Z</time></trkpt>
      <trkpt lat="24.460614" lon="111.154868"><time>2026-08-22T09:20:40.138Z</time></trkpt>
      <trkpt lat="24.460614" lon="111.154868"><time>2026-08-22T09:20:40.154Z</time></trkpt>
      <trkpt lat="24.460614" lon="111.154868"><time>2026-08-22T09:20:40.171Z</time></trkpt>
      <trkpt lat="24.460611" lon="111.154869"><time>2026-08-22T09:20:40.188Z</time></trkpt>
      <trkpt lat="24.460611" lon="111.154869"><time>2026-08-22T09:20:40.204Z</time></trkpt>
      <trkpt lat="24.460611" lon="111.154869"><time>2026-08-22T09:20:40.221Z</time></trkpt>
      <trkpt lat="24.460611" lon="111.154869"><time>2026-08-22T09:20:40.238Z</time></trkpt>
      <trkpt lat="24.460611" lon="111.154869"><time>2026-08-22T09:20:40.254Z</time></trkpt>
      <trkpt lat="24.460611" lon="111.154869"><time>2026-08-22T09:20:40.271Z</time></trkpt>
      <trkpt lat="24.460608" lon="111.15487"><time>2026-08-22T09:20:40.288Z</time></trkpt>
      <trkpt lat="24.460608" lon="111.15487"><time>2026-08-22T09:20:40.304Z</time></trkpt>
      <trkpt lat="24.460608" lon="111.15487"><time>2026-08-22T09:20:40.321Z</time></trkpt>
      <trkpt lat="24.460608" lon="111.15487"><time>2026-08-22T09:20:40.338Z</time></trkpt>
      <trkpt lat="24.460608" lon="111.15487"><time>2026-08-22T09:20:40.355Z</time></trkpt>
      <trkpt lat="24.460608" lon="111.15487"><time>2026-08-22T09:20:40.371Z</time></trkpt>
      <trkpt lat="24.460606" lon="111.154871"><time>2026-08-22T09:20:40.388Z</time></trkpt>
      <trkpt lat="24.460606" lon="111.154871"><time>2026-08-22T09:20:40.405Z</time></trkpt>
      <trkpt lat="24.460606" lon="111.154871"><time>2026-08-22T09:20:40.421Z</time></trkpt>
      <trkpt lat="24.460606" lon="111.154871"><time>2026-08-22T09:20:40.438Z</time></trkpt>
      <trkpt lat="24.460606" lon="111.154871"><time>2026-08-22T09:20:40.455Z</time></trkpt>
      <trkpt lat="24.460606" lon="111.154871"><time>2026-08-22T09:20:40.471Z</time></trkpt>
      <trkpt lat="24.460603" lon="111.154872"><time>2026-08-22T09:20:40.488Z</time></trkpt>
      <trkpt lat="24.460603" lon="111.154872"><time>2026-08-22T09:20:40.505Z</time></trkpt>
      <trkpt lat="24.460603" lon="111.154872"><time>2026-08-22T09:20:40.521Z</time></trkpt>
      <trkpt lat="24.460603" lon="111.154872"><time>2026-08-22T09:20:40.538Z</time></trkpt>
      <trkpt lat="24.460603" lon="111.154872"><time>2026-08-22T09:20:40.555Z</time></trkpt>
      <trkpt lat="24.460603" lon="111.154872"><time>2026-08-22T09:20:40.571Z</time></trkpt>
      <trkpt lat="24.460601" lon="111.154873"><time>2026-08-22T09:20:40.588Z</time></trkpt>
      <trkpt lat="24.460601" lon="111.154873"><time>2026-08-22T09:20:40.605Z</time></trkpt>
      <trkpt lat="24.460601" lon="111.154873"><time>2026-08-22T09:20:40.621Z</time></trkpt>
      <trkpt lat="24.460601" lon="111.154873"><time>2026-08-22T09:20:40.638Z</time></trkpt>
      <trkpt lat="24.460601" lon="111.154873"><time>2026-08-22T09:20:40.655Z</time></trkpt>
      <trkpt lat="24.460601" lon="111.154873"><time>2026-08-22T09:20:40.672Z</time></trkpt>
      <trkpt lat="24.460598" lon="111.154874"><time>2026-08-22T09:20:40.688Z</time></trkpt>
      <trkpt lat="24.460598" lon="111.154874"><time>2026-08-22T09:20:40.705Z</time></trkpt>
      <trkpt lat="24.460598" lon="111.154874"><time>2026-08-22T09:20:40.722Z</time></trkpt>
      <trkpt lat="24.460598" lon="111.154874"><time>2026-08-22T09:20:40.738Z</time></trkpt>
      <trkpt lat="24.460598" lon="111.154874"><time>2026-08-22T09:20:40.755Z</time></trkpt>
      <trkpt lat="24.460598" lon="111.154874"><time>2026-08-22T09:20:40.772Z</time></trkpt>
      <trkpt lat="24.460596" lon="111.154875"><time>2026-08-22T09:20:40.788Z</time></trkpt>
      <trkpt lat="24.460596" lon="111.154875"><time>2026-08-22T09:20:40.805Z</time></trkpt>
      <trkpt lat="24.460596" lon="111.154875"><time>2026-08-22T09:20:40.822Z</time></trkpt>
      <trkpt lat="24.460596" lon="111.154875"><time>2026-08-22T09:20:40.838Z</time></trkpt>
      <trkpt lat="24.460596" lon="111.154875"><time>2026-08-22T09:20:40.855Z</time></trkpt>
      <trkpt lat="24.460596" lon="111.154875"><time>2026-08-22T09:20:40.872Z</time></trkpt>
      <trkpt lat="24.460594" lon="111.154876"><time>2026-08-22T09:20:40.888Z</time></trkpt>
      <trkpt lat="24.460594" lon="111.154876"><time>2026-08-22T09:20:40.905Z</time></trkpt>
      <trkpt lat="24.460594" lon="111.154876"><time>2026-08-22T09:20:40.922Z</time></trkpt>
      <trkpt lat="24.460594" lon="111.154876"><time>2026-08-22T09:20:40.938Z</time></trkpt>
      <trkpt lat="24.460594" lon="111.154876"><time>2026-08-22T09:20:40.955Z</time></trkpt>
      <trkpt lat="24.460594" lon="111.154876"><time>2026-08-22T09:20:40.972Z</time></trkpt>
      <trkpt lat="24.460592" lon="111.154878"><time>2026-08-22T09:20:40.989Z</time></trkpt>
      <trkpt lat="24.460592" lon="111.154878"><time>2026-08-22T09:20:41.005Z</time></trkpt>
      <trkpt lat="24.460592" lon="111.154878"><time>2026-08-22T09:20:41.022Z</time></trkpt>
      <trkpt lat="24.460592" lon="111.154878"><time>2026-08-22T09:20:41.039Z</time></trkpt>
      <trkpt lat="24.460592" lon="111.154878"><time>2026-08-22T09:20:41.055Z</time></trkpt>
      <trkpt lat="24.460592" lon="111.154878"><time>2026-08-22T09:20:41.072Z</time></trkpt>
      <trkpt lat="24.460589" lon="111.154879"><time>2026-08-22T09:20:41.089Z</time></trkpt>
      <trkpt lat="24.460589" lon="111.154879"><time>2026-08-22T09:20:41.105Z</time></trkpt>
      <trkpt lat="24.460589" lon="111.154879"><time>2026-08-22T09:20:41.122Z</time></trkpt>
      <trkpt lat="24.460589" lon="111.154879"><time>2026-08-22T09:20:41.139Z</time></trkpt>
      <trkpt lat="24.460589" lon="111.154879"><time>2026-08-22T09:20:41.155Z</time></trkpt>
      <trkpt lat="24.460589" lon="111.154879"><time>2026-08-22T09:20:41.172Z</time></trkpt>
      <trkpt lat="24.460587" lon="111.15488"><time>2026-08-22T09:20:41.189Z</time></trkpt>
      <trkpt lat="24.460587" lon="111.15488"><time>2026-08-22T09:20:41.205Z</time></trkpt>
      <trkpt lat="24.460587" lon="111.15488"><time>2026-08-22T09:20:41.222Z</time></trkpt>
      <trkpt lat="24.460587" lon="111.15488"><time>2026-08-22T09:20:41.239Z</time></trkpt>
      <trkpt lat="24.460587" lon="111.15488"><time>2026-08-22T09:20:41.255Z</time></trkpt>
      <trkpt lat="24.460587" lon="111.15488"><time>2026-08-22T09:20:41.272Z</time></trkpt>
      <trkpt lat="24.460585" lon="111.154882"><time>2026-08-22T09:20:41.289Z</time></trkpt>
      <trkpt lat="24.460585" lon="111.154882"><time>2026-08-22T09:20:41.306Z</time></trkpt>
      <trkpt lat="24.460585" lon="111.154882"><time>2026-08-22T09:20:41.322Z</time></trkpt>
      <trkpt lat="24.460585" lon="111.154882"><time>2026-08-22T09:20:41.339Z</time></trkpt>
      <trkpt lat="24.460585" lon="111.154882"><time>2026-08-22T09:20:41.356Z</time></trkpt>
      <trkpt lat="24.460585" lon="111.154882"><time>2026-08-22T09:20:41.372Z</time></trkpt>
      <trkpt lat="24.460583" lon="111.154883"><time>2026-08-22T09:20:41.389Z</time></trkpt>
      <trkpt lat="24.460583" lon="111.154883"><time>2026-08-22T09:20:41.406Z</time></trkpt>
      <trkpt lat="24.460583" lon="111.154883"><time>2026-08-22T09:20:41.422Z</time></trkpt>
      <trkpt lat="24.460583" lon="111.154883"><time>2026-08-22T09:20:41.439Z</time></trkpt>
      <trkpt lat="24.460583" lon="111.154883"><time>2026-08-22T09:20:41.456Z</time></trkpt>
      <trkpt lat="24.460583" lon="111.154883"><time>2026-08-22T09:20:41.472Z</time></trkpt>
      <trkpt lat="24.460581" lon="111.154885"><time>2026-08-22T09:20:41.489Z</time></trkpt>
      <trkpt lat="24.460581" lon="111.154885"><time>2026-08-22T09:20:41.506Z</time></trkpt>
      <trkpt lat="24.460581" lon="111.154885"><time>2026-08-22T09:20:41.522Z</time></trkpt>
      <trkpt lat="24.460581" lon="111.154885"><time>2026-08-22T09:20:41.539Z</time></trkpt>
      <trkpt lat="24.460581" lon="111.154885"><time>2026-08-22T09:20:41.556Z</time></trkpt>
      <trkpt lat="24.460581" lon="111.154885"><time>2026-08-22T09:20:41.572Z</time></trkpt>
      <trkpt lat="24.460578" lon="111.154886"><time>2026-08-22T09:20:41.589Z</time></trkpt>
      <trkpt lat="24.460578" lon="111.154886"><time>2026-08-22T09:20:41.606Z</time></trkpt>
      <trkpt lat="24.460578" lon="111.154886"><time>2026-08-22T09:20:41.623Z</time></trkpt>
      <trkpt lat="24.460578" lon="111.154886"><time>2026-08-22T09:20:41.639Z</time></trkpt>
      <trkpt lat="24.460578" lon="111.154886"><time>2026-08-22T09:20:41.656Z</time></trkpt>
      <trkpt lat="24.460578" lon="111.154886"><time>2026-08-22T09:20:41.673Z</time></trkpt>
      <trkpt lat="24.460576" lon="111.154888"><time>2026-08-22T09:20:41.689Z</time></trkpt>
      <trkpt lat="24.460576" lon="111.154888"><time>2026-08-22T09:20:41.706Z</time></trkpt>
      <trkpt lat="24.460576" lon="111.154888"><time>2026-08-22T09:20:41.723Z</time></trkpt>
      <trkpt lat="24.460576" lon="111.154888"><time>2026-08-22T09:20:41.739Z</time></trkpt>
      <trkpt lat="24.460576" lon="111.154888"><time>2026-08-22T09:20:41.756Z</time></trkpt>
      <trkpt lat="24.460576" lon="111.154888"><time>2026-08-22T09:20:41.773Z</time></trkpt>
      <trkpt lat="24.460573" lon="111.15489"><time>2026-08-22T09:20:41.789Z</time></trkpt>
      <trkpt lat="24.460573" lon="111.15489"><time>2026-08-22T09:20:41.806Z</time></trkpt>
      <trkpt lat="24.460573" lon="111.15489"><time>2026-08-22T09:20:41.823Z</time></trkpt>
      <trkpt lat="24.460573" lon="111.15489"><time>2026-08-22T09:20:41.839Z</time></trkpt>
      <trkpt lat="24.460573" lon="111.15489"><time>2026-08-22T09:20:41.856Z</time></trkpt>
      <trkpt lat="24.460573" lon="111.15489"><time>2026-08-22T09:20:41.873Z</time></trkpt>
      <trkpt lat="24.460571" lon="111.154891"><time>2026-08-22T09:20:41.889Z</time></trkpt>
      <trkpt lat="24.460571" lon="111.154891"><time>2026-08-22T09:20:41.906Z</time></trkpt>
      <trkpt lat="24.460571" lon="111.154891"><time>2026-08-22T09:20:41.923Z</time></trkpt>
      <trkpt lat="24.460571" lon="111.154891"><time>2026-08-22T09:20:41.940Z</time></trkpt>
      <trkpt lat="24.460571" lon="111.154891"><time>2026-08-22T09:20:41.956Z</time></trkpt>
      <trkpt lat="24.460571" lon="111.154891"><time>2026-08-22T09:20:41.973Z</time></trkpt>
      <trkpt lat="24.460568" lon="111.154893"><time>2026-08-22T09:20:41.990Z</time></trkpt>
      <trkpt lat="24.460568" lon="111.154893"><time>2026-08-22T09:20:42.006Z</time></trkpt>
      <trkpt lat="24.460568" lon="111.154893"><time>2026-08-22T09:20:42.023Z</time></trkpt>
      <trkpt lat="24.460568" lon="111.154893"><time>2026-08-22T09:20:42.040Z</time></trkpt>
      <trkpt lat="24.460568" lon="111.154893"><time>2026-08-22T09:20:42.056Z</time></trkpt>
      <trkpt lat="24.460568" lon="111.154893"><time>2026-08-22T09:20:42.073Z</time></trkpt>
      <trkpt lat="24.460565" lon="111.154894"><time>2026-08-22T09:20:42.090Z</time></trkpt>
      <trkpt lat="24.460565" lon="111.154894"><time>2026-08-22T09:20:42.106Z</time></trkpt>
      <trkpt lat="24.460565" lon="111.154894"><time>2026-08-22T09:20:42.123Z</time></trkpt>
      <trkpt lat="24.460565" lon="111.154894"><time>2026-08-22T09:20:42.140Z</time></trkpt>
      <trkpt lat="24.460565" lon="111.154894"><time>2026-08-22T09:20:42.156Z</time></trkpt>
      <trkpt lat="24.460565" lon="111.154894"><time>2026-08-22T09:20:42.173Z</time></trkpt>
      <trkpt lat="24.460562" lon="111.154896"><time>2026-08-22T09:20:42.190Z</time></trkpt>
      <trkpt lat="24.460562" lon="111.154896"><time>2026-08-22T09:20:42.206Z</time></trkpt>
      <trkpt lat="24.460562" lon="111.154896"><time>2026-08-22T09:20:42.223Z</time></trkpt>
      <trkpt lat="24.460562" lon="111.154896"><time>2026-08-22T09:20:42.240Z</time></trkpt>
      <trkpt lat="24.460562" lon="111.154896"><time>2026-08-22T09:20:42.257Z</time></trkpt>
      <trkpt lat="24.460562" lon="111.154896"><time>2026-08-22T09:20:42.273Z</time></trkpt>
      <trkpt lat="24.460559" lon="111.154897"><time>2026-08-22T09:20:42.290Z</time></trkpt>
      <trkpt lat="24.460559" lon="111.154897"><time>2026-08-22T09:20:42.307Z</time></trkpt>
      <trkpt lat="24.460559" lon="111.154897"><time>2026-08-22T09:20:42.323Z</time></trkpt>
      <trkpt lat="24.460559" lon="111.154897"><time>2026-08-22T09:20:42.340Z</time></trkpt>
      <trkpt lat="24.460559" lon="111.154897"><time>2026-08-22T09:20:42.357Z</time></trkpt>
      <trkpt lat="24.460559" lon="111.154897"><time>2026-08-22T09:20:42.373Z</time></trkpt>
      <trkpt lat="24.460556" lon="111.154899"><time>2026-08-22T09:20:42.390Z</time></trkpt>
      <trkpt lat="24.460556" lon="111.154899"><time>2026-08-22T09:20:42.407Z</time></trkpt>
      <trkpt lat="24.460556" lon="111.154899"><time>2026-08-22T09:20:42.423Z</time></trkpt>
      <trkpt lat="24.460556" lon="111.154899"><time>2026-08-22T09:20:42.440Z</time></trkpt>
      <trkpt lat="24.460556" lon="111.154899"><time>2026-08-22T09:20:42.457Z</time></trkpt>
      <trkpt lat="24.460556" lon="111.154899"><time>2026-08-22T09:20:42.473Z</time></trkpt>
      <trkpt lat="24.460553" lon="111.1549"><time>2026-08-22T09:20:42.490Z</time></trkpt>
      <trkpt lat="24.460553" lon="111.1549"><time>2026-08-22T09:20:42.507Z</time></trkpt>
      <trkpt lat="24.460553" lon="111.1549"><time>2026-08-22T09:20:42.523Z</time></trkpt>
      <trkpt lat="24.460553" lon="111.1549"><time>2026-08-22T09:20:42.540Z</time></trkpt>
      <trkpt lat="24.460553" lon="111.1549"><time>2026-08-22T09:20:42.557Z</time></trkpt>
      <trkpt lat="24.460553" lon="111.1549"><time>2026-08-22T09:20:42.574Z</time></trkpt>
      <trkpt lat="24.46055" lon="111.154902"><time>2026-08-22T09:20:42.590Z</time></trkpt>
      <trkpt lat="24.46055" lon="111.154902"><time>2026-08-22T09:20:42.607Z</time></trkpt>
      <trkpt lat="24.46055" lon="111.154902"><time>2026-08-22T09:20:42.624Z</time></trkpt>
      <trkpt lat="24.46055" lon="111.154902"><time>2026-08-22T09:20:42.640Z</time></trkpt>
      <trkpt lat="24.46055" lon="111.154902"><time>2026-08-22T09:20:42.657Z</time></trkpt>
      <trkpt lat="24.46055" lon="111.154902"><time>2026-08-22T09:20:42.674Z</time></trkpt>
      <trkpt lat="24.460546" lon="111.154903"><time>2026-08-22T09:20:42.690Z</time></trkpt>
      <trkpt lat="24.460546" lon="111.154903"><time>2026-08-22T09:20:42.707Z</time></trkpt>
      <trkpt lat="24.460546" lon="111.154903"><time>2026-08-22T09:20:42.724Z</time></trkpt>
      <trkpt lat="24.460546" lon="111.154903"><time>2026-08-22T09:20:42.740Z</time></trkpt>
      <trkpt lat="24.460546" lon="111.154903"><time>2026-08-22T09:20:42.757Z</time></trkpt>
      <trkpt lat="24.460546" lon="111.154903"><time>2026-08-22T09:20:42.774Z</time></trkpt>
      <trkpt lat="24.460543" lon="111.154904"><time>2026-08-22T09:20:42.790Z</time></trkpt>
      <trkpt lat="24.460543" lon="111.154904"><time>2026-08-22T09:20:42.807Z</time></trkpt>
      <trkpt lat="24.460543" lon="111.154904"><time>2026-08-22T09:20:42.824Z</time></trkpt>
      <trkpt lat="24.460543" lon="111.154904"><time>2026-08-22T09:20:42.840Z</time></trkpt>
      <trkpt lat="24.460543" lon="111.154904"><time>2026-08-22T09:20:42.857Z</time></trkpt>
      <trkpt lat="24.460543" lon="111.154904"><time>2026-08-22T09:20:42.874Z</time></trkpt>
      <trkpt lat="24.460539" lon="111.154906"><time>2026-08-22T09:20:42.891Z</time></trkpt>
      <trkpt lat="24.460539" lon="111.154906"><time>2026-08-22T09:20:42.907Z</time></trkpt>
      <trkpt lat="24.460539" lon="111.154906"><time>2026-08-22T09:20:42.924Z</time></trkpt>
      <trkpt lat="24.460539" lon="111.154906"><time>2026-08-22T09:20:42.941Z</time></trkpt>
      <trkpt lat="24.460539" lon="111.154906"><time>2026-08-22T09:20:42.957Z</time></trkpt>
      <trkpt lat="24.460539" lon="111.154906"><time>2026-08-22T09:20:42.974Z</time></trkpt>
      <trkpt lat="24.460535" lon="111.154907"><time>2026-08-22T09:20:42.991Z</time></trkpt>
      <trkpt lat="24.460535" lon="111.154907"><time>2026-08-22T09:20:43.007Z</time></trkpt>
      <trkpt lat="24.460535" lon="111.154907"><time>2026-08-22T09:20:43.024Z</time></trkpt>
      <trkpt lat="24.460535" lon="111.154907"><time>2026-08-22T09:20:43.041Z</time></trkpt>
      <trkpt lat="24.460535" lon="111.154907"><time>2026-08-22T09:20:43.057Z</time></trkpt>
      <trkpt lat="24.460535" lon="111.154907"><time>2026-08-22T09:20:43.074Z</time></trkpt>
      <trkpt lat="24.460531" lon="111.154908"><time>2026-08-22T09:20:43.091Z</time></trkpt>
      <trkpt lat="24.460531" lon="111.154908"><time>2026-08-22T09:20:43.107Z</time></trkpt>
      <trkpt lat="24.460531" lon="111.154908"><time>2026-08-22T09:20:43.124Z</time></trkpt>
      <trkpt lat="24.460531" lon="111.154908"><time>2026-08-22T09:20:43.141Z</time></trkpt>
      <trkpt lat="24.460531" lon="111.154908"><time>2026-08-22T09:20:43.157Z</time></trkpt>
      <trkpt lat="24.460531" lon="111.154908"><time>2026-08-22T09:20:43.174Z</time></trkpt>
      <trkpt lat="24.460527" lon="111.15491"><time>2026-08-22T09:20:43.191Z</time></trkpt>
      <trkpt lat="24.460527" lon="111.15491"><time>2026-08-22T09:20:43.208Z</time></trkpt>
      <trkpt lat="24.460527" lon="111.15491"><time>2026-08-22T09:20:43.224Z</time></trkpt>
      <trkpt lat="24.460527" lon="111.15491"><time>2026-08-22T09:20:43.241Z</time></trkpt>
      <trkpt lat="24.460527" lon="111.15491"><time>2026-08-22T09:20:43.258Z</time></trkpt>
      <trkpt lat="24.460527" lon="111.15491"><time>2026-08-22T09:20:43.274Z</time></trkpt>
      <trkpt lat="24.460523" lon="111.154911"><time>2026-08-22T09:20:43.291Z</time></trkpt>
      <trkpt lat="24.460523" lon="111.154911"><time>2026-08-22T09:20:43.308Z</time></trkpt>
      <trkpt lat="24.460523" lon="111.154911"><time>2026-08-22T09:20:43.324Z</time></trkpt>
      <trkpt lat="24.460523" lon="111.154911"><time>2026-08-22T09:20:43.341Z</time></trkpt>
      <trkpt lat="24.460523" lon="111.154911"><time>2026-08-22T09:20:43.358Z</time></trkpt>
      <trkpt lat="24.460523" lon="111.154911"><time>2026-08-22T09:20:43.374Z</time></trkpt>
      <trkpt lat="24.460519" lon="111.154912"><time>2026-08-22T09:20:43.391Z</time></trkpt>
      <trkpt lat="24.460519" lon="111.154912"><time>2026-08-22T09:20:43.408Z</time></trkpt>
      <trkpt lat="24.460519" lon="111.154912"><time>2026-08-22T09:20:43.424Z</time></trkpt>
      <trkpt lat="24.460519" lon="111.154912"><time>2026-08-22T09:20:43.441Z</time></trkpt>
      <trkpt lat="24.460519" lon="111.154912"><time>2026-08-22T09:20:43.458Z</time></trkpt>
      <trkpt lat="24.460519" lon="111.154912"><time>2026-08-22T09:20:43.474Z</time></trkpt>
      <trkpt lat="24.460515" lon="111.154914"><time>2026-08-22T09:20:43.491Z</time></trkpt>
      <trkpt lat="24.460515" lon="111.154914"><time>2026-08-22T09:20:43.508Z</time></trkpt>
      <trkpt lat="24.460515" lon="111.154914"><time>2026-08-22T09:20:43.524Z</time></trkpt>
      <trkpt lat="24.460515" lon="111.154914"><time>2026-08-22T09:20:43.541Z</time></trkpt>
      <trkpt lat="24.460515" lon="111.154914"><time>2026-08-22T09:20:43.558Z</time></trkpt>
      <trkpt lat="24.460515" lon="111.154914"><time>2026-08-22T09:20:43.575Z</time></trkpt>
      <trkpt lat="24.460511" lon="111.154915"><time>2026-08-22T09:20:43.591Z</time></trkpt>
      <trkpt lat="24.460511" lon="111.154915"><time>2026-08-22T09:20:43.608Z</time></trkpt>
      <trkpt lat="24.460511" lon="111.154915"><time>2026-08-22T09:20:43.625Z</time></trkpt>
      <trkpt lat="24.460511" lon="111.154915"><time>2026-08-22T09:20:43.641Z</time></trkpt>
      <trkpt lat="24.460511" lon="111.154915"><time>2026-08-22T09:20:43.658Z</time></trkpt>
      <trkpt lat="24.460511" lon="111.154915"><time>2026-08-22T09:20:43.675Z</time></trkpt>
      <trkpt lat="24.460507" lon="111.154916"><time>2026-08-22T09:20:43.691Z</time></trkpt>
      <trkpt lat="24.460507" lon="111.154916"><time>2026-08-22T09:20:43.708Z</time></trkpt>
      <trkpt lat="24.460507" lon="111.154916"><time>2026-08-22T09:20:43.725Z</time></trkpt>
      <trkpt lat="24.460507" lon="111.154916"><time>2026-08-22T09:20:43.741Z</time></trkpt>
      <trkpt lat="24.460507" lon="111.154916"><time>2026-08-22T09:20:43.758Z</time></trkpt>
      <trkpt lat="24.460507" lon="111.154916"><time>2026-08-22T09:20:43.775Z</time></trkpt>
      <trkpt lat="24.460503" lon="111.154918"><time>2026-08-22T09:20:43.791Z</time></trkpt>
      <trkpt lat="24.460503" lon="111.154918"><time>2026-08-22T09:20:43.808Z</time></trkpt>
      <trkpt lat="24.460503" lon="111.154918"><time>2026-08-22T09:20:43.825Z</time></trkpt>
      <trkpt lat="24.460503" lon="111.154918"><time>2026-08-22T09:20:43.841Z</time></trkpt>
      <trkpt lat="24.460503" lon="111.154918"><time>2026-08-22T09:20:43.858Z</time></trkpt>
      <trkpt lat="24.460503" lon="111.154918"><time>2026-08-22T09:20:43.875Z</time></trkpt>
      <trkpt lat="24.460499" lon="111.154919"><time>2026-08-22T09:20:43.892Z</time></trkpt>
      <trkpt lat="24.460499" lon="111.154919"><time>2026-08-22T09:20:43.908Z</time></trkpt>
      <trkpt lat="24.460499" lon="111.154919"><time>2026-08-22T09:20:43.925Z</time></trkpt>
      <trkpt lat="24.460499" lon="111.154919"><time>2026-08-22T09:20:43.942Z</time></trkpt>
      <trkpt lat="24.460499" lon="111.154919"><time>2026-08-22T09:20:43.958Z</time></trkpt>
      <trkpt lat="24.460499" lon="111.154919"><time>2026-08-22T09:20:43.975Z</time></trkpt>
      <trkpt lat="24.460495" lon="111.15492"><time>2026-08-22T09:20:43.992Z</time></trkpt>
      <trkpt lat="24.460495" lon="111.15492"><time>2026-08-22T09:20:44.008Z</time></trkpt>
      <trkpt lat="24.460495" lon="111.15492"><time>2026-08-22T09:20:44.025Z</time></trkpt>
      <trkpt lat="24.460495" lon="111.15492"><time>2026-08-22T09:20:44.042Z</time></trkpt>
      <trkpt lat="24.460495" lon="111.15492"><time>2026-08-22T09:20:44.058Z</time></trkpt>
      <trkpt lat="24.460495" lon="111.15492"><time>2026-08-22T09:20:44.075Z</time></trkpt>
      <trkpt lat="24.460491" lon="111.154922"><time>2026-08-22T09:20:44.092Z</time></trkpt>
      <trkpt lat="24.460491" lon="111.154922"><time>2026-08-22T09:20:44.108Z</time></trkpt>
      <trkpt lat="24.460491" lon="111.154922"><time>2026-08-22T09:20:44.125Z</time></trkpt>
      <trkpt lat="24.460491" lon="111.154922"><time>2026-08-22T09:20:44.142Z</time></trkpt>
      <trkpt lat="24.460491" lon="111.154922"><time>2026-08-22T09:20:44.158Z</time></trkpt>
      <trkpt lat="24.460491" lon="111.154922"><time>2026-08-22T09:20:44.175Z</time></trkpt>
      <trkpt lat="24.460487" lon="111.154923"><time>2026-08-22T09:20:44.192Z</time></trkpt>
      <trkpt lat="24.460487" lon="111.154923"><time>2026-08-22T09:20:44.209Z</time></trkpt>
      <trkpt lat="24.460487" lon="111.154923"><time>2026-08-22T09:20:44.225Z</time></trkpt>
      <trkpt lat="24.460487" lon="111.154923"><time>2026-08-22T09:20:44.242Z</time></trkpt>
      <trkpt lat="24.460487" lon="111.154923"><time>2026-08-22T09:20:44.259Z</time></trkpt>
      <trkpt lat="24.460487" lon="111.154923"><time>2026-08-22T09:20:44.275Z</time></trkpt>
      <trkpt lat="24.460483" lon="111.154924"><time>2026-08-22T09:20:44.292Z</time></trkpt>
      <trkpt lat="24.460483" lon="111.154924"><time>2026-08-22T09:20:44.309Z</time></trkpt>
      <trkpt lat="24.460483" lon="111.154924"><time>2026-08-22T09:20:44.325Z</time></trkpt>
      <trkpt lat="24.460483" lon="111.154924"><time>2026-08-22T09:20:44.342Z</time></trkpt>
      <trkpt lat="24.460483" lon="111.154924"><time>2026-08-22T09:20:44.359Z</time></trkpt>
      <trkpt lat="24.460483" lon="111.154924"><time>2026-08-22T09:20:44.375Z</time></trkpt>
      <trkpt lat="24.460478" lon="111.154926"><time>2026-08-22T09:20:44.392Z</time></trkpt>
      <trkpt lat="24.460478" lon="111.154926"><time>2026-08-22T09:20:44.409Z</time></trkpt>
      <trkpt lat="24.460478" lon="111.154926"><time>2026-08-22T09:20:44.425Z</time></trkpt>
      <trkpt lat="24.460478" lon="111.154926"><time>2026-08-22T09:20:44.442Z</time></trkpt>
      <trkpt lat="24.460478" lon="111.154926"><time>2026-08-22T09:20:44.459Z</time></trkpt>
      <trkpt lat="24.460478" lon="111.154926"><time>2026-08-22T09:20:44.475Z</time></trkpt>
      <trkpt lat="24.460474" lon="111.154928"><time>2026-08-22T09:20:44.492Z</time></trkpt>
      <trkpt lat="24.460474" lon="111.154928"><time>2026-08-22T09:20:44.509Z</time></trkpt>
      <trkpt lat="24.460474" lon="111.154928"><time>2026-08-22T09:20:44.526Z</time></trkpt>
      <trkpt lat="24.460474" lon="111.154928"><time>2026-08-22T09:20:44.542Z</time></trkpt>
      <trkpt lat="24.460474" lon="111.154928"><time>2026-08-22T09:20:44.559Z</time></trkpt>
      <trkpt lat="24.460474" lon="111.154928"><time>2026-08-22T09:20:44.576Z</time></trkpt>
      <trkpt lat="24.46047" lon="111.154929"><time>2026-08-22T09:20:44.592Z</time></trkpt>
      <trkpt lat="24.46047" lon="111.154929"><time>2026-08-22T09:20:44.609Z</time></trkpt>
      <trkpt lat="24.46047" lon="111.154929"><time>2026-08-22T09:20:44.626Z</time></trkpt>
      <trkpt lat="24.46047" lon="111.154929"><time>2026-08-22T09:20:44.642Z</time></trkpt>
      <trkpt lat="24.46047" lon="111.154929"><time>2026-08-22T09:20:44.659Z</time></trkpt>
      <trkpt lat="24.46047" lon="111.154929"><time>2026-08-22T09:20:44.676Z</time></trkpt>
      <trkpt lat="24.460465" lon="111.154931"><time>2026-08-22T09:20:44.692Z</time></trkpt>
      <trkpt lat="24.460465" lon="111.154931"><time>2026-08-22T09:20:44.709Z</time></trkpt>
      <trkpt lat="24.460465" lon="111.154931"><time>2026-08-22T09:20:44.726Z</time></trkpt>
      <trkpt lat="24.460465" lon="111.154931"><time>2026-08-22T09:20:44.742Z</time></trkpt>
      <trkpt lat="24.460465" lon="111.154931"><time>2026-08-22T09:20:44.759Z</time></trkpt>
      <trkpt lat="24.460465" lon="111.154931"><time>2026-08-22T09:20:44.776Z</time></trkpt>
      <trkpt lat="24.460461" lon="111.154933"><time>2026-08-22T09:20:44.792Z</time></trkpt>
      <trkpt lat="24.460461" lon="111.154933"><time>2026-08-22T09:20:44.809Z</time></trkpt>
      <trkpt lat="24.460461" lon="111.154933"><time>2026-08-22T09:20:44.826Z</time></trkpt>
      <trkpt lat="24.460461" lon="111.154933"><time>2026-08-22T09:20:44.843Z</time></trkpt>
      <trkpt lat="24.460461" lon="111.154933"><time>2026-08-22T09:20:44.859Z</time></trkpt>
      <trkpt lat="24.460461" lon="111.154933"><time>2026-08-22T09:20:44.876Z</time></trkpt>
      <trkpt lat="24.460456" lon="111.154936"><time>2026-08-22T09:20:44.893Z</time></trkpt>
      <trkpt lat="24.460456" lon="111.154936"><time>2026-08-22T09:20:44.909Z</time></trkpt>
      <trkpt lat="24.460456" lon="111.154936"><time>2026-08-22T09:20:44.926Z</time></trkpt>
      <trkpt lat="24.460456" lon="111.154936"><time>2026-08-22T09:20:44.943Z</time></trkpt>
      <trkpt lat="24.460456" lon="111.154936"><time>2026-08-22T09:20:44.959Z</time></trkpt>
      <trkpt lat="24.460456" lon="111.154936"><time>2026-08-22T09:20:44.976Z</time></trkpt>
      <trkpt lat="24.460452" lon="111.154938"><time>2026-08-22T09:20:44.993Z</time></trkpt>
      <trkpt lat="24.460452" lon="111.154938"><time>2026-08-22T09:20:45.009Z</time></trkpt>
      <trkpt lat="24.460452" lon="111.154938"><time>2026-08-22T09:20:45.026Z</time></trkpt>
      <trkpt lat="24.460452" lon="111.154938"><time>2026-08-22T09:20:45.043Z</time></trkpt>
      <trkpt lat="24.460452" lon="111.154938"><time>2026-08-22T09:20:45.059Z</time></trkpt>
      <trkpt lat="24.460452" lon="111.154938"><time>2026-08-22T09:20:45.076Z</time></trkpt>
      <trkpt lat="24.460447" lon="111.154941"><time>2026-08-22T09:20:45.093Z</time></trkpt>
      <trkpt lat="24.460447" lon="111.154941"><time>2026-08-22T09:20:45.109Z</time></trkpt>
      <trkpt lat="24.460447" lon="111.154941"><time>2026-08-22T09:20:45.126Z</time></trkpt>
      <trkpt lat="24.460447" lon="111.154941"><time>2026-08-22T09:20:45.143Z</time></trkpt>
      <trkpt lat="24.460447" lon="111.154941"><time>2026-08-22T09:20:45.160Z</time></trkpt>
      <trkpt lat="24.460447" lon="111.154941"><time>2026-08-22T09:20:45.176Z</time></trkpt>
      <trkpt lat="24.460442" lon="111.154944"><time>2026-08-22T09:20:45.193Z</time></trkpt>
      <trkpt lat="24.460442" lon="111.154944"><time>2026-08-22T09:20:45.210Z</time></trkpt>
      <trkpt lat="24.460442" lon="111.154944"><time>2026-08-22T09:20:45.226Z</time></trkpt>
      <trkpt lat="24.460442" lon="111.154944"><time>2026-08-22T09:20:45.243Z</time></trkpt>
      <trkpt lat="24.460442" lon="111.154944"><time>2026-08-22T09:20:45.260Z</time></trkpt>
      <trkpt lat="24.460442" lon="111.154944"><time>2026-08-22T09:20:45.276Z</time></trkpt>
      <trkpt lat="24.460437" lon="111.154947"><time>2026-08-22T09:20:45.293Z</time></trkpt>
      <trkpt lat="24.460437" lon="111.154947"><time>2026-08-22T09:20:45.310Z</time></trkpt>
      <trkpt lat="24.460437" lon="111.154947"><time>2026-08-22T09:20:45.326Z</time></trkpt>
      <trkpt lat="24.460437" lon="111.154947"><time>2026-08-22T09:20:45.343Z</time></trkpt>
      <trkpt lat="24.460437" lon="111.154947"><time>2026-08-22T09:20:45.360Z</time></trkpt>
      <trkpt lat="24.460437" lon="111.154947"><time>2026-08-22T09:20:45.376Z</time></trkpt>
      <trkpt lat="24.460432" lon="111.15495"><time>2026-08-22T09:20:45.393Z</time></trkpt>
      <trkpt lat="24.460432" lon="111.15495"><time>2026-08-22T09:20:45.410Z</time></trkpt>
      <trkpt lat="24.460432" lon="111.15495"><time>2026-08-22T09:20:45.426Z</time></trkpt>
      <trkpt lat="24.460432" lon="111.15495"><time>2026-08-22T09:20:45.443Z</time></trkpt>
      <trkpt lat="24.460432" lon="111.15495"><time>2026-08-22T09:20:45.460Z</time></trkpt>
      <trkpt lat="24.460432" lon="111.15495"><time>2026-08-22T09:20:45.477Z</time></trkpt>
      <trkpt lat="24.460427" lon="111.154953"><time>2026-08-22T09:20:45.493Z</time></trkpt>
      <trkpt lat="24.460427" lon="111.154953"><time>2026-08-22T09:20:45.510Z</time></trkpt>
      <trkpt lat="24.460427" lon="111.154953"><time>2026-08-22T09:20:45.527Z</time></trkpt>
      <trkpt lat="24.460427" lon="111.154953"><time>2026-08-22T09:20:45.543Z</time></trkpt>
      <trkpt lat="24.460427" lon="111.154953"><time>2026-08-22T09:20:45.560Z</time></trkpt>
      <trkpt lat="24.460427" lon="111.154953"><time>2026-08-22T09:20:45.577Z</time></trkpt>
      <trkpt lat="24.460421" lon="111.154957"><time>2026-08-22T09:20:45.593Z</time></trkpt>
      <trkpt lat="24.460421" lon="111.154957"><time>2026-08-22T09:20:45.610Z</time></trkpt>
      <trkpt lat="24.460421" lon="111.154957"><time>2026-08-22T09:20:45.627Z</time></trkpt>
      <trkpt lat="24.460421" lon="111.154957"><time>2026-08-22T09:20:45.643Z</time></trkpt>
      <trkpt lat="24.460421" lon="111.154957"><time>2026-08-22T09:20:45.660Z</time></trkpt>
      <trkpt lat="24.460421" lon="111.154957"><time>2026-08-22T09:20:45.677Z</time></trkpt>
      <trkpt lat="24.460415" lon="111.15496"><time>2026-08-22T09:20:45.693Z</time></trkpt>
      <trkpt lat="24.460415" lon="111.15496"><time>2026-08-22T09:20:45.710Z</time></trkpt>
      <trkpt lat="24.460415" lon="111.15496"><time>2026-08-22T09:20:45.727Z</time></trkpt>
      <trkpt lat="24.460415" lon="111.15496"><time>2026-08-22T09:20:45.743Z</time></trkpt>
      <trkpt lat="24.460415" lon="111.15496"><time>2026-08-22T09:20:45.760Z</time></trkpt>
      <trkpt lat="24.460415" lon="111.15496"><time>2026-08-22T09:20:45.777Z</time></trkpt>
      <trkpt lat="24.460409" lon="111.154964"><time>2026-08-22T09:20:45.794Z</time></trkpt>
      <trkpt lat="24.460409" lon="111.154964"><time>2026-08-22T09:20:45.810Z</time></trkpt>
      <trkpt lat="24.460409" lon="111.154964"><time>2026-08-22T09:20:45.827Z</time></trkpt>
      <trkpt lat="24.460409" lon="111.154964"><time>2026-08-22T09:20:45.844Z</time></trkpt>
      <trkpt lat="24.460409" lon="111.154964"><time>2026-08-22T09:20:45.860Z</time></trkpt>
      <trkpt lat="24.460409" lon="111.154964"><time>2026-08-22T09:20:45.877Z</time></trkpt>
      <trkpt lat="24.460403" lon="111.154967"><time>2026-08-22T09:20:45.894Z</time></trkpt>
      <trkpt lat="24.460403" lon="111.154967"><time>2026-08-22T09:20:45.910Z</time></trkpt>
      <trkpt lat="24.460403" lon="111.154967"><time>2026-08-22T09:20:45.927Z</time></trkpt>
      <trkpt lat="24.460403" lon="111.154967"><time>2026-08-22T09:20:45.944Z</time></trkpt>
      <trkpt lat="24.460403" lon="111.154967"><time>2026-08-22T09:20:45.960Z</time></trkpt>
      <trkpt lat="24.460403" lon="111.154967"><time>2026-08-22T09:20:45.977Z</time></trkpt>
      <trkpt lat="24.460397" lon="111.154971"><time>2026-08-22T09:20:45.994Z</time></trkpt>
      <trkpt lat="24.460397" lon="111.154971"><time>2026-08-22T09:20:46.010Z</time></trkpt>
      <trkpt lat="24.460397" lon="111.154971"><time>2026-08-22T09:20:46.027Z</time></trkpt>
      <trkpt lat="24.460397" lon="111.154971"><time>2026-08-22T09:20:46.044Z</time></trkpt>
      <trkpt lat="24.460397" lon="111.154971"><time>2026-08-22T09:20:46.060Z</time></trkpt>
      <trkpt lat="24.460397" lon="111.154971"><time>2026-08-22T09:20:46.077Z</time></trkpt>
      <trkpt lat="24.460391" lon="111.154975"><time>2026-08-22T09:20:46.094Z</time></trkpt>
      <trkpt lat="24.460391" lon="111.154975"><time>2026-08-22T09:20:46.111Z</time></trkpt>
      <trkpt lat="24.460391" lon="111.154975"><time>2026-08-22T09:20:46.127Z</time></trkpt>
      <trkpt lat="24.460391" lon="111.154975"><time>2026-08-22T09:20:46.144Z</time></trkpt>
      <trkpt lat="24.460391" lon="111.154975"><time>2026-08-22T09:20:46.161Z</time></trkpt>
      <trkpt lat="24.460391" lon="111.154975"><time>2026-08-22T09:20:46.177Z</time></trkpt>
      <trkpt lat="24.460385" lon="111.154978"><time>2026-08-22T09:20:46.194Z</time></trkpt>
      <trkpt lat="24.460385" lon="111.154978"><time>2026-08-22T09:20:46.211Z</time></trkpt>
      <trkpt lat="24.460385" lon="111.154978"><time>2026-08-22T09:20:46.227Z</time></trkpt>
      <trkpt lat="24.460385" lon="111.154978"><time>2026-08-22T09:20:46.244Z</time></trkpt>
      <trkpt lat="24.460385" lon="111.154978"><time>2026-08-22T09:20:46.261Z</time></trkpt>
      <trkpt lat="24.460385" lon="111.154978"><time>2026-08-22T09:20:46.277Z</time></trkpt>
      <trkpt lat="24.460378" lon="111.154982"><time>2026-08-22T09:20:46.294Z</time></trkpt>
      <trkpt lat="24.460378" lon="111.154982"><time>2026-08-22T09:20:46.311Z</time></trkpt>
      <trkpt lat="24.460378" lon="111.154982"><time>2026-08-22T09:20:46.327Z</time></trkpt>
      <trkpt lat="24.460378" lon="111.154982"><time>2026-08-22T09:20:46.344Z</time></trkpt>
      <trkpt lat="24.460378" lon="111.154982"><time>2026-08-22T09:20:46.361Z</time></trkpt>
      <trkpt lat="24.460378" lon="111.154982"><time>2026-08-22T09:20:46.377Z</time></trkpt>
      <trkpt lat="24.460372" lon="111.154985"><time>2026-08-22T09:20:46.394Z</time></trkpt>
      <trkpt lat="24.460372" lon="111.154985"><time>2026-08-22T09:20:46.411Z</time></trkpt>
      <trkpt lat="24.460372" lon="111.154985"><time>2026-08-22T09:20:46.428Z</time></trkpt>
      <trkpt lat="24.460372" lon="111.154985"><time>2026-08-22T09:20:46.444Z</time></trkpt>
      <trkpt lat="24.460372" lon="111.154985"><time>2026-08-22T09:20:46.461Z</time></trkpt>
      <trkpt lat="24.460372" lon="111.154985"><time>2026-08-22T09:20:46.478Z</time></trkpt>
      <trkpt lat="24.460365" lon="111.154989"><time>2026-08-22T09:20:46.494Z</time></trkpt>
      <trkpt lat="24.460365" lon="111.154989"><time>2026-08-22T09:20:46.511Z</time></trkpt>
      <trkpt lat="24.460365" lon="111.154989"><time>2026-08-22T09:20:46.528Z</time></trkpt>
      <trkpt lat="24.460365" lon="111.154989"><time>2026-08-22T09:20:46.544Z</time></trkpt>
      <trkpt lat="24.460365" lon="111.154989"><time>2026-08-22T09:20:46.561Z</time></trkpt>
      <trkpt lat="24.460365" lon="111.154989"><time>2026-08-22T09:20:46.578Z</time></trkpt>
      <trkpt lat="24.460359" lon="111.154992"><time>2026-08-22T09:20:46.594Z</time></trkpt>
      <trkpt lat="24.460359" lon="111.154992"><time>2026-08-22T09:20:46.611Z</time></trkpt>
      <trkpt lat="24.460359" lon="111.154992"><time>2026-08-22T09:20:46.628Z</time></trkpt>
      <trkpt lat="24.460359" lon="111.154992"><time>2026-08-22T09:20:46.644Z</time></trkpt>
      <trkpt lat="24.460359" lon="111.154992"><time>2026-08-22T09:20:46.661Z</time></trkpt>
      <trkpt lat="24.460359" lon="111.154992"><time>2026-08-22T09:20:46.678Z</time></trkpt>
      <trkpt lat="24.460352" lon="111.154995"><time>2026-08-22T09:20:46.694Z</time></trkpt>
      <trkpt lat="24.460352" lon="111.154995"><time>2026-08-22T09:20:46.711Z</time></trkpt>
      <trkpt lat="24.460352" lon="111.154995"><time>2026-08-22T09:20:46.728Z</time></trkpt>
      <trkpt lat="24.460352" lon="111.154995"><time>2026-08-22T09:20:46.745Z</time></trkpt>
      <trkpt lat="24.460352" lon="111.154995"><time>2026-08-22T09:20:46.761Z</time></trkpt>
      <trkpt lat="24.460352" lon="111.154995"><time>2026-08-22T09:20:46.778Z</time></trkpt>
      <trkpt lat="24.460345" lon="111.154998"><time>2026-08-22T09:20:46.795Z</time></trkpt>
      <trkpt lat="24.460345" lon="111.154998"><time>2026-08-22T09:20:46.811Z</time></trkpt>
      <trkpt lat="24.460345" lon="111.154998"><time>2026-08-22T09:20:46.828Z</time></trkpt>
      <trkpt lat="24.460345" lon="111.154998"><time>2026-08-22T09:20:46.845Z</time></trkpt>
      <trkpt lat="24.460345" lon="111.154998"><time>2026-08-22T09:20:46.861Z</time></trkpt>
      <trkpt lat="24.460345" lon="111.154998"><time>2026-08-22T09:20:46.878Z</time></trkpt>
      <trkpt lat="24.460337" lon="111.155001"><time>2026-08-22T09:20:46.895Z</time></trkpt>
      <trkpt lat="24.460337" lon="111.155001"><time>2026-08-22T09:20:46.911Z</time></trkpt>
      <trkpt lat="24.460337" lon="111.155001"><time>2026-08-22T09:20:46.928Z</time></trkpt>
      <trkpt lat="24.460337" lon="111.155001"><time>2026-08-22T09:20:46.945Z</time></trkpt>
      <trkpt lat="24.460337" lon="111.155001"><time>2026-08-22T09:20:46.961Z</time></trkpt>
      <trkpt lat="24.460337" lon="111.155001"><time>2026-08-22T09:20:46.978Z</time></trkpt>
      <trkpt lat="24.46033" lon="111.155004"><time>2026-08-22T09:20:46.995Z</time></trkpt>
      <trkpt lat="24.46033" lon="111.155004"><time>2026-08-22T09:20:47.011Z</time></trkpt>
      <trkpt lat="24.46033" lon="111.155004"><time>2026-08-22T09:20:47.028Z</time></trkpt>
      <trkpt lat="24.46033" lon="111.155004"><time>2026-08-22T09:20:47.045Z</time></trkpt>
      <trkpt lat="24.46033" lon="111.155004"><time>2026-08-22T09:20:47.062Z</time></trkpt>
      <trkpt lat="24.46033" lon="111.155004"><time>2026-08-22T09:20:47.078Z</time></trkpt>
      <trkpt lat="24.460322" lon="111.155007"><time>2026-08-22T09:20:47.095Z</time></trkpt>
      <trkpt lat="24.460322" lon="111.155007"><time>2026-08-22T09:20:47.112Z</time></trkpt>
      <trkpt lat="24.460322" lon="111.155007"><time>2026-08-22T09:20:47.128Z</time></trkpt>
      <trkpt lat="24.460322" lon="111.155007"><time>2026-08-22T09:20:47.145Z</time></trkpt>
      <trkpt lat="24.460322" lon="111.155007"><time>2026-08-22T09:20:47.162Z</time></trkpt>
      <trkpt lat="24.460322" lon="111.155007"><time>2026-08-22T09:20:47.178Z</time></trkpt>
      <trkpt lat="24.460315" lon="111.155008"><time>2026-08-22T09:20:47.195Z</time></trkpt>
      <trkpt lat="24.460315" lon="111.155008"><time>2026-08-22T09:20:47.212Z</time></trkpt>
      <trkpt lat="24.460315" lon="111.155008"><time>2026-08-22T09:20:47.228Z</time></trkpt>
      <trkpt lat="24.460315" lon="111.155008"><time>2026-08-22T09:20:47.245Z</time></trkpt>
      <trkpt lat="24.460315" lon="111.155008"><time>2026-08-22T09:20:47.262Z</time></trkpt>
      <trkpt lat="24.460315" lon="111.155008"><time>2026-08-22T09:20:47.278Z</time></trkpt>
      <trkpt lat="24.460307" lon="111.155011"><time>2026-08-22T09:20:47.295Z</time></trkpt>
      <trkpt lat="24.460307" lon="111.155011"><time>2026-08-22T09:20:47.312Z</time></trkpt>
      <trkpt lat="24.460307" lon="111.155011"><time>2026-08-22T09:20:47.328Z</time></trkpt>
      <trkpt lat="24.460307" lon="111.155011"><time>2026-08-22T09:20:47.345Z</time></trkpt>
      <trkpt lat="24.460307" lon="111.155011"><time>2026-08-22T09:20:47.362Z</time></trkpt>
      <trkpt lat="24.460307" lon="111.155011"><time>2026-08-22T09:20:47.379Z</time></trkpt>
      <trkpt lat="24.460298" lon="111.155014"><time>2026-08-22T09:20:47.395Z</time></trkpt>
      <trkpt lat="24.460298" lon="111.155014"><time>2026-08-22T09:20:47.412Z</time></trkpt>
      <trkpt lat="24.460298" lon="111.155014"><time>2026-08-22T09:20:47.429Z</time></trkpt>
      <trkpt lat="24.460298" lon="111.155014"><time>2026-08-22T09:20:47.445Z</time></trkpt>
      <trkpt lat="24.460298" lon="111.155014"><time>2026-08-22T09:20:47.462Z</time></trkpt>
      <trkpt lat="24.460298" lon="111.155014"><time>2026-08-22T09:20:47.479Z</time></trkpt>
      <trkpt lat="24.460289" lon="111.155016"><time>2026-08-22T09:20:47.495Z</time></trkpt>
      <trkpt lat="24.460289" lon="111.155016"><time>2026-08-22T09:20:47.512Z</time></trkpt>
      <trkpt lat="24.460289" lon="111.155016"><time>2026-08-22T09:20:47.529Z</time></trkpt>
      <trkpt lat="24.460289" lon="111.155016"><time>2026-08-22T09:20:47.545Z</time></trkpt>
      <trkpt lat="24.460289" lon="111.155016"><time>2026-08-22T09:20:47.562Z</time></trkpt>
      <trkpt lat="24.460289" lon="111.155016"><time>2026-08-22T09:20:47.579Z</time></trkpt>
      <trkpt lat="24.46028" lon="111.155018"><time>2026-08-22T09:20:47.595Z</time></trkpt>
      <trkpt lat="24.46028" lon="111.155018"><time>2026-08-22T09:20:47.612Z</time></trkpt>
      <trkpt lat="24.46028" lon="111.155018"><time>2026-08-22T09:20:47.629Z</time></trkpt>
      <trkpt lat="24.46028" lon="111.155018"><time>2026-08-22T09:20:47.645Z</time></trkpt>
      <trkpt lat="24.46028" lon="111.155018"><time>2026-08-22T09:20:47.662Z</time></trkpt>
      <trkpt lat="24.46028" lon="111.155018"><time>2026-08-22T09:20:47.679Z</time></trkpt>
      <trkpt lat="24.460271" lon="111.15502"><time>2026-08-22T09:20:47.696Z</time></trkpt>
      <trkpt lat="24.460271" lon="111.15502"><time>2026-08-22T09:20:47.712Z</time></trkpt>
      <trkpt lat="24.460271" lon="111.15502"><time>2026-08-22T09:20:47.729Z</time></trkpt>
      <trkpt lat="24.460271" lon="111.15502"><time>2026-08-22T09:20:47.746Z</time></trkpt>
      <trkpt lat="24.460271" lon="111.15502"><time>2026-08-22T09:20:47.762Z</time></trkpt>
      <trkpt lat="24.460271" lon="111.15502"><time>2026-08-22T09:20:47.779Z</time></trkpt>
      <trkpt lat="24.460261" lon="111.155022"><time>2026-08-22T09:20:47.796Z</time></trkpt>
      <trkpt lat="24.460261" lon="111.155022"><time>2026-08-22T09:20:47.812Z</time></trkpt>
      <trkpt lat="24.460261" lon="111.155022"><time>2026-08-22T09:20:47.829Z</time></trkpt>
      <trkpt lat="24.460261" lon="111.155022"><time>2026-08-22T09:20:47.846Z</time></trkpt>
      <trkpt lat="24.460261" lon="111.155022"><time>2026-08-22T09:20:47.862Z</time></trkpt>
      <trkpt lat="24.460261" lon="111.155022"><time>2026-08-22T09:20:47.879Z</time></trkpt>
      <trkpt lat="24.460251" lon="111.155024"><time>2026-08-22T09:20:47.896Z</time></trkpt>
      <trkpt lat="24.460251" lon="111.155024"><time>2026-08-22T09:20:47.912Z</time></trkpt>
      <trkpt lat="24.460251" lon="111.155024"><time>2026-08-22T09:20:47.929Z</time></trkpt>
      <trkpt lat="24.460251" lon="111.155024"><time>2026-08-22T09:20:47.946Z</time></trkpt>
      <trkpt lat="24.460251" lon="111.155024"><time>2026-08-22T09:20:47.962Z</time></trkpt>
      <trkpt lat="24.460251" lon="111.155024"><time>2026-08-22T09:20:47.979Z</time></trkpt>
      <trkpt lat="24.460242" lon="111.155026"><time>2026-08-22T09:20:47.996Z</time></trkpt>
      <trkpt lat="24.460242" lon="111.155026"><time>2026-08-22T09:20:48.013Z</time></trkpt>
      <trkpt lat="24.460242" lon="111.155026"><time>2026-08-22T09:20:48.029Z</time></trkpt>
      <trkpt lat="24.460242" lon="111.155026"><time>2026-08-22T09:20:48.046Z</time></trkpt>
      <trkpt lat="24.460242" lon="111.155026"><time>2026-08-22T09:20:48.063Z</time></trkpt>
      <trkpt lat="24.460242" lon="111.155026"><time>2026-08-22T09:20:48.079Z</time></trkpt>
      <trkpt lat="24.460231" lon="111.155027"><time>2026-08-22T09:20:48.096Z</time></trkpt>
      <trkpt lat="24.460231" lon="111.155027"><time>2026-08-22T09:20:48.113Z</time></trkpt>
      <trkpt lat="24.460231" lon="111.155027"><time>2026-08-22T09:20:48.129Z</time></trkpt>
      <trkpt lat="24.460231" lon="111.155027"><time>2026-08-22T09:20:48.146Z</time></trkpt>
      <trkpt lat="24.460231" lon="111.155027"><time>2026-08-22T09:20:48.163Z</time></trkpt>
      <trkpt lat="24.460221" lon="111.155028"><time>2026-08-22T09:20:48.179Z</time></trkpt>
      <trkpt lat="24.460221" lon="111.155028"><time>2026-08-22T09:20:48.196Z</time></trkpt>
      <trkpt lat="24.460221" lon="111.155028"><time>2026-08-22T09:20:48.213Z</time></trkpt>
      <trkpt lat="24.460221" lon="111.155028"><time>2026-08-22T09:20:48.229Z</time></trkpt>
      <trkpt lat="24.460221" lon="111.155028"><time>2026-08-22T09:20:48.246Z</time></trkpt>
      <trkpt lat="24.460221" lon="111.155028"><time>2026-08-22T09:20:48.263Z</time></trkpt>
      <trkpt lat="24.460221" lon="111.155028"><time>2026-08-22T09:20:48.279Z</time></trkpt>
      <trkpt lat="24.460211" lon="111.155029"><time>2026-08-22T09:20:48.296Z</time></trkpt>
      <trkpt lat="24.460211" lon="111.155029"><time>2026-08-22T09:20:48.313Z</time></trkpt>
      <trkpt lat="24.460211" lon="111.155029"><time>2026-08-22T09:20:48.330Z</time></trkpt>
      <trkpt lat="24.460211" lon="111.155029"><time>2026-08-22T09:20:48.346Z</time></trkpt>
      <trkpt lat="24.460211" lon="111.155029"><time>2026-08-22T09:20:48.363Z</time></trkpt>
      <trkpt lat="24.4602" lon="111.155029"><time>2026-08-22T09:20:48.380Z</time></trkpt>
      <trkpt lat="24.4602" lon="111.155029"><time>2026-08-22T09:20:48.396Z</time></trkpt>
      <trkpt lat="24.4602" lon="111.155029"><time>2026-08-22T09:20:48.413Z</time></trkpt>
      <trkpt lat="24.4602" lon="111.155029"><time>2026-08-22T09:20:48.430Z</time></trkpt>
      <trkpt lat="24.4602" lon="111.155029"><time>2026-08-22T09:20:48.446Z</time></trkpt>
      <trkpt lat="24.4602" lon="111.155029"><time>2026-08-22T09:20:48.463Z</time></trkpt>
      <trkpt lat="24.460189" lon="111.15503"><time>2026-08-22T09:20:48.480Z</time></trkpt>
      <trkpt lat="24.460189" lon="111.15503"><time>2026-08-22T09:20:48.496Z</time></trkpt>
      <trkpt lat="24.460189" lon="111.15503"><time>2026-08-22T09:20:48.513Z</time></trkpt>
      <trkpt lat="24.460189" lon="111.15503"><time>2026-08-22T09:20:48.530Z</time></trkpt>
      <trkpt lat="24.460189" lon="111.15503"><time>2026-08-22T09:20:48.546Z</time></trkpt>
      <trkpt lat="24.460189" lon="111.15503"><time>2026-08-22T09:20:48.563Z</time></trkpt>
      <trkpt lat="24.460179" lon="111.15503"><time>2026-08-22T09:20:48.580Z</time></trkpt>
      <trkpt lat="24.460179" lon="111.15503"><time>2026-08-22T09:20:48.596Z</time></trkpt>
      <trkpt lat="24.460179" lon="111.15503"><time>2026-08-22T09:20:48.613Z</time></trkpt>
      <trkpt lat="24.460179" lon="111.15503"><time>2026-08-22T09:20:48.630Z</time></trkpt>
      <trkpt lat="24.460179" lon="111.15503"><time>2026-08-22T09:20:48.647Z</time></trkpt>
      <trkpt lat="24.460179" lon="111.15503"><time>2026-08-22T09:20:48.663Z</time></trkpt>
      <trkpt lat="24.460168" lon="111.15503"><time>2026-08-22T09:20:48.680Z</time></trkpt>
      <trkpt lat="24.460168" lon="111.15503"><time>2026-08-22T09:20:48.697Z</time></trkpt>
      <trkpt lat="24.460168" lon="111.15503"><time>2026-08-22T09:20:48.713Z</time></trkpt>
      <trkpt lat="24.460168" lon="111.15503"><time>2026-08-22T09:20:48.730Z</time></trkpt>
      <trkpt lat="24.460168" lon="111.15503"><time>2026-08-22T09:20:48.747Z</time></trkpt>
      <trkpt lat="24.460168" lon="111.15503"><time>2026-08-22T09:20:48.763Z</time></trkpt>
      <trkpt lat="24.460168" lon="111.15503"><time>2026-08-22T09:20:48.780Z</time></trkpt>
      <trkpt lat="24.460157" lon="111.155029"><time>2026-08-22T09:20:48.797Z</time></trkpt>
      <trkpt lat="24.460157" lon="111.155029"><time>2026-08-22T09:20:48.813Z</time></trkpt>
      <trkpt lat="24.460157" lon="111.155029"><time>2026-08-22T09:20:48.830Z</time></trkpt>
      <trkpt lat="24.460157" lon="111.155029"><time>2026-08-22T09:20:48.847Z</time></trkpt>
      <trkpt lat="24.460157" lon="111.155029"><time>2026-08-22T09:20:48.863Z</time></trkpt>
      <trkpt lat="24.460145" lon="111.155029"><time>2026-08-22T09:20:48.880Z</time></trkpt>
      <trkpt lat="24.460145" lon="111.155029"><time>2026-08-22T09:20:48.897Z</time></trkpt>
      <trkpt lat="24.460145" lon="111.155029"><time>2026-08-22T09:20:48.913Z</time></trkpt>
      <trkpt lat="24.460145" lon="111.155029"><time>2026-08-22T09:20:48.930Z</time></trkpt>
      <trkpt lat="24.460145" lon="111.155029"><time>2026-08-22T09:20:48.947Z</time></trkpt>
      <trkpt lat="24.460145" lon="111.155029"><time>2026-08-22T09:20:48.964Z</time></trkpt>
      <trkpt lat="24.460136" lon="111.155028"><time>2026-08-22T09:20:48.980Z</time></trkpt>
      <trkpt lat="24.460136" lon="111.155028"><time>2026-08-22T09:20:48.997Z</time></trkpt>
      <trkpt lat="24.460136" lon="111.155028"><time>2026-08-22T09:20:49.014Z</time></trkpt>
      <trkpt lat="24.460136" lon="111.155028"><time>2026-08-22T09:20:49.030Z</time></trkpt>
      <trkpt lat="24.460136" lon="111.155028"><time>2026-08-22T09:20:49.047Z</time></trkpt>
      <trkpt lat="24.460136" lon="111.155028"><time>2026-08-22T09:20:49.064Z</time></trkpt>
      <trkpt lat="24.460123" lon="111.155027"><time>2026-08-22T09:20:49.080Z</time></trkpt>
      <trkpt lat="24.460123" lon="111.155027"><time>2026-08-22T09:20:49.097Z</time></trkpt>
      <trkpt lat="24.460123" lon="111.155027"><time>2026-08-22T09:20:49.114Z</time></trkpt>
      <trkpt lat="24.460123" lon="111.155027"><time>2026-08-22T09:20:49.130Z</time></trkpt>
      <trkpt lat="24.460123" lon="111.155027"><time>2026-08-22T09:20:49.147Z</time></trkpt>
      <trkpt lat="24.460123" lon="111.155027"><time>2026-08-22T09:20:49.164Z</time></trkpt>
      <trkpt lat="24.460113" lon="111.155027"><time>2026-08-22T09:20:49.180Z</time></trkpt>
      <trkpt lat="24.460113" lon="111.155027"><time>2026-08-22T09:20:49.197Z</time></trkpt>
      <trkpt lat="24.460113" lon="111.155027"><time>2026-08-22T09:20:49.214Z</time></trkpt>
      <trkpt lat="24.460113" lon="111.155027"><time>2026-08-22T09:20:49.230Z</time></trkpt>
      <trkpt lat="24.460113" lon="111.155027"><time>2026-08-22T09:20:49.247Z</time></trkpt>
      <trkpt lat="24.460113" lon="111.155027"><time>2026-08-22T09:20:49.264Z</time></trkpt>
      <trkpt lat="24.460113" lon="111.155027"><time>2026-08-22T09:20:49.281Z</time></trkpt>
      <trkpt lat="24.460102" lon="111.155026"><time>2026-08-22T09:20:49.297Z</time></trkpt>
      <trkpt lat="24.460102" lon="111.155026"><time>2026-08-22T09:20:49.314Z</time></trkpt>
      <trkpt lat="24.460102" lon="111.155026"><time>2026-08-22T09:20:49.331Z</time></trkpt>
      <trkpt lat="24.460102" lon="111.155026"><time>2026-08-22T09:20:49.347Z</time></trkpt>
      <trkpt lat="24.460102" lon="111.155026"><time>2026-08-22T09:20:49.364Z</time></trkpt>
      <trkpt lat="24.460092" lon="111.155024"><time>2026-08-22T09:20:49.381Z</time></trkpt>
      <trkpt lat="24.460092" lon="111.155024"><time>2026-08-22T09:20:49.397Z</time></trkpt>
      <trkpt lat="24.460092" lon="111.155024"><time>2026-08-22T09:20:49.414Z</time></trkpt>
      <trkpt lat="24.460092" lon="111.155024"><time>2026-08-22T09:20:49.431Z</time></trkpt>
      <trkpt lat="24.460092" lon="111.155024"><time>2026-08-22T09:20:49.447Z</time></trkpt>
      <trkpt lat="24.460092" lon="111.155024"><time>2026-08-22T09:20:49.464Z</time></trkpt>
      <trkpt lat="24.460082" lon="111.155023"><time>2026-08-22T09:20:49.481Z</time></trkpt>
      <trkpt lat="24.460082" lon="111.155023"><time>2026-08-22T09:20:49.497Z</time></trkpt>
      <trkpt lat="24.460082" lon="111.155023"><time>2026-08-22T09:20:49.514Z</time></trkpt>
      <trkpt lat="24.460082" lon="111.155023"><time>2026-08-22T09:20:49.531Z</time></trkpt>
      <trkpt lat="24.460082" lon="111.155023"><time>2026-08-22T09:20:49.547Z</time></trkpt>
      <trkpt lat="24.460082" lon="111.155023"><time>2026-08-22T09:20:49.564Z</time></trkpt>
      <trkpt lat="24.460073" lon="111.155021"><time>2026-08-22T09:20:49.581Z</time></trkpt>
      <trkpt lat="24.460073" lon="111.155021"><time>2026-08-22T09:20:49.598Z</time></trkpt>
      <trkpt lat="24.460073" lon="111.155021"><time>2026-08-22T09:20:49.614Z</time></trkpt>
      <trkpt lat="24.460073" lon="111.155021"><time>2026-08-22T09:20:49.631Z</time></trkpt>
      <trkpt lat="24.460073" lon="111.155021"><time>2026-08-22T09:20:49.648Z</time></trkpt>
      <trkpt lat="24.460073" lon="111.155021"><time>2026-08-22T09:20:49.664Z</time></trkpt>
      <trkpt lat="24.460063" lon="111.155019"><time>2026-08-22T09:20:49.681Z</time></trkpt>
      <trkpt lat="24.460063" lon="111.155019"><time>2026-08-22T09:20:49.698Z</time></trkpt>
      <trkpt lat="24.460063" lon="111.155019"><time>2026-08-22T09:20:49.714Z</time></trkpt>
      <trkpt lat="24.460063" lon="111.155019"><time>2026-08-22T09:20:49.731Z</time></trkpt>
      <trkpt lat="24.460063" lon="111.155019"><time>2026-08-22T09:20:49.748Z</time></trkpt>
      <trkpt lat="24.460063" lon="111.155019"><time>2026-08-22T09:20:49.764Z</time></trkpt>
      <trkpt lat="24.460054" lon="111.155017"><time>2026-08-22T09:20:49.781Z</time></trkpt>
      <trkpt lat="24.460054" lon="111.155017"><time>2026-08-22T09:20:49.798Z</time></trkpt>
      <trkpt lat="24.460054" lon="111.155017"><time>2026-08-22T09:20:49.814Z</time></trkpt>
      <trkpt lat="24.460054" lon="111.155017"><time>2026-08-22T09:20:49.831Z</time></trkpt>
      <trkpt lat="24.460054" lon="111.155017"><time>2026-08-22T09:20:49.848Z</time></trkpt>
      <trkpt lat="24.460054" lon="111.155017"><time>2026-08-22T09:20:49.864Z</time></trkpt>
      <trkpt lat="24.460046" lon="111.155014"><time>2026-08-22T09:20:49.881Z</time></trkpt>
      <trkpt lat="24.460046" lon="111.155014"><time>2026-08-22T09:20:49.898Z</time></trkpt>
      <trkpt lat="24.460046" lon="111.155014"><time>2026-08-22T09:20:49.914Z</time></trkpt>
      <trkpt lat="24.460046" lon="111.155014"><time>2026-08-22T09:20:49.931Z</time></trkpt>
      <trkpt lat="24.460046" lon="111.155014"><time>2026-08-22T09:20:49.948Z</time></trkpt>
      <trkpt lat="24.460046" lon="111.155014"><time>2026-08-22T09:20:49.965Z</time></trkpt>
      <trkpt lat="24.460038" lon="111.155012"><time>2026-08-22T09:20:49.981Z</time></trkpt>
      <trkpt lat="24.460038" lon="111.155012"><time>2026-08-22T09:20:49.998Z</time></trkpt>
      <trkpt lat="24.460038" lon="111.155012"><time>2026-08-22T09:20:50.015Z</time></trkpt>
      <trkpt lat="24.460038" lon="111.155012"><time>2026-08-22T09:20:50.031Z</time></trkpt>
      <trkpt lat="24.460038" lon="111.155012"><time>2026-08-22T09:20:50.048Z</time></trkpt>
      <trkpt lat="24.460038" lon="111.155012"><time>2026-08-22T09:20:50.065Z</time></trkpt>
      <trkpt lat="24.46003" lon="111.155009"><time>2026-08-22T09:20:50.081Z</time></trkpt>
      <trkpt lat="24.46003" lon="111.155009"><time>2026-08-22T09:20:50.098Z</time></trkpt>
      <trkpt lat="24.46003" lon="111.155009"><time>2026-08-22T09:20:50.115Z</time></trkpt>
      <trkpt lat="24.46003" lon="111.155009"><time>2026-08-22T09:20:50.131Z</time></trkpt>
      <trkpt lat="24.46003" lon="111.155009"><time>2026-08-22T09:20:50.148Z</time></trkpt>
      <trkpt lat="24.46003" lon="111.155009"><time>2026-08-22T09:20:50.165Z</time></trkpt>
      <trkpt lat="24.460023" lon="111.155006"><time>2026-08-22T09:20:50.181Z</time></trkpt>
      <trkpt lat="24.460023" lon="111.155006"><time>2026-08-22T09:20:50.198Z</time></trkpt>
      <trkpt lat="24.460023" lon="111.155006"><time>2026-08-22T09:20:50.215Z</time></trkpt>
      <trkpt lat="24.460023" lon="111.155006"><time>2026-08-22T09:20:50.231Z</time></trkpt>
      <trkpt lat="24.460023" lon="111.155006"><time>2026-08-22T09:20:50.248Z</time></trkpt>
      <trkpt lat="24.460023" lon="111.155006"><time>2026-08-22T09:20:50.265Z</time></trkpt>
      <trkpt lat="24.460015" lon="111.155002"><time>2026-08-22T09:20:50.282Z</time></trkpt>
      <trkpt lat="24.460015" lon="111.155002"><time>2026-08-22T09:20:50.298Z</time></trkpt>
      <trkpt lat="24.460015" lon="111.155002"><time>2026-08-22T09:20:50.315Z</time></trkpt>
      <trkpt lat="24.460015" lon="111.155002"><time>2026-08-22T09:20:50.332Z</time></trkpt>
      <trkpt lat="24.460015" lon="111.155002"><time>2026-08-22T09:20:50.348Z</time></trkpt>
      <trkpt lat="24.460015" lon="111.155002"><time>2026-08-22T09:20:50.365Z</time></trkpt>
      <trkpt lat="24.460009" lon="111.154999"><time>2026-08-22T09:20:50.382Z</time></trkpt>
      <trkpt lat="24.460009" lon="111.154999"><time>2026-08-22T09:20:50.398Z</time></trkpt>
      <trkpt lat="24.460009" lon="111.154999"><time>2026-08-22T09:20:50.415Z</time></trkpt>
      <trkpt lat="24.460009" lon="111.154999"><time>2026-08-22T09:20:50.432Z</time></trkpt>
      <trkpt lat="24.460009" lon="111.154999"><time>2026-08-22T09:20:50.448Z</time></trkpt>
      <trkpt lat="24.460009" lon="111.154999"><time>2026-08-22T09:20:50.465Z</time></trkpt>
      <trkpt lat="24.460002" lon="111.154996"><time>2026-08-22T09:20:50.482Z</time></trkpt>
      <trkpt lat="24.460002" lon="111.154996"><time>2026-08-22T09:20:50.498Z</time></trkpt>
      <trkpt lat="24.460002" lon="111.154996"><time>2026-08-22T09:20:50.515Z</time></trkpt>
      <trkpt lat="24.460002" lon="111.154996"><time>2026-08-22T09:20:50.532Z</time></trkpt>
      <trkpt lat="24.460002" lon="111.154996"><time>2026-08-22T09:20:50.548Z</time></trkpt>
      <trkpt lat="24.460002" lon="111.154996"><time>2026-08-22T09:20:50.565Z</time></trkpt>
      <trkpt lat="24.459996" lon="111.154994"><time>2026-08-22T09:20:50.582Z</time></trkpt>
      <trkpt lat="24.459996" lon="111.154994"><time>2026-08-22T09:20:50.599Z</time></trkpt>
      <trkpt lat="24.459996" lon="111.154994"><time>2026-08-22T09:20:50.615Z</time></trkpt>
      <trkpt lat="24.459996" lon="111.154994"><time>2026-08-22T09:20:50.632Z</time></trkpt>
      <trkpt lat="24.459996" lon="111.154994"><time>2026-08-22T09:20:50.649Z</time></trkpt>
      <trkpt lat="24.459996" lon="111.154994"><time>2026-08-22T09:20:50.665Z</time></trkpt>
      <trkpt lat="24.459989" lon="111.154991"><time>2026-08-22T09:20:50.682Z</time></trkpt>
      <trkpt lat="24.459989" lon="111.154991"><time>2026-08-22T09:20:50.699Z</time></trkpt>
      <trkpt lat="24.459989" lon="111.154991"><time>2026-08-22T09:20:50.715Z</time></trkpt>
      <trkpt lat="24.459989" lon="111.154991"><time>2026-08-22T09:20:50.732Z</time></trkpt>
      <trkpt lat="24.459989" lon="111.154991"><time>2026-08-22T09:20:50.749Z</time></trkpt>
      <trkpt lat="24.459989" lon="111.154991"><time>2026-08-22T09:20:50.765Z</time></trkpt>
      <trkpt lat="24.459984" lon="111.154988"><time>2026-08-22T09:20:50.782Z</time></trkpt>
      <trkpt lat="24.459984" lon="111.154988"><time>2026-08-22T09:20:50.799Z</time></trkpt>
      <trkpt lat="24.459984" lon="111.154988"><time>2026-08-22T09:20:50.815Z</time></trkpt>
      <trkpt lat="24.459984" lon="111.154988"><time>2026-08-22T09:20:50.832Z</time></trkpt>
      <trkpt lat="24.459984" lon="111.154988"><time>2026-08-22T09:20:50.849Z</time></trkpt>
      <trkpt lat="24.459984" lon="111.154988"><time>2026-08-22T09:20:50.865Z</time></trkpt>
      <trkpt lat="24.459978" lon="111.154986"><time>2026-08-22T09:20:50.882Z</time></trkpt>
      <trkpt lat="24.459978" lon="111.154986"><time>2026-08-22T09:20:50.899Z</time></trkpt>
      <trkpt lat="24.459978" lon="111.154986"><time>2026-08-22T09:20:50.916Z</time></trkpt>
      <trkpt lat="24.459978" lon="111.154986"><time>2026-08-22T09:20:50.932Z</time></trkpt>
      <trkpt lat="24.459978" lon="111.154986"><time>2026-08-22T09:20:50.949Z</time></trkpt>
      <trkpt lat="24.459978" lon="111.154986"><time>2026-08-22T09:20:50.966Z</time></trkpt>
      <trkpt lat="24.459974" lon="111.154983"><time>2026-08-22T09:20:50.982Z</time></trkpt>
      <trkpt lat="24.459974" lon="111.154983"><time>2026-08-22T09:20:50.999Z</time></trkpt>
      <trkpt lat="24.459974" lon="111.154983"><time>2026-08-22T09:20:51.016Z</time></trkpt>
      <trkpt lat="24.459974" lon="111.154983"><time>2026-08-22T09:20:51.032Z</time></trkpt>
      <trkpt lat="24.459974" lon="111.154983"><time>2026-08-22T09:20:51.049Z</time></trkpt>
      <trkpt lat="24.459974" lon="111.154983"><time>2026-08-22T09:20:51.066Z</time></trkpt>
      <trkpt lat="24.459969" lon="111.154981"><time>2026-08-22T09:20:51.082Z</time></trkpt>
      <trkpt lat="24.459969" lon="111.154981"><time>2026-08-22T09:20:51.099Z</time></trkpt>
      <trkpt lat="24.459969" lon="111.154981"><time>2026-08-22T09:20:51.116Z</time></trkpt>
      <trkpt lat="24.459969" lon="111.154981"><time>2026-08-22T09:20:51.132Z</time></trkpt>
      <trkpt lat="24.459969" lon="111.154981"><time>2026-08-22T09:20:51.149Z</time></trkpt>
      <trkpt lat="24.459969" lon="111.154981"><time>2026-08-22T09:20:51.166Z</time></trkpt>
      <trkpt lat="24.459965" lon="111.154979"><time>2026-08-22T09:20:51.182Z</time></trkpt>
      <trkpt lat="24.459965" lon="111.154979"><time>2026-08-22T09:20:51.199Z</time></trkpt>
      <trkpt lat="24.459965" lon="111.154979"><time>2026-08-22T09:20:51.216Z</time></trkpt>
      <trkpt lat="24.459965" lon="111.154979"><time>2026-08-22T09:20:51.233Z</time></trkpt>
      <trkpt lat="24.459965" lon="111.154979"><time>2026-08-22T09:20:51.249Z</time></trkpt>
      <trkpt lat="24.459965" lon="111.154979"><time>2026-08-22T09:20:51.266Z</time></trkpt>
      <trkpt lat="24.459962" lon="111.154977"><time>2026-08-22T09:20:51.283Z</time></trkpt>
      <trkpt lat="24.459962" lon="111.154977"><time>2026-08-22T09:20:51.299Z</time></trkpt>
      <trkpt lat="24.459962" lon="111.154977"><time>2026-08-22T09:20:51.316Z</time></trkpt>
      <trkpt lat="24.459962" lon="111.154977"><time>2026-08-22T09:20:51.333Z</time></trkpt>
      <trkpt lat="24.459962" lon="111.154977"><time>2026-08-22T09:20:51.349Z</time></trkpt>
      <trkpt lat="24.459962" lon="111.154977"><time>2026-08-22T09:20:51.366Z</time></trkpt>
      <trkpt lat="24.459959" lon="111.154975"><time>2026-08-22T09:20:51.383Z</time></trkpt>
      <trkpt lat="24.459959" lon="111.154975"><time>2026-08-22T09:20:51.399Z</time></trkpt>
      <trkpt lat="24.459959" lon="111.154975"><time>2026-08-22T09:20:51.416Z</time></trkpt>
      <trkpt lat="24.459959" lon="111.154975"><time>2026-08-22T09:20:51.433Z</time></trkpt>
      <trkpt lat="24.459959" lon="111.154975"><time>2026-08-22T09:20:51.449Z</time></trkpt>
      <trkpt lat="24.459959" lon="111.154975"><time>2026-08-22T09:20:51.466Z</time></trkpt>
      <trkpt lat="24.459956" lon="111.154973"><time>2026-08-22T09:20:51.483Z</time></trkpt>
      <trkpt lat="24.459956" lon="111.154973"><time>2026-08-22T09:20:51.499Z</time></trkpt>
      <trkpt lat="24.459956" lon="111.154973"><time>2026-08-22T09:20:51.516Z</time></trkpt>
      <trkpt lat="24.459956" lon="111.154973"><time>2026-08-22T09:20:51.533Z</time></trkpt>
      <trkpt lat="24.459956" lon="111.154973"><time>2026-08-22T09:20:51.550Z</time></trkpt>
      <trkpt lat="24.459956" lon="111.154973"><time>2026-08-22T09:20:51.566Z</time></trkpt>
      <trkpt lat="24.459954" lon="111.154971"><time>2026-08-22T09:20:51.583Z</time></trkpt>
      <trkpt lat="24.459954" lon="111.154971"><time>2026-08-22T09:20:51.600Z</time></trkpt>
      <trkpt lat="24.459954" lon="111.154971"><time>2026-08-22T09:20:51.616Z</time></trkpt>
      <trkpt lat="24.459954" lon="111.154971"><time>2026-08-22T09:20:51.633Z</time></trkpt>
      <trkpt lat="24.459954" lon="111.154971"><time>2026-08-22T09:20:51.650Z</time></trkpt>
      <trkpt lat="24.459954" lon="111.154971"><time>2026-08-22T09:20:51.666Z</time></trkpt>
      <trkpt lat="24.459951" lon="111.154969"><time>2026-08-22T09:20:51.683Z</time></trkpt>
      <trkpt lat="24.459951" lon="111.154969"><time>2026-08-22T09:20:51.700Z</time></trkpt>
      <trkpt lat="24.459951" lon="111.154969"><time>2026-08-22T09:20:51.716Z</time></trkpt>
      <trkpt lat="24.459951" lon="111.154969"><time>2026-08-22T09:20:51.733Z</time></trkpt>
      <trkpt lat="24.459951" lon="111.154969"><time>2026-08-22T09:20:51.750Z</time></trkpt>
      <trkpt lat="24.459951" lon="111.154969"><time>2026-08-22T09:20:51.766Z</time></trkpt>
      <trkpt lat="24.45995" lon="111.154967"><time>2026-08-22T09:20:51.783Z</time></trkpt>
      <trkpt lat="24.45995" lon="111.154967"><time>2026-08-22T09:20:51.800Z</time></trkpt>
      <trkpt lat="24.45995" lon="111.154967"><time>2026-08-22T09:20:51.816Z</time></trkpt>
      <trkpt lat="24.45995" lon="111.154967"><time>2026-08-22T09:20:51.833Z</time></trkpt>
      <trkpt lat="24.45995" lon="111.154967"><time>2026-08-22T09:20:51.850Z</time></trkpt>
      <trkpt lat="24.45995" lon="111.154967"><time>2026-08-22T09:20:51.867Z</time></trkpt>
      <trkpt lat="24.45995" lon="111.154966"><time>2026-08-22T09:20:51.883Z</time></trkpt>
      <trkpt lat="24.45995" lon="111.154966"><time>2026-08-22T09:20:51.900Z</time></trkpt>
      <trkpt lat="24.45995" lon="111.154966"><time>2026-08-22T09:20:51.917Z</time></trkpt>
      <trkpt lat="24.45995" lon="111.154966"><time>2026-08-22T09:20:51.933Z</time></trkpt>
      <trkpt lat="24.45995" lon="111.154966"><time>2026-08-22T09:20:51.950Z</time></trkpt>
      <trkpt lat="24.45995" lon="111.154966"><time>2026-08-22T09:20:51.967Z</time></trkpt>
      <trkpt lat="24.459949" lon="111.154965"><time>2026-08-22T09:20:51.983Z</time></trkpt>
      <trkpt lat="24.459949" lon="111.154965"><time>2026-08-22T09:20:52.000Z</time></trkpt>
      <trkpt lat="24.459949" lon="111.154965"><time>2026-08-22T09:20:52.017Z</time></trkpt>
      <trkpt lat="24.459949" lon="111.154965"><time>2026-08-22T09:20:52.033Z</time></trkpt>
      <trkpt lat="24.459949" lon="111.154965"><time>2026-08-22T09:20:52.050Z</time></trkpt>
      <trkpt lat="24.459949" lon="111.154965"><time>2026-08-22T09:20:52.067Z</time></trkpt>
      <trkpt lat="24.459948" lon="111.154963"><time>2026-08-22T09:20:52.083Z</time></trkpt>
      <trkpt lat="24.459948" lon="111.154963"><time>2026-08-22T09:20:52.100Z</time></trkpt>
      <trkpt lat="24.459948" lon="111.154963"><time>2026-08-22T09:20:52.117Z</time></trkpt>
      <trkpt lat="24.459948" lon="111.154963"><time>2026-08-22T09:20:52.133Z</time></trkpt>
      <trkpt lat="24.459948" lon="111.154963"><time>2026-08-22T09:20:52.150Z</time></trkpt>
      <trkpt lat="24.459948" lon="111.154963"><time>2026-08-22T09:20:52.167Z</time></trkpt>
      <trkpt lat="24.459948" lon="111.154962"><time>2026-08-22T09:20:52.184Z</time></trkpt>
      <trkpt lat="24.459948" lon="111.154962"><time>2026-08-22T09:20:52.200Z</time></trkpt>
      <trkpt lat="24.459948" lon="111.154962"><time>2026-08-22T09:20:52.217Z</time></trkpt>
      <trkpt lat="24.459948" lon="111.154962"><time>2026-08-22T09:20:52.234Z</time></trkpt>
      <trkpt lat="24.459948" lon="111.154962"><time>2026-08-22T09:20:52.250Z</time></trkpt>
      <trkpt lat="24.459948" lon="111.154962"><time>2026-08-22T09:20:52.267Z</time></trkpt>
      <trkpt lat="24.459948" lon="111.154961"><time>2026-08-22T09:20:52.284Z</time></trkpt>
      <trkpt lat="24.459948" lon="111.154961"><time>2026-08-22T09:20:52.300Z</time></trkpt>
      <trkpt lat="24.459948" lon="111.154961"><time>2026-08-22T09:20:52.317Z</time></trkpt>
      <trkpt lat="24.459948" lon="111.154961"><time>2026-08-22T09:20:52.334Z</time></trkpt>
      <trkpt lat="24.459948" lon="111.154961"><time>2026-08-22T09:20:52.350Z</time></trkpt>
      <trkpt lat="24.459948" lon="111.154961"><time>2026-08-22T09:20:52.367Z</time></trkpt>
      <trkpt lat="24.459949" lon="111.154961"><time>2026-08-22T09:20:52.384Z</time></trkpt>
      <trkpt lat="24.459949" lon="111.154961"><time>2026-08-22T09:20:52.400Z</time></trkpt>
      <trkpt lat="24.459949" lon="111.154961"><time>2026-08-22T09:20:52.417Z</time></trkpt>
      <trkpt lat="24.459949" lon="111.154961"><time>2026-08-22T09:20:52.434Z</time></trkpt>
      <trkpt lat="24.459949" lon="111.154961"><time>2026-08-22T09:20:52.450Z</time></trkpt>
      <trkpt lat="24.459949" lon="111.154961"><time>2026-08-22T09:20:52.467Z</time></trkpt>
      <trkpt lat="24.459949" lon="111.15496"><time>2026-08-22T09:20:52.484Z</time></trkpt>
      <trkpt lat="24.459949" lon="111.15496"><time>2026-08-22T09:20:52.501Z</time></trkpt>
      <trkpt lat="24.459949" lon="111.15496"><time>2026-08-22T09:20:52.517Z</time></trkpt>
      <trkpt lat="24.459949" lon="111.15496"><time>2026-08-22T09:20:52.534Z</time></trkpt>
      <trkpt lat="24.459949" lon="111.15496"><time>2026-08-22T09:20:52.551Z</time></trkpt>
      <trkpt lat="24.459949" lon="111.15496"><time>2026-08-22T09:20:52.567Z</time></trkpt>
      <trkpt lat="24.45995" lon="111.15496"><time>2026-08-22T09:20:52.584Z</time></trkpt>
      <trkpt lat="24.45995" lon="111.15496"><time>2026-08-22T09:20:52.601Z</time></trkpt>
      <trkpt lat="24.45995" lon="111.15496"><time>2026-08-22T09:20:52.617Z</time></trkpt>
      <trkpt lat="24.45995" lon="111.15496"><time>2026-08-22T09:20:52.634Z</time></trkpt>
      <trkpt lat="24.45995" lon="111.15496"><time>2026-08-22T09:20:52.651Z</time></trkpt>
      <trkpt lat="24.45995" lon="111.15496"><time>2026-08-22T09:20:52.667Z</time></trkpt>
      <trkpt lat="24.45995" lon="111.15496"><time>2026-08-22T09:20:52.684Z</time></trkpt>
      <trkpt lat="24.45995" lon="111.15496"><time>2026-08-22T09:20:52.701Z</time></trkpt>
      <trkpt lat="24.45995" lon="111.15496"><time>2026-08-22T09:20:52.717Z</time></trkpt>
      <trkpt lat="24.45995" lon="111.15496"><time>2026-08-22T09:20:52.734Z</time></trkpt>
      <trkpt lat="24.45995" lon="111.15496"><time>2026-08-22T09:20:52.751Z</time></trkpt>
      <trkpt lat="24.45995" lon="111.15496"><time>2026-08-22T09:20:52.767Z</time></trkpt>
      <trkpt lat="24.459949" lon="111.15496"><time>2026-08-22T09:20:52.784Z</time></trkpt>
      <trkpt lat="24.459949" lon="111.15496"><time>2026-08-22T09:20:52.801Z</time></trkpt>
      <trkpt lat="24.459949" lon="111.15496"><time>2026-08-22T09:20:52.818Z</time></trkpt>
      <trkpt lat="24.459949" lon="111.15496"><time>2026-08-22T09:20:52.834Z</time></trkpt>
      <trkpt lat="24.459949" lon="111.15496"><time>2026-08-22T09:20:52.851Z</time></trkpt>
      <trkpt lat="24.459949" lon="111.15496"><time>2026-08-22T09:20:52.868Z</time></trkpt>
      <trkpt lat="24.459949" lon="111.15496"><time>2026-08-22T09:20:52.884Z</time></trkpt>
      <trkpt lat="24.459949" lon="111.15496"><time>2026-08-22T09:20:52.901Z</time></trkpt>
      <trkpt lat="24.459949" lon="111.15496"><time>2026-08-22T09:20:52.918Z</time></trkpt>
      <trkpt lat="24.459949" lon="111.15496"><time>2026-08-22T09:20:52.934Z</time></trkpt>
      <trkpt lat="24.459949" lon="111.15496"><time>2026-08-22T09:20:52.951Z</time></trkpt>
      <trkpt lat="24.459949" lon="111.15496"><time>2026-08-22T09:20:52.968Z</time></trkpt>
      <trkpt lat="24.459948" lon="111.15496"><time>2026-08-22T09:20:52.984Z</time></trkpt>
      <trkpt lat="24.459948" lon="111.15496"><time>2026-08-22T09:20:53.001Z</time></trkpt>
      <trkpt lat="24.459948" lon="111.15496"><time>2026-08-22T09:20:53.018Z</time></trkpt>
      <trkpt lat="24.459948" lon="111.15496"><time>2026-08-22T09:20:53.034Z</time></trkpt>
      <trkpt lat="24.459948" lon="111.15496"><time>2026-08-22T09:20:53.051Z</time></trkpt>
      <trkpt lat="24.459948" lon="111.15496"><time>2026-08-22T09:20:53.068Z</time></trkpt>
      <trkpt lat="24.459947" lon="111.154959"><time>2026-08-22T09:20:53.084Z</time></trkpt>
      <trkpt lat="24.459947" lon="111.154959"><time>2026-08-22T09:20:53.101Z</time></trkpt>
      <trkpt lat="24.459947" lon="111.154959"><time>2026-08-22T09:20:53.118Z</time></trkpt>
      <trkpt lat="24.459947" lon="111.154959"><time>2026-08-22T09:20:53.135Z</time></trkpt>
      <trkpt lat="24.459947" lon="111.154959"><time>2026-08-22T09:20:53.151Z</time></trkpt>
      <trkpt lat="24.459947" lon="111.154959"><time>2026-08-22T09:20:53.168Z</time></trkpt>
      <trkpt lat="24.459946" lon="111.154959"><time>2026-08-22T09:20:53.185Z</time></trkpt>
      <trkpt lat="24.459946" lon="111.154959"><time>2026-08-22T09:20:53.201Z</time></trkpt>
      <trkpt lat="24.459946" lon="111.154959"><time>2026-08-22T09:20:53.218Z</time></trkpt>
      <trkpt lat="24.459946" lon="111.154959"><time>2026-08-22T09:20:53.235Z</time></trkpt>
      <trkpt lat="24.459946" lon="111.154959"><time>2026-08-22T09:20:53.251Z</time></trkpt>
      <trkpt lat="24.459946" lon="111.154959"><time>2026-08-22T09:20:53.268Z</time></trkpt>
      <trkpt lat="24.459945" lon="111.154959"><time>2026-08-22T09:20:53.285Z</time></trkpt>
      <trkpt lat="24.459945" lon="111.154959"><time>2026-08-22T09:20:53.301Z</time></trkpt>
      <trkpt lat="24.459945" lon="111.154959"><time>2026-08-22T09:20:53.318Z</time></trkpt>
      <trkpt lat="24.459945" lon="111.154959"><time>2026-08-22T09:20:53.335Z</time></trkpt>
      <trkpt lat="24.459945" lon="111.154959"><time>2026-08-22T09:20:53.351Z</time></trkpt>
      <trkpt lat="24.459945" lon="111.154959"><time>2026-08-22T09:20:53.368Z</time></trkpt>
      <trkpt lat="24.459944" lon="111.154959"><time>2026-08-22T09:20:53.385Z</time></trkpt>
      <trkpt lat="24.459944" lon="111.154959"><time>2026-08-22T09:20:53.401Z</time></trkpt>
      <trkpt lat="24.459944" lon="111.154959"><time>2026-08-22T09:20:53.418Z</time></trkpt>
      <trkpt lat="24.459944" lon="111.154959"><time>2026-08-22T09:20:53.435Z</time></trkpt>
      <trkpt lat="24.459944" lon="111.154959"><time>2026-08-22T09:20:53.452Z</time></trkpt>
      <trkpt lat="24.459944" lon="111.154959"><time>2026-08-22T09:20:53.468Z</time></trkpt>
      <trkpt lat="24.459943" lon="111.154959"><time>2026-08-22T09:20:53.485Z</time></trkpt>
      <trkpt lat="24.459943" lon="111.154959"><time>2026-08-22T09:20:53.502Z</time></trkpt>
      <trkpt lat="24.459943" lon="111.154959"><time>2026-08-22T09:20:53.518Z</time></trkpt>
      <trkpt lat="24.459943" lon="111.154959"><time>2026-08-22T09:20:53.535Z</time></trkpt>
      <trkpt lat="24.459943" lon="111.154959"><time>2026-08-22T09:20:53.552Z</time></trkpt>
      <trkpt lat="24.459943" lon="111.154959"><time>2026-08-22T09:20:53.568Z</time></trkpt>
      <trkpt lat="24.459943" lon="111.154958"><time>2026-08-22T09:20:53.585Z</time></trkpt>
      <trkpt lat="24.459943" lon="111.154958"><time>2026-08-22T09:20:53.602Z</time></trkpt>
      <trkpt lat="24.459943" lon="111.154958"><time>2026-08-22T09:20:53.618Z</time></trkpt>
      <trkpt lat="24.459943" lon="111.154958"><time>2026-08-22T09:20:53.635Z</time></trkpt>
      <trkpt lat="24.459943" lon="111.154958"><time>2026-08-22T09:20:53.652Z</time></trkpt>
      <trkpt lat="24.459943" lon="111.154958"><time>2026-08-22T09:20:53.668Z</time></trkpt>
      <trkpt lat="24.459942" lon="111.154958"><time>2026-08-22T09:20:53.685Z</time></trkpt>
      <trkpt lat="24.459942" lon="111.154958"><time>2026-08-22T09:20:53.702Z</time></trkpt>
      <trkpt lat="24.459942" lon="111.154958"><time>2026-08-22T09:20:53.718Z</time></trkpt>
      <trkpt lat="24.459942" lon="111.154958"><time>2026-08-22T09:20:53.735Z</time></trkpt>
      <trkpt lat="24.459942" lon="111.154958"><time>2026-08-22T09:20:53.752Z</time></trkpt>
      <trkpt lat="24.459942" lon="111.154958"><time>2026-08-22T09:20:53.769Z</time></trkpt>
      <trkpt lat="24.459942" lon="111.154959"><time>2026-08-22T09:20:53.785Z</time></trkpt>
      <trkpt lat="24.459942" lon="111.154959"><time>2026-08-22T09:20:53.802Z</time></trkpt>
      <trkpt lat="24.459942" lon="111.154959"><time>2026-08-22T09:20:53.819Z</time></trkpt>
      <trkpt lat="24.459942" lon="111.154959"><time>2026-08-22T09:20:53.835Z</time></trkpt>
      <trkpt lat="24.459942" lon="111.154959"><time>2026-08-22T09:20:53.852Z</time></trkpt>
      <trkpt lat="24.459942" lon="111.154959"><time>2026-08-22T09:20:53.869Z</time></trkpt>
      <trkpt lat="24.459942" lon="111.154959"><time>2026-08-22T09:20:53.885Z</time></trkpt>
      <trkpt lat="24.459942" lon="111.154959"><time>2026-08-22T09:20:53.902Z</time></trkpt>
      <trkpt lat="24.459942" lon="111.154959"><time>2026-08-22T09:20:53.919Z</time></trkpt>
      <trkpt lat="24.459942" lon="111.154959"><time>2026-08-22T09:20:53.935Z</time></trkpt>
      <trkpt lat="24.459942" lon="111.154959"><time>2026-08-22T09:20:53.952Z</time></trkpt>
      <trkpt lat="24.459942" lon="111.154959"><time>2026-08-22T09:20:53.969Z</time></trkpt>
      <trkpt lat="24.459941" lon="111.154959"><time>2026-08-22T09:20:53.985Z</time></trkpt>
      <trkpt lat="24.459941" lon="111.154959"><time>2026-08-22T09:20:54.002Z</time></trkpt>
      <trkpt lat="24.459941" lon="111.154959"><time>2026-08-22T09:20:54.019Z</time></trkpt>
      <trkpt lat="24.459941" lon="111.154959"><time>2026-08-22T09:20:54.035Z</time></trkpt>
      <trkpt lat="24.459941" lon="111.154959"><time>2026-08-22T09:20:54.052Z</time></trkpt>
      <trkpt lat="24.459941" lon="111.154959"><time>2026-08-22T09:20:54.069Z</time></trkpt>
      <trkpt lat="24.459941" lon="111.15496"><time>2026-08-22T09:20:54.086Z</time></trkpt>
      <trkpt lat="24.459941" lon="111.15496"><time>2026-08-22T09:20:54.102Z</time></trkpt>
      <trkpt lat="24.459941" lon="111.15496"><time>2026-08-22T09:20:54.119Z</time></trkpt>
      <trkpt lat="24.459941" lon="111.15496"><time>2026-08-22T09:20:54.136Z</time></trkpt>
      <trkpt lat="24.459941" lon="111.15496"><time>2026-08-22T09:20:54.152Z</time></trkpt>
      <trkpt lat="24.459941" lon="111.15496"><time>2026-08-22T09:20:54.169Z</time></trkpt>
      <trkpt lat="24.459941" lon="111.15496"><time>2026-08-22T09:20:54.186Z</time></trkpt>
      <trkpt lat="24.459941" lon="111.15496"><time>2026-08-22T09:20:54.202Z</time></trkpt>
      <trkpt lat="24.459941" lon="111.15496"><time>2026-08-22T09:20:54.219Z</time></trkpt>
      <trkpt lat="24.459941" lon="111.15496"><time>2026-08-22T09:20:54.236Z</time></trkpt>
      <trkpt lat="24.459941" lon="111.15496"><time>2026-08-22T09:20:54.252Z</time></trkpt>
      <trkpt lat="24.459941" lon="111.15496"><time>2026-08-22T09:20:54.269Z</time></trkpt>
      <trkpt lat="24.459941" lon="111.154961"><time>2026-08-22T09:20:54.286Z</time></trkpt>
      <trkpt lat="24.459941" lon="111.154961"><time>2026-08-22T09:20:54.302Z</time></trkpt>
      <trkpt lat="24.459941" lon="111.154961"><time>2026-08-22T09:20:54.319Z</time></trkpt>
      <trkpt lat="24.459941" lon="111.154961"><time>2026-08-22T09:20:54.336Z</time></trkpt>
      <trkpt lat="24.459941" lon="111.154961"><time>2026-08-22T09:20:54.352Z</time></trkpt>
      <trkpt lat="24.459941" lon="111.154961"><time>2026-08-22T09:20:54.369Z</time></trkpt>
      <trkpt lat="24.45994" lon="111.154962"><time>2026-08-22T09:20:54.386Z</time></trkpt>
      <trkpt lat="24.45994" lon="111.154962"><time>2026-08-22T09:20:54.403Z</time></trkpt>
      <trkpt lat="24.45994" lon="111.154962"><time>2026-08-22T09:20:54.419Z</time></trkpt>
      <trkpt lat="24.45994" lon="111.154962"><time>2026-08-22T09:20:54.436Z</time></trkpt>
      <trkpt lat="24.45994" lon="111.154962"><time>2026-08-22T09:20:54.453Z</time></trkpt>
      <trkpt lat="24.45994" lon="111.154962"><time>2026-08-22T09:20:54.469Z</time></trkpt>
      <trkpt lat="24.45994" lon="111.154963"><time>2026-08-22T09:20:54.486Z</time></trkpt>
      <trkpt lat="24.45994" lon="111.154963"><time>2026-08-22T09:20:54.503Z</time></trkpt>
      <trkpt lat="24.45994" lon="111.154963"><time>2026-08-22T09:20:54.519Z</time></trkpt>
      <trkpt lat="24.45994" lon="111.154963"><time>2026-08-22T09:20:54.536Z</time></trkpt>
      <trkpt lat="24.45994" lon="111.154963"><time>2026-08-22T09:20:54.553Z</time></trkpt>
      <trkpt lat="24.45994" lon="111.154963"><time>2026-08-22T09:20:54.569Z</time></trkpt>
      <trkpt lat="24.45994" lon="111.154963"><time>2026-08-22T09:20:54.586Z</time></trkpt>
      <trkpt lat="24.45994" lon="111.154963"><time>2026-08-22T09:20:54.603Z</time></trkpt>
      <trkpt lat="24.45994" lon="111.154963"><time>2026-08-22T09:20:54.619Z</time></trkpt>
      <trkpt lat="24.45994" lon="111.154963"><time>2026-08-22T09:20:54.636Z</time></trkpt>
      <trkpt lat="24.45994" lon="111.154963"><time>2026-08-22T09:20:54.653Z</time></trkpt>
      <trkpt lat="24.45994" lon="111.154963"><time>2026-08-22T09:20:54.669Z</time></trkpt>
      <trkpt lat="24.45994" lon="111.154964"><time>2026-08-22T09:20:54.686Z</time></trkpt>
      <trkpt lat="24.45994" lon="111.154964"><time>2026-08-22T09:20:54.703Z</time></trkpt>
      <trkpt lat="24.45994" lon="111.154964"><time>2026-08-22T09:20:54.720Z</time></trkpt>
      <trkpt lat="24.45994" lon="111.154964"><time>2026-08-22T09:20:54.736Z</time></trkpt>
      <trkpt lat="24.45994" lon="111.154964"><time>2026-08-22T09:20:54.753Z</time></trkpt>
      <trkpt lat="24.45994" lon="111.154964"><time>2026-08-22T09:20:54.770Z</time></trkpt>
      <trkpt lat="24.45994" lon="111.154964"><time>2026-08-22T09:20:54.786Z</time></trkpt>
      <trkpt lat="24.45994" lon="111.154964"><time>2026-08-22T09:20:54.803Z</time></trkpt>
      <trkpt lat="24.45994" lon="111.154964"><time>2026-08-22T09:20:54.820Z</time></trkpt>
      <trkpt lat="24.45994" lon="111.154964"><time>2026-08-22T09:20:54.836Z</time></trkpt>
      <trkpt lat="24.45994" lon="111.154964"><time>2026-08-22T09:20:54.853Z</time></trkpt>
      <trkpt lat="24.45994" lon="111.154964"><time>2026-08-22T09:20:54.870Z</time></trkpt>
      <trkpt lat="24.45994" lon="111.154965"><time>2026-08-22T09:20:54.886Z</time></trkpt>
      <trkpt lat="24.45994" lon="111.154965"><time>2026-08-22T09:20:54.903Z</time></trkpt>
      <trkpt lat="24.45994" lon="111.154965"><time>2026-08-22T09:20:54.920Z</time></trkpt>
      <trkpt lat="24.45994" lon="111.154965"><time>2026-08-22T09:20:54.936Z</time></trkpt>
      <trkpt lat="24.45994" lon="111.154965"><time>2026-08-22T09:20:54.953Z</time></trkpt>
      <trkpt lat="24.45994" lon="111.154965"><time>2026-08-22T09:20:54.970Z</time></trkpt>
      <trkpt lat="24.459939" lon="111.154965"><time>2026-08-22T09:20:54.986Z</time></trkpt>
      <trkpt lat="24.459939" lon="111.154965"><time>2026-08-22T09:20:55.003Z</time></trkpt>
      <trkpt lat="24.459939" lon="111.154965"><time>2026-08-22T09:20:55.020Z</time></trkpt>
      <trkpt lat="24.459939" lon="111.154965"><time>2026-08-22T09:20:55.037Z</time></trkpt>
      <trkpt lat="24.459939" lon="111.154965"><time>2026-08-22T09:20:55.053Z</time></trkpt>
      <trkpt lat="24.459939" lon="111.154965"><time>2026-08-22T09:20:55.070Z</time></trkpt>
      <trkpt lat="24.459939" lon="111.154966"><time>2026-08-22T09:20:55.087Z</time></trkpt>
      <trkpt lat="24.459939" lon="111.154966"><time>2026-08-22T09:20:55.103Z</time></trkpt>
      <trkpt lat="24.459939" lon="111.154966"><time>2026-08-22T09:20:55.120Z</time></trkpt>
      <trkpt lat="24.459939" lon="111.154966"><time>2026-08-22T09:20:55.137Z</time></trkpt>
      <trkpt lat="24.459939" lon="111.154966"><time>2026-08-22T09:20:55.153Z</time></trkpt>
      <trkpt lat="24.459939" lon="111.154966"><time>2026-08-22T09:20:55.170Z</time></trkpt>
      <trkpt lat="24.459939" lon="111.154967"><time>2026-08-22T09:20:55.187Z</time></trkpt>
      <trkpt lat="24.459939" lon="111.154967"><time>2026-08-22T09:20:55.203Z</time></trkpt>
      <trkpt lat="24.459939" lon="111.154967"><time>2026-08-22T09:20:55.220Z</time></trkpt>
      <trkpt lat="24.459939" lon="111.154967"><time>2026-08-22T09:20:55.237Z</time></trkpt>
      <trkpt lat="24.459939" lon="111.154967"><time>2026-08-22T09:20:55.253Z</time></trkpt>
      <trkpt lat="24.459939" lon="111.154967"><time>2026-08-22T09:20:55.270Z</time></trkpt>
      <trkpt lat="24.459939" lon="111.154967"><time>2026-08-22T09:20:55.287Z</time></trkpt>
      <trkpt lat="24.459939" lon="111.154967"><time>2026-08-22T09:20:55.303Z</time></trkpt>
      <trkpt lat="24.459939" lon="111.154967"><time>2026-08-22T09:20:55.320Z</time></trkpt>
      <trkpt lat="24.459939" lon="111.154967"><time>2026-08-22T09:20:55.337Z</time></trkpt>
      <trkpt lat="24.459939" lon="111.154967"><time>2026-08-22T09:20:55.354Z</time></trkpt>
      <trkpt lat="24.459939" lon="111.154967"><time>2026-08-22T09:20:55.370Z</time></trkpt>
      <trkpt lat="24.459939" lon="111.154968"><time>2026-08-22T09:20:55.387Z</time></trkpt>
      <trkpt lat="24.459939" lon="111.154968"><time>2026-08-22T09:20:55.404Z</time></trkpt>
      <trkpt lat="24.459939" lon="111.154968"><time>2026-08-22T09:20:55.420Z</time></trkpt>
      <trkpt lat="24.459939" lon="111.154968"><time>2026-08-22T09:20:55.437Z</time></trkpt>
      <trkpt lat="24.459939" lon="111.154968"><time>2026-08-22T09:20:55.454Z</time></trkpt>
      <trkpt lat="24.459939" lon="111.154968"><time>2026-08-22T09:20:55.470Z</time></trkpt>
      <trkpt lat="24.459939" lon="111.154969"><time>2026-08-22T09:20:55.487Z</time></trkpt>
      <trkpt lat="24.459939" lon="111.154969"><time>2026-08-22T09:20:55.504Z</time></trkpt>
      <trkpt lat="24.459939" lon="111.154969"><time>2026-08-22T09:20:55.520Z</time></trkpt>
      <trkpt lat="24.459939" lon="111.154969"><time>2026-08-22T09:20:55.537Z</time></trkpt>
      <trkpt lat="24.459939" lon="111.154969"><time>2026-08-22T09:20:55.554Z</time></trkpt>
      <trkpt lat="24.459939" lon="111.154969"><time>2026-08-22T09:20:55.570Z</time></trkpt>
      <trkpt lat="24.45994" lon="111.154969"><time>2026-08-22T09:20:55.587Z</time></trkpt>
      <trkpt lat="24.45994" lon="111.154969"><time>2026-08-22T09:20:55.604Z</time></trkpt>
      <trkpt lat="24.45994" lon="111.154969"><time>2026-08-22T09:20:55.620Z</time></trkpt>
      <trkpt lat="24.45994" lon="111.154969"><time>2026-08-22T09:20:55.637Z</time></trkpt>
      <trkpt lat="24.45994" lon="111.154969"><time>2026-08-22T09:20:55.654Z</time></trkpt>
      <trkpt lat="24.45994" lon="111.154969"><time>2026-08-22T09:20:55.671Z</time></trkpt>
      <trkpt lat="24.45994" lon="111.15497"><time>2026-08-22T09:20:55.687Z</time></trkpt>
      <trkpt lat="24.45994" lon="111.15497"><time>2026-08-22T09:20:55.704Z</time></trkpt>
    </trkseg>
  </trk>
</gpx>
