<?xml version="1.0" encoding="UTF-8"?>
<gpx version="1.1" creator="Kairos" xmlns="http://www.topografix.com/GPX/1/1">
  <trk>
    <name>sidecar-srt-f1f38925a72251c4</name>
    <trkseg>
      <trkpt lat="39.268052" lon="114.677572"><time>2026-06-19T05:16:45.000Z</time></trkpt>
      <trkpt lat="39.268052" lon="114.677572"><time>2026-06-19T05:16:45.016Z</time></trkpt>
      <trkpt lat="39.268052" lon="114.677572"><time>2026-06-19T05:16:45.032Z</time></trkpt>
      <trkpt lat="39.268052" lon="114.677572"><time>2026-06-19T05:16:45.049Z</time></trkpt>
      <trkpt lat="39.268052" lon="114.677572"><time>2026-06-19T05:16:45.066Z</time></trkpt>
      <trkpt lat="39.268052" lon="114.677572"><time>2026-06-19T05:16:45.082Z</time></trkpt>
      <trkpt lat="39.268052" lon="114.677572"><time>2026-06-19T05:16:45.099Z</time></trkpt>
      <trkpt lat="39.268052" lon="114.677572"><time>2026-06-19T05:16:45.116Z</time></trkpt>
      <trkpt lat="39.268052" lon="114.677572"><time>2026-06-19T05:16:45.132Z</time></trkpt>
      <trkpt lat="39.268052" lon="114.677572"><time>2026-06-19T05:16:45.149Z</time></trkpt>
      <trkpt lat="39.268052" lon="114.677572"><time>2026-06-19T05:16:45.166Z</time></trkpt>
      <trkpt lat="39.268052" lon="114.677572"><time>2026-06-19T05:16:45.182Z</time></trkpt>
      <trkpt lat="39.268052" lon="114.677572"><time>2026-06-19T05:16:45.199Z</time></trkpt>
      <trkpt lat="39.268052" lon="114.677572"><time>2026-06-19T05:16:45.216Z</time></trkpt>
      <trkpt lat="39.268052" lon="114.677572"><time>2026-06-19T05:16:45.232Z</time></trkpt>
      <trkpt lat="39.268052" lon="114.677572"><time>2026-06-19T05:16:45.249Z</time></trkpt>
      <trkpt lat="39.268052" lon="114.677572"><time>2026-06-19T05:16:45.266Z</time></trkpt>
      <trkpt lat="39.268053" lon="114.677572"><time>2026-06-19T05:16:45.282Z</time></trkpt>
      <trkpt lat="39.268053" lon="114.677572"><time>2026-06-19T05:16:45.299Z</time></trkpt>
      <trkpt lat="39.268053" lon="114.677572"><time>2026-06-19T05:16:45.316Z</time></trkpt>
      <trkpt lat="39.268053" lon="114.677572"><time>2026-06-19T05:16:45.333Z</time></trkpt>
      <trkpt lat="39.268053" lon="114.677572"><time>2026-06-19T05:16:45.349Z</time></trkpt>
      <trkpt lat="39.268053" lon="114.677572"><time>2026-06-19T05:16:45.366Z</time></trkpt>
      <trkpt lat="39.268054" lon="114.677571"><time>2026-06-19T05:16:45.383Z</time></trkpt>
      <trkpt lat="39.268054" lon="114.677571"><time>2026-06-19T05:16:45.399Z</time></trkpt>
      <trkpt lat="39.268054" lon="114.677571"><time>2026-06-19T05:16:45.416Z</time></trkpt>
      <trkpt lat="39.268054" lon="114.677571"><time>2026-06-19T05:16:45.433Z</time></trkpt>
      <trkpt lat="39.268054" lon="114.677571"><time>2026-06-19T05:16:45.449Z</time></trkpt>
      <trkpt lat="39.268054" lon="114.677571"><time>2026-06-19T05:16:45.466Z</time></trkpt>
      <trkpt lat="39.268055" lon="114.677571"><time>2026-06-19T05:16:45.483Z</time></trkpt>
      <trkpt lat="39.268055" lon="114.677571"><time>2026-06-19T05:16:45.499Z</time></trkpt>
      <trkpt lat="39.268055" lon="114.677571"><time>2026-06-19T05:16:45.516Z</time></trkpt>
      <trkpt lat="39.268055" lon="114.677571"><time>2026-06-19T05:16:45.533Z</time></trkpt>
      <trkpt lat="39.268055" lon="114.677571"><time>2026-06-19T05:16:45.549Z</time></trkpt>
      <trkpt lat="39.268055" lon="114.677571"><time>2026-06-19T05:16:45.566Z</time></trkpt>
      <trkpt lat="39.268057" lon="114.677571"><time>2026-06-19T05:16:45.583Z</time></trkpt>
      <trkpt lat="39.268057" lon="114.677571"><time>2026-06-19T05:16:45.599Z</time></trkpt>
      <trkpt lat="39.268057" lon="114.677571"><time>2026-06-19T05:16:45.616Z</time></trkpt>
      <trkpt lat="39.268057" lon="114.677571"><time>2026-06-19T05:16:45.633Z</time></trkpt>
      <trkpt lat="39.268057" lon="114.677571"><time>2026-06-19T05:16:45.650Z</time></trkpt>
      <trkpt lat="39.268057" lon="114.677571"><time>2026-06-19T05:16:45.666Z</time></trkpt>
      <trkpt lat="39.268059" lon="114.677571"><time>2026-06-19T05:16:45.683Z</time></trkpt>
      <trkpt lat="39.268059" lon="114.677571"><time>2026-06-19T05:16:45.700Z</time></trkpt>
      <trkpt lat="39.268059" lon="114.677571"><time>2026-06-19T05:16:45.716Z</time></trkpt>
      <trkpt lat="39.268059" lon="114.677571"><time>2026-06-19T05:16:45.733Z</time></trkpt>
      <trkpt lat="39.268059" lon="114.677571"><time>2026-06-19T05:16:45.750Z</time></trkpt>
      <trkpt lat="39.268059" lon="114.677571"><time>2026-06-19T05:16:45.766Z</time></trkpt>
      <trkpt lat="39.268061" lon="114.677571"><time>2026-06-19T05:16:45.783Z</time></trkpt>
      <trkpt lat="39.268061" lon="114.677571"><time>2026-06-19T05:16:45.800Z</time></trkpt>
      <trkpt lat="39.268061" lon="114.677571"><time>2026-06-19T05:16:45.816Z</time></trkpt>
      <trkpt lat="39.268061" lon="114.677571"><time>2026-06-19T05:16:45.833Z</time></trkpt>
      <trkpt lat="39.268061" lon="114.677571"><time>2026-06-19T05:16:45.850Z</time></trkpt>
      <trkpt lat="39.268061" lon="114.677571"><time>2026-06-19T05:16:45.866Z</time></trkpt>
      <trkpt lat="39.268064" lon="114.67757"><time>2026-06-19T05:16:45.883Z</time></trkpt>
      <trkpt lat="39.268064" lon="114.67757"><time>2026-06-19T05:16:45.900Z</time></trkpt>
      <trkpt lat="39.268064" lon="114.67757"><time>2026-06-19T05:16:45.916Z</time></trkpt>
      <trkpt lat="39.268064" lon="114.67757"><time>2026-06-19T05:16:45.933Z</time></trkpt>
      <trkpt lat="39.268064" lon="114.67757"><time>2026-06-19T05:16:45.950Z</time></trkpt>
      <trkpt lat="39.268064" lon="114.67757"><time>2026-06-19T05:16:45.967Z</time></trkpt>
      <trkpt lat="39.268066" lon="114.67757"><time>2026-06-19T05:16:45.983Z</time></trkpt>
      <trkpt lat="39.268066" lon="114.67757"><time>2026-06-19T05:16:46.000Z</time></trkpt>
      <trkpt lat="39.268066" lon="114.67757"><time>2026-06-19T05:16:46.017Z</time></trkpt>
      <trkpt lat="39.268066" lon="114.67757"><time>2026-06-19T05:16:46.033Z</time></trkpt>
      <trkpt lat="39.268066" lon="114.67757"><time>2026-06-19T05:16:46.050Z</time></trkpt>
      <trkpt lat="39.268066" lon="114.67757"><time>2026-06-19T05:16:46.067Z</time></trkpt>
      <trkpt lat="39.268069" lon="114.67757"><time>2026-06-19T05:16:46.083Z</time></trkpt>
      <trkpt lat="39.268069" lon="114.67757"><time>2026-06-19T05:16:46.100Z</time></trkpt>
      <trkpt lat="39.268069" lon="114.67757"><time>2026-06-19T05:16:46.117Z</time></trkpt>
      <trkpt lat="39.268069" lon="114.67757"><time>2026-06-19T05:16:46.133Z</time></trkpt>
      <trkpt lat="39.268069" lon="114.67757"><time>2026-06-19T05:16:46.150Z</time></trkpt>
      <trkpt lat="39.268069" lon="114.67757"><time>2026-06-19T05:16:46.167Z</time></trkpt>
      <trkpt lat="39.268073" lon="114.67757"><time>2026-06-19T05:16:46.183Z</time></trkpt>
      <trkpt lat="39.268073" lon="114.67757"><time>2026-06-19T05:16:46.200Z</time></trkpt>
      <trkpt lat="39.268073" lon="114.67757"><time>2026-06-19T05:16:46.217Z</time></trkpt>
      <trkpt lat="39.268073" lon="114.67757"><time>2026-06-19T05:16:46.233Z</time></trkpt>
      <trkpt lat="39.268073" lon="114.67757"><time>2026-06-19T05:16:46.250Z</time></trkpt>
      <trkpt lat="39.268073" lon="114.67757"><time>2026-06-19T05:16:46.267Z</time></trkpt>
      <trkpt lat="39.268076" lon="114.677569"><time>2026-06-19T05:16:46.284Z</time></trkpt>
      <trkpt lat="39.268076" lon="114.677569"><time>2026-06-19T05:16:46.300Z</time></trkpt>
      <trkpt lat="39.268076" lon="114.677569"><time>2026-06-19T05:16:46.317Z</time></trkpt>
      <trkpt lat="39.268076" lon="114.677569"><time>2026-06-19T05:16:46.334Z</time></trkpt>
      <trkpt lat="39.268076" lon="114.677569"><time>2026-06-19T05:16:46.350Z</time></trkpt>
      <trkpt lat="39.268076" lon="114.677569"><time>2026-06-19T05:16:46.367Z</time></trkpt>
      <trkpt lat="39.26808" lon="114.677569"><time>2026-06-19T05:16:46.384Z</time></trkpt>
      <trkpt lat="39.26808" lon="114.677569"><time>2026-06-19T05:16:46.400Z</time></trkpt>
      <trkpt lat="39.26808" lon="114.677569"><time>2026-06-19T05:16:46.417Z</time></trkpt>
      <trkpt lat="39.26808" lon="114.677569"><time>2026-06-19T05:16:46.434Z</time></trkpt>
      <trkpt lat="39.26808" lon="114.677569"><time>2026-06-19T05:16:46.450Z</time></trkpt>
      <trkpt lat="39.26808" lon="114.677569"><time>2026-06-19T05:16:46.467Z</time></trkpt>
      <trkpt lat="39.268084" lon="114.677569"><time>2026-06-19T05:16:46.484Z</time></trkpt>
      <trkpt lat="39.268084" lon="114.677569"><time>2026-06-19T05:16:46.500Z</time></trkpt>
      <trkpt lat="39.268084" lon="114.677569"><time>2026-06-19T05:16:46.517Z</time></trkpt>
      <trkpt lat="39.268084" lon="114.677569"><time>2026-06-19T05:16:46.534Z</time></trkpt>
      <trkpt lat="39.268084" lon="114.677569"><time>2026-06-19T05:16:46.550Z</time></trkpt>
      <trkpt lat="39.268084" lon="114.677569"><time>2026-06-19T05:16:46.567Z</time></trkpt>
      <trkpt lat="39.268088" lon="114.677568"><time>2026-06-19T05:16:46.584Z</time></trkpt>
      <trkpt lat="39.268088" lon="114.677568"><time>2026-06-19T05:16:46.601Z</time></trkpt>
      <trkpt lat="39.268088" lon="114.677568"><time>2026-06-19T05:16:46.617Z</time></trkpt>
      <trkpt lat="39.268088" lon="114.677568"><time>2026-06-19T05:16:46.634Z</time></trkpt>
      <trkpt lat="39.268088" lon="114.677568"><time>2026-06-19T05:16:46.651Z</time></trkpt>
      <trkpt lat="39.268088" lon="114.677568"><time>2026-06-19T05:16:46.667Z</time></trkpt>
      <trkpt lat="39.268092" lon="114.677567"><time>2026-06-19T05:16:46.684Z</time></trkpt>
      <trkpt lat="39.268092" lon="114.677567"><time>2026-06-19T05:16:46.701Z</time></trkpt>
      <trkpt lat="39.268092" lon="114.677567"><time>2026-06-19T05:16:46.717Z</time></trkpt>
      <trkpt lat="39.268092" lon="114.677567"><time>2026-06-19T05:16:46.734Z</time></trkpt>
      <trkpt lat="39.268092" lon="114.677567"><time>2026-06-19T05:16:46.751Z</time></trkpt>
      <trkpt lat="39.268092" lon="114.677567"><time>2026-06-19T05:16:46.767Z</time></trkpt>
      <trkpt lat="39.268097" lon="114.677567"><time>2026-06-19T05:16:46.784Z</time></trkpt>
      <trkpt lat="39.268097" lon="114.677567"><time>2026-06-19T05:16:46.801Z</time></trkpt>
      <trkpt lat="39.268097" lon="114.677567"><time>2026-06-19T05:16:46.817Z</time></trkpt>
      <trkpt lat="39.268097" lon="114.677567"><time>2026-06-19T05:16:46.834Z</time></trkpt>
      <trkpt lat="39.268097" lon="114.677567"><time>2026-06-19T05:16:46.851Z</time></trkpt>
      <trkpt lat="39.268097" lon="114.677567"><time>2026-06-19T05:16:46.867Z</time></trkpt>
      <trkpt lat="39.268102" lon="114.677566"><time>2026-06-19T05:16:46.884Z</time></trkpt>
      <trkpt lat="39.268102" lon="114.677566"><time>2026-06-19T05:16:46.901Z</time></trkpt>
      <trkpt lat="39.268102" lon="114.677566"><time>2026-06-19T05:16:46.917Z</time></trkpt>
      <trkpt lat="39.268102" lon="114.677566"><time>2026-06-19T05:16:46.934Z</time></trkpt>
      <trkpt lat="39.268102" lon="114.677566"><time>2026-06-19T05:16:46.951Z</time></trkpt>
      <trkpt lat="39.268102" lon="114.677566"><time>2026-06-19T05:16:46.968Z</time></trkpt>
      <trkpt lat="39.268106" lon="114.677565"><time>2026-06-19T05:16:46.984Z</time></trkpt>
      <trkpt lat="39.268106" lon="114.677565"><time>2026-06-19T05:16:47.001Z</time></trkpt>
      <trkpt lat="39.268106" lon="114.677565"><time>2026-06-19T05:16:47.018Z</time></trkpt>
      <trkpt lat="39.268106" lon="114.677565"><time>2026-06-19T05:16:47.034Z</time></trkpt>
      <trkpt lat="39.268106" lon="114.677565"><time>2026-06-19T05:16:47.051Z</time></trkpt>
      <trkpt lat="39.268106" lon="114.677565"><time>2026-06-19T05:16:47.068Z</time></trkpt>
      <trkpt lat="39.268111" lon="114.677565"><time>2026-06-19T05:16:47.084Z</time></trkpt>
      <trkpt lat="39.268111" lon="114.677565"><time>2026-06-19T05:16:47.101Z</time></trkpt>
      <trkpt lat="39.268111" lon="114.677565"><time>2026-06-19T05:16:47.118Z</time></trkpt>
      <trkpt lat="39.268111" lon="114.677565"><time>2026-06-19T05:16:47.134Z</time></trkpt>
      <trkpt lat="39.268111" lon="114.677565"><time>2026-06-19T05:16:47.151Z</time></trkpt>
      <trkpt lat="39.268111" lon="114.677565"><time>2026-06-19T05:16:47.168Z</time></trkpt>
      <trkpt lat="39.268117" lon="114.677564"><time>2026-06-19T05:16:47.184Z</time></trkpt>
      <trkpt lat="39.268117" lon="114.677564"><time>2026-06-19T05:16:47.201Z</time></trkpt>
      <trkpt lat="39.268117" lon="114.677564"><time>2026-06-19T05:16:47.218Z</time></trkpt>
      <trkpt lat="39.268117" lon="114.677564"><time>2026-06-19T05:16:47.234Z</time></trkpt>
      <trkpt lat="39.268117" lon="114.677564"><time>2026-06-19T05:16:47.251Z</time></trkpt>
      <trkpt lat="39.268117" lon="114.677564"><time>2026-06-19T05:16:47.268Z</time></trkpt>
      <trkpt lat="39.268122" lon="114.677563"><time>2026-06-19T05:16:47.285Z</time></trkpt>
      <trkpt lat="39.268122" lon="114.677563"><time>2026-06-19T05:16:47.301Z</time></trkpt>
      <trkpt lat="39.268122" lon="114.677563"><time>2026-06-19T05:16:47.318Z</time></trkpt>
      <trkpt lat="39.268122" lon="114.677563"><time>2026-06-19T05:16:47.335Z</time></trkpt>
      <trkpt lat="39.268122" lon="114.677563"><time>2026-06-19T05:16:47.351Z</time></trkpt>
      <trkpt lat="39.268122" lon="114.677563"><time>2026-06-19T05:16:47.368Z</time></trkpt>
      <trkpt lat="39.268127" lon="114.677563"><time>2026-06-19T05:16:47.385Z</time></trkpt>
      <trkpt lat="39.268127" lon="114.677563"><time>2026-06-19T05:16:47.401Z</time></trkpt>
      <trkpt lat="39.268127" lon="114.677563"><time>2026-06-19T05:16:47.418Z</time></trkpt>
      <trkpt lat="39.268127" lon="114.677563"><time>2026-06-19T05:16:47.435Z</time></trkpt>
      <trkpt lat="39.268127" lon="114.677563"><time>2026-06-19T05:16:47.451Z</time></trkpt>
      <trkpt lat="39.268127" lon="114.677563"><time>2026-06-19T05:16:47.468Z</time></trkpt>
      <trkpt lat="39.268133" lon="114.677562"><time>2026-06-19T05:16:47.485Z</time></trkpt>
      <trkpt lat="39.268133" lon="114.677562"><time>2026-06-19T05:16:47.501Z</time></trkpt>
      <trkpt lat="39.268133" lon="114.677562"><time>2026-06-19T05:16:47.518Z</time></trkpt>
      <trkpt lat="39.268133" lon="114.677562"><time>2026-06-19T05:16:47.535Z</time></trkpt>
      <trkpt lat="39.268133" lon="114.677562"><time>2026-06-19T05:16:47.551Z</time></trkpt>
      <trkpt lat="39.268133" lon="114.677562"><time>2026-06-19T05:16:47.568Z</time></trkpt>
      <trkpt lat="39.268139" lon="114.677561"><time>2026-06-19T05:16:47.585Z</time></trkpt>
      <trkpt lat="39.268139" lon="114.677561"><time>2026-06-19T05:16:47.602Z</time></trkpt>
      <trkpt lat="39.268139" lon="114.677561"><time>2026-06-19T05:16:47.618Z</time></trkpt>
      <trkpt lat="39.268139" lon="114.677561"><time>2026-06-19T05:16:47.635Z</time></trkpt>
      <trkpt lat="39.268139" lon="114.677561"><time>2026-06-19T05:16:47.652Z</time></trkpt>
      <trkpt lat="39.268139" lon="114.677561"><time>2026-06-19T05:16:47.668Z</time></trkpt>
      <trkpt lat="39.268145" lon="114.677561"><time>2026-06-19T05:16:47.685Z</time></trkpt>
      <trkpt lat="39.268145" lon="114.677561"><time>2026-06-19T05:16:47.702Z</time></trkpt>
      <trkpt lat="39.268145" lon="114.677561"><time>2026-06-19T05:16:47.718Z</time></trkpt>
      <trkpt lat="39.268145" lon="114.677561"><time>2026-06-19T05:16:47.735Z</time></trkpt>
      <trkpt lat="39.268145" lon="114.677561"><time>2026-06-19T05:16:47.752Z</time></trkpt>
      <trkpt lat="39.268145" lon="114.677561"><time>2026-06-19T05:16:47.768Z</time></trkpt>
      <trkpt lat="39.268151" lon="114.67756"><time>2026-06-19T05:16:47.785Z</time></trkpt>
      <trkpt lat="39.268151" lon="114.67756"><time>2026-06-19T05:16:47.802Z</time></trkpt>
      <trkpt lat="39.268151" lon="114.67756"><time>2026-06-19T05:16:47.818Z</time></trkpt>
      <trkpt lat="39.268151" lon="114.67756"><time>2026-06-19T05:16:47.835Z</time></trkpt>
      <trkpt lat="39.268151" lon="114.67756"><time>2026-06-19T05:16:47.852Z</time></trkpt>
      <trkpt lat="39.268151" lon="114.67756"><time>2026-06-19T05:16:47.868Z</time></trkpt>
      <trkpt lat="39.268157" lon="114.677559"><time>2026-06-19T05:16:47.885Z</time></trkpt>
      <trkpt lat="39.268157" lon="114.677559"><time>2026-06-19T05:16:47.902Z</time></trkpt>
      <trkpt lat="39.268157" lon="114.677559"><time>2026-06-19T05:16:47.919Z</time></trkpt>
      <trkpt lat="39.268157" lon="114.677559"><time>2026-06-19T05:16:47.935Z</time></trkpt>
      <trkpt lat="39.268157" lon="114.677559"><time>2026-06-19T05:16:47.952Z</time></trkpt>
      <trkpt lat="39.268157" lon="114.677559"><time>2026-06-19T05:16:47.969Z</time></trkpt>
      <trkpt lat="39.268163" lon="114.677559"><time>2026-06-19T05:16:47.985Z</time></trkpt>
      <trkpt lat="39.268163" lon="114.677559"><time>2026-06-19T05:16:48.002Z</time></trkpt>
      <trkpt lat="39.268163" lon="114.677559"><time>2026-06-19T05:16:48.019Z</time></trkpt>
      <trkpt lat="39.268163" lon="114.677559"><time>2026-06-19T05:16:48.035Z</time></trkpt>
      <trkpt lat="39.268163" lon="114.677559"><time>2026-06-19T05:16:48.052Z</time></trkpt>
      <trkpt lat="39.268163" lon="114.677559"><time>2026-06-19T05:16:48.069Z</time></trkpt>
      <trkpt lat="39.268169" lon="114.677558"><time>2026-06-19T05:16:48.085Z</time></trkpt>
      <trkpt lat="39.268169" lon="114.677558"><time>2026-06-19T05:16:48.102Z</time></trkpt>
      <trkpt lat="39.268169" lon="114.677558"><time>2026-06-19T05:16:48.119Z</time></trkpt>
      <trkpt lat="39.268169" lon="114.677558"><time>2026-06-19T05:16:48.135Z</time></trkpt>
      <trkpt lat="39.268169" lon="114.677558"><time>2026-06-19T05:16:48.152Z</time></trkpt>
      <trkpt lat="39.268169" lon="114.677558"><time>2026-06-19T05:16:48.169Z</time></trkpt>
      <trkpt lat="39.268175" lon="114.677558"><time>2026-06-19T05:16:48.185Z</time></trkpt>
      <trkpt lat="39.268175" lon="114.677558"><time>2026-06-19T05:16:48.202Z</time></trkpt>
      <trkpt lat="39.268175" lon="114.677558"><time>2026-06-19T05:16:48.219Z</time></trkpt>
      <trkpt lat="39.268175" lon="114.677558"><time>2026-06-19T05:16:48.236Z</time></trkpt>
      <trkpt lat="39.268175" lon="114.677558"><time>2026-06-19T05:16:48.252Z</time></trkpt>
      <trkpt lat="39.268175" lon="114.677558"><time>2026-06-19T05:16:48.269Z</time></trkpt>
      <trkpt lat="39.268182" lon="114.677557"><time>2026-06-19T05:16:48.286Z</time></trkpt>
      <trkpt lat="39.268182" lon="114.677557"><time>2026-06-19T05:16:48.302Z</time></trkpt>
      <trkpt lat="39.268182" lon="114.677557"><time>2026-06-19T05:16:48.319Z</time></trkpt>
      <trkpt lat="39.268182" lon="114.677557"><time>2026-06-19T05:16:48.336Z</time></trkpt>
      <trkpt lat="39.268182" lon="114.677557"><time>2026-06-19T05:16:48.352Z</time></trkpt>
      <trkpt lat="39.268182" lon="114.677557"><time>2026-06-19T05:16:48.369Z</time></trkpt>
      <trkpt lat="39.268189" lon="114.677556"><time>2026-06-19T05:16:48.386Z</time></trkpt>
      <trkpt lat="39.268189" lon="114.677556"><time>2026-06-19T05:16:48.402Z</time></trkpt>
      <trkpt lat="39.268189" lon="114.677556"><time>2026-06-19T05:16:48.419Z</time></trkpt>
      <trkpt lat="39.268189" lon="114.677556"><time>2026-06-19T05:16:48.436Z</time></trkpt>
      <trkpt lat="39.268189" lon="114.677556"><time>2026-06-19T05:16:48.452Z</time></trkpt>
      <trkpt lat="39.268189" lon="114.677556"><time>2026-06-19T05:16:48.469Z</time></trkpt>
      <trkpt lat="39.268195" lon="114.677556"><time>2026-06-19T05:16:48.486Z</time></trkpt>
      <trkpt lat="39.268195" lon="114.677556"><time>2026-06-19T05:16:48.502Z</time></trkpt>
      <trkpt lat="39.268195" lon="114.677556"><time>2026-06-19T05:16:48.519Z</time></trkpt>
      <trkpt lat="39.268195" lon="114.677556"><time>2026-06-19T05:16:48.536Z</time></trkpt>
      <trkpt lat="39.268195" lon="114.677556"><time>2026-06-19T05:16:48.553Z</time></trkpt>
      <trkpt lat="39.268195" lon="114.677556"><time>2026-06-19T05:16:48.569Z</time></trkpt>
      <trkpt lat="39.268202" lon="114.677555"><time>2026-06-19T05:16:48.586Z</time></trkpt>
      <trkpt lat="39.268202" lon="114.677555"><time>2026-06-19T05:16:48.603Z</time></trkpt>
      <trkpt lat="39.268202" lon="114.677555"><time>2026-06-19T05:16:48.619Z</time></trkpt>
      <trkpt lat="39.268202" lon="114.677555"><time>2026-06-19T05:16:48.636Z</time></trkpt>
      <trkpt lat="39.268202" lon="114.677555"><time>2026-06-19T05:16:48.653Z</time></trkpt>
      <trkpt lat="39.268202" lon="114.677555"><time>2026-06-19T05:16:48.669Z</time></trkpt>
      <trkpt lat="39.268209" lon="114.677554"><time>2026-06-19T05:16:48.686Z</time></trkpt>
      <trkpt lat="39.268209" lon="114.677554"><time>2026-06-19T05:16:48.703Z</time></trkpt>
      <trkpt lat="39.268209" lon="114.677554"><time>2026-06-19T05:16:48.719Z</time></trkpt>
      <trkpt lat="39.268209" lon="114.677554"><time>2026-06-19T05:16:48.736Z</time></trkpt>
      <trkpt lat="39.268209" lon="114.677554"><time>2026-06-19T05:16:48.753Z</time></trkpt>
      <trkpt lat="39.268209" lon="114.677554"><time>2026-06-19T05:16:48.769Z</time></trkpt>
      <trkpt lat="39.268213" lon="114.677553"><time>2026-06-19T05:16:48.786Z</time></trkpt>
      <trkpt lat="39.268213" lon="114.677553"><time>2026-06-19T05:16:48.803Z</time></trkpt>
      <trkpt lat="39.268213" lon="114.677553"><time>2026-06-19T05:16:48.819Z</time></trkpt>
      <trkpt lat="39.268213" lon="114.677553"><time>2026-06-19T05:16:48.836Z</time></trkpt>
      <trkpt lat="39.268213" lon="114.677553"><time>2026-06-19T05:16:48.853Z</time></trkpt>
      <trkpt lat="39.268213" lon="114.677553"><time>2026-06-19T05:16:48.870Z</time></trkpt>
      <trkpt lat="39.26822" lon="114.677552"><time>2026-06-19T05:16:48.886Z</time></trkpt>
      <trkpt lat="39.26822" lon="114.677552"><time>2026-06-19T05:16:48.903Z</time></trkpt>
      <trkpt lat="39.26822" lon="114.677552"><time>2026-06-19T05:16:48.920Z</time></trkpt>
      <trkpt lat="39.26822" lon="114.677552"><time>2026-06-19T05:16:48.936Z</time></trkpt>
      <trkpt lat="39.26822" lon="114.677552"><time>2026-06-19T05:16:48.953Z</time></trkpt>
      <trkpt lat="39.26822" lon="114.677552"><time>2026-06-19T05:16:48.970Z</time></trkpt>
      <trkpt lat="39.268227" lon="114.677552"><time>2026-06-19T05:16:48.986Z</time></trkpt>
      <trkpt lat="39.268227" lon="114.677552"><time>2026-06-19T05:16:49.003Z</time></trkpt>
      <trkpt lat="39.268227" lon="114.677552"><time>2026-06-19T05:16:49.020Z</time></trkpt>
      <trkpt lat="39.268227" lon="114.677552"><time>2026-06-19T05:16:49.036Z</time></trkpt>
      <trkpt lat="39.268227" lon="114.677552"><time>2026-06-19T05:16:49.053Z</time></trkpt>
      <trkpt lat="39.268227" lon="114.677552"><time>2026-06-19T05:16:49.070Z</time></trkpt>
      <trkpt lat="39.268234" lon="114.677551"><time>2026-06-19T05:16:49.086Z</time></trkpt>
      <trkpt lat="39.268234" lon="114.677551"><time>2026-06-19T05:16:49.103Z</time></trkpt>
      <trkpt lat="39.268234" lon="114.677551"><time>2026-06-19T05:16:49.120Z</time></trkpt>
      <trkpt lat="39.268234" lon="114.677551"><time>2026-06-19T05:16:49.136Z</time></trkpt>
      <trkpt lat="39.268234" lon="114.677551"><time>2026-06-19T05:16:49.153Z</time></trkpt>
      <trkpt lat="39.268234" lon="114.677551"><time>2026-06-19T05:16:49.170Z</time></trkpt>
      <trkpt lat="39.268242" lon="114.67755"><time>2026-06-19T05:16:49.187Z</time></trkpt>
      <trkpt lat="39.268242" lon="114.67755"><time>2026-06-19T05:16:49.203Z</time></trkpt>
      <trkpt lat="39.268242" lon="114.67755"><time>2026-06-19T05:16:49.220Z</time></trkpt>
      <trkpt lat="39.268242" lon="114.67755"><time>2026-06-19T05:16:49.237Z</time></trkpt>
      <trkpt lat="39.268242" lon="114.67755"><time>2026-06-19T05:16:49.253Z</time></trkpt>
      <trkpt lat="39.268242" lon="114.67755"><time>2026-06-19T05:16:49.270Z</time></trkpt>
      <trkpt lat="39.268249" lon="114.67755"><time>2026-06-19T05:16:49.287Z</time></trkpt>
      <trkpt lat="39.268249" lon="114.67755"><time>2026-06-19T05:16:49.303Z</time></trkpt>
      <trkpt lat="39.268249" lon="114.67755"><time>2026-06-19T05:16:49.320Z</time></trkpt>
      <trkpt lat="39.268249" lon="114.67755"><time>2026-06-19T05:16:49.337Z</time></trkpt>
      <trkpt lat="39.268249" lon="114.67755"><time>2026-06-19T05:16:49.353Z</time></trkpt>
      <trkpt lat="39.268249" lon="114.67755"><time>2026-06-19T05:16:49.370Z</time></trkpt>
      <trkpt lat="39.268256" lon="114.677549"><time>2026-06-19T05:16:49.387Z</time></trkpt>
      <trkpt lat="39.268256" lon="114.677549"><time>2026-06-19T05:16:49.403Z</time></trkpt>
      <trkpt lat="39.268256" lon="114.677549"><time>2026-06-19T05:16:49.420Z</time></trkpt>
      <trkpt lat="39.268256" lon="114.677549"><time>2026-06-19T05:16:49.437Z</time></trkpt>
      <trkpt lat="39.268256" lon="114.677549"><time>2026-06-19T05:16:49.453Z</time></trkpt>
      <trkpt lat="39.268256" lon="114.677549"><time>2026-06-19T05:16:49.470Z</time></trkpt>
      <trkpt lat="39.268264" lon="114.677548"><time>2026-06-19T05:16:49.487Z</time></trkpt>
      <trkpt lat="39.268264" lon="114.677548"><time>2026-06-19T05:16:49.504Z</time></trkpt>
      <trkpt lat="39.268264" lon="114.677548"><time>2026-06-19T05:16:49.520Z</time></trkpt>
      <trkpt lat="39.268264" lon="114.677548"><time>2026-06-19T05:16:49.537Z</time></trkpt>
      <trkpt lat="39.268264" lon="114.677548"><time>2026-06-19T05:16:49.554Z</time></trkpt>
      <trkpt lat="39.268264" lon="114.677548"><time>2026-06-19T05:16:49.570Z</time></trkpt>
      <trkpt lat="39.268271" lon="114.677547"><time>2026-06-19T05:16:49.587Z</time></trkpt>
      <trkpt lat="39.268271" lon="114.677547"><time>2026-06-19T05:16:49.604Z</time></trkpt>
      <trkpt lat="39.268271" lon="114.677547"><time>2026-06-19T05:16:49.620Z</time></trkpt>
      <trkpt lat="39.268271" lon="114.677547"><time>2026-06-19T05:16:49.637Z</time></trkpt>
      <trkpt lat="39.268271" lon="114.677547"><time>2026-06-19T05:16:49.654Z</time></trkpt>
      <trkpt lat="39.268271" lon="114.677547"><time>2026-06-19T05:16:49.670Z</time></trkpt>
      <trkpt lat="39.268279" lon="114.677547"><time>2026-06-19T05:16:49.687Z</time></trkpt>
      <trkpt lat="39.268279" lon="114.677547"><time>2026-06-19T05:16:49.704Z</time></trkpt>
      <trkpt lat="39.268279" lon="114.677547"><time>2026-06-19T05:16:49.720Z</time></trkpt>
      <trkpt lat="39.268279" lon="114.677547"><time>2026-06-19T05:16:49.737Z</time></trkpt>
      <trkpt lat="39.268279" lon="114.677547"><time>2026-06-19T05:16:49.754Z</time></trkpt>
      <trkpt lat="39.268279" lon="114.677547"><time>2026-06-19T05:16:49.770Z</time></trkpt>
      <trkpt lat="39.268286" lon="114.677546"><time>2026-06-19T05:16:49.787Z</time></trkpt>
      <trkpt lat="39.268286" lon="114.677546"><time>2026-06-19T05:16:49.804Z</time></trkpt>
      <trkpt lat="39.268286" lon="114.677546"><time>2026-06-19T05:16:49.821Z</time></trkpt>
      <trkpt lat="39.268286" lon="114.677546"><time>2026-06-19T05:16:49.837Z</time></trkpt>
      <trkpt lat="39.268286" lon="114.677546"><time>2026-06-19T05:16:49.854Z</time></trkpt>
      <trkpt lat="39.268286" lon="114.677546"><time>2026-06-19T05:16:49.871Z</time></trkpt>
      <trkpt lat="39.268294" lon="114.677545"><time>2026-06-19T05:16:49.887Z</time></trkpt>
      <trkpt lat="39.268294" lon="114.677545"><time>2026-06-19T05:16:49.904Z</time></trkpt>
      <trkpt lat="39.268294" lon="114.677545"><time>2026-06-19T05:16:49.921Z</time></trkpt>
      <trkpt lat="39.268294" lon="114.677545"><time>2026-06-19T05:16:49.937Z</time></trkpt>
      <trkpt lat="39.268294" lon="114.677545"><time>2026-06-19T05:16:49.954Z</time></trkpt>
      <trkpt lat="39.268294" lon="114.677545"><time>2026-06-19T05:16:49.971Z</time></trkpt>
      <trkpt lat="39.268302" lon="114.677545"><time>2026-06-19T05:16:49.987Z</time></trkpt>
      <trkpt lat="39.268302" lon="114.677545"><time>2026-06-19T05:16:50.004Z</time></trkpt>
      <trkpt lat="39.268302" lon="114.677545"><time>2026-06-19T05:16:50.021Z</time></trkpt>
      <trkpt lat="39.268302" lon="114.677545"><time>2026-06-19T05:16:50.037Z</time></trkpt>
      <trkpt lat="39.268302" lon="114.677545"><time>2026-06-19T05:16:50.054Z</time></trkpt>
      <trkpt lat="39.268302" lon="114.677545"><time>2026-06-19T05:16:50.071Z</time></trkpt>
      <trkpt lat="39.26831" lon="114.677544"><time>2026-06-19T05:16:50.087Z</time></trkpt>
      <trkpt lat="39.26831" lon="114.677544"><time>2026-06-19T05:16:50.104Z</time></trkpt>
      <trkpt lat="39.26831" lon="114.677544"><time>2026-06-19T05:16:50.121Z</time></trkpt>
      <trkpt lat="39.26831" lon="114.677544"><time>2026-06-19T05:16:50.138Z</time></trkpt>
      <trkpt lat="39.26831" lon="114.677544"><time>2026-06-19T05:16:50.154Z</time></trkpt>
      <trkpt lat="39.26831" lon="114.677544"><time>2026-06-19T05:16:50.171Z</time></trkpt>
      <trkpt lat="39.268318" lon="114.677543"><time>2026-06-19T05:16:50.188Z</time></trkpt>
      <trkpt lat="39.268318" lon="114.677543"><time>2026-06-19T05:16:50.204Z</time></trkpt>
      <trkpt lat="39.268318" lon="114.677543"><time>2026-06-19T05:16:50.221Z</time></trkpt>
      <trkpt lat="39.268318" lon="114.677543"><time>2026-06-19T05:16:50.238Z</time></trkpt>
      <trkpt lat="39.268318" lon="114.677543"><time>2026-06-19T05:16:50.254Z</time></trkpt>
      <trkpt lat="39.268318" lon="114.677543"><time>2026-06-19T05:16:50.271Z</time></trkpt>
      <trkpt lat="39.268325" lon="114.677543"><time>2026-06-19T05:16:50.288Z</time></trkpt>
      <trkpt lat="39.268325" lon="114.677543"><time>2026-06-19T05:16:50.304Z</time></trkpt>
      <trkpt lat="39.268325" lon="114.677543"><time>2026-06-19T05:16:50.321Z</time></trkpt>
      <trkpt lat="39.268325" lon="114.677543"><time>2026-06-19T05:16:50.338Z</time></trkpt>
      <trkpt lat="39.268325" lon="114.677543"><time>2026-06-19T05:16:50.354Z</time></trkpt>
      <trkpt lat="39.268325" lon="114.677543"><time>2026-06-19T05:16:50.371Z</time></trkpt>
      <trkpt lat="39.268333" lon="114.677542"><time>2026-06-19T05:16:50.388Z</time></trkpt>
      <trkpt lat="39.268333" lon="114.677542"><time>2026-06-19T05:16:50.404Z</time></trkpt>
      <trkpt lat="39.268333" lon="114.677542"><time>2026-06-19T05:16:50.421Z</time></trkpt>
      <trkpt lat="39.268333" lon="114.677542"><time>2026-06-19T05:16:50.438Z</time></trkpt>
      <trkpt lat="39.268333" lon="114.677542"><time>2026-06-19T05:16:50.455Z</time></trkpt>
      <trkpt lat="39.268333" lon="114.677542"><time>2026-06-19T05:16:50.471Z</time></trkpt>
      <trkpt lat="39.268341" lon="114.677541"><time>2026-06-19T05:16:50.488Z</time></trkpt>
      <trkpt lat="39.268341" lon="114.677541"><time>2026-06-19T05:16:50.505Z</time></trkpt>
      <trkpt lat="39.268341" lon="114.677541"><time>2026-06-19T05:16:50.521Z</time></trkpt>
      <trkpt lat="39.268341" lon="114.677541"><time>2026-06-19T05:16:50.538Z</time></trkpt>
      <trkpt lat="39.268341" lon="114.677541"><time>2026-06-19T05:16:50.555Z</time></trkpt>
      <trkpt lat="39.268341" lon="114.677541"><time>2026-06-19T05:16:50.571Z</time></trkpt>
      <trkpt lat="39.268349" lon="114.677541"><time>2026-06-19T05:16:50.588Z</time></trkpt>
      <trkpt lat="39.268349" lon="114.677541"><time>2026-06-19T05:16:50.605Z</time></trkpt>
      <trkpt lat="39.268349" lon="114.677541"><time>2026-06-19T05:16:50.621Z</time></trkpt>
      <trkpt lat="39.268349" lon="114.677541"><time>2026-06-19T05:16:50.638Z</time></trkpt>
      <trkpt lat="39.268349" lon="114.677541"><time>2026-06-19T05:16:50.655Z</time></trkpt>
      <trkpt lat="39.268349" lon="114.677541"><time>2026-06-19T05:16:50.671Z</time></trkpt>
      <trkpt lat="39.268357" lon="114.67754"><time>2026-06-19T05:16:50.688Z</time></trkpt>
      <trkpt lat="39.268357" lon="114.67754"><time>2026-06-19T05:16:50.705Z</time></trkpt>
      <trkpt lat="39.268357" lon="114.67754"><time>2026-06-19T05:16:50.721Z</time></trkpt>
      <trkpt lat="39.268357" lon="114.67754"><time>2026-06-19T05:16:50.738Z</time></trkpt>
      <trkpt lat="39.268357" lon="114.67754"><time>2026-06-19T05:16:50.755Z</time></trkpt>
      <trkpt lat="39.268357" lon="114.67754"><time>2026-06-19T05:16:50.772Z</time></trkpt>
      <trkpt lat="39.268366" lon="114.677539"><time>2026-06-19T05:16:50.788Z</time></trkpt>
      <trkpt lat="39.268366" lon="114.677539"><time>2026-06-19T05:16:50.805Z</time></trkpt>
      <trkpt lat="39.268366" lon="114.677539"><time>2026-06-19T05:16:50.822Z</time></trkpt>
      <trkpt lat="39.268366" lon="114.677539"><time>2026-06-19T05:16:50.838Z</time></trkpt>
      <trkpt lat="39.268366" lon="114.677539"><time>2026-06-19T05:16:50.855Z</time></trkpt>
      <trkpt lat="39.268366" lon="114.677539"><time>2026-06-19T05:16:50.872Z</time></trkpt>
      <trkpt lat="39.268374" lon="114.677539"><time>2026-06-19T05:16:50.888Z</time></trkpt>
      <trkpt lat="39.268374" lon="114.677539"><time>2026-06-19T05:16:50.905Z</time></trkpt>
      <trkpt lat="39.268374" lon="114.677539"><time>2026-06-19T05:16:50.922Z</time></trkpt>
      <trkpt lat="39.268374" lon="114.677539"><time>2026-06-19T05:16:50.938Z</time></trkpt>
      <trkpt lat="39.268374" lon="114.677539"><time>2026-06-19T05:16:50.955Z</time></trkpt>
      <trkpt lat="39.268374" lon="114.677539"><time>2026-06-19T05:16:50.972Z</time></trkpt>
      <trkpt lat="39.268382" lon="114.677538"><time>2026-06-19T05:16:50.988Z</time></trkpt>
      <trkpt lat="39.268382" lon="114.677538"><time>2026-06-19T05:16:51.005Z</time></trkpt>
      <trkpt lat="39.268382" lon="114.677538"><time>2026-06-19T05:16:51.022Z</time></trkpt>
      <trkpt lat="39.268382" lon="114.677538"><time>2026-06-19T05:16:51.038Z</time></trkpt>
      <trkpt lat="39.268382" lon="114.677538"><time>2026-06-19T05:16:51.055Z</time></trkpt>
      <trkpt lat="39.268382" lon="114.677538"><time>2026-06-19T05:16:51.072Z</time></trkpt>
      <trkpt lat="39.26839" lon="114.677537"><time>2026-06-19T05:16:51.089Z</time></trkpt>
      <trkpt lat="39.26839" lon="114.677537"><time>2026-06-19T05:16:51.105Z</time></trkpt>
      <trkpt lat="39.26839" lon="114.677537"><time>2026-06-19T05:16:51.122Z</time></trkpt>
      <trkpt lat="39.26839" lon="114.677537"><time>2026-06-19T05:16:51.139Z</time></trkpt>
      <trkpt lat="39.26839" lon="114.677537"><time>2026-06-19T05:16:51.155Z</time></trkpt>
      <trkpt lat="39.26839" lon="114.677537"><time>2026-06-19T05:16:51.172Z</time></trkpt>
      <trkpt lat="39.268398" lon="114.677537"><time>2026-06-19T05:16:51.189Z</time></trkpt>
      <trkpt lat="39.268398" lon="114.677537"><time>2026-06-19T05:16:51.205Z</time></trkpt>
      <trkpt lat="39.268398" lon="114.677537"><time>2026-06-19T05:16:51.222Z</time></trkpt>
      <trkpt lat="39.268398" lon="114.677537"><time>2026-06-19T05:16:51.239Z</time></trkpt>
      <trkpt lat="39.268398" lon="114.677537"><time>2026-06-19T05:16:51.255Z</time></trkpt>
      <trkpt lat="39.268398" lon="114.677537"><time>2026-06-19T05:16:51.272Z</time></trkpt>
      <trkpt lat="39.268406" lon="114.677536"><time>2026-06-19T05:16:51.289Z</time></trkpt>
      <trkpt lat="39.268406" lon="114.677536"><time>2026-06-19T05:16:51.305Z</time></trkpt>
      <trkpt lat="39.268406" lon="114.677536"><time>2026-06-19T05:16:51.322Z</time></trkpt>
      <trkpt lat="39.268406" lon="114.677536"><time>2026-06-19T05:16:51.339Z</time></trkpt>
      <trkpt lat="39.268406" lon="114.677536"><time>2026-06-19T05:16:51.355Z</time></trkpt>
      <trkpt lat="39.268406" lon="114.677536"><time>2026-06-19T05:16:51.372Z</time></trkpt>
      <trkpt lat="39.268415" lon="114.677535"><time>2026-06-19T05:16:51.389Z</time></trkpt>
      <trkpt lat="39.268415" lon="114.677535"><time>2026-06-19T05:16:51.406Z</time></trkpt>
      <trkpt lat="39.268415" lon="114.677535"><time>2026-06-19T05:16:51.422Z</time></trkpt>
      <trkpt lat="39.268415" lon="114.677535"><time>2026-06-19T05:16:51.439Z</time></trkpt>
      <trkpt lat="39.268415" lon="114.677535"><time>2026-06-19T05:16:51.456Z</time></trkpt>
      <trkpt lat="39.268415" lon="114.677535"><time>2026-06-19T05:16:51.472Z</time></trkpt>
      <trkpt lat="39.268423" lon="114.677535"><time>2026-06-19T05:16:51.489Z</time></trkpt>
      <trkpt lat="39.268423" lon="114.677535"><time>2026-06-19T05:16:51.506Z</time></trkpt>
      <trkpt lat="39.268423" lon="114.677535"><time>2026-06-19T05:16:51.522Z</time></trkpt>
      <trkpt lat="39.268423" lon="114.677535"><time>2026-06-19T05:16:51.539Z</time></trkpt>
      <trkpt lat="39.268423" lon="114.677535"><time>2026-06-19T05:16:51.556Z</time></trkpt>
      <trkpt lat="39.268423" lon="114.677535"><time>2026-06-19T05:16:51.572Z</time></trkpt>
      <trkpt lat="39.268431" lon="114.677534"><time>2026-06-19T05:16:51.589Z</time></trkpt>
      <trkpt lat="39.268431" lon="114.677534"><time>2026-06-19T05:16:51.606Z</time></trkpt>
      <trkpt lat="39.268431" lon="114.677534"><time>2026-06-19T05:16:51.622Z</time></trkpt>
      <trkpt lat="39.268431" lon="114.677534"><time>2026-06-19T05:16:51.639Z</time></trkpt>
      <trkpt lat="39.268431" lon="114.677534"><time>2026-06-19T05:16:51.656Z</time></trkpt>
      <trkpt lat="39.268431" lon="114.677534"><time>2026-06-19T05:16:51.672Z</time></trkpt>
      <trkpt lat="39.26844" lon="114.677533"><time>2026-06-19T05:16:51.689Z</time></trkpt>
      <trkpt lat="39.26844" lon="114.677533"><time>2026-06-19T05:16:51.706Z</time></trkpt>
      <trkpt lat="39.26844" lon="114.677533"><time>2026-06-19T05:16:51.723Z</time></trkpt>
      <trkpt lat="39.26844" lon="114.677533"><time>2026-06-19T05:16:51.739Z</time></trkpt>
      <trkpt lat="39.26844" lon="114.677533"><time>2026-06-19T05:16:51.756Z</time></trkpt>
      <trkpt lat="39.26844" lon="114.677533"><time>2026-06-19T05:16:51.773Z</time></trkpt>
      <trkpt lat="39.268448" lon="114.677533"><time>2026-06-19T05:16:51.789Z</time></trkpt>
      <trkpt lat="39.268448" lon="114.677533"><time>2026-06-19T05:16:51.806Z</time></trkpt>
      <trkpt lat="39.268448" lon="114.677533"><time>2026-06-19T05:16:51.823Z</time></trkpt>
      <trkpt lat="39.268448" lon="114.677533"><time>2026-06-19T05:16:51.839Z</time></trkpt>
      <trkpt lat="39.268448" lon="114.677533"><time>2026-06-19T05:16:51.856Z</time></trkpt>
      <trkpt lat="39.268448" lon="114.677533"><time>2026-06-19T05:16:51.873Z</time></trkpt>
      <trkpt lat="39.268456" lon="114.677532"><time>2026-06-19T05:16:51.889Z</time></trkpt>
      <trkpt lat="39.268456" lon="114.677532"><time>2026-06-19T05:16:51.906Z</time></trkpt>
      <trkpt lat="39.268456" lon="114.677532"><time>2026-06-19T05:16:51.923Z</time></trkpt>
      <trkpt lat="39.268456" lon="114.677532"><time>2026-06-19T05:16:51.939Z</time></trkpt>
      <trkpt lat="39.268456" lon="114.677532"><time>2026-06-19T05:16:51.956Z</time></trkpt>
      <trkpt lat="39.268456" lon="114.677532"><time>2026-06-19T05:16:51.973Z</time></trkpt>
      <trkpt lat="39.268465" lon="114.677532"><time>2026-06-19T05:16:51.989Z</time></trkpt>
      <trkpt lat="39.268465" lon="114.677532"><time>2026-06-19T05:16:52.006Z</time></trkpt>
      <trkpt lat="39.268465" lon="114.677532"><time>2026-06-19T05:16:52.023Z</time></trkpt>
      <trkpt lat="39.268465" lon="114.677532"><time>2026-06-19T05:16:52.040Z</time></trkpt>
      <trkpt lat="39.268465" lon="114.677532"><time>2026-06-19T05:16:52.056Z</time></trkpt>
      <trkpt lat="39.268465" lon="114.677532"><time>2026-06-19T05:16:52.073Z</time></trkpt>
      <trkpt lat="39.268473" lon="114.677531"><time>2026-06-19T05:16:52.090Z</time></trkpt>
      <trkpt lat="39.268473" lon="114.677531"><time>2026-06-19T05:16:52.106Z</time></trkpt>
      <trkpt lat="39.268473" lon="114.677531"><time>2026-06-19T05:16:52.123Z</time></trkpt>
      <trkpt lat="39.268473" lon="114.677531"><time>2026-06-19T05:16:52.140Z</time></trkpt>
      <trkpt lat="39.268473" lon="114.677531"><time>2026-06-19T05:16:52.156Z</time></trkpt>
      <trkpt lat="39.268473" lon="114.677531"><time>2026-06-19T05:16:52.173Z</time></trkpt>
      <trkpt lat="39.268482" lon="114.67753"><time>2026-06-19T05:16:52.190Z</time></trkpt>
      <trkpt lat="39.268482" lon="114.67753"><time>2026-06-19T05:16:52.206Z</time></trkpt>
      <trkpt lat="39.268482" lon="114.67753"><time>2026-06-19T05:16:52.223Z</time></trkpt>
      <trkpt lat="39.268482" lon="114.67753"><time>2026-06-19T05:16:52.240Z</time></trkpt>
      <trkpt lat="39.268482" lon="114.67753"><time>2026-06-19T05:16:52.256Z</time></trkpt>
      <trkpt lat="39.268482" lon="114.67753"><time>2026-06-19T05:16:52.273Z</time></trkpt>
      <trkpt lat="39.26849" lon="114.67753"><time>2026-06-19T05:16:52.290Z</time></trkpt>
      <trkpt lat="39.26849" lon="114.67753"><time>2026-06-19T05:16:52.306Z</time></trkpt>
      <trkpt lat="39.26849" lon="114.67753"><time>2026-06-19T05:16:52.323Z</time></trkpt>
      <trkpt lat="39.26849" lon="114.67753"><time>2026-06-19T05:16:52.340Z</time></trkpt>
      <trkpt lat="39.26849" lon="114.67753"><time>2026-06-19T05:16:52.357Z</time></trkpt>
      <trkpt lat="39.26849" lon="114.67753"><time>2026-06-19T05:16:52.373Z</time></trkpt>
      <trkpt lat="39.268499" lon="114.677529"><time>2026-06-19T05:16:52.390Z</time></trkpt>
      <trkpt lat="39.268499" lon="114.677529"><time>2026-06-19T05:16:52.407Z</time></trkpt>
      <trkpt lat="39.268499" lon="114.677529"><time>2026-06-19T05:16:52.423Z</time></trkpt>
      <trkpt lat="39.268499" lon="114.677529"><time>2026-06-19T05:16:52.440Z</time></trkpt>
      <trkpt lat="39.268499" lon="114.677529"><time>2026-06-19T05:16:52.457Z</time></trkpt>
      <trkpt lat="39.268499" lon="114.677529"><time>2026-06-19T05:16:52.473Z</time></trkpt>
      <trkpt lat="39.268507" lon="114.677529"><time>2026-06-19T05:16:52.490Z</time></trkpt>
      <trkpt lat="39.268507" lon="114.677529"><time>2026-06-19T05:16:52.507Z</time></trkpt>
      <trkpt lat="39.268507" lon="114.677529"><time>2026-06-19T05:16:52.523Z</time></trkpt>
      <trkpt lat="39.268507" lon="114.677529"><time>2026-06-19T05:16:52.540Z</time></trkpt>
      <trkpt lat="39.268507" lon="114.677529"><time>2026-06-19T05:16:52.557Z</time></trkpt>
      <trkpt lat="39.268507" lon="114.677529"><time>2026-06-19T05:16:52.573Z</time></trkpt>
      <trkpt lat="39.268516" lon="114.677528"><time>2026-06-19T05:16:52.590Z</time></trkpt>
      <trkpt lat="39.268516" lon="114.677528"><time>2026-06-19T05:16:52.607Z</time></trkpt>
      <trkpt lat="39.268516" lon="114.677528"><time>2026-06-19T05:16:52.623Z</time></trkpt>
      <trkpt lat="39.268516" lon="114.677528"><time>2026-06-19T05:16:52.640Z</time></trkpt>
      <trkpt lat="39.268516" lon="114.677528"><time>2026-06-19T05:16:52.657Z</time></trkpt>
      <trkpt lat="39.268524" lon="114.677527"><time>2026-06-19T05:16:52.674Z</time></trkpt>
      <trkpt lat="39.268524" lon="114.677527"><time>2026-06-19T05:16:52.690Z</time></trkpt>
      <trkpt lat="39.268524" lon="114.677527"><time>2026-06-19T05:16:52.707Z</time></trkpt>
      <trkpt lat="39.268524" lon="114.677527"><time>2026-06-19T05:16:52.724Z</time></trkpt>
      <trkpt lat="39.268524" lon="114.677527"><time>2026-06-19T05:16:52.740Z</time></trkpt>
      <trkpt lat="39.268524" lon="114.677527"><time>2026-06-19T05:16:52.757Z</time></trkpt>
      <trkpt lat="39.268533" lon="114.677527"><time>2026-06-19T05:16:52.774Z</time></trkpt>
      <trkpt lat="39.268533" lon="114.677527"><time>2026-06-19T05:16:52.790Z</time></trkpt>
      <trkpt lat="39.268533" lon="114.677527"><time>2026-06-19T05:16:52.807Z</time></trkpt>
      <trkpt lat="39.268533" lon="114.677527"><time>2026-06-19T05:16:52.824Z</time></trkpt>
      <trkpt lat="39.268533" lon="114.677527"><time>2026-06-19T05:16:52.840Z</time></trkpt>
      <trkpt lat="39.268533" lon="114.677527"><time>2026-06-19T05:16:52.857Z</time></trkpt>
      <trkpt lat="39.268541" lon="114.677526"><time>2026-06-19T05:16:52.874Z</time></trkpt>
      <trkpt lat="39.268541" lon="114.677526"><time>2026-06-19T05:16:52.890Z</time></trkpt>
      <trkpt lat="39.268541" lon="114.677526"><time>2026-06-19T05:16:52.907Z</time></trkpt>
      <trkpt lat="39.268541" lon="114.677526"><time>2026-06-19T05:16:52.924Z</time></trkpt>
      <trkpt lat="39.268541" lon="114.677526"><time>2026-06-19T05:16:52.940Z</time></trkpt>
      <trkpt lat="39.268541" lon="114.677526"><time>2026-06-19T05:16:52.957Z</time></trkpt>
      <trkpt lat="39.26855" lon="114.677525"><time>2026-06-19T05:16:52.974Z</time></trkpt>
      <trkpt lat="39.26855" lon="114.677525"><time>2026-06-19T05:16:52.991Z</time></trkpt>
      <trkpt lat="39.26855" lon="114.677525"><time>2026-06-19T05:16:53.007Z</time></trkpt>
      <trkpt lat="39.26855" lon="114.677525"><time>2026-06-19T05:16:53.024Z</time></trkpt>
      <trkpt lat="39.26855" lon="114.677525"><time>2026-06-19T05:16:53.041Z</time></trkpt>
      <trkpt lat="39.26855" lon="114.677525"><time>2026-06-19T05:16:53.057Z</time></trkpt>
      <trkpt lat="39.268559" lon="114.677525"><time>2026-06-19T05:16:53.074Z</time></trkpt>
      <trkpt lat="39.268559" lon="114.677525"><time>2026-06-19T05:16:53.091Z</time></trkpt>
      <trkpt lat="39.268559" lon="114.677525"><time>2026-06-19T05:16:53.107Z</time></trkpt>
      <trkpt lat="39.268559" lon="114.677525"><time>2026-06-19T05:16:53.124Z</time></trkpt>
      <trkpt lat="39.268559" lon="114.677525"><time>2026-06-19T05:16:53.141Z</time></trkpt>
      <trkpt lat="39.268559" lon="114.677525"><time>2026-06-19T05:16:53.157Z</time></trkpt>
      <trkpt lat="39.268567" lon="114.677524"><time>2026-06-19T05:16:53.174Z</time></trkpt>
      <trkpt lat="39.268567" lon="114.677524"><time>2026-06-19T05:16:53.191Z</time></trkpt>
      <trkpt lat="39.268567" lon="114.677524"><time>2026-06-19T05:16:53.207Z</time></trkpt>
      <trkpt lat="39.268567" lon="114.677524"><time>2026-06-19T05:16:53.224Z</time></trkpt>
      <trkpt lat="39.268567" lon="114.677524"><time>2026-06-19T05:16:53.241Z</time></trkpt>
      <trkpt lat="39.268567" lon="114.677524"><time>2026-06-19T05:16:53.257Z</time></trkpt>
      <trkpt lat="39.268576" lon="114.677523"><time>2026-06-19T05:16:53.274Z</time></trkpt>
      <trkpt lat="39.268576" lon="114.677523"><time>2026-06-19T05:16:53.291Z</time></trkpt>
      <trkpt lat="39.268576" lon="114.677523"><time>2026-06-19T05:16:53.307Z</time></trkpt>
      <trkpt lat="39.268576" lon="114.677523"><time>2026-06-19T05:16:53.324Z</time></trkpt>
      <trkpt lat="39.268576" lon="114.677523"><time>2026-06-19T05:16:53.341Z</time></trkpt>
      <trkpt lat="39.268576" lon="114.677523"><time>2026-06-19T05:16:53.358Z</time></trkpt>
      <trkpt lat="39.268576" lon="114.677523"><time>2026-06-19T05:16:53.374Z</time></trkpt>
      <trkpt lat="39.268585" lon="114.677523"><time>2026-06-19T05:16:53.391Z</time></trkpt>
      <trkpt lat="39.268585" lon="114.677523"><time>2026-06-19T05:16:53.408Z</time></trkpt>
      <trkpt lat="39.268585" lon="114.677523"><time>2026-06-19T05:16:53.424Z</time></trkpt>
      <trkpt lat="39.268585" lon="114.677523"><time>2026-06-19T05:16:53.441Z</time></trkpt>
      <trkpt lat="39.268585" lon="114.677523"><time>2026-06-19T05:16:53.458Z</time></trkpt>
      <trkpt lat="39.268593" lon="114.677522"><time>2026-06-19T05:16:53.474Z</time></trkpt>
      <trkpt lat="39.268593" lon="114.677522"><time>2026-06-19T05:16:53.491Z</time></trkpt>
      <trkpt lat="39.268593" lon="114.677522"><time>2026-06-19T05:16:53.508Z</time></trkpt>
      <trkpt lat="39.268593" lon="114.677522"><time>2026-06-19T05:16:53.524Z</time></trkpt>
      <trkpt lat="39.268593" lon="114.677522"><time>2026-06-19T05:16:53.541Z</time></trkpt>
      <trkpt lat="39.268593" lon="114.677522"><time>2026-06-19T05:16:53.558Z</time></trkpt>
      <trkpt lat="39.268602" lon="114.677521"><time>2026-06-19T05:16:53.574Z</time></trkpt>
      <trkpt lat="39.268602" lon="114.677521"><time>2026-06-19T05:16:53.591Z</time></trkpt>
      <trkpt lat="39.268602" lon="114.677521"><time>2026-06-19T05:16:53.608Z</time></trkpt>
      <trkpt lat="39.268602" lon="114.677521"><time>2026-06-19T05:16:53.624Z</time></trkpt>
      <trkpt lat="39.268602" lon="114.677521"><time>2026-06-19T05:16:53.641Z</time></trkpt>
      <trkpt lat="39.268602" lon="114.677521"><time>2026-06-19T05:16:53.658Z</time></trkpt>
      <trkpt lat="39.26861" lon="114.67752"><time>2026-06-19T05:16:53.675Z</time></trkpt>
      <trkpt lat="39.26861" lon="114.67752"><time>2026-06-19T05:16:53.691Z</time></trkpt>
      <trkpt lat="39.26861" lon="114.67752"><time>2026-06-19T05:16:53.708Z</time></trkpt>
      <trkpt lat="39.26861" lon="114.67752"><time>2026-06-19T05:16:53.725Z</time></trkpt>
      <trkpt lat="39.26861" lon="114.67752"><time>2026-06-19T05:16:53.741Z</time></trkpt>
      <trkpt lat="39.26861" lon="114.67752"><time>2026-06-19T05:16:53.758Z</time></trkpt>
      <trkpt lat="39.268619" lon="114.67752"><time>2026-06-19T05:16:53.775Z</time></trkpt>
      <trkpt lat="39.268619" lon="114.67752"><time>2026-06-19T05:16:53.791Z</time></trkpt>
      <trkpt lat="39.268619" lon="114.67752"><time>2026-06-19T05:16:53.808Z</time></trkpt>
      <trkpt lat="39.268619" lon="114.67752"><time>2026-06-19T05:16:53.825Z</time></trkpt>
      <trkpt lat="39.268619" lon="114.67752"><time>2026-06-19T05:16:53.841Z</time></trkpt>
      <trkpt lat="39.268619" lon="114.67752"><time>2026-06-19T05:16:53.858Z</time></trkpt>
      <trkpt lat="39.268628" lon="114.677519"><time>2026-06-19T05:16:53.875Z</time></trkpt>
      <trkpt lat="39.268628" lon="114.677519"><time>2026-06-19T05:16:53.891Z</time></trkpt>
      <trkpt lat="39.268628" lon="114.677519"><time>2026-06-19T05:16:53.908Z</time></trkpt>
      <trkpt lat="39.268628" lon="114.677519"><time>2026-06-19T05:16:53.925Z</time></trkpt>
      <trkpt lat="39.268628" lon="114.677519"><time>2026-06-19T05:16:53.941Z</time></trkpt>
      <trkpt lat="39.268628" lon="114.677519"><time>2026-06-19T05:16:53.958Z</time></trkpt>
      <trkpt lat="39.268637" lon="114.677518"><time>2026-06-19T05:16:53.975Z</time></trkpt>
      <trkpt lat="39.268637" lon="114.677518"><time>2026-06-19T05:16:53.992Z</time></trkpt>
      <trkpt lat="39.268637" lon="114.677518"><time>2026-06-19T05:16:54.008Z</time></trkpt>
      <trkpt lat="39.268637" lon="114.677518"><time>2026-06-19T05:16:54.025Z</time></trkpt>
      <trkpt lat="39.268637" lon="114.677518"><time>2026-06-19T05:16:54.042Z</time></trkpt>
      <trkpt lat="39.268637" lon="114.677518"><time>2026-06-19T05:16:54.058Z</time></trkpt>
      <trkpt lat="39.268646" lon="114.677517"><time>2026-06-19T05:16:54.075Z</time></trkpt>
      <trkpt lat="39.268646" lon="114.677517"><time>2026-06-19T05:16:54.092Z</time></trkpt>
      <trkpt lat="39.268646" lon="114.677517"><time>2026-06-19T05:16:54.108Z</time></trkpt>
      <trkpt lat="39.268646" lon="114.677517"><time>2026-06-19T05:16:54.125Z</time></trkpt>
      <trkpt lat="39.268646" lon="114.677517"><time>2026-06-19T05:16:54.142Z</time></trkpt>
      <trkpt lat="39.268646" lon="114.677517"><time>2026-06-19T05:16:54.158Z</time></trkpt>
      <trkpt lat="39.268654" lon="114.677517"><time>2026-06-19T05:16:54.175Z</time></trkpt>
      <trkpt lat="39.268654" lon="114.677517"><time>2026-06-19T05:16:54.192Z</time></trkpt>
      <trkpt lat="39.268654" lon="114.677517"><time>2026-06-19T05:16:54.208Z</time></trkpt>
      <trkpt lat="39.268654" lon="114.677517"><time>2026-06-19T05:16:54.225Z</time></trkpt>
      <trkpt lat="39.268654" lon="114.677517"><time>2026-06-19T05:16:54.242Z</time></trkpt>
      <trkpt lat="39.268654" lon="114.677517"><time>2026-06-19T05:16:54.258Z</time></trkpt>
      <trkpt lat="39.268663" lon="114.677516"><time>2026-06-19T05:16:54.275Z</time></trkpt>
      <trkpt lat="39.268663" lon="114.677516"><time>2026-06-19T05:16:54.292Z</time></trkpt>
      <trkpt lat="39.268663" lon="114.677516"><time>2026-06-19T05:16:54.309Z</time></trkpt>
      <trkpt lat="39.268663" lon="114.677516"><time>2026-06-19T05:16:54.325Z</time></trkpt>
      <trkpt lat="39.268663" lon="114.677516"><time>2026-06-19T05:16:54.342Z</time></trkpt>
      <trkpt lat="39.268663" lon="114.677516"><time>2026-06-19T05:16:54.359Z</time></trkpt>
      <trkpt lat="39.268672" lon="114.677515"><time>2026-06-19T05:16:54.375Z</time></trkpt>
      <trkpt lat="39.268672" lon="114.677515"><time>2026-06-19T05:16:54.392Z</time></trkpt>
      <trkpt lat="39.268672" lon="114.677515"><time>2026-06-19T05:16:54.409Z</time></trkpt>
      <trkpt lat="39.268672" lon="114.677515"><time>2026-06-19T05:16:54.425Z</time></trkpt>
      <trkpt lat="39.268672" lon="114.677515"><time>2026-06-19T05:16:54.442Z</time></trkpt>
      <trkpt lat="39.268672" lon="114.677515"><time>2026-06-19T05:16:54.459Z</time></trkpt>
      <trkpt lat="39.268681" lon="114.677515"><time>2026-06-19T05:16:54.475Z</time></trkpt>
      <trkpt lat="39.268681" lon="114.677515"><time>2026-06-19T05:16:54.492Z</time></trkpt>
      <trkpt lat="39.268681" lon="114.677515"><time>2026-06-19T05:16:54.509Z</time></trkpt>
      <trkpt lat="39.268681" lon="114.677515"><time>2026-06-19T05:16:54.525Z</time></trkpt>
      <trkpt lat="39.268681" lon="114.677515"><time>2026-06-19T05:16:54.542Z</time></trkpt>
      <trkpt lat="39.268681" lon="114.677515"><time>2026-06-19T05:16:54.559Z</time></trkpt>
      <trkpt lat="39.26869" lon="114.677514"><time>2026-06-19T05:16:54.575Z</time></trkpt>
      <trkpt lat="39.26869" lon="114.677514"><time>2026-06-19T05:16:54.592Z</time></trkpt>
      <trkpt lat="39.26869" lon="114.677514"><time>2026-06-19T05:16:54.609Z</time></trkpt>
      <trkpt lat="39.26869" lon="114.677514"><time>2026-06-19T05:16:54.626Z</time></trkpt>
      <trkpt lat="39.26869" lon="114.677514"><time>2026-06-19T05:16:54.642Z</time></trkpt>
      <trkpt lat="39.26869" lon="114.677514"><time>2026-06-19T05:16:54.659Z</time></trkpt>
      <trkpt lat="39.268698" lon="114.677514"><time>2026-06-19T05:16:54.676Z</time></trkpt>
      <trkpt lat="39.268698" lon="114.677514"><time>2026-06-19T05:16:54.692Z</time></trkpt>
      <trkpt lat="39.268698" lon="114.677514"><time>2026-06-19T05:16:54.709Z</time></trkpt>
      <trkpt lat="39.268698" lon="114.677514"><time>2026-06-19T05:16:54.726Z</time></trkpt>
      <trkpt lat="39.268698" lon="114.677514"><time>2026-06-19T05:16:54.742Z</time></trkpt>
      <trkpt lat="39.268698" lon="114.677514"><time>2026-06-19T05:16:54.759Z</time></trkpt>
      <trkpt lat="39.268707" lon="114.677513"><time>2026-06-19T05:16:54.776Z</time></trkpt>
      <trkpt lat="39.268707" lon="114.677513"><time>2026-06-19T05:16:54.792Z</time></trkpt>
      <trkpt lat="39.268707" lon="114.677513"><time>2026-06-19T05:16:54.809Z</time></trkpt>
      <trkpt lat="39.268707" lon="114.677513"><time>2026-06-19T05:16:54.826Z</time></trkpt>
      <trkpt lat="39.268707" lon="114.677513"><time>2026-06-19T05:16:54.842Z</time></trkpt>
      <trkpt lat="39.268707" lon="114.677513"><time>2026-06-19T05:16:54.859Z</time></trkpt>
      <trkpt lat="39.268716" lon="114.677512"><time>2026-06-19T05:16:54.876Z</time></trkpt>
      <trkpt lat="39.268716" lon="114.677512"><time>2026-06-19T05:16:54.892Z</time></trkpt>
      <trkpt lat="39.268716" lon="114.677512"><time>2026-06-19T05:16:54.909Z</time></trkpt>
      <trkpt lat="39.268716" lon="114.677512"><time>2026-06-19T05:16:54.926Z</time></trkpt>
      <trkpt lat="39.268716" lon="114.677512"><time>2026-06-19T05:16:54.943Z</time></trkpt>
      <trkpt lat="39.268716" lon="114.677512"><time>2026-06-19T05:16:54.959Z</time></trkpt>
      <trkpt lat="39.268725" lon="114.677512"><time>2026-06-19T05:16:54.976Z</time></trkpt>
      <trkpt lat="39.268725" lon="114.677512"><time>2026-06-19T05:16:54.993Z</time></trkpt>
      <trkpt lat="39.268725" lon="114.677512"><time>2026-06-19T05:16:55.009Z</time></trkpt>
      <trkpt lat="39.268725" lon="114.677512"><time>2026-06-19T05:16:55.026Z</time></trkpt>
      <trkpt lat="39.268725" lon="114.677512"><time>2026-06-19T05:16:55.043Z</time></trkpt>
      <trkpt lat="39.268725" lon="114.677512"><time>2026-06-19T05:16:55.059Z</time></trkpt>
      <trkpt lat="39.268733" lon="114.677511"><time>2026-06-19T05:16:55.076Z</time></trkpt>
      <trkpt lat="39.268733" lon="114.677511"><time>2026-06-19T05:16:55.093Z</time></trkpt>
      <trkpt lat="39.268733" lon="114.677511"><time>2026-06-19T05:16:55.109Z</time></trkpt>
      <trkpt lat="39.268733" lon="114.677511"><time>2026-06-19T05:16:55.126Z</time></trkpt>
      <trkpt lat="39.268733" lon="114.677511"><time>2026-06-19T05:16:55.143Z</time></trkpt>
      <trkpt lat="39.268733" lon="114.677511"><time>2026-06-19T05:16:55.159Z</time></trkpt>
      <trkpt lat="39.268743" lon="114.677511"><time>2026-06-19T05:16:55.176Z</time></trkpt>
      <trkpt lat="39.268743" lon="114.677511"><time>2026-06-19T05:16:55.193Z</time></trkpt>
      <trkpt lat="39.268743" lon="114.677511"><time>2026-06-19T05:16:55.209Z</time></trkpt>
      <trkpt lat="39.268743" lon="114.677511"><time>2026-06-19T05:16:55.226Z</time></trkpt>
      <trkpt lat="39.268743" lon="114.677511"><time>2026-06-19T05:16:55.243Z</time></trkpt>
      <trkpt lat="39.268743" lon="114.677511"><time>2026-06-19T05:16:55.260Z</time></trkpt>
      <trkpt lat="39.268752" lon="114.67751"><time>2026-06-19T05:16:55.276Z</time></trkpt>
      <trkpt lat="39.268752" lon="114.67751"><time>2026-06-19T05:16:55.293Z</time></trkpt>
      <trkpt lat="39.268752" lon="114.67751"><time>2026-06-19T05:16:55.310Z</time></trkpt>
      <trkpt lat="39.268752" lon="114.67751"><time>2026-06-19T05:16:55.326Z</time></trkpt>
      <trkpt lat="39.268752" lon="114.67751"><time>2026-06-19T05:16:55.343Z</time></trkpt>
      <trkpt lat="39.268752" lon="114.67751"><time>2026-06-19T05:16:55.360Z</time></trkpt>
      <trkpt lat="39.26876" lon="114.67751"><time>2026-06-19T05:16:55.376Z</time></trkpt>
      <trkpt lat="39.26876" lon="114.67751"><time>2026-06-19T05:16:55.393Z</time></trkpt>
      <trkpt lat="39.26876" lon="114.67751"><time>2026-06-19T05:16:55.410Z</time></trkpt>
      <trkpt lat="39.26876" lon="114.67751"><time>2026-06-19T05:16:55.426Z</time></trkpt>
      <trkpt lat="39.26876" lon="114.67751"><time>2026-06-19T05:16:55.443Z</time></trkpt>
      <trkpt lat="39.26876" lon="114.67751"><time>2026-06-19T05:16:55.460Z</time></trkpt>
      <trkpt lat="39.268769" lon="114.677509"><time>2026-06-19T05:16:55.476Z</time></trkpt>
      <trkpt lat="39.268769" lon="114.677509"><time>2026-06-19T05:16:55.493Z</time></trkpt>
      <trkpt lat="39.268769" lon="114.677509"><time>2026-06-19T05:16:55.510Z</time></trkpt>
      <trkpt lat="39.268769" lon="114.677509"><time>2026-06-19T05:16:55.526Z</time></trkpt>
      <trkpt lat="39.268769" lon="114.677509"><time>2026-06-19T05:16:55.543Z</time></trkpt>
      <trkpt lat="39.268769" lon="114.677509"><time>2026-06-19T05:16:55.560Z</time></trkpt>
      <trkpt lat="39.268778" lon="114.677509"><time>2026-06-19T05:16:55.577Z</time></trkpt>
      <trkpt lat="39.268778" lon="114.677509"><time>2026-06-19T05:16:55.593Z</time></trkpt>
      <trkpt lat="39.268778" lon="114.677509"><time>2026-06-19T05:16:55.610Z</time></trkpt>
      <trkpt lat="39.268778" lon="114.677509"><time>2026-06-19T05:16:55.627Z</time></trkpt>
      <trkpt lat="39.268778" lon="114.677509"><time>2026-06-19T05:16:55.643Z</time></trkpt>
      <trkpt lat="39.268778" lon="114.677509"><time>2026-06-19T05:16:55.660Z</time></trkpt>
      <trkpt lat="39.268787" lon="114.677508"><time>2026-06-19T05:16:55.677Z</time></trkpt>
      <trkpt lat="39.268787" lon="114.677508"><time>2026-06-19T05:16:55.693Z</time></trkpt>
      <trkpt lat="39.268787" lon="114.677508"><time>2026-06-19T05:16:55.710Z</time></trkpt>
      <trkpt lat="39.268787" lon="114.677508"><time>2026-06-19T05:16:55.727Z</time></trkpt>
      <trkpt lat="39.268787" lon="114.677508"><time>2026-06-19T05:16:55.743Z</time></trkpt>
      <trkpt lat="39.268787" lon="114.677508"><time>2026-06-19T05:16:55.760Z</time></trkpt>
      <trkpt lat="39.268796" lon="114.677507"><time>2026-06-19T05:16:55.777Z</time></trkpt>
      <trkpt lat="39.268796" lon="114.677507"><time>2026-06-19T05:16:55.793Z</time></trkpt>
      <trkpt lat="39.268796" lon="114.677507"><time>2026-06-19T05:16:55.810Z</time></trkpt>
      <trkpt lat="39.268796" lon="114.677507"><time>2026-06-19T05:16:55.827Z</time></trkpt>
      <trkpt lat="39.268796" lon="114.677507"><time>2026-06-19T05:16:55.843Z</time></trkpt>
      <trkpt lat="39.268796" lon="114.677507"><time>2026-06-19T05:16:55.860Z</time></trkpt>
      <trkpt lat="39.268805" lon="114.677507"><time>2026-06-19T05:16:55.877Z</time></trkpt>
      <trkpt lat="39.268805" lon="114.677507"><time>2026-06-19T05:16:55.894Z</time></trkpt>
      <trkpt lat="39.268805" lon="114.677507"><time>2026-06-19T05:16:55.910Z</time></trkpt>
      <trkpt lat="39.268805" lon="114.677507"><time>2026-06-19T05:16:55.927Z</time></trkpt>
      <trkpt lat="39.268805" lon="114.677507"><time>2026-06-19T05:16:55.944Z</time></trkpt>
      <trkpt lat="39.268805" lon="114.677507"><time>2026-06-19T05:16:55.960Z</time></trkpt>
      <trkpt lat="39.268814" lon="114.677506"><time>2026-06-19T05:16:55.977Z</time></trkpt>
      <trkpt lat="39.268814" lon="114.677506"><time>2026-06-19T05:16:55.994Z</time></trkpt>
      <trkpt lat="39.268814" lon="114.677506"><time>2026-06-19T05:16:56.010Z</time></trkpt>
      <trkpt lat="39.268814" lon="114.677506"><time>2026-06-19T05:16:56.027Z</time></trkpt>
      <trkpt lat="39.268814" lon="114.677506"><time>2026-06-19T05:16:56.044Z</time></trkpt>
      <trkpt lat="39.268814" lon="114.677506"><time>2026-06-19T05:16:56.060Z</time></trkpt>
      <trkpt lat="39.268822" lon="114.677506"><time>2026-06-19T05:16:56.077Z</time></trkpt>
      <trkpt lat="39.268822" lon="114.677506"><time>2026-06-19T05:16:56.094Z</time></trkpt>
      <trkpt lat="39.268822" lon="114.677506"><time>2026-06-19T05:16:56.110Z</time></trkpt>
      <trkpt lat="39.268822" lon="114.677506"><time>2026-06-19T05:16:56.127Z</time></trkpt>
      <trkpt lat="39.268822" lon="114.677506"><time>2026-06-19T05:16:56.144Z</time></trkpt>
      <trkpt lat="39.268822" lon="114.677506"><time>2026-06-19T05:16:56.160Z</time></trkpt>
      <trkpt lat="39.268831" lon="114.677505"><time>2026-06-19T05:16:56.177Z</time></trkpt>
      <trkpt lat="39.268831" lon="114.677505"><time>2026-06-19T05:16:56.194Z</time></trkpt>
      <trkpt lat="39.268831" lon="114.677505"><time>2026-06-19T05:16:56.211Z</time></trkpt>
      <trkpt lat="39.268831" lon="114.677505"><time>2026-06-19T05:16:56.227Z</time></trkpt>
      <trkpt lat="39.268831" lon="114.677505"><time>2026-06-19T05:16:56.244Z</time></trkpt>
      <trkpt lat="39.268831" lon="114.677505"><time>2026-06-19T05:16:56.261Z</time></trkpt>
      <trkpt lat="39.26884" lon="114.677504"><time>2026-06-19T05:16:56.277Z</time></trkpt>
      <trkpt lat="39.26884" lon="114.677504"><time>2026-06-19T05:16:56.294Z</time></trkpt>
      <trkpt lat="39.26884" lon="114.677504"><time>2026-06-19T05:16:56.311Z</time></trkpt>
      <trkpt lat="39.26884" lon="114.677504"><time>2026-06-19T05:16:56.327Z</time></trkpt>
      <trkpt lat="39.26884" lon="114.677504"><time>2026-06-19T05:16:56.344Z</time></trkpt>
      <trkpt lat="39.26884" lon="114.677504"><time>2026-06-19T05:16:56.361Z</time></trkpt>
      <trkpt lat="39.268849" lon="114.677504"><time>2026-06-19T05:16:56.377Z</time></trkpt>
      <trkpt lat="39.268849" lon="114.677504"><time>2026-06-19T05:16:56.394Z</time></trkpt>
      <trkpt lat="39.268849" lon="114.677504"><time>2026-06-19T05:16:56.411Z</time></trkpt>
      <trkpt lat="39.268849" lon="114.677504"><time>2026-06-19T05:16:56.427Z</time></trkpt>
      <trkpt lat="39.268849" lon="114.677504"><time>2026-06-19T05:16:56.444Z</time></trkpt>
      <trkpt lat="39.268849" lon="114.677504"><time>2026-06-19T05:16:56.461Z</time></trkpt>
      <trkpt lat="39.268858" lon="114.677503"><time>2026-06-19T05:16:56.477Z</time></trkpt>
      <trkpt lat="39.268858" lon="114.677503"><time>2026-06-19T05:16:56.494Z</time></trkpt>
      <trkpt lat="39.268858" lon="114.677503"><time>2026-06-19T05:16:56.511Z</time></trkpt>
      <trkpt lat="39.268858" lon="114.677503"><time>2026-06-19T05:16:56.528Z</time></trkpt>
      <trkpt lat="39.268858" lon="114.677503"><time>2026-06-19T05:16:56.544Z</time></trkpt>
      <trkpt lat="39.268858" lon="114.677503"><time>2026-06-19T05:16:56.561Z</time></trkpt>
      <trkpt lat="39.268867" lon="114.677502"><time>2026-06-19T05:16:56.578Z</time></trkpt>
      <trkpt lat="39.268867" lon="114.677502"><time>2026-06-19T05:16:56.594Z</time></trkpt>
      <trkpt lat="39.268867" lon="114.677502"><time>2026-06-19T05:16:56.611Z</time></trkpt>
      <trkpt lat="39.268867" lon="114.677502"><time>2026-06-19T05:16:56.628Z</time></trkpt>
      <trkpt lat="39.268867" lon="114.677502"><time>2026-06-19T05:16:56.644Z</time></trkpt>
      <trkpt lat="39.268867" lon="114.677502"><time>2026-06-19T05:16:56.661Z</time></trkpt>
      <trkpt lat="39.268876" lon="114.6775"><time>2026-06-19T05:16:56.678Z</time></trkpt>
      <trkpt lat="39.268876" lon="114.6775"><time>2026-06-19T05:16:56.694Z</time></trkpt>
      <trkpt lat="39.268876" lon="114.6775"><time>2026-06-19T05:16:56.711Z</time></trkpt>
      <trkpt lat="39.268876" lon="114.6775"><time>2026-06-19T05:16:56.728Z</time></trkpt>
      <trkpt lat="39.268876" lon="114.6775"><time>2026-06-19T05:16:56.744Z</time></trkpt>
      <trkpt lat="39.268876" lon="114.6775"><time>2026-06-19T05:16:56.761Z</time></trkpt>
      <trkpt lat="39.268885" lon="114.677499"><time>2026-06-19T05:16:56.778Z</time></trkpt>
      <trkpt lat="39.268885" lon="114.677499"><time>2026-06-19T05:16:56.794Z</time></trkpt>
      <trkpt lat="39.268885" lon="114.677499"><time>2026-06-19T05:16:56.811Z</time></trkpt>
      <trkpt lat="39.268885" lon="114.677499"><time>2026-06-19T05:16:56.828Z</time></trkpt>
      <trkpt lat="39.268885" lon="114.677499"><time>2026-06-19T05:16:56.845Z</time></trkpt>
      <trkpt lat="39.268885" lon="114.677499"><time>2026-06-19T05:16:56.861Z</time></trkpt>
      <trkpt lat="39.268894" lon="114.677498"><time>2026-06-19T05:16:56.878Z</time></trkpt>
      <trkpt lat="39.268894" lon="114.677498"><time>2026-06-19T05:16:56.895Z</time></trkpt>
      <trkpt lat="39.268894" lon="114.677498"><time>2026-06-19T05:16:56.911Z</time></trkpt>
      <trkpt lat="39.268894" lon="114.677498"><time>2026-06-19T05:16:56.928Z</time></trkpt>
      <trkpt lat="39.268894" lon="114.677498"><time>2026-06-19T05:16:56.945Z</time></trkpt>
      <trkpt lat="39.268894" lon="114.677498"><time>2026-06-19T05:16:56.961Z</time></trkpt>
      <trkpt lat="39.268903" lon="114.677498"><time>2026-06-19T05:16:56.978Z</time></trkpt>
      <trkpt lat="39.268903" lon="114.677498"><time>2026-06-19T05:16:56.995Z</time></trkpt>
      <trkpt lat="39.268903" lon="114.677498"><time>2026-06-19T05:16:57.011Z</time></trkpt>
      <trkpt lat="39.268903" lon="114.677498"><time>2026-06-19T05:16:57.028Z</time></trkpt>
      <trkpt lat="39.268903" lon="114.677498"><time>2026-06-19T05:16:57.045Z</time></trkpt>
      <trkpt lat="39.268903" lon="114.677498"><time>2026-06-19T05:16:57.061Z</time></trkpt>
      <trkpt lat="39.268912" lon="114.677497"><time>2026-06-19T05:16:57.078Z</time></trkpt>
      <trkpt lat="39.268912" lon="114.677497"><time>2026-06-19T05:16:57.095Z</time></trkpt>
      <trkpt lat="39.268912" lon="114.677497"><time>2026-06-19T05:16:57.111Z</time></trkpt>
      <trkpt lat="39.268912" lon="114.677497"><time>2026-06-19T05:16:57.128Z</time></trkpt>
      <trkpt lat="39.268912" lon="114.677497"><time>2026-06-19T05:16:57.145Z</time></trkpt>
      <trkpt lat="39.268912" lon="114.677497"><time>2026-06-19T05:16:57.162Z</time></trkpt>
      <trkpt lat="39.268921" lon="114.677496"><time>2026-06-19T05:16:57.178Z</time></trkpt>
      <trkpt lat="39.268921" lon="114.677496"><time>2026-06-19T05:16:57.195Z</time></trkpt>
      <trkpt lat="39.268921" lon="114.677496"><time>2026-06-19T05:16:57.212Z</time></trkpt>
      <trkpt lat="39.268921" lon="114.677496"><time>2026-06-19T05:16:57.228Z</time></trkpt>
      <trkpt lat="39.268921" lon="114.677496"><time>2026-06-19T05:16:57.245Z</time></trkpt>
      <trkpt lat="39.268921" lon="114.677496"><time>2026-06-19T05:16:57.262Z</time></trkpt>
      <trkpt lat="39.268929" lon="114.677495"><time>2026-06-19T05:16:57.278Z</time></trkpt>
      <trkpt lat="39.268929" lon="114.677495"><time>2026-06-19T05:16:57.295Z</time></trkpt>
      <trkpt lat="39.268929" lon="114.677495"><time>2026-06-19T05:16:57.312Z</time></trkpt>
      <trkpt lat="39.268929" lon="114.677495"><time>2026-06-19T05:16:57.328Z</time></trkpt>
      <trkpt lat="39.268929" lon="114.677495"><time>2026-06-19T05:16:57.345Z</time></trkpt>
      <trkpt lat="39.268929" lon="114.677495"><time>2026-06-19T05:16:57.362Z</time></trkpt>
      <trkpt lat="39.268938" lon="114.677494"><time>2026-06-19T05:16:57.378Z</time></trkpt>
      <trkpt lat="39.268938" lon="114.677494"><time>2026-06-19T05:16:57.395Z</time></trkpt>
      <trkpt lat="39.268938" lon="114.677494"><time>2026-06-19T05:16:57.412Z</time></trkpt>
      <trkpt lat="39.268938" lon="114.677494"><time>2026-06-19T05:16:57.428Z</time></trkpt>
      <trkpt lat="39.268938" lon="114.677494"><time>2026-06-19T05:16:57.445Z</time></trkpt>
      <trkpt lat="39.268938" lon="114.677494"><time>2026-06-19T05:16:57.462Z</time></trkpt>
      <trkpt lat="39.268947" lon="114.677494"><time>2026-06-19T05:16:57.479Z</time></trkpt>
      <trkpt lat="39.268947" lon="114.677494"><time>2026-06-19T05:16:57.495Z</time></trkpt>
      <trkpt lat="39.268947" lon="114.677494"><time>2026-06-19T05:16:57.512Z</time></trkpt>
      <trkpt lat="39.268947" lon="114.677494"><time>2026-06-19T05:16:57.529Z</time></trkpt>
      <trkpt lat="39.268947" lon="114.677494"><time>2026-06-19T05:16:57.545Z</time></trkpt>
      <trkpt lat="39.268947" lon="114.677494"><time>2026-06-19T05:16:57.562Z</time></trkpt>
      <trkpt lat="39.268956" lon="114.677493"><time>2026-06-19T05:16:57.579Z</time></trkpt>
      <trkpt lat="39.268956" lon="114.677493"><time>2026-06-19T05:16:57.595Z</time></trkpt>
      <trkpt lat="39.268956" lon="114.677493"><time>2026-06-19T05:16:57.612Z</time></trkpt>
      <trkpt lat="39.268956" lon="114.677493"><time>2026-06-19T05:16:57.629Z</time></trkpt>
      <trkpt lat="39.268956" lon="114.677493"><time>2026-06-19T05:16:57.645Z</time></trkpt>
      <trkpt lat="39.268956" lon="114.677493"><time>2026-06-19T05:16:57.662Z</time></trkpt>
      <trkpt lat="39.268965" lon="114.677492"><time>2026-06-19T05:16:57.679Z</time></trkpt>
      <trkpt lat="39.268965" lon="114.677492"><time>2026-06-19T05:16:57.695Z</time></trkpt>
      <trkpt lat="39.268965" lon="114.677492"><time>2026-06-19T05:16:57.712Z</time></trkpt>
      <trkpt lat="39.268965" lon="114.677492"><time>2026-06-19T05:16:57.729Z</time></trkpt>
      <trkpt lat="39.268965" lon="114.677492"><time>2026-06-19T05:16:57.745Z</time></trkpt>
      <trkpt lat="39.268965" lon="114.677492"><time>2026-06-19T05:16:57.762Z</time></trkpt>
      <trkpt lat="39.268974" lon="114.677491"><time>2026-06-19T05:16:57.779Z</time></trkpt>
      <trkpt lat="39.268974" lon="114.677491"><time>2026-06-19T05:16:57.796Z</time></trkpt>
      <trkpt lat="39.268974" lon="114.677491"><time>2026-06-19T05:16:57.812Z</time></trkpt>
      <trkpt lat="39.268974" lon="114.677491"><time>2026-06-19T05:16:57.829Z</time></trkpt>
      <trkpt lat="39.268974" lon="114.677491"><time>2026-06-19T05:16:57.846Z</time></trkpt>
      <trkpt lat="39.268974" lon="114.677491"><time>2026-06-19T05:16:57.862Z</time></trkpt>
      <trkpt lat="39.268983" lon="114.677491"><time>2026-06-19T05:16:57.879Z</time></trkpt>
      <trkpt lat="39.268983" lon="114.677491"><time>2026-06-19T05:16:57.896Z</time></trkpt>
      <trkpt lat="39.268983" lon="114.677491"><time>2026-06-19T05:16:57.912Z</time></trkpt>
      <trkpt lat="39.268983" lon="114.677491"><time>2026-06-19T05:16:57.929Z</time></trkpt>
      <trkpt lat="39.268983" lon="114.677491"><time>2026-06-19T05:16:57.946Z</time></trkpt>
      <trkpt lat="39.268983" lon="114.677491"><time>2026-06-19T05:16:57.962Z</time></trkpt>
      <trkpt lat="39.268992" lon="114.67749"><time>2026-06-19T05:16:57.979Z</time></trkpt>
      <trkpt lat="39.268992" lon="114.67749"><time>2026-06-19T05:16:57.996Z</time></trkpt>
      <trkpt lat="39.268992" lon="114.67749"><time>2026-06-19T05:16:58.012Z</time></trkpt>
      <trkpt lat="39.268992" lon="114.67749"><time>2026-06-19T05:16:58.029Z</time></trkpt>
      <trkpt lat="39.268992" lon="114.67749"><time>2026-06-19T05:16:58.046Z</time></trkpt>
      <trkpt lat="39.268992" lon="114.67749"><time>2026-06-19T05:16:58.062Z</time></trkpt>
      <trkpt lat="39.269001" lon="114.677489"><time>2026-06-19T05:16:58.079Z</time></trkpt>
      <trkpt lat="39.269001" lon="114.677489"><time>2026-06-19T05:16:58.096Z</time></trkpt>
      <trkpt lat="39.269001" lon="114.677489"><time>2026-06-19T05:16:58.113Z</time></trkpt>
      <trkpt lat="39.269001" lon="114.677489"><time>2026-06-19T05:16:58.129Z</time></trkpt>
      <trkpt lat="39.269001" lon="114.677489"><time>2026-06-19T05:16:58.146Z</time></trkpt>
      <trkpt lat="39.269001" lon="114.677489"><time>2026-06-19T05:16:58.163Z</time></trkpt>
      <trkpt lat="39.26901" lon="114.677489"><time>2026-06-19T05:16:58.179Z</time></trkpt>
      <trkpt lat="39.26901" lon="114.677489"><time>2026-06-19T05:16:58.196Z</time></trkpt>
      <trkpt lat="39.26901" lon="114.677489"><time>2026-06-19T05:16:58.213Z</time></trkpt>
      <trkpt lat="39.26901" lon="114.677489"><time>2026-06-19T05:16:58.229Z</time></trkpt>
      <trkpt lat="39.26901" lon="114.677489"><time>2026-06-19T05:16:58.246Z</time></trkpt>
      <trkpt lat="39.26901" lon="114.677489"><time>2026-06-19T05:16:58.263Z</time></trkpt>
      <trkpt lat="39.269018" lon="114.677488"><time>2026-06-19T05:16:58.279Z</time></trkpt>
      <trkpt lat="39.269018" lon="114.677488"><time>2026-06-19T05:16:58.296Z</time></trkpt>
      <trkpt lat="39.269018" lon="114.677488"><time>2026-06-19T05:16:58.313Z</time></trkpt>
      <trkpt lat="39.269018" lon="114.677488"><time>2026-06-19T05:16:58.329Z</time></trkpt>
      <trkpt lat="39.269018" lon="114.677488"><time>2026-06-19T05:16:58.346Z</time></trkpt>
      <trkpt lat="39.269018" lon="114.677488"><time>2026-06-19T05:16:58.363Z</time></trkpt>
      <trkpt lat="39.269028" lon="114.677487"><time>2026-06-19T05:16:58.379Z</time></trkpt>
      <trkpt lat="39.269028" lon="114.677487"><time>2026-06-19T05:16:58.396Z</time></trkpt>
      <trkpt lat="39.269028" lon="114.677487"><time>2026-06-19T05:16:58.413Z</time></trkpt>
      <trkpt lat="39.269028" lon="114.677487"><time>2026-06-19T05:16:58.430Z</time></trkpt>
      <trkpt lat="39.269028" lon="114.677487"><time>2026-06-19T05:16:58.446Z</time></trkpt>
      <trkpt lat="39.269028" lon="114.677487"><time>2026-06-19T05:16:58.463Z</time></trkpt>
      <trkpt lat="39.269037" lon="114.677487"><time>2026-06-19T05:16:58.480Z</time></trkpt>
      <trkpt lat="39.269037" lon="114.677487"><time>2026-06-19T05:16:58.496Z</time></trkpt>
      <trkpt lat="39.269037" lon="114.677487"><time>2026-06-19T05:16:58.513Z</time></trkpt>
      <trkpt lat="39.269037" lon="114.677487"><time>2026-06-19T05:16:58.530Z</time></trkpt>
      <trkpt lat="39.269037" lon="114.677487"><time>2026-06-19T05:16:58.546Z</time></trkpt>
      <trkpt lat="39.269037" lon="114.677487"><time>2026-06-19T05:16:58.563Z</time></trkpt>
      <trkpt lat="39.269046" lon="114.677486"><time>2026-06-19T05:16:58.580Z</time></trkpt>
      <trkpt lat="39.269046" lon="114.677486"><time>2026-06-19T05:16:58.596Z</time></trkpt>
      <trkpt lat="39.269046" lon="114.677486"><time>2026-06-19T05:16:58.613Z</time></trkpt>
      <trkpt lat="39.269046" lon="114.677486"><time>2026-06-19T05:16:58.630Z</time></trkpt>
      <trkpt lat="39.269046" lon="114.677486"><time>2026-06-19T05:16:58.646Z</time></trkpt>
      <trkpt lat="39.269046" lon="114.677486"><time>2026-06-19T05:16:58.663Z</time></trkpt>
      <trkpt lat="39.269055" lon="114.677485"><time>2026-06-19T05:16:58.680Z</time></trkpt>
      <trkpt lat="39.269055" lon="114.677485"><time>2026-06-19T05:16:58.696Z</time></trkpt>
      <trkpt lat="39.269055" lon="114.677485"><time>2026-06-19T05:16:58.713Z</time></trkpt>
      <trkpt lat="39.269055" lon="114.677485"><time>2026-06-19T05:16:58.730Z</time></trkpt>
      <trkpt lat="39.269055" lon="114.677485"><time>2026-06-19T05:16:58.747Z</time></trkpt>
      <trkpt lat="39.269055" lon="114.677485"><time>2026-06-19T05:16:58.763Z</time></trkpt>
      <trkpt lat="39.269064" lon="114.677484"><time>2026-06-19T05:16:58.780Z</time></trkpt>
      <trkpt lat="39.269064" lon="114.677484"><time>2026-06-19T05:16:58.797Z</time></trkpt>
      <trkpt lat="39.269064" lon="114.677484"><time>2026-06-19T05:16:58.813Z</time></trkpt>
      <trkpt lat="39.269064" lon="114.677484"><time>2026-06-19T05:16:58.830Z</time></trkpt>
      <trkpt lat="39.269064" lon="114.677484"><time>2026-06-19T05:16:58.847Z</time></trkpt>
      <trkpt lat="39.269064" lon="114.677484"><time>2026-06-19T05:16:58.863Z</time></trkpt>
      <trkpt lat="39.269073" lon="114.677484"><time>2026-06-19T05:16:58.880Z</time></trkpt>
      <trkpt lat="39.269073" lon="114.677484"><time>2026-06-19T05:16:58.897Z</time></trkpt>
      <trkpt lat="39.269073" lon="114.677484"><time>2026-06-19T05:16:58.913Z</time></trkpt>
      <trkpt lat="39.269073" lon="114.677484"><time>2026-06-19T05:16:58.930Z</time></trkpt>
      <trkpt lat="39.269073" lon="114.677484"><time>2026-06-19T05:16:58.947Z</time></trkpt>
      <trkpt lat="39.269073" lon="114.677484"><time>2026-06-19T05:16:58.963Z</time></trkpt>
      <trkpt lat="39.269082" lon="114.677483"><time>2026-06-19T05:16:58.980Z</time></trkpt>
      <trkpt lat="39.269082" lon="114.677483"><time>2026-06-19T05:16:58.997Z</time></trkpt>
      <trkpt lat="39.269082" lon="114.677483"><time>2026-06-19T05:16:59.013Z</time></trkpt>
      <trkpt lat="39.269082" lon="114.677483"><time>2026-06-19T05:16:59.030Z</time></trkpt>
      <trkpt lat="39.269082" lon="114.677483"><time>2026-06-19T05:16:59.047Z</time></trkpt>
      <trkpt lat="39.269082" lon="114.677483"><time>2026-06-19T05:16:59.064Z</time></trkpt>
      <trkpt lat="39.269091" lon="114.677482"><time>2026-06-19T05:16:59.080Z</time></trkpt>
      <trkpt lat="39.269091" lon="114.677482"><time>2026-06-19T05:16:59.097Z</time></trkpt>
      <trkpt lat="39.269091" lon="114.677482"><time>2026-06-19T05:16:59.114Z</time></trkpt>
      <trkpt lat="39.269091" lon="114.677482"><time>2026-06-19T05:16:59.130Z</time></trkpt>
      <trkpt lat="39.269091" lon="114.677482"><time>2026-06-19T05:16:59.147Z</time></trkpt>
      <trkpt lat="39.269091" lon="114.677482"><time>2026-06-19T05:16:59.164Z</time></trkpt>
      <trkpt lat="39.2691" lon="114.677481"><time>2026-06-19T05:16:59.180Z</time></trkpt>
      <trkpt lat="39.2691" lon="114.677481"><time>2026-06-19T05:16:59.197Z</time></trkpt>
      <trkpt lat="39.2691" lon="114.677481"><time>2026-06-19T05:16:59.214Z</time></trkpt>
      <trkpt lat="39.2691" lon="114.677481"><time>2026-06-19T05:16:59.230Z</time></trkpt>
      <trkpt lat="39.2691" lon="114.677481"><time>2026-06-19T05:16:59.247Z</time></trkpt>
      <trkpt lat="39.2691" lon="114.677481"><time>2026-06-19T05:16:59.264Z</time></trkpt>
      <trkpt lat="39.269109" lon="114.677481"><time>2026-06-19T05:16:59.280Z</time></trkpt>
      <trkpt lat="39.269109" lon="114.677481"><time>2026-06-19T05:16:59.297Z</time></trkpt>
      <trkpt lat="39.269109" lon="114.677481"><time>2026-06-19T05:16:59.314Z</time></trkpt>
      <trkpt lat="39.269109" lon="114.677481"><time>2026-06-19T05:16:59.330Z</time></trkpt>
      <trkpt lat="39.269109" lon="114.677481"><time>2026-06-19T05:16:59.347Z</time></trkpt>
      <trkpt lat="39.269109" lon="114.677481"><time>2026-06-19T05:16:59.364Z</time></trkpt>
      <trkpt lat="39.269118" lon="114.67748"><time>2026-06-19T05:16:59.381Z</time></trkpt>
      <trkpt lat="39.269118" lon="114.67748"><time>2026-06-19T05:16:59.397Z</time></trkpt>
      <trkpt lat="39.269118" lon="114.67748"><time>2026-06-19T05:16:59.414Z</time></trkpt>
      <trkpt lat="39.269118" lon="114.67748"><time>2026-06-19T05:16:59.431Z</time></trkpt>
      <trkpt lat="39.269118" lon="114.67748"><time>2026-06-19T05:16:59.447Z</time></trkpt>
      <trkpt lat="39.269118" lon="114.67748"><time>2026-06-19T05:16:59.464Z</time></trkpt>
      <trkpt lat="39.269127" lon="114.677479"><time>2026-06-19T05:16:59.481Z</time></trkpt>
      <trkpt lat="39.269127" lon="114.677479"><time>2026-06-19T05:16:59.497Z</time></trkpt>
      <trkpt lat="39.269127" lon="114.677479"><time>2026-06-19T05:16:59.514Z</time></trkpt>
      <trkpt lat="39.269127" lon="114.677479"><time>2026-06-19T05:16:59.531Z</time></trkpt>
      <trkpt lat="39.269127" lon="114.677479"><time>2026-06-19T05:16:59.547Z</time></trkpt>
      <trkpt lat="39.269127" lon="114.677479"><time>2026-06-19T05:16:59.564Z</time></trkpt>
      <trkpt lat="39.269136" lon="114.677479"><time>2026-06-19T05:16:59.581Z</time></trkpt>
      <trkpt lat="39.269136" lon="114.677479"><time>2026-06-19T05:16:59.597Z</time></trkpt>
      <trkpt lat="39.269136" lon="114.677479"><time>2026-06-19T05:16:59.614Z</time></trkpt>
      <trkpt lat="39.269136" lon="114.677479"><time>2026-06-19T05:16:59.631Z</time></trkpt>
      <trkpt lat="39.269136" lon="114.677479"><time>2026-06-19T05:16:59.647Z</time></trkpt>
      <trkpt lat="39.269136" lon="114.677479"><time>2026-06-19T05:16:59.664Z</time></trkpt>
      <trkpt lat="39.269145" lon="114.677478"><time>2026-06-19T05:16:59.681Z</time></trkpt>
      <trkpt lat="39.269145" lon="114.677478"><time>2026-06-19T05:16:59.697Z</time></trkpt>
      <trkpt lat="39.269145" lon="114.677478"><time>2026-06-19T05:16:59.714Z</time></trkpt>
      <trkpt lat="39.269145" lon="114.677478"><time>2026-06-19T05:16:59.731Z</time></trkpt>
      <trkpt lat="39.269145" lon="114.677478"><time>2026-06-19T05:16:59.748Z</time></trkpt>
      <trkpt lat="39.269145" lon="114.677478"><time>2026-06-19T05:16:59.764Z</time></trkpt>
      <trkpt lat="39.269154" lon="114.677477"><time>2026-06-19T05:16:59.781Z</time></trkpt>
      <trkpt lat="39.269154" lon="114.677477"><time>2026-06-19T05:16:59.798Z</time></trkpt>
      <trkpt lat="39.269154" lon="114.677477"><time>2026-06-19T05:16:59.814Z</time></trkpt>
      <trkpt lat="39.269154" lon="114.677477"><time>2026-06-19T05:16:59.831Z</time></trkpt>
      <trkpt lat="39.269154" lon="114.677477"><time>2026-06-19T05:16:59.848Z</time></trkpt>
      <trkpt lat="39.269154" lon="114.677477"><time>2026-06-19T05:16:59.864Z</time></trkpt>
      <trkpt lat="39.269163" lon="114.677477"><time>2026-06-19T05:16:59.881Z</time></trkpt>
      <trkpt lat="39.269163" lon="114.677477"><time>2026-06-19T05:16:59.898Z</time></trkpt>
      <trkpt lat="39.269163" lon="114.677477"><time>2026-06-19T05:16:59.914Z</time></trkpt>
      <trkpt lat="39.269163" lon="114.677477"><time>2026-06-19T05:16:59.931Z</time></trkpt>
      <trkpt lat="39.269163" lon="114.677477"><time>2026-06-19T05:16:59.948Z</time></trkpt>
      <trkpt lat="39.269163" lon="114.677477"><time>2026-06-19T05:16:59.964Z</time></trkpt>
      <trkpt lat="39.269172" lon="114.677476"><time>2026-06-19T05:16:59.981Z</time></trkpt>
      <trkpt lat="39.269172" lon="114.677476"><time>2026-06-19T05:16:59.998Z</time></trkpt>
      <trkpt lat="39.269172" lon="114.677476"><time>2026-06-19T05:17:00.014Z</time></trkpt>
      <trkpt lat="39.269172" lon="114.677476"><time>2026-06-19T05:17:00.031Z</time></trkpt>
      <trkpt lat="39.269172" lon="114.677476"><time>2026-06-19T05:17:00.048Z</time></trkpt>
      <trkpt lat="39.269172" lon="114.677476"><time>2026-06-19T05:17:00.065Z</time></trkpt>
      <trkpt lat="39.26918" lon="114.677475"><time>2026-06-19T05:17:00.081Z</time></trkpt>
      <trkpt lat="39.26918" lon="114.677475"><time>2026-06-19T05:17:00.098Z</time></trkpt>
      <trkpt lat="39.26918" lon="114.677475"><time>2026-06-19T05:17:00.115Z</time></trkpt>
      <trkpt lat="39.26918" lon="114.677475"><time>2026-06-19T05:17:00.131Z</time></trkpt>
      <trkpt lat="39.26918" lon="114.677475"><time>2026-06-19T05:17:00.148Z</time></trkpt>
      <trkpt lat="39.26918" lon="114.677475"><time>2026-06-19T05:17:00.165Z</time></trkpt>
      <trkpt lat="39.26919" lon="114.677475"><time>2026-06-19T05:17:00.181Z</time></trkpt>
      <trkpt lat="39.26919" lon="114.677475"><time>2026-06-19T05:17:00.198Z</time></trkpt>
      <trkpt lat="39.26919" lon="114.677475"><time>2026-06-19T05:17:00.215Z</time></trkpt>
      <trkpt lat="39.26919" lon="114.677475"><time>2026-06-19T05:17:00.231Z</time></trkpt>
      <trkpt lat="39.26919" lon="114.677475"><time>2026-06-19T05:17:00.248Z</time></trkpt>
      <trkpt lat="39.26919" lon="114.677475"><time>2026-06-19T05:17:00.265Z</time></trkpt>
      <trkpt lat="39.269199" lon="114.677474"><time>2026-06-19T05:17:00.281Z</time></trkpt>
      <trkpt lat="39.269199" lon="114.677474"><time>2026-06-19T05:17:00.298Z</time></trkpt>
      <trkpt lat="39.269199" lon="114.677474"><time>2026-06-19T05:17:00.315Z</time></trkpt>
      <trkpt lat="39.269199" lon="114.677474"><time>2026-06-19T05:17:00.331Z</time></trkpt>
      <trkpt lat="39.269199" lon="114.677474"><time>2026-06-19T05:17:00.348Z</time></trkpt>
      <trkpt lat="39.269199" lon="114.677474"><time>2026-06-19T05:17:00.365Z</time></trkpt>
      <trkpt lat="39.269208" lon="114.677473"><time>2026-06-19T05:17:00.382Z</time></trkpt>
      <trkpt lat="39.269208" lon="114.677473"><time>2026-06-19T05:17:00.398Z</time></trkpt>
      <trkpt lat="39.269208" lon="114.677473"><time>2026-06-19T05:17:00.415Z</time></trkpt>
      <trkpt lat="39.269208" lon="114.677473"><time>2026-06-19T05:17:00.432Z</time></trkpt>
      <trkpt lat="39.269208" lon="114.677473"><time>2026-06-19T05:17:00.448Z</time></trkpt>
      <trkpt lat="39.269208" lon="114.677473"><time>2026-06-19T05:17:00.465Z</time></trkpt>
      <trkpt lat="39.269216" lon="114.677473"><time>2026-06-19T05:17:00.482Z</time></trkpt>
      <trkpt lat="39.269216" lon="114.677473"><time>2026-06-19T05:17:00.498Z</time></trkpt>
      <trkpt lat="39.269216" lon="114.677473"><time>2026-06-19T05:17:00.515Z</time></trkpt>
      <trkpt lat="39.269216" lon="114.677473"><time>2026-06-19T05:17:00.532Z</time></trkpt>
      <trkpt lat="39.269216" lon="114.677473"><time>2026-06-19T05:17:00.548Z</time></trkpt>
      <trkpt lat="39.269216" lon="114.677473"><time>2026-06-19T05:17:00.565Z</time></trkpt>
      <trkpt lat="39.269226" lon="114.677472"><time>2026-06-19T05:17:00.582Z</time></trkpt>
      <trkpt lat="39.269226" lon="114.677472"><time>2026-06-19T05:17:00.598Z</time></trkpt>
      <trkpt lat="39.269226" lon="114.677472"><time>2026-06-19T05:17:00.615Z</time></trkpt>
      <trkpt lat="39.269226" lon="114.677472"><time>2026-06-19T05:17:00.632Z</time></trkpt>
      <trkpt lat="39.269226" lon="114.677472"><time>2026-06-19T05:17:00.648Z</time></trkpt>
      <trkpt lat="39.269226" lon="114.677472"><time>2026-06-19T05:17:00.665Z</time></trkpt>
      <trkpt lat="39.269234" lon="114.677471"><time>2026-06-19T05:17:00.682Z</time></trkpt>
      <trkpt lat="39.269234" lon="114.677471"><time>2026-06-19T05:17:00.699Z</time></trkpt>
      <trkpt lat="39.269234" lon="114.677471"><time>2026-06-19T05:17:00.715Z</time></trkpt>
      <trkpt lat="39.269234" lon="114.677471"><time>2026-06-19T05:17:00.732Z</time></trkpt>
      <trkpt lat="39.269234" lon="114.677471"><time>2026-06-19T05:17:00.749Z</time></trkpt>
      <trkpt lat="39.269234" lon="114.677471"><time>2026-06-19T05:17:00.765Z</time></trkpt>
      <trkpt lat="39.269244" lon="114.67747"><time>2026-06-19T05:17:00.782Z</time></trkpt>
      <trkpt lat="39.269244" lon="114.67747"><time>2026-06-19T05:17:00.799Z</time></trkpt>
      <trkpt lat="39.269244" lon="114.67747"><time>2026-06-19T05:17:00.815Z</time></trkpt>
      <trkpt lat="39.269244" lon="114.67747"><time>2026-06-19T05:17:00.832Z</time></trkpt>
      <trkpt lat="39.269244" lon="114.67747"><time>2026-06-19T05:17:00.849Z</time></trkpt>
      <trkpt lat="39.269244" lon="114.67747"><time>2026-06-19T05:17:00.865Z</time></trkpt>
      <trkpt lat="39.269253" lon="114.67747"><time>2026-06-19T05:17:00.882Z</time></trkpt>
      <trkpt lat="39.269253" lon="114.67747"><time>2026-06-19T05:17:00.899Z</time></trkpt>
      <trkpt lat="39.269253" lon="114.67747"><time>2026-06-19T05:17:00.915Z</time></trkpt>
      <trkpt lat="39.269253" lon="114.67747"><time>2026-06-19T05:17:00.932Z</time></trkpt>
      <trkpt lat="39.269253" lon="114.67747"><time>2026-06-19T05:17:00.949Z</time></trkpt>
      <trkpt lat="39.269253" lon="114.67747"><time>2026-06-19T05:17:00.965Z</time></trkpt>
      <trkpt lat="39.269262" lon="114.677469"><time>2026-06-19T05:17:00.982Z</time></trkpt>
      <trkpt lat="39.269262" lon="114.677469"><time>2026-06-19T05:17:00.999Z</time></trkpt>
      <trkpt lat="39.269262" lon="114.677469"><time>2026-06-19T05:17:01.016Z</time></trkpt>
      <trkpt lat="39.269262" lon="114.677469"><time>2026-06-19T05:17:01.032Z</time></trkpt>
      <trkpt lat="39.269262" lon="114.677469"><time>2026-06-19T05:17:01.049Z</time></trkpt>
      <trkpt lat="39.269262" lon="114.677469"><time>2026-06-19T05:17:01.066Z</time></trkpt>
      <trkpt lat="39.26927" lon="114.677468"><time>2026-06-19T05:17:01.082Z</time></trkpt>
      <trkpt lat="39.26927" lon="114.677468"><time>2026-06-19T05:17:01.099Z</time></trkpt>
      <trkpt lat="39.26927" lon="114.677468"><time>2026-06-19T05:17:01.116Z</time></trkpt>
      <trkpt lat="39.26927" lon="114.677468"><time>2026-06-19T05:17:01.132Z</time></trkpt>
      <trkpt lat="39.26927" lon="114.677468"><time>2026-06-19T05:17:01.149Z</time></trkpt>
      <trkpt lat="39.26927" lon="114.677468"><time>2026-06-19T05:17:01.166Z</time></trkpt>
      <trkpt lat="39.26928" lon="114.677467"><time>2026-06-19T05:17:01.182Z</time></trkpt>
      <trkpt lat="39.26928" lon="114.677467"><time>2026-06-19T05:17:01.199Z</time></trkpt>
      <trkpt lat="39.26928" lon="114.677467"><time>2026-06-19T05:17:01.216Z</time></trkpt>
      <trkpt lat="39.26928" lon="114.677467"><time>2026-06-19T05:17:01.232Z</time></trkpt>
      <trkpt lat="39.26928" lon="114.677467"><time>2026-06-19T05:17:01.249Z</time></trkpt>
      <trkpt lat="39.26928" lon="114.677467"><time>2026-06-19T05:17:01.266Z</time></trkpt>
      <trkpt lat="39.269289" lon="114.677467"><time>2026-06-19T05:17:01.282Z</time></trkpt>
      <trkpt lat="39.269289" lon="114.677467"><time>2026-06-19T05:17:01.299Z</time></trkpt>
      <trkpt lat="39.269289" lon="114.677467"><time>2026-06-19T05:17:01.316Z</time></trkpt>
      <trkpt lat="39.269289" lon="114.677467"><time>2026-06-19T05:17:01.333Z</time></trkpt>
      <trkpt lat="39.269289" lon="114.677467"><time>2026-06-19T05:17:01.349Z</time></trkpt>
      <trkpt lat="39.269289" lon="114.677467"><time>2026-06-19T05:17:01.366Z</time></trkpt>
      <trkpt lat="39.269297" lon="114.677466"><time>2026-06-19T05:17:01.383Z</time></trkpt>
      <trkpt lat="39.269297" lon="114.677466"><time>2026-06-19T05:17:01.399Z</time></trkpt>
      <trkpt lat="39.269297" lon="114.677466"><time>2026-06-19T05:17:01.416Z</time></trkpt>
      <trkpt lat="39.269297" lon="114.677466"><time>2026-06-19T05:17:01.433Z</time></trkpt>
      <trkpt lat="39.269297" lon="114.677466"><time>2026-06-19T05:17:01.449Z</time></trkpt>
      <trkpt lat="39.269297" lon="114.677466"><time>2026-06-19T05:17:01.466Z</time></trkpt>
      <trkpt lat="39.269307" lon="114.677465"><time>2026-06-19T05:17:01.483Z</time></trkpt>
      <trkpt lat="39.269307" lon="114.677465"><time>2026-06-19T05:17:01.499Z</time></trkpt>
      <trkpt lat="39.269307" lon="114.677465"><time>2026-06-19T05:17:01.516Z</time></trkpt>
      <trkpt lat="39.269307" lon="114.677465"><time>2026-06-19T05:17:01.533Z</time></trkpt>
      <trkpt lat="39.269307" lon="114.677465"><time>2026-06-19T05:17:01.549Z</time></trkpt>
      <trkpt lat="39.269307" lon="114.677465"><time>2026-06-19T05:17:01.566Z</time></trkpt>
      <trkpt lat="39.269315" lon="114.677464"><time>2026-06-19T05:17:01.583Z</time></trkpt>
      <trkpt lat="39.269315" lon="114.677464"><time>2026-06-19T05:17:01.599Z</time></trkpt>
      <trkpt lat="39.269315" lon="114.677464"><time>2026-06-19T05:17:01.616Z</time></trkpt>
      <trkpt lat="39.269315" lon="114.677464"><time>2026-06-19T05:17:01.633Z</time></trkpt>
      <trkpt lat="39.269315" lon="114.677464"><time>2026-06-19T05:17:01.650Z</time></trkpt>
      <trkpt lat="39.269315" lon="114.677464"><time>2026-06-19T05:17:01.666Z</time></trkpt>
      <trkpt lat="39.269324" lon="114.677464"><time>2026-06-19T05:17:01.683Z</time></trkpt>
      <trkpt lat="39.269324" lon="114.677464"><time>2026-06-19T05:17:01.700Z</time></trkpt>
      <trkpt lat="39.269324" lon="114.677464"><time>2026-06-19T05:17:01.716Z</time></trkpt>
      <trkpt lat="39.269324" lon="114.677464"><time>2026-06-19T05:17:01.733Z</time></trkpt>
      <trkpt lat="39.269324" lon="114.677464"><time>2026-06-19T05:17:01.750Z</time></trkpt>
      <trkpt lat="39.269324" lon="114.677464"><time>2026-06-19T05:17:01.766Z</time></trkpt>
      <trkpt lat="39.269333" lon="114.677463"><time>2026-06-19T05:17:01.783Z</time></trkpt>
      <trkpt lat="39.269333" lon="114.677463"><time>2026-06-19T05:17:01.800Z</time></trkpt>
      <trkpt lat="39.269333" lon="114.677463"><time>2026-06-19T05:17:01.816Z</time></trkpt>
      <trkpt lat="39.269333" lon="114.677463"><time>2026-06-19T05:17:01.833Z</time></trkpt>
      <trkpt lat="39.269333" lon="114.677463"><time>2026-06-19T05:17:01.850Z</time></trkpt>
      <trkpt lat="39.269333" lon="114.677463"><time>2026-06-19T05:17:01.866Z</time></trkpt>
      <trkpt lat="39.269342" lon="114.677462"><time>2026-06-19T05:17:01.883Z</time></trkpt>
      <trkpt lat="39.269342" lon="114.677462"><time>2026-06-19T05:17:01.900Z</time></trkpt>
      <trkpt lat="39.269342" lon="114.677462"><time>2026-06-19T05:17:01.916Z</time></trkpt>
      <trkpt lat="39.269342" lon="114.677462"><time>2026-06-19T05:17:01.933Z</time></trkpt>
      <trkpt lat="39.269342" lon="114.677462"><time>2026-06-19T05:17:01.950Z</time></trkpt>
      <trkpt lat="39.269342" lon="114.677462"><time>2026-06-19T05:17:01.967Z</time></trkpt>
      <trkpt lat="39.269351" lon="114.677461"><time>2026-06-19T05:17:01.983Z</time></trkpt>
      <trkpt lat="39.269351" lon="114.677461"><time>2026-06-19T05:17:02.000Z</time></trkpt>
      <trkpt lat="39.269351" lon="114.677461"><time>2026-06-19T05:17:02.017Z</time></trkpt>
      <trkpt lat="39.269351" lon="114.677461"><time>2026-06-19T05:17:02.033Z</time></trkpt>
      <trkpt lat="39.269351" lon="114.677461"><time>2026-06-19T05:17:02.050Z</time></trkpt>
      <trkpt lat="39.269351" lon="114.677461"><time>2026-06-19T05:17:02.067Z</time></trkpt>
      <trkpt lat="39.269361" lon="114.677461"><time>2026-06-19T05:17:02.083Z</time></trkpt>
      <trkpt lat="39.269361" lon="114.677461"><time>2026-06-19T05:17:02.100Z</time></trkpt>
      <trkpt lat="39.269361" lon="114.677461"><time>2026-06-19T05:17:02.117Z</time></trkpt>
      <trkpt lat="39.269361" lon="114.677461"><time>2026-06-19T05:17:02.133Z</time></trkpt>
      <trkpt lat="39.269361" lon="114.677461"><time>2026-06-19T05:17:02.150Z</time></trkpt>
      <trkpt lat="39.269361" lon="114.677461"><time>2026-06-19T05:17:02.167Z</time></trkpt>
      <trkpt lat="39.26937" lon="114.67746"><time>2026-06-19T05:17:02.183Z</time></trkpt>
      <trkpt lat="39.26937" lon="114.67746"><time>2026-06-19T05:17:02.200Z</time></trkpt>
      <trkpt lat="39.26937" lon="114.67746"><time>2026-06-19T05:17:02.217Z</time></trkpt>
      <trkpt lat="39.26937" lon="114.67746"><time>2026-06-19T05:17:02.233Z</time></trkpt>
      <trkpt lat="39.26937" lon="114.67746"><time>2026-06-19T05:17:02.250Z</time></trkpt>
      <trkpt lat="39.26937" lon="114.67746"><time>2026-06-19T05:17:02.267Z</time></trkpt>
      <trkpt lat="39.269378" lon="114.677459"><time>2026-06-19T05:17:02.284Z</time></trkpt>
      <trkpt lat="39.269378" lon="114.677459"><time>2026-06-19T05:17:02.300Z</time></trkpt>
      <trkpt lat="39.269378" lon="114.677459"><time>2026-06-19T05:17:02.317Z</time></trkpt>
      <trkpt lat="39.269378" lon="114.677459"><time>2026-06-19T05:17:02.334Z</time></trkpt>
      <trkpt lat="39.269378" lon="114.677459"><time>2026-06-19T05:17:02.350Z</time></trkpt>
      <trkpt lat="39.269378" lon="114.677459"><time>2026-06-19T05:17:02.367Z</time></trkpt>
      <trkpt lat="39.269387" lon="114.677458"><time>2026-06-19T05:17:02.384Z</time></trkpt>
      <trkpt lat="39.269387" lon="114.677458"><time>2026-06-19T05:17:02.400Z</time></trkpt>
      <trkpt lat="39.269387" lon="114.677458"><time>2026-06-19T05:17:02.417Z</time></trkpt>
      <trkpt lat="39.269387" lon="114.677458"><time>2026-06-19T05:17:02.434Z</time></trkpt>
      <trkpt lat="39.269387" lon="114.677458"><time>2026-06-19T05:17:02.450Z</time></trkpt>
      <trkpt lat="39.269387" lon="114.677458"><time>2026-06-19T05:17:02.467Z</time></trkpt>
      <trkpt lat="39.269397" lon="114.677457"><time>2026-06-19T05:17:02.484Z</time></trkpt>
      <trkpt lat="39.269397" lon="114.677457"><time>2026-06-19T05:17:02.500Z</time></trkpt>
      <trkpt lat="39.269397" lon="114.677457"><time>2026-06-19T05:17:02.517Z</time></trkpt>
      <trkpt lat="39.269397" lon="114.677457"><time>2026-06-19T05:17:02.534Z</time></trkpt>
      <trkpt lat="39.269397" lon="114.677457"><time>2026-06-19T05:17:02.550Z</time></trkpt>
      <trkpt lat="39.269397" lon="114.677457"><time>2026-06-19T05:17:02.567Z</time></trkpt>
      <trkpt lat="39.269406" lon="114.677457"><time>2026-06-19T05:17:02.584Z</time></trkpt>
      <trkpt lat="39.269406" lon="114.677457"><time>2026-06-19T05:17:02.601Z</time></trkpt>
      <trkpt lat="39.269406" lon="114.677457"><time>2026-06-19T05:17:02.617Z</time></trkpt>
      <trkpt lat="39.269406" lon="114.677457"><time>2026-06-19T05:17:02.634Z</time></trkpt>
      <trkpt lat="39.269406" lon="114.677457"><time>2026-06-19T05:17:02.651Z</time></trkpt>
      <trkpt lat="39.269406" lon="114.677457"><time>2026-06-19T05:17:02.667Z</time></trkpt>
      <trkpt lat="39.269415" lon="114.677456"><time>2026-06-19T05:17:02.684Z</time></trkpt>
      <trkpt lat="39.269415" lon="114.677456"><time>2026-06-19T05:17:02.701Z</time></trkpt>
      <trkpt lat="39.269415" lon="114.677456"><time>2026-06-19T05:17:02.717Z</time></trkpt>
      <trkpt lat="39.269415" lon="114.677456"><time>2026-06-19T05:17:02.734Z</time></trkpt>
      <trkpt lat="39.269415" lon="114.677456"><time>2026-06-19T05:17:02.751Z</time></trkpt>
      <trkpt lat="39.269415" lon="114.677456"><time>2026-06-19T05:17:02.767Z</time></trkpt>
      <trkpt lat="39.269424" lon="114.677455"><time>2026-06-19T05:17:02.784Z</time></trkpt>
      <trkpt lat="39.269424" lon="114.677455"><time>2026-06-19T05:17:02.801Z</time></trkpt>
      <trkpt lat="39.269424" lon="114.677455"><time>2026-06-19T05:17:02.817Z</time></trkpt>
      <trkpt lat="39.269424" lon="114.677455"><time>2026-06-19T05:17:02.834Z</time></trkpt>
      <trkpt lat="39.269424" lon="114.677455"><time>2026-06-19T05:17:02.851Z</time></trkpt>
      <trkpt lat="39.269424" lon="114.677455"><time>2026-06-19T05:17:02.867Z</time></trkpt>
      <trkpt lat="39.269433" lon="114.677455"><time>2026-06-19T05:17:02.884Z</time></trkpt>
      <trkpt lat="39.269433" lon="114.677455"><time>2026-06-19T05:17:02.901Z</time></trkpt>
      <trkpt lat="39.269433" lon="114.677455"><time>2026-06-19T05:17:02.918Z</time></trkpt>
      <trkpt lat="39.269433" lon="114.677455"><time>2026-06-19T05:17:02.934Z</time></trkpt>
      <trkpt lat="39.269433" lon="114.677455"><time>2026-06-19T05:17:02.951Z</time></trkpt>
      <trkpt lat="39.269433" lon="114.677455"><time>2026-06-19T05:17:02.968Z</time></trkpt>
      <trkpt lat="39.269442" lon="114.677454"><time>2026-06-19T05:17:02.984Z</time></trkpt>
      <trkpt lat="39.269442" lon="114.677454"><time>2026-06-19T05:17:03.001Z</time></trkpt>
      <trkpt lat="39.269442" lon="114.677454"><time>2026-06-19T05:17:03.018Z</time></trkpt>
      <trkpt lat="39.269442" lon="114.677454"><time>2026-06-19T05:17:03.034Z</time></trkpt>
      <trkpt lat="39.269442" lon="114.677454"><time>2026-06-19T05:17:03.051Z</time></trkpt>
      <trkpt lat="39.269442" lon="114.677454"><time>2026-06-19T05:17:03.068Z</time></trkpt>
      <trkpt lat="39.269451" lon="114.677453"><time>2026-06-19T05:17:03.084Z</time></trkpt>
      <trkpt lat="39.269451" lon="114.677453"><time>2026-06-19T05:17:03.101Z</time></trkpt>
      <trkpt lat="39.269451" lon="114.677453"><time>2026-06-19T05:17:03.118Z</time></trkpt>
      <trkpt lat="39.269451" lon="114.677453"><time>2026-06-19T05:17:03.134Z</time></trkpt>
      <trkpt lat="39.269451" lon="114.677453"><time>2026-06-19T05:17:03.151Z</time></trkpt>
      <trkpt lat="39.269451" lon="114.677453"><time>2026-06-19T05:17:03.168Z</time></trkpt>
      <trkpt lat="39.26946" lon="114.677452"><time>2026-06-19T05:17:03.184Z</time></trkpt>
      <trkpt lat="39.26946" lon="114.677452"><time>2026-06-19T05:17:03.201Z</time></trkpt>
      <trkpt lat="39.26946" lon="114.677452"><time>2026-06-19T05:17:03.218Z</time></trkpt>
      <trkpt lat="39.26946" lon="114.677452"><time>2026-06-19T05:17:03.235Z</time></trkpt>
      <trkpt lat="39.26946" lon="114.677452"><time>2026-06-19T05:17:03.251Z</time></trkpt>
      <trkpt lat="39.26946" lon="114.677452"><time>2026-06-19T05:17:03.268Z</time></trkpt>
      <trkpt lat="39.269469" lon="114.677451"><time>2026-06-19T05:17:03.285Z</time></trkpt>
      <trkpt lat="39.269469" lon="114.677451"><time>2026-06-19T05:17:03.301Z</time></trkpt>
      <trkpt lat="39.269469" lon="114.677451"><time>2026-06-19T05:17:03.318Z</time></trkpt>
      <trkpt lat="39.269469" lon="114.677451"><time>2026-06-19T05:17:03.335Z</time></trkpt>
      <trkpt lat="39.269469" lon="114.677451"><time>2026-06-19T05:17:03.351Z</time></trkpt>
      <trkpt lat="39.269469" lon="114.677451"><time>2026-06-19T05:17:03.368Z</time></trkpt>
      <trkpt lat="39.269478" lon="114.677447"><time>2026-06-19T05:17:03.385Z</time></trkpt>
      <trkpt lat="39.269478" lon="114.677447"><time>2026-06-19T05:17:03.401Z</time></trkpt>
      <trkpt lat="39.269478" lon="114.677447"><time>2026-06-19T05:17:03.418Z</time></trkpt>
      <trkpt lat="39.269478" lon="114.677447"><time>2026-06-19T05:17:03.435Z</time></trkpt>
      <trkpt lat="39.269478" lon="114.677447"><time>2026-06-19T05:17:03.451Z</time></trkpt>
      <trkpt lat="39.269478" lon="114.677447"><time>2026-06-19T05:17:03.468Z</time></trkpt>
      <trkpt lat="39.269487" lon="114.677446"><time>2026-06-19T05:17:03.485Z</time></trkpt>
      <trkpt lat="39.269487" lon="114.677446"><time>2026-06-19T05:17:03.501Z</time></trkpt>
      <trkpt lat="39.269487" lon="114.677446"><time>2026-06-19T05:17:03.518Z</time></trkpt>
      <trkpt lat="39.269487" lon="114.677446"><time>2026-06-19T05:17:03.535Z</time></trkpt>
      <trkpt lat="39.269487" lon="114.677446"><time>2026-06-19T05:17:03.552Z</time></trkpt>
      <trkpt lat="39.269487" lon="114.677446"><time>2026-06-19T05:17:03.568Z</time></trkpt>
      <trkpt lat="39.269496" lon="114.677446"><time>2026-06-19T05:17:03.585Z</time></trkpt>
      <trkpt lat="39.269496" lon="114.677446"><time>2026-06-19T05:17:03.602Z</time></trkpt>
      <trkpt lat="39.269496" lon="114.677446"><time>2026-06-19T05:17:03.618Z</time></trkpt>
      <trkpt lat="39.269496" lon="114.677446"><time>2026-06-19T05:17:03.635Z</time></trkpt>
      <trkpt lat="39.269496" lon="114.677446"><time>2026-06-19T05:17:03.652Z</time></trkpt>
      <trkpt lat="39.269496" lon="114.677446"><time>2026-06-19T05:17:03.668Z</time></trkpt>
      <trkpt lat="39.269505" lon="114.677445"><time>2026-06-19T05:17:03.685Z</time></trkpt>
      <trkpt lat="39.269505" lon="114.677445"><time>2026-06-19T05:17:03.702Z</time></trkpt>
      <trkpt lat="39.269505" lon="114.677445"><time>2026-06-19T05:17:03.718Z</time></trkpt>
      <trkpt lat="39.269505" lon="114.677445"><time>2026-06-19T05:17:03.735Z</time></trkpt>
      <trkpt lat="39.269505" lon="114.677445"><time>2026-06-19T05:17:03.752Z</time></trkpt>
      <trkpt lat="39.269505" lon="114.677445"><time>2026-06-19T05:17:03.768Z</time></trkpt>
      <trkpt lat="39.269514" lon="114.677444"><time>2026-06-19T05:17:03.785Z</time></trkpt>
      <trkpt lat="39.269514" lon="114.677444"><time>2026-06-19T05:17:03.802Z</time></trkpt>
      <trkpt lat="39.269514" lon="114.677444"><time>2026-06-19T05:17:03.818Z</time></trkpt>
      <trkpt lat="39.269514" lon="114.677444"><time>2026-06-19T05:17:03.835Z</time></trkpt>
      <trkpt lat="39.269514" lon="114.677444"><time>2026-06-19T05:17:03.852Z</time></trkpt>
      <trkpt lat="39.269514" lon="114.677444"><time>2026-06-19T05:17:03.869Z</time></trkpt>
      <trkpt lat="39.269523" lon="114.677444"><time>2026-06-19T05:17:03.885Z</time></trkpt>
      <trkpt lat="39.269523" lon="114.677444"><time>2026-06-19T05:17:03.902Z</time></trkpt>
      <trkpt lat="39.269523" lon="114.677444"><time>2026-06-19T05:17:03.919Z</time></trkpt>
      <trkpt lat="39.269523" lon="114.677444"><time>2026-06-19T05:17:03.935Z</time></trkpt>
      <trkpt lat="39.269523" lon="114.677444"><time>2026-06-19T05:17:03.952Z</time></trkpt>
      <trkpt lat="39.269523" lon="114.677444"><time>2026-06-19T05:17:03.969Z</time></trkpt>
      <trkpt lat="39.269532" lon="114.677443"><time>2026-06-19T05:17:03.985Z</time></trkpt>
      <trkpt lat="39.269532" lon="114.677443"><time>2026-06-19T05:17:04.002Z</time></trkpt>
      <trkpt lat="39.269532" lon="114.677443"><time>2026-06-19T05:17:04.019Z</time></trkpt>
      <trkpt lat="39.269532" lon="114.677443"><time>2026-06-19T05:17:04.035Z</time></trkpt>
      <trkpt lat="39.269532" lon="114.677443"><time>2026-06-19T05:17:04.052Z</time></trkpt>
      <trkpt lat="39.269532" lon="114.677443"><time>2026-06-19T05:17:04.069Z</time></trkpt>
      <trkpt lat="39.269541" lon="114.677442"><time>2026-06-19T05:17:04.085Z</time></trkpt>
      <trkpt lat="39.269541" lon="114.677442"><time>2026-06-19T05:17:04.102Z</time></trkpt>
      <trkpt lat="39.269541" lon="114.677442"><time>2026-06-19T05:17:04.119Z</time></trkpt>
      <trkpt lat="39.269541" lon="114.677442"><time>2026-06-19T05:17:04.135Z</time></trkpt>
      <trkpt lat="39.269541" lon="114.677442"><time>2026-06-19T05:17:04.152Z</time></trkpt>
      <trkpt lat="39.269541" lon="114.677442"><time>2026-06-19T05:17:04.169Z</time></trkpt>
      <trkpt lat="39.26955" lon="114.677442"><time>2026-06-19T05:17:04.186Z</time></trkpt>
      <trkpt lat="39.26955" lon="114.677442"><time>2026-06-19T05:17:04.202Z</time></trkpt>
      <trkpt lat="39.26955" lon="114.677442"><time>2026-06-19T05:17:04.219Z</time></trkpt>
      <trkpt lat="39.26955" lon="114.677442"><time>2026-06-19T05:17:04.236Z</time></trkpt>
      <trkpt lat="39.26955" lon="114.677442"><time>2026-06-19T05:17:04.252Z</time></trkpt>
      <trkpt lat="39.26955" lon="114.677442"><time>2026-06-19T05:17:04.269Z</time></trkpt>
      <trkpt lat="39.269559" lon="114.677441"><time>2026-06-19T05:17:04.286Z</time></trkpt>
      <trkpt lat="39.269559" lon="114.677441"><time>2026-06-19T05:17:04.302Z</time></trkpt>
      <trkpt lat="39.269559" lon="114.677441"><time>2026-06-19T05:17:04.319Z</time></trkpt>
      <trkpt lat="39.269559" lon="114.677441"><time>2026-06-19T05:17:04.336Z</time></trkpt>
      <trkpt lat="39.269559" lon="114.677441"><time>2026-06-19T05:17:04.352Z</time></trkpt>
      <trkpt lat="39.269559" lon="114.677441"><time>2026-06-19T05:17:04.369Z</time></trkpt>
      <trkpt lat="39.269568" lon="114.67744"><time>2026-06-19T05:17:04.386Z</time></trkpt>
      <trkpt lat="39.269568" lon="114.67744"><time>2026-06-19T05:17:04.402Z</time></trkpt>
      <trkpt lat="39.269568" lon="114.67744"><time>2026-06-19T05:17:04.419Z</time></trkpt>
      <trkpt lat="39.269568" lon="114.67744"><time>2026-06-19T05:17:04.436Z</time></trkpt>
      <trkpt lat="39.269568" lon="114.67744"><time>2026-06-19T05:17:04.452Z</time></trkpt>
      <trkpt lat="39.269568" lon="114.67744"><time>2026-06-19T05:17:04.469Z</time></trkpt>
      <trkpt lat="39.269577" lon="114.67744"><time>2026-06-19T05:17:04.486Z</time></trkpt>
      <trkpt lat="39.269577" lon="114.67744"><time>2026-06-19T05:17:04.503Z</time></trkpt>
      <trkpt lat="39.269577" lon="114.67744"><time>2026-06-19T05:17:04.519Z</time></trkpt>
      <trkpt lat="39.269577" lon="114.67744"><time>2026-06-19T05:17:04.536Z</time></trkpt>
      <trkpt lat="39.269577" lon="114.67744"><time>2026-06-19T05:17:04.553Z</time></trkpt>
      <trkpt lat="39.269577" lon="114.67744"><time>2026-06-19T05:17:04.569Z</time></trkpt>
      <trkpt lat="39.269586" lon="114.677439"><time>2026-06-19T05:17:04.586Z</time></trkpt>
      <trkpt lat="39.269586" lon="114.677439"><time>2026-06-19T05:17:04.603Z</time></trkpt>
      <trkpt lat="39.269586" lon="114.677439"><time>2026-06-19T05:17:04.619Z</time></trkpt>
      <trkpt lat="39.269586" lon="114.677439"><time>2026-06-19T05:17:04.636Z</time></trkpt>
      <trkpt lat="39.269586" lon="114.677439"><time>2026-06-19T05:17:04.653Z</time></trkpt>
      <trkpt lat="39.269586" lon="114.677439"><time>2026-06-19T05:17:04.669Z</time></trkpt>
      <trkpt lat="39.269595" lon="114.677438"><time>2026-06-19T05:17:04.686Z</time></trkpt>
      <trkpt lat="39.269595" lon="114.677438"><time>2026-06-19T05:17:04.703Z</time></trkpt>
      <trkpt lat="39.269595" lon="114.677438"><time>2026-06-19T05:17:04.719Z</time></trkpt>
      <trkpt lat="39.269595" lon="114.677438"><time>2026-06-19T05:17:04.736Z</time></trkpt>
      <trkpt lat="39.269595" lon="114.677438"><time>2026-06-19T05:17:04.753Z</time></trkpt>
      <trkpt lat="39.269595" lon="114.677438"><time>2026-06-19T05:17:04.769Z</time></trkpt>
      <trkpt lat="39.269604" lon="114.677438"><time>2026-06-19T05:17:04.786Z</time></trkpt>
      <trkpt lat="39.269604" lon="114.677438"><time>2026-06-19T05:17:04.803Z</time></trkpt>
      <trkpt lat="39.269604" lon="114.677438"><time>2026-06-19T05:17:04.820Z</time></trkpt>
      <trkpt lat="39.269604" lon="114.677438"><time>2026-06-19T05:17:04.836Z</time></trkpt>
      <trkpt lat="39.269604" lon="114.677438"><time>2026-06-19T05:17:04.853Z</time></trkpt>
      <trkpt lat="39.269604" lon="114.677438"><time>2026-06-19T05:17:04.870Z</time></trkpt>
      <trkpt lat="39.269613" lon="114.677437"><time>2026-06-19T05:17:04.886Z</time></trkpt>
      <trkpt lat="39.269613" lon="114.677437"><time>2026-06-19T05:17:04.903Z</time></trkpt>
      <trkpt lat="39.269613" lon="114.677437"><time>2026-06-19T05:17:04.920Z</time></trkpt>
      <trkpt lat="39.269613" lon="114.677437"><time>2026-06-19T05:17:04.936Z</time></trkpt>
      <trkpt lat="39.269613" lon="114.677437"><time>2026-06-19T05:17:04.953Z</time></trkpt>
      <trkpt lat="39.269613" lon="114.677437"><time>2026-06-19T05:17:04.970Z</time></trkpt>
      <trkpt lat="39.269622" lon="114.677436"><time>2026-06-19T05:17:04.986Z</time></trkpt>
      <trkpt lat="39.269622" lon="114.677436"><time>2026-06-19T05:17:05.003Z</time></trkpt>
      <trkpt lat="39.269622" lon="114.677436"><time>2026-06-19T05:17:05.020Z</time></trkpt>
      <trkpt lat="39.269622" lon="114.677436"><time>2026-06-19T05:17:05.036Z</time></trkpt>
      <trkpt lat="39.269622" lon="114.677436"><time>2026-06-19T05:17:05.053Z</time></trkpt>
      <trkpt lat="39.269622" lon="114.677436"><time>2026-06-19T05:17:05.070Z</time></trkpt>
      <trkpt lat="39.269631" lon="114.677436"><time>2026-06-19T05:17:05.086Z</time></trkpt>
      <trkpt lat="39.269631" lon="114.677436"><time>2026-06-19T05:17:05.103Z</time></trkpt>
      <trkpt lat="39.269631" lon="114.677436"><time>2026-06-19T05:17:05.120Z</time></trkpt>
      <trkpt lat="39.269631" lon="114.677436"><time>2026-06-19T05:17:05.137Z</time></trkpt>
      <trkpt lat="39.269631" lon="114.677436"><time>2026-06-19T05:17:05.153Z</time></trkpt>
      <trkpt lat="39.269631" lon="114.677436"><time>2026-06-19T05:17:05.170Z</time></trkpt>
      <trkpt lat="39.26964" lon="114.677435"><time>2026-06-19T05:17:05.187Z</time></trkpt>
      <trkpt lat="39.26964" lon="114.677435"><time>2026-06-19T05:17:05.203Z</time></trkpt>
      <trkpt lat="39.26964" lon="114.677435"><time>2026-06-19T05:17:05.220Z</time></trkpt>
      <trkpt lat="39.26964" lon="114.677435"><time>2026-06-19T05:17:05.237Z</time></trkpt>
      <trkpt lat="39.26964" lon="114.677435"><time>2026-06-19T05:17:05.253Z</time></trkpt>
      <trkpt lat="39.26964" lon="114.677435"><time>2026-06-19T05:17:05.270Z</time></trkpt>
      <trkpt lat="39.269649" lon="114.677434"><time>2026-06-19T05:17:05.287Z</time></trkpt>
      <trkpt lat="39.269649" lon="114.677434"><time>2026-06-19T05:17:05.303Z</time></trkpt>
      <trkpt lat="39.269649" lon="114.677434"><time>2026-06-19T05:17:05.320Z</time></trkpt>
      <trkpt lat="39.269649" lon="114.677434"><time>2026-06-19T05:17:05.337Z</time></trkpt>
      <trkpt lat="39.269649" lon="114.677434"><time>2026-06-19T05:17:05.353Z</time></trkpt>
      <trkpt lat="39.269649" lon="114.677434"><time>2026-06-19T05:17:05.370Z</time></trkpt>
      <trkpt lat="39.269658" lon="114.677434"><time>2026-06-19T05:17:05.387Z</time></trkpt>
      <trkpt lat="39.269658" lon="114.677434"><time>2026-06-19T05:17:05.403Z</time></trkpt>
      <trkpt lat="39.269658" lon="114.677434"><time>2026-06-19T05:17:05.420Z</time></trkpt>
      <trkpt lat="39.269658" lon="114.677434"><time>2026-06-19T05:17:05.437Z</time></trkpt>
      <trkpt lat="39.269658" lon="114.677434"><time>2026-06-19T05:17:05.454Z</time></trkpt>
      <trkpt lat="39.269658" lon="114.677434"><time>2026-06-19T05:17:05.470Z</time></trkpt>
      <trkpt lat="39.269667" lon="114.677433"><time>2026-06-19T05:17:05.487Z</time></trkpt>
      <trkpt lat="39.269667" lon="114.677433"><time>2026-06-19T05:17:05.504Z</time></trkpt>
      <trkpt lat="39.269667" lon="114.677433"><time>2026-06-19T05:17:05.520Z</time></trkpt>
      <trkpt lat="39.269667" lon="114.677433"><time>2026-06-19T05:17:05.537Z</time></trkpt>
      <trkpt lat="39.269667" lon="114.677433"><time>2026-06-19T05:17:05.554Z</time></trkpt>
      <trkpt lat="39.269667" lon="114.677433"><time>2026-06-19T05:17:05.570Z</time></trkpt>
      <trkpt lat="39.269676" lon="114.677433"><time>2026-06-19T05:17:05.587Z</time></trkpt>
      <trkpt lat="39.269676" lon="114.677433"><time>2026-06-19T05:17:05.604Z</time></trkpt>
      <trkpt lat="39.269676" lon="114.677433"><time>2026-06-19T05:17:05.620Z</time></trkpt>
      <trkpt lat="39.269676" lon="114.677433"><time>2026-06-19T05:17:05.637Z</time></trkpt>
      <trkpt lat="39.269676" lon="114.677433"><time>2026-06-19T05:17:05.654Z</time></trkpt>
      <trkpt lat="39.269676" lon="114.677433"><time>2026-06-19T05:17:05.670Z</time></trkpt>
      <trkpt lat="39.269685" lon="114.677432"><time>2026-06-19T05:17:05.687Z</time></trkpt>
      <trkpt lat="39.269685" lon="114.677432"><time>2026-06-19T05:17:05.704Z</time></trkpt>
      <trkpt lat="39.269685" lon="114.677432"><time>2026-06-19T05:17:05.720Z</time></trkpt>
      <trkpt lat="39.269685" lon="114.677432"><time>2026-06-19T05:17:05.737Z</time></trkpt>
      <trkpt lat="39.269685" lon="114.677432"><time>2026-06-19T05:17:05.754Z</time></trkpt>
      <trkpt lat="39.269685" lon="114.677432"><time>2026-06-19T05:17:05.771Z</time></trkpt>
      <trkpt lat="39.269695" lon="114.677431"><time>2026-06-19T05:17:05.787Z</time></trkpt>
      <trkpt lat="39.269695" lon="114.677431"><time>2026-06-19T05:17:05.804Z</time></trkpt>
      <trkpt lat="39.269695" lon="114.677431"><time>2026-06-19T05:17:05.821Z</time></trkpt>
      <trkpt lat="39.269695" lon="114.677431"><time>2026-06-19T05:17:05.837Z</time></trkpt>
      <trkpt lat="39.269695" lon="114.677431"><time>2026-06-19T05:17:05.854Z</time></trkpt>
      <trkpt lat="39.269695" lon="114.677431"><time>2026-06-19T05:17:05.871Z</time></trkpt>
      <trkpt lat="39.269704" lon="114.677431"><time>2026-06-19T05:17:05.887Z</time></trkpt>
      <trkpt lat="39.269704" lon="114.677431"><time>2026-06-19T05:17:05.904Z</time></trkpt>
      <trkpt lat="39.269704" lon="114.677431"><time>2026-06-19T05:17:05.921Z</time></trkpt>
      <trkpt lat="39.269704" lon="114.677431"><time>2026-06-19T05:17:05.937Z</time></trkpt>
      <trkpt lat="39.269704" lon="114.677431"><time>2026-06-19T05:17:05.954Z</time></trkpt>
      <trkpt lat="39.269704" lon="114.677431"><time>2026-06-19T05:17:05.971Z</time></trkpt>
      <trkpt lat="39.269713" lon="114.67743"><time>2026-06-19T05:17:05.987Z</time></trkpt>
      <trkpt lat="39.269713" lon="114.67743"><time>2026-06-19T05:17:06.004Z</time></trkpt>
      <trkpt lat="39.269713" lon="114.67743"><time>2026-06-19T05:17:06.021Z</time></trkpt>
      <trkpt lat="39.269713" lon="114.67743"><time>2026-06-19T05:17:06.037Z</time></trkpt>
      <trkpt lat="39.269713" lon="114.67743"><time>2026-06-19T05:17:06.054Z</time></trkpt>
      <trkpt lat="39.269713" lon="114.67743"><time>2026-06-19T05:17:06.071Z</time></trkpt>
      <trkpt lat="39.269722" lon="114.677429"><time>2026-06-19T05:17:06.088Z</time></trkpt>
      <trkpt lat="39.269722" lon="114.677429"><time>2026-06-19T05:17:06.104Z</time></trkpt>
      <trkpt lat="39.269722" lon="114.677429"><time>2026-06-19T05:17:06.121Z</time></trkpt>
      <trkpt lat="39.269722" lon="114.677429"><time>2026-06-19T05:17:06.138Z</time></trkpt>
      <trkpt lat="39.269722" lon="114.677429"><time>2026-06-19T05:17:06.154Z</time></trkpt>
      <trkpt lat="39.269722" lon="114.677429"><time>2026-06-19T05:17:06.171Z</time></trkpt>
      <trkpt lat="39.269731" lon="114.677428"><time>2026-06-19T05:17:06.188Z</time></trkpt>
      <trkpt lat="39.269731" lon="114.677428"><time>2026-06-19T05:17:06.204Z</time></trkpt>
      <trkpt lat="39.269731" lon="114.677428"><time>2026-06-19T05:17:06.221Z</time></trkpt>
      <trkpt lat="39.269731" lon="114.677428"><time>2026-06-19T05:17:06.238Z</time></trkpt>
      <trkpt lat="39.269731" lon="114.677428"><time>2026-06-19T05:17:06.254Z</time></trkpt>
      <trkpt lat="39.269731" lon="114.677428"><time>2026-06-19T05:17:06.271Z</time></trkpt>
      <trkpt lat="39.26974" lon="114.677428"><time>2026-06-19T05:17:06.288Z</time></trkpt>
      <trkpt lat="39.26974" lon="114.677428"><time>2026-06-19T05:17:06.304Z</time></trkpt>
      <trkpt lat="39.26974" lon="114.677428"><time>2026-06-19T05:17:06.321Z</time></trkpt>
      <trkpt lat="39.26974" lon="114.677428"><time>2026-06-19T05:17:06.338Z</time></trkpt>
      <trkpt lat="39.26974" lon="114.677428"><time>2026-06-19T05:17:06.354Z</time></trkpt>
      <trkpt lat="39.26974" lon="114.677428"><time>2026-06-19T05:17:06.371Z</time></trkpt>
      <trkpt lat="39.269749" lon="114.677427"><time>2026-06-19T05:17:06.388Z</time></trkpt>
      <trkpt lat="39.269749" lon="114.677427"><time>2026-06-19T05:17:06.404Z</time></trkpt>
      <trkpt lat="39.269749" lon="114.677427"><time>2026-06-19T05:17:06.421Z</time></trkpt>
      <trkpt lat="39.269749" lon="114.677427"><time>2026-06-19T05:17:06.438Z</time></trkpt>
      <trkpt lat="39.269749" lon="114.677427"><time>2026-06-19T05:17:06.455Z</time></trkpt>
      <trkpt lat="39.269749" lon="114.677427"><time>2026-06-19T05:17:06.471Z</time></trkpt>
      <trkpt lat="39.269758" lon="114.677427"><time>2026-06-19T05:17:06.488Z</time></trkpt>
      <trkpt lat="39.269758" lon="114.677427"><time>2026-06-19T05:17:06.505Z</time></trkpt>
      <trkpt lat="39.269758" lon="114.677427"><time>2026-06-19T05:17:06.521Z</time></trkpt>
      <trkpt lat="39.269758" lon="114.677427"><time>2026-06-19T05:17:06.538Z</time></trkpt>
      <trkpt lat="39.269758" lon="114.677427"><time>2026-06-19T05:17:06.555Z</time></trkpt>
      <trkpt lat="39.269758" lon="114.677427"><time>2026-06-19T05:17:06.571Z</time></trkpt>
      <trkpt lat="39.269767" lon="114.677426"><time>2026-06-19T05:17:06.588Z</time></trkpt>
      <trkpt lat="39.269767" lon="114.677426"><time>2026-06-19T05:17:06.605Z</time></trkpt>
      <trkpt lat="39.269767" lon="114.677426"><time>2026-06-19T05:17:06.621Z</time></trkpt>
      <trkpt lat="39.269767" lon="114.677426"><time>2026-06-19T05:17:06.638Z</time></trkpt>
      <trkpt lat="39.269767" lon="114.677426"><time>2026-06-19T05:17:06.655Z</time></trkpt>
      <trkpt lat="39.269767" lon="114.677426"><time>2026-06-19T05:17:06.671Z</time></trkpt>
      <trkpt lat="39.269776" lon="114.677426"><time>2026-06-19T05:17:06.688Z</time></trkpt>
      <trkpt lat="39.269776" lon="114.677426"><time>2026-06-19T05:17:06.705Z</time></trkpt>
      <trkpt lat="39.269776" lon="114.677426"><time>2026-06-19T05:17:06.721Z</time></trkpt>
      <trkpt lat="39.269776" lon="114.677426"><time>2026-06-19T05:17:06.738Z</time></trkpt>
      <trkpt lat="39.269776" lon="114.677426"><time>2026-06-19T05:17:06.755Z</time></trkpt>
      <trkpt lat="39.269776" lon="114.677426"><time>2026-06-19T05:17:06.772Z</time></trkpt>
      <trkpt lat="39.269785" lon="114.677425"><time>2026-06-19T05:17:06.788Z</time></trkpt>
      <trkpt lat="39.269785" lon="114.677425"><time>2026-06-19T05:17:06.805Z</time></trkpt>
      <trkpt lat="39.269785" lon="114.677425"><time>2026-06-19T05:17:06.822Z</time></trkpt>
      <trkpt lat="39.269785" lon="114.677425"><time>2026-06-19T05:17:06.838Z</time></trkpt>
      <trkpt lat="39.269785" lon="114.677425"><time>2026-06-19T05:17:06.855Z</time></trkpt>
      <trkpt lat="39.269785" lon="114.677425"><time>2026-06-19T05:17:06.872Z</time></trkpt>
      <trkpt lat="39.269794" lon="114.677425"><time>2026-06-19T05:17:06.888Z</time></trkpt>
      <trkpt lat="39.269794" lon="114.677425"><time>2026-06-19T05:17:06.905Z</time></trkpt>
      <trkpt lat="39.269794" lon="114.677425"><time>2026-06-19T05:17:06.922Z</time></trkpt>
      <trkpt lat="39.269794" lon="114.677425"><time>2026-06-19T05:17:06.938Z</time></trkpt>
      <trkpt lat="39.269794" lon="114.677425"><time>2026-06-19T05:17:06.955Z</time></trkpt>
      <trkpt lat="39.269794" lon="114.677425"><time>2026-06-19T05:17:06.972Z</time></trkpt>
      <trkpt lat="39.269803" lon="114.677424"><time>2026-06-19T05:17:06.988Z</time></trkpt>
      <trkpt lat="39.269803" lon="114.677424"><time>2026-06-19T05:17:07.005Z</time></trkpt>
      <trkpt lat="39.269803" lon="114.677424"><time>2026-06-19T05:17:07.022Z</time></trkpt>
      <trkpt lat="39.269803" lon="114.677424"><time>2026-06-19T05:17:07.038Z</time></trkpt>
      <trkpt lat="39.269803" lon="114.677424"><time>2026-06-19T05:17:07.055Z</time></trkpt>
      <trkpt lat="39.269803" lon="114.677424"><time>2026-06-19T05:17:07.072Z</time></trkpt>
      <trkpt lat="39.269812" lon="114.677423"><time>2026-06-19T05:17:07.089Z</time></trkpt>
      <trkpt lat="39.269812" lon="114.677423"><time>2026-06-19T05:17:07.105Z</time></trkpt>
      <trkpt lat="39.269812" lon="114.677423"><time>2026-06-19T05:17:07.122Z</time></trkpt>
      <trkpt lat="39.269812" lon="114.677423"><time>2026-06-19T05:17:07.139Z</time></trkpt>
      <trkpt lat="39.269812" lon="114.677423"><time>2026-06-19T05:17:07.155Z</time></trkpt>
      <trkpt lat="39.269812" lon="114.677423"><time>2026-06-19T05:17:07.172Z</time></trkpt>
      <trkpt lat="39.269821" lon="114.677423"><time>2026-06-19T05:17:07.189Z</time></trkpt>
      <trkpt lat="39.269821" lon="114.677423"><time>2026-06-19T05:17:07.205Z</time></trkpt>
      <trkpt lat="39.269821" lon="114.677423"><time>2026-06-19T05:17:07.222Z</time></trkpt>
      <trkpt lat="39.269821" lon="114.677423"><time>2026-06-19T05:17:07.239Z</time></trkpt>
      <trkpt lat="39.269821" lon="114.677423"><time>2026-06-19T05:17:07.255Z</time></trkpt>
      <trkpt lat="39.269821" lon="114.677423"><time>2026-06-19T05:17:07.272Z</time></trkpt>
      <trkpt lat="39.26983" lon="114.677422"><time>2026-06-19T05:17:07.289Z</time></trkpt>
      <trkpt lat="39.26983" lon="114.677422"><time>2026-06-19T05:17:07.305Z</time></trkpt>
      <trkpt lat="39.26983" lon="114.677422"><time>2026-06-19T05:17:07.322Z</time></trkpt>
      <trkpt lat="39.26983" lon="114.677422"><time>2026-06-19T05:17:07.339Z</time></trkpt>
      <trkpt lat="39.26983" lon="114.677422"><time>2026-06-19T05:17:07.355Z</time></trkpt>
      <trkpt lat="39.26983" lon="114.677422"><time>2026-06-19T05:17:07.372Z</time></trkpt>
      <trkpt lat="39.269839" lon="114.677421"><time>2026-06-19T05:17:07.389Z</time></trkpt>
      <trkpt lat="39.269839" lon="114.677421"><time>2026-06-19T05:17:07.406Z</time></trkpt>
      <trkpt lat="39.269839" lon="114.677421"><time>2026-06-19T05:17:07.422Z</time></trkpt>
      <trkpt lat="39.269839" lon="114.677421"><time>2026-06-19T05:17:07.439Z</time></trkpt>
      <trkpt lat="39.269839" lon="114.677421"><time>2026-06-19T05:17:07.456Z</time></trkpt>
      <trkpt lat="39.269839" lon="114.677421"><time>2026-06-19T05:17:07.472Z</time></trkpt>
      <trkpt lat="39.269847" lon="114.67742"><time>2026-06-19T05:17:07.489Z</time></trkpt>
      <trkpt lat="39.269847" lon="114.67742"><time>2026-06-19T05:17:07.506Z</time></trkpt>
      <trkpt lat="39.269847" lon="114.67742"><time>2026-06-19T05:17:07.522Z</time></trkpt>
      <trkpt lat="39.269847" lon="114.67742"><time>2026-06-19T05:17:07.539Z</time></trkpt>
      <trkpt lat="39.269847" lon="114.67742"><time>2026-06-19T05:17:07.556Z</time></trkpt>
      <trkpt lat="39.269847" lon="114.67742"><time>2026-06-19T05:17:07.572Z</time></trkpt>
      <trkpt lat="39.269857" lon="114.67742"><time>2026-06-19T05:17:07.589Z</time></trkpt>
      <trkpt lat="39.269857" lon="114.67742"><time>2026-06-19T05:17:07.606Z</time></trkpt>
      <trkpt lat="39.269857" lon="114.67742"><time>2026-06-19T05:17:07.622Z</time></trkpt>
      <trkpt lat="39.269857" lon="114.67742"><time>2026-06-19T05:17:07.639Z</time></trkpt>
      <trkpt lat="39.269857" lon="114.67742"><time>2026-06-19T05:17:07.656Z</time></trkpt>
      <trkpt lat="39.269857" lon="114.67742"><time>2026-06-19T05:17:07.672Z</time></trkpt>
      <trkpt lat="39.269866" lon="114.677419"><time>2026-06-19T05:17:07.689Z</time></trkpt>
      <trkpt lat="39.269866" lon="114.677419"><time>2026-06-19T05:17:07.706Z</time></trkpt>
      <trkpt lat="39.269866" lon="114.677419"><time>2026-06-19T05:17:07.723Z</time></trkpt>
      <trkpt lat="39.269866" lon="114.677419"><time>2026-06-19T05:17:07.739Z</time></trkpt>
      <trkpt lat="39.269866" lon="114.677419"><time>2026-06-19T05:17:07.756Z</time></trkpt>
      <trkpt lat="39.269866" lon="114.677419"><time>2026-06-19T05:17:07.773Z</time></trkpt>
      <trkpt lat="39.269875" lon="114.677418"><time>2026-06-19T05:17:07.789Z</time></trkpt>
      <trkpt lat="39.269875" lon="114.677418"><time>2026-06-19T05:17:07.806Z</time></trkpt>
      <trkpt lat="39.269875" lon="114.677418"><time>2026-06-19T05:17:07.823Z</time></trkpt>
      <trkpt lat="39.269875" lon="114.677418"><time>2026-06-19T05:17:07.839Z</time></trkpt>
      <trkpt lat="39.269875" lon="114.677418"><time>2026-06-19T05:17:07.856Z</time></trkpt>
      <trkpt lat="39.269875" lon="114.677418"><time>2026-06-19T05:17:07.873Z</time></trkpt>
      <trkpt lat="39.269883" lon="114.677417"><time>2026-06-19T05:17:07.889Z</time></trkpt>
      <trkpt lat="39.269883" lon="114.677417"><time>2026-06-19T05:17:07.906Z</time></trkpt>
      <trkpt lat="39.269883" lon="114.677417"><time>2026-06-19T05:17:07.923Z</time></trkpt>
      <trkpt lat="39.269883" lon="114.677417"><time>2026-06-19T05:17:07.939Z</time></trkpt>
      <trkpt lat="39.269883" lon="114.677417"><time>2026-06-19T05:17:07.956Z</time></trkpt>
      <trkpt lat="39.269883" lon="114.677417"><time>2026-06-19T05:17:07.973Z</time></trkpt>
      <trkpt lat="39.269893" lon="114.677416"><time>2026-06-19T05:17:07.989Z</time></trkpt>
      <trkpt lat="39.269893" lon="114.677416"><time>2026-06-19T05:17:08.006Z</time></trkpt>
      <trkpt lat="39.269893" lon="114.677416"><time>2026-06-19T05:17:08.023Z</time></trkpt>
      <trkpt lat="39.269893" lon="114.677416"><time>2026-06-19T05:17:08.040Z</time></trkpt>
      <trkpt lat="39.269893" lon="114.677416"><time>2026-06-19T05:17:08.056Z</time></trkpt>
      <trkpt lat="39.269893" lon="114.677416"><time>2026-06-19T05:17:08.073Z</time></trkpt>
      <trkpt lat="39.269902" lon="114.677415"><time>2026-06-19T05:17:08.090Z</time></trkpt>
      <trkpt lat="39.269902" lon="114.677415"><time>2026-06-19T05:17:08.106Z</time></trkpt>
      <trkpt lat="39.269902" lon="114.677415"><time>2026-06-19T05:17:08.123Z</time></trkpt>
      <trkpt lat="39.269902" lon="114.677415"><time>2026-06-19T05:17:08.140Z</time></trkpt>
      <trkpt lat="39.269902" lon="114.677415"><time>2026-06-19T05:17:08.156Z</time></trkpt>
      <trkpt lat="39.269902" lon="114.677415"><time>2026-06-19T05:17:08.173Z</time></trkpt>
      <trkpt lat="39.269911" lon="114.677415"><time>2026-06-19T05:17:08.190Z</time></trkpt>
      <trkpt lat="39.269911" lon="114.677415"><time>2026-06-19T05:17:08.206Z</time></trkpt>
      <trkpt lat="39.269911" lon="114.677415"><time>2026-06-19T05:17:08.223Z</time></trkpt>
      <trkpt lat="39.269911" lon="114.677415"><time>2026-06-19T05:17:08.240Z</time></trkpt>
      <trkpt lat="39.269911" lon="114.677415"><time>2026-06-19T05:17:08.256Z</time></trkpt>
      <trkpt lat="39.269911" lon="114.677415"><time>2026-06-19T05:17:08.273Z</time></trkpt>
      <trkpt lat="39.26992" lon="114.677414"><time>2026-06-19T05:17:08.290Z</time></trkpt>
      <trkpt lat="39.26992" lon="114.677414"><time>2026-06-19T05:17:08.306Z</time></trkpt>
      <trkpt lat="39.26992" lon="114.677414"><time>2026-06-19T05:17:08.323Z</time></trkpt>
      <trkpt lat="39.26992" lon="114.677414"><time>2026-06-19T05:17:08.340Z</time></trkpt>
      <trkpt lat="39.26992" lon="114.677414"><time>2026-06-19T05:17:08.357Z</time></trkpt>
      <trkpt lat="39.26992" lon="114.677414"><time>2026-06-19T05:17:08.373Z</time></trkpt>
      <trkpt lat="39.269929" lon="114.677413"><time>2026-06-19T05:17:08.390Z</time></trkpt>
      <trkpt lat="39.269929" lon="114.677413"><time>2026-06-19T05:17:08.407Z</time></trkpt>
      <trkpt lat="39.269929" lon="114.677413"><time>2026-06-19T05:17:08.423Z</time></trkpt>
      <trkpt lat="39.269929" lon="114.677413"><time>2026-06-19T05:17:08.440Z</time></trkpt>
      <trkpt lat="39.269929" lon="114.677413"><time>2026-06-19T05:17:08.457Z</time></trkpt>
      <trkpt lat="39.269929" lon="114.677413"><time>2026-06-19T05:17:08.473Z</time></trkpt>
      <trkpt lat="39.269938" lon="114.677412"><time>2026-06-19T05:17:08.490Z</time></trkpt>
      <trkpt lat="39.269938" lon="114.677412"><time>2026-06-19T05:17:08.507Z</time></trkpt>
      <trkpt lat="39.269938" lon="114.677412"><time>2026-06-19T05:17:08.523Z</time></trkpt>
      <trkpt lat="39.269938" lon="114.677412"><time>2026-06-19T05:17:08.540Z</time></trkpt>
      <trkpt lat="39.269938" lon="114.677412"><time>2026-06-19T05:17:08.557Z</time></trkpt>
      <trkpt lat="39.269938" lon="114.677412"><time>2026-06-19T05:17:08.573Z</time></trkpt>
      <trkpt lat="39.269947" lon="114.677411"><time>2026-06-19T05:17:08.590Z</time></trkpt>
      <trkpt lat="39.269947" lon="114.677411"><time>2026-06-19T05:17:08.607Z</time></trkpt>
      <trkpt lat="39.269947" lon="114.677411"><time>2026-06-19T05:17:08.623Z</time></trkpt>
      <trkpt lat="39.269947" lon="114.677411"><time>2026-06-19T05:17:08.640Z</time></trkpt>
      <trkpt lat="39.269947" lon="114.677411"><time>2026-06-19T05:17:08.657Z</time></trkpt>
      <trkpt lat="39.269956" lon="114.67741"><time>2026-06-19T05:17:08.674Z</time></trkpt>
      <trkpt lat="39.269956" lon="114.67741"><time>2026-06-19T05:17:08.690Z</time></trkpt>
      <trkpt lat="39.269956" lon="114.67741"><time>2026-06-19T05:17:08.707Z</time></trkpt>
      <trkpt lat="39.269956" lon="114.67741"><time>2026-06-19T05:17:08.724Z</time></trkpt>
      <trkpt lat="39.269956" lon="114.67741"><time>2026-06-19T05:17:08.740Z</time></trkpt>
      <trkpt lat="39.269956" lon="114.67741"><time>2026-06-19T05:17:08.757Z</time></trkpt>
      <trkpt lat="39.269956" lon="114.67741"><time>2026-06-19T05:17:08.774Z</time></trkpt>
      <trkpt lat="39.269965" lon="114.67741"><time>2026-06-19T05:17:08.790Z</time></trkpt>
      <trkpt lat="39.269965" lon="114.67741"><time>2026-06-19T05:17:08.807Z</time></trkpt>
      <trkpt lat="39.269965" lon="114.67741"><time>2026-06-19T05:17:08.824Z</time></trkpt>
      <trkpt lat="39.269965" lon="114.67741"><time>2026-06-19T05:17:08.840Z</time></trkpt>
      <trkpt lat="39.269965" lon="114.67741"><time>2026-06-19T05:17:08.857Z</time></trkpt>
      <trkpt lat="39.269974" lon="114.677409"><time>2026-06-19T05:17:08.874Z</time></trkpt>
      <trkpt lat="39.269974" lon="114.677409"><time>2026-06-19T05:17:08.890Z</time></trkpt>
      <trkpt lat="39.269974" lon="114.677409"><time>2026-06-19T05:17:08.907Z</time></trkpt>
      <trkpt lat="39.269974" lon="114.677409"><time>2026-06-19T05:17:08.924Z</time></trkpt>
      <trkpt lat="39.269974" lon="114.677409"><time>2026-06-19T05:17:08.940Z</time></trkpt>
      <trkpt lat="39.269974" lon="114.677409"><time>2026-06-19T05:17:08.957Z</time></trkpt>
      <trkpt lat="39.269983" lon="114.677408"><time>2026-06-19T05:17:08.974Z</time></trkpt>
      <trkpt lat="39.269983" lon="114.677408"><time>2026-06-19T05:17:08.991Z</time></trkpt>
      <trkpt lat="39.269983" lon="114.677408"><time>2026-06-19T05:17:09.007Z</time></trkpt>
      <trkpt lat="39.269983" lon="114.677408"><time>2026-06-19T05:17:09.024Z</time></trkpt>
      <trkpt lat="39.269983" lon="114.677408"><time>2026-06-19T05:17:09.041Z</time></trkpt>
      <trkpt lat="39.269983" lon="114.677408"><time>2026-06-19T05:17:09.057Z</time></trkpt>
      <trkpt lat="39.269992" lon="114.677407"><time>2026-06-19T05:17:09.074Z</time></trkpt>
      <trkpt lat="39.269992" lon="114.677407"><time>2026-06-19T05:17:09.091Z</time></trkpt>
      <trkpt lat="39.269992" lon="114.677407"><time>2026-06-19T05:17:09.107Z</time></trkpt>
      <trkpt lat="39.269992" lon="114.677407"><time>2026-06-19T05:17:09.124Z</time></trkpt>
      <trkpt lat="39.269992" lon="114.677407"><time>2026-06-19T05:17:09.141Z</time></trkpt>
      <trkpt lat="39.269992" lon="114.677407"><time>2026-06-19T05:17:09.157Z</time></trkpt>
      <trkpt lat="39.270001" lon="114.677407"><time>2026-06-19T05:17:09.174Z</time></trkpt>
      <trkpt lat="39.270001" lon="114.677407"><time>2026-06-19T05:17:09.191Z</time></trkpt>
      <trkpt lat="39.270001" lon="114.677407"><time>2026-06-19T05:17:09.207Z</time></trkpt>
      <trkpt lat="39.270001" lon="114.677407"><time>2026-06-19T05:17:09.224Z</time></trkpt>
      <trkpt lat="39.270001" lon="114.677407"><time>2026-06-19T05:17:09.241Z</time></trkpt>
      <trkpt lat="39.270001" lon="114.677407"><time>2026-06-19T05:17:09.257Z</time></trkpt>
      <trkpt lat="39.27001" lon="114.677406"><time>2026-06-19T05:17:09.274Z</time></trkpt>
      <trkpt lat="39.27001" lon="114.677406"><time>2026-06-19T05:17:09.291Z</time></trkpt>
      <trkpt lat="39.27001" lon="114.677406"><time>2026-06-19T05:17:09.308Z</time></trkpt>
      <trkpt lat="39.27001" lon="114.677406"><time>2026-06-19T05:17:09.324Z</time></trkpt>
      <trkpt lat="39.27001" lon="114.677406"><time>2026-06-19T05:17:09.341Z</time></trkpt>
      <trkpt lat="39.27001" lon="114.677406"><time>2026-06-19T05:17:09.358Z</time></trkpt>
      <trkpt lat="39.27001" lon="114.677406"><time>2026-06-19T05:17:09.374Z</time></trkpt>
      <trkpt lat="39.270019" lon="114.677405"><time>2026-06-19T05:17:09.391Z</time></trkpt>
      <trkpt lat="39.270019" lon="114.677405"><time>2026-06-19T05:17:09.408Z</time></trkpt>
      <trkpt lat="39.270019" lon="114.677405"><time>2026-06-19T05:17:09.424Z</time></trkpt>
      <trkpt lat="39.270019" lon="114.677405"><time>2026-06-19T05:17:09.441Z</time></trkpt>
      <trkpt lat="39.270019" lon="114.677405"><time>2026-06-19T05:17:09.458Z</time></trkpt>
      <trkpt lat="39.270028" lon="114.677404"><time>2026-06-19T05:17:09.474Z</time></trkpt>
      <trkpt lat="39.270028" lon="114.677404"><time>2026-06-19T05:17:09.491Z</time></trkpt>
      <trkpt lat="39.270028" lon="114.677404"><time>2026-06-19T05:17:09.508Z</time></trkpt>
      <trkpt lat="39.270028" lon="114.677404"><time>2026-06-19T05:17:09.524Z</time></trkpt>
      <trkpt lat="39.270028" lon="114.677404"><time>2026-06-19T05:17:09.541Z</time></trkpt>
      <trkpt lat="39.270028" lon="114.677404"><time>2026-06-19T05:17:09.558Z</time></trkpt>
      <trkpt lat="39.270037" lon="114.677404"><time>2026-06-19T05:17:09.574Z</time></trkpt>
      <trkpt lat="39.270037" lon="114.677404"><time>2026-06-19T05:17:09.591Z</time></trkpt>
      <trkpt lat="39.270037" lon="114.677404"><time>2026-06-19T05:17:09.608Z</time></trkpt>
      <trkpt lat="39.270037" lon="114.677404"><time>2026-06-19T05:17:09.625Z</time></trkpt>
      <trkpt lat="39.270037" lon="114.677404"><time>2026-06-19T05:17:09.641Z</time></trkpt>
      <trkpt lat="39.270037" lon="114.677404"><time>2026-06-19T05:17:09.658Z</time></trkpt>
      <trkpt lat="39.270046" lon="114.677403"><time>2026-06-19T05:17:09.675Z</time></trkpt>
      <trkpt lat="39.270046" lon="114.677403"><time>2026-06-19T05:17:09.691Z</time></trkpt>
      <trkpt lat="39.270046" lon="114.677403"><time>2026-06-19T05:17:09.708Z</time></trkpt>
      <trkpt lat="39.270046" lon="114.677403"><time>2026-06-19T05:17:09.725Z</time></trkpt>
      <trkpt lat="39.270046" lon="114.677403"><time>2026-06-19T05:17:09.741Z</time></trkpt>
      <trkpt lat="39.270046" lon="114.677403"><time>2026-06-19T05:17:09.758Z</time></trkpt>
      <trkpt lat="39.270055" lon="114.677403"><time>2026-06-19T05:17:09.775Z</time></trkpt>
      <trkpt lat="39.270055" lon="114.677403"><time>2026-06-19T05:17:09.791Z</time></trkpt>
      <trkpt lat="39.270055" lon="114.677403"><time>2026-06-19T05:17:09.808Z</time></trkpt>
      <trkpt lat="39.270055" lon="114.677403"><time>2026-06-19T05:17:09.825Z</time></trkpt>
      <trkpt lat="39.270055" lon="114.677403"><time>2026-06-19T05:17:09.841Z</time></trkpt>
      <trkpt lat="39.270055" lon="114.677403"><time>2026-06-19T05:17:09.858Z</time></trkpt>
      <trkpt lat="39.270064" lon="114.677402"><time>2026-06-19T05:17:09.875Z</time></trkpt>
      <trkpt lat="39.270064" lon="114.677402"><time>2026-06-19T05:17:09.891Z</time></trkpt>
      <trkpt lat="39.270064" lon="114.677402"><time>2026-06-19T05:17:09.908Z</time></trkpt>
      <trkpt lat="39.270064" lon="114.677402"><time>2026-06-19T05:17:09.925Z</time></trkpt>
      <trkpt lat="39.270064" lon="114.677402"><time>2026-06-19T05:17:09.942Z</time></trkpt>
      <trkpt lat="39.270064" lon="114.677402"><time>2026-06-19T05:17:09.958Z</time></trkpt>
      <trkpt lat="39.270073" lon="114.677401"><time>2026-06-19T05:17:09.975Z</time></trkpt>
      <trkpt lat="39.270073" lon="114.677401"><time>2026-06-19T05:17:09.992Z</time></trkpt>
      <trkpt lat="39.270073" lon="114.677401"><time>2026-06-19T05:17:10.008Z</time></trkpt>
      <trkpt lat="39.270073" lon="114.677401"><time>2026-06-19T05:17:10.025Z</time></trkpt>
      <trkpt lat="39.270073" lon="114.677401"><time>2026-06-19T05:17:10.042Z</time></trkpt>
      <trkpt lat="39.270073" lon="114.677401"><time>2026-06-19T05:17:10.058Z</time></trkpt>
      <trkpt lat="39.270081" lon="114.677401"><time>2026-06-19T05:17:10.075Z</time></trkpt>
      <trkpt lat="39.270081" lon="114.677401"><time>2026-06-19T05:17:10.092Z</time></trkpt>
      <trkpt lat="39.270081" lon="114.677401"><time>2026-06-19T05:17:10.108Z</time></trkpt>
      <trkpt lat="39.270081" lon="114.677401"><time>2026-06-19T05:17:10.125Z</time></trkpt>
      <trkpt lat="39.270081" lon="114.677401"><time>2026-06-19T05:17:10.142Z</time></trkpt>
      <trkpt lat="39.270081" lon="114.677401"><time>2026-06-19T05:17:10.158Z</time></trkpt>
      <trkpt lat="39.270091" lon="114.6774"><time>2026-06-19T05:17:10.175Z</time></trkpt>
      <trkpt lat="39.270091" lon="114.6774"><time>2026-06-19T05:17:10.192Z</time></trkpt>
      <trkpt lat="39.270091" lon="114.6774"><time>2026-06-19T05:17:10.208Z</time></trkpt>
      <trkpt lat="39.270091" lon="114.6774"><time>2026-06-19T05:17:10.225Z</time></trkpt>
      <trkpt lat="39.270091" lon="114.6774"><time>2026-06-19T05:17:10.242Z</time></trkpt>
      <trkpt lat="39.270091" lon="114.6774"><time>2026-06-19T05:17:10.259Z</time></trkpt>
      <trkpt lat="39.2701" lon="114.677399"><time>2026-06-19T05:17:10.275Z</time></trkpt>
      <trkpt lat="39.2701" lon="114.677399"><time>2026-06-19T05:17:10.292Z</time></trkpt>
      <trkpt lat="39.2701" lon="114.677399"><time>2026-06-19T05:17:10.309Z</time></trkpt>
      <trkpt lat="39.2701" lon="114.677399"><time>2026-06-19T05:17:10.325Z</time></trkpt>
      <trkpt lat="39.2701" lon="114.677399"><time>2026-06-19T05:17:10.342Z</time></trkpt>
      <trkpt lat="39.2701" lon="114.677399"><time>2026-06-19T05:17:10.359Z</time></trkpt>
      <trkpt lat="39.270109" lon="114.677399"><time>2026-06-19T05:17:10.375Z</time></trkpt>
      <trkpt lat="39.270109" lon="114.677399"><time>2026-06-19T05:17:10.392Z</time></trkpt>
      <trkpt lat="39.270109" lon="114.677399"><time>2026-06-19T05:17:10.409Z</time></trkpt>
      <trkpt lat="39.270109" lon="114.677399"><time>2026-06-19T05:17:10.425Z</time></trkpt>
      <trkpt lat="39.270109" lon="114.677399"><time>2026-06-19T05:17:10.442Z</time></trkpt>
      <trkpt lat="39.270109" lon="114.677399"><time>2026-06-19T05:17:10.459Z</time></trkpt>
      <trkpt lat="39.270117" lon="114.677398"><time>2026-06-19T05:17:10.475Z</time></trkpt>
      <trkpt lat="39.270117" lon="114.677398"><time>2026-06-19T05:17:10.492Z</time></trkpt>
      <trkpt lat="39.270117" lon="114.677398"><time>2026-06-19T05:17:10.509Z</time></trkpt>
      <trkpt lat="39.270117" lon="114.677398"><time>2026-06-19T05:17:10.525Z</time></trkpt>
      <trkpt lat="39.270117" lon="114.677398"><time>2026-06-19T05:17:10.542Z</time></trkpt>
      <trkpt lat="39.270117" lon="114.677398"><time>2026-06-19T05:17:10.559Z</time></trkpt>
      <trkpt lat="39.270127" lon="114.677397"><time>2026-06-19T05:17:10.576Z</time></trkpt>
      <trkpt lat="39.270127" lon="114.677397"><time>2026-06-19T05:17:10.592Z</time></trkpt>
      <trkpt lat="39.270127" lon="114.677397"><time>2026-06-19T05:17:10.609Z</time></trkpt>
      <trkpt lat="39.270127" lon="114.677397"><time>2026-06-19T05:17:10.626Z</time></trkpt>
      <trkpt lat="39.270127" lon="114.677397"><time>2026-06-19T05:17:10.642Z</time></trkpt>
      <trkpt lat="39.270127" lon="114.677397"><time>2026-06-19T05:17:10.659Z</time></trkpt>
      <trkpt lat="39.270136" lon="114.677397"><time>2026-06-19T05:17:10.676Z</time></trkpt>
      <trkpt lat="39.270136" lon="114.677397"><time>2026-06-19T05:17:10.692Z</time></trkpt>
      <trkpt lat="39.270136" lon="114.677397"><time>2026-06-19T05:17:10.709Z</time></trkpt>
      <trkpt lat="39.270136" lon="114.677397"><time>2026-06-19T05:17:10.726Z</time></trkpt>
      <trkpt lat="39.270136" lon="114.677397"><time>2026-06-19T05:17:10.742Z</time></trkpt>
      <trkpt lat="39.270136" lon="114.677397"><time>2026-06-19T05:17:10.759Z</time></trkpt>
      <trkpt lat="39.270145" lon="114.677396"><time>2026-06-19T05:17:10.776Z</time></trkpt>
      <trkpt lat="39.270145" lon="114.677396"><time>2026-06-19T05:17:10.792Z</time></trkpt>
      <trkpt lat="39.270145" lon="114.677396"><time>2026-06-19T05:17:10.809Z</time></trkpt>
      <trkpt lat="39.270145" lon="114.677396"><time>2026-06-19T05:17:10.826Z</time></trkpt>
      <trkpt lat="39.270145" lon="114.677396"><time>2026-06-19T05:17:10.842Z</time></trkpt>
      <trkpt lat="39.270145" lon="114.677396"><time>2026-06-19T05:17:10.859Z</time></trkpt>
      <trkpt lat="39.270153" lon="114.677395"><time>2026-06-19T05:17:10.876Z</time></trkpt>
      <trkpt lat="39.270153" lon="114.677395"><time>2026-06-19T05:17:10.893Z</time></trkpt>
      <trkpt lat="39.270153" lon="114.677395"><time>2026-06-19T05:17:10.909Z</time></trkpt>
      <trkpt lat="39.270153" lon="114.677395"><time>2026-06-19T05:17:10.926Z</time></trkpt>
      <trkpt lat="39.270153" lon="114.677395"><time>2026-06-19T05:17:10.943Z</time></trkpt>
      <trkpt lat="39.270153" lon="114.677395"><time>2026-06-19T05:17:10.959Z</time></trkpt>
      <trkpt lat="39.270163" lon="114.677395"><time>2026-06-19T05:17:10.976Z</time></trkpt>
      <trkpt lat="39.270163" lon="114.677395"><time>2026-06-19T05:17:10.993Z</time></trkpt>
      <trkpt lat="39.270163" lon="114.677395"><time>2026-06-19T05:17:11.009Z</time></trkpt>
      <trkpt lat="39.270163" lon="114.677395"><time>2026-06-19T05:17:11.026Z</time></trkpt>
      <trkpt lat="39.270163" lon="114.677395"><time>2026-06-19T05:17:11.043Z</time></trkpt>
      <trkpt lat="39.270163" lon="114.677395"><time>2026-06-19T05:17:11.059Z</time></trkpt>
      <trkpt lat="39.270172" lon="114.677394"><time>2026-06-19T05:17:11.076Z</time></trkpt>
      <trkpt lat="39.270172" lon="114.677394"><time>2026-06-19T05:17:11.093Z</time></trkpt>
      <trkpt lat="39.270172" lon="114.677394"><time>2026-06-19T05:17:11.109Z</time></trkpt>
      <trkpt lat="39.270172" lon="114.677394"><time>2026-06-19T05:17:11.126Z</time></trkpt>
      <trkpt lat="39.270172" lon="114.677394"><time>2026-06-19T05:17:11.143Z</time></trkpt>
      <trkpt lat="39.270172" lon="114.677394"><time>2026-06-19T05:17:11.159Z</time></trkpt>
      <trkpt lat="39.270181" lon="114.677393"><time>2026-06-19T05:17:11.176Z</time></trkpt>
      <trkpt lat="39.270181" lon="114.677393"><time>2026-06-19T05:17:11.193Z</time></trkpt>
      <trkpt lat="39.270181" lon="114.677393"><time>2026-06-19T05:17:11.210Z</time></trkpt>
      <trkpt lat="39.270181" lon="114.677393"><time>2026-06-19T05:17:11.226Z</time></trkpt>
      <trkpt lat="39.270181" lon="114.677393"><time>2026-06-19T05:17:11.243Z</time></trkpt>
      <trkpt lat="39.270181" lon="114.677393"><time>2026-06-19T05:17:11.260Z</time></trkpt>
      <trkpt lat="39.270189" lon="114.677393"><time>2026-06-19T05:17:11.276Z</time></trkpt>
      <trkpt lat="39.270189" lon="114.677393"><time>2026-06-19T05:17:11.293Z</time></trkpt>
      <trkpt lat="39.270189" lon="114.677393"><time>2026-06-19T05:17:11.310Z</time></trkpt>
      <trkpt lat="39.270189" lon="114.677393"><time>2026-06-19T05:17:11.326Z</time></trkpt>
      <trkpt lat="39.270189" lon="114.677393"><time>2026-06-19T05:17:11.343Z</time></trkpt>
      <trkpt lat="39.270189" lon="114.677393"><time>2026-06-19T05:17:11.360Z</time></trkpt>
      <trkpt lat="39.270199" lon="114.677392"><time>2026-06-19T05:17:11.376Z</time></trkpt>
      <trkpt lat="39.270199" lon="114.677392"><time>2026-06-19T05:17:11.393Z</time></trkpt>
      <trkpt lat="39.270199" lon="114.677392"><time>2026-06-19T05:17:11.410Z</time></trkpt>
      <trkpt lat="39.270199" lon="114.677392"><time>2026-06-19T05:17:11.426Z</time></trkpt>
      <trkpt lat="39.270199" lon="114.677392"><time>2026-06-19T05:17:11.443Z</time></trkpt>
      <trkpt lat="39.270199" lon="114.677392"><time>2026-06-19T05:17:11.460Z</time></trkpt>
      <trkpt lat="39.270207" lon="114.677391"><time>2026-06-19T05:17:11.476Z</time></trkpt>
      <trkpt lat="39.270207" lon="114.677391"><time>2026-06-19T05:17:11.493Z</time></trkpt>
      <trkpt lat="39.270207" lon="114.677391"><time>2026-06-19T05:17:11.510Z</time></trkpt>
      <trkpt lat="39.270207" lon="114.677391"><time>2026-06-19T05:17:11.527Z</time></trkpt>
      <trkpt lat="39.270207" lon="114.677391"><time>2026-06-19T05:17:11.543Z</time></trkpt>
      <trkpt lat="39.270207" lon="114.677391"><time>2026-06-19T05:17:11.560Z</time></trkpt>
      <trkpt lat="39.270217" lon="114.677391"><time>2026-06-19T05:17:11.577Z</time></trkpt>
      <trkpt lat="39.270217" lon="114.677391"><time>2026-06-19T05:17:11.593Z</time></trkpt>
      <trkpt lat="39.270217" lon="114.677391"><time>2026-06-19T05:17:11.610Z</time></trkpt>
      <trkpt lat="39.270217" lon="114.677391"><time>2026-06-19T05:17:11.627Z</time></trkpt>
      <trkpt lat="39.270217" lon="114.677391"><time>2026-06-19T05:17:11.643Z</time></trkpt>
      <trkpt lat="39.270217" lon="114.677391"><time>2026-06-19T05:17:11.660Z</time></trkpt>
      <trkpt lat="39.270226" lon="114.67739"><time>2026-06-19T05:17:11.677Z</time></trkpt>
      <trkpt lat="39.270226" lon="114.67739"><time>2026-06-19T05:17:11.693Z</time></trkpt>
      <trkpt lat="39.270226" lon="114.67739"><time>2026-06-19T05:17:11.710Z</time></trkpt>
      <trkpt lat="39.270226" lon="114.67739"><time>2026-06-19T05:17:11.727Z</time></trkpt>
      <trkpt lat="39.270226" lon="114.67739"><time>2026-06-19T05:17:11.743Z</time></trkpt>
      <trkpt lat="39.270226" lon="114.67739"><time>2026-06-19T05:17:11.760Z</time></trkpt>
      <trkpt lat="39.270235" lon="114.677389"><time>2026-06-19T05:17:11.777Z</time></trkpt>
      <trkpt lat="39.270235" lon="114.677389"><time>2026-06-19T05:17:11.793Z</time></trkpt>
      <trkpt lat="39.270235" lon="114.677389"><time>2026-06-19T05:17:11.810Z</time></trkpt>
      <trkpt lat="39.270235" lon="114.677389"><time>2026-06-19T05:17:11.827Z</time></trkpt>
      <trkpt lat="39.270235" lon="114.677389"><time>2026-06-19T05:17:11.844Z</time></trkpt>
      <trkpt lat="39.270235" lon="114.677389"><time>2026-06-19T05:17:11.860Z</time></trkpt>
      <trkpt lat="39.270244" lon="114.677389"><time>2026-06-19T05:17:11.877Z</time></trkpt>
      <trkpt lat="39.270244" lon="114.677389"><time>2026-06-19T05:17:11.894Z</time></trkpt>
      <trkpt lat="39.270244" lon="114.677389"><time>2026-06-19T05:17:11.910Z</time></trkpt>
      <trkpt lat="39.270244" lon="114.677389"><time>2026-06-19T05:17:11.927Z</time></trkpt>
      <trkpt lat="39.270244" lon="114.677389"><time>2026-06-19T05:17:11.944Z</time></trkpt>
      <trkpt lat="39.270244" lon="114.677389"><time>2026-06-19T05:17:11.960Z</time></trkpt>
      <trkpt lat="39.270253" lon="114.677388"><time>2026-06-19T05:17:11.977Z</time></trkpt>
      <trkpt lat="39.270253" lon="114.677388"><time>2026-06-19T05:17:11.994Z</time></trkpt>
      <trkpt lat="39.270253" lon="114.677388"><time>2026-06-19T05:17:12.010Z</time></trkpt>
      <trkpt lat="39.270253" lon="114.677388"><time>2026-06-19T05:17:12.027Z</time></trkpt>
      <trkpt lat="39.270253" lon="114.677388"><time>2026-06-19T05:17:12.044Z</time></trkpt>
      <trkpt lat="39.270253" lon="114.677388"><time>2026-06-19T05:17:12.060Z</time></trkpt>
      <trkpt lat="39.270261" lon="114.677387"><time>2026-06-19T05:17:12.077Z</time></trkpt>
      <trkpt lat="39.270261" lon="114.677387"><time>2026-06-19T05:17:12.094Z</time></trkpt>
      <trkpt lat="39.270261" lon="114.677387"><time>2026-06-19T05:17:12.110Z</time></trkpt>
      <trkpt lat="39.270261" lon="114.677387"><time>2026-06-19T05:17:12.127Z</time></trkpt>
      <trkpt lat="39.270261" lon="114.677387"><time>2026-06-19T05:17:12.144Z</time></trkpt>
      <trkpt lat="39.270261" lon="114.677387"><time>2026-06-19T05:17:12.161Z</time></trkpt>
      <trkpt lat="39.270271" lon="114.677387"><time>2026-06-19T05:17:12.177Z</time></trkpt>
      <trkpt lat="39.270271" lon="114.677387"><time>2026-06-19T05:17:12.194Z</time></trkpt>
      <trkpt lat="39.270271" lon="114.677387"><time>2026-06-19T05:17:12.211Z</time></trkpt>
      <trkpt lat="39.270271" lon="114.677387"><time>2026-06-19T05:17:12.227Z</time></trkpt>
      <trkpt lat="39.270271" lon="114.677387"><time>2026-06-19T05:17:12.244Z</time></trkpt>
      <trkpt lat="39.270271" lon="114.677387"><time>2026-06-19T05:17:12.261Z</time></trkpt>
      <trkpt lat="39.27028" lon="114.677386"><time>2026-06-19T05:17:12.277Z</time></trkpt>
      <trkpt lat="39.27028" lon="114.677386"><time>2026-06-19T05:17:12.294Z</time></trkpt>
      <trkpt lat="39.27028" lon="114.677386"><time>2026-06-19T05:17:12.311Z</time></trkpt>
      <trkpt lat="39.27028" lon="114.677386"><time>2026-06-19T05:17:12.327Z</time></trkpt>
      <trkpt lat="39.27028" lon="114.677386"><time>2026-06-19T05:17:12.344Z</time></trkpt>
      <trkpt lat="39.27028" lon="114.677386"><time>2026-06-19T05:17:12.361Z</time></trkpt>
      <trkpt lat="39.270289" lon="114.677385"><time>2026-06-19T05:17:12.377Z</time></trkpt>
      <trkpt lat="39.270289" lon="114.677385"><time>2026-06-19T05:17:12.394Z</time></trkpt>
      <trkpt lat="39.270289" lon="114.677385"><time>2026-06-19T05:17:12.411Z</time></trkpt>
      <trkpt lat="39.270289" lon="114.677385"><time>2026-06-19T05:17:12.427Z</time></trkpt>
      <trkpt lat="39.270289" lon="114.677385"><time>2026-06-19T05:17:12.444Z</time></trkpt>
      <trkpt lat="39.270289" lon="114.677385"><time>2026-06-19T05:17:12.461Z</time></trkpt>
      <trkpt lat="39.270298" lon="114.677384"><time>2026-06-19T05:17:12.478Z</time></trkpt>
      <trkpt lat="39.270298" lon="114.677384"><time>2026-06-19T05:17:12.494Z</time></trkpt>
      <trkpt lat="39.270298" lon="114.677384"><time>2026-06-19T05:17:12.511Z</time></trkpt>
      <trkpt lat="39.270298" lon="114.677384"><time>2026-06-19T05:17:12.528Z</time></trkpt>
      <trkpt lat="39.270298" lon="114.677384"><time>2026-06-19T05:17:12.544Z</time></trkpt>
      <trkpt lat="39.270298" lon="114.677384"><time>2026-06-19T05:17:12.561Z</time></trkpt>
      <trkpt lat="39.270307" lon="114.677384"><time>2026-06-19T05:17:12.578Z</time></trkpt>
      <trkpt lat="39.270307" lon="114.677384"><time>2026-06-19T05:17:12.594Z</time></trkpt>
      <trkpt lat="39.270307" lon="114.677384"><time>2026-06-19T05:17:12.611Z</time></trkpt>
      <trkpt lat="39.270307" lon="114.677384"><time>2026-06-19T05:17:12.628Z</time></trkpt>
      <trkpt lat="39.270307" lon="114.677384"><time>2026-06-19T05:17:12.644Z</time></trkpt>
      <trkpt lat="39.270307" lon="114.677384"><time>2026-06-19T05:17:12.661Z</time></trkpt>
      <trkpt lat="39.270316" lon="114.677383"><time>2026-06-19T05:17:12.678Z</time></trkpt>
      <trkpt lat="39.270316" lon="114.677383"><time>2026-06-19T05:17:12.694Z</time></trkpt>
      <trkpt lat="39.270316" lon="114.677383"><time>2026-06-19T05:17:12.711Z</time></trkpt>
      <trkpt lat="39.270316" lon="114.677383"><time>2026-06-19T05:17:12.728Z</time></trkpt>
      <trkpt lat="39.270316" lon="114.677383"><time>2026-06-19T05:17:12.744Z</time></trkpt>
      <trkpt lat="39.270316" lon="114.677383"><time>2026-06-19T05:17:12.761Z</time></trkpt>
      <trkpt lat="39.270325" lon="114.677382"><time>2026-06-19T05:17:12.778Z</time></trkpt>
      <trkpt lat="39.270325" lon="114.677382"><time>2026-06-19T05:17:12.794Z</time></trkpt>
      <trkpt lat="39.270325" lon="114.677382"><time>2026-06-19T05:17:12.811Z</time></trkpt>
      <trkpt lat="39.270325" lon="114.677382"><time>2026-06-19T05:17:12.828Z</time></trkpt>
      <trkpt lat="39.270325" lon="114.677382"><time>2026-06-19T05:17:12.845Z</time></trkpt>
      <trkpt lat="39.270325" lon="114.677382"><time>2026-06-19T05:17:12.861Z</time></trkpt>
      <trkpt lat="39.270333" lon="114.677381"><time>2026-06-19T05:17:12.878Z</time></trkpt>
      <trkpt lat="39.270333" lon="114.677381"><time>2026-06-19T05:17:12.895Z</time></trkpt>
      <trkpt lat="39.270333" lon="114.677381"><time>2026-06-19T05:17:12.911Z</time></trkpt>
      <trkpt lat="39.270333" lon="114.677381"><time>2026-06-19T05:17:12.928Z</time></trkpt>
      <trkpt lat="39.270333" lon="114.677381"><time>2026-06-19T05:17:12.945Z</time></trkpt>
      <trkpt lat="39.270333" lon="114.677381"><time>2026-06-19T05:17:12.961Z</time></trkpt>
      <trkpt lat="39.270342" lon="114.67738"><time>2026-06-19T05:17:12.978Z</time></trkpt>
      <trkpt lat="39.270342" lon="114.67738"><time>2026-06-19T05:17:12.995Z</time></trkpt>
      <trkpt lat="39.270342" lon="114.67738"><time>2026-06-19T05:17:13.011Z</time></trkpt>
      <trkpt lat="39.270342" lon="114.67738"><time>2026-06-19T05:17:13.028Z</time></trkpt>
      <trkpt lat="39.270342" lon="114.67738"><time>2026-06-19T05:17:13.045Z</time></trkpt>
      <trkpt lat="39.270342" lon="114.67738"><time>2026-06-19T05:17:13.061Z</time></trkpt>
      <trkpt lat="39.270351" lon="114.677379"><time>2026-06-19T05:17:13.078Z</time></trkpt>
      <trkpt lat="39.270351" lon="114.677379"><time>2026-06-19T05:17:13.095Z</time></trkpt>
      <trkpt lat="39.270351" lon="114.677379"><time>2026-06-19T05:17:13.111Z</time></trkpt>
      <trkpt lat="39.270351" lon="114.677379"><time>2026-06-19T05:17:13.128Z</time></trkpt>
      <trkpt lat="39.270351" lon="114.677379"><time>2026-06-19T05:17:13.145Z</time></trkpt>
      <trkpt lat="39.270351" lon="114.677379"><time>2026-06-19T05:17:13.162Z</time></trkpt>
      <trkpt lat="39.27036" lon="114.677379"><time>2026-06-19T05:17:13.178Z</time></trkpt>
      <trkpt lat="39.27036" lon="114.677379"><time>2026-06-19T05:17:13.195Z</time></trkpt>
      <trkpt lat="39.27036" lon="114.677379"><time>2026-06-19T05:17:13.212Z</time></trkpt>
      <trkpt lat="39.27036" lon="114.677379"><time>2026-06-19T05:17:13.228Z</time></trkpt>
      <trkpt lat="39.27036" lon="114.677379"><time>2026-06-19T05:17:13.245Z</time></trkpt>
      <trkpt lat="39.27036" lon="114.677379"><time>2026-06-19T05:17:13.262Z</time></trkpt>
      <trkpt lat="39.270369" lon="114.677378"><time>2026-06-19T05:17:13.278Z</time></trkpt>
      <trkpt lat="39.270369" lon="114.677378"><time>2026-06-19T05:17:13.295Z</time></trkpt>
      <trkpt lat="39.270369" lon="114.677378"><time>2026-06-19T05:17:13.312Z</time></trkpt>
      <trkpt lat="39.270369" lon="114.677378"><time>2026-06-19T05:17:13.328Z</time></trkpt>
      <trkpt lat="39.270369" lon="114.677378"><time>2026-06-19T05:17:13.345Z</time></trkpt>
      <trkpt lat="39.270369" lon="114.677378"><time>2026-06-19T05:17:13.362Z</time></trkpt>
      <trkpt lat="39.270378" lon="114.677377"><time>2026-06-19T05:17:13.378Z</time></trkpt>
      <trkpt lat="39.270378" lon="114.677377"><time>2026-06-19T05:17:13.395Z</time></trkpt>
      <trkpt lat="39.270378" lon="114.677377"><time>2026-06-19T05:17:13.412Z</time></trkpt>
      <trkpt lat="39.270378" lon="114.677377"><time>2026-06-19T05:17:13.428Z</time></trkpt>
      <trkpt lat="39.270378" lon="114.677377"><time>2026-06-19T05:17:13.445Z</time></trkpt>
      <trkpt lat="39.270378" lon="114.677377"><time>2026-06-19T05:17:13.462Z</time></trkpt>
      <trkpt lat="39.270387" lon="114.677376"><time>2026-06-19T05:17:13.479Z</time></trkpt>
      <trkpt lat="39.270387" lon="114.677376"><time>2026-06-19T05:17:13.495Z</time></trkpt>
      <trkpt lat="39.270387" lon="114.677376"><time>2026-06-19T05:17:13.512Z</time></trkpt>
      <trkpt lat="39.270387" lon="114.677376"><time>2026-06-19T05:17:13.529Z</time></trkpt>
      <trkpt lat="39.270387" lon="114.677376"><time>2026-06-19T05:17:13.545Z</time></trkpt>
      <trkpt lat="39.270387" lon="114.677376"><time>2026-06-19T05:17:13.562Z</time></trkpt>
      <trkpt lat="39.270395" lon="114.677376"><time>2026-06-19T05:17:13.579Z</time></trkpt>
      <trkpt lat="39.270395" lon="114.677376"><time>2026-06-19T05:17:13.595Z</time></trkpt>
      <trkpt lat="39.270395" lon="114.677376"><time>2026-06-19T05:17:13.612Z</time></trkpt>
      <trkpt lat="39.270395" lon="114.677376"><time>2026-06-19T05:17:13.629Z</time></trkpt>
      <trkpt lat="39.270395" lon="114.677376"><time>2026-06-19T05:17:13.645Z</time></trkpt>
      <trkpt lat="39.270395" lon="114.677376"><time>2026-06-19T05:17:13.662Z</time></trkpt>
      <trkpt lat="39.270404" lon="114.677375"><time>2026-06-19T05:17:13.679Z</time></trkpt>
      <trkpt lat="39.270404" lon="114.677375"><time>2026-06-19T05:17:13.695Z</time></trkpt>
      <trkpt lat="39.270404" lon="114.677375"><time>2026-06-19T05:17:13.712Z</time></trkpt>
      <trkpt lat="39.270404" lon="114.677375"><time>2026-06-19T05:17:13.729Z</time></trkpt>
      <trkpt lat="39.270404" lon="114.677375"><time>2026-06-19T05:17:13.745Z</time></trkpt>
      <trkpt lat="39.270404" lon="114.677375"><time>2026-06-19T05:17:13.762Z</time></trkpt>
      <trkpt lat="39.270414" lon="114.677376"><time>2026-06-19T05:17:13.779Z</time></trkpt>
      <trkpt lat="39.270414" lon="114.677376"><time>2026-06-19T05:17:13.796Z</time></trkpt>
      <trkpt lat="39.270414" lon="114.677376"><time>2026-06-19T05:17:13.812Z</time></trkpt>
      <trkpt lat="39.270414" lon="114.677376"><time>2026-06-19T05:17:13.829Z</time></trkpt>
      <trkpt lat="39.270414" lon="114.677376"><time>2026-06-19T05:17:13.846Z</time></trkpt>
      <trkpt lat="39.270414" lon="114.677376"><time>2026-06-19T05:17:13.862Z</time></trkpt>
      <trkpt lat="39.270423" lon="114.677376"><time>2026-06-19T05:17:13.879Z</time></trkpt>
      <trkpt lat="39.270423" lon="114.677376"><time>2026-06-19T05:17:13.896Z</time></trkpt>
      <trkpt lat="39.270423" lon="114.677376"><time>2026-06-19T05:17:13.912Z</time></trkpt>
      <trkpt lat="39.270423" lon="114.677376"><time>2026-06-19T05:17:13.929Z</time></trkpt>
      <trkpt lat="39.270423" lon="114.677376"><time>2026-06-19T05:17:13.946Z</time></trkpt>
      <trkpt lat="39.270423" lon="114.677376"><time>2026-06-19T05:17:13.962Z</time></trkpt>
      <trkpt lat="39.270432" lon="114.677375"><time>2026-06-19T05:17:13.979Z</time></trkpt>
      <trkpt lat="39.270432" lon="114.677375"><time>2026-06-19T05:17:13.996Z</time></trkpt>
      <trkpt lat="39.270432" lon="114.677375"><time>2026-06-19T05:17:14.012Z</time></trkpt>
      <trkpt lat="39.270432" lon="114.677375"><time>2026-06-19T05:17:14.029Z</time></trkpt>
      <trkpt lat="39.270432" lon="114.677375"><time>2026-06-19T05:17:14.046Z</time></trkpt>
      <trkpt lat="39.270432" lon="114.677375"><time>2026-06-19T05:17:14.062Z</time></trkpt>
      <trkpt lat="39.27044" lon="114.677374"><time>2026-06-19T05:17:14.079Z</time></trkpt>
      <trkpt lat="39.27044" lon="114.677374"><time>2026-06-19T05:17:14.096Z</time></trkpt>
      <trkpt lat="39.27044" lon="114.677374"><time>2026-06-19T05:17:14.113Z</time></trkpt>
      <trkpt lat="39.27044" lon="114.677374"><time>2026-06-19T05:17:14.129Z</time></trkpt>
      <trkpt lat="39.27044" lon="114.677374"><time>2026-06-19T05:17:14.146Z</time></trkpt>
      <trkpt lat="39.27044" lon="114.677374"><time>2026-06-19T05:17:14.163Z</time></trkpt>
      <trkpt lat="39.270449" lon="114.677374"><time>2026-06-19T05:17:14.179Z</time></trkpt>
      <trkpt lat="39.270449" lon="114.677374"><time>2026-06-19T05:17:14.196Z</time></trkpt>
      <trkpt lat="39.270449" lon="114.677374"><time>2026-06-19T05:17:14.213Z</time></trkpt>
      <trkpt lat="39.270449" lon="114.677374"><time>2026-06-19T05:17:14.229Z</time></trkpt>
      <trkpt lat="39.270449" lon="114.677374"><time>2026-06-19T05:17:14.246Z</time></trkpt>
      <trkpt lat="39.270449" lon="114.677374"><time>2026-06-19T05:17:14.263Z</time></trkpt>
      <trkpt lat="39.270459" lon="114.677373"><time>2026-06-19T05:17:14.279Z</time></trkpt>
      <trkpt lat="39.270459" lon="114.677373"><time>2026-06-19T05:17:14.296Z</time></trkpt>
      <trkpt lat="39.270459" lon="114.677373"><time>2026-06-19T05:17:14.313Z</time></trkpt>
      <trkpt lat="39.270459" lon="114.677373"><time>2026-06-19T05:17:14.329Z</time></trkpt>
      <trkpt lat="39.270459" lon="114.677373"><time>2026-06-19T05:17:14.346Z</time></trkpt>
      <trkpt lat="39.270459" lon="114.677373"><time>2026-06-19T05:17:14.363Z</time></trkpt>
      <trkpt lat="39.270468" lon="114.677372"><time>2026-06-19T05:17:14.379Z</time></trkpt>
      <trkpt lat="39.270468" lon="114.677372"><time>2026-06-19T05:17:14.396Z</time></trkpt>
      <trkpt lat="39.270468" lon="114.677372"><time>2026-06-19T05:17:14.413Z</time></trkpt>
      <trkpt lat="39.270468" lon="114.677372"><time>2026-06-19T05:17:14.430Z</time></trkpt>
      <trkpt lat="39.270468" lon="114.677372"><time>2026-06-19T05:17:14.446Z</time></trkpt>
      <trkpt lat="39.270468" lon="114.677372"><time>2026-06-19T05:17:14.463Z</time></trkpt>
      <trkpt lat="39.270476" lon="114.677372"><time>2026-06-19T05:17:14.480Z</time></trkpt>
      <trkpt lat="39.270476" lon="114.677372"><time>2026-06-19T05:17:14.496Z</time></trkpt>
      <trkpt lat="39.270476" lon="114.677372"><time>2026-06-19T05:17:14.513Z</time></trkpt>
      <trkpt lat="39.270476" lon="114.677372"><time>2026-06-19T05:17:14.530Z</time></trkpt>
      <trkpt lat="39.270476" lon="114.677372"><time>2026-06-19T05:17:14.546Z</time></trkpt>
      <trkpt lat="39.270476" lon="114.677372"><time>2026-06-19T05:17:14.563Z</time></trkpt>
      <trkpt lat="39.270486" lon="114.677371"><time>2026-06-19T05:17:14.580Z</time></trkpt>
      <trkpt lat="39.270486" lon="114.677371"><time>2026-06-19T05:17:14.596Z</time></trkpt>
      <trkpt lat="39.270486" lon="114.677371"><time>2026-06-19T05:17:14.613Z</time></trkpt>
      <trkpt lat="39.270486" lon="114.677371"><time>2026-06-19T05:17:14.630Z</time></trkpt>
      <trkpt lat="39.270486" lon="114.677371"><time>2026-06-19T05:17:14.646Z</time></trkpt>
      <trkpt lat="39.270486" lon="114.677371"><time>2026-06-19T05:17:14.663Z</time></trkpt>
      <trkpt lat="39.270495" lon="114.67737"><time>2026-06-19T05:17:14.680Z</time></trkpt>
      <trkpt lat="39.270495" lon="114.67737"><time>2026-06-19T05:17:14.696Z</time></trkpt>
      <trkpt lat="39.270495" lon="114.67737"><time>2026-06-19T05:17:14.713Z</time></trkpt>
      <trkpt lat="39.270495" lon="114.67737"><time>2026-06-19T05:17:14.730Z</time></trkpt>
      <trkpt lat="39.270495" lon="114.67737"><time>2026-06-19T05:17:14.747Z</time></trkpt>
      <trkpt lat="39.270495" lon="114.67737"><time>2026-06-19T05:17:14.763Z</time></trkpt>
      <trkpt lat="39.270504" lon="114.67737"><time>2026-06-19T05:17:14.780Z</time></trkpt>
      <trkpt lat="39.270504" lon="114.67737"><time>2026-06-19T05:17:14.797Z</time></trkpt>
      <trkpt lat="39.270504" lon="114.67737"><time>2026-06-19T05:17:14.813Z</time></trkpt>
      <trkpt lat="39.270504" lon="114.67737"><time>2026-06-19T05:17:14.830Z</time></trkpt>
      <trkpt lat="39.270504" lon="114.67737"><time>2026-06-19T05:17:14.847Z</time></trkpt>
      <trkpt lat="39.270504" lon="114.67737"><time>2026-06-19T05:17:14.863Z</time></trkpt>
      <trkpt lat="39.270513" lon="114.677369"><time>2026-06-19T05:17:14.880Z</time></trkpt>
      <trkpt lat="39.270513" lon="114.677369"><time>2026-06-19T05:17:14.897Z</time></trkpt>
      <trkpt lat="39.270513" lon="114.677369"><time>2026-06-19T05:17:14.913Z</time></trkpt>
      <trkpt lat="39.270513" lon="114.677369"><time>2026-06-19T05:17:14.930Z</time></trkpt>
      <trkpt lat="39.270513" lon="114.677369"><time>2026-06-19T05:17:14.947Z</time></trkpt>
      <trkpt lat="39.270513" lon="114.677369"><time>2026-06-19T05:17:14.963Z</time></trkpt>
      <trkpt lat="39.270521" lon="114.677368"><time>2026-06-19T05:17:14.980Z</time></trkpt>
      <trkpt lat="39.270521" lon="114.677368"><time>2026-06-19T05:17:14.997Z</time></trkpt>
      <trkpt lat="39.270521" lon="114.677368"><time>2026-06-19T05:17:15.013Z</time></trkpt>
      <trkpt lat="39.270521" lon="114.677368"><time>2026-06-19T05:17:15.030Z</time></trkpt>
      <trkpt lat="39.270521" lon="114.677368"><time>2026-06-19T05:17:15.047Z</time></trkpt>
      <trkpt lat="39.270521" lon="114.677368"><time>2026-06-19T05:17:15.064Z</time></trkpt>
      <trkpt lat="39.27053" lon="114.677368"><time>2026-06-19T05:17:15.080Z</time></trkpt>
      <trkpt lat="39.27053" lon="114.677368"><time>2026-06-19T05:17:15.097Z</time></trkpt>
      <trkpt lat="39.27053" lon="114.677368"><time>2026-06-19T05:17:15.114Z</time></trkpt>
      <trkpt lat="39.27053" lon="114.677368"><time>2026-06-19T05:17:15.130Z</time></trkpt>
      <trkpt lat="39.27053" lon="114.677368"><time>2026-06-19T05:17:15.147Z</time></trkpt>
      <trkpt lat="39.27053" lon="114.677368"><time>2026-06-19T05:17:15.164Z</time></trkpt>
      <trkpt lat="39.270539" lon="114.677367"><time>2026-06-19T05:17:15.180Z</time></trkpt>
      <trkpt lat="39.270539" lon="114.677367"><time>2026-06-19T05:17:15.197Z</time></trkpt>
      <trkpt lat="39.270539" lon="114.677367"><time>2026-06-19T05:17:15.214Z</time></trkpt>
      <trkpt lat="39.270539" lon="114.677367"><time>2026-06-19T05:17:15.230Z</time></trkpt>
      <trkpt lat="39.270539" lon="114.677367"><time>2026-06-19T05:17:15.247Z</time></trkpt>
      <trkpt lat="39.270539" lon="114.677367"><time>2026-06-19T05:17:15.264Z</time></trkpt>
      <trkpt lat="39.270548" lon="114.677366"><time>2026-06-19T05:17:15.280Z</time></trkpt>
      <trkpt lat="39.270548" lon="114.677366"><time>2026-06-19T05:17:15.297Z</time></trkpt>
      <trkpt lat="39.270548" lon="114.677366"><time>2026-06-19T05:17:15.314Z</time></trkpt>
      <trkpt lat="39.270548" lon="114.677366"><time>2026-06-19T05:17:15.330Z</time></trkpt>
      <trkpt lat="39.270548" lon="114.677366"><time>2026-06-19T05:17:15.347Z</time></trkpt>
      <trkpt lat="39.270548" lon="114.677366"><time>2026-06-19T05:17:15.364Z</time></trkpt>
      <trkpt lat="39.270557" lon="114.677365"><time>2026-06-19T05:17:15.381Z</time></trkpt>
      <trkpt lat="39.270557" lon="114.677365"><time>2026-06-19T05:17:15.397Z</time></trkpt>
      <trkpt lat="39.270557" lon="114.677365"><time>2026-06-19T05:17:15.414Z</time></trkpt>
      <trkpt lat="39.270557" lon="114.677365"><time>2026-06-19T05:17:15.431Z</time></trkpt>
      <trkpt lat="39.270557" lon="114.677365"><time>2026-06-19T05:17:15.447Z</time></trkpt>
      <trkpt lat="39.270557" lon="114.677365"><time>2026-06-19T05:17:15.464Z</time></trkpt>
      <trkpt lat="39.270566" lon="114.677364"><time>2026-06-19T05:17:15.481Z</time></trkpt>
      <trkpt lat="39.270566" lon="114.677364"><time>2026-06-19T05:17:15.497Z</time></trkpt>
      <trkpt lat="39.270566" lon="114.677364"><time>2026-06-19T05:17:15.514Z</time></trkpt>
      <trkpt lat="39.270566" lon="114.677364"><time>2026-06-19T05:17:15.531Z</time></trkpt>
      <trkpt lat="39.270566" lon="114.677364"><time>2026-06-19T05:17:15.547Z</time></trkpt>
      <trkpt lat="39.270566" lon="114.677364"><time>2026-06-19T05:17:15.564Z</time></trkpt>
      <trkpt lat="39.270575" lon="114.677364"><time>2026-06-19T05:17:15.581Z</time></trkpt>
      <trkpt lat="39.270575" lon="114.677364"><time>2026-06-19T05:17:15.597Z</time></trkpt>
      <trkpt lat="39.270575" lon="114.677364"><time>2026-06-19T05:17:15.614Z</time></trkpt>
      <trkpt lat="39.270575" lon="114.677364"><time>2026-06-19T05:17:15.631Z</time></trkpt>
      <trkpt lat="39.270575" lon="114.677364"><time>2026-06-19T05:17:15.647Z</time></trkpt>
      <trkpt lat="39.270575" lon="114.677364"><time>2026-06-19T05:17:15.664Z</time></trkpt>
      <trkpt lat="39.270584" lon="114.677363"><time>2026-06-19T05:17:15.681Z</time></trkpt>
      <trkpt lat="39.270584" lon="114.677363"><time>2026-06-19T05:17:15.698Z</time></trkpt>
      <trkpt lat="39.270584" lon="114.677363"><time>2026-06-19T05:17:15.714Z</time></trkpt>
      <trkpt lat="39.270584" lon="114.677363"><time>2026-06-19T05:17:15.731Z</time></trkpt>
      <trkpt lat="39.270584" lon="114.677363"><time>2026-06-19T05:17:15.748Z</time></trkpt>
      <trkpt lat="39.270584" lon="114.677363"><time>2026-06-19T05:17:15.764Z</time></trkpt>
      <trkpt lat="39.270593" lon="114.677362"><time>2026-06-19T05:17:15.781Z</time></trkpt>
      <trkpt lat="39.270593" lon="114.677362"><time>2026-06-19T05:17:15.798Z</time></trkpt>
      <trkpt lat="39.270593" lon="114.677362"><time>2026-06-19T05:17:15.814Z</time></trkpt>
      <trkpt lat="39.270593" lon="114.677362"><time>2026-06-19T05:17:15.831Z</time></trkpt>
      <trkpt lat="39.270593" lon="114.677362"><time>2026-06-19T05:17:15.848Z</time></trkpt>
      <trkpt lat="39.270593" lon="114.677362"><time>2026-06-19T05:17:15.864Z</time></trkpt>
      <trkpt lat="39.270602" lon="114.677362"><time>2026-06-19T05:17:15.881Z</time></trkpt>
      <trkpt lat="39.270602" lon="114.677362"><time>2026-06-19T05:17:15.898Z</time></trkpt>
      <trkpt lat="39.270602" lon="114.677362"><time>2026-06-19T05:17:15.914Z</time></trkpt>
      <trkpt lat="39.270602" lon="114.677362"><time>2026-06-19T05:17:15.931Z</time></trkpt>
      <trkpt lat="39.270602" lon="114.677362"><time>2026-06-19T05:17:15.948Z</time></trkpt>
      <trkpt lat="39.270602" lon="114.677362"><time>2026-06-19T05:17:15.964Z</time></trkpt>
      <trkpt lat="39.270611" lon="114.677361"><time>2026-06-19T05:17:15.981Z</time></trkpt>
      <trkpt lat="39.270611" lon="114.677361"><time>2026-06-19T05:17:15.998Z</time></trkpt>
      <trkpt lat="39.270611" lon="114.677361"><time>2026-06-19T05:17:16.015Z</time></trkpt>
      <trkpt lat="39.270611" lon="114.677361"><time>2026-06-19T05:17:16.031Z</time></trkpt>
      <trkpt lat="39.270611" lon="114.677361"><time>2026-06-19T05:17:16.048Z</time></trkpt>
      <trkpt lat="39.270611" lon="114.677361"><time>2026-06-19T05:17:16.065Z</time></trkpt>
      <trkpt lat="39.27062" lon="114.67736"><time>2026-06-19T05:17:16.081Z</time></trkpt>
      <trkpt lat="39.27062" lon="114.67736"><time>2026-06-19T05:17:16.098Z</time></trkpt>
      <trkpt lat="39.27062" lon="114.67736"><time>2026-06-19T05:17:16.115Z</time></trkpt>
      <trkpt lat="39.27062" lon="114.67736"><time>2026-06-19T05:17:16.131Z</time></trkpt>
      <trkpt lat="39.27062" lon="114.67736"><time>2026-06-19T05:17:16.148Z</time></trkpt>
      <trkpt lat="39.27062" lon="114.67736"><time>2026-06-19T05:17:16.165Z</time></trkpt>
      <trkpt lat="39.270629" lon="114.677359"><time>2026-06-19T05:17:16.181Z</time></trkpt>
      <trkpt lat="39.270629" lon="114.677359"><time>2026-06-19T05:17:16.198Z</time></trkpt>
      <trkpt lat="39.270629" lon="114.677359"><time>2026-06-19T05:17:16.215Z</time></trkpt>
      <trkpt lat="39.270629" lon="114.677359"><time>2026-06-19T05:17:16.231Z</time></trkpt>
      <trkpt lat="39.270629" lon="114.677359"><time>2026-06-19T05:17:16.248Z</time></trkpt>
      <trkpt lat="39.270629" lon="114.677359"><time>2026-06-19T05:17:16.265Z</time></trkpt>
      <trkpt lat="39.270638" lon="114.677359"><time>2026-06-19T05:17:16.281Z</time></trkpt>
      <trkpt lat="39.270638" lon="114.677359"><time>2026-06-19T05:17:16.298Z</time></trkpt>
      <trkpt lat="39.270638" lon="114.677359"><time>2026-06-19T05:17:16.315Z</time></trkpt>
      <trkpt lat="39.270638" lon="114.677359"><time>2026-06-19T05:17:16.332Z</time></trkpt>
      <trkpt lat="39.270638" lon="114.677359"><time>2026-06-19T05:17:16.348Z</time></trkpt>
      <trkpt lat="39.270638" lon="114.677359"><time>2026-06-19T05:17:16.365Z</time></trkpt>
      <trkpt lat="39.270647" lon="114.677358"><time>2026-06-19T05:17:16.382Z</time></trkpt>
      <trkpt lat="39.270647" lon="114.677358"><time>2026-06-19T05:17:16.398Z</time></trkpt>
      <trkpt lat="39.270647" lon="114.677358"><time>2026-06-19T05:17:16.415Z</time></trkpt>
      <trkpt lat="39.270647" lon="114.677358"><time>2026-06-19T05:17:16.432Z</time></trkpt>
      <trkpt lat="39.270647" lon="114.677358"><time>2026-06-19T05:17:16.448Z</time></trkpt>
      <trkpt lat="39.270647" lon="114.677358"><time>2026-06-19T05:17:16.465Z</time></trkpt>
      <trkpt lat="39.270656" lon="114.677357"><time>2026-06-19T05:17:16.482Z</time></trkpt>
      <trkpt lat="39.270656" lon="114.677357"><time>2026-06-19T05:17:16.498Z</time></trkpt>
      <trkpt lat="39.270656" lon="114.677357"><time>2026-06-19T05:17:16.515Z</time></trkpt>
      <trkpt lat="39.270656" lon="114.677357"><time>2026-06-19T05:17:16.532Z</time></trkpt>
      <trkpt lat="39.270656" lon="114.677357"><time>2026-06-19T05:17:16.548Z</time></trkpt>
      <trkpt lat="39.270656" lon="114.677357"><time>2026-06-19T05:17:16.565Z</time></trkpt>
      <trkpt lat="39.270665" lon="114.677357"><time>2026-06-19T05:17:16.582Z</time></trkpt>
      <trkpt lat="39.270665" lon="114.677357"><time>2026-06-19T05:17:16.598Z</time></trkpt>
      <trkpt lat="39.270665" lon="114.677357"><time>2026-06-19T05:17:16.615Z</time></trkpt>
      <trkpt lat="39.270665" lon="114.677357"><time>2026-06-19T05:17:16.632Z</time></trkpt>
      <trkpt lat="39.270665" lon="114.677357"><time>2026-06-19T05:17:16.649Z</time></trkpt>
      <trkpt lat="39.270665" lon="114.677357"><time>2026-06-19T05:17:16.665Z</time></trkpt>
      <trkpt lat="39.270673" lon="114.677356"><time>2026-06-19T05:17:16.682Z</time></trkpt>
      <trkpt lat="39.270673" lon="114.677356"><time>2026-06-19T05:17:16.699Z</time></trkpt>
      <trkpt lat="39.270673" lon="114.677356"><time>2026-06-19T05:17:16.715Z</time></trkpt>
      <trkpt lat="39.270673" lon="114.677356"><time>2026-06-19T05:17:16.732Z</time></trkpt>
      <trkpt lat="39.270673" lon="114.677356"><time>2026-06-19T05:17:16.749Z</time></trkpt>
      <trkpt lat="39.270673" lon="114.677356"><time>2026-06-19T05:17:16.765Z</time></trkpt>
      <trkpt lat="39.270682" lon="114.677356"><time>2026-06-19T05:17:16.782Z</time></trkpt>
      <trkpt lat="39.270682" lon="114.677356"><time>2026-06-19T05:17:16.799Z</time></trkpt>
      <trkpt lat="39.270682" lon="114.677356"><time>2026-06-19T05:17:16.815Z</time></trkpt>
      <trkpt lat="39.270682" lon="114.677356"><time>2026-06-19T05:17:16.832Z</time></trkpt>
      <trkpt lat="39.270682" lon="114.677356"><time>2026-06-19T05:17:16.849Z</time></trkpt>
      <trkpt lat="39.270682" lon="114.677356"><time>2026-06-19T05:17:16.865Z</time></trkpt>
      <trkpt lat="39.270691" lon="114.677355"><time>2026-06-19T05:17:16.882Z</time></trkpt>
      <trkpt lat="39.270691" lon="114.677355"><time>2026-06-19T05:17:16.899Z</time></trkpt>
      <trkpt lat="39.270691" lon="114.677355"><time>2026-06-19T05:17:16.915Z</time></trkpt>
      <trkpt lat="39.270691" lon="114.677355"><time>2026-06-19T05:17:16.932Z</time></trkpt>
      <trkpt lat="39.270691" lon="114.677355"><time>2026-06-19T05:17:16.949Z</time></trkpt>
      <trkpt lat="39.270691" lon="114.677355"><time>2026-06-19T05:17:16.966Z</time></trkpt>
      <trkpt lat="39.2707" lon="114.677354"><time>2026-06-19T05:17:16.982Z</time></trkpt>
      <trkpt lat="39.2707" lon="114.677354"><time>2026-06-19T05:17:16.999Z</time></trkpt>
      <trkpt lat="39.2707" lon="114.677354"><time>2026-06-19T05:17:17.016Z</time></trkpt>
      <trkpt lat="39.2707" lon="114.677354"><time>2026-06-19T05:17:17.032Z</time></trkpt>
      <trkpt lat="39.2707" lon="114.677354"><time>2026-06-19T05:17:17.049Z</time></trkpt>
      <trkpt lat="39.2707" lon="114.677354"><time>2026-06-19T05:17:17.066Z</time></trkpt>
      <trkpt lat="39.270709" lon="114.677354"><time>2026-06-19T05:17:17.082Z</time></trkpt>
      <trkpt lat="39.270709" lon="114.677354"><time>2026-06-19T05:17:17.099Z</time></trkpt>
      <trkpt lat="39.270709" lon="114.677354"><time>2026-06-19T05:17:17.116Z</time></trkpt>
      <trkpt lat="39.270709" lon="114.677354"><time>2026-06-19T05:17:17.132Z</time></trkpt>
      <trkpt lat="39.270709" lon="114.677354"><time>2026-06-19T05:17:17.149Z</time></trkpt>
      <trkpt lat="39.270709" lon="114.677354"><time>2026-06-19T05:17:17.166Z</time></trkpt>
      <trkpt lat="39.270718" lon="114.677353"><time>2026-06-19T05:17:17.182Z</time></trkpt>
      <trkpt lat="39.270718" lon="114.677353"><time>2026-06-19T05:17:17.199Z</time></trkpt>
      <trkpt lat="39.270718" lon="114.677353"><time>2026-06-19T05:17:17.216Z</time></trkpt>
      <trkpt lat="39.270718" lon="114.677353"><time>2026-06-19T05:17:17.232Z</time></trkpt>
      <trkpt lat="39.270718" lon="114.677353"><time>2026-06-19T05:17:17.249Z</time></trkpt>
      <trkpt lat="39.270718" lon="114.677353"><time>2026-06-19T05:17:17.266Z</time></trkpt>
      <trkpt lat="39.270727" lon="114.677352"><time>2026-06-19T05:17:17.283Z</time></trkpt>
      <trkpt lat="39.270727" lon="114.677352"><time>2026-06-19T05:17:17.299Z</time></trkpt>
      <trkpt lat="39.270727" lon="114.677352"><time>2026-06-19T05:17:17.316Z</time></trkpt>
      <trkpt lat="39.270727" lon="114.677352"><time>2026-06-19T05:17:17.333Z</time></trkpt>
      <trkpt lat="39.270727" lon="114.677352"><time>2026-06-19T05:17:17.349Z</time></trkpt>
      <trkpt lat="39.270727" lon="114.677352"><time>2026-06-19T05:17:17.366Z</time></trkpt>
      <trkpt lat="39.270737" lon="114.677351"><time>2026-06-19T05:17:17.383Z</time></trkpt>
      <trkpt lat="39.270737" lon="114.677351"><time>2026-06-19T05:17:17.399Z</time></trkpt>
      <trkpt lat="39.270737" lon="114.677351"><time>2026-06-19T05:17:17.416Z</time></trkpt>
      <trkpt lat="39.270737" lon="114.677351"><time>2026-06-19T05:17:17.433Z</time></trkpt>
      <trkpt lat="39.270737" lon="114.677351"><time>2026-06-19T05:17:17.449Z</time></trkpt>
      <trkpt lat="39.270737" lon="114.677351"><time>2026-06-19T05:17:17.466Z</time></trkpt>
      <trkpt lat="39.270745" lon="114.677351"><time>2026-06-19T05:17:17.483Z</time></trkpt>
      <trkpt lat="39.270745" lon="114.677351"><time>2026-06-19T05:17:17.499Z</time></trkpt>
      <trkpt lat="39.270745" lon="114.677351"><time>2026-06-19T05:17:17.516Z</time></trkpt>
      <trkpt lat="39.270745" lon="114.677351"><time>2026-06-19T05:17:17.533Z</time></trkpt>
      <trkpt lat="39.270745" lon="114.677351"><time>2026-06-19T05:17:17.549Z</time></trkpt>
      <trkpt lat="39.270745" lon="114.677351"><time>2026-06-19T05:17:17.566Z</time></trkpt>
      <trkpt lat="39.270754" lon="114.67735"><time>2026-06-19T05:17:17.583Z</time></trkpt>
      <trkpt lat="39.270754" lon="114.67735"><time>2026-06-19T05:17:17.600Z</time></trkpt>
      <trkpt lat="39.270754" lon="114.67735"><time>2026-06-19T05:17:17.616Z</time></trkpt>
      <trkpt lat="39.270754" lon="114.67735"><time>2026-06-19T05:17:17.633Z</time></trkpt>
      <trkpt lat="39.270754" lon="114.67735"><time>2026-06-19T05:17:17.650Z</time></trkpt>
      <trkpt lat="39.270754" lon="114.67735"><time>2026-06-19T05:17:17.666Z</time></trkpt>
      <trkpt lat="39.270764" lon="114.677349"><time>2026-06-19T05:17:17.683Z</time></trkpt>
      <trkpt lat="39.270764" lon="114.677349"><time>2026-06-19T05:17:17.700Z</time></trkpt>
      <trkpt lat="39.270764" lon="114.677349"><time>2026-06-19T05:17:17.716Z</time></trkpt>
      <trkpt lat="39.270764" lon="114.677349"><time>2026-06-19T05:17:17.733Z</time></trkpt>
      <trkpt lat="39.270764" lon="114.677349"><time>2026-06-19T05:17:17.750Z</time></trkpt>
      <trkpt lat="39.270764" lon="114.677349"><time>2026-06-19T05:17:17.766Z</time></trkpt>
      <trkpt lat="39.270773" lon="114.677349"><time>2026-06-19T05:17:17.783Z</time></trkpt>
      <trkpt lat="39.270773" lon="114.677349"><time>2026-06-19T05:17:17.800Z</time></trkpt>
      <trkpt lat="39.270773" lon="114.677349"><time>2026-06-19T05:17:17.816Z</time></trkpt>
      <trkpt lat="39.270773" lon="114.677349"><time>2026-06-19T05:17:17.833Z</time></trkpt>
      <trkpt lat="39.270773" lon="114.677349"><time>2026-06-19T05:17:17.850Z</time></trkpt>
      <trkpt lat="39.270773" lon="114.677349"><time>2026-06-19T05:17:17.866Z</time></trkpt>
      <trkpt lat="39.270782" lon="114.677348"><time>2026-06-19T05:17:17.883Z</time></trkpt>
      <trkpt lat="39.270782" lon="114.677348"><time>2026-06-19T05:17:17.900Z</time></trkpt>
      <trkpt lat="39.270782" lon="114.677348"><time>2026-06-19T05:17:17.917Z</time></trkpt>
      <trkpt lat="39.270782" lon="114.677348"><time>2026-06-19T05:17:17.933Z</time></trkpt>
      <trkpt lat="39.270782" lon="114.677348"><time>2026-06-19T05:17:17.950Z</time></trkpt>
      <trkpt lat="39.270782" lon="114.677348"><time>2026-06-19T05:17:17.967Z</time></trkpt>
      <trkpt lat="39.270791" lon="114.677347"><time>2026-06-19T05:17:17.983Z</time></trkpt>
      <trkpt lat="39.270791" lon="114.677347"><time>2026-06-19T05:17:18.000Z</time></trkpt>
      <trkpt lat="39.270791" lon="114.677347"><time>2026-06-19T05:17:18.017Z</time></trkpt>
      <trkpt lat="39.270791" lon="114.677347"><time>2026-06-19T05:17:18.033Z</time></trkpt>
      <trkpt lat="39.270791" lon="114.677347"><time>2026-06-19T05:17:18.050Z</time></trkpt>
      <trkpt lat="39.270791" lon="114.677347"><time>2026-06-19T05:17:18.067Z</time></trkpt>
      <trkpt lat="39.2708" lon="114.677346"><time>2026-06-19T05:17:18.083Z</time></trkpt>
      <trkpt lat="39.2708" lon="114.677346"><time>2026-06-19T05:17:18.100Z</time></trkpt>
      <trkpt lat="39.2708" lon="114.677346"><time>2026-06-19T05:17:18.117Z</time></trkpt>
      <trkpt lat="39.2708" lon="114.677346"><time>2026-06-19T05:17:18.133Z</time></trkpt>
      <trkpt lat="39.2708" lon="114.677346"><time>2026-06-19T05:17:18.150Z</time></trkpt>
      <trkpt lat="39.2708" lon="114.677346"><time>2026-06-19T05:17:18.167Z</time></trkpt>
      <trkpt lat="39.270808" lon="114.677345"><time>2026-06-19T05:17:18.183Z</time></trkpt>
      <trkpt lat="39.270808" lon="114.677345"><time>2026-06-19T05:17:18.200Z</time></trkpt>
      <trkpt lat="39.270808" lon="114.677345"><time>2026-06-19T05:17:18.217Z</time></trkpt>
      <trkpt lat="39.270808" lon="114.677345"><time>2026-06-19T05:17:18.234Z</time></trkpt>
      <trkpt lat="39.270808" lon="114.677345"><time>2026-06-19T05:17:18.250Z</time></trkpt>
      <trkpt lat="39.270808" lon="114.677345"><time>2026-06-19T05:17:18.267Z</time></trkpt>
      <trkpt lat="39.270817" lon="114.677345"><time>2026-06-19T05:17:18.284Z</time></trkpt>
      <trkpt lat="39.270817" lon="114.677345"><time>2026-06-19T05:17:18.300Z</time></trkpt>
      <trkpt lat="39.270817" lon="114.677345"><time>2026-06-19T05:17:18.317Z</time></trkpt>
      <trkpt lat="39.270817" lon="114.677345"><time>2026-06-19T05:17:18.334Z</time></trkpt>
      <trkpt lat="39.270817" lon="114.677345"><time>2026-06-19T05:17:18.350Z</time></trkpt>
      <trkpt lat="39.270817" lon="114.677345"><time>2026-06-19T05:17:18.367Z</time></trkpt>
      <trkpt lat="39.270826" lon="114.677344"><time>2026-06-19T05:17:18.384Z</time></trkpt>
      <trkpt lat="39.270826" lon="114.677344"><time>2026-06-19T05:17:18.400Z</time></trkpt>
      <trkpt lat="39.270826" lon="114.677344"><time>2026-06-19T05:17:18.417Z</time></trkpt>
      <trkpt lat="39.270826" lon="114.677344"><time>2026-06-19T05:17:18.434Z</time></trkpt>
      <trkpt lat="39.270826" lon="114.677344"><time>2026-06-19T05:17:18.450Z</time></trkpt>
      <trkpt lat="39.270826" lon="114.677344"><time>2026-06-19T05:17:18.467Z</time></trkpt>
      <trkpt lat="39.270836" lon="114.677343"><time>2026-06-19T05:17:18.484Z</time></trkpt>
      <trkpt lat="39.270836" lon="114.677343"><time>2026-06-19T05:17:18.500Z</time></trkpt>
      <trkpt lat="39.270836" lon="114.677343"><time>2026-06-19T05:17:18.517Z</time></trkpt>
      <trkpt lat="39.270836" lon="114.677343"><time>2026-06-19T05:17:18.534Z</time></trkpt>
      <trkpt lat="39.270836" lon="114.677343"><time>2026-06-19T05:17:18.551Z</time></trkpt>
      <trkpt lat="39.270836" lon="114.677343"><time>2026-06-19T05:17:18.567Z</time></trkpt>
      <trkpt lat="39.270845" lon="114.677342"><time>2026-06-19T05:17:18.584Z</time></trkpt>
      <trkpt lat="39.270845" lon="114.677342"><time>2026-06-19T05:17:18.601Z</time></trkpt>
      <trkpt lat="39.270845" lon="114.677342"><time>2026-06-19T05:17:18.617Z</time></trkpt>
      <trkpt lat="39.270845" lon="114.677342"><time>2026-06-19T05:17:18.634Z</time></trkpt>
      <trkpt lat="39.270845" lon="114.677342"><time>2026-06-19T05:17:18.651Z</time></trkpt>
      <trkpt lat="39.270845" lon="114.677342"><time>2026-06-19T05:17:18.667Z</time></trkpt>
      <trkpt lat="39.270854" lon="114.677341"><time>2026-06-19T05:17:18.684Z</time></trkpt>
      <trkpt lat="39.270854" lon="114.677341"><time>2026-06-19T05:17:18.701Z</time></trkpt>
      <trkpt lat="39.270854" lon="114.677341"><time>2026-06-19T05:17:18.717Z</time></trkpt>
      <trkpt lat="39.270854" lon="114.677341"><time>2026-06-19T05:17:18.734Z</time></trkpt>
      <trkpt lat="39.270854" lon="114.677341"><time>2026-06-19T05:17:18.751Z</time></trkpt>
      <trkpt lat="39.270854" lon="114.677341"><time>2026-06-19T05:17:18.767Z</time></trkpt>
      <trkpt lat="39.270863" lon="114.677341"><time>2026-06-19T05:17:18.784Z</time></trkpt>
      <trkpt lat="39.270863" lon="114.677341"><time>2026-06-19T05:17:18.801Z</time></trkpt>
      <trkpt lat="39.270863" lon="114.677341"><time>2026-06-19T05:17:18.817Z</time></trkpt>
      <trkpt lat="39.270863" lon="114.677341"><time>2026-06-19T05:17:18.834Z</time></trkpt>
      <trkpt lat="39.270863" lon="114.677341"><time>2026-06-19T05:17:18.851Z</time></trkpt>
      <trkpt lat="39.270863" lon="114.677341"><time>2026-06-19T05:17:18.868Z</time></trkpt>
      <trkpt lat="39.270871" lon="114.67734"><time>2026-06-19T05:17:18.884Z</time></trkpt>
      <trkpt lat="39.270871" lon="114.67734"><time>2026-06-19T05:17:18.901Z</time></trkpt>
      <trkpt lat="39.270871" lon="114.67734"><time>2026-06-19T05:17:18.918Z</time></trkpt>
      <trkpt lat="39.270871" lon="114.67734"><time>2026-06-19T05:17:18.934Z</time></trkpt>
      <trkpt lat="39.270871" lon="114.67734"><time>2026-06-19T05:17:18.951Z</time></trkpt>
      <trkpt lat="39.270871" lon="114.67734"><time>2026-06-19T05:17:18.968Z</time></trkpt>
      <trkpt lat="39.270879" lon="114.677339"><time>2026-06-19T05:17:18.984Z</time></trkpt>
      <trkpt lat="39.270879" lon="114.677339"><time>2026-06-19T05:17:19.001Z</time></trkpt>
      <trkpt lat="39.270879" lon="114.677339"><time>2026-06-19T05:17:19.018Z</time></trkpt>
      <trkpt lat="39.270879" lon="114.677339"><time>2026-06-19T05:17:19.034Z</time></trkpt>
      <trkpt lat="39.270879" lon="114.677339"><time>2026-06-19T05:17:19.051Z</time></trkpt>
      <trkpt lat="39.270879" lon="114.677339"><time>2026-06-19T05:17:19.068Z</time></trkpt>
      <trkpt lat="39.270887" lon="114.677338"><time>2026-06-19T05:17:19.084Z</time></trkpt>
      <trkpt lat="39.270887" lon="114.677338"><time>2026-06-19T05:17:19.101Z</time></trkpt>
      <trkpt lat="39.270887" lon="114.677338"><time>2026-06-19T05:17:19.118Z</time></trkpt>
      <trkpt lat="39.270887" lon="114.677338"><time>2026-06-19T05:17:19.134Z</time></trkpt>
    </trkseg>
  </trk>
</gpx>
